step,episode_count,avg_reward,avg_vmaf,avg_rebuffer_rate,episode_length
384,48,-229346.48,28.04,385.24,48
384,48,-139701.97,90.82,240.91,48
384,48,-51750.80,87.26,92.82,48
384,48,-78891.06,86.62,138.35,48
384,48,-35659.13,86.92,65.62,48
384,48,-96009.56,89.44,167.30,48
384,48,-14542.34,90.61,30.85,48
384,48,-30605.03,30.70,52.37,48
768,96,1093.51,86.61,4.07,48
768,96,-112413.38,86.51,194.60,48
768,96,-175912.29,90.73,301.74,48
768,96,-36677.98,31.85,61.97,48
768,96,-172501.25,30.67,290.27,48
768,96,-140968.54,88.39,242.52,48
768,96,-1489675158704371.75,26.75,2500000000304.21,48
768,96,-255510.24,88.18,434.69,48
1152,144,-220140.74,30.62,370.16,48
1152,144,-835.95,33.37,2.18,48
1152,144,-76892.17,28.71,129.55,48
1152,144,-105694.69,89.56,183.66,48
1152,144,-9320.52,87.12,21.54,48
1152,144,-49766.31,90.68,90.03,48
1152,144,-82517.47,87.10,144.37,48
1152,144,-28086.79,87.62,53.05,48
1536,192,-175463.11,32.56,295.41,48
1536,192,-159609.30,87.56,273.73,48
1536,192,-3537978501808350.00,90.80,5937500000536.44,48
1536,192,-1618.95,26.52,3.25,48
1536,192,-224400.44,32.71,377.47,48
1536,192,1444.17,85.02,3.53,48
1536,192,-1017.08,88.33,7.93,48
1536,192,-15288.27,89.15,31.97,48
1920,240,-36654.84,87.58,67.66,48
1920,240,-94734.22,31.11,159.78,48
1920,240,-82589.00,89.39,144.79,48
1920,240,-10531.39,87.55,23.71,48
1920,240,-100299.21,91.81,174.93,48
1920,240,-63501.11,90.49,113.10,48
1920,240,-74425.32,86.65,130.83,48
1920,240,-92789.26,28.98,156.15,48
2304,288,-9451.54,86.66,21.80,48
2304,288,-118160.67,90.14,204.58,48
2304,288,521.44,90.34,5.41,48
2304,288,2378.06,89.86,2.18,48
2304,288,-796.82,87.69,7.51,48
2304,288,-36270.95,86.83,66.72,48
2304,288,-42803.46,90.32,78.32,48
2304,288,-65338.86,88.04,115.58,48
2688,336,-130554.87,36.34,219.93,48
2688,336,-34831.60,88.70,64.52,48
2688,336,-539142.15,87.38,910.65,48
2688,336,-42234.33,90.60,77.42,48
2688,336,-65663.98,90.23,116.40,48
2688,336,-188828.46,90.57,323.31,48
2688,336,-618284.89,91.63,1043.94,48
2688,336,-52161.21,90.43,94.07,48
3072,384,-59953.94,88.43,106.65,48
3072,384,-74162.45,88.34,130.58,48
3072,384,-41819.13,87.51,76.11,48
3072,384,-99187.50,86.25,172.17,48
3072,384,-931046974244023.88,29.33,1562500000281.20,48
3072,384,-56085.29,84.15,99.83,48
3072,384,-108867.32,91.09,189.37,48
3072,384,-132714.75,91.30,229.14,48
3456,432,-248041.82,91.89,422.81,48
3456,432,-11257.28,89.48,25.24,48
3456,432,-19625.95,29.19,33.19,48
3456,432,-129465.99,89.72,223.54,48
3456,432,-61797.41,28.01,104.43,48
3456,432,-27290.72,26.04,46.45,48
3456,432,3571.07,89.23,0.39,48
3456,432,-195147.11,87.45,333.51,48
3840,480,-10628.48,89.73,24.13,48
3840,480,-94140.36,33.27,158.87,48
3840,480,-7448375792759669.00,88.91,12500000000247.48,48
3840,480,-123149.87,89.35,212.93,48
3840,480,-82287.61,34.76,139.22,48
3840,480,-21298.42,85.78,41.59,48
3840,480,-41329.01,89.16,75.42,48
3840,480,2351.19,89.78,2.55,48
4224,528,-181689.18,88.47,310.94,48
4224,528,-57042.71,30.06,96.20,48
4224,528,-39216.30,88.30,71.99,48
4224,528,-106167.81,88.67,184.42,48
4224,528,-102346.88,33.11,172.44,48
4224,528,-169942.64,35.72,286.41,48
4224,528,-25187.11,33.22,42.74,48
4224,528,-94036.14,89.83,164.08,48
4608,576,-7401.56,87.90,18.53,48
4608,576,-289171.09,88.99,491.37,48
4608,576,-128274.66,33.43,215.76,48
4608,576,-149203.83,91.50,256.92,48
4608,576,-103180.23,89.35,179.42,48
4608,576,-12999.53,87.49,27.71,48
4608,576,-61830.32,30.01,104.33,48
4608,576,-77362.20,92.69,136.50,48
4992,624,-127940.71,89.45,220.98,48
4992,624,-79526.28,31.67,133.90,48
4992,624,-42152.19,93.04,77.54,48
4992,624,-34069.93,29.54,57.86,48
4992,624,-81861.16,31.00,137.97,48
4992,624,-3537978501630358.00,88.19,5937500000237.36,48
4992,624,-125170.97,31.12,210.34,48
4992,624,-54839.05,90.17,98.56,48
5376,672,-1629.82,91.58,9.38,48
5376,672,-56985.66,89.85,102.08,48
5376,672,-43751.97,89.10,79.47,48
5376,672,-662201.84,89.90,1117.60,48
5376,672,-29036.57,89.80,54.93,48
5376,672,-513937.05,89.84,868.76,48
5376,672,-117184.14,89.00,202.87,48
5376,672,-257215.85,89.51,437.73,48
5760,720,-188838.32,90.25,323.21,48
5760,720,-67286.48,29.83,113.48,48
5760,720,-103781.66,30.86,174.82,48
5760,720,-36882.59,89.97,68.25,48
5760,720,-221439.77,33.96,372.98,48
5760,720,-34320.21,91.81,64.20,48
5760,720,-113353.40,27.12,191.04,48
5760,720,-190523.26,31.18,319.97,48
6144,768,-726949.56,32.09,1220.28,48
6144,768,-54208.40,36.28,91.62,48
6144,768,-87769.68,27.39,147.67,48
6144,768,-80474.93,86.11,140.91,48
6144,768,-139193.75,26.29,234.07,48
6144,768,-30369.25,89.81,57.30,48
6144,768,-21845.39,90.13,43.03,48
6144,768,-107413.60,89.40,186.57,48
6528,816,-90382.09,91.59,158.42,48
6528,816,-185375.19,88.75,317.21,48
6528,816,-21385.95,24.96,36.45,48
6528,816,-96019.18,90.36,167.55,48
6528,816,-7984.16,33.61,14.00,48
6528,816,-38321.03,30.27,64.75,48
6528,816,-1855.84,33.02,3.88,48
6528,816,-41904.65,87.90,76.62,48
6912,864,-19949.24,32.01,34.34,48
6912,864,-49736.56,91.67,90.18,48
6912,864,-66349.17,33.21,112.11,48
6912,864,-99609.85,32.41,168.08,48
6912,864,-4788.44,28.26,8.71,48
6912,864,-3537978501674911.00,32.60,5937500000306.97,48
6912,864,424.34,85.17,4.92,48
6912,864,-150948.12,31.43,254.14,48
7296,912,-799942.61,35.56,1343.15,48
7296,912,-21124.83,26.97,35.87,48
7296,912,-15751.05,92.46,33.09,48
7296,912,-147041.11,26.55,247.19,48
7296,912,-2086.51,27.52,4.01,48
7296,912,-84555.03,26.10,142.45,48
7296,912,-94759.81,91.89,165.58,48
7296,912,-214575.26,88.43,366.03,48
7680,960,-93636.06,86.70,162.96,48
7680,960,-10892.48,91.04,24.86,48
7680,960,-84657.60,30.86,142.67,48
7680,960,-82385.80,89.60,144.46,48
7680,960,-1550.54,87.42,8.57,48
7680,960,-81229.36,90.42,142.74,48
7680,960,-4108.75,88.26,12.94,48
7680,960,-186017.86,90.33,318.43,48
8064,1008,-464377.60,90.59,785.67,48
8064,1008,-7448375792786584.00,87.46,12500000000292.49,48
8064,1008,-152534.38,29.24,256.51,48
8064,1008,-98791.32,35.99,166.37,48
8064,1008,-111456.80,90.94,193.60,48
8064,1008,-570528.50,89.83,964.01,48
8064,1008,-93741.32,90.57,163.65,48
8064,1008,-11103.88,91.82,25.30,48
8448,1056,-93390.24,88.54,163.00,48
8448,1056,-40697.35,89.47,74.42,48
8448,1056,-28883.26,27.18,49.05,48
8448,1056,-75930.52,87.74,133.53,48
8448,1056,3726.31,89.56,0.00,48
8448,1056,-268367.83,33.45,451.03,48
8448,1056,-62057.05,88.53,110.32,48
8448,1056,-62482.69,90.33,111.20,48
8832,1104,-3416.37,26.54,6.30,48
8832,1104,-32654.54,92.21,61.61,48
8832,1104,-52601.87,88.84,94.34,48
8832,1104,-65787.29,87.20,116.09,48
8832,1104,-88633.05,92.02,155.42,48
8832,1104,-152291.64,35.83,256.45,48
8832,1104,-8274.35,88.89,20.28,48
8832,1104,1486.04,88.68,3.49,48
9216,1152,-630161.54,30.26,1058.24,48
9216,1152,-201958.24,88.28,345.15,48
9216,1152,-28704.45,92.61,54.95,48
9216,1152,-394155.09,27.74,661.79,48
9216,1152,-23801.47,31.93,40.89,48
9216,1152,665.83,32.44,0.00,48
9216,1152,-193573.56,89.33,330.92,48
9216,1152,-84320.59,90.83,148.10,48
9600,1200,-520557.40,30.07,874.36,48
9600,1200,-73073.86,28.38,123.10,48
9600,1200,-931046974236667.75,91.64,1562500000274.53,48
9600,1200,-4931.77,87.91,14.25,48
9600,1200,-130946.45,30.80,220.20,48
9600,1200,-92686.30,89.13,161.84,48
9600,1200,-59256.36,91.40,105.81,48
9600,1200,-6866.37,88.05,17.74,48
9984,1248,-58454.54,89.64,104.39,48
9984,1248,-63974.00,29.45,108.03,48
9984,1248,-119534.03,88.74,206.60,48
9984,1248,-26902.24,89.32,51.43,48
9984,1248,-8089.79,26.20,13.80,48
9984,1248,-11515.71,86.09,25.34,48
9984,1248,-14985.06,88.53,31.33,48
9984,1248,-87271.74,26.91,146.82,48
10368,1296,-50670.53,27.07,85.40,48
10368,1296,-148762.60,89.67,255.84,48
10368,1296,-22391.08,30.48,37.99,48
10368,1296,-54421.78,87.86,97.40,48
10368,1296,-21001.23,88.51,41.28,48
10368,1296,-8411.07,29.01,14.66,48
10368,1296,-3738.28,89.71,12.56,48
10368,1296,-198618.12,90.47,339.72,48
10752,1344,-63506.63,29.78,107.49,48
10752,1344,-139267.76,29.82,234.37,48
10752,1344,-58068.98,91.17,103.95,48
10752,1344,-141387.44,87.38,243.31,48
10752,1344,-122332.12,28.33,205.70,48
10752,1344,-23134.21,29.04,39.26,48
10752,1344,-11412.02,89.31,25.36,48
10752,1344,-71921.21,89.16,127.20,48
11136,1392,-217618.32,34.28,366.04,48
11136,1392,3043.31,87.79,0.78,48
11136,1392,-5629.76,89.05,15.87,48
11136,1392,-56548.06,30.35,95.68,48
11136,1392,-40159.42,91.08,73.93,48
11136,1392,-9478.32,88.46,21.97,48
11136,1392,-81507.79,91.97,143.41,48
11136,1392,-39432.15,30.68,66.71,48
11520,1440,-1489675158850812.50,88.24,2500000000555.99,48
11520,1440,-3324.69,29.90,6.28,48
11520,1440,-18608.78,32.56,31.93,48
11520,1440,-39923.67,89.65,73.34,48
11520,1440,-70414.09,89.60,124.50,48
11520,1440,-115561.40,87.69,200.01,48
11520,1440,-22165.29,30.87,37.79,48
11520,1440,-147945.60,33.64,249.26,48
11904,1488,3547.50,90.04,0.39,48
11904,1488,-154062.74,31.78,259.35,48
11904,1488,-2015.69,29.60,3.96,48
11904,1488,-56497.31,88.13,100.88,48
11904,1488,-23562.72,89.44,45.78,48
11904,1488,-59527.21,86.04,105.90,48
11904,1488,-81159.99,31.65,136.84,48
11904,1488,201.59,27.27,0.00,48
12288,1536,-45924.22,88.64,83.18,48
12288,1536,-113689.29,90.38,197.04,48
12288,1536,-115784.27,86.56,200.00,48
12288,1536,-59157.69,30.59,100.25,48
12288,1536,-110037.06,21.93,184.54,48
12288,1536,-37925.91,30.80,64.37,48
12288,1536,-809.83,32.06,2.46,48
12288,1536,-24807.49,87.27,47.45,48
12672,1584,-1489675158784042.50,88.59,2500000000444.06,48
12672,1584,-3537978501676614.00,93.79,5937500000315.92,48
12672,1584,-41149.92,30.58,69.91,48
12672,1584,-249183.92,90.79,424.68,48
12672,1584,-160830.36,37.21,271.01,48
12672,1584,-100098.45,89.70,174.25,48
12672,1584,-4935.88,89.26,14.60,48
12672,1584,-41397.55,26.66,70.19,48
13056,1632,-385629.91,89.35,653.32,48
13056,1632,-252126.85,87.30,429.24,48
13056,1632,-16709.66,85.68,33.93,48
13056,1632,-102630.33,91.10,178.64,48
13056,1632,-166371.01,31.51,279.47,48
13056,1632,-128248.14,86.40,220.85,48
13056,1632,-644978.04,88.43,1088.48,48
13056,1632,-2600.06,88.56,10.49,48
13440,1680,-22226.71,91.74,43.99,48
13440,1680,-93343.87,94.19,163.72,48
13440,1680,-12277.25,89.03,26.46,48
13440,1680,-64341.27,32.18,108.38,48
13440,1680,-5881.97,27.95,10.58,48
13440,1680,-100735.61,33.28,169.43,48
13440,1680,-20385.50,87.36,40.23,48
13440,1680,-60078.95,28.66,101.35,48
13824,1728,-14525.84,87.09,30.26,48
13824,1728,-68659.46,91.64,121.71,48
13824,1728,-28949.23,88.80,54.62,48
13824,1728,-20621.22,88.61,40.82,48
13824,1728,-24881.19,28.37,41.95,48
13824,1728,-35878.80,91.11,66.74,48
13824,1728,-30948.26,38.74,52.99,48
13824,1728,-223607.04,29.90,376.07,48
14208,1776,-100270.52,89.94,174.58,48
14208,1776,-255297.65,92.80,435.17,48
14208,1776,-24742.08,91.69,48.35,48
14208,1776,-19997.41,89.56,39.89,48
14208,1776,-160072.33,31.83,269.44,48
14208,1776,-22588.95,90.60,44.32,48
14208,1776,-277934.83,29.60,466.91,48
14208,1776,-48409.13,87.66,87.25,48
14592,1824,-44894.40,28.94,75.89,48
14592,1824,-148049.98,29.67,249.04,48
14592,1824,-210574.91,31.82,353.79,48
14592,1824,-64353.17,88.07,114.02,48
14592,1824,-88626.87,87.97,154.68,48
14592,1824,-105254.35,30.88,177.22,48
14592,1824,-33137.14,26.41,55.73,48
14592,1824,-128496.63,30.35,216.47,48
14976,1872,-203155.55,89.61,347.26,48
14976,1872,-418567.84,91.56,709.09,48
14976,1872,-7067.79,90.59,18.24,48
14976,1872,-17599.83,31.05,30.58,48
14976,1872,-79365.73,31.07,134.03,48
14976,1872,-106785.98,91.55,185.61,48
14976,1872,-10969.25,32.20,19.62,48
14976,1872,-30227.32,28.84,51.13,48
15360,1920,-64603.09,91.87,115.20,48
15360,1920,1283.75,91.35,4.34,48
15360,1920,-41654.96,87.42,75.62,48
15360,1920,-72485.87,27.28,122.28,48
15360,1920,-5458.49,21.54,9.52,48
15360,1920,-19251.81,32.37,33.19,48
15360,1920,-135997.11,90.34,234.64,48
15360,1920,-1620.72,28.08,3.37,48
15744,1968,-22709.59,90.35,44.54,48
15744,1968,-147394.31,89.50,253.60,48
15744,1968,-211160.70,89.85,360.80,48
15744,1968,-13901.86,89.43,29.55,48
15744,1968,-213407.74,32.40,358.76,48
15744,1968,-97723.07,86.52,169.70,48
15744,1968,2029.39,89.34,2.96,48
15744,1968,-81420.95,33.19,137.70,48
16128,2016,-15200.55,88.47,31.61,48
16128,2016,-47374.42,27.39,80.09,48
16128,2016,-79538.04,89.85,139.74,48
16128,2016,-83601.16,89.78,146.54,48
16128,2016,-230246.17,89.64,392.62,48
16128,2016,-15410.77,89.19,32.11,48
16128,2016,-4382.18,88.84,13.68,48
16128,2016,-56425.55,85.14,100.50,48
16512,2064,-526696.20,87.19,889.89,48
16512,2064,-80555.31,30.58,136.27,48
16512,2064,-115896.67,87.26,200.44,48
16512,2064,-80656.38,89.27,141.49,48
16512,2064,-77614.78,31.97,131.21,48
16512,2064,-56965.77,90.53,101.95,48
16512,2064,-81332.07,27.10,137.03,48
16512,2064,-694878.19,32.25,1166.78,48
16896,2112,781.62,86.31,4.48,48
16896,2112,-88141.62,89.73,154.12,48
16896,2112,-21746.13,90.77,43.06,48
16896,2112,-71664.59,91.94,126.92,48
16896,2112,-28270.17,34.92,48.82,48
16896,2112,-73536.20,88.93,129.70,48
16896,2112,-85034.89,86.73,148.53,48
16896,2112,-78162.43,31.68,132.04,48
17280,2160,-194202.70,90.93,332.29,48
17280,2160,-105431.81,32.49,177.72,48
17280,2160,-156152.50,89.57,268.29,48
17280,2160,-78612.27,90.43,138.28,48
17280,2160,-59511.95,88.75,106.09,48
17280,2160,549.23,87.64,5.23,48
17280,2160,-8452.94,31.10,15.22,48
17280,2160,-39690.49,88.47,72.80,48
17664,2208,-10590.70,91.56,24.37,48
17664,2208,-465677.18,88.71,787.57,48
17664,2208,-406823.79,92.27,689.48,48
17664,2208,-89343.97,32.05,150.81,48
17664,2208,-173407.54,87.44,297.01,48
17664,2208,-90808.58,30.34,153.15,48
17664,2208,-94352.39,30.70,159.07,48
17664,2208,-41418.69,86.64,75.50,48
18048,2256,-13580.46,90.00,29.11,48
18048,2256,-19866.99,90.67,39.86,48
18048,2256,-164535.82,86.67,282.01,48
18048,2256,-30837.10,88.72,57.86,48
18048,2256,-24263.52,90.84,47.01,48
18048,2256,-86564.68,30.97,145.80,48
18048,2256,-10858.16,26.66,18.76,48
18048,2256,-8194.98,88.09,19.76,48
18432,2304,-35495.65,90.06,65.84,48
18432,2304,-47473.08,89.75,85.96,48
18432,2304,-470007.34,85.63,794.35,48
18432,2304,3259.56,87.71,0.72,48
18432,2304,-9181.34,88.56,21.45,48
18432,2304,-7448375792853372.00,90.91,12500000000405.04,48
18432,2304,-1281.70,28.81,2.91,48
18432,2304,2848.31,86.56,1.21,48
18816,2352,-30733.99,86.38,57.61,48
18816,2352,-41030.35,88.97,74.90,48
18816,2352,-122488.70,91.52,212.13,48
18816,2352,-86519.12,89.99,151.41,48
18816,2352,-1489675158766773.50,33.04,2500000000409.79,48
18816,2352,-12447.69,30.01,21.52,48
18816,2352,-103871.86,32.04,175.20,48
18816,2352,-112393.73,90.01,194.97,48
19200,2400,-257868.59,89.36,439.07,48
19200,2400,-90328.69,88.47,157.77,48
19200,2400,-63432.38,88.82,112.62,48
19200,2400,-104452.07,90.15,181.59,48
19200,2400,-80427.37,88.11,141.13,48
19200,2400,-109664.56,90.10,190.48,48
19200,2400,-8384.54,27.84,14.68,48
19200,2400,-60050.13,89.74,107.17,48
19584,2448,-733.26,86.13,7.21,48
19584,2448,-931046974270983.12,30.51,1562500000326.28,48
19584,2448,-8322.19,88.17,20.10,48
19584,2448,-8738.09,88.25,20.82,48
19584,2448,-14209.69,29.31,24.47,48
19584,2448,3631.42,87.46,0.00,48
19584,2448,-143375.61,87.66,246.77,48
19584,2448,-7677.33,87.74,19.07,48
19968,2496,-7448375792913151.00,91.64,12500000000505.57,48
19968,2496,-168157.37,89.82,288.54,48
19968,2496,-131810.35,89.14,227.45,48
19968,2496,-253478.60,32.50,425.88,48
19968,2496,-32998.50,31.94,55.57,48
19968,2496,-86468.06,90.23,151.52,48
19968,2496,-102475.52,89.33,178.10,48
19968,2496,-7597.66,90.14,19.16,48
20352,2544,-164366.32,89.46,282.19,48
20352,2544,-557.05,87.79,7.25,48
20352,2544,-33628.16,33.68,57.49,48
20352,2544,-31766.74,30.12,53.97,48
20352,2544,-1861.12,27.88,3.65,48
20352,2544,-87916.31,89.17,153.71,48
20352,2544,-11463.63,33.01,19.95,48
20352,2544,-97375.85,86.13,169.60,48
20736,2592,-40003.27,34.41,67.87,48
20736,2592,-199111.15,32.49,334.90,48
20736,2592,-558626.40,91.91,944.09,48
20736,2592,-8199.16,92.39,20.59,48
20736,2592,-682962.08,32.45,1146.75,48
20736,2592,-142482.15,26.28,239.47,48
20736,2592,-69107.91,88.20,122.12,48
20736,2592,-32367.08,88.20,60.22,48
21120,2640,-95136.80,91.97,166.38,48
21120,2640,-199866.40,92.19,342.05,48
21120,2640,-72736.65,89.94,128.45,48
21120,2640,-40969.40,87.33,74.82,48
21120,2640,-16585.63,27.92,28.46,48
21120,2640,-191750.84,90.36,328.21,48
21120,2640,3037.81,90.90,1.38,48
21120,2640,-31223.43,30.07,53.25,48
21504,2688,-161635.16,28.68,271.43,48
21504,2688,-372418789787995.00,85.40,625000000269.54,48
21504,2688,-5952.14,30.71,10.64,48
21504,2688,-119299.02,33.63,200.58,48
21504,2688,-931046974348462.62,90.20,1562500000462.02,48
21504,2688,-25070.61,87.64,48.02,48
21504,2688,-64172.43,89.24,113.69,48
21504,2688,-238842.62,88.41,407.06,48
21888,2736,-127086.02,29.43,213.39,48
21888,2736,-3537978501675785.00,89.56,5937500000313.71,48
21888,2736,-7680.62,90.44,19.26,48
21888,2736,-113437.83,30.11,190.78,48
21888,2736,2362.94,87.73,2.15,48
21888,2736,-95425.33,32.42,160.79,48
21888,2736,-67321.12,90.21,119.34,48
21888,2736,-12842.09,88.86,27.85,48
22272,2784,-31760.43,90.13,59.58,48
22272,2784,-36493.97,88.65,67.48,48
22272,2784,-6927.81,30.22,12.25,48
22272,2784,-8407.23,85.40,19.98,48
22272,2784,-95822.81,88.20,166.93,48
22272,2784,-82570.89,88.99,144.75,48
22272,2784,-25952.19,30.33,44.11,48
22272,2784,-62382.96,87.10,110.68,48
22656,2832,-38384.80,89.22,70.56,48
22656,2832,-545.41,91.19,7.56,48
22656,2832,-98454.31,89.67,171.60,48
22656,2832,-30538.81,33.59,52.37,48
22656,2832,3435.64,85.41,0.10,48
22656,2832,-83958.97,89.85,147.30,48
22656,2832,-145244.56,31.43,244.48,48
22656,2832,-471977.55,87.24,797.93,48
23040,2880,-13957.54,88.36,29.63,48
23040,2880,-30474.03,87.26,57.22,48
23040,2880,-81538.38,89.04,143.15,48
23040,2880,-517.21,32.23,1.93,48
23040,2880,-86634.12,30.13,146.12,48
23040,2880,-79669.45,34.17,134.79,48
23040,2880,-3414.29,85.50,11.34,48
23040,2880,-176334.87,89.29,301.82,48
23424,2928,-23192.96,29.14,39.19,48
23424,2928,-48717.03,24.36,82.14,48
23424,2928,-39539.24,88.64,72.46,48
23424,2928,-111641.35,89.91,193.54,48
23424,2928,-236088.52,91.99,402.76,48
23424,2928,-117343.16,31.93,197.46,48
23424,2928,-221788.87,87.82,378.22,48
23424,2928,-41192.68,88.45,75.15,48
23808,2976,4121.25,93.24,0.02,48
23808,2976,-2867.76,25.71,5.51,48
23808,2976,-81969.83,93.59,144.45,48
23808,2976,-9722.48,87.99,22.45,48
23808,2976,-3221.78,90.41,11.82,48
23808,2976,-25946.14,89.15,49.86,48
23808,2976,3309.38,88.87,0.62,48
23808,2976,-51948.79,87.16,93.09,48
24192,3024,-2296582536187277.50,90.07,3854166666892.49,48
24192,3024,-731.56,87.74,7.15,48
24192,3024,-40464.72,88.96,74.09,48
24192,3024,-123199.43,88.88,212.80,48
24192,3024,-15654.88,91.54,32.91,48
24192,3024,-28658.21,30.55,48.75,48
24192,3024,-142035.52,87.02,244.14,48
24192,3024,-91538.92,90.91,160.25,48
24576,3072,-36104.19,88.39,66.88,48
24576,3072,-79817.08,90.74,140.30,48
24576,3072,-6340.31,28.66,11.54,48
24576,3072,-45768.07,88.77,83.08,48
24576,3072,-35809.03,26.72,60.81,48
24576,3072,-172808.22,88.10,296.04,48
24576,3072,-61225.73,88.88,108.97,48
24576,3072,-20369.98,91.03,40.66,48
24960,3120,-41066.97,88.29,75.06,48
24960,3120,-15504.90,89.40,32.36,48
24960,3120,-1489675158723195.00,91.41,2500000000342.18,48
24960,3120,-146273.65,91.09,251.99,48
24960,3120,-1489675158693086.50,88.90,2500000000291.51,48
24960,3120,-650762.88,89.56,1098.32,48
24960,3120,-68238.10,91.27,120.98,48
24960,3120,-3859.83,88.50,12.74,48
25344,3168,-2420.71,27.65,4.81,48
25344,3168,-372418789950979.12,91.13,625000000543.89,48
25344,3168,-28833.75,87.94,54.29,48
25344,3168,-26162.51,31.08,44.58,48
25344,3168,2385.58,91.69,2.70,48
25344,3168,171.33,31.15,0.84,48
25344,3168,-87648.03,91.48,153.73,48
25344,3168,-207562.16,33.09,349.04,48
25728,3216,-644146.50,91.18,1087.60,48
25728,3216,-25083.19,90.58,48.51,48
25728,3216,-5210.33,26.78,9.25,48
25728,3216,-687919.33,88.82,1160.71,48
25728,3216,-61477.02,88.64,109.20,48
25728,3216,-45530.14,90.31,82.78,48
25728,3216,-134505.25,89.69,232.12,48
25728,3216,-84857.37,88.21,148.44,48
26112,3264,3375.41,90.43,0.76,48
26112,3264,3103.06,87.75,0.74,48
26112,3264,-129043.70,88.65,222.46,48
26112,3264,34.96,87.02,6.09,48
26112,3264,-17089.44,90.34,35.19,48
26112,3264,-951.15,28.78,2.48,48
26112,3264,-24758.14,29.44,42.37,48
26112,3264,-233781.67,37.30,393.30,48
26496,3312,-388.20,89.60,6.97,48
26496,3312,-82641.08,88.94,144.97,48
26496,3312,-88839.03,35.61,150.54,48
26496,3312,-12727.23,91.59,27.97,48
26496,3312,-103076.12,89.62,179.16,48
26496,3312,3572.77,87.79,0.00,48
26496,3312,-36561.32,88.68,67.60,48
26496,3312,-53907.51,90.89,96.99,48
26880,3360,-239596.33,89.02,408.37,48
26880,3360,-11391.03,88.74,25.17,48
26880,3360,-9644.44,89.23,22.50,48
26880,3360,-102722.57,25.88,172.98,48
26880,3360,-64542.09,32.60,109.06,48
26880,3360,-6751.61,32.47,12.09,48
26880,3360,-65017.61,88.26,115.22,48
26880,3360,-483.83,88.59,6.95,48
27264,3408,-89326.41,89.73,156.27,48
27264,3408,-48644.25,89.90,87.91,48
27264,3408,-82590.26,88.51,144.63,48
27264,3408,-7448375792811909.00,87.20,12500000000335.03,48
27264,3408,-133438.79,34.16,224.89,48
27264,3408,-87756.74,33.65,148.03,48
27264,3408,-54415.60,87.33,97.38,48
27264,3408,-663901.62,91.15,1120.42,48
27648,3456,-241221.17,90.95,411.23,48
27648,3456,-5251.75,90.67,15.27,48
27648,3456,-4121.54,88.64,13.13,48
27648,3456,-86065.49,89.84,150.76,48
27648,3456,-62565.65,90.37,111.46,48
27648,3456,-34025.08,91.04,63.65,48
27648,3456,-21647.40,33.33,37.13,48
27648,3456,-30449.21,90.00,57.53,48
28032,3504,-28705.30,88.33,54.30,48
28032,3504,-35479.31,27.55,60.02,48
28032,3504,-251.23,86.36,6.31,48
28032,3504,-107954.75,88.93,187.45,48
28032,3504,-45848.46,87.47,82.85,48
28032,3504,-76306.85,27.69,128.79,48
28032,3504,-3269.43,89.33,11.62,48
28032,3504,-125220.73,86.94,215.76,48
28416,3552,-105987.90,89.40,184.17,48
28416,3552,-21066.68,90.69,41.91,48
28416,3552,-28115.97,89.80,53.46,48
28416,3552,-41558.97,28.71,70.35,48
28416,3552,-52660.27,90.97,94.84,48
28416,3552,-60113.14,88.75,106.97,48
28416,3552,-7448375792818705.00,88.97,12500000000346.80,48
28416,3552,-13348.95,90.26,28.87,48
28800,3600,-258423.21,34.08,434.60,48
28800,3600,-160845.86,24.80,270.13,48
28800,3600,-62741.99,90.10,111.77,48
28800,3600,-57083.94,91.23,102.30,48
28800,3600,-7641.90,89.24,19.22,48
28800,3600,-4633.36,85.57,13.37,48
28800,3600,-165154.89,28.93,277.66,48
28800,3600,-58168.72,32.27,98.41,48
29184,3648,-314469.16,91.57,534.31,48
29184,3648,-38231.06,28.59,64.95,48
29184,3648,-224638.82,35.26,378.21,48
29184,3648,-93646.38,33.48,157.67,48
29184,3648,-22579.10,30.52,38.76,48
29184,3648,-37483.51,30.07,63.69,48
29184,3648,-66915.18,34.55,113.00,48
29184,3648,-153564.17,90.25,263.94,48
29568,3696,-145800.28,89.12,251.01,48
29568,3696,-65541.63,26.81,110.32,48
29568,3696,-5188.15,88.75,14.71,48
29568,3696,-231113.39,37.96,388.70,48
29568,3696,-2966.03,25.25,5.63,48
29568,3696,-931046974241366.75,91.19,1562500000282.56,48
29568,3696,-30989.93,89.30,58.15,48
29568,3696,-12458.66,91.03,27.44,48
29952,3744,-159544.83,33.70,268.84,48
29952,3744,-34519.60,89.05,64.25,48
29952,3744,-7809.15,83.89,18.71,48
29952,3744,-81669.73,30.80,137.77,48
29952,3744,-50650.85,86.67,90.75,48
29952,3744,-147667.24,28.39,248.49,48
29952,3744,-31831.85,32.09,53.76,48
29952,3744,-3394.15,91.36,12.27,48
30336,3792,-2485.14,87.75,10.14,48
30336,3792,-115847.38,88.09,200.44,48
30336,3792,-6480.50,34.57,11.98,48
30336,3792,-3537978501751110.50,27.42,5937500000434.32,48
30336,3792,-62731.74,30.28,105.99,48
30336,3792,-37942.34,87.90,69.79,48
30336,3792,3217.48,87.12,0.60,48
30336,3792,-34009.85,89.97,63.40,48
30720,3840,-117410.20,88.35,203.32,48
30720,3840,-178450.54,90.74,305.89,48
30720,3840,-6384.20,89.01,17.03,48
30720,3840,-37533.74,89.64,69.27,48
30720,3840,-25442.62,33.74,43.62,48
30720,3840,-931046974253554.62,33.47,1562500000297.11,48
30720,3840,-116452.04,30.61,196.11,48
30720,3840,-263543.33,31.91,442.69,48
31104,3888,-16647.09,91.07,34.50,48
31104,3888,-121946.61,89.04,210.94,48
31104,3888,-48459.77,88.06,87.22,48
31104,3888,-2078.42,89.58,9.95,48
31104,3888,-66902.74,87.78,118.35,48
31104,3888,-8391.03,90.81,20.58,48
31104,3888,-92175.49,31.64,155.29,48
31104,3888,-115112.88,90.98,199.70,48
31488,3936,-683045.80,31.73,1147.04,48
31488,3936,-5123.50,29.40,9.11,48
31488,3936,-151087.54,89.36,259.74,48
31488,3936,-4173.49,88.93,13.17,48
31488,3936,-47312.79,29.65,80.05,48
31488,3936,-38518.04,30.58,65.48,48
31488,3936,-1489675158794283.25,28.38,2500000000455.19,48
31488,3936,-15777.80,87.17,32.65,48
31872,3984,-95013.55,88.65,165.59,48
31872,3984,-155239.86,87.41,266.62,48
31872,3984,-15774.33,32.58,27.19,48
31872,3984,-23503.81,28.31,40.02,48
31872,3984,-1575.23,30.44,3.01,48
31872,3984,-75432.50,88.85,132.95,48
31872,3984,-40188.13,89.78,73.71,48
31872,3984,-6776.55,31.71,12.31,48
32256,4032,-101014.17,89.10,175.57,48
32256,4032,-93313.53,30.03,157.16,48
32256,4032,-62606.31,85.81,110.75,48
32256,4032,-64351.05,88.12,114.07,48
32256,4032,-2296582536288730.50,89.10,3854166667062.64,48
32256,4032,-32518.19,89.38,60.71,48
32256,4032,-20313.44,90.32,40.67,48
32256,4032,-46315.35,92.48,84.56,48
32640,4080,-588907.03,90.32,994.57,48
32640,4080,-78885.25,90.74,138.89,48
32640,4080,-4831.84,89.64,14.37,48
32640,4080,-165831.15,88.92,284.48,48
32640,4080,-7607.08,90.95,19.41,48
32640,4080,-123249.65,28.34,207.50,48
32640,4080,-81226.04,88.57,142.29,48
32640,4080,-18478.27,32.76,31.83,48
33024,4128,-154343.66,32.64,259.64,48
33024,4128,-82844.16,91.85,145.66,48
33024,4128,-68294.49,91.18,121.25,48
33024,4128,-92819.41,33.62,156.28,48
33024,4128,-40239.21,34.10,68.76,48
33024,4128,-166092.03,85.68,284.36,48
33024,4128,-121743.12,88.16,210.40,48
33024,4128,3465.62,87.04,0.00,48
33408,4176,-9637.46,90.16,22.61,48
33408,4176,-226655.32,90.09,386.72,48
33408,4176,-17489.73,25.24,29.57,48
33408,4176,-3537978501760103.50,92.13,5937500000455.75,48
33408,4176,-25472.13,88.88,48.93,48
33408,4176,-28241.82,91.29,53.86,48
33408,4176,-98600.16,89.00,171.68,48
33408,4176,-198799.68,88.22,339.72,48
33792,4224,-37644.98,31.06,63.90,48
33792,4224,-68084.75,88.16,120.24,48
33792,4224,1600.31,88.96,3.53,48
33792,4224,-4602.45,90.95,14.30,48
33792,4224,-269162.41,91.04,458.24,48
33792,4224,-3313.71,24.86,5.97,48
33792,4224,-56836.07,88.40,101.36,48
33792,4224,-412152.12,91.29,698.23,48
34176,4272,-3537978501686480.50,85.80,5937500000331.36,48
34176,4272,-85408.90,29.85,144.03,48
34176,4272,-49061.76,88.17,88.30,48
34176,4272,-165788.69,28.31,278.61,48
34176,4272,-264397.45,29.84,444.39,48
34176,4272,-70683.42,89.13,124.81,48
34176,4272,-253350.31,90.81,431.68,48
34176,4272,-46749.08,91.21,84.84,48
34560,4320,-193182.67,33.37,324.76,48
34560,4320,-15403.96,32.79,26.74,48
34560,4320,-19711.33,31.16,33.91,48
34560,4320,-14815.86,32.56,25.68,48
34560,4320,-227414.12,92.49,388.39,48
34560,4320,-141458.99,87.76,243.56,48
34560,4320,-13288.17,28.24,22.74,48
34560,4320,-193029.20,91.33,330.48,48
34944,4368,-3537978501618336.00,25.46,5937500000211.71,48
34944,4368,-130289.36,91.21,225.21,48
34944,4368,-126720.52,86.72,218.47,48
34944,4368,-40358.71,88.43,73.89,48
34944,4368,-107239.66,24.59,180.13,48
34944,4368,-92137.51,87.83,160.68,48
34944,4368,-105777.96,87.52,183.47,48
34944,4368,-54.23,29.81,0.72,48
35328,4416,-7750.13,88.86,19.03,48
35328,4416,-4625.92,86.08,13.57,48
35328,4416,-21604.64,87.93,42.23,48
35328,4416,-17277.21,88.05,35.10,48
35328,4416,-225615.02,30.85,379.60,48
35328,4416,-146684.72,30.09,246.95,48
35328,4416,-56095.42,91.98,100.82,48
35328,4416,-167539.72,88.07,287.18,48
35712,4464,-155454.53,86.24,266.86,48
35712,4464,-72212.34,89.67,127.40,48
35712,4464,-253568.30,89.29,431.82,48
35712,4464,-52864.94,88.84,94.98,48
35712,4464,-176583.35,89.98,302.67,48
35712,4464,-11518.84,87.74,25.19,48
35712,4464,-28545.44,87.60,53.84,48
35712,4464,-12311.09,30.75,21.49,48
36096,4512,-90422.44,89.45,157.94,48
36096,4512,-6412.08,89.61,17.15,48
36096,4512,-2296582536242077.00,28.87,3854166666978.25,48
36096,4512,-104029.40,89.84,180.97,48
36096,4512,33.11,30.51,0.66,48
36096,4512,-501070.18,35.35,842.19,48
36096,4512,-22284.98,88.93,43.65,48
36096,4512,-52335.41,90.13,94.33,48
36480,4560,-285937.56,90.35,486.32,48
36480,4560,-9887.13,91.41,23.24,48
36480,4560,-38739.82,29.39,65.70,48
36480,4560,-129269.88,88.73,223.15,48
36480,4560,-23180.78,27.34,38.88,48
36480,4560,-60461.97,28.80,102.02,48
36480,4560,-2880.66,26.62,4.98,48
36480,4560,549.29,88.01,5.21,48
36864,4608,-65120.07,88.29,115.40,48
36864,4608,-122642.31,91.81,212.63,48
36864,4608,-30133.00,89.33,56.97,48
36864,4608,-258537.68,90.21,440.28,48
36864,4608,-73663.06,87.38,129.79,48
36864,4608,-68859.67,90.58,122.01,48
36864,4608,-123796.37,91.82,214.32,48
36864,4608,-109787.36,89.11,190.53,48
37248,4656,-372418789839798.38,88.82,625000000356.95,48
37248,4656,-23504.10,30.82,40.13,48
37248,4656,-92516.70,87.58,161.30,48
37248,4656,-89915.23,90.77,157.27,48
37248,4656,-7592.67,84.10,18.43,48
37248,4656,-68127.54,88.23,120.34,48
37248,4656,-109977.75,88.68,190.63,48
37248,4656,-185626.67,90.68,318.01,48
37632,4704,-16327.18,89.58,33.68,48
37632,4704,-29061.50,33.80,49.87,48
37632,4704,-91079.50,90.54,159.17,48
37632,4704,-2296582536185724.50,86.48,3854166666889.40,48
37632,4704,-4670.63,31.77,8.73,48
37632,4704,-93551.86,88.42,163.23,48
37632,4704,-7474.66,28.11,13.26,48
37632,4704,-84923.03,89.33,148.78,48
38016,4752,-44794.37,35.47,76.22,48
38016,4752,-86973.41,90.98,152.46,48
38016,4752,-40157.36,90.25,73.78,48
38016,4752,-87825.95,27.40,147.96,48
38016,4752,-7448375792818264.00,93.15,12500000000346.53,48
38016,4752,-39552.18,28.40,66.91,48
38016,4752,3484.17,85.62,0.00,48
38016,4752,-141147.00,29.32,237.52,48
38400,4800,3168.21,87.69,0.76,48
38400,4800,-127973.56,91.31,221.30,48
38400,4800,-3334.59,90.82,12.13,48
38400,4800,-7567.73,86.24,18.46,48
38400,4800,-91004.52,90.93,159.22,48
38400,4800,-139472.84,32.73,234.86,48
38400,4800,-1489675158731876.50,31.34,2500000000350.53,48
38400,4800,-62080.05,88.50,110.32,48
38784,4848,-44197.50,25.17,74.60,48
38784,4848,-33883.70,34.39,57.65,48
38784,4848,2622.14,90.52,2.18,48
38784,4848,-4252.98,26.30,7.80,48
38784,4848,-68528.75,29.98,115.30,48
38784,4848,-39772.83,90.24,72.99,48
38784,4848,-16539.43,28.79,28.18,48
38784,4848,-355520.68,87.19,602.51,48
39168,4896,-10301.46,34.54,18.79,48
39168,4896,3230.97,89.11,0.99,48
39168,4896,-559324.23,87.69,944.50,48
39168,4896,-106969.72,88.10,185.68,48
39168,4896,-455472.73,26.44,764.60,48
39168,4896,-83675.92,27.38,140.97,48
39168,4896,-6418.89,31.52,11.87,48
39168,4896,-10728.99,88.96,24.19,48
39552,4944,-53324.10,87.27,95.58,48
39552,4944,-1287.14,88.22,8.51,48
39552,4944,-142789.53,25.53,239.72,48
39552,4944,192.28,88.78,5.85,48
39552,4944,-694922.65,88.59,1172.22,48
39552,4944,-90105.48,29.61,151.64,48
39552,4944,-28662.03,91.30,54.76,48
39552,4944,-19327.63,87.14,38.38,48
39936,4992,-7992.11,89.99,19.90,48
39936,4992,-140834.61,88.09,242.30,48
39936,4992,-111632.40,28.48,187.96,48
39936,4992,-176824.49,33.04,297.60,48
39936,4992,-14214.93,89.93,30.18,48
39936,4992,-22621.79,89.87,44.29,48
39936,4992,-449573.98,89.56,760.70,48
39936,4992,-8147.30,87.31,19.68,48
40320,5040,-46128.01,87.78,83.52,48
40320,5040,-135224.87,88.98,233.22,48
40320,5040,-30698.63,32.14,52.53,48
40320,5040,-180468.77,90.06,309.24,48
40320,5040,-2156.07,86.57,9.42,48
40320,5040,-161868.90,30.45,271.93,48
40320,5040,-113244.14,31.90,191.06,48
40320,5040,-43660.72,86.79,79.30,48
40704,5088,-123801.57,88.45,213.77,48
40704,5088,-160974.86,27.00,270.41,48
40704,5088,-10361.69,27.78,17.86,48
40704,5088,2335.36,87.13,1.97,48
40704,5088,-152270.89,89.62,261.91,48
40704,5088,2410.03,88.16,2.17,48
40704,5088,-931046974204268.12,87.46,1562500000219.60,48
40704,5088,3877.32,90.29,0.00,48
41088,5136,899.44,90.51,4.72,48
41088,5136,-129564.89,90.07,223.91,48
41088,5136,-39785.58,32.33,67.65,48
41088,5136,-19183.04,87.52,38.08,48
41088,5136,-173052.96,89.36,296.68,48
41088,5136,-356348.02,88.66,604.14,48
41088,5136,-105679.20,88.71,183.42,48
41088,5136,-108904.24,27.07,183.37,48
41472,5184,-103389.99,27.35,174.39,48
41472,5184,-36318.19,33.87,61.70,48
41472,5184,-24878.67,28.93,42.46,48
41472,5184,-2570.44,90.03,10.78,48
41472,5184,-228515.04,28.84,384.14,48
41472,5184,-95895.80,89.69,167.21,48
41472,5184,-134090.42,89.36,231.19,48
41472,5184,-315023.22,91.59,535.23,48
41856,5232,1107.73,86.43,4.15,48
41856,5232,-75175.16,85.20,131.64,48
41856,5232,-125707.97,32.33,211.72,48
41856,5232,-231093.33,30.74,388.17,48
41856,5232,-78064.85,87.13,137.01,48
41856,5232,0.23,26.75,0.74,48
41856,5232,-68606.36,87.54,121.32,48
41856,5232,-32211.81,88.63,60.25,48
42240,5280,-14146.35,89.28,29.82,48
42240,5280,-69530.55,25.61,117.04,48
42240,5280,-48908.05,89.08,88.29,48
42240,5280,-81645.42,87.90,142.90,48
42240,5280,-57320.95,87.49,102.28,48
42240,5280,-528928.62,25.91,887.79,48
42240,5280,-153620.73,91.44,264.40,48
42240,5280,-94383.98,88.64,164.49,48
42624,5328,-202764.70,91.56,346.80,48
42624,5328,-53490.94,86.95,95.73,48
42624,5328,-113638.51,89.37,197.10,48
42624,5328,-9858.20,32.87,17.01,48
42624,5328,-210722.36,91.47,360.20,48
42624,5328,-10126.00,86.60,22.89,48
42624,5328,-3537978501700230.50,90.97,5937500000355.03,48
42624,5328,-147557.59,89.64,253.82,48
43008,5376,-54151.94,27.67,91.71,48
43008,5376,-204961.05,89.35,350.15,48
43008,5376,-519711.27,88.74,878.30,48
43008,5376,-181.18,29.53,1.05,48
43008,5376,2179.40,89.09,2.65,48
43008,5376,-27300.81,87.87,51.83,48
43008,5376,3148.74,86.87,0.72,48
43008,5376,-3586.65,89.12,12.21,48
43392,5424,-72564.58,26.18,122.11,48
43392,5424,-146212.81,90.21,251.87,48
43392,5424,-123259.09,28.94,207.44,48
43392,5424,-389293.55,91.81,660.01,48
43392,5424,2807.61,88.48,1.39,48
43392,5424,-2980.86,28.53,5.59,48
43392,5424,-55454.86,92.64,99.86,48
43392,5424,-136265.88,29.61,229.12,48
43776,5472,-25098.93,87.76,48.12,48
43776,5472,-102873.84,88.02,178.49,48
43776,5472,-40591.05,87.77,74.19,48
43776,5472,-8886.31,31.07,15.91,48
43776,5472,-592724.34,90.60,1001.04,48
43776,5472,-8392.23,28.18,14.74,48
43776,5472,-32527.15,26.38,54.89,48
43776,5472,-117639.84,89.57,203.81,48
44160,5520,-20042.93,32.73,34.47,48
44160,5520,-3537978501635241.50,30.14,5937500000239.87,48
44160,5520,-143393.76,33.74,241.29,48
44160,5520,-20814.15,89.20,41.17,48
44160,5520,-79145.74,36.24,133.78,48
44160,5520,-226683.31,90.63,386.92,48
44160,5520,-234510.30,91.08,399.92,48
44160,5520,-74766.16,87.67,131.42,48
44544,5568,-160284.89,31.57,269.86,48
44544,5568,-7371.58,89.90,18.75,48
44544,5568,-55579.64,90.20,99.65,48
44544,5568,4029.47,91.78,0.00,48
44544,5568,-63679.56,89.18,113.05,48
44544,5568,-150146.86,90.94,258.42,48
44544,5568,-202260.39,91.26,346.10,48
44544,5568,-65704.64,88.57,116.32,48
44928,5616,-102171.15,91.15,178.04,48
44928,5616,-29478.33,35.70,50.51,48
44928,5616,-4689.56,89.44,14.28,48
44928,5616,-102400.08,87.12,177.86,48
44928,5616,-23083.05,87.64,44.75,48
44928,5616,-68787.31,87.65,121.29,48
44928,5616,-102167.56,88.65,177.66,48
44928,5616,-48343.24,29.95,81.67,48
45312,5664,-74670.33,88.74,131.52,48
45312,5664,-80663.79,88.76,141.44,48
45312,5664,-570731.03,89.42,964.05,48
45312,5664,-4020.03,32.32,7.19,48
45312,5664,-161199.61,91.62,277.32,48
45312,5664,-30004.26,86.85,56.31,48
45312,5664,-66597.73,89.03,117.96,48
45312,5664,-188231.35,91.71,322.30,48
45696,5712,-111568.76,88.99,193.31,48
45696,5712,-207466.79,90.30,354.41,48
45696,5712,-191763.70,32.10,322.14,48
45696,5712,-271254.55,33.34,455.82,48
45696,5712,-14554.43,25.18,24.74,48
45696,5712,-33418.85,88.77,62.31,48
45696,5712,-32899.65,90.57,61.75,48
45696,5712,-49446.12,90.36,89.51,48
46080,5760,-31682.89,29.88,54.06,48
46080,5760,-9425.23,87.95,21.91,48
46080,5760,-50135.65,88.45,90.10,48
46080,5760,-40285.25,29.60,68.29,48
46080,5760,-70091.46,32.78,118.83,48
46080,5760,-1302.19,33.82,3.27,48
46080,5760,-59000.20,89.77,105.16,48
46080,5760,-167191.47,89.13,286.65,48
46464,5808,-17558.26,90.24,35.92,48
46464,5808,-295382.23,88.40,501.78,48
46464,5808,-32706.27,86.24,60.90,48
46464,5808,-168490.95,86.34,288.46,48
46464,5808,-185052.15,88.44,316.74,48
46464,5808,-183241.33,34.42,308.51,48
46464,5808,-37772.45,86.63,69.26,48
46464,5808,-74489.19,87.88,131.11,48
46848,5856,-25203.43,89.13,48.63,48
46848,5856,-62113.58,31.52,105.31,48
46848,5856,2218.71,90.21,2.68,48
46848,5856,-39686.80,32.91,67.76,48
46848,5856,-11891.47,85.70,25.86,48
46848,5856,-59299.64,89.26,105.61,48
46848,5856,-122927.24,89.53,212.56,48
46848,5856,-297608.89,89.43,505.68,48
47232,5904,-13125.12,30.70,22.67,48
47232,5904,-22738.19,23.99,38.80,48
47232,5904,140.11,23.94,0.28,48
47232,5904,-2299.29,29.53,4.71,48
47232,5904,-98295.40,29.71,165.46,48
47232,5904,3703.83,91.23,0.54,48
47232,5904,463.10,91.92,5.94,48
47232,5904,-509826.98,87.50,861.71,48
47616,5952,-138451.01,89.74,238.69,48
47616,5952,-88552.88,86.62,154.75,48
47616,5952,-80538.92,86.94,140.92,48
47616,5952,3676.20,88.02,0.00,48
47616,5952,-20805.76,90.09,41.38,48
47616,5952,-17938.39,91.05,36.59,48
47616,5952,-87382.24,85.76,152.55,48
47616,5952,-13956.12,89.64,29.71,48
48000,6000,191.92,30.37,0.34,48
48000,6000,-180662.92,90.57,309.64,48
48000,6000,-67553.73,90.58,119.73,48
48000,6000,2641.55,88.88,1.90,48
48000,6000,-264661.32,87.96,450.48,48
48000,6000,-269508.73,88.36,458.39,48
48000,6000,-46313.23,92.20,84.32,48
48000,6000,-84952.64,90.16,148.86,48
48384,6048,-67608.16,31.86,114.35,48
48384,6048,1630.66,88.64,3.50,48
48384,6048,-91075.09,22.77,153.18,48
48384,6048,-83044.73,91.00,145.84,48
48384,6048,-42280.17,89.16,77.25,48
48384,6048,-69243.01,29.38,116.94,48
48384,6048,-31347.48,86.77,58.53,48
48384,6048,-214704.35,92.91,367.09,48
48768,6096,-31713.34,90.78,59.68,48
48768,6096,-30327.46,92.11,57.54,48
48768,6096,3026.62,88.66,1.09,48
48768,6096,-178277.11,91.27,305.78,48
48768,6096,-138718.72,28.34,233.19,48
48768,6096,-65168.00,89.54,115.68,48
48768,6096,-82776.51,90.74,145.39,48
48768,6096,-114911.78,90.37,199.23,48
49152,6144,-33168.46,32.20,56.36,48
49152,6144,-81.71,29.30,0.65,48
49152,6144,-100583.74,32.27,169.72,48
49152,6144,-17000.03,89.58,34.75,48
49152,6144,-237333.25,88.68,404.42,48
49152,6144,-123707.10,87.61,213.62,48
49152,6144,-931046974291706.38,88.87,1562500000366.62,48
49152,6144,-46629.65,32.18,79.29,48
49536,6192,-931046974249139.50,89.11,1562500000295.16,48
49536,6192,-19821.61,89.33,39.54,48
49536,6192,-550023.61,27.46,923.20,48
49536,6192,-109479.77,90.14,190.07,48
49536,6192,-152670.24,89.55,262.48,48
49536,6192,-5839.13,90.49,16.32,48
49536,6192,-53526.91,91.38,96.48,48
49536,6192,-7076.38,89.66,18.13,48
49920,6240,-17928.04,30.26,30.70,48
49920,6240,-18173.26,30.51,31.09,48
49920,6240,-90871.19,32.96,153.41,48
49920,6240,-93051.25,89.20,162.30,48
49920,6240,-15270.40,90.18,31.89,48
49920,6240,-931046974371850.00,87.23,1562500000500.89,48
49920,6240,-33077.28,89.53,61.84,48
49920,6240,-21400.78,87.17,41.90,48
50304,6288,-16938.31,88.94,34.68,48
50304,6288,-47339.84,89.23,85.53,48
50304,6288,-146242.46,89.72,251.74,48
50304,6288,-71835.88,29.53,121.31,48
50304,6288,-55927.95,87.17,99.74,48
50304,6288,-185151.24,89.69,316.89,48
50304,6288,-107751.61,34.78,181.96,48
50304,6288,-85828.55,89.15,150.20,48
50688,6336,-102459.41,90.36,178.35,48
50688,6336,-196578.08,89.13,336.15,48
50688,6336,-14111.41,89.89,30.03,48
50688,6336,-171037.38,30.35,287.31,48
50688,6336,-222966.32,87.42,379.98,48
50688,6336,-71032.42,88.15,125.24,48
50688,6336,-22118.36,86.35,42.94,48
50688,6336,-7943.91,85.29,19.12,48
51072,6384,-31899.35,28.40,54.32,48
51072,6384,-81489.38,85.80,142.31,48
51072,6384,-242708.90,89.73,413.64,48
51072,6384,-117429.21,89.81,203.44,48
51072,6384,1851.47,87.43,2.65,48
51072,6384,1646.97,87.52,3.17,48
51072,6384,-84884.76,88.90,148.69,48
51072,6384,-144812.10,86.54,248.79,48
51456,6432,-3476.20,30.56,6.40,48
51456,6432,3704.64,88.43,0.00,48
51456,6432,-23271.45,34.71,40.14,48
51456,6432,-145680.42,33.47,245.49,48
51456,6432,-17198.60,30.43,29.39,48
51456,6432,-27803.57,31.88,47.16,48
51456,6432,-222902.97,91.45,380.66,48
51456,6432,-63058.80,92.65,112.58,48
51840,6480,-35869.40,88.58,66.23,48
51840,6480,-50367.20,91.13,91.02,48
51840,6480,-169729.36,30.20,285.17,48
51840,6480,-78836.16,31.11,132.97,48
51840,6480,-102369.28,31.98,172.38,48
51840,6480,-102781.71,92.65,179.15,48
51840,6480,-75378.27,89.38,132.78,48
51840,6480,-73843.57,86.99,129.78,48
52224,6528,-12674.91,89.05,27.47,48
52224,6528,-536001.81,88.23,905.69,48
52224,6528,-9631.14,30.13,16.54,48
52224,6528,-72085.98,91.98,127.63,48
52224,6528,-218187.63,30.54,366.72,48
52224,6528,468.09,26.48,0.00,48
52224,6528,-42178.12,33.07,71.86,48
52224,6528,-20300.34,31.77,34.87,48
52608,6576,-34955.89,31.07,59.61,48
52608,6576,-82905.31,90.51,145.61,48
52608,6576,-11228.67,87.77,25.13,48
52608,6576,-87626.08,90.43,153.34,48
52608,6576,-40457.42,28.38,68.54,48
52608,6576,-18279.63,89.92,36.89,48
52608,6576,-553402.33,34.34,929.65,48
52608,6576,-54688.35,89.21,98.09,48
52992,6624,-7448375792819134.00,31.98,12500000000341.85,48
52992,6624,-128043.14,87.76,220.99,48
52992,6624,-47607.56,90.23,86.14,48
52992,6624,-1489675158767438.50,89.21,2500000000416.10,48
52992,6624,-227683.57,86.06,387.75,48
52992,6624,-238463.60,30.71,400.50,48
52992,6624,-99610.84,91.49,173.66,48
52992,6624,-105307.35,89.53,182.85,48
53376,6672,-92485.39,87.79,161.21,48
53376,6672,-67706.50,27.87,114.32,48
53376,6672,-7101.31,26.76,12.31,48
53376,6672,535.67,87.80,5.15,48
53376,6672,-201343.55,89.42,344.23,48
53376,6672,-19117.69,88.19,38.04,48
53376,6672,-87921.57,29.30,148.07,48
53376,6672,-573174.40,88.70,968.08,48
53760,6720,-1266.55,90.06,8.30,48
53760,6720,-212358.67,88.27,362.42,48
53760,6720,-77949.71,87.48,136.99,48
53760,6720,-4032.30,86.95,12.59,48
53760,6720,-22513.16,92.09,44.58,48
53760,6720,-78839.69,90.84,138.77,48
53760,6720,-110964.33,27.24,186.65,48
53760,6720,-223746.76,92.52,382.18,48
54144,6768,-60733.88,89.61,108.32,48
54144,6768,-90126.45,87.62,157.22,48
54144,6768,-137588.25,90.94,237.35,48
54144,6768,-76179.72,89.70,134.11,48
54144,6768,-164294.43,30.19,276.25,48
54144,6768,-11804.68,30.73,20.53,48
54144,6768,-1489675158744845.25,32.19,2500000000372.91,48
54144,6768,-252085.45,87.80,429.18,48
54528,6816,-10673.46,27.35,18.12,48
54528,6816,-20645.28,23.11,35.14,48
54528,6816,-58582.13,90.81,104.72,48
54528,6816,-90913.12,30.49,153.22,48
54528,6816,-121906.88,91.20,211.06,48
54528,6816,-34397.20,32.71,58.86,48
54528,6816,-15956.43,35.60,27.74,48
54528,6816,-27821.31,88.76,52.85,48
54912,6864,-170415.57,88.14,292.01,48
54912,6864,-143485.16,86.63,246.62,48
54912,6864,-10149.92,89.81,23.34,48
54912,6864,-6257.30,90.83,16.96,48
54912,6864,-44953.81,89.77,81.76,48
54912,6864,-14106.96,28.75,23.97,48
54912,6864,-1324.75,88.49,8.34,48
54912,6864,-171438.78,90.40,294.08,48
55296,6912,-144460.12,87.48,248.55,48
55296,6912,-190322.82,31.24,320.09,48
55296,6912,-86807.39,89.46,152.07,48
55296,6912,-248597.45,90.61,423.50,48
55296,6912,-85514.17,36.65,144.48,48
55296,6912,-37653.60,28.36,63.72,48
55296,6912,2157.02,86.67,2.39,48
55296,6912,-146470.10,91.57,252.40,48
55680,6960,-24368.57,90.25,47.32,48
55680,6960,-98890.97,89.95,172.42,48
55680,6960,-86195.84,90.16,150.82,48
55680,6960,-7632.14,87.84,18.66,48
55680,6960,-22783.61,32.92,39.16,48
55680,6960,-157622.12,89.38,270.86,48
55680,6960,-145963.89,87.34,250.73,48
55680,6960,-76718.36,88.70,134.70,48
56064,7008,-857.04,89.96,7.78,48
56064,7008,-78030.27,87.49,136.99,48
56064,7008,-30968.02,88.77,58.07,48
56064,7008,-2018.33,24.27,3.86,48
56064,7008,-26454.20,31.34,45.50,48
56064,7008,-8232.26,27.43,14.44,48
56064,7008,-23965.36,31.30,41.16,48
56064,7008,-56564.38,89.40,101.28,48
56448,7056,-28007.89,34.84,48.15,48
56448,7056,-21559.49,31.25,37.01,48
56448,7056,-33498.87,88.21,62.44,48
56448,7056,-33699.02,27.09,56.98,48
56448,7056,-12921.34,90.30,27.94,48
56448,7056,-35025.41,90.77,65.31,48
56448,7056,3337.64,89.90,0.83,48
56448,7056,2816.60,87.94,1.45,48
56832,7104,-62980.21,90.34,112.00,48
56832,7104,-15151.09,87.77,31.42,48
56832,7104,-116116.82,31.45,195.47,48
56832,7104,-5202.29,87.85,14.93,48
56832,7104,2394.48,86.04,1.75,48
56832,7104,-175936.06,31.95,295.82,48
56832,7104,-117690.66,91.19,204.11,48
56832,7104,-167806.01,31.78,282.08,48
57216,7152,-56303.53,31.42,95.35,48
57216,7152,-73877.57,85.07,129.44,48
57216,7152,-108496.31,89.31,188.23,48
57216,7152,-7466.59,28.96,13.58,48
57216,7152,-44235.86,89.21,80.34,48
57216,7152,-3253.07,88.98,11.58,48
57216,7152,-206415.89,27.63,347.03,48
57216,7152,-117912.77,90.03,204.11,48
57600,7200,-50486.76,89.53,91.19,48
57600,7200,-3537978501709957.00,92.19,5937500000371.59,48
57600,7200,-74213.44,34.87,125.20,48
57600,7200,-35234.38,33.77,60.13,48
57600,7200,-49555.00,90.31,89.49,48
57600,7200,-4437.06,86.78,13.53,48
57600,7200,-66891.49,29.69,113.31,48
57600,7200,-68102.75,34.58,115.36,48
57984,7248,-87248.02,90.16,152.66,48
57984,7248,-55808.95,90.23,99.97,48
57984,7248,-152578.19,31.15,256.90,48
57984,7248,-67261.73,90.39,119.13,48
57984,7248,-182316.38,90.83,312.34,48
57984,7248,-63968.81,89.78,113.62,48
57984,7248,-135584.50,33.16,228.58,48
57984,7248,-155936.25,24.85,262.13,48
58368,7296,-59690.17,87.04,106.16,48
58368,7296,-36657.61,92.98,68.35,48
58368,7296,-56783.59,31.83,95.92,48
58368,7296,-138163.85,89.30,238.16,48
58368,7296,-7798.76,87.00,19.27,48
58368,7296,-634159.81,29.19,1064.52,48
58368,7296,-155.05,26.40,0.98,48
58368,7296,-140871.52,88.33,242.55,48
58752,7344,-46104.95,88.00,83.42,48
58752,7344,-76875.66,29.46,129.75,48
58752,7344,-25277.12,88.37,48.48,48
58752,7344,-25186.88,28.61,42.47,48
58752,7344,-786.10,28.13,1.87,48
58752,7344,-187376.36,89.32,320.56,48
58752,7344,-136414.50,32.03,229.57,48
58752,7344,-52711.78,27.58,89.02,48
59136,7392,-1299.83,87.41,8.49,48
59136,7392,-47528.05,91.12,86.23,48
59136,7392,-81692.25,29.05,137.74,48
59136,7392,-5615.26,30.47,10.09,48
59136,7392,-56319.23,90.31,100.98,48
59136,7392,-49377.63,31.99,83.55,48
59136,7392,-180133.26,89.13,308.53,48
59136,7392,-192381.95,90.52,329.29,48
59520,7440,-35325.71,32.90,59.93,48
59520,7440,-78934.53,89.50,138.81,48
59520,7440,-22693.82,90.22,44.40,48
59520,7440,-21148.58,88.95,41.60,48
59520,7440,-128530.77,90.26,221.97,48
59520,7440,-165452.37,88.74,283.76,48
59520,7440,-36929.85,88.47,68.09,48
59520,7440,-85275.04,85.43,148.72,48
59904,7488,-42768.80,30.40,72.63,48
59904,7488,-4520.37,91.32,14.15,48
59904,7488,-8663.74,29.96,15.34,48
59904,7488,-50569.20,88.18,91.20,48
59904,7488,-8855.28,87.48,20.95,48
59904,7488,-25998.77,90.16,49.97,48
59904,7488,-119283.70,30.99,201.03,48
59904,7488,-65435.56,89.46,116.09,48
60288,7536,4067.16,92.08,0.00,48
60288,7536,-103733.14,90.88,180.38,48
60288,7536,-57783.14,88.48,103.21,48
60288,7536,-68344.45,86.57,120.65,48
60288,7536,-603788.02,88.58,1019.44,48
60288,7536,-61140.44,31.94,103.44,48
60288,7536,-18248.89,88.99,36.92,48
60288,7536,-54162.52,90.30,97.22,48
60672,7584,2135.76,88.77,2.51,48
60672,7584,-196588.08,89.26,336.00,48
60672,7584,-19361.80,24.41,32.80,48
60672,7584,-46563.55,89.84,84.46,48
60672,7584,-32167.94,91.04,60.37,48
60672,7584,-13917.64,91.47,30.10,48
60672,7584,-12305.80,91.03,27.07,48
60672,7584,3896.05,89.52,0.00,48
61056,7632,-126424.76,88.73,218.38,48
61056,7632,-3537978501646276.50,32.65,5937500000259.09,48
61056,7632,-27572.29,89.70,52.54,48
61056,7632,-29362.41,90.62,55.69,48
61056,7632,-87057.47,92.90,153.00,48
61056,7632,-12058.18,91.59,26.94,48
61056,7632,-32090.71,28.60,54.27,48
61056,7632,-187853.70,27.64,315.99,48
61440,7680,-46081.44,86.74,83.26,48
61440,7680,-54193.41,87.90,96.80,48
61440,7680,-99853.87,32.44,168.71,48
61440,7680,-87673.28,29.03,147.75,48
61440,7680,-21403.32,26.96,36.63,48
61440,7680,-44782.45,87.70,81.22,48
61440,7680,-20654.29,28.57,35.13,48
61440,7680,-71283.52,90.75,126.15,48
61824,7728,-21096.04,27.82,35.67,48
61824,7728,-1693.45,86.96,8.51,48
61824,7728,-9909.43,90.72,22.97,48
61824,7728,-44365.71,32.62,75.09,48
61824,7728,-193147.48,31.37,324.93,48
61824,7728,-11864.40,29.29,20.66,48
61824,7728,-12835.16,32.51,22.17,48
61824,7728,-248389.00,37.19,418.15,48
62208,7776,-5454.19,89.12,15.45,48
62208,7776,-31228.46,27.06,52.74,48
62208,7776,-192575.67,88.71,329.36,48
62208,7776,-126131.84,89.69,218.03,48
62208,7776,-931046974292146.38,36.32,1562500000362.02,48
62208,7776,-18033.72,89.40,36.30,48
62208,7776,1109.71,86.36,4.01,48
62208,7776,-624261.26,90.31,1054.03,48
62592,7824,-33303.21,27.40,56.54,48
62592,7824,-18450.75,89.43,37.32,48
62592,7824,-58470.89,89.49,104.39,48
62592,7824,-10820.92,30.96,19.29,48
62592,7824,-5421.11,34.97,10.13,48
62592,7824,-114105.74,88.64,197.65,48
62592,7824,-95888.69,89.85,167.21,48
62592,7824,-59238.71,88.32,105.78,48
62976,7872,-53618.16,91.13,96.45,48
62976,7872,-38816.19,31.82,65.91,48
62976,7872,-42325.00,29.57,71.65,48
62976,7872,-10931.84,27.07,19.03,48
62976,7872,-34908.28,85.91,64.34,48
62976,7872,-136308.50,90.09,235.05,48
62976,7872,-15066.31,88.67,31.47,48
62976,7872,-50062.86,88.63,90.21,48
63360,7920,-48151.47,87.78,86.93,48
63360,7920,-60853.49,86.42,108.02,48
63360,7920,-8001.51,30.80,13.96,48
63360,7920,-1784.71,29.37,3.73,48
63360,7920,-372418789816508.25,31.65,625000000312.41,48
63360,7920,-49169.46,32.79,83.16,48
63360,7920,-81602.13,91.22,143.32,48
63360,7920,-6650.36,88.27,17.34,48
63744,7968,-183840.56,90.20,314.95,48
63744,7968,-448104.54,32.92,752.70,48
63744,7968,-92645.13,93.05,162.19,48
63744,7968,-82119.77,90.80,144.32,48
63744,7968,-56695.06,34.65,96.04,48
63744,7968,2730.81,88.01,1.48,48
63744,7968,-62039.03,87.87,110.05,48
63744,7968,-59747.37,86.45,105.96,48
64128,8016,-4595.31,87.33,13.67,48
64128,8016,-39883.29,28.50,67.19,48
64128,8016,-19426.62,85.43,38.41,48
64128,8016,-83836.16,28.01,141.30,48
64128,8016,-19456.13,90.31,39.09,48
64128,8016,-116748.70,87.83,201.92,48
64128,8016,-19719.80,89.89,39.44,48
64128,8016,-72365.53,89.49,127.64,48
64512,8064,-59344.18,87.13,105.53,48
64512,8064,-67906.14,31.44,114.67,48
64512,8064,-31360.37,85.84,58.51,48
64512,8064,-25239.70,27.87,42.73,48
64512,8064,-8421.34,90.96,20.79,48
64512,8064,-9165.52,34.94,16.87,48
64512,8064,-49887.66,29.25,84.40,48
64512,8064,-91771.25,91.84,160.64,48
64896,8112,-91862.90,89.65,160.44,48
64896,8112,-11302.09,88.98,25.19,48
64896,8112,-162972.57,34.56,274.15,48
64896,8112,-26492.09,88.59,50.62,48
64896,8112,-215277.96,89.99,367.56,48
64896,8112,-13457.12,87.25,28.62,48
64896,8112,-159320.97,90.36,273.69,48
64896,8112,-36941.74,87.48,68.03,48
65280,8160,-143445.32,30.14,241.27,48
65280,8160,-159323.18,92.20,274.06,48
65280,8160,-45805.53,33.77,77.66,48
65280,8160,-149873.04,88.30,257.60,48
65280,8160,-213955.10,89.02,365.25,48
65280,8160,-136795.63,34.04,230.53,48
65280,8160,-954.45,84.87,7.35,48
65280,8160,-3221.89,89.21,11.69,48
65664,8208,2272.06,85.90,2.26,48
65664,8208,-99018.75,92.15,172.71,48
65664,8208,-33190.63,28.92,56.30,48
65664,8208,127.34,32.77,0.88,48
65664,8208,-75972.99,89.37,133.67,48
65664,8208,-6251.01,85.92,16.27,48
65664,8208,-141987.43,29.15,238.74,48
65664,8208,-3743.34,27.55,6.78,48
66048,8256,-157914.26,89.07,271.20,48
66048,8256,-47662.45,92.83,86.83,48
66048,8256,-60841.98,88.20,108.11,48
66048,8256,-140244.02,89.67,241.65,48
66048,8256,-32187.02,32.78,54.75,48
66048,8256,-58109.25,89.42,103.77,48
66048,8256,-62388.61,91.16,111.25,48
66048,8256,-79386.72,89.33,139.41,48
66432,8304,-70442.63,87.23,124.34,48
66432,8304,-94839.53,35.52,160.46,48
66432,8304,-23254.52,31.05,40.10,48
66432,8304,-65221.46,88.81,115.76,48
66432,8304,-115665.27,90.09,200.50,48
66432,8304,-37642.24,90.00,69.54,48
66432,8304,-204717.93,88.26,349.53,48
66432,8304,-49532.89,92.05,89.73,48
66816,8352,-36624.43,88.32,67.60,48
66816,8352,-206682.50,88.81,353.14,48
66816,8352,-182537.95,27.91,306.83,48
66816,8352,-117583.77,90.17,203.74,48
66816,8352,-14486.81,88.60,30.36,48
66816,8352,-102349.06,86.70,177.66,48
66816,8352,-182028.18,87.94,311.55,48
66816,8352,-35009.67,31.62,59.12,48
67200,8400,-51829.05,30.39,87.41,48
67200,8400,-43103.94,29.63,73.22,48
67200,8400,-372418789770088.31,27.12,625000000233.90,48
67200,8400,-7191.93,31.22,13.00,48
67200,8400,3660.34,87.77,0.02,48
67200,8400,-241.65,26.65,0.95,48
67200,8400,-24603.37,89.57,47.74,48
67200,8400,-42062.00,87.86,76.50,48
67584,8448,-32568.19,27.21,54.96,48
67584,8448,-22769.44,88.93,44.55,48
67584,8448,-199744.75,35.26,336.31,48
67584,8448,-64717.30,39.11,109.94,48
67584,8448,-25072.90,32.19,42.75,48
67584,8448,-74459.17,91.38,131.44,48
67584,8448,-66319.57,85.09,116.97,48
67584,8448,-18667.77,87.66,37.34,48
67968,8496,-178.46,88.16,6.46,48
67968,8496,-95943.88,33.97,161.67,48
67968,8496,-552411.78,90.24,933.55,48
67968,8496,-38963.30,90.21,71.86,48
67968,8496,-21362.67,30.78,36.26,48
67968,8496,-10314.96,32.61,17.62,48
67968,8496,-3116.54,86.95,11.26,48
67968,8496,-31598.70,29.53,53.66,48
68352,8544,-53774.94,31.47,90.72,48
68352,8544,-98305.86,90.60,171.39,48
68352,8544,-118617.02,89.36,205.37,48
68352,8544,-931046974238095.25,31.24,1562500000271.29,48
68352,8544,-18017.56,91.20,36.83,48
68352,8544,-77541.47,30.91,130.46,48
68352,8544,-215698.94,90.48,368.36,48
68352,8544,-202395.83,85.04,345.22,48
68736,8592,-71462.37,28.26,120.61,48
68736,8592,2960.68,87.76,1.10,48
68736,8592,331.45,88.60,5.65,48
68736,8592,-95110.75,26.73,160.22,48
68736,8592,-105242.54,89.94,182.93,48
68736,8592,-66755.83,90.55,118.37,48
68736,8592,-95450.71,88.40,166.50,48
68736,8592,-90988.02,90.93,159.14,48
69120,8640,-67812.59,88.04,119.75,48
69120,8640,-1617.89,89.15,8.92,48
69120,8640,-24737.09,91.42,48.01,48
69120,8640,-3128.03,89.05,11.39,48
69120,8640,-71274.72,29.85,120.05,48
69120,8640,-2102.45,90.22,9.96,48
69120,8640,-65984.50,85.78,116.48,48
69120,8640,-7836.15,91.11,19.67,48
69504,8688,-31576.14,89.82,59.34,48
69504,8688,-33826.94,88.68,62.98,48
69504,8688,-19995.88,87.84,39.51,48
69504,8688,-49625.09,26.96,83.89,48
69504,8688,1377.27,86.22,3.78,48
69504,8688,-92163.53,86.06,160.40,48
69504,8688,-7935.02,31.79,14.10,48
69504,8688,-65577.32,33.06,110.85,48
69888,8736,-45638.55,26.69,76.97,48
69888,8736,-110470.85,90.02,191.75,48
69888,8736,-8265.51,91.42,20.45,48
69888,8736,-51548.25,32.55,87.19,48
69888,8736,-186156.53,89.03,318.58,48
69888,8736,-8482.08,34.44,15.28,48
69888,8736,-91184.15,28.30,153.49,48
69888,8736,-29416.45,31.72,50.07,48
70272,8784,-124583.48,32.46,209.89,48
70272,8784,-107499.72,90.51,186.86,48
70272,8784,-34373.00,89.53,64.04,48
70272,8784,-531713.86,35.76,893.48,48
70272,8784,-46454.60,88.98,84.02,48
70272,8784,-580123.05,88.49,979.71,48
70272,8784,-7743.32,87.56,18.94,48
70272,8784,-145215.30,31.26,244.22,48
70656,8832,3737.16,89.35,0.00,48
70656,8832,-25117.84,92.66,48.90,48
70656,8832,-11140.92,86.78,24.47,48
70656,8832,-78331.26,31.33,132.37,48
70656,8832,-209680.70,28.12,352.57,48
70656,8832,-5926.05,29.42,10.74,48
70656,8832,-21603.06,31.62,36.80,48
70656,8832,-98364.42,88.57,171.23,48
71040,8880,-1489675158743831.00,88.34,2500000000376.39,48
71040,8880,-2296582536214814.50,90.42,3854166666938.73,48
71040,8880,-58260.25,91.59,104.41,48
71040,8880,-4153.69,87.56,13.20,48
71040,8880,-17812.79,88.65,36.08,48
71040,8880,-44846.30,29.70,75.67,48
71040,8880,-74302.85,87.78,130.55,48
71040,8880,-18644.38,27.21,31.64,48
71424,8928,-77264.36,89.45,135.94,48
71424,8928,3551.46,86.66,0.00,48
71424,8928,-183512.84,89.27,314.22,48
71424,8928,729.43,90.93,5.23,48
71424,8928,-445188.14,90.38,753.52,48
71424,8928,-122054.73,92.27,211.50,48
71424,8928,-1330.23,90.33,8.75,48
71424,8928,-5350.95,88.40,15.17,48
71808,8976,-81306.60,91.28,142.98,48
71808,8976,-57403.11,27.39,96.78,48
71808,8976,-114904.71,90.75,199.19,48
71808,8976,-73334.75,88.09,129.16,48
71808,8976,-178417.36,91.61,306.06,48
71808,8976,-1036.89,28.93,2.26,48
71808,8976,-409555.05,31.95,687.73,48
71808,8976,-8260.45,31.18,14.43,48
72192,9024,-53029.09,86.56,94.73,48
72192,9024,-14779.74,92.18,31.43,48
72192,9024,-76558.36,87.53,134.44,48
72192,9024,-194740.80,28.17,327.49,48
72192,9024,-294265.40,93.33,500.65,48
72192,9024,-2991.23,87.49,11.12,48
72192,9024,-79871.61,92.57,140.86,48
72192,9024,-14767.80,88.36,30.87,48
72576,9072,-57164.76,30.45,96.55,48
72576,9072,-119700.27,89.25,207.06,48
72576,9072,-100177.17,92.06,174.64,48
72576,9072,-614038.10,91.09,1037.10,48
72576,9072,-10847.93,89.33,24.35,48
72576,9072,-105409.95,28.95,177.37,48
72576,9072,-301935.50,34.05,507.70,48
72576,9072,-111261.79,31.64,187.34,48
72960,9120,-86297.05,88.73,150.97,48
72960,9120,-62690.36,87.15,111.28,48
72960,9120,-41498.97,30.17,70.73,48
72960,9120,-178829.41,31.01,300.70,48
72960,9120,-32669.50,87.69,61.05,48
72960,9120,-111435.69,85.65,192.83,48
72960,9120,-496196.58,27.27,833.37,48
72960,9120,-147650.27,85.23,253.47,48
73344,9168,-95499.20,94.63,167.36,48
73344,9168,-8426.53,28.02,14.75,48
73344,9168,-231563.41,31.56,389.52,48
73344,9168,-23179.20,89.86,45.25,48
73344,9168,-502489.03,91.04,849.63,48
73344,9168,-3282.44,89.37,11.88,48
73344,9168,-1489675158666527.50,89.60,2500000000246.79,48
73344,9168,-49036.03,85.44,87.95,48
73728,9216,-50606.93,89.56,91.19,48
73728,9216,-76227.71,29.38,128.68,48
73728,9216,-91073.20,86.19,158.84,48
73728,9216,-6800.66,27.62,12.00,48
73728,9216,-143252.18,87.55,246.55,48
73728,9216,-159753.41,31.20,268.75,48
73728,9216,-521962.18,31.91,877.06,48
73728,9216,-89822.75,87.02,156.57,48
74112,9264,-122960.32,89.52,212.62,48
74112,9264,-605918.08,29.22,1017.15,48
74112,9264,-131557.32,32.02,221.42,48
74112,9264,-68294.99,90.68,120.93,48
74112,9264,-52100.52,90.74,93.96,48
74112,9264,43.96,90.02,6.30,48
74112,9264,-521878.62,33.80,876.63,48
74112,9264,-33792.01,88.76,62.95,48
74496,9312,-22774.80,87.66,44.31,48
74496,9312,-15922.28,28.48,26.93,48
74496,9312,-35849.22,90.79,66.61,48
74496,9312,-9665.48,34.36,17.47,48
74496,9312,-191141.28,89.44,327.00,48
74496,9312,268.68,88.32,5.75,48
74496,9312,-6462.51,29.59,11.50,48
74496,9312,-72582.91,27.36,122.37,48
74880,9360,-1716.37,89.59,9.24,48
74880,9360,-80049.42,91.34,140.77,48
74880,9360,-31172.02,88.93,58.44,48
74880,9360,-64698.88,31.32,109.49,48
74880,9360,-34684.82,88.64,64.26,48
74880,9360,-184280.86,33.95,310.24,48
74880,9360,-42544.82,88.73,77.41,48
74880,9360,3802.40,90.12,0.04,48
75264,9408,-3537978501795859.00,88.67,5937500000515.20,48
75264,9408,-159237.45,89.64,273.50,48
75264,9408,-294021.29,30.32,493.87,48
75264,9408,-46258.31,88.93,83.89,48
75264,9408,-26489.83,90.75,51.02,48
75264,9408,-35667.43,87.62,65.88,48
75264,9408,-176433.83,92.20,302.84,48
75264,9408,-151287.36,89.42,260.08,48
75648,9456,-27012.11,32.61,46.10,48
75648,9456,-21949.32,90.02,43.17,48
75648,9456,-13304.63,88.33,28.68,48
75648,9456,-295933.12,88.34,502.60,48
75648,9456,-79621.83,27.74,134.19,48
75648,9456,260.61,32.87,0.00,48
75648,9456,-449062.32,89.11,759.78,48
75648,9456,-101687.05,90.08,176.84,48
76032,9504,-221005.17,30.36,371.47,48
76032,9504,-3537978501681098.00,88.54,5937500000322.56,48
76032,9504,395.33,28.02,0.00,48
76032,9504,-57427.01,30.35,96.96,48
76032,9504,-1489675158725309.75,31.49,2500000000339.73,48
76032,9504,-56824.93,27.55,95.80,48
76032,9504,-52230.23,33.05,88.78,48
76032,9504,-44314.98,89.13,80.68,48
76416,9552,-80327.61,85.64,140.59,48
76416,9552,-6429.02,90.78,17.23,48
76416,9552,-20209.79,88.56,40.29,48
76416,9552,-134997.74,89.26,232.78,48
76416,9552,-144361.85,32.65,243.26,48
76416,9552,-18024.16,89.03,36.35,48
76416,9552,-931046974289210.38,88.41,1562500000362.33,48
76416,9552,-161319.95,87.17,276.66,48
76800,9600,-762.00,89.65,7.88,48
76800,9600,-126450.18,87.20,218.18,48
76800,9600,-190727.51,34.17,320.86,48
76800,9600,-83950.56,89.61,147.18,48
76800,9600,-47394.78,90.46,85.86,48
76800,9600,-1489675158751953.50,91.00,2500000000390.51,48
76800,9600,-190390.27,89.83,325.68,48
76800,9600,-54874.25,90.84,98.66,48
77184,9648,-2675.77,88.84,10.60,48
77184,9648,-114613.21,91.00,198.78,48
77184,9648,-636.76,86.92,7.01,48
77184,9648,-3988.28,29.65,7.22,48
77184,9648,445.55,32.94,0.00,48
77184,9648,-35826.32,86.67,66.19,48
77184,9648,-116954.08,87.14,202.25,48
77184,9648,335.40,88.23,5.53,48
77568,9696,-31464.52,89.68,59.18,48
77568,9696,-26491.54,91.62,51.03,48
77568,9696,-36798.39,32.42,62.23,48
77568,9696,-41330.89,88.19,75.43,48
77568,9696,-93887.25,91.01,163.96,48
77568,9696,-65025.42,27.01,109.74,48
77568,9696,-52554.25,90.47,94.56,48
77568,9696,-17605.20,88.98,35.76,48
77952,9744,-196148.67,91.64,335.72,48
77952,9744,-23672.14,89.97,46.07,48
77952,9744,-7448375792778294.00,29.04,12500000000273.38,48
77952,9744,-18553.19,26.93,31.70,48
77952,9744,-1913.55,85.32,8.98,48
77952,9744,-7171.30,89.51,18.49,48
77952,9744,-29628.37,34.11,51.07,48
77952,9744,-116355.29,91.32,201.83,48
78336,9792,-55718.21,88.19,99.72,48
78336,9792,-11348.38,94.09,26.08,48
78336,9792,-54468.09,90.31,97.81,48
78336,9792,-52966.94,88.95,95.08,48
78336,9792,-96330.01,29.77,162.16,48
78336,9792,-36484.45,30.93,62.38,48
78336,9792,-27088.14,87.93,51.52,48
78336,9792,-104163.95,89.13,180.86,48
78720,9840,-94181.94,89.59,164.39,48
78720,9840,-568943.37,90.53,961.37,48
78720,9840,-12030.99,29.87,20.87,48
78720,9840,-196603.54,92.62,336.75,48
78720,9840,-67800.63,28.89,114.49,48
78720,9840,-11762.01,92.68,26.50,48
78720,9840,-149052.56,26.07,250.53,48
78720,9840,-23785.00,88.35,46.06,48
79104,9888,1516.16,88.25,3.40,48
79104,9888,-41763.57,27.23,70.77,48
79104,9888,-44869.19,89.07,81.36,48
79104,9888,-1842.42,31.12,3.50,48
79104,9888,-218.28,30.95,0.95,48
79104,9888,-227.71,87.66,6.18,48
79104,9888,-139923.60,85.89,240.58,48
79104,9888,-46112.03,92.59,84.18,48
79488,9936,-121612.23,88.67,210.21,48
79488,9936,-155227.36,91.94,267.11,48
79488,9936,-138458.33,88.50,238.36,48
79488,9936,158.67,89.63,6.01,48
79488,9936,-90430.80,90.67,158.28,48
79488,9936,-7448375792843021.00,90.41,12500000000387.70,48
79488,9936,3457.98,90.42,0.76,48
79488,9936,-4162.76,86.88,12.90,48
79872,9984,-146708.72,32.88,247.69,48
79872,9984,-35723.82,87.50,65.99,48
79872,9984,-122398.87,28.95,205.82,48
79872,9984,-569456.47,91.04,962.04,48
79872,9984,-43851.29,88.84,79.78,48
79872,9984,-197103.38,91.12,337.38,48
79872,9984,-120234.23,88.79,207.98,48
79872,9984,-8182.43,90.69,20.22,48
80256,10032,-6771.09,89.37,17.76,48
80256,10032,-170622.65,87.57,292.52,48
80256,10032,-58338.53,91.15,104.39,48
80256,10032,-181584.48,28.48,305.11,48
80256,10032,-70322.95,90.70,124.34,48
80256,10032,-175189.69,88.35,300.16,48
80256,10032,-12705.28,87.31,27.21,48
80256,10032,3207.82,88.72,0.68,48
80640,10080,-76113.24,35.69,128.94,48
80640,10080,-232780.45,91.61,397.14,48
80640,10080,-55249.60,88.05,98.79,48
80640,10080,-173213.67,34.40,291.35,48
80640,10080,-127373.83,90.57,220.14,48
80640,10080,-33423.40,92.20,62.72,48
80640,10080,-2056.04,32.45,4.20,48
80640,10080,-91425.87,91.67,160.06,48
81024,10128,-54381.97,31.37,92.00,48
81024,10128,-18364.53,90.29,37.10,48
81024,10128,-2216.20,89.00,9.91,48
81024,10128,-151309.00,89.19,260.30,48
81024,10128,-59098.79,32.30,100.27,48
81024,10128,-133396.65,90.07,230.28,48
81024,10128,-27535.82,90.55,52.68,48
81024,10128,-1385.84,30.76,2.91,48
81408,10176,-183351.03,30.60,308.29,48
81408,10176,-230423.35,33.14,387.23,48
81408,10176,-8077.27,32.29,14.47,48
81408,10176,-186003.38,31.08,312.87,48
81408,10176,-162818.52,88.38,279.44,48
81408,10176,-32559.03,88.56,60.86,48
81408,10176,-24118.41,32.55,41.14,48
81408,10176,-29582.69,89.72,56.12,48
81792,10224,-62558.66,91.17,111.45,48
81792,10224,-44995.53,28.18,75.88,48
81792,10224,-417270.15,26.06,700.64,48
81792,10224,-210157.62,89.55,358.79,48
81792,10224,-72940.76,88.73,128.70,48
81792,10224,-49082.66,28.90,82.60,48
81792,10224,-242862.38,89.97,413.94,48
81792,10224,-47918.67,86.94,86.12,48
82176,10272,-214238.01,89.81,366.01,48
82176,10272,460.91,87.73,5.03,48
82176,10272,-38579.79,89.01,71.00,48
82176,10272,459.98,26.82,0.00,48
82176,10272,-42250.51,89.56,77.10,48
82176,10272,-61439.43,87.73,109.05,48
82176,10272,-38235.20,91.08,70.64,48
82176,10272,-9173.98,87.44,21.36,48
82560,10320,-9002.78,85.90,20.74,48
82560,10320,-23877.95,30.25,40.89,48
82560,10320,-93369.25,90.97,163.28,48
82560,10320,-229845.24,89.42,392.15,48
82560,10320,-89347.85,94.37,157.16,48
82560,10320,-35802.60,88.96,66.37,48
82560,10320,-5380.50,23.62,9.38,48
82560,10320,-296349.59,32.36,497.70,48
82944,10368,-5156.38,86.93,14.57,48
82944,10368,-533430.49,31.46,896.05,48
82944,10368,-30152.37,31.58,51.10,48
82944,10368,-40245.60,90.61,74.10,48
82944,10368,-16488.34,90.77,34.04,48
82944,10368,-142610.50,89.27,245.52,48
82944,10368,-632.33,35.73,1.92,48
82944,10368,-24574.18,89.53,47.76,48
83328,10416,-38649.76,91.60,71.49,48
83328,10416,-66709.42,90.72,118.31,48
83328,10416,-118506.00,31.09,199.52,48
83328,10416,-94143.81,90.08,164.36,48
83328,10416,-1256.38,89.39,8.40,48
83328,10416,768.53,87.13,4.68,48
83328,10416,-206375.45,35.59,347.43,48
83328,10416,-168074.08,87.54,287.98,48
83712,10464,-5756.10,86.71,15.58,48
83712,10464,-41494.61,85.52,75.25,48
83712,10464,-948.30,88.89,7.75,48
83712,10464,-42316.08,88.75,76.92,48
83712,10464,-66879.93,87.67,118.35,48
83712,10464,-3537978501666295.00,31.97,5937500000292.72,48
83712,10464,-96746.02,90.60,168.74,48
83712,10464,-75394.64,28.47,126.83,48
84096,10512,-60631.13,36.56,102.73,48
84096,10512,-19315.45,31.65,33.43,48
84096,10512,-155622.51,90.88,267.58,48
84096,10512,-88276.24,85.74,153.87,48
84096,10512,-59223.10,92.29,106.01,48
84096,10512,385.99,88.27,5.30,48
84096,10512,-74902.41,84.92,131.49,48
84096,10512,-149817.46,89.73,257.69,48
84480,10560,-45765.28,90.51,83.07,48
84480,10560,-4046.92,29.88,7.73,48
84480,10560,-23478.53,89.26,45.80,48
84480,10560,-21491.92,88.12,42.12,48
84480,10560,-177570.09,88.00,304.08,48
84480,10560,-9988.87,88.01,22.92,48
84480,10560,-114934.71,91.29,199.43,48
84480,10560,-71319.92,33.74,120.67,48
84864,10608,-192995.15,87.63,329.89,48
84864,10608,-34471.93,90.86,64.24,48
84864,10608,-40637.52,90.61,74.62,48
84864,10608,-111740.15,89.41,193.65,48
84864,10608,-14456.10,87.70,30.15,48
84864,10608,-39790.26,29.41,67.38,48
84864,10608,-30930.19,87.58,58.11,48
84864,10608,-53272.01,89.97,95.82,48
85248,10656,-592733.95,29.52,995.35,48
85248,10656,-11888.17,27.33,21.04,48
85248,10656,-222715.51,89.10,379.99,48
85248,10656,-39913.87,88.93,73.20,48
85248,10656,-50352.58,86.59,90.33,48
85248,10656,-86610.97,89.03,151.53,48
85248,10656,-45271.80,87.08,81.90,48
85248,10656,-72047.12,90.05,127.29,48
85632,10704,-46494.63,88.04,84.02,48
85632,10704,-44301.66,36.18,75.33,48
85632,10704,-13837.14,90.15,29.46,48
85632,10704,819.60,88.28,4.73,48
85632,10704,-134354.17,88.83,231.62,48
85632,10704,-73530.69,86.39,129.18,48
85632,10704,-56315.11,87.91,100.65,48
85632,10704,-27567.50,88.79,52.26,48
86016,10752,-29742.29,32.53,50.42,48
86016,10752,-121746.28,33.53,205.47,48
86016,10752,-74428.32,87.82,130.71,48
86016,10752,-48820.62,90.35,88.42,48
86016,10752,-136034.89,29.74,229.06,48
86016,10752,-2178.75,89.98,10.04,48
86016,10752,-224038.45,31.02,376.63,48
86016,10752,-96854.19,89.53,168.72,48
86400,10800,-65853.63,30.83,111.46,48
86400,10800,-85138.95,90.59,149.22,48
86400,10800,-119218.25,92.31,206.80,48
86400,10800,-392.58,29.36,1.19,48
86400,10800,-35747.64,91.73,66.71,48
86400,10800,-10664.31,34.30,18.59,48
86400,10800,-16668.45,27.41,28.63,48
86400,10800,-32965.07,27.10,55.72,48
86784,10848,-25165.78,90.77,48.70,48
86784,10848,-2884.85,28.48,5.54,48
86784,10848,-114588.86,90.08,198.62,48
86784,10848,-51740.00,27.36,87.21,48
86784,10848,-3537978501629506.50,88.94,5937500000236.20,48
86784,10848,-3537978501677812.50,88.22,5937500000317.03,48
86784,10848,-212910.15,31.37,358.02,48
86784,10848,-168293.85,91.27,289.03,48
87168,10896,-8402.71,91.43,20.60,48
87168,10896,-54542.43,32.45,92.24,48
87168,10896,-13925.17,29.47,23.91,48
87168,10896,-78351.05,28.01,131.60,48
87168,10896,2516.70,88.72,2.03,48
87168,10896,-121982.32,84.79,210.35,48
87168,10896,-269542.76,88.74,458.49,48
87168,10896,615.32,89.01,5.18,48
87552,10944,-22298.05,89.45,43.69,48
87552,10944,-49321.70,28.97,83.44,48
87552,10944,-54373.34,87.85,97.14,48
87552,10944,-13469.62,89.15,28.86,48
87552,10944,-46583.16,91.70,84.75,48
87552,10944,-265079.51,92.07,451.47,48
87552,10944,-88674.36,30.89,149.63,48
87552,10944,-34390.23,86.45,63.53,48
87936,10992,-153208.71,87.90,263.16,48
87936,10992,-37631.37,90.60,69.71,48
87936,10992,-89192.74,92.12,156.51,48
87936,10992,-73280.55,92.15,129.66,48
87936,10992,-765014.32,34.83,1284.86,48
87936,10992,-6922.17,89.79,18.13,48
87936,10992,-15977.14,30.98,27.65,48
87936,10992,-35477.43,26.89,59.81,48
88320,11040,-8011.36,36.15,14.54,48
88320,11040,-129258.70,91.37,223.51,48
88320,11040,-8934.05,88.68,21.23,48
88320,11040,-169038.78,88.62,289.95,48
88320,11040,-68735.10,91.40,121.78,48
88320,11040,-47712.25,85.46,85.61,48
88320,11040,-3312.19,90.65,11.99,48
88320,11040,-17929.19,90.23,36.48,48
88704,11088,-71679.71,86.77,126.21,48
88704,11088,-162341.28,90.41,278.77,48
88704,11088,-1955.39,89.28,9.67,48
88704,11088,-14812.21,85.97,30.72,48
88704,11088,-15883.72,90.33,33.15,48
88704,11088,-26202.90,88.48,50.06,48
88704,11088,-5137.91,87.99,14.76,48
88704,11088,2013.89,88.71,2.70,48
89088,11136,-118789.12,90.25,205.73,48
89088,11136,-74164.59,91.47,131.07,48
89088,11136,1305.68,91.27,4.35,48
89088,11136,-65188.60,90.38,115.74,48
89088,11136,-525302.74,92.79,888.31,48
89088,11136,-13219.99,90.18,28.58,48
89088,11136,-36732.96,28.32,62.26,48
89088,11136,-274007.67,33.86,460.74,48
89472,11184,-1825.00,88.59,9.42,48
89472,11184,-47007.97,32.70,79.97,48
89472,11184,-529718.14,35.12,889.76,48
89472,11184,-8046.26,89.02,19.78,48
89472,11184,-24889.71,29.29,42.37,48
89472,11184,-596604.25,36.54,1002.29,48
89472,11184,-208138.07,91.02,355.82,48
89472,11184,-126505.31,30.44,212.86,48
89856,11232,-202381.04,91.02,346.20,48
89856,11232,-168541.30,91.33,289.38,48
89856,11232,-241550.38,90.45,411.77,48
89856,11232,-182294.70,90.92,312.35,48
89856,11232,-372418789817279.94,28.15,625000000313.35,48
89856,11232,-181139.07,29.38,304.54,48
89856,11232,-27999.14,84.94,53.05,48
89856,11232,-311617.38,88.03,529.02,48
90240,11280,-73062.29,30.33,123.64,48
90240,11280,-112585.99,26.98,189.01,48
90240,11280,3506.85,87.95,0.41,48
90240,11280,-22538.28,90.18,44.25,48
90240,11280,-175579.57,89.81,300.94,48
90240,11280,-63496.92,87.93,112.65,48
90240,11280,-91948.04,30.57,155.12,48
90240,11280,-20367.75,88.37,40.23,48
90624,11328,-154688.25,88.61,265.89,48
90624,11328,-268959.75,90.03,457.51,48
90624,11328,-14250.13,89.75,30.21,48
90624,11328,-38965.52,89.12,71.71,48
90624,11328,-76452.85,89.06,134.52,48
90624,11328,-28293.80,90.84,53.99,48
90624,11328,-60444.11,90.44,107.82,48
90624,11328,-114967.72,33.11,193.69,48
91008,11376,-237440.86,89.93,404.83,48
91008,11376,-528385.28,27.04,887.16,48
91008,11376,-2313.88,88.72,10.11,48
91008,11376,-118768.22,88.75,205.39,48
91008,11376,-1489675158684251.00,91.08,2500000000276.88,48
91008,11376,-7451.69,26.92,13.15,48
91008,11376,-10120.23,87.16,23.05,48
91008,11376,2390.01,89.57,2.37,48
91392,11424,-74178.74,30.99,125.67,48
91392,11424,-451927.50,88.02,764.48,48
91392,11424,-14261.87,90.67,30.47,48
91392,11424,-46467.40,90.71,84.42,48
91392,11424,-46456.66,91.57,84.71,48
91392,11424,-16714.62,89.63,34.39,48
91392,11424,-22559.52,89.85,44.23,48
91392,11424,-589399.53,87.24,995.12,48
91776,11472,-74347.33,91.51,131.33,48
91776,11472,-3166.89,34.70,6.31,48
91776,11472,-51454.13,92.34,93.17,48
91776,11472,-148585.19,87.10,255.49,48
91776,11472,-610970.02,90.87,1031.71,48
91776,11472,-215994.12,29.36,362.94,48
91776,11472,-23081.08,29.50,39.06,48
91776,11472,-6442.14,30.96,11.49,48
92160,11520,-92169.93,86.20,160.60,48
92160,11520,-150.91,25.30,0.66,48
92160,11520,-80372.96,89.99,141.34,48
92160,11520,-20729.97,87.85,40.89,48
92160,11520,-3537978501689807.00,90.30,5937500000337.32,48
92160,11520,-90967.82,88.89,159.02,48
92160,11520,-17225.24,90.12,35.20,48
92160,11520,-390825.65,89.25,662.07,48
92544,11568,-610191.96,30.77,1024.91,48
92544,11568,-151914.56,90.72,261.48,48
92544,11568,-15921.40,90.13,33.03,48
92544,11568,-174371.49,90.86,299.17,48
92544,11568,-92712.02,86.99,161.49,48
92544,11568,-79025.92,85.50,138.30,48
92544,11568,-184701.65,90.13,316.35,48
92544,11568,-12941.60,90.74,28.18,48
92928,11616,102.63,28.13,0.31,48
92928,11616,-111316.11,27.67,187.16,48
92928,11616,-99643.03,32.23,167.87,48
92928,11616,-80771.17,90.25,141.86,48
92928,11616,-49240.46,86.87,88.60,48
92928,11616,-199304.32,30.12,334.85,48
92928,11616,-103908.88,89.11,180.78,48
92928,11616,-97063.93,88.00,168.71,48
93312,11664,-7444.27,88.01,18.69,48
93312,11664,-688068.27,90.50,1161.13,48
93312,11664,-18947.37,88.02,38.03,48
93312,11664,-16016.25,27.52,27.47,48
93312,11664,-45538.83,89.56,82.91,48
93312,11664,-66335.95,34.40,112.23,48
93312,11664,-11995.50,91.36,26.66,48
93312,11664,-93916.35,30.68,158.40,48
93696,11712,-36559.61,91.66,67.97,48
93696,11712,-744026.34,93.75,1255.53,48
93696,11712,-155933.35,30.38,262.45,48
93696,11712,-37121.20,89.30,68.41,48
93696,11712,-42385.99,87.26,77.15,48
93696,11712,1321.05,89.64,4.15,48
93696,11712,-148070.46,87.70,254.58,48
93696,11712,-417080.83,31.71,700.74,48
94080,11760,-2985.24,90.68,11.48,48
94080,11760,-52131.99,90.42,93.88,48
94080,11760,-105469.27,30.17,177.71,48
94080,11760,-15394.12,87.27,31.97,48
94080,11760,-24656.65,26.87,42.00,48
94080,11760,-10526.99,28.92,17.98,48
94080,11760,-73907.69,87.84,129.95,48
94080,11760,-18602.59,29.07,31.80,48
94464,11808,-77286.30,90.79,136.33,48
94464,11808,-79496.70,89.11,139.65,48
94464,11808,-99397.33,30.69,167.36,48
94464,11808,-16771.71,27.89,28.49,48
94464,11808,-26058.11,87.91,49.89,48
94464,11808,-63045.74,87.46,111.89,48
94464,11808,-931046974275361.12,90.23,1562500000339.23,48
94464,11808,-50290.31,89.07,90.69,48
94848,11856,-158527.49,87.12,272.06,48
94848,11856,2095.67,88.26,2.53,48
94848,11856,-23900.81,88.32,46.13,48
94848,11856,-81339.45,88.62,142.54,48
94848,11856,-142113.27,91.68,245.11,48
94848,11856,-15782.57,29.15,27.13,48
94848,11856,-142423.96,88.62,245.42,48
94848,11856,-76529.73,89.27,134.40,48
95232,11904,-22748.67,34.43,39.02,48
95232,11904,-150411.61,32.28,253.29,48
95232,11904,-8774.68,90.83,21.22,48
95232,11904,-1520.69,88.92,8.73,48
95232,11904,-12511.21,90.01,27.21,48
95232,11904,-91945.96,88.54,160.36,48
95232,11904,-33975.05,87.53,63.00,48
95232,11904,-24059.30,86.40,46.34,48
95616,11952,-48754.27,26.00,82.54,48
95616,11952,-5279.37,92.41,15.60,48
95616,11952,-40846.88,89.69,74.77,48
95616,11952,-74490.60,87.20,130.99,48
95616,11952,-56696.40,30.16,95.83,48
95616,11952,-202622.50,88.18,346.11,48
95616,11952,-67692.07,92.67,120.39,48
95616,11952,-182340.60,88.44,312.16,48
96000,12000,-25424.50,32.31,43.34,48
96000,12000,-3719.49,30.14,7.16,48
96000,12000,-26664.08,89.28,50.94,48
96000,12000,-469939.24,86.14,794.38,48
96000,12000,-32510.87,91.76,61.28,48
96000,12000,-46151.59,90.53,84.02,48
96000,12000,-53598.77,85.26,95.74,48
96000,12000,-23175.60,29.30,39.43,48
96384,12048,-119025.26,90.01,206.09,48
96384,12048,-3537978501674301.50,90.20,5937500000311.29,48
96384,12048,-14457.94,89.02,30.35,48
96384,12048,-1118.16,32.39,2.70,48
96384,12048,-22102.33,89.35,43.33,48
96384,12048,-48614.95,88.25,87.69,48
96384,12048,-31759.93,27.76,53.77,48
96384,12048,-60470.61,85.97,107.38,48
96768,12096,-394270.45,28.83,662.09,48
96768,12096,-20286.08,89.14,40.37,48
96768,12096,2162.88,90.44,2.66,48
96768,12096,-5030.10,88.74,14.36,48
96768,12096,1888.96,91.45,3.37,48
96768,12096,-145069.11,32.76,244.17,48
96768,12096,-21515.14,32.43,36.72,48
96768,12096,-59558.58,91.61,106.59,48
97152,12144,-41406.22,86.28,75.52,48
97152,12144,-73457.84,90.75,129.90,48
97152,12144,-393418.25,27.10,660.68,48
97152,12144,-36328.94,28.48,61.70,48
97152,12144,-49471.49,31.58,83.73,48
97152,12144,-34293.08,30.90,57.91,48
97152,12144,-53571.70,89.93,96.28,48
97152,12144,-158082.58,87.81,271.26,48
97536,12192,-458895.07,29.84,770.92,48
97536,12192,-48137.85,89.62,87.01,48
97536,12192,-56393.84,87.00,100.79,48
97536,12192,-23235.01,30.90,39.50,48
97536,12192,-43219.89,90.90,78.93,48
97536,12192,-29219.58,88.30,55.24,48
97536,12192,-50990.33,92.63,92.27,48
97536,12192,-1901.50,29.98,3.96,48
97920,12240,-695739.24,32.95,1168.46,48
97920,12240,-180185.54,35.92,303.00,48
97920,12240,-34309.41,87.00,63.64,48
97920,12240,-152874.29,29.48,257.11,48
97920,12240,1169.07,90.72,4.33,48
97920,12240,-91916.11,30.86,154.59,48
97920,12240,-126235.42,91.08,218.52,48
97920,12240,-2610.92,30.14,5.03,48
98304,12288,-28590.57,87.32,54.09,48
98304,12288,-32641.59,24.37,55.01,48
98304,12288,-19773.60,88.32,39.26,48
98304,12288,-33342.72,88.36,62.20,48
98304,12288,2884.45,88.43,1.31,48
98304,12288,-7448375792828668.00,32.48,12500000000357.77,48
98304,12288,-71905.58,88.78,126.77,48
98304,12288,-269027.10,89.12,457.54,48
98688,12336,-477931.01,86.17,807.81,48
98688,12336,859.03,86.30,4.71,48
98688,12336,-107841.16,88.79,187.30,48
98688,12336,-10141.64,32.91,17.80,48
98688,12336,-21642.32,90.90,42.86,48
98688,12336,-39983.88,91.68,73.67,48
98688,12336,-205408.61,89.53,351.05,48
98688,12336,-37265.32,89.38,68.84,48
99072,12384,-75376.96,29.61,127.08,48
99072,12384,-139797.90,89.03,240.77,48
99072,12384,-54726.48,87.20,97.90,48
99072,12384,-192465.30,88.17,329.15,48
99072,12384,-5828.56,87.89,15.87,48
99072,12384,1853.72,88.75,3.05,48
99072,12384,-23205.66,87.05,44.78,48
99072,12384,-3734.91,89.24,12.52,48
99456,12432,-87217.06,85.97,152.31,48
99456,12432,-143536.68,86.73,246.69,48
99456,12432,-74021.65,30.15,124.78,48
99456,12432,-27029.70,89.03,51.63,48
99456,12432,-175741.24,89.14,301.22,48
99456,12432,-102864.58,33.73,173.69,48
99456,12432,-135805.36,91.30,234.39,48
99456,12432,-12502.01,32.01,21.95,48
99840,12480,-473773.38,90.88,801.58,48
99840,12480,-200263.32,30.68,336.87,48
99840,12480,-62642.22,86.93,110.85,48
99840,12480,-75267.88,31.77,126.78,48
99840,12480,-92826.20,88.50,161.90,48
99840,12480,-4095.17,89.92,13.18,48
99840,12480,-170088.20,87.55,291.52,48
99840,12480,-53736.43,88.68,96.25,48
100224,12528,-40642.66,90.55,74.63,48
100224,12528,-2296582536269528.50,31.18,3854166667024.38,48
100224,12528,-91103.53,90.77,159.39,48
100224,12528,-931046974287074.62,92.55,1562500000359.31,48
100224,12528,-6961.33,88.13,17.82,48
100224,12528,-127680.97,29.47,214.98,48
100224,12528,-277870.61,29.37,466.81,48
100224,12528,-8058.00,31.56,14.38,48
100608,12576,-10707.49,32.95,18.52,48
100608,12576,-372418789770427.25,89.05,625000000240.36,48
100608,12576,-150619.50,93.09,259.57,48
100608,12576,-931046974216601.00,86.78,1562500000240.06,48
100608,12576,-59997.66,92.21,107.26,48
100608,12576,-223278.62,29.87,375.44,48
100608,12576,-34246.88,90.60,63.94,48
100608,12576,-119165.32,92.06,206.57,48
100992,12624,-47903.24,26.44,80.80,48
100992,12624,-720513.27,91.06,1215.72,48
100992,12624,-122655.40,31.56,206.43,48
100992,12624,-2296582536256128.00,93.02,3854166667008.39,48
100992,12624,-194208.28,91.32,332.43,48
100992,12624,-156532.87,89.35,268.83,48
100992,12624,-5938.60,28.30,10.68,48
100992,12624,-40355.63,29.23,68.59,48
101376,12672,-25427.10,87.95,48.66,48
101376,12672,-70947.74,90.52,125.48,48
101376,12672,-27858.65,29.57,47.29,48
101376,12672,-66004.40,88.26,116.82,48
101376,12672,68.95,27.17,0.65,48
101376,12672,-186039.55,89.83,318.34,48
101376,12672,-39962.83,86.97,73.17,48
101376,12672,-162827.15,31.91,274.27,48
101760,12720,-303842.91,88.68,516.15,48
101760,12720,-141590.58,27.67,238.36,48
101760,12720,-11069.58,86.59,24.44,48
101760,12720,-2199.62,32.26,4.43,48
101760,12720,-2296582536252119.50,91.61,3854166667001.60,48
101760,12720,-3537978501651687.50,90.16,5937500000273.29,48
101760,12720,3502.29,88.54,0.33,48
101760,12720,698.78,91.02,5.40,48
102144,12768,-72840.36,30.01,122.89,48
102144,12768,-111314.84,88.59,192.98,48
102144,12768,-20956.97,31.93,35.63,48
102144,12768,-197933.13,88.37,338.11,48
102144,12768,-201782.07,31.04,339.03,48
102144,12768,-11936.44,89.00,26.24,48
102144,12768,-102735.78,34.89,173.26,48
102144,12768,-44387.71,87.65,80.32,48
102528,12816,-150970.12,88.41,259.49,48
102528,12816,-765056.98,90.29,1290.14,48
102528,12816,-489.84,31.77,2.07,48
102528,12816,-372418789820947.50,31.05,625000000319.96,48
102528,12816,-15914.72,85.47,32.62,48
102528,12816,-16535.78,34.34,28.90,48
102528,12816,-77313.93,28.17,130.42,48
102528,12816,-35337.08,89.56,65.58,48
102912,12864,-95021.45,88.23,165.77,48
102912,12864,-14049.36,34.87,24.45,48
102912,12864,-80963.20,26.85,136.46,48
102912,12864,2741.95,86.33,1.33,48
102912,12864,-244491.09,89.02,416.51,48
102912,12864,-4042.00,27.28,7.43,48
102912,12864,-28022.80,90.10,53.34,48
102912,12864,-35596.79,86.04,65.62,48
103296,12912,-54851.12,29.80,92.76,48
103296,12912,-66591.63,91.09,118.42,48
103296,12912,-88585.80,88.48,154.84,48
103296,12912,-64583.34,30.07,108.93,48
103296,12912,-38461.76,92.60,71.35,48
103296,12912,-24780.67,30.33,42.28,48
103296,12912,-19440.06,37.30,33.74,48
103296,12912,-50498.24,88.48,90.94,48
103680,12960,-21345.69,89.07,42.11,48
103680,12960,-15420.50,89.80,32.20,48
103680,12960,-7448375792756357.00,90.39,12500000000242.25,48
103680,12960,-7241.93,89.43,18.37,48
103680,12960,-72111.44,88.22,127.31,48
103680,12960,-2386.26,32.82,5.13,48
103680,12960,-59318.55,86.64,105.45,48
103680,12960,-26962.37,32.08,46.12,48
104064,13008,-2109.90,89.79,10.00,48
104064,13008,-97972.40,33.65,164.91,48
104064,13008,-171748.12,29.37,288.79,48
104064,13008,-931046974293376.88,32.31,1562500000363.72,48
104064,13008,2670.75,90.61,1.89,48
104064,13008,-65238.43,89.40,115.75,48
104064,13008,-966.29,91.31,8.16,48
104064,13008,-13385.71,33.70,23.61,48
104448,13056,-434839.50,89.50,735.89,48
104448,13056,-133115.14,88.64,229.49,48
104448,13056,347.16,31.68,0.31,48
104448,13056,-51362.28,89.60,92.46,48
104448,13056,-4121.75,30.78,7.75,48
104448,13056,-20777.20,30.78,35.93,48
104448,13056,-596.74,27.07,1.19,48
104448,13056,-184788.09,88.75,316.35,48
104832,13104,-59646.42,29.40,100.95,48
104832,13104,-10640.78,87.92,23.85,48
104832,13104,-1489675158748608.75,90.43,2500000000384.67,48
104832,13104,-14209.41,87.52,29.90,48
104832,13104,3259.82,89.14,0.72,48
104832,13104,-76970.93,89.06,135.56,48
104832,13104,-407582.23,90.36,690.31,48
104832,13104,-44879.25,31.45,76.17,48
105216,13152,-70061.02,90.17,123.91,48
105216,13152,-42860.48,88.12,78.15,48
105216,13152,-1489675158648113.50,24.63,2500000000210.18,48
105216,13152,-92185.26,90.89,161.14,48
105216,13152,-457324.38,85.90,773.36,48
105216,13152,-333806.64,89.40,566.46,48
105216,13152,-33564.39,29.28,57.37,48
105216,13152,-27493.07,87.92,52.23,48
105600,13200,-85504.53,88.15,149.53,48
105600,13200,-46.24,90.17,6.36,48
105600,13200,-81713.26,93.85,144.11,48
105600,13200,-62905.45,33.99,106.62,48
105600,13200,-46716.92,90.04,84.61,48
105600,13200,-8574.93,90.20,20.78,48
105600,13200,-931046974317718.75,33.23,1562500000404.62,48
105600,13200,-25378.50,92.13,49.30,48
105984,13248,-64012.38,22.72,107.53,48
105984,13248,-600522.16,90.69,1014.25,48
105984,13248,-25355.35,90.63,49.08,48
105984,13248,-75509.78,87.50,132.62,48
105984,13248,-25965.16,28.00,44.19,48
105984,13248,-45621.67,32.00,77.01,48
105984,13248,-326825.39,86.10,554.41,48
105984,13248,-85815.24,92.45,150.69,48
106368,13296,-95693.02,91.13,167.14,48
106368,13296,-43813.41,26.66,74.07,48
106368,13296,-5135.60,27.48,9.57,48
106368,13296,-82174.97,29.44,138.29,48
106368,13296,-1359.47,27.47,2.72,48
106368,13296,-102500.88,86.84,177.74,48
106368,13296,2579.14,90.30,2.18,48
106368,13296,-11616.09,88.97,25.63,48
106752,13344,3879.01,90.04,0.00,48
106752,13344,-152136.33,88.11,261.48,48
106752,13344,-141520.24,88.09,243.47,48
106752,13344,-50556.02,27.00,85.63,48
106752,13344,-30438.76,89.43,57.42,48
106752,13344,-26670.52,28.91,45.14,48
106752,13344,-93847.33,90.95,163.90,48
106752,13344,-75742.96,29.56,127.43,48
107136,13392,-148003.98,87.16,254.43,48
107136,13392,-66314.67,87.87,117.38,48
107136,13392,-66870.24,88.18,118.33,48
107136,13392,-41358.26,28.26,70.05,48
107136,13392,-158700.75,29.90,266.87,48
107136,13392,-40266.39,90.05,73.93,48
107136,13392,-38994.82,32.02,66.23,48
107136,13392,-94311.36,30.80,158.97,48
107520,13440,-94593.30,87.68,164.56,48
107520,13440,-34863.16,89.05,64.83,48
107520,13440,-54388.96,89.45,97.76,48
107520,13440,-2834.95,90.19,11.25,48
107520,13440,-22791.00,89.67,44.59,48
107520,13440,-164478.48,88.68,282.07,48
107520,13440,-51843.51,87.45,92.97,48
107520,13440,-170656.83,35.44,287.48,48
107904,13488,-680020.76,90.89,1147.71,48
107904,13488,-202818.62,33.06,341.13,48
107904,13488,-172924.33,30.70,290.76,48
107904,13488,-185.91,86.95,6.38,48
107904,13488,-173639.88,30.80,292.04,48
107904,13488,-165907.92,86.76,284.13,48
107904,13488,-99935.10,88.85,173.89,48
107904,13488,-94711.38,92.55,165.63,48
108288,13536,-122277.45,91.16,211.65,48
108288,13536,-18172.96,30.98,30.94,48
108288,13536,-10755.14,86.34,23.83,48
108288,13536,-196736.91,89.93,336.53,48
108288,13536,-6349.62,90.01,17.12,48
108288,13536,-80998.59,26.84,136.54,48
108288,13536,290.93,32.86,0.00,48
108288,13536,-61789.79,90.56,110.31,48
108672,13584,-371.87,89.42,7.07,48
108672,13584,-16978.26,30.88,29.49,48
108672,13584,-58148.42,89.42,103.92,48
108672,13584,-5372.83,90.58,15.37,48
108672,13584,-65122.42,90.22,115.81,48
108672,13584,-6399.10,88.82,16.91,48
108672,13584,-16991.70,26.26,29.05,48
108672,13584,-71071.47,88.04,125.42,48
109056,13632,-5065.84,25.43,8.90,48
109056,13632,-28558.97,89.59,54.32,48
109056,13632,-100982.52,89.12,175.54,48
109056,13632,-6090.78,85.07,15.89,48
109056,13632,-36679.76,89.62,67.85,48
109056,13632,-3537978501605941.50,87.20,5937500000196.46,48
109056,13632,-46469.95,88.97,84.08,48
109056,13632,-79946.44,29.46,134.79,48
109440,13680,-14775.40,89.11,31.01,48
109440,13680,-208060.05,87.86,355.22,48
109440,13680,-254977.54,29.20,428.58,48
109440,13680,-40249.76,29.90,68.17,48
109440,13680,-25288.04,88.38,48.53,48
109440,13680,-84569.28,90.14,148.25,48
109440,13680,-12027.03,86.28,25.95,48
109440,13680,-183290.33,92.07,314.32,48
109824,13728,-18135.47,91.69,36.96,48
109824,13728,-89429.36,31.73,150.98,48
109824,13728,-11703.39,91.49,26.22,48
109824,13728,-6179.23,87.77,16.45,48
109824,13728,-45170.64,87.72,81.77,48
109824,13728,-17451.98,89.30,35.73,48
109824,13728,-74471.70,93.21,131.87,48
109824,13728,-228656.06,90.34,390.24,48
110208,13776,-88443.24,90.24,154.62,48
110208,13776,-63796.97,93.46,114.03,48
110208,13776,-117675.80,87.26,203.48,48
110208,13776,-99786.65,89.51,173.66,48
110208,13776,-83623.40,90.41,146.78,48
110208,13776,3649.59,90.23,0.31,48
110208,13776,-235530.79,88.22,401.30,48
110208,13776,-158745.63,34.59,267.49,48
110592,13824,-171133.95,33.08,288.03,48
110592,13824,-35734.54,29.83,60.59,48
110592,13824,-26288.64,85.60,49.82,48
110592,13824,-47058.37,86.03,84.68,48
110592,13824,3585.67,92.14,0.69,48
110592,13824,-60544.04,89.15,107.79,48
110592,13824,-137296.16,88.67,236.36,48
110592,13824,-62472.19,90.06,111.36,48
110976,13872,-78499.84,88.04,138.05,48
110976,13872,-17815.08,90.95,36.50,48
110976,13872,-130386.20,88.02,224.83,48
110976,13872,-60155.85,29.46,101.15,48
110976,13872,-16395.07,92.03,34.12,48
110976,13872,-19124.87,29.50,32.90,48
110976,13872,-40732.19,89.74,74.68,48
110976,13872,-181778.46,90.10,311.51,48
111360,13920,-98560.80,91.37,171.80,48
111360,13920,-261966.70,86.29,445.48,48
111360,13920,-129402.09,33.35,218.15,48
111360,13920,-7139.91,90.80,18.54,48
111360,13920,-86877.60,88.71,152.04,48
111360,13920,-27630.80,91.87,53.02,48
111360,13920,-221489.36,87.37,377.58,48
111360,13920,2702.52,86.25,1.39,48
111744,13968,-41268.08,85.67,75.01,48
111744,13968,-458390.55,89.75,775.55,48
111744,13968,-215078.01,34.00,361.65,48
111744,13968,-128386.17,33.70,216.51,48
111744,13968,-64613.52,89.76,114.78,48
111744,13968,-162027.54,86.76,277.90,48
111744,13968,-62965.59,89.53,111.92,48
111744,13968,-14391.28,86.86,30.14,48
112128,14016,-1489675158720556.75,28.99,2500000000331.81,48
112128,14016,-104656.92,32.62,176.25,48
112128,14016,-9476.80,85.60,21.90,48
112128,14016,-121620.27,88.25,210.18,48
112128,14016,-110618.49,87.26,191.63,48
112128,14016,-42942.33,89.97,78.54,48
112128,14016,-48880.01,87.02,88.05,48
112128,14016,-6682.87,90.23,17.66,48
112512,14064,-54300.14,32.93,92.19,48
112512,14064,-15435.38,32.83,26.56,48
112512,14064,-22599.73,87.35,44.00,48
112512,14064,-280125.52,90.27,476.45,48
112512,14064,-8023.99,86.94,19.43,48
112512,14064,-86513.65,91.08,151.70,48
112512,14064,2866.28,89.23,1.48,48
112512,14064,-117856.53,90.45,204.16,48
112896,14112,-12982.13,88.01,27.81,48
112896,14112,-3537978501761541.00,90.48,5937500000457.85,48
112896,14112,-90488.44,26.74,152.36,48
112896,14112,-98017.68,30.34,164.94,48
112896,14112,3604.08,89.08,0.00,48
112896,14112,-584055.51,87.79,986.07,48
112896,14112,-14369.49,31.40,24.81,48
112896,14112,-30131.39,35.50,51.47,48
113280,14160,-85772.31,90.58,150.27,48
113280,14160,-126027.74,90.56,217.90,48
113280,14160,-27510.63,33.88,47.18,48
113280,14160,-126938.08,27.69,213.23,48
113280,14160,-85913.59,89.16,150.27,48
113280,14160,-1895.68,30.99,3.50,48
113280,14160,-600858.98,84.99,1014.16,48
113280,14160,-477959.41,87.75,808.17,48
113664,14208,-84901.52,86.63,148.28,48
113664,14208,-147556.21,30.42,248.28,48
113664,14208,-31011.24,92.87,58.81,48
113664,14208,-76021.66,30.47,128.50,48
113664,14208,-65450.79,88.85,116.01,48
113664,14208,-61827.62,90.76,110.16,48
113664,14208,-11493.16,88.77,25.62,48
113664,14208,-62459.89,83.86,110.53,48
114048,14256,-24891.40,88.33,47.80,48
114048,14256,-3537978501697960.50,89.74,5937500000351.08,48
114048,14256,-70773.74,28.86,119.50,48
114048,14256,-44199.01,89.49,80.40,48
114048,14256,-232228.75,89.70,396.04,48
114048,14256,-35607.35,86.23,65.44,48
114048,14256,-85874.89,88.69,150.20,48
114048,14256,-47931.31,89.94,86.78,48
114432,14304,-28810.33,29.60,48.75,48
114432,14304,-136184.63,90.01,234.81,48
114432,14304,-20211.24,91.19,40.53,48
114432,14304,-119693.96,89.75,207.05,48
114432,14304,-47314.61,88.58,85.63,48
114432,14304,-103454.75,31.48,174.00,48
114432,14304,-390383.26,87.71,661.04,48
114432,14304,-107452.91,87.44,186.25,48
114816,14352,-178.03,31.81,1.16,48
114816,14352,-1489675158677603.00,89.51,2500000000265.38,48
114816,14352,-47675.44,27.02,80.52,48
114816,14352,-188683.77,37.65,317.64,48
114816,14352,-551230.23,31.12,925.69,48
114816,14352,2297.57,88.65,2.20,48
114816,14352,-155930.22,85.81,267.37,48
114816,14352,-83256.66,89.66,145.98,48
115200,14400,-35885.97,30.92,60.96,48
115200,14400,-20120.28,33.84,34.63,48
115200,14400,-25917.57,29.28,44.21,48
115200,14400,-6302.56,89.91,16.85,48
115200,14400,-102362.65,29.33,172.22,48
115200,14400,-50096.55,88.64,90.07,48
115200,14400,-69636.40,86.14,122.42,48
115200,14400,-128699.59,90.49,222.46,48
115584,14448,-550007.06,87.96,928.81,48
115584,14448,-35351.86,29.91,59.71,48
115584,14448,-56632.49,27.89,95.37,48
115584,14448,-42137.37,26.42,71.53,48
115584,14448,-13567.45,87.44,28.88,48
115584,14448,-65210.28,27.46,109.74,48
115584,14448,-53974.82,32.31,91.44,48
115584,14448,-35745.47,89.20,66.21,48
115968,14496,-665813.94,89.73,1123.62,48
115968,14496,-40152.12,88.91,73.58,48
115968,14496,-40457.97,87.12,73.90,48
115968,14496,-188572.47,91.50,323.05,48
115968,14496,-163482.95,28.23,274.66,48
115968,14496,-93792.77,92.70,164.23,48
115968,14496,-13804.31,91.58,29.77,48
115968,14496,-8632.29,28.51,15.18,48
116352,14544,-1489675158740995.75,32.77,2500000000366.70,48
116352,14544,-104443.51,88.20,181.24,48
116352,14544,-30091.56,89.47,56.82,48
116352,14544,-28130.81,88.01,53.18,48
116352,14544,-2296582536199966.50,31.13,3854166666908.24,48
116352,14544,-89017.56,88.11,155.53,48
116352,14544,-41703.41,29.35,70.68,48
116352,14544,-468528.35,90.39,792.59,48
116736,14592,-203943.65,91.61,348.78,48
116736,14592,-78700.87,89.11,138.40,48
116736,14592,-500227.52,91.38,845.87,48
116736,14592,-18142.42,88.45,36.53,48
116736,14592,-47155.26,91.58,85.74,48
116736,14592,-239722.89,86.70,408.15,48
116736,14592,-461483.58,89.58,780.74,48
116736,14592,-144421.36,34.83,243.14,48
117120,14640,-18717.37,89.95,37.58,48
117120,14640,-65486.82,90.27,116.24,48
117120,14640,-95334.68,91.52,166.52,48
117120,14640,2584.31,88.16,1.76,48
117120,14640,-29987.38,89.64,56.62,48
117120,14640,-83414.79,88.76,146.31,48
117120,14640,-67048.25,88.48,118.62,48
117120,14640,-190846.84,89.23,326.55,48
117504,14688,-63643.78,85.63,112.44,48
117504,14688,-69630.33,90.91,123.30,48
117504,14688,-96142.13,88.65,167.48,48
117504,14688,-39712.91,89.27,72.65,48
117504,14688,-2879.15,89.58,11.28,48
117504,14688,-61193.89,31.94,103.27,48
117504,14688,-106183.02,88.74,184.28,48
117504,14688,-89785.89,89.27,156.89,48
117888,14736,-466510.28,86.79,788.65,48
117888,14736,-74213.94,90.01,131.02,48
117888,14736,-11184.13,87.72,24.69,48
117888,14736,-509977.60,35.06,856.65,48
117888,14736,-148984.65,89.55,256.21,48
117888,14736,-31754.04,90.08,59.49,48
117888,14736,-37502.42,27.52,63.42,48
117888,14736,-522620.95,28.72,878.02,48
118272,14784,-65469.72,32.43,110.37,48
118272,14784,-133217.58,88.82,229.70,48
118272,14784,-41236.59,30.00,69.95,48
118272,14784,335.96,35.78,0.00,48
118272,14784,2191.00,88.21,2.41,48
118272,14784,-139305.76,88.98,240.13,48
118272,14784,-7448375792874534.00,91.59,12500000000440.76,48
118272,14784,-18632.33,88.13,37.45,48
118656,14832,-43253.06,27.19,73.13,48
118656,14832,-38249.90,87.44,70.26,48
118656,14832,-216469.82,35.13,364.07,48
118656,14832,-60443.83,89.35,107.64,48
118656,14832,-41158.09,86.92,75.04,48
118656,14832,-17563.92,89.84,35.89,48
118656,14832,-32169.06,88.95,60.18,48
118656,14832,-37886.22,90.44,69.94,48
119040,14880,-95738.82,89.70,167.03,48
119040,14880,-117812.38,89.95,204.10,48
119040,14880,-55888.36,31.03,94.24,48
119040,14880,3234.07,85.65,0.25,48
119040,14880,-40770.49,22.61,68.68,48
119040,14880,-1947.79,86.20,9.14,48
119040,14880,-78218.83,88.45,137.20,48
119040,14880,-38176.11,31.37,64.98,48
119424,14928,-42129.57,90.34,77.07,48
119424,14928,-52396.50,91.08,94.52,48
119424,14928,-139880.86,89.13,240.81,48
119424,14928,-8736.97,89.36,20.98,48
119424,14928,-145869.60,87.65,250.84,48
119424,14928,-86143.89,88.45,150.67,48
119424,14928,-12822.49,89.56,27.91,48
119424,14928,-60459.56,34.49,102.46,48
119808,14976,-33331.53,28.98,56.48,48
119808,14976,660.69,87.58,4.96,48
119808,14976,1085.21,87.52,4.28,48
119808,14976,-57468.92,88.96,102.67,48
119808,14976,-24335.19,32.47,41.49,48
119808,14976,-10941.61,85.47,24.34,48
119808,14976,-49840.53,32.47,84.44,48
119808,14976,-58912.73,87.95,105.01,48
120192,15024,-613855.59,29.40,1030.65,48
120192,15024,-10344.29,90.27,23.67,48
120192,15024,-80504.67,88.07,141.06,48
120192,15024,-13309.95,83.05,27.83,48
120192,15024,-87245.28,88.81,152.46,48
120192,15024,-66267.97,91.00,117.80,48
120192,15024,-284515.74,33.30,478.06,48
120192,15024,-44491.14,28.70,75.42,48
120576,15072,-127431.51,31.93,214.52,48
120576,15072,3702.33,89.03,0.02,48
120576,15072,-233481.46,29.97,392.45,48
120576,15072,-47338.03,88.24,85.55,48
120576,15072,-23039.69,87.64,44.92,48
120576,15072,568.05,32.29,0.00,48
120576,15072,-1518.73,29.66,3.50,48
120576,15072,-72989.25,89.41,128.81,48
120960,15120,-32435.26,89.45,60.87,48
120960,15120,-82220.42,89.81,144.32,48
120960,15120,-487340.04,89.11,823.82,48
120960,15120,525.80,84.26,4.74,48
120960,15120,-101988.70,86.48,176.99,48
120960,15120,-75179.93,91.37,132.65,48
120960,15120,-28284.74,91.96,54.13,48
120960,15120,-122544.58,87.36,211.37,48
121344,15168,-5613.27,31.78,10.05,48
121344,15168,-3537978501672795.50,88.54,5937500000308.70,48
121344,15168,-26269.64,90.58,50.37,48
121344,15168,-104389.73,91.86,181.85,48
121344,15168,-931046974277909.75,28.88,1562500000337.65,48
121344,15168,-179958.21,29.03,302.21,48
121344,15168,-67779.83,88.45,119.89,48
121344,15168,-23814.35,88.30,46.05,48
121728,15216,3275.58,88.74,0.72,48
121728,15216,-44284.86,89.05,80.42,48
121728,15216,-7448375792841703.00,90.46,12500000000385.56,48
121728,15216,-66701.12,87.61,117.95,48
121728,15216,-391242.02,87.66,662.58,48
121728,15216,-91199.54,90.98,159.58,48
121728,15216,-62698.63,84.85,110.68,48
121728,15216,-40720.06,89.43,74.66,48
122112,15264,-32791.59,89.31,61.26,48
122112,15264,-42298.16,30.26,71.63,48
122112,15264,-80718.71,87.18,141.45,48
122112,15264,1179.61,89.88,4.70,48
122112,15264,-29561.81,90.96,56.08,48
122112,15264,-121709.87,27.65,205.00,48
122112,15264,-116265.19,87.26,201.01,48
122112,15264,-275945.53,33.24,463.81,48
122496,15312,-182538.49,87.38,312.28,48
122496,15312,-109810.80,38.94,185.44,48
122496,15312,-202486.70,88.05,345.81,48
122496,15312,-181810.44,89.95,311.38,48
122496,15312,-5855.84,87.20,15.82,48
122496,15312,-288616.06,90.43,490.86,48
122496,15312,-151509.34,30.46,254.85,48
122496,15312,-173144.05,86.54,296.46,48
122880,15360,-2042.14,89.19,9.65,48
122880,15360,-1655.15,28.03,3.19,48
122880,15360,-162317.18,90.48,278.78,48
122880,15360,-11158.71,84.01,24.27,48
122880,15360,-95766.34,32.99,161.46,48
122880,15360,-10543.49,88.74,23.75,48
122880,15360,-501629.52,89.42,848.11,48
122880,15360,-16336.12,88.61,33.43,48
123264,15408,-99970.02,89.87,174.07,48
123264,15408,-29915.60,25.89,50.85,48
123264,15408,-15670.94,87.51,32.31,48
123264,15408,-7027.69,85.75,17.60,48
123264,15408,-25999.34,28.01,44.30,48
123264,15408,-88947.35,90.14,155.47,48
123264,15408,-152108.06,89.36,261.32,48
123264,15408,-38743.36,88.27,71.15,48
123648,15456,-5790.45,26.21,10.05,48
123648,15456,-144958.42,30.03,243.89,48
123648,15456,-12742.17,31.13,22.30,48
123648,15456,-5399.37,28.70,9.52,48
123648,15456,-58480.95,89.49,104.45,48
123648,15456,-563511.78,91.10,952.20,48
123648,15456,-33195.69,87.44,61.57,48
123648,15456,-27553.38,89.06,52.48,48
124032,15504,-113431.63,89.37,196.72,48
124032,15504,-83192.31,34.40,140.56,48
124032,15504,-89074.15,35.28,150.38,48
124032,15504,-7858.82,29.34,14.10,48
124032,15504,-109467.20,85.27,189.53,48
124032,15504,-33736.30,28.51,56.86,48
124032,15504,-602680.38,34.23,1012.29,48
124032,15504,-10755.74,87.44,24.00,48
124416,15552,1147.99,84.87,3.67,48
124416,15552,-131092.67,29.86,220.79,48
124416,15552,-33531.96,88.51,62.30,48
124416,15552,-78956.18,90.96,138.86,48
124416,15552,-383043.29,28.34,642.98,48
124416,15552,-22228.32,90.76,43.87,48
124416,15552,-98766.94,89.35,171.98,48
124416,15552,-530113.62,86.81,895.53,48
124800,15600,-931046974263006.62,30.73,1562500000313.04,48
124800,15600,-47265.47,88.95,85.59,48
124800,15600,-11629.46,29.23,19.87,48
124800,15600,-220484.17,26.95,370.46,48
124800,15600,-92854.56,90.23,162.22,48
124800,15600,-92785.42,30.78,156.39,48
124800,15600,-140121.10,90.08,241.43,48
124800,15600,-3148.81,27.67,5.67,48
125184,15648,-46873.96,29.27,79.33,48
125184,15648,-99532.18,33.95,167.87,48
125184,15648,-77904.99,87.30,136.57,48
125184,15648,-16856.52,87.15,34.29,48
125184,15648,-23256.63,88.49,45.15,48
125184,15648,-33375.34,91.14,62.42,48
125184,15648,-13675.02,87.69,29.04,48
125184,15648,-39399.48,30.01,66.71,48
125568,15696,-9590.79,27.31,16.81,48
125568,15696,-50255.82,32.96,85.34,48
125568,15696,-260488.36,91.59,443.77,48
125568,15696,-88.41,91.28,6.69,48
125568,15696,-43143.64,28.20,72.85,48
125568,15696,-60974.11,91.61,108.93,48
125568,15696,-18740.00,90.88,37.91,48
125568,15696,-1489675158675644.25,88.42,2500000000261.88,48
125952,15744,-70746.65,27.75,119.03,48
125952,15744,-12772.24,88.78,27.55,48
125952,15744,-82708.64,92.20,145.44,48
125952,15744,-18328.08,26.15,31.37,48
125952,15744,-163102.00,94.19,280.71,48
125952,15744,-31792.06,88.54,59.39,48
125952,15744,-26276.46,89.97,50.47,48
125952,15744,-16430.04,89.07,34.05,48
126336,15792,400.48,88.41,5.44,48
126336,15792,-56945.62,89.98,101.97,48
126336,15792,-87761.30,28.48,147.56,48
126336,15792,-20105.83,30.23,34.37,48
126336,15792,-180897.68,31.53,304.48,48
126336,15792,-100455.44,88.57,174.66,48
126336,15792,-15138.54,87.51,31.28,48
126336,15792,-236222.09,92.55,403.06,48
126720,15840,-271245.89,90.82,461.49,48
126720,15840,-135019.71,90.75,233.07,48
126720,15840,-71729.92,88.49,126.61,48
126720,15840,-173539.74,89.85,297.64,48
126720,15840,-19395.05,90.49,38.98,48
126720,15840,-8324.17,92.33,20.59,48
126720,15840,-37473.03,88.40,69.14,48
126720,15840,-45751.56,91.57,83.45,48
127104,15888,-64467.91,32.89,108.99,48
127104,15888,-55256.76,88.43,98.74,48
127104,15888,-78904.32,88.98,138.65,48
127104,15888,-238068.45,88.34,405.57,48
127104,15888,-95317.46,91.76,166.52,48
127104,15888,-15355.71,90.34,32.15,48
127104,15888,-87193.69,89.58,152.54,48
127104,15888,-18779.48,29.74,31.91,48
127488,15936,-77605.40,33.48,131.06,48
127488,15936,-18010.77,87.84,36.20,48
127488,15936,-218230.47,90.69,372.69,48
127488,15936,-14865.57,88.33,31.25,48
127488,15936,-21123.58,88.54,41.66,48
127488,15936,1991.00,91.47,3.41,48
127488,15936,-11133.15,30.08,19.27,48
127488,15936,-355263.19,89.69,602.72,48
127872,15984,-12326.11,89.59,27.02,48
127872,15984,-199889.95,34.47,335.87,48
127872,15984,-14627.14,32.35,24.99,48
127872,15984,-57226.61,92.30,102.71,48
127872,15984,-94145.70,26.85,158.26,48
127872,15984,-208299.21,88.09,355.48,48
127872,15984,-45902.61,91.04,83.45,48
127872,15984,-20517.75,88.58,40.72,48
128256,16032,-117632.76,84.72,203.02,48
128256,16032,-181388.74,88.05,310.55,48
128256,16032,-152186.98,86.91,261.26,48
128256,16032,-683.13,31.92,1.92,48
128256,16032,-60268.26,87.11,106.90,48
128256,16032,-80326.22,35.14,135.87,48
128256,16032,-16212.56,90.16,33.67,48
128256,16032,-20159.74,86.77,39.72,48
128640,16080,-685671.56,90.06,1157.20,48
128640,16080,-3146.89,30.18,6.14,48
128640,16080,-179165.44,88.08,306.59,48
128640,16080,-456.08,88.44,6.76,48
128640,16080,-89437.55,83.58,155.69,48
128640,16080,-137072.37,90.53,236.48,48
128640,16080,-140752.80,89.18,242.51,48
128640,16080,-12712.34,89.56,27.71,48
129024,16128,-38286.53,31.13,65.11,48
129024,16128,-55539.65,32.31,93.62,48
129024,16128,-68022.04,30.12,114.49,48
129024,16128,-44402.01,28.13,74.60,48
129024,16128,-37066.02,90.27,68.71,48
129024,16128,-143483.45,26.56,241.36,48
129024,16128,704.96,86.69,4.80,48
129024,16128,-46645.33,24.59,78.67,48
129408,16176,-125855.36,29.99,211.67,48
129408,16176,-261.53,30.55,1.38,48
129408,16176,-164690.45,86.62,282.57,48
129408,16176,-663131.17,28.77,1113.74,48
129408,16176,-86823.80,30.57,146.23,48
129408,16176,-51432.22,89.49,92.55,48
129408,16176,-81157.68,88.00,142.31,48
129408,16176,3776.51,89.42,0.00,48
129792,16224,3785.38,90.28,0.19,48
129792,16224,-13049.08,87.10,27.98,48
129792,16224,-3866.25,87.30,12.52,48
129792,16224,3594.78,87.63,0.00,48
129792,16224,283.15,30.19,0.28,48
129792,16224,-48227.53,35.57,81.55,48
129792,16224,-9171.75,85.68,21.16,48
129792,16224,3210.62,87.06,0.71,48
130176,16272,-194811.35,30.29,327.83,48
130176,16272,-22058.95,88.84,43.41,48
130176,16272,-9288.39,29.32,16.23,48
130176,16272,-40354.87,88.39,73.91,48
130176,16272,-4363.22,89.14,13.61,48
130176,16272,-241527.51,88.77,411.35,48
130176,16272,-112551.00,31.88,189.60,48
130176,16272,-138775.27,29.08,233.22,48
130560,16320,-2282.93,25.97,4.38,48
130560,16320,3378.85,86.83,0.43,48
130560,16320,-48273.55,33.07,82.06,48
130560,16320,-78832.19,90.35,138.57,48
130560,16320,-15873.05,27.45,26.93,48
130560,16320,3777.74,90.21,0.24,48
130560,16320,-321631.30,90.05,546.15,48
130560,16320,-81772.43,87.89,143.36,48
130944,16368,-47631.94,26.11,80.81,48
130944,16368,-125435.36,89.60,216.79,48
130944,16368,3533.92,86.10,0.00,48
130944,16368,-107246.62,90.48,186.46,48
130944,16368,-651111.01,87.61,1098.61,48
130944,16368,-53513.45,88.71,96.01,48
130944,16368,993.56,91.56,4.98,48
130944,16368,-41856.30,90.65,76.61,48
131328,16416,-24162.85,87.71,46.60,48
131328,16416,-182332.73,33.19,307.04,48
131328,16416,-185384.80,88.87,317.28,48
131328,16416,-7448375792812674.00,32.54,12500000000331.15,48
131328,16416,-6520.97,90.67,17.36,48
131328,16416,-33880.49,88.74,62.83,48
131328,16416,-88600.81,89.18,155.00,48
131328,16416,-7448375792886834.00,37.91,12500000000455.96,48
131712,16464,-11985.73,31.42,21.06,48
131712,16464,-171611.76,31.56,288.91,48
131712,16464,-37061.52,89.74,68.58,48
131712,16464,-176082.48,32.14,296.59,48
131712,16464,-162913.56,87.62,279.30,48
131712,16464,-27294.89,90.77,52.31,48
131712,16464,-12876.71,34.06,22.58,48
131712,16464,-65495.92,88.55,116.09,48
132096,16512,-7437.02,90.14,18.80,48
132096,16512,-36014.93,87.33,66.20,48
132096,16512,-206187.31,36.53,347.41,48
132096,16512,750.97,34.12,0.00,48
132096,16512,-103619.76,36.03,174.77,48
132096,16512,-23588.39,91.73,46.37,48
132096,16512,-206838.07,87.18,353.13,48
132096,16512,-9182.19,85.13,21.05,48
132480,16560,-4656.94,87.67,13.73,48
132480,16560,185.63,89.04,5.90,48
132480,16560,-141432.52,91.02,243.70,48
132480,16560,-65556.70,87.25,115.82,48
132480,16560,-7448375792809797.00,89.79,12500000000331.87,48
132480,16560,-98016.71,31.85,165.59,48
132480,16560,-37706.73,89.60,69.44,48
132480,16560,-25488.20,30.45,43.12,48
132864,16608,-163747.63,89.13,280.96,48
132864,16608,-115451.84,91.48,200.23,48
132864,16608,-81154.54,31.67,137.00,48
132864,16608,-154115.91,86.91,264.43,48
132864,16608,-58809.90,87.44,104.34,48
132864,16608,-36168.63,93.03,67.44,48
132864,16608,-9347.03,89.47,22.08,48
132864,16608,-165724.77,90.75,284.54,48
133248,16656,-186556.23,31.26,313.77,48
133248,16656,-192151.80,89.91,328.89,48
133248,16656,-11813.88,90.80,26.18,48
133248,16656,-27538.70,89.82,52.65,48
133248,16656,-202841.99,92.42,347.02,48
133248,16656,-208617.17,89.38,356.27,48
133248,16656,-383745.65,86.87,649.75,48
133248,16656,-33196.62,90.58,62.10,48
133632,16704,-154860.81,89.99,266.15,48
133632,16704,-37621.76,31.05,64.15,48
133632,16704,-140903.12,90.87,242.75,48
133632,16704,1092.82,89.39,4.47,48
133632,16704,-1056.41,88.93,8.08,48
133632,16704,-35380.65,34.12,60.26,48
133632,16704,3085.31,90.80,1.33,48
133632,16704,-57992.17,29.19,97.84,48
134016,16752,-11356.65,92.46,25.78,48
134016,16752,-133445.58,30.01,224.87,48
134016,16752,-1665.53,84.86,8.51,48
134016,16752,-144787.66,30.02,243.59,48
134016,16752,-607557.12,30.19,1019.90,48
134016,16752,-11074.75,90.94,25.08,48
134016,16752,-8817.00,87.51,20.79,48
134016,16752,-10108.01,89.60,22.97,48
134400,16800,-56754.73,89.25,101.53,48
134400,16800,-69924.93,28.36,117.99,48
134400,16800,-46693.61,88.09,84.42,48
134400,16800,-85831.71,88.02,150.16,48
134400,16800,-66663.39,88.80,117.88,48
134400,16800,-76419.10,88.16,134.53,48
134400,16800,-15051.71,30.62,25.79,48
134400,16800,-28442.61,90.15,54.19,48
134784,16848,-76327.61,33.27,129.06,48
134784,16848,-60027.33,86.63,106.68,48
134784,16848,-95555.91,90.30,166.92,48
134784,16848,-44236.02,89.46,80.61,48
134784,16848,-108428.68,89.08,188.05,48
134784,16848,-11759.91,27.70,20.41,48
134784,16848,-13409.15,29.71,23.22,48
134784,16848,3740.01,89.57,0.02,48
135168,16896,-192956.84,89.41,330.04,48
135168,16896,-90246.25,88.83,157.57,48
135168,16896,161.49,28.95,0.00,48
135168,16896,-5852.17,86.62,15.74,48
135168,16896,322.77,28.02,0.02,48
135168,16896,-65531.17,90.27,116.39,48
135168,16896,-117519.17,92.07,203.81,48
135168,16896,-149974.10,30.14,252.14,48
135552,16944,-659748.08,90.43,1113.60,48
135552,16944,-149883.27,88.16,257.66,48
135552,16944,-61853.27,28.41,104.42,48
135552,16944,-15745.72,90.05,32.72,48
135552,16944,-139923.53,90.90,241.27,48
135552,16944,-155204.73,88.33,266.63,48
135552,16944,-144125.29,89.32,248.18,48
135552,16944,-94196.25,31.11,158.85,48
135936,16992,-28222.40,36.75,48.62,48
135936,16992,-154722.75,90.00,265.78,48
135936,16992,-275864.86,89.01,469.15,48
135936,16992,-686274.23,32.27,1152.58,48
135936,16992,-13271.00,28.51,23.08,48
135936,16992,-20377.80,91.19,40.67,48
135936,16992,-116525.09,91.60,202.15,48
135936,16992,-47965.66,87.88,86.55,48
136320,17040,-141717.11,86.13,243.74,48
136320,17040,-583083.74,88.85,984.76,48
136320,17040,-22914.65,87.44,44.57,48
136320,17040,2091.98,86.88,2.41,48
136320,17040,-31920.80,91.51,60.13,48
136320,17040,-87466.34,30.73,147.30,48
136320,17040,-184170.94,90.50,315.43,48
136320,17040,-41618.97,91.76,76.47,48
136704,17088,1079.14,89.01,4.42,48
136704,17088,-36.56,90.61,6.63,48
136704,17088,-1616.76,88.56,8.78,48
136704,17088,-70852.41,91.18,125.46,48
136704,17088,-108537.91,88.92,188.37,48
136704,17088,-43095.73,32.15,73.50,48
136704,17088,-281846.55,89.78,479.24,48
136704,17088,-47120.05,89.65,85.15,48
137088,17136,-191412.41,89.57,327.39,48
137088,17136,-115330.76,89.21,199.74,48
137088,17136,-58596.92,87.03,104.16,48
137088,17136,-3882.24,88.86,12.64,48
137088,17136,300.20,87.84,5.47,48
137088,17136,-135266.11,84.75,232.78,48
137088,17136,-1489675158728091.50,89.49,2500000000350.27,48
137088,17136,-167783.15,29.15,282.10,48
137472,17184,-3301.91,85.35,11.24,48
137472,17184,-2313.54,90.42,10.31,48
137472,17184,-42901.42,29.44,72.69,48
137472,17184,-17200.31,30.47,29.97,48
137472,17184,-173884.03,90.76,298.06,48
137472,17184,-54814.26,31.29,92.53,48
137472,17184,-668867.56,32.86,1123.39,48
137472,17184,-1529.44,88.27,8.60,48
137856,17232,-61244.92,88.32,108.87,48
137856,17232,-47963.69,87.48,86.64,48
137856,17232,-61356.86,32.06,104.12,48
137856,17232,-1867.55,30.41,3.82,48
137856,17232,-26672.82,89.06,50.87,48
137856,17232,3122.85,87.77,0.78,48
137856,17232,-50692.48,90.74,91.52,48
137856,17232,-31209.65,32.92,53.29,48
138240,17280,-27514.97,89.92,52.34,48
138240,17280,-72735.75,90.05,128.73,48
138240,17280,-152329.94,88.78,261.68,48
138240,17280,-17026.54,86.91,34.41,48
138240,17280,-8010.40,89.00,19.90,48
138240,17280,-64552.26,88.17,114.55,48
138240,17280,-11539.98,91.14,25.97,48
138240,17280,-114896.09,28.84,193.28,48
138624,17328,-24487.26,87.59,47.03,48
138624,17328,-13271.51,30.48,22.56,48
138624,17328,-164502.94,89.55,282.29,48
138624,17328,-80831.82,32.69,136.40,48
138624,17328,-99381.30,32.20,167.12,48
138624,17328,-105600.28,34.17,178.39,48
138624,17328,-232869.50,88.69,397.03,48
138624,17328,-70282.79,29.95,118.49,48
139008,17376,3155.74,86.72,0.66,48
139008,17376,-14427.99,29.49,24.31,48
139008,17376,-40154.15,92.11,74.10,48
139008,17376,-312904.51,36.18,526.04,48
139008,17376,-224586.28,91.26,383.29,48
139008,17376,-71529.23,86.41,125.87,48
139008,17376,-121019.83,92.85,209.92,48
139008,17376,2805.23,86.48,1.34,48
139392,17424,-290789.74,89.71,494.35,48
139392,17424,-70629.45,91.86,125.04,48
139392,17424,-116828.46,31.00,196.86,48
139392,17424,-27395.52,31.70,46.35,48
139392,17424,-70291.69,88.90,124.22,48
139392,17424,-156564.13,90.75,269.30,48
139392,17424,-200835.86,32.11,337.26,48
139392,17424,374.93,88.72,5.62,48
139776,17472,-143424.46,34.18,241.24,48
139776,17472,-11616.32,89.88,25.72,48
139776,17472,-179250.84,89.98,307.19,48
139776,17472,-185725.23,88.51,317.79,48
139776,17472,-78222.01,30.92,131.82,48
139776,17472,-500222.98,87.02,845.42,48
139776,17472,-15286.09,30.11,26.22,48
139776,17472,-183281.59,90.21,313.99,48
140160,17520,-1627.72,89.45,9.15,48
140160,17520,-417782.44,27.99,701.11,48
140160,17520,-177405.28,90.03,304.14,48
140160,17520,-5589.32,89.40,15.55,48
140160,17520,-115875.17,28.44,195.31,48
140160,17520,-63997.35,86.62,113.12,48
140160,17520,2443.08,90.27,2.31,48
140160,17520,2832.06,90.17,1.55,48
140544,17568,-183564.11,87.13,314.08,48
140544,17568,-269222.00,90.86,458.28,48
140544,17568,-53752.11,87.27,96.33,48
140544,17568,-2296582536198352.00,87.31,3854166666910.54,48
140544,17568,-45404.41,90.02,82.67,48
140544,17568,-10357.42,88.97,23.54,48
140544,17568,-730.32,87.23,7.10,48
140544,17568,-113745.34,88.81,197.07,48
140928,17616,-133643.47,90.64,230.63,48
140928,17616,-69514.90,30.41,117.54,48
140928,17616,-11547.80,90.54,26.02,48
140928,17616,-25232.37,87.52,48.50,48
140928,17616,-5171.95,35.96,9.85,48
140928,17616,-25412.78,90.59,49.15,48
140928,17616,-96825.92,90.13,168.86,48
140928,17616,861.82,89.32,4.88,48
141312,17664,-6431.54,32.04,11.85,48
141312,17664,-83070.05,89.17,145.82,48
141312,17664,-103276.98,90.64,179.70,48
141312,17664,-221272.74,29.65,371.56,48
141312,17664,-33862.07,88.84,62.80,48
141312,17664,-75575.06,87.66,132.94,48
141312,17664,-74100.16,90.61,130.64,48
141312,17664,-243659.99,90.47,415.16,48
141696,17712,-2520.59,87.93,10.29,48
141696,17712,-3161.84,90.03,11.78,48
141696,17712,-110294.63,89.72,191.42,48
141696,17712,-81007.09,31.77,136.60,48
141696,17712,-93336.69,89.64,163.01,48
141696,17712,-735.45,31.54,2.13,48
141696,17712,-110327.12,31.93,186.23,48
141696,17712,-64232.57,27.56,108.32,48
142080,17760,-195549.47,31.86,329.13,48
142080,17760,2843.79,86.93,1.37,48
142080,17760,-45149.06,89.79,81.91,48
142080,17760,-5978.63,90.69,16.62,48
142080,17760,-60493.73,29.77,102.27,48
142080,17760,-3537978501649237.00,86.75,5937500000268.96,48
142080,17760,-94292.62,32.04,159.07,48
142080,17760,-18170.07,30.56,31.33,48
142464,17808,-67419.85,90.62,119.58,48
142464,17808,-798.38,92.10,8.10,48
142464,17808,-82020.75,88.74,143.62,48
142464,17808,-96480.28,35.39,163.02,48
142464,17808,-232237.70,91.78,396.18,48
142464,17808,-267107.79,34.30,449.49,48
142464,17808,-80785.41,89.95,141.81,48
142464,17808,-21187.83,28.61,36.06,48
142848,17856,-56967.40,91.11,102.07,48
142848,17856,-434978.76,33.15,730.80,48
142848,17856,-43504.79,87.44,79.04,48
142848,17856,-671530.83,90.86,1133.47,48
142848,17856,-140198.26,90.46,241.63,48
142848,17856,-100937.23,91.05,175.91,48
142848,17856,-71955.66,32.56,121.22,48
142848,17856,-205112.57,89.74,350.54,48
143232,17904,-228312.53,90.51,389.47,48
143232,17904,-110070.00,30.49,185.23,48
143232,17904,-39455.93,90.01,72.61,48
143232,17904,-13322.35,28.71,23.17,48
143232,17904,-105761.64,89.35,183.85,48
143232,17904,2285.12,87.92,2.18,48
143232,17904,-19004.07,32.74,32.74,48
143232,17904,-31428.99,28.33,53.34,48
143616,17952,-14638.72,90.88,31.07,48
143616,17952,-385685.08,89.84,653.60,48
143616,17952,-4426.89,34.10,8.44,48
143616,17952,-84493.53,89.36,148.09,48
143616,17952,310.75,85.90,5.35,48
143616,17952,-73332.50,86.77,129.12,48
143616,17952,-13457.08,28.47,23.16,48
143616,17952,-54948.55,88.79,98.46,48
144000,18000,-182529.81,87.36,312.53,48
144000,18000,-5187.40,28.58,9.13,48
144000,18000,-184112.35,90.49,315.57,48
144000,18000,-47216.30,27.82,79.43,48
144000,18000,-400739.99,88.63,678.48,48
144000,18000,-84496.18,90.57,148.30,48
144000,18000,-32955.18,28.60,55.83,48
144000,18000,-40783.33,87.08,74.52,48
144384,18048,154.10,28.89,0.38,48
144384,18048,-76138.21,88.78,133.83,48
144384,18048,3453.34,90.99,0.72,48
144384,18048,-2296582536270379.00,31.72,3854166667026.16,48
144384,18048,-23308.54,29.21,39.96,48
144384,18048,-15304.36,89.84,31.98,48
144384,18048,-57936.92,89.01,103.33,48
144384,18048,-127109.31,89.74,219.57,48
144768,18096,-26886.19,88.71,51.26,48
144768,18096,-75486.66,91.67,133.16,48
144768,18096,-86966.71,31.24,146.79,48
144768,18096,-931046974212053.38,90.38,1562500000233.25,48
144768,18096,-120646.19,24.62,202.94,48
144768,18096,-2296582536275284.00,88.62,3854166667039.66,48
144768,18096,-12107.33,32.76,21.06,48
144768,18096,-11021.77,88.11,24.60,48
145152,18144,-15077.09,88.59,31.33,48
145152,18144,-54748.28,88.41,97.91,48
145152,18144,-217568.65,90.09,371.40,48
145152,18144,-184173.81,89.69,315.31,48
145152,18144,-170504.71,28.79,286.41,48
145152,18144,-70478.86,34.18,119.12,48
145152,18144,-68856.16,91.57,122.22,48
145152,18144,-4515.53,84.55,13.37,48
145536,18192,-635601.35,30.91,1067.18,48
145536,18192,3284.25,85.15,0.01,48
145536,18192,-160356.06,87.15,275.12,48
145536,18192,-232237.50,86.98,395.88,48
145536,18192,-83958.18,90.16,147.36,48
145536,18192,-10016.31,28.50,17.39,48
145536,18192,-71868.06,90.77,127.12,48
145536,18192,-35838.45,87.75,66.34,48
145920,18240,-140678.65,89.34,242.21,48
145920,18240,-50772.17,91.04,91.61,48
145920,18240,-36473.85,84.65,66.85,48
145920,18240,-1506.04,28.64,3.17,48
145920,18240,-57049.56,89.56,102.09,48
145920,18240,-87826.48,89.31,153.51,48
145920,18240,-58181.54,89.44,103.94,48
145920,18240,-931046974302400.38,88.47,1562500000384.56,48
146304,18288,-84897.66,30.11,143.34,48
146304,18288,-132984.79,33.33,224.21,48
146304,18288,-17693.65,27.30,30.22,48
146304,18288,-85810.89,31.77,144.70,48
146304,18288,-773565.91,33.17,1299.02,48
146304,18288,-1981.33,87.41,9.36,48
146304,18288,-80050.42,23.95,134.73,48
146304,18288,-2296582536245297.50,90.84,3854166666989.77,48
146688,18336,-154957.91,86.19,265.86,48
146688,18336,-22226.55,91.01,43.79,48
146688,18336,-5422.79,88.67,15.06,48
146688,18336,-3537978501629013.50,88.95,5937500000235.24,48
146688,18336,-115985.20,29.71,194.95,48
146688,18336,-19713.91,88.63,39.27,48
146688,18336,-76993.87,89.20,135.26,48
146688,18336,-1565.39,31.35,3.55,48
147072,18384,-30199.93,89.74,57.16,48
147072,18384,-55687.00,88.88,99.74,48
147072,18384,-30495.32,90.82,57.71,48
147072,18384,-53100.03,31.56,89.88,48
147072,18384,-1478.93,89.29,8.68,48
147072,18384,-3537978501669586.50,29.04,5937500000297.54,48
147072,18384,-18185.10,88.83,36.80,48
147072,18384,-26414.67,30.58,45.10,48
147456,18432,-9209.60,31.21,16.19,48
147456,18432,-88635.36,23.34,148.92,48
147456,18432,-4185.65,91.47,13.62,48
147456,18432,-117944.93,25.83,198.32,48
147456,18432,-18314.59,27.58,31.54,48
147456,18432,-35917.53,33.22,61.39,48
147456,18432,-19090.37,91.73,38.53,48
147456,18432,-402081.02,91.84,681.40,48
147840,18480,-35912.37,88.50,66.42,48
147840,18480,-13862.95,88.90,29.37,48
147840,18480,-24295.76,88.67,46.84,48
147840,18480,-8632.96,91.04,21.07,48
147840,18480,-33592.82,89.63,62.85,48
147840,18480,-3475.49,89.15,12.07,48
147840,18480,-26626.36,86.83,50.61,48
147840,18480,-567242.91,87.04,957.87,48
148224,18528,-10565.80,86.70,23.71,48
148224,18528,-104042.23,25.40,175.31,48
148224,18528,-82199.69,90.13,144.32,48
148224,18528,-91438.96,87.63,159.30,48
148224,18528,-47815.33,86.73,86.06,48
148224,18528,-232430.40,89.96,396.67,48
148224,18528,-132245.86,90.54,228.22,48
148224,18528,-7448375792791614.00,90.46,12500000000301.53,48
148608,18576,-120657.86,28.95,203.08,48
148608,18576,-2622.38,89.76,10.62,48
148608,18576,-638532.83,88.29,1077.68,48
148608,18576,-233575.99,88.69,398.09,48
148608,18576,-613695.40,28.96,1030.28,48
148608,18576,-78995.49,88.49,138.65,48
148608,18576,-46540.26,88.28,84.33,48
148608,18576,-124111.39,86.56,214.08,48
148992,18624,-171730.30,29.78,288.73,48
148992,18624,-502157.17,91.02,849.24,48
148992,18624,-229271.98,31.72,385.55,48
148992,18624,-740.65,90.94,7.79,48
148992,18624,-16787.67,88.51,34.27,48
148992,18624,-64767.53,32.81,109.59,48
148992,18624,-64331.35,91.61,114.54,48
148992,18624,-7448375792873866.00,32.26,12500000000433.76,48
149376,18672,1955.39,87.30,2.62,48
149376,18672,-72374.20,28.42,121.85,48
149376,18672,-425773.20,89.70,720.94,48
149376,18672,-648844.82,32.85,1090.16,48
149376,18672,-2296582536211172.00,87.22,3854166666932.11,48
149376,18672,-27354.40,87.98,52.02,48
149376,18672,-59125.92,29.65,99.68,48
149376,18672,-23981.30,89.53,46.55,48
149760,18720,-15126.33,30.33,26.07,48
149760,18720,-10413.78,30.16,18.32,48
149760,18720,-271411.81,89.48,461.63,48
149760,18720,-5458.41,29.96,9.92,48
149760,18720,-41517.52,85.92,75.49,48
149760,18720,-28197.72,30.43,47.97,48
149760,18720,-45234.96,89.96,82.16,48
149760,18720,-99030.10,35.82,167.09,48
150144,18768,-42058.34,29.55,71.10,48
150144,18768,-57924.26,30.81,97.91,48
150144,18768,-46849.75,86.34,84.51,48
150144,18768,-25705.80,89.34,49.27,48
150144,18768,4021.44,91.69,0.00,48
150144,18768,-15668.51,30.26,27.05,48
150144,18768,-136852.26,88.93,236.00,48
150144,18768,-199324.16,88.24,340.67,48
150528,18816,-49884.72,90.13,90.18,48
150528,18816,-111711.62,38.21,188.85,48
150528,18816,-42097.38,27.80,71.22,48
150528,18816,-1770.44,84.34,8.52,48
150528,18816,-104789.10,31.10,176.16,48
150528,18816,-135133.28,27.62,227.42,48
150528,18816,-245.11,34.58,1.39,48
150528,18816,-7448375792816430.00,89.88,12500000000343.21,48
150912,18864,-10942.53,36.18,19.46,48
150912,18864,-88004.02,88.01,153.66,48
150912,18864,-125611.75,33.56,211.68,48
150912,18864,-30556.09,29.80,52.37,48
150912,18864,-117839.69,92.43,204.43,48
150912,18864,-1966.06,88.71,9.42,48
150912,18864,-50534.42,89.68,91.06,48
150912,18864,-144294.02,86.56,247.94,48
151296,18912,-37685.93,89.65,69.53,48
151296,18912,-3511.50,88.80,11.99,48
151296,18912,-105297.74,26.21,177.24,48
151296,18912,-83171.69,92.07,146.31,48
151296,18912,-144295.42,86.88,247.90,48
151296,18912,-12070.65,87.11,26.35,48
151296,18912,-89419.68,89.92,156.31,48
151296,18912,-25916.91,90.09,49.97,48
151680,18960,-83327.91,86.54,145.69,48
151680,18960,-96160.01,86.67,167.25,48
151680,18960,-25652.26,85.35,48.74,48
151680,18960,-241285.72,32.81,405.92,48
151680,18960,-18107.10,90.29,36.83,48
151680,18960,-191617.76,34.09,322.47,48
151680,18960,-11935.03,87.40,25.95,48
151680,18960,-2976.43,85.04,10.74,48
152064,19008,-95325.11,32.36,161.00,48
152064,19008,-2602.34,26.63,5.07,48
152064,19008,-9791.37,29.50,16.81,48
152064,19008,-10128.65,87.63,23.18,48
152064,19008,-80.78,27.22,0.72,48
152064,19008,-7391.68,29.56,12.87,48
152064,19008,-87000.03,31.30,146.67,48
152064,19008,-33694.32,87.47,62.59,48
152448,19056,-15767.71,88.46,32.54,48
152448,19056,-157498.49,29.55,264.67,48
152448,19056,-134685.66,28.59,226.69,48
152448,19056,-11339.45,87.78,25.18,48
152448,19056,-28304.46,86.60,53.38,48
152448,19056,-24768.46,89.14,47.74,48
152448,19056,-47501.40,25.47,79.80,48
152448,19056,-91054.61,35.32,154.00,48
152832,19104,-5377.79,91.18,15.47,48
152832,19104,-72649.07,28.66,122.30,48
152832,19104,-12198.21,90.57,27.07,48
152832,19104,-81780.12,86.59,143.20,48
152832,19104,-44447.77,87.34,80.53,48
152832,19104,-8877.97,91.48,21.63,48
152832,19104,-80305.15,87.73,140.71,48
152832,19104,-13016.47,91.44,28.55,48
153216,19152,-69121.29,88.32,122.02,48
153216,19152,-5023.95,30.85,9.10,48
153216,19152,-14986.75,89.53,31.46,48
153216,19152,-2296582536235002.50,29.35,3854166666967.12,48
153216,19152,-193844.24,32.35,325.88,48
153216,19152,-19154.13,27.35,32.56,48
153216,19152,-231814.23,28.87,389.32,48
153216,19152,-8041.48,86.29,19.31,48
153600,19200,-122223.47,89.80,211.38,48
153600,19200,-187452.04,28.12,315.11,48
153600,19200,-38206.93,86.55,69.94,48
153600,19200,943.94,90.24,5.08,48
153600,19200,-203239.84,89.87,347.31,48
153600,19200,-73872.49,30.46,124.40,48
153600,19200,-53606.76,88.72,96.16,48
153600,19200,-120508.74,35.07,203.14,48
153984,19248,-7448375792794604.00,89.38,12500000000306.26,48
153984,19248,-155458.22,88.10,266.86,48
153984,19248,-4349.89,88.83,13.51,48
153984,19248,-123288.07,28.70,207.51,48
153984,19248,-56812.19,90.39,101.76,48
153984,19248,-102761.14,88.28,178.52,48
153984,19248,-14042.01,31.27,24.45,48
153984,19248,-68106.70,32.13,114.90,48
154368,19296,-31280.53,89.13,58.58,48
154368,19296,-33051.50,86.03,61.46,48
154368,19296,-351478.93,88.51,595.99,48
154368,19296,-62909.21,27.05,106.07,48
154368,19296,-6691.99,88.50,17.28,48
154368,19296,-389361.63,85.68,659.09,48
154368,19296,-39112.21,27.49,66.18,48
154368,19296,-198869.03,90.91,340.35,48
154752,19344,-3030.38,86.60,10.98,48
154752,19344,-69290.45,88.76,122.52,48
154752,19344,-147834.43,28.58,248.56,48
154752,19344,-3537978501653498.50,88.77,5937500000276.44,48
154752,19344,-46420.68,29.20,78.40,48
154752,19344,-32538.67,33.15,55.46,48
154752,19344,-119641.56,90.03,207.04,48
154752,19344,-89315.49,89.80,156.24,48
155136,19392,858.89,90.40,4.82,48
155136,19392,-195566.92,88.34,334.33,48
155136,19392,-42208.27,88.46,77.02,48
155136,19392,-81987.87,30.89,138.04,48
155136,19392,-69434.10,32.19,117.63,48
155136,19392,-604877.55,90.25,1021.46,48
155136,19392,-43771.65,30.80,73.93,48
155136,19392,-45984.19,27.79,77.59,48
155520,19440,-687982.34,31.22,1154.91,48
155520,19440,-425193.35,88.15,719.68,48
155520,19440,-20344.82,91.27,40.77,48
155520,19440,-7448375792856459.00,32.90,12500000000404.50,48
155520,19440,-490848.77,90.15,829.95,48
155520,19440,-52158.52,88.73,93.60,48
155520,19440,-48987.51,35.83,83.28,48
155520,19440,-177997.33,29.24,299.33,48
155904,19488,-135300.22,89.43,233.32,48
155904,19488,-7095.76,90.22,18.19,48
155904,19488,-95871.09,32.20,161.28,48
155904,19488,-65206.06,28.93,109.64,48
155904,19488,-63008.71,88.27,111.73,48
155904,19488,-84198.17,87.54,147.16,48
155904,19488,-167438.30,85.60,287.09,48
155904,19488,-30201.89,26.13,51.18,48
156288,19536,-22547.09,88.91,44.04,48
156288,19536,1260.05,88.86,3.87,48
156288,19536,-12004.84,90.67,26.44,48
156288,19536,-68711.16,88.48,121.52,48
156288,19536,-72324.27,86.28,127.38,48
156288,19536,-17211.29,88.99,35.05,48
156288,19536,-729796.54,33.13,1225.38,48
156288,19536,2363.55,86.77,2.02,48
156672,19584,-3537978501776856.50,90.32,5937500000483.51,48
156672,19584,300.39,89.42,5.91,48
156672,19584,-16202.21,88.26,33.48,48
156672,19584,-135152.13,87.60,232.74,48
156672,19584,324.26,29.92,0.00,48
156672,19584,-8047.96,91.10,20.01,48
156672,19584,-7448375792788461.00,86.49,12500000000295.55,48
156672,19584,-32365.97,86.62,60.01,48
157056,19632,-95085.83,32.92,160.07,48
157056,19632,-87526.80,86.01,152.71,48
157056,19632,-181703.52,86.90,310.79,48
157056,19632,-72792.71,90.84,128.60,48
157056,19632,-103.37,87.87,6.28,48
157056,19632,-30140.25,29.59,51.24,48
157056,19632,-129360.47,90.56,223.53,48
157056,19632,-17873.10,90.87,36.29,48
157440,19680,-4650.88,29.39,8.65,48
157440,19680,-63315.82,88.94,112.28,48
157440,19680,-152683.23,88.96,262.39,48
157440,19680,-84114.07,88.15,147.30,48
157440,19680,-39620.01,90.84,72.83,48
157440,19680,-56186.03,90.27,100.73,48
157440,19680,-33190.71,87.19,61.53,48
157440,19680,-43916.08,87.34,79.71,48
157824,19728,-166916.91,89.03,286.34,48
157824,19728,-131811.51,93.80,228.19,48
157824,19728,-105429.23,32.58,177.82,48
157824,19728,-57048.40,90.37,102.16,48
157824,19728,-52780.31,89.76,94.92,48
157824,19728,-1547.00,86.54,8.47,48
157824,19728,-20781.27,90.48,41.26,48
157824,19728,2761.97,88.44,1.74,48
158208,19776,-126212.44,33.63,212.68,48
158208,19776,3639.35,88.45,0.00,48
158208,19776,-41898.75,89.32,76.47,48
158208,19776,-94464.76,89.53,164.71,48
158208,19776,-7165.22,88.86,18.14,48
158208,19776,-96074.79,29.09,161.83,48
158208,19776,-12202.56,87.87,26.70,48
158208,19776,2662.85,86.27,1.28,48
158592,19824,-224706.47,28.82,377.69,48
158592,19824,-36469.36,90.06,67.65,48
158592,19824,-931046974270802.88,28.42,1562500000325.65,48
158592,19824,-180151.03,35.10,303.13,48
158592,19824,-189991.56,31.03,319.22,48
158592,19824,-46138.89,90.27,83.71,48
158592,19824,-60163.15,32.47,101.26,48
158592,19824,-48910.13,87.66,88.15,48
158976,19872,-65409.47,28.69,110.24,48
158976,19872,-62650.17,30.17,105.87,48
158976,19872,-14233.82,34.03,24.85,48
158976,19872,-49382.08,91.91,89.49,48
158976,19872,-23966.06,88.75,46.54,48
158976,19872,-15444.68,33.46,27.25,48
158976,19872,2277.27,90.47,2.72,48
158976,19872,-160041.15,88.26,274.65,48
159360,19920,-49050.07,87.34,88.08,48
159360,19920,-33492.17,27.57,57.06,48
159360,19920,-175889.33,37.72,296.28,48
159360,19920,-3097.10,88.19,11.38,48
159360,19920,-372418789850583.62,90.34,625000000375.36,48
159360,19920,-75542.43,88.57,133.01,48
159360,19920,-44400.91,90.16,80.86,48
159360,19920,3617.73,86.89,0.00,48
159744,19968,3769.39,89.19,0.05,48
159744,19968,-50665.48,28.94,85.73,48
159744,19968,-42607.90,26.60,71.99,48
159744,19968,-57086.81,90.34,102.28,48
159744,19968,-17983.25,30.27,31.15,48
159744,19968,-31784.75,87.92,59.43,48
159744,19968,-51197.71,35.59,86.66,48
159744,19968,-130396.49,88.78,224.87,48
160128,20016,-187013.23,87.26,319.61,48
160128,20016,-4363.17,29.78,8.02,48
160128,20016,-195798.87,90.45,335.09,48
160128,20016,-34344.44,88.43,63.71,48
160128,20016,-372418789769886.44,89.10,625000000239.57,48
160128,20016,-18343.02,90.39,37.16,48
160128,20016,-62929.97,89.75,112.02,48
160128,20016,-17230.86,87.69,34.88,48
160512,20064,-218768.35,87.34,372.83,48
160512,20064,-65026.05,86.85,114.98,48
160512,20064,-553035.21,88.26,934.24,48
160512,20064,-28098.84,91.86,53.83,48
160512,20064,459.63,90.13,5.50,48
160512,20064,-164830.29,29.58,276.94,48
160512,20064,-17527.51,89.31,35.66,48
160512,20064,-123713.08,87.55,213.59,48
160896,20112,-9606.00,91.82,22.85,48
160896,20112,-77143.39,85.79,135.24,48
160896,20112,-60395.14,32.64,102.05,48
160896,20112,-34779.26,88.61,64.72,48
160896,20112,-7521.40,92.90,19.59,48
160896,20112,-84088.73,32.16,141.80,48
160896,20112,-49840.99,31.63,84.28,48
160896,20112,3532.83,87.02,0.02,48
161280,20160,-99011.52,88.63,172.26,48
161280,20160,-54927.15,90.45,98.57,48
161280,20160,-21194.70,91.88,42.16,48
161280,20160,-121076.59,87.32,209.17,48
161280,20160,-181796.60,89.89,311.39,48
161280,20160,-20688.31,30.26,35.58,48
161280,20160,-17648.59,91.27,36.12,48
161280,20160,-165400.57,87.36,283.59,48
161664,20208,-115633.65,89.81,200.35,48
161664,20208,-602758.56,92.75,1018.33,48
161664,20208,-170957.20,87.96,292.81,48
161664,20208,-145106.36,93.55,250.47,48
161664,20208,-3205.73,30.60,5.79,48
161664,20208,-83906.26,88.46,147.17,48
161664,20208,-13397.64,31.61,23.18,48
161664,20208,-49421.25,89.34,89.02,48
162048,20256,-58963.50,33.70,99.92,48
162048,20256,-86972.08,90.92,152.40,48
162048,20256,-41681.42,34.01,70.50,48
162048,20256,3119.68,87.07,0.86,48
162048,20256,-86171.59,88.19,150.67,48
162048,20256,-12301.75,92.06,27.31,48
162048,20256,-143873.45,29.98,242.05,48
162048,20256,-36052.43,90.94,67.18,48
162432,20304,-3264.14,90.77,12.03,48
162432,20304,-220154.01,86.94,375.71,48
162432,20304,-83321.76,91.27,146.23,48
162432,20304,-2228.36,88.22,9.83,48
162432,20304,-24610.80,31.33,42.18,48
162432,20304,-78395.10,91.75,138.14,48
162432,20304,-88918.92,88.14,155.29,48
162432,20304,-3537978501713073.50,90.80,5937500000376.56,48
162816,20352,-24870.70,31.56,42.73,48
162816,20352,-232649.41,90.97,396.77,48
162816,20352,-15753.39,86.93,32.50,48
162816,20352,-118089.85,89.46,204.61,48
162816,20352,-33840.16,83.19,62.34,48
162816,20352,-61297.36,87.74,108.94,48
162816,20352,-101063.76,88.33,175.71,48
162816,20352,-37931.27,89.93,69.99,48
163200,20400,-99270.98,21.43,166.86,48
163200,20400,-118690.64,91.18,205.69,48
163200,20400,-38349.93,90.87,70.75,48
163200,20400,-67256.95,87.26,118.86,48
163200,20400,-116495.03,88.03,201.48,48
163200,20400,-66129.59,33.31,111.92,48
163200,20400,-181625.30,88.26,310.82,48
163200,20400,-3273.40,92.62,12.21,48
163584,20448,-62420.78,89.09,111.10,48
163584,20448,-736605.85,91.82,1242.86,48
163584,20448,-56495.53,92.34,101.53,48
163584,20448,-34761.64,85.92,64.08,48
163584,20448,-17101.99,32.59,29.39,48
163584,20448,-166993.03,28.54,280.68,48
163584,20448,-433698.91,92.57,734.43,48
163584,20448,-155896.09,89.68,267.88,48
163968,20496,-39265.51,30.39,66.81,48
163968,20496,-32035.74,87.49,59.80,48
163968,20496,-44367.12,88.12,80.55,48
163968,20496,-234811.63,31.04,394.71,48
163968,20496,-65094.63,90.94,115.65,48
163968,20496,-62890.44,88.08,111.69,48
163968,20496,-15013.96,31.63,26.22,48
163968,20496,-179138.99,91.22,307.13,48
164352,20544,-21907.10,86.84,42.72,48
164352,20544,-673721.70,30.13,1130.95,48
164352,20544,-66084.22,89.06,117.24,48
164352,20544,-241895.14,87.13,411.75,48
164352,20544,-129579.35,91.19,224.12,48
164352,20544,-106103.00,91.40,184.59,48
164352,20544,-275905.63,87.57,468.94,48
164352,20544,-6773.62,26.14,12.07,48
164736,20592,-40743.25,88.75,74.73,48
164736,20592,-153538.79,87.12,263.53,48
164736,20592,-8768.97,32.91,15.44,48
164736,20592,-8116.77,87.44,19.60,48
164736,20592,-38951.91,88.15,71.40,48
164736,20592,-95216.84,89.06,166.25,48
164736,20592,-250174.88,32.45,420.66,48
164736,20592,-80207.01,31.90,135.68,48
165120,20640,-50891.53,92.28,92.12,48
165120,20640,-54024.57,32.98,91.76,48
165120,20640,-37543.84,88.57,69.39,48
165120,20640,-167072.91,28.44,280.81,48
165120,20640,-3537978501705395.50,88.04,5937500000363.31,48
165120,20640,1194.06,87.82,4.22,48
165120,20640,-566498.08,88.62,956.71,48
165120,20640,-75900.75,33.71,128.01,48
165504,20688,-59376.90,28.79,100.38,48
165504,20688,-81100.73,87.34,142.14,48
165504,20688,-74551.89,89.14,131.27,48
165504,20688,2707.45,89.26,1.76,48
165504,20688,-146399.18,87.04,251.54,48
165504,20688,-118896.74,31.34,200.63,48
165504,20688,-111160.82,88.23,192.65,48
165504,20688,-356472.53,86.39,604.05,48
165888,20736,-121576.98,34.99,205.23,48
165888,20736,-22396.10,88.88,43.43,48
165888,20736,27.83,88.96,6.32,48
165888,20736,597.90,30.77,0.02,48
165888,20736,-1489675158663311.50,87.38,2500000000241.39,48
165888,20736,1869.74,88.28,2.91,48
165888,20736,-20392.09,32.83,34.78,48
165888,20736,-145004.05,29.59,243.52,48
166272,20784,-143990.13,92.09,248.24,48
166272,20784,-106563.78,28.60,178.99,48
166272,20784,-25598.20,88.07,48.94,48
166272,20784,-3071.75,32.89,6.30,48
166272,20784,-149321.95,86.91,256.65,48
166272,20784,-51275.40,30.75,86.58,48
166272,20784,-2975.59,85.65,10.89,48
166272,20784,-186013.60,90.90,318.63,48
166656,20832,2972.83,85.26,0.72,48
166656,20832,-87261.67,29.70,147.41,48
166656,20832,-4743.55,86.06,13.66,48
166656,20832,-131718.60,33.76,221.75,48
166656,20832,-31470.24,33.65,53.69,48
166656,20832,-149816.05,30.77,251.84,48
166656,20832,-82341.33,90.96,144.73,48
166656,20832,3618.86,89.37,0.31,48
167040,20880,-476628.09,86.81,805.95,48
167040,20880,-20145.51,31.99,34.64,48
167040,20880,-14959.02,86.93,30.94,48
167040,20880,-125767.72,90.08,217.18,48
167040,20880,-62549.71,87.61,110.89,48
167040,20880,-64584.17,92.19,114.97,48
167040,20880,-3537978501601485.50,86.20,5937500000188.70,48
167040,20880,-107900.81,88.01,187.22,48
167424,20928,-54088.31,89.09,96.90,48
167424,20928,-67065.71,88.35,118.71,48
167424,20928,-24016.46,90.17,46.72,48
167424,20928,-44928.37,85.70,81.23,48
167424,20928,-243268.13,90.74,414.71,48
167424,20928,-94182.15,87.05,164.02,48
167424,20928,923.27,87.44,4.49,48
167424,20928,-41416.26,26.03,69.94,48
167808,20976,-157549.70,91.06,271.00,48
167808,20976,-178355.92,88.94,305.64,48
167808,20976,-70506.26,89.95,124.64,48
167808,20976,-60842.55,41.63,104.09,48
167808,20976,-7448375792810084.00,88.93,12500000000332.09,48
167808,20976,-71025.80,30.22,119.83,48
167808,20976,-151588.04,87.62,260.31,48
167808,20976,2697.70,91.44,2.12,48
168192,21024,-81792.56,89.31,143.47,48
168192,21024,-2911.87,89.01,11.14,48
168192,21024,-186342.17,87.62,318.66,48
168192,21024,-28928.95,34.31,49.43,48
168192,21024,-18474.79,88.86,37.34,48
168192,21024,-70439.91,90.88,124.67,48
168192,21024,-29117.82,88.93,55.08,48
168192,21024,1932.05,85.04,2.53,48
168576,21072,1843.79,89.57,3.33,48
168576,21072,-86265.13,89.28,151.01,48
168576,21072,-45624.53,29.67,77.09,48
168576,21072,-44459.51,91.01,81.03,48
168576,21072,-230120.96,31.64,386.83,48
168576,21072,-21745.33,90.58,42.75,48
168576,21072,-103168.45,91.57,179.68,48
168576,21072,-49090.54,88.65,88.58,48
168960,21120,3907.67,90.14,0.01,48
168960,21120,-18428.95,88.12,36.88,48
168960,21120,-37135.46,90.37,68.67,48
168960,21120,-77399.47,89.13,136.15,48
168960,21120,-112439.07,89.76,195.06,48
168960,21120,-56586.68,92.06,101.70,48
168960,21120,-254221.54,86.91,432.29,48
168960,21120,-7858.54,91.27,19.94,48
169344,21168,-15836.17,90.15,32.90,48
169344,21168,-61436.68,86.66,108.99,48
169344,21168,-247669.65,85.47,421.29,48
169344,21168,-135629.60,87.70,233.52,48
169344,21168,-43702.74,91.78,79.95,48
169344,21168,-34106.82,88.92,63.59,48
169344,21168,-211069.77,90.13,360.58,48
169344,21168,-21068.37,91.58,41.98,48
169728,21216,-71283.11,91.96,126.39,48
169728,21216,-14302.20,25.97,24.25,48
169728,21216,-185574.74,86.99,317.48,48
169728,21216,-80487.69,89.01,141.40,48
169728,21216,-135844.91,27.00,228.48,48
169728,21216,-94683.17,84.67,164.44,48
169728,21216,-23189.68,32.06,39.38,48
169728,21216,-25411.08,86.64,48.58,48
170112,21264,-23795.00,88.82,46.10,48
170112,21264,-77640.03,87.45,136.32,48
170112,21264,-2341.49,88.50,10.16,48
170112,21264,-52596.46,88.09,94.31,48
170112,21264,-41119.43,32.11,69.71,48
170112,21264,-6188.40,31.61,11.04,48
170112,21264,-161005.59,90.09,276.60,48
170112,21264,-17212.64,89.50,35.13,48
170496,21312,-96775.60,27.43,162.47,48
170496,21312,-14049.93,87.70,29.62,48
170496,21312,-58580.12,86.57,104.16,48
170496,21312,-90411.55,91.39,158.23,48
170496,21312,-184149.01,33.84,309.93,48
170496,21312,-49285.31,92.35,89.41,48
170496,21312,-37613.06,88.30,69.15,48
170496,21312,-1489675158747166.00,90.59,2500000000382.36,48
170880,21360,-8217.73,86.77,19.77,48
170880,21360,1485.01,88.43,3.62,48
170880,21360,-131886.51,89.67,227.45,48
170880,21360,-38364.97,86.00,70.29,48
170880,21360,-50108.10,27.62,84.55,48
170880,21360,-62073.10,89.25,110.47,48
170880,21360,-108006.51,32.33,181.89,48
170880,21360,-70758.99,33.26,119.48,48
171264,21408,-96561.21,87.82,168.13,48
171264,21408,-73984.11,92.29,130.98,48
171264,21408,-174884.86,87.08,299.49,48
171264,21408,-41303.22,90.26,75.82,48
171264,21408,-14314.39,87.44,29.94,48
171264,21408,-247349.11,88.68,421.10,48
171264,21408,-47075.91,91.16,85.57,48
171264,21408,-49333.09,87.48,88.91,48
171648,21456,-3782.49,90.96,12.74,48
171648,21456,-79733.97,87.15,139.91,48
171648,21456,-40617.56,88.73,74.38,48
171648,21456,-409330.59,29.64,687.86,48
171648,21456,-20250.43,32.29,35.20,48
171648,21456,-166490.73,29.53,279.96,48
171648,21456,-160373.96,28.19,269.81,48
171648,21456,-134465.36,90.77,232.19,48
172032,21504,-7448375792788821.00,30.44,12500000000291.15,48
172032,21504,-6725.37,33.37,12.28,48
172032,21504,-166288.12,90.50,285.64,48
172032,21504,-67358.77,33.30,113.83,48
172032,21504,-35.14,90.01,6.51,48
172032,21504,-292677.87,87.45,497.05,48
172032,21504,-62950.13,89.81,111.95,48
172032,21504,-5118.16,89.06,14.84,48
172416,21552,-91102.91,30.76,153.97,48
172416,21552,-14821.29,87.86,30.85,48
172416,21552,-79679.69,90.22,140.13,48
172416,21552,-6799.57,89.55,17.72,48
172416,21552,-41934.33,87.00,76.38,48
172416,21552,-57525.69,88.44,102.70,48
172416,21552,-22499.40,89.36,44.01,48
172416,21552,-70557.36,32.61,119.44,48
172800,21600,-25289.41,90.52,48.86,48
172800,21600,-5868.90,89.50,16.27,48
172800,21600,-14861.07,89.94,31.46,48
172800,21600,-19366.81,89.90,38.77,48
172800,21600,-181761.09,92.00,311.56,48
172800,21600,-7185.92,90.38,18.47,48
172800,21600,-61798.35,29.72,104.26,48
172800,21600,-85158.31,29.48,143.48,48
173184,21648,4040.59,92.71,0.00,48
173184,21648,-51731.52,29.60,87.42,48
173184,21648,-13287.48,25.59,22.36,48
173184,21648,-271944.21,91.85,463.06,48
173184,21648,-48057.20,89.23,86.80,48
173184,21648,-92542.10,32.72,156.15,48
173184,21648,-240154.96,35.66,403.88,48
173184,21648,-9733.88,26.16,16.65,48
173568,21696,-142785.26,29.71,240.04,48
173568,21696,-86866.04,29.50,146.41,48
173568,21696,3720.11,88.29,0.00,48
173568,21696,-25872.21,87.16,49.18,48
173568,21696,-3537978501728376.00,88.55,5937500000401.98,48
173568,21696,-158669.97,88.83,272.54,48
173568,21696,-93328.65,31.12,157.34,48
173568,21696,-59041.62,89.21,105.31,48
173952,21744,-93031.82,90.99,162.67,48
173952,21744,-23327.02,90.69,45.63,48
173952,21744,-172634.33,91.08,296.19,48
173952,21744,-65213.02,30.13,109.81,48
173952,21744,-111984.44,89.89,194.12,48
173952,21744,-27059.98,36.16,46.66,48
173952,21744,1364.45,91.39,4.40,48
173952,21744,-1489675158735664.50,31.56,2500000000357.29,48
174336,21792,-8684.13,88.48,20.71,48
174336,21792,-42224.96,29.75,71.47,48
174336,21792,-112216.78,34.96,189.42,48
174336,21792,-145192.77,30.00,243.96,48
174336,21792,-61529.44,92.04,110.00,48
174336,21792,-145539.97,31.61,245.19,48
174336,21792,-56998.90,92.61,102.33,48
174336,21792,-45762.49,28.29,77.61,48
174720,21840,-61649.23,89.88,109.99,48
174720,21840,-69373.88,33.45,116.97,48
174720,21840,-12766.74,91.13,27.90,48
174720,21840,-55861.26,87.81,99.85,48
174720,21840,-83147.90,27.83,139.98,48
174720,21840,-106082.86,30.10,178.67,48
174720,21840,-85058.54,87.76,148.84,48
174720,21840,-46913.72,29.31,79.38,48
175104,21888,-62897.73,29.13,106.00,48
175104,21888,-138766.75,90.62,239.27,48
175104,21888,-572475.02,91.70,967.20,48
175104,21888,-40074.90,32.24,68.17,48
175104,21888,2309.62,87.33,2.10,48
175104,21888,-372418789821620.62,32.90,625000000320.89,48
175104,21888,-33166.37,88.23,61.67,48
175104,21888,-7448375792747222.00,28.90,12500000000220.82,48
175488,21936,-15214.35,88.78,31.79,48
175488,21936,-10345.63,86.40,23.23,48
175488,21936,-53179.86,90.97,95.81,48
175488,21936,-108525.98,34.64,183.12,48
175488,21936,-98579.63,30.66,166.13,48
175488,21936,-211546.61,30.06,355.47,48
175488,21936,-37698.91,86.90,69.32,48
175488,21936,-43964.57,26.75,74.17,48
175872,21984,878.21,89.60,5.15,48
175872,21984,-86354.17,31.33,145.30,48
175872,21984,-48905.89,90.01,88.32,48
175872,21984,-116269.31,30.14,195.75,48
175872,21984,-11341.29,88.75,25.28,48
175872,21984,-73087.61,89.91,128.92,48
175872,21984,-8448.86,30.19,14.97,48
175872,21984,-2659.05,88.85,10.64,48
176256,22032,-175246.71,24.82,294.16,48
176256,22032,3632.40,90.63,0.26,48
176256,22032,-178649.50,88.94,305.88,48
176256,22032,3903.67,89.84,0.00,48
176256,22032,-132205.90,87.96,227.73,48
176256,22032,-82489.30,89.19,144.59,48
176256,22032,-97019.60,88.49,168.91,48
176256,22032,-30231.77,29.26,51.19,48
176640,22080,-39197.59,91.16,72.35,48
176640,22080,-22017.82,88.57,43.19,48
176640,22080,-399229.03,87.63,675.96,48
176640,22080,-9877.58,89.61,22.78,48
176640,22080,-7448375792771772.00,29.82,12500000000262.33,48
176640,22080,-45276.49,86.70,81.71,48
176640,22080,-4830.97,31.97,9.15,48
176640,22080,3813.82,89.72,0.00,48
177024,22128,-567563.12,89.49,958.73,48
177024,22128,-62602.93,34.88,105.68,48
177024,22128,-108193.25,28.64,182.09,48
177024,22128,-12772.19,92.90,28.21,48
177024,22128,-128403.23,32.25,215.92,48
177024,22128,-65210.29,87.55,115.49,48
177024,22128,-47812.65,86.46,86.13,48
177024,22128,-76351.44,88.15,134.17,48
177408,22176,-931046974237540.25,89.53,1562500000275.59,48
177408,22176,-198048.90,90.26,338.74,48
177408,22176,-66454.06,87.66,117.56,48
177408,22176,-73804.91,29.33,124.47,48
177408,22176,-39119.36,27.32,66.34,48
177408,22176,-61429.93,29.85,104.08,48
177408,22176,2276.05,90.16,2.57,48
177408,22176,-25077.35,90.32,48.32,48
177792,22224,-9326.51,90.55,22.12,48
177792,22224,-276278.89,29.76,464.12,48
177792,22224,-165506.00,27.06,277.99,48
177792,22224,-68333.71,33.72,115.37,48
177792,22224,-71620.86,88.96,126.18,48
177792,22224,-51090.61,89.45,92.01,48
177792,22224,-16855.25,31.74,29.14,48
177792,22224,-243140.85,32.47,408.89,48
178176,22272,-97418.49,29.77,163.94,48
178176,22272,-54628.67,29.65,92.15,48
178176,22272,-1325.31,87.62,8.27,48
178176,22272,-101861.40,31.34,171.78,48
178176,22272,-78793.85,26.25,132.43,48
178176,22272,-24593.83,32.20,42.29,48
178176,22272,-37733.78,26.74,63.93,48
178176,22272,-212519.05,29.51,356.96,48
178560,22320,-87627.92,32.91,147.81,48
178560,22320,-37344.95,91.26,69.17,48
178560,22320,-5035.09,25.68,8.98,48
178560,22320,-8339.95,86.16,20.02,48
178560,22320,407.81,86.82,5.15,48
178560,22320,-512485.91,90.47,866.48,48
178560,22320,-58322.63,89.38,104.18,48
178560,22320,-118280.48,90.27,204.89,48
178944,22368,-38791.78,29.06,65.87,48
178944,22368,-90788.13,89.33,158.52,48
178944,22368,-3163.15,90.97,11.82,48
178944,22368,-20493.44,85.38,40.29,48
178944,22368,-97704.24,90.58,170.53,48
178944,22368,-37620.05,90.44,69.54,48
178944,22368,-68328.51,30.86,115.19,48
178944,22368,-94760.58,90.09,165.48,48
179328,22416,-29201.65,28.32,49.65,48
179328,22416,-173133.28,91.78,297.09,48
179328,22416,-75736.16,86.42,133.05,48
179328,22416,-112948.42,90.22,195.83,48
179328,22416,-99660.25,92.05,173.80,48
179328,22416,-140638.35,31.64,237.03,48
179328,22416,-97134.59,29.24,163.51,48
179328,22416,-14177.38,29.65,24.60,48
179712,22464,-94979.76,32.70,160.54,48
179712,22464,3868.98,92.64,0.31,48
179712,22464,-24262.77,88.67,46.90,48
179712,22464,-56366.15,32.33,95.15,48
179712,22464,-84487.33,25.53,142.28,48
179712,22464,-59081.29,92.06,105.85,48
179712,22464,-1761.93,88.15,9.07,48
179712,22464,-225960.50,92.89,385.90,48
180096,22512,-79962.48,91.91,140.69,48
180096,22512,-9771.22,87.75,22.44,48
180096,22512,-49853.74,89.51,89.83,48
180096,22512,-33714.07,88.36,62.66,48
180096,22512,-7517.94,90.07,18.97,48
180096,22512,-134418.77,89.76,231.93,48
180096,22512,-4959.47,87.60,14.35,48
180096,22512,-418380.21,91.00,708.49,48
180480,22560,-13432.64,87.25,28.45,48
180480,22560,-60576.11,87.17,107.66,48
180480,22560,-19426.73,86.93,38.58,48
180480,22560,-258510.94,32.31,434.61,48
180480,22560,-75492.61,91.94,133.42,48
180480,22560,-67832.34,87.78,119.86,48
180480,22560,-91334.19,90.50,159.43,48
180480,22560,-33735.97,89.92,63.07,48
180864,22608,-98699.23,86.27,171.54,48
180864,22608,1824.53,89.25,3.37,48
180864,22608,-20692.20,86.27,40.65,48
180864,22608,-62455.54,90.93,111.19,48
180864,22608,-123628.05,90.13,213.67,48
180864,22608,-57759.30,30.83,97.63,48
180864,22608,-476459.69,32.95,800.68,48
180864,22608,-75378.34,90.01,132.84,48
181248,22656,-4896.25,31.03,8.54,48
181248,22656,-104307.75,86.14,180.90,48
181248,22656,-154738.00,30.80,260.36,48
181248,22656,-45387.06,89.23,82.30,48
181248,22656,-119420.38,32.33,200.82,48
181248,22656,-66357.32,88.48,117.44,48
181248,22656,2299.85,89.92,2.59,48
181248,22656,-300.24,28.98,0.68,48
181632,22704,370.51,30.77,0.00,48
181632,22704,-87166.73,27.94,146.63,48
181632,22704,-418481.34,29.94,702.65,48
181632,22704,-394904.18,88.60,668.75,48
181632,22704,-547907.92,89.75,925.86,48
181632,22704,-14804.63,87.87,30.92,48
181632,22704,-3919.03,88.74,12.79,48
181632,22704,-75139.29,88.83,132.20,48
182016,22752,-133777.56,89.67,230.90,48
182016,22752,-49566.66,26.10,83.32,48
182016,22752,-2296582536228106.50,88.53,3854166666960.79,48
182016,22752,-397524.27,91.08,673.58,48
182016,22752,-5953.39,91.27,16.48,48
182016,22752,-96635.42,92.17,168.87,48
182016,22752,-4670.31,25.09,8.08,48
182016,22752,1902.55,85.41,2.61,48
182400,22800,-18537.04,27.29,31.74,48
182400,22800,-7492.61,92.56,19.39,48
182400,22800,-2958.14,87.57,11.15,48
182400,22800,-22815.74,89.65,44.74,48
182400,22800,-84751.91,87.24,148.35,48
182400,22800,-109795.64,27.61,184.60,48
182400,22800,-27198.55,87.02,51.60,48
182400,22800,-39244.31,30.10,66.59,48
182784,22848,-41322.60,92.02,75.97,48
182784,22848,-629180.32,30.95,1056.89,48
182784,22848,-52591.13,87.51,94.39,48
182784,22848,-25676.98,31.48,43.67,48
182784,22848,-560585.61,91.10,947.28,48
182784,22848,-213555.48,90.10,364.76,48
182784,22848,-36941.76,89.47,68.27,48
182784,22848,-77093.65,31.41,130.05,48
183168,22896,3296.65,89.65,0.76,48
183168,22896,-123441.52,30.69,207.78,48
183168,22896,-76561.35,26.01,128.59,48
183168,22896,-20036.65,86.70,39.45,48
183168,22896,-1744.22,28.91,3.47,48
183168,22896,-163762.15,90.51,281.22,48
183168,22896,-56651.61,30.12,95.48,48
183168,22896,-62280.33,92.28,111.22,48
183552,22944,-67499.98,88.86,119.35,48
183552,22944,-21369.88,90.73,42.24,48
183552,22944,-20046.80,91.28,40.04,48
183552,22944,-740862.60,91.69,1249.96,48
183552,22944,-23989.39,91.90,47.00,48
183552,22944,-64547.63,90.32,114.57,48
183552,22944,-4569.30,31.87,8.69,48
183552,22944,-15123.95,87.72,31.23,48
183936,22992,-253417.07,90.47,431.69,48
183936,22992,-54717.80,90.21,98.24,48
183936,22992,-55880.98,28.69,94.14,48
183936,22992,-35203.06,92.28,65.75,48
183936,22992,-122408.02,89.03,211.55,48
183936,22992,-262636.70,33.22,441.68,48
183936,22992,-57999.44,33.44,98.07,48
183936,22992,-54206.19,28.59,91.49,48
184320,23040,-73805.45,27.86,124.27,48
184320,23040,-174485.20,87.93,298.64,48
184320,23040,-42862.16,29.84,72.63,48
184320,23040,-42507.60,92.54,78.16,48
184320,23040,-56094.40,29.19,95.00,48
184320,23040,-83955.86,88.36,147.10,48
184320,23040,3552.30,89.25,0.31,48
184320,23040,-642449.48,87.84,1084.27,48
184704,23088,-219541.73,89.39,374.87,48
184704,23088,-93715.10,87.81,163.14,48
184704,23088,-101691.09,28.51,171.04,48
184704,23088,-4407.51,26.37,8.06,48
184704,23088,-11190.64,91.53,25.37,48
184704,23088,-607.42,90.63,7.48,48
184704,23088,-37643.40,87.47,69.11,48
184704,23088,-117697.50,88.70,203.75,48
185088,23136,-42048.32,86.35,76.54,48
185088,23136,-73348.55,90.09,129.43,48
185088,23136,-63457.54,28.24,107.12,48
185088,23136,-70908.31,28.62,119.49,48
185088,23136,-82022.71,29.34,137.94,48
185088,23136,-18166.13,29.39,31.24,48
185088,23136,-210716.49,30.00,354.15,48
185088,23136,3803.30,88.66,0.00,48
185472,23184,-194877.26,89.78,333.41,48
185472,23184,-182883.86,89.96,313.28,48
185472,23184,-12013.73,34.95,21.03,48
185472,23184,-183170.97,89.31,313.72,48
185472,23184,-2474.60,30.27,4.83,48
185472,23184,-20902.04,33.63,36.11,48
185472,23184,-12814.67,89.85,27.79,48
185472,23184,-200449.07,29.96,337.15,48
185856,23232,-217762.70,90.30,371.78,48
185856,23232,-41712.31,34.56,70.95,48
185856,23232,-1370.40,89.36,8.74,48
185856,23232,-62067.97,86.78,110.17,48
185856,23232,-126385.40,89.38,218.26,48
185856,23232,-71725.97,90.27,126.75,48
185856,23232,-572.19,27.96,1.39,48
185856,23232,-31262.65,87.65,58.50,48
186240,23280,-7732.41,90.17,19.41,48
186240,23280,-46984.85,87.63,84.98,48
186240,23280,-231284.82,89.95,394.60,48
186240,23280,-22989.20,32.41,39.56,48
186240,23280,-125717.34,88.91,217.29,48
186240,23280,2789.02,87.02,1.21,48
186240,23280,-94258.94,89.19,164.51,48
186240,23280,-652101.70,90.02,1100.77,48
186624,23328,-14445.24,90.61,30.63,48
186624,23328,-636495.72,29.90,1068.71,48
186624,23328,-54541.95,31.74,92.04,48
186624,23328,2366.18,87.79,2.18,48
186624,23328,-29738.54,33.14,50.65,48
186624,23328,-590430.95,90.85,997.28,48
186624,23328,-30356.31,27.13,51.09,48
186624,23328,-40820.83,91.63,75.04,48
187008,23376,-138636.01,90.45,238.84,48
187008,23376,-95530.38,88.92,166.36,48
187008,23376,-54168.04,86.06,96.58,48
187008,23376,-17171.64,30.01,29.00,48
187008,23376,-524874.45,27.56,881.61,48
187008,23376,-86496.19,86.88,151.13,48
187008,23376,-56761.43,89.11,101.53,48
187008,23376,-365851.44,87.14,619.89,48
187392,23424,-47669.02,31.50,80.77,48
187392,23424,-54890.40,88.09,97.96,48
187392,23424,1212.42,89.50,4.35,48
187392,23424,-81125.44,26.08,136.61,48
187392,23424,-183824.61,86.79,314.37,48
187392,23424,-2192.61,30.37,4.53,48
187392,23424,-1021.98,85.98,7.61,48
187392,23424,-35270.25,89.89,65.45,48
187776,23472,-32979.57,86.77,61.29,48
187776,23472,-204409.73,88.58,349.11,48
187776,23472,-14241.56,88.19,30.01,48
187776,23472,-45333.31,90.69,82.36,48
187776,23472,-122799.51,32.06,206.56,48
187776,23472,-28593.12,90.98,54.31,48
187776,23472,-21277.22,88.86,41.83,48
187776,23472,-85692.77,89.19,150.15,48
188160,23520,-21534.26,29.65,36.66,48
188160,23520,-60952.51,86.38,107.96,48
188160,23520,-2252.16,89.33,10.10,48
188160,23520,-34216.20,91.18,63.88,48
188160,23520,-47544.95,36.63,81.01,48
188160,23520,-89568.16,87.53,156.49,48
188160,23520,-5489.46,27.49,9.78,48
188160,23520,-217852.96,88.16,371.66,48
188544,23568,-104919.37,29.96,176.24,48
188544,23568,-23995.22,88.63,46.40,48
188544,23568,-102592.65,28.21,172.45,48
188544,23568,1175.96,88.05,3.90,48
188544,23568,-43814.94,29.91,74.25,48
188544,23568,-31225.47,28.68,52.84,48
188544,23568,1472.43,90.70,3.99,48
188544,23568,-14058.75,89.90,29.92,48
188928,23616,-659.26,26.92,1.52,48
188928,23616,-198891.66,87.58,339.69,48
188928,23616,-62042.13,86.74,110.22,48
188928,23616,2233.32,88.30,2.50,48
188928,23616,-23353.26,91.12,45.79,48
188928,23616,-27983.65,91.17,53.54,48
188928,23616,-59801.14,88.55,106.49,48
188928,23616,-8364.22,90.26,20.52,48
189312,23664,-19468.41,88.40,38.97,48
189312,23664,-23947.54,32.03,41.18,48
189312,23664,-242569.67,87.51,412.97,48
189312,23664,-6677.29,86.94,17.00,48
189312,23664,-27532.13,89.96,52.44,48
189312,23664,-123147.25,90.16,213.05,48
189312,23664,-141097.11,89.84,243.15,48
189312,23664,-36721.69,87.69,67.60,48
189696,23712,-41092.57,90.24,75.38,48
189696,23712,-12221.21,30.45,21.28,48
189696,23712,-46571.78,27.10,78.87,48
189696,23712,-108709.16,31.76,183.09,48
189696,23712,-61335.34,89.07,109.20,48
189696,23712,-264920.30,90.00,450.72,48
189696,23712,2436.07,89.10,2.18,48
189696,23712,-114273.60,88.97,198.08,48
190080,23760,-139662.07,89.98,240.68,48
190080,23760,-144061.99,91.31,248.28,48
190080,23760,-121999.26,89.91,211.17,48
190080,23760,-18714.84,90.90,37.82,48
190080,23760,-77678.53,34.00,131.21,48
190080,23760,-59475.08,28.88,100.26,48
190080,23760,-148484.28,88.36,255.36,48
190080,23760,-59905.03,89.81,106.83,48
190464,23808,-24204.17,88.68,46.94,48
190464,23808,-166068.28,34.69,279.38,48
190464,23808,-1733.30,88.25,9.04,48
190464,23808,3065.83,86.03,0.74,48
190464,23808,-15052.64,92.04,31.95,48
190464,23808,-97240.53,89.47,169.50,48
190464,23808,-97917.11,89.34,170.49,48
190464,23808,1704.53,89.45,3.50,48
190848,23856,-1489675158662618.75,88.08,2500000000240.23,48
190848,23856,-104794.45,89.67,182.14,48
190848,23856,-134279.55,91.72,231.98,48
190848,23856,-45277.08,88.62,82.16,48
190848,23856,-130328.93,35.32,219.62,48
190848,23856,-229929.41,30.86,386.66,48
190848,23856,-31967.32,85.90,59.50,48
190848,23856,-395748.37,90.36,670.56,48
191232,23904,-46317.67,26.95,78.64,48
191232,23904,-54628.68,87.88,97.79,48
191232,23904,-19971.82,85.58,39.48,48
191232,23904,468.36,85.99,5.11,48
191232,23904,-32219.04,92.91,60.98,48
191232,23904,-29886.34,89.78,56.61,48
191232,23904,-39013.55,25.20,65.72,48
191232,23904,-18396.98,30.90,31.56,48
191616,23952,-9954.39,34.42,17.57,48
191616,23952,240.87,91.07,6.07,48
191616,23952,-54523.34,32.25,92.09,48
191616,23952,2988.46,85.78,0.66,48
191616,23952,-9448.66,88.52,22.19,48
191616,23952,-42726.81,33.73,72.63,48
191616,23952,-122968.18,32.47,207.31,48
191616,23952,-176708.87,90.98,303.09,48
192000,24000,-10113.93,29.58,17.44,48
192000,24000,-155538.27,89.46,267.21,48
192000,24000,-311483.72,90.35,528.99,48
192000,24000,-1796.10,91.13,9.65,48
192000,24000,-140908.66,32.12,237.53,48
192000,24000,-637343.50,88.79,1075.80,48
192000,24000,-1523.37,90.12,9.13,48
192000,24000,-2058.90,87.80,9.53,48
192384,24048,-64870.84,88.47,114.89,48
192384,24048,-4032.13,89.86,13.15,48
192384,24048,-220178.36,88.65,375.53,48
192384,24048,-87663.20,30.33,147.54,48
192384,24048,-153703.36,30.90,258.44,48
192384,24048,-194076.68,88.55,331.81,48
192384,24048,-161537.89,90.90,277.37,48
192384,24048,-29627.35,28.54,50.19,48
192768,24096,-46369.76,89.82,84.10,48
192768,24096,-149920.92,35.66,252.33,48
192768,24096,-80199.68,87.99,140.56,48
192768,24096,-140926.14,27.61,236.95,48
192768,24096,-1483.82,89.92,8.81,48
192768,24096,-48506.82,87.51,87.43,48
192768,24096,-88668.73,86.84,154.79,48
192768,24096,-15356.87,88.15,31.95,48
193152,24144,867.65,87.56,4.53,48
193152,24144,-9479.36,90.62,22.38,48
193152,24144,-95518.42,87.61,166.23,48
193152,24144,-53510.71,89.92,96.02,48
193152,24144,-130004.27,89.20,224.54,48
193152,24144,-143799.18,88.86,247.41,48
193152,24144,-52972.53,90.03,95.39,48
193152,24144,-1716.02,90.75,9.24,48
193536,24192,-89652.76,28.72,150.72,48
193536,24192,-58236.65,28.20,98.37,48
193536,24192,-65016.42,89.49,115.37,48
193536,24192,-71074.45,31.37,120.22,48
193536,24192,-1489675158714259.75,29.85,2500000000321.09,48
193536,24192,-116782.47,88.19,201.98,48
193536,24192,-16946.79,86.28,34.34,48
193536,24192,-34429.60,33.64,58.41,48
193920,24240,-12738.79,28.79,21.71,48
193920,24240,-510516.00,87.74,862.86,48
193920,24240,-10318.03,34.61,18.22,48
193920,24240,-26403.85,86.27,50.08,48
193920,24240,-416701.50,89.15,705.61,48
193920,24240,-72446.18,34.85,122.26,48
193920,24240,-90902.80,92.78,159.28,48
193920,24240,-48765.39,27.92,82.74,48
194304,24288,-38862.27,89.42,71.50,48
194304,24288,-33012.55,90.25,61.74,48
194304,24288,-40581.99,88.37,74.25,48
194304,24288,3007.66,90.48,1.48,48
194304,24288,-416712.26,86.55,705.14,48
194304,24288,-181558.98,89.34,310.84,48
194304,24288,-88612.71,89.35,155.02,48
194304,24288,3339.33,88.28,0.39,48
194688,24336,-172437.92,89.81,295.60,48
194688,24336,-78401.77,88.87,137.55,48
194688,24336,-58876.29,89.02,104.98,48
194688,24336,-49264.20,90.35,89.11,48
194688,24336,-9354.45,88.80,21.88,48
194688,24336,-31644.07,89.37,59.28,48
194688,24336,-112488.80,86.60,194.66,48
194688,24336,-12309.85,86.17,26.50,48
195072,24384,-72706.16,90.73,128.44,48
195072,24384,-78252.15,88.34,137.45,48
195072,24384,-39213.16,31.69,66.53,48
195072,24384,-2094.29,87.40,9.87,48
195072,24384,-37853.72,90.47,69.89,48
195072,24384,-238037.19,88.66,405.62,48
195072,24384,-210358.56,90.17,359.22,48
195072,24384,-1489675158662215.00,87.19,2500000000239.31,48
195456,24432,-133956.71,88.17,230.95,48
195456,24432,-49279.60,26.05,83.18,48
195456,24432,-183896.47,90.98,314.99,48
195456,24432,-19465.85,31.42,33.60,48
195456,24432,3840.62,89.92,0.00,48
195456,24432,-102324.42,86.97,177.78,48
195456,24432,-330569.59,92.06,561.29,48
195456,24432,-16130.30,88.82,33.20,48
195840,24480,-74254.52,87.06,130.81,48
195840,24480,-646110.23,27.18,1084.43,48
195840,24480,-3671.13,87.66,12.21,48
195840,24480,-10795.13,28.19,18.68,48
195840,24480,-194994.87,89.16,333.42,48
195840,24480,-5333.27,31.40,9.91,48
195840,24480,-75270.52,88.72,132.26,48
195840,24480,-16354.78,89.71,33.80,48
196224,24528,-928.82,28.37,2.12,48
196224,24528,-24019.58,88.02,46.32,48
196224,24528,-89069.30,30.66,149.90,48
196224,24528,-172931.21,86.77,296.23,48
196224,24528,-372418789801363.62,32.64,625000000287.07,48
196224,24528,-35471.34,31.86,60.01,48
196224,24528,-88.20,89.45,6.47,48
196224,24528,-53412.21,87.97,95.61,48
196608,24576,-7448375792724068.00,88.16,12500000000187.69,48
196608,24576,-32747.80,88.55,61.27,48
196608,24576,-2270.47,27.46,4.01,48
196608,24576,-37331.85,88.99,68.67,48
196608,24576,-78032.24,89.87,137.19,48
196608,24576,-15043.94,27.83,25.85,48
196608,24576,-22560.08,24.21,38.38,48
196608,24576,-5139.16,87.70,14.64,48
196992,24624,-22574.77,85.19,43.54,48
196992,24624,1321.18,88.83,4.00,48
196992,24624,-9403.58,31.36,16.22,48
196992,24624,-131164.08,27.89,220.52,48
196992,24624,-87643.91,88.47,153.35,48
196992,24624,-79612.50,26.68,134.00,48
196992,24624,-424003.71,89.64,717.68,48
196992,24624,-37281.93,89.63,68.76,48
197376,24672,-19283.01,28.72,32.85,48
197376,24672,-128767.50,91.31,222.65,48
197376,24672,-75620.71,86.19,132.59,48
197376,24672,-108956.80,34.74,183.88,48
197376,24672,3200.64,87.81,0.79,48
197376,24672,-61376.14,90.19,109.38,48
197376,24672,-78204.63,29.89,132.01,48
197376,24672,3577.47,88.49,0.02,48
197760,24720,-66481.86,31.57,112.05,48
197760,24720,-13841.75,28.50,23.80,48
197760,24720,-88872.55,87.92,155.24,48
197760,24720,-36023.80,90.47,66.76,48
197760,24720,-81895.96,31.72,137.95,48
197760,24720,-3537978501638817.00,89.49,5937500000251.81,48
197760,24720,-134478.87,31.57,226.29,48
197760,24720,-121515.79,92.10,210.53,48
198144,24768,-86614.18,34.76,146.54,48
198144,24768,-17341.18,88.98,35.21,48
198144,24768,-18705.92,30.38,31.73,48
198144,24768,-25506.08,30.89,43.58,48
198144,24768,-83687.82,90.32,146.94,48
198144,24768,-10950.66,88.66,24.69,48
198144,24768,-18980.88,91.56,38.44,48
198144,24768,-70491.52,88.95,124.57,48
198528,24816,556.48,32.38,0.05,48
198528,24816,-103714.73,88.71,180.43,48
198528,24816,-257852.57,25.80,432.96,48
198528,24816,-84306.33,90.37,147.83,48
198528,24816,-118326.20,88.64,204.69,48
198528,24816,-108773.13,26.73,183.08,48
198528,24816,-11869.23,93.69,26.87,48
198528,24816,-218062.81,88.30,371.94,48
198912,24864,-137724.73,30.78,232.10,48
198912,24864,-36021.38,88.86,66.64,48
198912,24864,-232959.22,87.87,396.90,48
198912,24864,-3034.69,32.03,5.89,48
198912,24864,1715.06,90.06,3.37,48
198912,24864,-56834.69,91.32,101.94,48
198912,24864,-91204.46,86.83,158.74,48
198912,24864,-36285.51,88.71,67.06,48
199296,24912,-46029.63,88.40,83.37,48
199296,24912,-149049.28,85.79,255.89,48
199296,24912,-138718.14,32.91,234.03,48
199296,24912,-38976.52,32.25,66.43,48
199296,24912,-78680.70,30.07,132.70,48
199296,24912,-443.68,91.53,7.29,48
199296,24912,-175080.61,88.50,299.91,48
199296,24912,-85480.72,86.92,149.33,48
199680,24960,-153415.90,86.67,263.32,48
199680,24960,-189223.44,32.50,318.32,48
199680,24960,-52288.56,90.13,93.99,48
199680,24960,-37671.25,88.40,69.21,48
199680,24960,-330.30,24.13,0.76,48
199680,24960,-25152.72,87.82,48.35,48
199680,24960,-136737.92,86.38,235.30,48
199680,24960,-931046974234658.00,86.51,1562500000270.49,48
200064,25008,-219247.02,89.83,374.31,48
200064,25008,-81095.25,89.26,142.46,48
200064,25008,-5761.18,30.33,10.04,48
200064,25008,-2296582536193074.00,89.62,3854166666902.09,48
200064,25008,-58745.96,87.52,104.54,48
200064,25008,-56040.33,89.95,100.58,48
200064,25008,-2296582536251074.00,35.11,3854166666994.01,48
200064,25008,-196327.13,87.94,335.46,48
200448,25056,-12851.74,89.65,27.94,48
200448,25056,-46246.10,30.62,78.42,48
200448,25056,-93911.31,88.26,163.77,48
200448,25056,-30276.23,91.72,57.47,48
200448,25056,-7540.67,29.09,13.52,48
200448,25056,-378947.21,90.22,642.11,48
200448,25056,-191816.06,89.38,328.32,48
200448,25056,-83950.90,31.70,141.69,48
200832,25104,548.48,32.00,0.00,48
200832,25104,-22546.07,90.15,44.25,48
200832,25104,-101550.16,32.66,171.14,48
200832,25104,-27758.73,88.34,52.48,48
200832,25104,-12958.39,90.10,28.23,48
200832,25104,-52091.95,30.51,88.16,48
200832,25104,-99185.80,30.31,166.92,48
200832,25104,-155646.62,89.60,267.61,48
201216,25152,-89373.44,90.14,156.64,48
201216,25152,-721498.24,33.63,1211.78,48
201216,25152,-17011.79,86.34,34.61,48
201216,25152,-42877.86,89.16,78.06,48
201216,25152,-421739.01,91.36,714.29,48
201216,25152,-161265.35,35.41,271.64,48
201216,25152,-66055.91,86.05,116.60,48
201216,25152,1015.15,87.41,4.33,48
201600,25200,-43043.19,29.99,72.68,48
201600,25200,-264219.06,89.13,449.50,48
201600,25200,-359562.45,87.34,609.41,48
201600,25200,-34988.74,33.77,59.85,48
201600,25200,-75229.87,28.87,126.48,48
201600,25200,-183146.64,87.83,313.43,48
201600,25200,-117364.86,93.98,203.86,48
201600,25200,-123804.65,89.12,214.03,48
201984,25248,3618.00,88.43,0.18,48
201984,25248,-118024.73,31.34,199.01,48
201984,25248,-7846.83,86.87,19.05,48
201984,25248,-90948.57,89.98,159.00,48
201984,25248,638.11,88.89,5.03,48
201984,25248,-22970.58,90.94,44.88,48
201984,25248,-52229.16,89.77,94.05,48
201984,25248,-231816.35,89.93,395.23,48
202368,25296,3674.80,88.36,0.02,48
202368,25296,-111394.20,32.30,187.59,48
202368,25296,-37862.60,88.25,69.40,48
202368,25296,-17805.72,27.94,30.57,48
202368,25296,-3361.07,92.86,12.47,48
202368,25296,-59719.61,87.87,106.25,48
202368,25296,3192.04,87.42,0.72,48
202368,25296,-40149.41,87.62,73.44,48
202752,25344,-23365.91,86.91,44.96,48
202752,25344,-6990.71,90.50,18.27,48
202752,25344,-110626.59,30.95,185.94,48
202752,25344,-129244.69,88.31,222.93,48
202752,25344,-19283.31,87.83,38.41,48
202752,25344,-1332.42,29.53,2.97,48
202752,25344,-131359.96,89.64,226.68,48
202752,25344,-95431.90,92.33,166.91,48
203136,25392,-1489675158762612.25,30.61,2500000000402.23,48
203136,25392,-236069.48,90.94,402.73,48
203136,25392,-75058.62,91.28,132.49,48
203136,25392,-61023.15,88.32,108.40,48
203136,25392,-794019.94,92.19,1339.10,48
203136,25392,-52112.16,30.58,88.41,48
203136,25392,-3186.47,88.97,11.78,48
203136,25392,-4585.66,82.92,13.28,48
203520,25440,-53209.39,31.75,89.84,48
203520,25440,-97574.51,92.64,170.40,48
203520,25440,-92291.18,28.65,155.28,48
203520,25440,-71295.73,31.17,120.31,48
203520,25440,-138153.26,87.87,237.90,48
203520,25440,-83951.48,88.67,147.10,48
203520,25440,-33574.53,89.75,62.58,48
203520,25440,-16557.68,87.97,33.80,48
203904,25488,-65021.72,91.64,115.79,48
203904,25488,-72359.66,35.04,122.18,48
203904,25488,-61245.63,90.08,109.27,48
203904,25488,-88086.75,35.59,148.72,48
203904,25488,3651.01,88.23,0.00,48
203904,25488,-170698.87,86.73,292.35,48
203904,25488,-46911.84,89.93,85.07,48
203904,25488,-89148.95,88.35,155.55,48
204288,25536,-23002.04,90.02,45.06,48
204288,25536,4042.27,91.60,0.00,48
204288,25536,-59157.24,88.71,105.42,48
204288,25536,-206804.80,29.48,347.32,48
204288,25536,181.46,88.58,5.89,48
204288,25536,-21308.32,89.06,41.95,48
204288,25536,304.90,88.61,5.63,48
204288,25536,-123489.44,88.75,213.39,48
204672,25584,-17953.30,88.91,36.17,48
204672,25584,-96260.08,86.32,167.54,48
204672,25584,-59770.62,90.48,106.60,48
204672,25584,-212069.82,32.41,356.55,48
204672,25584,-1199.80,88.89,8.26,48
204672,25584,-80978.45,30.96,136.91,48
204672,25584,1105.61,91.76,4.63,48
204672,25584,-26122.12,90.73,50.14,48
205056,25632,-92590.41,31.45,156.16,48
205056,25632,-550427.57,89.31,929.98,48
205056,25632,-95664.50,91.79,167.16,48
205056,25632,-64426.06,88.12,114.03,48
205056,25632,-53137.03,91.85,95.81,48
205056,25632,-121064.32,88.17,209.32,48
205056,25632,-20580.57,89.85,40.86,48
205056,25632,-7010.84,30.66,12.23,48
205440,25680,-16178.96,89.40,33.56,48
205440,25680,-93468.43,88.56,163.02,48
205440,25680,-270028.99,91.12,459.79,48
205440,25680,-95917.69,92.45,167.72,48
205440,25680,-84187.73,91.52,147.88,48
205440,25680,-22852.97,88.15,44.27,48
205440,25680,-22259.00,86.03,43.10,48
205440,25680,-110860.68,30.63,186.26,48
205824,25728,-3513.50,28.68,6.49,48
205824,25728,-320785.05,84.66,543.94,48
205824,25728,-34365.40,85.71,63.36,48
205824,25728,-21153.83,85.39,41.34,48
205824,25728,-208806.95,87.56,356.58,48
205824,25728,16.20,28.71,0.28,48
205824,25728,-3537978501665969.50,87.22,5937500000296.98,48
205824,25728,-22287.03,87.24,43.36,48
206208,25776,-211064.83,88.04,360.30,48
206208,25776,-47294.32,30.69,80.29,48
206208,25776,-66689.95,86.78,118.18,48
206208,25776,-163778.95,28.86,275.14,48
206208,25776,-139873.98,84.90,240.43,48
206208,25776,44.81,86.80,6.15,48
206208,25776,-31213.89,87.91,58.44,48
206208,25776,-46724.82,28.12,78.71,48
206592,25824,-82650.22,21.97,138.75,48
206592,25824,-173174.30,30.09,290.85,48
206592,25824,-254820.93,87.93,433.61,48
206592,25824,3493.89,87.03,0.25,48
206592,25824,-2076.86,24.55,3.64,48
206592,25824,-85923.39,91.43,150.75,48
206592,25824,-41392.15,29.59,70.09,48
206592,25824,3467.45,87.16,0.00,48
206976,25872,-24849.59,88.76,47.70,48
206976,25872,-33983.96,88.46,63.12,48
206976,25872,-2296582536250656.50,90.64,3854166666998.97,48
206976,25872,-36922.46,88.41,68.01,48
206976,25872,-2257.67,29.92,4.65,48
206976,25872,-371608.72,29.18,624.07,48
206976,25872,-47142.64,28.87,79.72,48
206976,25872,-9831.85,88.77,22.80,48
207360,25920,-36811.53,89.00,68.11,48
207360,25920,225.58,83.96,5.27,48
207360,25920,-12254.21,91.78,27.10,48
207360,25920,-38189.69,91.46,70.74,48
207360,25920,-73659.69,88.80,129.60,48
207360,25920,-9383.34,89.42,22.07,48
207360,25920,-127280.81,26.16,214.16,48
207360,25920,-82206.41,35.26,138.94,48
207744,25968,-62115.89,88.43,110.48,48
207744,25968,-9479.64,91.25,22.41,48
207744,25968,-15416.89,29.78,26.71,48
207744,25968,-186763.49,88.55,319.64,48
207744,25968,-60704.57,89.89,108.36,48
207744,25968,618.85,32.15,0.00,48
207744,25968,-70739.67,87.45,124.78,48
207744,25968,-33228.77,90.54,62.29,48
208128,26016,-21796.62,87.49,42.64,48
208128,26016,-2618.30,87.59,10.51,48
208128,26016,-7533.79,89.44,18.85,48
208128,26016,-28502.33,89.02,54.04,48
208128,26016,-69809.44,30.62,117.70,48
208128,26016,-200627.02,89.12,342.96,48
208128,26016,-35385.48,30.13,60.01,48
208128,26016,-82024.74,88.05,143.80,48
208512,26064,-3615.47,30.78,6.58,48
208512,26064,-43849.12,90.22,80.05,48
208512,26064,2930.29,92.49,1.92,48
208512,26064,-56019.72,89.12,100.43,48
208512,26064,-79084.55,87.80,138.93,48
208512,26064,-79712.88,92.22,140.33,48
208512,26064,-17271.82,88.54,35.10,48
208512,26064,-38875.07,87.57,71.21,48
208896,26112,-125027.10,86.95,215.63,48
208896,26112,-70618.88,88.11,124.42,48
208896,26112,-9554.79,87.40,21.98,48
208896,26112,-23784.38,32.01,40.52,48
208896,26112,-49270.57,88.55,88.75,48
208896,26112,-177594.39,30.31,298.68,48
208896,26112,-7711.92,90.20,19.24,48
208896,26112,-372418789788492.75,32.81,625000000265.98,48
209280,26160,-81293.62,89.98,142.80,48
209280,26160,-142310.84,32.29,239.68,48
209280,26160,-7253.91,90.25,18.61,48
209280,26160,6.24,88.83,6.21,48
209280,26160,-27639.86,86.81,52.31,48
209280,26160,-195537.13,91.11,334.64,48
209280,26160,-188871.15,31.01,317.60,48
209280,26160,-33382.55,89.07,62.20,48
209664,26208,-51827.98,88.32,93.17,48
209664,26208,-25416.38,89.77,48.90,48
209664,26208,-437628.73,31.42,735.04,48
209664,26208,-193943.91,87.66,331.28,48
209664,26208,-204491.25,90.77,349.64,48
209664,26208,-612111.97,90.49,1033.63,48
209664,26208,-43783.57,90.16,79.82,48
209664,26208,-367908.58,85.50,623.17,48
210048,26256,-104644.47,89.61,182.01,48
210048,26256,-10777.42,86.61,24.12,48
210048,26256,-14285.20,88.58,30.02,48
210048,26256,-6590.69,25.06,11.49,48
210048,26256,-37497.66,91.19,69.51,48
210048,26256,-136497.76,89.43,235.43,48
210048,26256,-20504.21,86.77,40.30,48
210048,26256,-3658.76,89.58,12.58,48
210432,26304,-8822.43,88.85,21.06,48
210432,26304,-141915.60,29.11,238.54,48
210432,26304,-475642.51,31.28,798.99,48
210432,26304,-55110.31,87.11,98.29,48
210432,26304,189.12,87.35,5.97,48
210432,26304,-144888.73,89.48,249.53,48
210432,26304,-197040.61,32.15,331.44,48
210432,26304,-85776.16,87.86,149.87,48
210816,26352,-59819.42,90.85,106.81,48
210816,26352,-159652.27,86.21,273.64,48
210816,26352,-142427.81,26.88,239.35,48
210816,26352,-115623.35,91.34,200.58,48
210816,26352,-125026.91,87.92,215.92,48
210816,26352,-110189.69,88.12,191.14,48
210816,26352,-9759.09,33.60,16.87,48
210816,26352,891.61,88.26,4.52,48
211200,26400,-246295.58,90.25,419.74,48
211200,26400,-195726.97,33.55,329.27,48
211200,26400,-38443.63,29.91,65.11,48
211200,26400,-96621.39,31.86,162.77,48
211200,26400,3091.67,88.68,1.13,48
211200,26400,-2296582536335367.50,87.28,3854166667140.53,48
211200,26400,-87342.76,89.01,152.69,48
211200,26400,-73179.94,89.53,129.08,48
211584,26448,-120294.46,34.92,202.88,48
211584,26448,-372418789759800.75,27.64,625000000216.93,48
211584,26448,-130159.07,87.39,224.20,48
211584,26448,-1351.63,88.37,8.39,48
211584,26448,3502.72,89.45,0.50,48
211584,26448,-1489675158723159.00,32.10,2500000000336.60,48
211584,26448,-64721.85,86.63,114.32,48
211584,26448,-41879.67,89.49,76.52,48
211968,26496,-66700.05,88.91,118.22,48
211968,26496,-562938.48,90.67,951.12,48
211968,26496,-257702.14,90.57,438.90,48
211968,26496,-171462.65,31.46,288.30,48
211968,26496,-17504.26,88.26,35.75,48
211968,26496,-39621.64,30.21,66.90,48
211968,26496,-69464.76,32.10,117.54,48
211968,26496,-22420.23,91.04,44.11,48
212352,26544,3521.29,87.60,0.13,48
212352,26544,-11483.06,89.00,25.41,48
212352,26544,-6637.32,89.30,17.43,48
212352,26544,-71426.61,30.13,120.69,48
212352,26544,-54564.33,26.32,91.96,48
212352,26544,-85521.23,88.31,149.45,48
212352,26544,-28839.38,30.87,48.91,48
212352,26544,-64.61,33.33,1.19,48
212736,26592,-7469.35,34.49,13.64,48
212736,26592,-93455.18,91.54,163.53,48
212736,26592,-15929.10,27.47,27.36,48
212736,26592,-20658.84,87.66,40.73,48
212736,26592,-29186.96,32.06,49.62,48
212736,26592,-108339.97,90.32,188.36,48
212736,26592,-67555.38,88.25,119.45,48
212736,26592,3102.43,90.10,1.19,48
213120,26640,-31943.84,28.64,54.05,48
213120,26640,-49888.78,90.15,90.00,48
213120,26640,-132872.42,87.09,229.04,48
213120,26640,-131469.02,33.62,221.47,48
213120,26640,-167645.76,28.66,281.88,48
213120,26640,-73704.45,28.39,124.11,48
213120,26640,-191900.95,91.90,328.62,48
213120,26640,-300997.62,35.77,506.42,48
213504,26688,-119840.82,29.91,201.36,48
213504,26688,-44151.73,89.14,80.32,48
213504,26688,-142769.84,87.15,245.47,48
213504,26688,-113314.51,92.01,196.77,48
213504,26688,-119215.03,85.15,205.74,48
213504,26688,-97198.73,89.28,169.34,48
213504,26688,-38414.47,86.88,70.50,48
213504,26688,-22921.79,33.92,39.34,48
213888,26736,-285867.69,25.30,480.04,48
213888,26736,-13652.43,27.05,23.51,48
213888,26736,-185773.03,87.26,317.73,48
213888,26736,-54828.81,86.10,97.98,48
213888,26736,-73652.58,35.09,124.11,48
213888,26736,-28403.92,90.92,54.37,48
213888,26736,-318275.20,31.65,534.53,48
213888,26736,-69523.67,91.73,123.09,48
214272,26784,-143956.71,87.72,247.62,48
214272,26784,-91183.04,31.17,153.88,48
214272,26784,-153934.15,87.93,264.37,48
214272,26784,-69306.57,35.22,117.13,48
214272,26784,-147344.58,89.11,253.61,48
214272,26784,-155139.56,90.82,266.71,48
214272,26784,-218863.71,29.49,367.94,48
214272,26784,-832.40,29.88,1.71,48
214656,26832,-109667.37,88.14,190.14,48
214656,26832,-2483.94,89.48,10.22,48
214656,26832,-1489675158753155.50,33.90,2500000000387.10,48
214656,26832,-77727.26,23.87,130.52,48
214656,26832,-23471.71,34.40,40.42,48
214656,26832,-7080.93,88.69,18.07,48
214656,26832,-13522.27,29.02,23.54,48
214656,26832,-45898.49,89.67,83.41,48
215040,26880,-39453.42,31.49,67.14,48
215040,26880,-95751.76,33.18,161.51,48
215040,26880,-6420.37,89.99,17.05,48
215040,26880,-57310.58,30.55,96.69,48
215040,26880,550.29,87.82,5.18,48
215040,26880,-146934.22,28.14,247.02,48
215040,26880,-341611.18,29.11,574.18,48
215040,26880,-32443.61,91.15,60.94,48
215424,26928,-85884.44,87.48,150.07,48
215424,26928,-52618.04,30.62,88.81,48
215424,26928,-14846.76,89.77,31.27,48
215424,26928,-71510.14,30.63,120.45,48
215424,26928,-12046.61,87.09,26.33,48
215424,26928,-10736.17,88.77,24.24,48
215424,26928,-56480.59,89.27,100.84,48
215424,26928,-93905.31,89.31,163.64,48
215808,26976,-63628.53,88.03,112.80,48
215808,26976,-131271.49,91.18,226.99,48
215808,26976,-85750.22,31.36,144.43,48
215808,26976,-185866.89,87.78,317.94,48
215808,26976,-1851.30,28.06,3.67,48
215808,26976,-3537978501663829.00,88.77,5937500000293.58,48
215808,26976,-639247.19,29.11,1073.19,48
215808,26976,-20613.83,91.68,41.31,48
216192,27024,-45051.56,87.91,81.58,48
216192,27024,-87907.13,87.33,153.39,48
216192,27024,2006.02,86.59,2.57,48
216192,27024,1647.30,87.39,3.29,48
216192,27024,-63757.13,31.99,107.70,48
216192,27024,-99555.63,90.93,173.51,48
216192,27024,-18077.82,30.64,30.97,48
216192,27024,-40672.90,88.40,74.28,48
216576,27072,-113226.88,35.41,191.03,48
216576,27072,-37792.06,86.42,69.20,48
216576,27072,-498910.74,35.71,838.32,48
216576,27072,-187477.79,91.93,321.19,48
216576,27072,3627.41,87.17,0.00,48
216576,27072,-7448375792835918.00,86.77,12500000000375.25,48
216576,27072,-82362.78,88.02,144.36,48
216576,27072,-22192.62,89.98,43.56,48
216960,27120,-187457.72,90.75,320.93,48
216960,27120,-441606.50,87.23,747.06,48
216960,27120,-513067.64,89.34,867.30,48
216960,27120,-29215.97,90.82,55.63,48
216960,27120,-58385.32,90.54,104.18,48
216960,27120,-26286.77,88.60,50.15,48
216960,27120,-74258.20,91.14,131.03,48
216960,27120,-209556.13,35.24,352.63,48
217344,27168,-372418789776854.12,87.05,625000000251.17,48
217344,27168,-204827.13,88.39,349.83,48
217344,27168,-40195.91,28.36,68.10,48
217344,27168,-2840.71,91.48,11.47,48
217344,27168,-133885.15,29.33,225.71,48
217344,27168,-30583.48,88.41,57.51,48
217344,27168,-46901.10,89.18,84.82,48
217344,27168,-2296582536178133.50,26.94,3854166666870.97,48
217728,27216,-35092.58,26.60,59.32,48
217728,27216,-51319.96,32.00,86.77,48
217728,27216,-189243.06,90.21,324.14,48
217728,27216,-49165.79,90.00,88.86,48
217728,27216,-17499.81,34.35,30.30,48
217728,27216,-64735.51,87.87,114.58,48
217728,27216,-23360.22,88.89,45.52,48
217728,27216,-30820.94,89.91,58.23,48
218112,27264,-238870.19,28.66,401.68,48
218112,27264,-63083.92,87.38,112.12,48
218112,27264,-321140.18,88.50,545.06,48
218112,27264,-635401.26,88.54,1072.32,48
218112,27264,-183149.90,90.26,313.66,48
218112,27264,-510156.00,90.18,862.50,48
218112,27264,-931046974249906.25,87.30,1562500000296.02,48
218112,27264,-168524.22,90.81,289.37,48
218496,27312,-32705.08,28.33,55.71,48
218496,27312,1514.72,87.86,3.50,48
218496,27312,-47393.82,84.52,85.20,48
218496,27312,-6555.76,86.61,16.90,48
218496,27312,-150397.84,90.44,259.09,48
218496,27312,370.23,25.74,0.00,48
218496,27312,-396024.48,28.80,664.90,48
218496,27312,-120241.33,91.48,208.38,48
218880,27360,-71166.03,33.68,120.46,48
218880,27360,-45465.18,89.71,82.72,48
218880,27360,-188830.00,92.64,323.47,48
218880,27360,-73908.54,31.38,124.61,48
218880,27360,-32774.15,87.20,61.24,48
218880,27360,-38247.92,88.56,70.24,48
218880,27360,-1489675158703750.50,91.30,2500000000309.67,48
218880,27360,-124613.64,88.43,215.35,48
219264,27408,-3564.64,87.55,11.93,48
219264,27408,-53578.27,29.33,90.38,48
219264,27408,-40424.39,88.59,73.90,48
219264,27408,-3537978501652305.50,87.08,5937500000274.01,48
219264,27408,3365.78,86.84,0.31,48
219264,27408,-18493.70,27.43,31.61,48
219264,27408,-190825.73,33.02,321.10,48
219264,27408,-200379.47,91.47,342.84,48
219648,27456,-119017.46,31.93,200.71,48
219648,27456,-137326.62,89.92,236.67,48
219648,27456,-11268.85,85.49,24.70,48
219648,27456,-155763.25,34.44,262.22,48
219648,27456,-126692.23,29.85,212.99,48
219648,27456,-1261.50,84.99,7.78,48
219648,27456,-38041.66,86.69,69.82,48
219648,27456,-172704.56,89.63,296.06,48
220032,27504,-72968.92,29.27,122.75,48
220032,27504,-211169.89,89.86,360.57,48
220032,27504,-13732.85,90.78,29.52,48
220032,27504,-29577.62,90.89,56.36,48
220032,27504,-8911.72,87.25,20.93,48
220032,27504,-30295.31,88.46,57.04,48
220032,27504,-40343.30,90.61,74.10,48
220032,27504,-24935.97,89.29,48.05,48
220416,27552,-89928.40,87.26,156.88,48
220416,27552,-29758.94,32.70,50.62,48
220416,27552,-60715.16,89.04,108.18,48
220416,27552,-10181.88,28.30,17.72,48
220416,27552,-41361.23,29.63,70.19,48
220416,27552,-11061.49,27.85,18.99,48
220416,27552,-43374.38,88.81,79.14,48
220416,27552,3703.89,87.64,0.00,48
220800,27600,-76715.13,89.54,135.08,48
220800,27600,-28402.08,91.67,54.26,48
220800,27600,-49383.80,86.51,88.57,48
220800,27600,-40413.92,89.82,74.16,48
220800,27600,-86700.16,31.39,146.24,48
220800,27600,-173439.64,30.19,292.06,48
220800,27600,-3537978501611174.00,27.77,5937500000199.58,48
220800,27600,-28913.18,28.51,49.08,48
221184,27648,-39135.20,30.14,66.30,48
221184,27648,-1906.98,29.02,3.97,48
221184,27648,-70299.26,90.59,124.37,48
221184,27648,-69038.03,26.49,116.15,48
221184,27648,-40543.86,90.27,74.51,48
221184,27648,-33711.75,30.62,57.05,48
221184,27648,-57971.86,90.09,103.69,48
221184,27648,-166286.51,88.25,285.16,48
221568,27696,-90736.70,87.26,158.41,48
221568,27696,-54715.66,89.61,98.12,48
221568,27696,-120185.31,87.98,207.70,48
221568,27696,-32007.22,26.70,54.12,48
221568,27696,-39430.22,88.72,72.38,48
221568,27696,-1489675158692338.00,33.21,2500000000284.92,48
221568,27696,-3405.38,89.82,12.04,48
221568,27696,-26993.48,26.38,45.32,48
221952,27744,-2296582536213100.00,29.48,3854166666929.75,48
221952,27744,-5051.56,35.22,9.82,48
221952,27744,-72535.10,88.11,127.74,48
221952,27744,-106339.00,85.91,184.22,48
221952,27744,-50348.40,31.28,85.52,48
221952,27744,-662357.11,90.72,1117.93,48
221952,27744,-45615.98,87.66,82.46,48
221952,27744,-23908.98,26.53,40.35,48
222336,27792,-31223.15,88.04,58.50,48
222336,27792,-15703.76,86.81,32.16,48
222336,27792,-85454.50,87.98,149.52,48
222336,27792,-3568.63,27.18,6.40,48
222336,27792,-945.20,86.85,7.58,48
222336,27792,-46468.01,90.36,84.49,48
222336,27792,-24538.94,86.63,47.04,48
222336,27792,-2818.67,25.37,5.31,48
222720,27840,-760844.75,91.27,1283.41,48
222720,27840,-442561.36,85.18,748.52,48
222720,27840,-143427.55,87.73,246.77,48
222720,27840,-67681.24,90.30,119.96,48
222720,27840,-34560.82,29.73,58.50,48
222720,27840,-1735.50,88.85,9.23,48
222720,27840,-10207.23,87.41,23.28,48
222720,27840,-99782.11,87.81,173.55,48
223104,27888,-101035.34,87.25,175.53,48
223104,27888,-135476.57,25.40,227.51,48
223104,27888,-132658.13,92.61,229.42,48
223104,27888,-91685.72,88.12,160.05,48
223104,27888,-2296582536260939.00,32.47,3854166667010.63,48
223104,27888,-169524.59,90.90,290.96,48
223104,27888,-50754.84,86.56,90.98,48
223104,27888,-128786.13,28.77,217.11,48
223488,27936,-51818.52,89.87,93.40,48
223488,27936,-8736.18,88.43,20.81,48
223488,27936,-119467.68,88.19,206.49,48
223488,27936,-106611.33,30.00,179.37,48
223488,27936,-150446.47,91.26,258.97,48
223488,27936,-8584.90,90.25,20.86,48
223488,27936,-66163.97,88.71,117.22,48
223488,27936,-44990.56,24.51,75.68,48
223872,27984,-9212.61,86.51,21.32,48
223872,27984,-136237.67,27.84,228.97,48
223872,27984,-1878.13,89.70,9.57,48
223872,27984,-116535.15,90.64,201.71,48
223872,27984,-27448.93,87.92,52.11,48
223872,27984,-3998.88,87.37,12.67,48
223872,27984,-102866.46,29.73,172.87,48
223872,27984,-92757.16,89.20,161.67,48
224256,28032,2490.01,85.53,1.49,48
224256,28032,-54947.81,29.59,93.05,48
224256,28032,447.28,28.00,0.00,48
224256,28032,-36286.11,30.30,61.39,48
224256,28032,-40265.63,93.27,74.45,48
224256,28032,-122658.58,33.93,206.76,48
224256,28032,-131740.32,27.72,221.86,48
224256,28032,-67617.20,89.46,119.82,48
224640,28080,-171958.19,27.78,289.23,48
224640,28080,-8584.73,92.76,21.10,48
224640,28080,-931046974195155.12,87.60,1562500000204.48,48
224640,28080,-142649.17,87.96,245.42,48
224640,28080,-55156.12,88.29,98.63,48
224640,28080,-23738.56,89.10,46.09,48
224640,28080,-649.34,28.19,1.69,48
224640,28080,-150600.70,87.17,258.73,48
225024,28128,-142432.47,89.69,245.35,48
225024,28128,-12245.60,29.90,21.39,48
225024,28128,3084.16,88.89,1.16,48
225024,28128,-124782.99,27.78,209.95,48
225024,28128,-30253.46,29.75,51.42,48
225024,28128,1659.11,86.80,3.23,48
225024,28128,-88767.27,89.70,155.28,48
225024,28128,-108843.74,90.98,189.14,48
225408,28176,-91365.58,32.82,154.29,48
225408,28176,-28979.03,90.78,55.09,48
225408,28176,-67347.71,32.75,113.66,48
225408,28176,-604770.96,89.06,1021.23,48
225408,28176,-35132.73,88.51,64.96,48
225408,28176,-86809.06,91.17,152.12,48
225408,28176,393.04,29.96,0.10,48
225408,28176,-25475.42,91.14,49.16,48
225792,28224,-73806.87,34.64,124.70,48
225792,28224,-78267.83,33.26,131.99,48
225792,28224,-26213.65,27.91,44.45,48
225792,28224,-12640.66,86.76,26.99,48
225792,28224,-68781.24,89.38,121.51,48
225792,28224,-52.95,90.77,6.65,48
225792,28224,-36402.24,88.81,67.20,48
225792,28224,-93429.33,90.00,163.16,48
226176,28272,-71280.15,90.11,126.04,48
226176,28272,-20607.07,91.98,41.23,48
226176,28272,-25342.23,30.20,43.19,48
226176,28272,-44504.18,88.63,80.92,48
226176,28272,-74749.30,89.52,131.65,48
226176,28272,-17621.18,28.79,30.08,48
226176,28272,-3444.11,31.79,6.46,48
226176,28272,-103496.27,91.47,180.37,48
226560,28320,-61541.60,25.20,103.61,48
226560,28320,-240901.36,36.47,405.29,48
226560,28320,-33495.26,88.93,62.37,48
226560,28320,-11588.07,87.97,25.30,48
226560,28320,-101000.23,89.67,175.91,48
226560,28320,-10151.85,87.38,23.15,48
226560,28320,-25451.12,89.92,49.01,48
226560,28320,-54741.42,89.00,98.15,48
226944,28368,-159799.81,30.66,268.73,48
226944,28368,-19376.35,87.64,38.70,48
226944,28368,-51483.53,29.63,87.29,48
226944,28368,-1590.16,88.71,8.84,48
226944,28368,-105364.36,93.61,183.66,48
226944,28368,-168034.67,28.50,282.48,48
226944,28368,-19708.04,88.51,39.27,48
226944,28368,-153247.61,87.19,263.19,48
227328,28416,-2783.43,30.63,5.33,48
227328,28416,-245311.39,87.15,417.72,48
227328,28416,-93730.36,91.70,163.91,48
227328,28416,-33831.37,90.12,63.01,48
227328,28416,-31082.99,87.84,58.38,48
227328,28416,-440.12,90.54,7.20,48
227328,28416,-92916.52,28.94,156.11,48
227328,28416,-119838.24,36.24,202.31,48
227712,28464,-39522.07,28.89,67.07,48
227712,28464,-272771.47,88.05,463.78,48
227712,28464,-180071.20,88.39,308.30,48
227712,28464,-147515.46,89.81,253.85,48
227712,28464,3108.14,84.71,0.61,48
227712,28464,-37382.25,28.02,63.40,48
227712,28464,-124445.06,92.60,215.53,48
227712,28464,-175599.60,30.20,295.70,48
228096,28512,-1731.08,30.47,3.42,48
228096,28512,-185534.49,90.93,317.74,48
228096,28512,-45212.62,31.06,77.02,48
228096,28512,-76720.02,23.45,128.75,48
228096,28512,-202063.21,90.03,345.49,48
228096,28512,-21754.45,88.01,42.59,48
228096,28512,-6904.04,88.53,17.72,48
228096,28512,-11089.03,91.05,25.05,48
228480,28560,-87416.60,33.11,147.55,48
228480,28560,-179711.38,90.58,308.00,48
228480,28560,-29259.15,90.40,55.22,48
228480,28560,-99176.16,87.79,172.45,48
228480,28560,-26017.57,87.24,49.78,48
228480,28560,-38564.02,88.09,70.91,48
228480,28560,-39894.68,88.16,73.02,48
228480,28560,-2334.91,27.51,4.45,48
228864,28608,-38444.06,90.43,71.02,48
228864,28608,-68161.22,87.08,120.11,48
228864,28608,-63405.45,86.70,112.17,48
228864,28608,-59104.80,85.84,105.11,48
228864,28608,-65274.50,87.65,115.49,48
228864,28608,-48747.40,34.43,83.19,48
228864,28608,-62974.88,87.00,111.62,48
228864,28608,-126939.46,85.15,218.88,48
229248,28656,-19155.10,88.06,38.20,48
229248,28656,-44053.44,92.10,80.67,48
229248,28656,2960.77,88.66,1.39,48
229248,28656,-78656.12,88.75,138.18,48
229248,28656,-23075.10,93.05,45.67,48
229248,28656,-225479.41,89.66,384.64,48
229248,28656,-87904.12,88.22,153.57,48
229248,28656,-38610.75,87.17,70.72,48
229632,28704,-10155.63,90.24,23.30,48
229632,28704,-158895.65,36.40,267.61,48
229632,28704,-193415.92,90.21,330.91,48
229632,28704,-30249.89,30.37,51.87,48
229632,28704,-166391.87,28.51,279.57,48
229632,28704,-11215.01,36.62,19.96,48
229632,28704,-127913.90,88.36,220.78,48
229632,28704,-4555.53,89.84,13.99,48
230016,28752,-57886.21,87.59,103.21,48
230016,28752,-171572.07,26.74,288.27,48
230016,28752,-64497.01,28.73,108.97,48
230016,28752,-75373.08,86.99,132.48,48
230016,28752,-65173.33,88.29,115.61,48
230016,28752,540.80,27.25,0.00,48
230016,28752,-36173.99,87.64,66.66,48
230016,28752,-63961.46,88.29,113.47,48
230400,28800,-22122.84,89.93,43.43,48
230400,28800,-78378.26,89.45,137.91,48
230400,28800,-4257.84,28.88,7.79,48
230400,28800,-865485.81,92.28,1459.18,48
230400,28800,-195732.10,33.61,329.33,48
230400,28800,-146529.95,34.06,246.25,48
230400,28800,-6496.01,90.60,17.34,48
230400,28800,-931046974256762.75,87.40,1562500000307.74,48
230784,28848,-127375.75,90.62,220.18,48
230784,28848,-163156.78,88.29,280.10,48
230784,28848,-42945.10,90.37,78.35,48
230784,28848,-2814.25,90.32,11.03,48
230784,28848,-89477.56,91.18,156.63,48
230784,28848,-15349.37,89.40,32.10,48
230784,28848,-362434.66,86.90,614.14,48
230784,28848,-45175.22,85.75,81.74,48
231168,28896,-931046974239219.62,90.56,1562500000278.63,48
231168,28896,-25686.82,30.47,43.90,48
231168,28896,-26427.30,88.90,50.46,48
231168,28896,-173.92,26.85,0.71,48
231168,28896,-5181.24,88.39,14.69,48
231168,28896,-25434.73,32.22,43.43,48
231168,28896,-8511.29,86.66,20.14,48
231168,28896,2481.69,88.61,2.10,48
231552,28944,-379133.47,89.29,642.65,48
231552,28944,-48197.68,90.46,87.42,48
231552,28944,-103934.13,88.78,180.65,48
231552,28944,-27732.88,86.36,52.36,48
231552,28944,-444.61,88.00,6.74,48
231552,28944,-3825.14,90.27,12.79,48
231552,28944,-314859.43,86.53,534.29,48
231552,28944,-190327.79,90.79,325.79,48
231936,28992,-26994.56,26.84,45.50,48
231936,28992,-69027.90,91.00,122.48,48
231936,28992,-60157.58,34.22,101.88,48
231936,28992,-108407.10,89.64,188.24,48
231936,28992,2342.30,86.85,1.97,48
231936,28992,-64405.24,91.96,114.64,48
231936,28992,-48250.49,89.11,87.28,48
231936,28992,3832.39,90.32,0.00,48
232320,29040,-70470.41,87.86,124.40,48
232320,29040,-182867.93,88.48,313.04,48
232320,29040,-37053.63,87.90,68.39,48
232320,29040,-98259.69,33.10,165.81,48
232320,29040,-19677.54,87.65,39.11,48
232320,29040,-4393.75,90.58,13.91,48
232320,29040,-128510.66,89.14,221.88,48
232320,29040,-6965.20,89.72,18.04,48
232704,29088,-91529.01,90.71,160.00,48
232704,29088,-7012.46,89.49,18.26,48
232704,29088,-135653.62,91.10,234.05,48
232704,29088,-558398.05,87.15,943.04,48
232704,29088,-90654.84,31.63,152.81,48
232704,29088,-75017.08,90.09,132.40,48
232704,29088,-177298.82,30.74,298.29,48
232704,29088,-124092.39,26.63,208.81,48
233088,29136,-147528.09,32.54,247.91,48
233088,29136,-118559.94,88.00,204.91,48
233088,29136,-7448375792852923.00,89.31,12500000000404.21,48
233088,29136,-55735.39,86.96,99.30,48
233088,29136,-2090.06,85.01,9.29,48
233088,29136,-59403.30,28.66,99.68,48
233088,29136,-200768.80,89.85,343.14,48
233088,29136,-59020.14,87.71,105.14,48
233472,29184,-54848.05,89.36,98.53,48
233472,29184,1923.92,87.30,2.67,48
233472,29184,-65915.20,86.44,116.46,48
233472,29184,-48028.67,30.17,81.11,48
233472,29184,-29701.81,89.46,56.11,48
233472,29184,294.91,29.33,0.10,48
233472,29184,-72203.08,27.88,121.56,48
233472,29184,-204076.62,89.52,348.82,48
233856,29232,-118907.15,87.75,205.48,48
233856,29232,-33436.89,34.96,57.03,48
233856,29232,-41310.48,86.60,75.17,48
233856,29232,-27736.84,88.71,52.57,48
233856,29232,-65393.18,34.16,110.48,48
233856,29232,619.36,33.16,0.00,48
233856,29232,-105570.92,32.70,177.85,48
233856,29232,-76178.36,91.42,134.46,48
234240,29280,-51247.39,88.02,92.07,48
234240,29280,-128979.39,91.89,223.11,48
234240,29280,-24565.36,26.78,41.95,48
234240,29280,1327.07,90.07,4.01,48
234240,29280,-58856.27,89.76,105.07,48
234240,29280,-84917.26,88.74,148.60,48
234240,29280,-92249.99,91.73,161.30,48
234240,29280,-88211.64,87.04,153.98,48
234624,29328,821.37,87.95,4.77,48
234624,29328,-47055.79,88.39,85.14,48
234624,29328,-62882.11,29.83,105.97,48
234624,29328,-3885.93,88.46,12.65,48
234624,29328,-3481.89,88.77,12.15,48
234624,29328,-6300.46,88.93,16.81,48
234624,29328,-11466.24,88.59,25.37,48
234624,29328,-50711.88,29.00,85.12,48
235008,29376,-16578.90,93.09,34.81,48
235008,29376,-180547.48,31.44,303.71,48
235008,29376,-2459.42,88.10,10.22,48
235008,29376,-20901.96,90.31,41.41,48
235008,29376,-14111.18,90.72,30.12,48
235008,29376,-151675.07,30.77,255.23,48
235008,29376,-267406.56,34.58,449.51,48
235008,29376,-79443.12,26.52,133.78,48
235392,29424,-214983.83,89.69,367.03,48
235392,29424,-78572.26,87.47,137.81,48
235392,29424,-476790.01,89.72,806.45,48
235392,29424,-11760.07,29.62,20.22,48
235392,29424,-34491.25,29.80,58.60,48
235392,29424,-24398.74,89.42,47.10,48
235392,29424,-24318.05,88.09,46.85,48
235392,29424,-202911.71,89.62,346.93,48
235776,29472,-22188.40,89.40,43.46,48
235776,29472,346.13,28.48,0.02,48
235776,29472,-50201.21,31.60,85.04,48
235776,29472,-139656.83,89.27,240.48,48
235776,29472,-71240.15,89.24,125.83,48
235776,29472,-139304.10,89.80,240.02,48
235776,29472,-5414.62,89.02,15.37,48
235776,29472,-10375.75,88.02,23.67,48
236160,29520,-441344.14,86.52,746.63,48
236160,29520,-129297.54,90.78,223.40,48
236160,29520,-76574.62,88.41,134.46,48
236160,29520,1251.55,87.69,3.72,48
236160,29520,-1981.68,92.18,10.15,48
236160,29520,-95677.42,31.44,161.38,48
236160,29520,-163042.65,88.91,279.97,48
236160,29520,-6230.19,31.01,11.26,48
236544,29568,-58313.21,31.21,98.37,48
236544,29568,-32355.34,90.78,60.76,48
236544,29568,-12375.39,86.26,26.71,48
236544,29568,-161914.87,90.35,278.25,48
236544,29568,-62329.02,91.33,111.20,48
236544,29568,-115601.90,27.00,194.49,48
236544,29568,-50934.97,28.98,85.94,48
236544,29568,-66645.91,20.58,111.88,48
236928,29616,-25150.62,32.75,43.33,48
236928,29616,-1049.50,29.04,2.33,48
236928,29616,-372418789807140.56,86.94,625000000302.09,48
236928,29616,-80750.37,87.41,141.47,48
236928,29616,-84494.75,91.39,148.33,48
236928,29616,-161193.81,28.44,270.82,48
236928,29616,-53897.39,89.48,96.61,48
236928,29616,-117144.00,87.44,202.50,48
237312,29664,-109994.47,29.27,185.45,48
237312,29664,-27557.97,90.89,52.82,48
237312,29664,-130314.12,87.77,224.72,48
237312,29664,-372418789784106.56,89.56,625000000263.55,48
237312,29664,-124525.48,88.57,214.99,48
237312,29664,-11085.62,90.75,25.14,48
237312,29664,-13200.37,28.81,22.66,48
237312,29664,-372418789805134.00,89.52,625000000298.68,48
237696,29712,-121113.57,86.45,209.06,48
237696,29712,192.02,27.01,0.13,48
237696,29712,-14240.35,91.14,30.36,48
237696,29712,-84164.85,91.70,147.72,48
237696,29712,-46617.49,89.50,84.49,48
237696,29712,-91155.05,90.23,159.40,48
237696,29712,-276182.57,87.20,469.44,48
237696,29712,-32795.28,89.55,61.36,48
238080,29760,-60958.14,29.42,103.11,48
238080,29760,-82005.84,90.11,144.11,48
238080,29760,-215246.03,88.58,367.41,48
238080,29760,-151695.03,31.69,255.08,48
238080,29760,-62117.33,88.74,110.31,48
238080,29760,-93065.12,23.24,156.30,48
238080,29760,-89190.59,88.64,155.89,48
238080,29760,-242071.24,89.60,412.50,48
238464,29808,433.47,26.81,0.00,48
238464,29808,-4111.25,28.42,7.58,48
238464,29808,-3537978501649324.00,87.92,5937500000269.19,48
238464,29808,-154072.70,86.78,264.41,48
238464,29808,-1289.77,27.03,2.89,48
238464,29808,-76196.45,87.47,133.69,48
238464,29808,-132391.50,87.16,228.09,48
238464,29808,-112997.73,27.09,190.29,48
238848,29856,-24822.34,91.09,48.18,48
238848,29856,-30274.63,91.43,57.38,48
238848,29856,-76124.37,31.04,128.33,48
238848,29856,-17319.40,32.73,29.80,48
238848,29856,-17177.29,32.98,29.81,48
238848,29856,-188059.52,31.86,316.36,48
238848,29856,-37.45,30.28,0.72,48
238848,29856,-2450.94,90.53,10.41,48
239232,29904,-94389.18,89.25,164.59,48
239232,29904,-23606.01,88.52,45.73,48
239232,29904,-575337.08,90.06,971.82,48
239232,29904,-181707.54,31.20,305.73,48
239232,29904,-146061.15,34.25,246.16,48
239232,29904,-89679.89,28.82,151.22,48
239232,29904,-14803.89,27.55,25.72,48
239232,29904,-295754.43,35.49,497.30,48
239616,29952,-138901.73,87.14,239.20,48
239616,29952,-141392.08,33.33,238.19,48
239616,29952,-151038.64,90.21,259.77,48
239616,29952,-1102.61,89.85,8.01,48
239616,29952,-702329.34,89.89,1184.73,48
239616,29952,-93245.80,32.29,157.32,48
239616,29952,-76320.39,90.88,134.58,48
239616,29952,-143634.50,90.01,247.43,48
240000,30000,-90507.49,38.73,153.14,48
240000,30000,-89060.73,27.47,150.04,48
240000,30000,1648.84,92.31,3.85,48
240000,30000,-6381.74,92.10,17.43,48
240000,30000,-15384.65,85.39,31.55,48
240000,30000,-268666.14,33.01,451.58,48
240000,30000,-10591.75,90.82,24.43,48
240000,30000,-124010.41,90.78,214.48,48
240384,30048,-14234.06,25.59,24.34,48
240384,30048,-31217.03,88.62,58.40,48
240384,30048,-4298.35,88.69,13.44,48
240384,30048,-14804.33,29.41,25.54,48
240384,30048,-18141.41,88.25,36.57,48
240384,30048,-134952.21,33.45,227.77,48
240384,30048,-4874.58,32.51,8.81,48
240384,30048,-167461.05,89.52,287.27,48
240768,30096,-54430.07,26.92,91.78,48
240768,30096,-7448375792964209.00,90.41,12500000000591.07,48
240768,30096,-7392.45,36.51,13.42,48
240768,30096,-43049.49,31.50,73.07,48
240768,30096,-79869.96,27.06,134.39,48
240768,30096,-561615.95,89.98,948.92,48
240768,30096,-52195.98,87.64,93.62,48
240768,30096,-88915.82,89.43,155.58,48
241152,30144,-17235.29,89.29,35.33,48
241152,30144,-138620.08,87.37,238.66,48
241152,30144,-196006.65,91.16,335.62,48
241152,30144,-1647.84,87.60,9.03,48
241152,30144,-9637.60,88.86,22.18,48
241152,30144,-195908.25,33.92,329.64,48
241152,30144,-43816.42,32.11,74.33,48
241152,30144,-39043.69,87.56,71.53,48
241536,30192,-113697.12,88.40,196.83,48
241536,30192,-17361.37,30.73,29.81,48
241536,30192,-123881.76,91.68,214.53,48
241536,30192,-164020.15,87.08,281.22,48
241536,30192,-376775.55,90.54,638.89,48
241536,30192,-232586.33,24.71,390.28,48
241536,30192,-65287.46,87.13,115.48,48
241536,30192,-378.51,27.19,1.34,48
241920,30240,-26233.60,86.47,49.72,48
241920,30240,-30676.18,90.97,57.95,48
241920,30240,-23249.66,86.66,44.91,48
241920,30240,-59483.81,88.25,105.87,48
241920,30240,-41736.66,29.57,70.78,48
241920,30240,-82143.00,29.25,138.22,48
241920,30240,-5697.98,89.93,15.99,48
241920,30240,-197710.62,89.73,338.12,48
242304,30288,-31877.88,28.67,53.96,48
242304,30288,2548.56,87.34,1.78,48
242304,30288,-10367.68,90.41,23.92,48
242304,30288,-12277.33,84.65,26.16,48
242304,30288,-83993.05,90.16,147.30,48
242304,30288,-7473.59,90.24,19.00,48
242304,30288,-1052.69,29.07,2.39,48
242304,30288,-34314.66,86.48,63.33,48
242688,30336,3716.57,90.38,0.19,48
242688,30336,-561360.05,87.29,948.31,48
242688,30336,-372418789802978.12,86.88,625000000294.85,48
242688,30336,-43372.97,89.80,78.99,48
242688,30336,-90256.60,89.18,157.70,48
242688,30336,818.08,91.96,5.23,48
242688,30336,-201799.22,86.37,344.79,48
242688,30336,2632.51,84.97,1.21,48
243072,30384,3038.03,90.31,1.28,48
243072,30384,-493472.48,89.08,834.54,48
243072,30384,-38379.84,87.06,70.46,48
243072,30384,-4348.62,89.76,13.51,48
243072,30384,-44569.94,28.43,75.30,48
243072,30384,-32765.75,33.54,55.78,48
243072,30384,-25059.74,25.72,42.48,48
243072,30384,-113.38,34.51,1.39,48
243456,30432,-204287.09,36.87,344.09,48
243456,30432,2903.26,87.89,1.15,48
243456,30432,-23492.58,28.73,39.86,48
243456,30432,-8894.48,88.26,21.22,48
243456,30432,-87784.72,93.42,154.17,48
243456,30432,-179419.62,89.35,307.46,48
243456,30432,-52911.43,88.74,94.97,48
243456,30432,-42139.21,89.95,77.19,48
243840,30480,-25865.70,87.28,49.38,48
243840,30480,-45801.99,89.98,83.34,48
243840,30480,-22569.07,87.97,43.93,48
243840,30480,-6896.50,29.91,12.17,48
243840,30480,-8412.75,25.06,14.47,48
243840,30480,-52777.82,90.52,94.92,48
243840,30480,-91334.28,90.41,159.49,48
243840,30480,-186746.89,91.12,320.08,48
244224,30528,-111567.84,32.20,187.91,48
244224,30528,-203436.65,89.34,347.76,48
244224,30528,-8118.59,90.11,19.98,48
244224,30528,-428287.96,89.96,724.95,48
244224,30528,-1936.20,29.23,3.96,48
244224,30528,-31942.10,89.29,59.85,48
244224,30528,-31182.00,27.83,52.98,48
244224,30528,1304.43,84.97,3.38,48
244608,30576,-180405.75,26.05,303.03,48
244608,30576,-102535.64,88.93,178.48,48
244608,30576,-240179.15,91.10,409.63,48
244608,30576,-61657.47,31.38,104.09,48
244608,30576,-118850.33,33.95,200.28,48
244608,30576,-125480.57,88.13,216.80,48
244608,30576,-50210.47,25.70,84.66,48
244608,30576,-195068.73,89.96,333.54,48
244992,30624,-37530.06,88.23,69.18,48
244992,30624,428.32,28.84,0.00,48
244992,30624,-64705.06,32.25,109.03,48
244992,30624,-127089.23,89.38,219.48,48
244992,30624,-78253.58,90.09,137.84,48
244992,30624,-63982.76,85.62,113.19,48
244992,30624,-32637.03,89.66,61.07,48
244992,30624,-108927.97,88.69,189.19,48
245376,30672,-206401.88,31.95,347.26,48
245376,30672,-9588.12,85.77,21.84,48
245376,30672,-127838.81,90.03,220.93,48
245376,30672,-22566.04,27.90,38.20,48
245376,30672,-2296582536217319.00,91.22,3854166666942.91,48
245376,30672,-41489.21,26.54,70.12,48
245376,30672,-59085.12,88.61,105.38,48
245376,30672,476.76,35.24,0.28,48
245760,30720,14.52,89.13,6.31,48
245760,30720,-152970.40,88.01,262.67,48
245760,30720,-7797.92,88.71,19.28,48
245760,30720,-172756.99,31.58,290.07,48
245760,30720,-22702.69,28.94,38.63,48
245760,30720,-90895.21,88.12,158.77,48
245760,30720,-8249.46,88.34,19.74,48
245760,30720,-117178.13,30.49,196.87,48
246144,30768,-32765.91,88.84,61.27,48
246144,30768,-17450.48,32.13,30.22,48
246144,30768,-446867.03,91.59,756.49,48
246144,30768,-3692.91,89.67,12.44,48
246144,30768,-2780.70,88.95,11.01,48
246144,30768,-93683.24,89.53,163.35,48
246144,30768,302.36,30.04,0.00,48
246144,30768,-15386.98,89.93,32.20,48
246528,30816,-23868.55,87.79,46.24,48
246528,30816,-55198.66,88.59,98.63,48
246528,30816,-110093.13,90.31,191.06,48
246528,30816,-8266.78,86.85,19.69,48
246528,30816,-5880.14,88.06,16.04,48
246528,30816,-163015.80,89.89,280.04,48
246528,30816,-511080.19,35.71,858.56,48
246528,30816,-46802.92,85.68,84.45,48
246912,30864,675.73,89.22,5.20,48
246912,30864,-10469.59,90.74,23.90,48
246912,30864,-6288.73,30.76,11.42,48
246912,30864,-22420.82,34.57,38.95,48
246912,30864,-3235.69,89.49,11.83,48
246912,30864,176.21,34.37,0.72,48
246912,30864,-188427.73,30.37,316.66,48
246912,30864,3886.71,90.42,0.00,48
247296,30912,-60724.22,28.80,102.66,48
247296,30912,-72769.58,87.10,128.01,48
247296,30912,-99987.69,30.18,168.38,48
247296,30912,-125770.12,30.07,211.80,48
247296,30912,537.79,32.92,0.01,48
247296,30912,-157820.56,28.71,265.34,48
247296,30912,-94659.50,90.34,165.19,48
247296,30912,-19099.79,30.42,32.63,48
247680,30960,-222690.38,87.48,379.75,48
247680,30960,-70278.44,86.39,124.09,48
247680,30960,-98307.34,87.50,170.94,48
247680,30960,-132719.38,88.00,228.80,48
247680,30960,-265098.94,86.52,450.80,48
247680,30960,-68181.68,87.09,120.19,48
247680,30960,-70819.93,87.53,124.87,48
247680,30960,1011.95,86.68,4.20,48
248064,31008,-51745.37,32.07,87.34,48
248064,31008,3057.05,88.94,1.19,48
248064,31008,-14676.40,85.35,30.57,48
248064,31008,-26306.13,32.67,45.16,48
248064,31008,-1606.70,27.57,3.17,48
248064,31008,-9618.91,87.30,22.09,48
248064,31008,-35561.02,30.54,60.57,48
248064,31008,-69513.47,29.02,117.30,48
248448,31056,-101387.86,30.03,170.38,48
248448,31056,-82936.47,86.57,145.08,48
248448,31056,-26602.23,91.43,51.36,48
248448,31056,-27519.65,31.70,46.71,48
248448,31056,-429453.84,88.19,726.67,48
248448,31056,-141848.26,89.88,244.54,48
248448,31056,-35317.90,91.57,65.91,48
248448,31056,-60697.15,86.85,107.67,48
248832,31104,-106392.30,31.72,179.57,48
248832,31104,-124264.69,86.87,214.34,48
248832,31104,-62782.17,87.48,111.36,48
248832,31104,-37233.47,87.54,68.42,48
248832,31104,-19857.60,89.75,39.58,48
248832,31104,-41185.75,90.70,75.42,48
248832,31104,-157361.18,90.23,270.65,48
248832,31104,-30931.94,88.48,58.06,48
249216,31152,-62172.08,32.72,105.34,48
249216,31152,-458146.18,89.62,775.15,48
249216,31152,19.08,30.44,0.68,48
249216,31152,-10504.35,30.82,17.91,48
249216,31152,-111125.01,89.27,192.64,48
249216,31152,-320.36,32.31,1.39,48
249216,31152,-610450.74,34.34,1025.13,48
249216,31152,-34240.64,89.21,63.69,48
249600,31200,-6389.66,26.41,10.97,48
249600,31200,-79078.43,32.02,133.49,48
249600,31200,-50921.73,89.98,91.85,48
249600,31200,-83550.43,23.71,140.39,48
249600,31200,-2546.13,31.66,4.99,48
249600,31200,-931046974244812.75,31.74,1562500000282.46,48
249600,31200,-263616.30,33.26,443.41,48
249600,31200,-83197.98,85.61,145.43,48
249984,31248,-74087.53,31.41,125.03,48
249984,31248,-13751.84,90.51,29.35,48
249984,31248,-47890.43,87.86,86.48,48
249984,31248,949.73,89.18,4.77,48
249984,31248,-50239.71,89.23,90.50,48
249984,31248,-90707.50,27.90,152.86,48
249984,31248,-149307.87,33.12,251.26,48
249984,31248,-1489675158655356.25,28.10,2500000000222.27,48
250368,31296,-139366.47,27.09,234.11,48
250368,31296,-17502.70,30.99,30.14,48
250368,31296,-14652.26,33.93,25.65,48
250368,31296,-103279.45,32.18,174.13,48
250368,31296,-12176.76,29.27,21.29,48
250368,31296,-38472.54,89.26,70.98,48
250368,31296,-91444.30,93.10,160.23,48
250368,31296,-451286.50,90.28,763.64,48
250752,31344,-40338.48,29.16,68.24,48
250752,31344,-63062.92,27.09,106.22,48
250752,31344,-1783.77,90.66,9.28,48
250752,31344,-68507.08,29.00,115.82,48
250752,31344,-620965.36,89.63,1048.50,48
250752,31344,-39216.74,88.04,71.81,48
250752,31344,-31746.84,89.83,59.67,48
250752,31344,-120032.03,27.13,201.83,48
251136,31392,-119897.04,88.73,207.17,48
251136,31392,-125308.14,90.59,216.75,48
251136,31392,-1364.73,25.94,2.76,48
251136,31392,-52677.84,32.46,89.42,48
251136,31392,-16281.71,90.98,34.07,48
251136,31392,-21959.52,86.45,42.98,48
251136,31392,-50515.39,30.31,85.70,48
251136,31392,-64288.79,26.81,108.07,48
251520,31440,-4948.92,25.56,8.92,48
251520,31440,-147808.76,89.10,254.39,48
251520,31440,-192379.14,90.05,329.15,48
251520,31440,-27206.05,31.77,46.59,48
251520,31440,2599.42,87.05,1.64,48
251520,31440,-21668.87,89.78,42.65,48
251520,31440,3563.66,86.37,0.00,48
251520,31440,-22747.85,33.67,39.00,48
251904,31488,-175979.43,89.26,301.52,48
251904,31488,-8181.09,91.08,20.24,48
251904,31488,-2116.91,25.92,4.09,48
251904,31488,-100323.32,29.25,169.15,48
251904,31488,-139272.31,92.21,240.41,48
251904,31488,-7136.45,91.73,18.62,48
251904,31488,-93007.87,30.43,156.74,48
251904,31488,-238334.61,87.91,405.88,48
252288,31536,-37024.28,27.55,62.61,48
252288,31536,-25350.91,87.54,48.45,48
252288,31536,-32345.56,91.26,60.68,48
252288,31536,-29768.26,89.37,56.26,48
252288,31536,-50267.30,88.95,90.69,48
252288,31536,-112423.29,89.10,194.99,48
252288,31536,-28001.57,26.76,47.51,48
252288,31536,-25344.00,34.76,43.74,48
252672,31584,-90438.81,89.74,158.06,48
252672,31584,-121912.23,89.60,211.04,48
252672,31584,-197530.22,32.17,332.14,48
252672,31584,-30765.58,91.21,58.17,48
252672,31584,-29800.00,89.60,56.31,48
252672,31584,-29390.69,86.34,55.24,48
252672,31584,-22055.59,24.97,37.38,48
252672,31584,-65284.98,89.20,115.71,48
253056,31632,-57381.99,88.82,102.52,48
253056,31632,-72965.33,86.20,128.25,48
253056,31632,-47554.68,91.35,86.34,48
253056,31632,-1842.31,88.41,9.26,48
253056,31632,-20532.24,86.29,40.25,48
253056,31632,-43605.60,28.95,73.73,48
253056,31632,-287715.47,91.42,489.40,48
253056,31632,-18222.80,89.95,36.73,48
253440,31680,-22378.21,27.87,38.14,48
253440,31680,-27445.46,86.47,51.97,48
253440,31680,-234758.83,30.53,394.32,48
253440,31680,-207495.99,32.30,348.89,48
253440,31680,-12550.55,87.78,26.93,48
253440,31680,-220225.21,90.13,375.95,48
253440,31680,-685755.18,89.28,1157.09,48
253440,31680,-6145.71,88.61,16.67,48
253824,31728,-1396.27,31.73,3.22,48
253824,31728,-91431.39,32.51,153.89,48
253824,31728,-179187.99,30.09,301.19,48
253824,31728,-105707.32,91.55,183.85,48
253824,31728,-24136.86,86.82,46.71,48
253824,31728,-102352.06,88.73,177.86,48
253824,31728,-86529.75,32.33,145.93,48
253824,31728,-1489675158740372.00,89.25,2500000000370.77,48
254208,31776,-52916.78,88.05,94.76,48
254208,31776,-17653.82,89.39,35.84,48
254208,31776,-77852.17,31.17,131.35,48
254208,31776,-11530.73,91.10,25.99,48
254208,31776,-30397.15,28.46,51.85,48
254208,31776,-35505.70,92.67,66.35,48
254208,31776,-583000.55,88.99,984.48,48
254208,31776,-34407.87,22.04,57.88,48
254592,31824,-47429.76,90.01,86.12,48
254592,31824,-1489675158712714.75,29.88,2500000000319.16,48
254592,31824,-21664.15,31.88,36.91,48
254592,31824,-37000.42,88.66,68.29,48
254592,31824,-51708.83,87.54,92.75,48
254592,31824,-195.24,28.98,0.77,48
254592,31824,-566526.56,30.01,951.51,48
254592,31824,-184938.68,88.33,316.57,48
254976,31872,-156442.71,87.55,268.50,48
254976,31872,-133925.02,89.85,231.02,48
254976,31872,-247416.73,90.69,421.62,48
254976,31872,-13181.13,91.48,28.68,48
254976,31872,-50695.81,88.23,91.20,48
254976,31872,-121132.33,34.70,204.42,48
254976,31872,-7448375792732756.00,28.78,12500000000197.07,48
254976,31872,-120625.91,28.29,202.75,48
255360,31920,-57038.85,32.26,96.39,48
255360,31920,-17486.40,89.29,35.80,48
255360,31920,-394.29,92.33,7.41,48
255360,31920,-13786.73,90.14,29.49,48
255360,31920,-25505.98,86.80,48.79,48
255360,31920,-75182.36,88.10,132.27,48
255360,31920,3568.20,89.41,0.31,48
255360,31920,-59988.03,88.44,106.77,48
255744,31968,-228903.92,87.50,390.08,48
255744,31968,2658.64,89.52,1.79,48
255744,31968,-7448375792786576.00,27.92,12500000000287.03,48
255744,31968,-39051.68,89.89,71.93,48
255744,31968,-2426.23,32.88,5.01,48
255744,31968,-181586.97,87.75,310.65,48
255744,31968,-53388.49,90.08,95.87,48
255744,31968,-111010.71,30.96,186.58,48
256128,32016,-117891.95,88.62,203.92,48
256128,32016,-64501.37,29.56,109.03,48
256128,32016,-16205.35,25.68,27.27,48
256128,32016,-54041.29,88.22,96.82,48
256128,32016,-1980.59,29.29,3.63,48
256128,32016,-50499.54,90.01,91.11,48
256128,32016,-86938.81,90.00,152.29,48
256128,32016,-68894.07,30.37,116.11,48
256512,32064,-14871.93,89.16,31.26,48
256512,32064,-6962.94,89.02,17.99,48
256512,32064,-74108.46,88.96,130.47,48
256512,32064,-70669.54,87.45,124.68,48
256512,32064,-107112.28,29.35,180.22,48
256512,32064,-56330.27,89.21,100.74,48
256512,32064,-10784.84,89.42,24.31,48
256512,32064,-183111.43,27.26,307.92,48
256896,32112,-2739.55,87.55,10.64,48
256896,32112,-174483.77,88.93,298.98,48
256896,32112,-25984.17,29.02,44.13,48
256896,32112,-386.69,88.74,6.75,48
256896,32112,-8353.98,85.47,19.67,48
256896,32112,-7038.48,89.34,18.07,48
256896,32112,-28514.26,29.63,48.17,48
256896,32112,-57200.70,28.92,96.69,48
257280,32160,-477767.86,91.51,808.44,48
257280,32160,-1489675158688383.00,86.08,2500000000283.03,48
257280,32160,-398497.57,29.88,669.42,48
257280,32160,-47639.71,86.81,85.99,48
257280,32160,-108328.06,90.23,188.20,48
257280,32160,-22811.95,88.16,44.31,48
257280,32160,-21840.77,86.89,42.52,48
257280,32160,-3095.43,89.92,11.62,48
257664,32208,-85262.79,87.51,148.94,48
257664,32208,-39900.26,29.14,67.78,48
257664,32208,-361542.64,27.67,607.45,48
257664,32208,3138.15,90.57,1.16,48
257664,32208,-141932.33,27.53,238.69,48
257664,32208,-20996.75,89.02,41.37,48
257664,32208,-12068.93,89.92,26.53,48
257664,32208,-14500.68,88.25,30.44,48
258048,32256,-21101.55,86.08,41.15,48
258048,32256,-16997.94,29.46,29.19,48
258048,32256,-149956.42,86.42,257.59,48
258048,32256,-705172.66,87.90,1189.55,48
258048,32256,-43589.24,88.48,79.23,48
258048,32256,-65136.54,87.65,115.40,48
258048,32256,-157256.80,28.38,264.49,48
258048,32256,-55353.53,89.16,98.93,48
258432,32304,-17434.86,31.95,29.85,48
258432,32304,1201.47,85.63,3.75,48
258432,32304,-91167.61,31.78,153.49,48
258432,32304,-79469.71,86.90,139.28,48
258432,32304,-23230.38,85.39,44.83,48
258432,32304,-592691.87,88.92,1000.89,48
258432,32304,-13617.34,88.12,28.98,48
258432,32304,-42844.14,88.01,77.75,48
258816,32352,-88208.94,90.31,154.43,48
258816,32352,-107867.42,90.32,187.40,48
258816,32352,-129244.75,92.08,223.50,48
258816,32352,-45498.40,91.22,82.89,48
258816,32352,-33158.33,89.16,61.88,48
258816,32352,-2125.01,88.30,9.75,48
258816,32352,-2953.44,88.69,10.81,48
258816,32352,-192567.38,88.00,329.34,48
259200,32400,-74712.44,88.70,131.49,48
259200,32400,-639342.08,30.36,1073.51,48
259200,32400,-111773.20,31.47,188.33,48
259200,32400,-7270.75,28.26,12.98,48
259200,32400,-768341.57,33.57,1290.50,48
259200,32400,-92246.87,30.52,155.64,48
259200,32400,-34521.87,89.96,64.26,48
259200,32400,-615167.41,31.67,1033.06,48
259584,32448,-33965.52,85.53,62.87,48
259584,32448,-290519.39,31.02,488.42,48
259584,32448,-2226.11,88.68,9.82,48
259584,32448,-32554.38,28.29,55.37,48
259584,32448,-77806.51,89.70,136.88,48
259584,32448,-12785.06,31.27,22.16,48
259584,32448,-25202.72,29.13,42.76,48
259584,32448,-50045.54,30.37,84.58,48
259968,32496,-66509.32,30.15,111.83,48
259968,32496,-80595.48,87.77,141.35,48
259968,32496,-65817.77,89.44,116.56,48
259968,32496,-192892.12,31.10,324.14,48
259968,32496,-7597.35,92.65,19.65,48
259968,32496,-127500.67,90.07,220.40,48
259968,32496,-532958.52,28.73,895.10,48
259968,32496,-7448375792744390.00,85.63,12500000000221.54,48
260352,32544,-18877.78,91.73,38.41,48
260352,32544,-31374.89,28.89,52.75,48
260352,32544,-107866.83,87.94,186.96,48
260352,32544,-50661.85,35.47,86.28,48
260352,32544,-153027.49,89.72,263.18,48
260352,32544,-188607.16,91.37,323.03,48
260352,32544,-52795.47,89.19,94.87,48
260352,32544,-64184.30,40.01,109.46,48
260736,32592,-53627.31,86.82,95.95,48
260736,32592,-43990.03,89.45,80.02,48
260736,32592,-1489675158638703.75,23.91,2500000000194.04,48
260736,32592,-5748.39,88.93,15.99,48
260736,32592,3767.84,90.45,0.10,48
260736,32592,-52324.45,91.44,94.35,48
260736,32592,-63446.86,28.07,106.60,48
260736,32592,3759.67,88.66,0.00,48
261120,32640,-2327.74,89.32,10.13,48
261120,32640,-50582.39,92.21,91.48,48
261120,32640,-64464.46,31.60,109.22,48
261120,32640,-502050.19,90.88,849.11,48
261120,32640,-43613.05,90.77,79.73,48
261120,32640,-144731.69,87.34,248.91,48
261120,32640,-54862.59,26.60,92.52,48
261120,32640,-66833.13,89.00,118.21,48
261504,32688,-82682.16,91.25,145.31,48
261504,32688,-27506.82,28.40,46.78,48
261504,32688,-11186.67,85.21,24.64,48
261504,32688,-19146.10,92.47,38.85,48
261504,32688,-111261.17,86.41,192.64,48
261504,32688,-372418789790566.31,90.66,625000000274.66,48
261504,32688,-38454.22,30.00,65.09,48
261504,32688,-59545.14,89.00,106.07,48
261888,32736,-22855.17,90.53,44.95,48
261888,32736,-38440.07,26.50,64.97,48
261888,32736,-76772.36,90.69,135.29,48
261888,32736,-15710.85,89.14,32.62,48
261888,32736,-88264.22,87.11,154.02,48
261888,32736,2859.47,88.54,1.39,48
261888,32736,-27440.38,30.01,46.36,48
261888,32736,-37484.85,89.22,69.09,48
262272,32784,-112169.67,88.80,194.33,48
262272,32784,-116810.03,30.79,196.59,48
262272,32784,-171576.73,27.24,288.58,48
262272,32784,-116138.30,89.52,200.99,48
262272,32784,-7448375792769683.00,86.98,12500000000264.18,48
262272,32784,112.64,31.54,0.34,48
262272,32784,-544.94,88.58,7.13,48
262272,32784,2848.25,84.99,0.96,48
262656,32832,-2280.86,30.45,4.35,48
262656,32832,-31792.34,30.53,54.10,48
262656,32832,-140651.72,28.14,236.63,48
262656,32832,-233526.43,89.10,398.04,48
262656,32832,-156396.46,89.85,268.68,48
262656,32832,-26602.56,86.94,50.74,48
262656,32832,-5876.90,90.68,16.33,48
262656,32832,-172196.09,90.12,295.62,48
263040,32880,-2574.88,91.68,11.05,48
263040,32880,-36028.17,33.24,61.09,48
263040,32880,-177942.62,30.02,299.13,48
263040,32880,-38678.09,35.11,65.82,48
263040,32880,-228216.55,88.36,389.02,48
263040,32880,-9987.59,87.94,22.67,48
263040,32880,-47319.38,92.57,86.10,48
263040,32880,-129303.90,89.40,223.34,48
263424,32928,-70745.47,30.51,119.32,48
263424,32928,3337.74,88.53,0.72,48
263424,32928,-13695.71,30.36,23.87,48
263424,32928,-14573.86,31.43,25.46,48
263424,32928,-124571.34,33.71,209.96,48
263424,32928,-3537978501705307.00,91.57,5937500000363.59,48
263424,32928,-16495.27,25.74,28.32,48
263424,32928,-110495.64,89.63,191.81,48
263808,32976,295.78,27.55,0.00,48
263808,32976,-61798.47,34.31,104.23,48
263808,32976,3697.40,88.68,0.00,48
263808,32976,-43810.05,90.47,79.93,48
263808,32976,-37992.03,90.05,70.10,48
263808,32976,-17342.48,90.56,35.45,48
263808,32976,-56702.30,34.47,96.06,48
263808,32976,-227467.22,91.94,388.43,48
264192,33024,-84836.03,90.35,148.76,48
264192,33024,-100093.35,88.15,174.02,48
264192,33024,-60270.96,33.97,102.06,48
264192,33024,-1462.59,28.53,3.03,48
264192,33024,-30852.42,86.48,57.51,48
264192,33024,-44365.25,86.17,80.42,48
264192,33024,-38408.47,37.17,65.58,48
264192,33024,3364.80,90.16,0.72,48
264576,33072,-8514.86,27.50,14.76,48
264576,33072,-112725.67,29.89,189.79,48
264576,33072,-31543.48,30.75,53.57,48
264576,33072,-33486.93,90.94,62.58,48
264576,33072,-3537978501676639.50,29.91,5937500000309.28,48
264576,33072,-98860.14,88.48,172.04,48
264576,33072,-45354.07,91.14,82.68,48
264576,33072,1396.25,89.99,4.01,48
264960,33120,-23180.06,89.89,45.15,48
264960,33120,-111344.26,87.89,193.01,48
264960,33120,-2682.69,87.83,10.37,48
264960,33120,-4473.75,30.86,8.46,48
264960,33120,-26696.26,87.22,50.80,48
264960,33120,-229822.56,30.84,386.26,48
264960,33120,2703.30,90.78,1.94,48
264960,33120,-122295.52,91.39,211.80,48
265344,33168,-161165.46,89.72,276.90,48
265344,33168,-31489.88,86.76,58.81,48
265344,33168,-124301.29,86.61,214.52,48
265344,33168,-15883.36,86.02,32.61,48
265344,33168,-287239.22,34.03,483.04,48
265344,33168,-5045.74,30.08,9.15,48
265344,33168,-49759.09,88.06,89.49,48
265344,33168,-88853.81,89.31,155.30,48
265728,33216,-175880.27,32.83,295.57,48
265728,33216,-58081.10,85.18,103.26,48
265728,33216,-23775.94,86.56,45.98,48
265728,33216,-5957.76,87.94,16.02,48
265728,33216,-157295.74,90.34,270.48,48
265728,33216,-21737.33,27.70,36.91,48
265728,33216,-164516.03,86.53,281.86,48
265728,33216,1592.39,89.81,3.62,48
266112,33264,442.40,85.94,5.12,48
266112,33264,-8739.31,91.26,21.24,48
266112,33264,-18459.46,90.77,37.37,48
266112,33264,-19250.41,28.75,32.77,48
266112,33264,-84358.80,89.95,147.91,48
266112,33264,-3403.43,88.01,11.96,48
266112,33264,-5271.19,90.51,15.29,48
266112,33264,-99537.04,85.33,172.81,48
266496,33312,-98193.35,91.09,171.35,48
266496,33312,2953.41,88.08,1.13,48
266496,33312,-231234.06,89.90,394.33,48
266496,33312,-183262.68,91.56,313.96,48
266496,33312,-137993.76,92.71,238.36,48
266496,33312,-23496.45,31.29,40.12,48
266496,33312,3291.96,85.51,0.31,48
266496,33312,-188392.19,30.18,316.90,48
266880,33360,-14561.77,31.27,25.30,48
266880,33360,3105.85,90.09,1.19,48
266880,33360,-8052.57,30.44,14.64,48
266880,33360,-21651.06,32.50,37.14,48
266880,33360,-128202.83,90.88,221.55,48
266880,33360,-125466.63,32.17,211.36,48
266880,33360,-83793.15,91.96,147.45,48
266880,33360,-2868.38,29.27,5.29,48
267264,33408,-192837.57,32.85,324.54,48
267264,33408,-12811.15,87.61,27.55,48
267264,33408,-13239.47,87.39,28.24,48
267264,33408,-58253.19,90.92,104.32,48
267264,33408,-109291.46,88.99,189.50,48
267264,33408,-12628.17,27.58,21.84,48
267264,33408,-77263.04,28.93,130.35,48
267264,33408,-64980.05,90.08,115.43,48
267648,33456,-652651.62,88.48,1101.55,48
267648,33456,-53176.33,27.27,89.70,48
267648,33456,-21081.47,87.31,41.29,48
267648,33456,-38760.61,29.71,65.65,48
267648,33456,-145434.30,90.56,250.39,48
267648,33456,-164879.93,89.54,282.77,48
267648,33456,-149818.86,31.63,251.92,48
267648,33456,-32237.62,90.36,60.40,48
268032,33504,3174.59,91.41,1.24,48
268032,33504,-108972.07,89.66,188.99,48
268032,33504,1945.10,88.91,3.01,48
268032,33504,-3332.21,90.51,12.05,48
268032,33504,-113027.58,35.29,190.43,48
268032,33504,-36517.54,86.68,67.42,48
268032,33504,-305808.56,85.02,518.91,48
268032,33504,-44607.41,27.15,75.26,48
268416,33552,-7148.25,88.57,18.06,48
268416,33552,-74943.34,89.13,132.12,48
268416,33552,-55041.36,25.91,92.87,48
268416,33552,-16004.83,24.39,26.93,48
268416,33552,-6006.25,88.88,16.28,48
268416,33552,-76433.73,29.97,128.72,48
268416,33552,-23157.34,88.81,45.07,48
268416,33552,3699.99,89.53,0.02,48
268800,33600,-53334.06,90.20,95.87,48
268800,33600,-66056.48,89.06,117.02,48
268800,33600,-74309.24,92.41,131.45,48
268800,33600,-14877.28,28.65,25.48,48
268800,33600,3619.81,87.66,0.00,48
268800,33600,-31824.04,85.00,59.26,48
268800,33600,-20044.23,26.23,34.11,48
268800,33600,-79470.81,90.54,139.92,48
269184,33648,-52448.16,91.57,94.49,48
269184,33648,-65420.48,88.66,115.92,48
269184,33648,-118116.19,85.61,203.97,48
269184,33648,-14700.60,87.34,30.68,48
269184,33648,-47627.92,32.17,80.82,48
269184,33648,-21522.70,25.38,36.51,48
269184,33648,2022.60,87.07,2.62,48
269184,33648,-320895.48,89.22,544.84,48
269568,33696,-9628.36,84.77,21.88,48
269568,33696,-202.49,89.03,6.64,48
269568,33696,197.91,28.61,0.28,48
269568,33696,-623242.13,91.11,1052.59,48
269568,33696,-36060.41,89.63,66.68,48
269568,33696,-10945.31,88.04,24.43,48
269568,33696,-35988.58,32.85,61.44,48
269568,33696,-47455.06,88.27,85.66,48
269952,33744,-163655.82,28.98,275.41,48
269952,33744,-50948.06,31.14,85.99,48
269952,33744,-48057.70,88.40,86.53,48
269952,33744,-194106.92,90.81,332.20,48
269952,33744,-740.91,87.45,7.39,48
269952,33744,-31267.10,88.77,58.56,48
269952,33744,-58960.08,90.62,105.27,48
269952,33744,-123195.97,86.17,212.68,48
270336,33792,-105337.86,28.55,177.37,48
270336,33792,-8710.75,35.79,16.03,48
270336,33792,-69853.30,89.36,123.66,48
270336,33792,-17902.04,89.91,36.28,48
270336,33792,-185585.32,30.42,311.99,48
270336,33792,-596360.35,29.94,1001.80,48
270336,33792,-165831.46,89.32,284.53,48
270336,33792,-34428.33,28.38,58.27,48
270720,33840,-45083.15,30.58,76.76,48
270720,33840,-9645.35,90.63,22.71,48
270720,33840,-96065.90,88.47,167.45,48
270720,33840,-113485.21,31.23,191.37,48
270720,33840,-88442.46,90.10,154.82,48
270720,33840,-14719.46,87.03,30.52,48
270720,33840,-18131.04,88.26,36.54,48
270720,33840,-62733.27,31.42,105.88,48
271104,33888,245.87,27.80,0.00,48
271104,33888,-22469.68,88.66,43.77,48
271104,33888,-74693.49,30.22,126.02,48
271104,33888,-17254.15,90.63,35.46,48
271104,33888,-107753.17,90.46,187.26,48
271104,33888,-190804.82,92.52,326.90,48
271104,33888,-119752.00,88.05,207.05,48
271104,33888,-12963.66,85.51,27.55,48
271488,33936,-230213.53,31.09,387.28,48
271488,33936,-68559.23,87.50,121.15,48
271488,33936,-931046974232761.12,88.08,1562500000267.39,48
271488,33936,264.67,25.17,0.00,48
271488,33936,-53300.28,85.67,95.24,48
271488,33936,-62116.13,87.27,110.29,48
271488,33936,-98041.25,32.08,165.17,48
271488,33936,-36522.84,91.75,67.92,48
271872,33984,-7448375792819887.00,89.45,12500000000348.52,48
271872,33984,-23412.22,86.31,44.98,48
271872,33984,-19842.65,27.32,33.41,48
271872,33984,-26391.27,30.45,44.89,48
271872,33984,-23926.80,90.72,46.58,48
271872,33984,-53804.97,90.62,96.76,48
271872,33984,-30975.30,89.49,58.40,48
271872,33984,-211540.10,89.07,360.98,48
272256,34032,-974.17,88.53,7.77,48
272256,34032,-24575.41,89.78,47.63,48
272256,34032,-121069.74,93.02,209.96,48
272256,34032,-9790.91,91.01,22.92,48
272256,34032,-54092.98,32.55,91.71,48
272256,34032,-157542.46,28.48,265.00,48
272256,34032,-4942.47,87.69,14.21,48
272256,34032,-61013.01,92.82,109.08,48
272640,34080,-21644.97,89.46,42.78,48
272640,34080,-30540.99,29.49,52.03,48
272640,34080,-27180.54,86.63,51.74,48
272640,34080,-47310.25,26.71,79.50,48
272640,34080,-53794.94,87.10,96.25,48
272640,34080,-74373.33,29.18,125.30,48
272640,34080,-73225.78,30.47,123.28,48
272640,34080,-123171.92,30.41,207.39,48
273024,34128,-7525.01,87.78,18.65,48
273024,34128,-344616.54,28.09,579.15,48
273024,34128,-5428.19,88.29,15.20,48
273024,34128,-212805.69,26.75,357.61,48
273024,34128,-63113.85,87.02,111.79,48
273024,34128,-695.48,89.17,7.51,48
273024,34128,-124793.57,88.57,215.42,48
273024,34128,-1628.10,26.86,3.20,48
273408,34176,-169569.62,32.77,285.44,48
273408,34176,-10406.13,91.00,23.97,48
273408,34176,-18887.86,93.23,38.57,48
273408,34176,-43214.60,88.08,78.51,48
273408,34176,-7565.48,32.28,13.42,48
273408,34176,-96847.99,87.58,168.41,48
273408,34176,-31571.03,87.80,58.93,48
273408,34176,-28902.66,86.93,54.66,48
273792,34224,-7717.66,87.07,18.99,48
273792,34224,-63046.78,87.08,111.57,48
273792,34224,-42587.78,29.13,71.70,48
273792,34224,-149696.40,88.60,257.39,48
273792,34224,-2298.26,89.49,10.21,48
273792,34224,-6926.71,32.45,12.21,48
273792,34224,-124951.56,86.56,215.52,48
273792,34224,-72435.76,89.81,127.88,48
274176,34272,-610.31,89.42,7.39,48
274176,34272,-65760.25,26.92,110.85,48
274176,34272,-5746.97,87.21,15.80,48
274176,34272,-148557.21,88.01,255.26,48
274176,34272,-237.35,28.99,0.68,48
274176,34272,-272051.88,91.87,463.01,48
274176,34272,-3537978501607394.50,86.00,5937500000198.55,48
274176,34272,-167098.72,89.98,286.92,48
274560,34320,-8453.34,24.38,14.67,48
274560,34320,-4162.42,89.31,13.23,48
274560,34320,-76040.34,89.34,133.89,48
274560,34320,-93853.65,29.46,157.96,48
274560,34320,-63204.77,87.40,112.08,48
274560,34320,-154920.25,84.96,265.66,48
274560,34320,-71353.35,30.66,120.13,48
274560,34320,-22623.52,89.63,44.24,48
274944,34368,-108559.33,88.01,188.16,48
274944,34368,-28021.04,86.74,52.86,48
274944,34368,-48759.76,89.43,88.17,48
274944,34368,-276475.98,89.36,470.39,48
274944,34368,3887.67,90.41,0.00,48
274944,34368,-60036.21,89.76,107.00,48
274944,34368,-93675.33,31.36,157.89,48
274944,34368,-25697.14,31.76,44.21,48
275328,34416,-541792.91,88.63,915.34,48
275328,34416,-42188.60,22.77,70.79,48
275328,34416,-22042.23,90.52,43.49,48
275328,34416,-283617.44,30.99,476.42,48
275328,34416,-163790.24,90.57,281.37,48
275328,34416,-110692.25,86.96,191.70,48
275328,34416,-15821.86,89.74,32.94,48
275328,34416,-180833.19,26.42,303.81,48
275712,34464,-7213.35,87.60,17.94,48
275712,34464,-294618.66,31.73,494.98,48
275712,34464,-65608.37,87.85,116.23,48
275712,34464,-8036.22,86.98,19.54,48
275712,34464,-56286.95,88.68,100.54,48
275712,34464,-232.36,89.56,6.71,48
275712,34464,-40825.39,92.16,75.23,48
275712,34464,-62247.17,31.57,105.27,48
276096,34512,-16423.70,89.25,33.98,48
276096,34512,-26927.75,89.31,51.29,48
276096,34512,-27996.11,90.11,53.60,48
276096,34512,-34237.44,93.23,64.27,48
276096,34512,-1624.55,30.51,3.45,48
276096,34512,-59803.54,86.38,106.14,48
276096,34512,-272446.77,90.40,463.71,48
276096,34512,-11836.25,88.04,26.00,48
276480,34560,-3923.22,85.45,12.63,48
276480,34560,-5683.03,87.85,15.48,48
276480,34560,-37102.07,91.85,68.81,48
276480,34560,-17771.91,27.41,30.24,48
276480,34560,-15286.76,87.83,31.59,48
276480,34560,-17.64,31.23,0.88,48
276480,34560,-12483.70,88.33,27.22,48
276480,34560,-123294.51,88.92,213.09,48
276864,34608,-45015.44,90.10,81.94,48
276864,34608,-81120.90,91.92,142.70,48
276864,34608,395.78,28.16,0.10,48
276864,34608,-163269.33,88.42,280.10,48
276864,34608,-257.99,30.58,1.28,48
276864,34608,-83445.24,88.16,146.07,48
276864,34608,-23539.28,90.81,46.07,48
276864,34608,-55256.15,24.52,93.10,48
277248,34656,-68877.31,89.13,121.66,48
277248,34656,-100838.60,33.14,169.85,48
277248,34656,-313603.79,89.43,532.67,48
277248,34656,-49398.17,88.54,88.78,48
277248,34656,-59131.22,28.18,99.55,48
277248,34656,-36975.93,29.45,62.60,48
277248,34656,-17011.85,89.51,34.89,48
277248,34656,-74575.40,27.63,125.74,48
277632,34704,-39255.50,27.23,66.32,48
277632,34704,1756.28,86.32,2.95,48
277632,34704,-30749.07,87.63,57.52,48
277632,34704,-285041.43,89.78,484.75,48
277632,34704,-41374.21,26.70,70.06,48
277632,34704,-53810.50,88.82,96.27,48
277632,34704,-24501.93,30.84,41.91,48
277632,34704,-24032.91,90.63,46.82,48
278016,34752,-209230.29,35.59,352.07,48
278016,34752,-11287.29,90.74,25.39,48
278016,34752,-14277.53,87.77,29.99,48
278016,34752,-15564.14,90.62,32.53,48
278016,34752,-137099.82,86.99,235.92,48
278016,34752,-37871.87,91.60,70.03,48
278016,34752,-26470.28,89.73,50.74,48
278016,34752,-121863.57,86.25,210.38,48
278400,34800,-109341.24,27.92,184.02,48
278400,34800,-67006.49,88.21,118.48,48
278400,34800,-233831.47,89.65,398.67,48
278400,34800,-8907.65,28.56,15.49,48
278400,34800,-370320.34,25.55,621.52,48
278400,34800,-86881.69,87.98,151.70,48
278400,34800,-25571.24,30.56,43.65,48
278400,34800,-10580.69,92.56,24.57,48
278784,34848,254.59,83.76,5.03,48
278784,34848,-450.88,90.46,7.34,48
278784,34848,-196471.38,88.06,335.59,48
278784,34848,-25766.08,89.43,49.54,48
278784,34848,-96104.81,88.94,167.57,48
278784,34848,-25122.08,88.14,48.10,48
278784,34848,-89489.59,87.81,156.01,48
278784,34848,-58306.57,90.85,104.13,48
279168,34896,-179924.57,33.63,303.19,48
279168,34896,1756.77,86.89,3.03,48
279168,34896,-8726.50,87.76,20.61,48
279168,34896,-1489675158704157.25,29.05,2500000000304.51,48
279168,34896,-192828.56,85.97,329.62,48
279168,34896,-124917.34,33.86,210.72,48
279168,34896,-3165.49,88.50,11.59,48
279168,34896,-15363.97,84.50,31.48,48
279552,34944,-13260.04,87.35,28.17,48
279552,34944,-81495.55,86.41,142.56,48
279552,34944,-112409.99,88.33,194.79,48
279552,34944,-4963.93,87.90,14.42,48
279552,34944,-127188.08,87.48,219.27,48
279552,34944,-75637.58,88.82,133.00,48
279552,34944,-74662.99,88.23,131.44,48
279552,34944,-3338.51,88.85,11.65,48
279936,34992,-200656.76,87.92,342.81,48
279936,34992,-60711.65,87.65,107.88,48
279936,34992,-159106.11,89.92,273.30,48
279936,34992,-22845.30,33.02,39.16,48
279936,34992,-13396.13,86.89,28.48,48
279936,34992,-82420.98,87.78,144.24,48
279936,34992,-2999.66,89.17,11.21,48
279936,34992,-4780.80,85.00,13.82,48
280320,35040,-12869.07,22.03,21.81,48
280320,35040,-109663.84,89.65,190.18,48
280320,35040,-1489675158705952.75,28.84,2500000000307.15,48
280320,35040,-61523.53,31.78,103.79,48
280320,35040,-45345.39,89.60,82.30,48
280320,35040,-39851.17,32.28,67.77,48
280320,35040,-100.09,28.43,0.69,48
280320,35040,-44938.31,35.45,76.59,48
280704,35088,-368976.67,26.47,619.59,48
280704,35088,3498.98,87.55,0.31,48
280704,35088,-248788.43,90.23,423.60,48
280704,35088,-1489675158707803.25,89.57,2500000000316.21,48
280704,35088,-25441.35,34.24,43.82,48
280704,35088,-12079.00,28.66,21.22,48
280704,35088,-126785.95,88.67,218.77,48
280704,35088,-7275.43,88.51,18.46,48
281088,35136,-82163.27,87.22,144.12,48
281088,35136,-51490.10,31.02,87.17,48
281088,35136,-7207.49,89.69,18.46,48
281088,35136,-272952.25,88.89,464.23,48
281088,35136,198.52,32.86,0.70,48
281088,35136,-64704.62,87.90,114.80,48
281088,35136,-146527.31,90.79,252.44,48
281088,35136,2961.67,85.56,0.95,48
281472,35184,-2337.33,89.34,10.15,48
281472,35184,-35088.38,29.87,59.30,48
281472,35184,-39785.14,89.82,73.14,48
281472,35184,-103873.42,92.99,181.20,48
281472,35184,-99095.10,32.07,167.13,48
281472,35184,2365.19,87.06,2.04,48
281472,35184,-73045.82,29.95,123.12,48
281472,35184,-65870.45,33.64,110.94,48
281856,35232,-99390.23,89.09,172.82,48
281856,35232,-37551.32,28.75,63.70,48
281856,35232,-372418789852116.56,90.93,625000000377.77,48
281856,35232,-536431.76,27.20,900.77,48
281856,35232,-578474.94,87.51,976.96,48
281856,35232,-226063.81,88.84,385.53,48
281856,35232,-81200.46,89.94,142.62,48
281856,35232,-58808.54,90.02,105.20,48
282240,35280,-21479.74,89.22,42.24,48
282240,35280,-138921.49,90.49,239.43,48
282240,35280,3522.60,87.36,0.02,48
282240,35280,-126289.11,34.07,212.55,48
282240,35280,197.54,86.78,5.60,48
282240,35280,-10850.55,31.65,19.13,48
282240,35280,-44302.76,30.00,74.83,48
282240,35280,-47301.37,90.56,85.97,48
282624,35328,-11313.81,87.73,24.88,48
282624,35328,385.59,28.65,0.00,48
282624,35328,-173109.30,29.27,290.84,48
282624,35328,-25579.38,89.65,49.33,48
282624,35328,-63164.32,31.11,106.72,48
282624,35328,-87390.10,29.01,147.43,48
282624,35328,-117190.57,91.73,203.22,48
282624,35328,-68041.11,91.55,120.81,48
283008,35376,-6146.10,27.77,10.92,48
283008,35376,-139017.83,89.40,239.59,48
283008,35376,-42699.77,89.87,78.04,48
283008,35376,-111426.15,33.74,187.79,48
283008,35376,-28122.39,88.62,53.35,48
283008,35376,-92121.17,90.94,160.84,48
283008,35376,-17060.97,87.82,34.62,48
283008,35376,-26643.62,28.50,45.30,48
283392,35424,-31740.49,87.94,59.37,48
283392,35424,-73023.68,89.58,128.72,48
283392,35424,-51650.95,89.78,92.91,48
283392,35424,-213805.38,89.48,365.01,48
283392,35424,-113291.03,90.17,196.45,48
283392,35424,-90703.44,89.24,158.45,48
283392,35424,-69961.31,87.73,123.57,48
283392,35424,-48586.57,89.09,87.72,48
283776,35472,-26031.24,87.83,49.67,48
283776,35472,-831.44,89.08,7.82,48
283776,35472,-112766.25,88.22,195.10,48
283776,35472,-600606.22,30.28,1008.55,48
283776,35472,-32038.24,89.70,59.94,48
283776,35472,-129924.37,89.33,224.24,48
283776,35472,-2296582536264085.50,89.28,3854166667021.15,48
283776,35472,-15491.91,29.39,26.50,48
284160,35520,-12362.78,86.86,26.60,48
284160,35520,-44024.66,87.80,80.04,48
284160,35520,-10232.27,90.90,23.75,48
284160,35520,-4398.32,88.69,13.65,48
284160,35520,-111707.47,90.52,193.92,48
284160,35520,-528227.61,87.47,892.29,48
284160,35520,-204766.05,29.02,344.53,48
284160,35520,-23518.74,87.76,45.16,48
284544,35568,-57296.16,29.00,96.55,48
284544,35568,-102710.01,91.24,178.86,48
284544,35568,-205090.26,89.18,350.67,48
284544,35568,-77644.29,89.78,136.61,48
284544,35568,-35313.10,93.12,66.14,48
284544,35568,-70611.00,87.87,124.37,48
284544,35568,-7448375792843453.00,29.99,12500000000382.97,48
284544,35568,-39459.41,87.44,72.29,48
284928,35616,-19679.01,31.76,33.51,48
284928,35616,-20224.45,27.63,34.22,48
284928,35616,-84475.08,31.39,142.32,48
284928,35616,-70957.80,33.68,119.82,48
284928,35616,-1964.73,89.91,9.63,48
284928,35616,-104867.79,87.31,181.99,48
284928,35616,-39486.88,89.49,72.46,48
284928,35616,-22888.62,87.90,44.32,48
285312,35664,-44083.34,88.46,79.96,48
285312,35664,-73906.76,90.94,130.46,48
285312,35664,-145856.58,30.44,245.77,48
285312,35664,-86436.66,89.46,151.39,48
285312,35664,-24556.99,90.94,47.68,48
285312,35664,2878.16,89.06,1.54,48
285312,35664,-54129.94,28.22,91.55,48
285312,35664,-14115.36,90.77,30.20,48
285696,35712,-67234.88,86.95,118.80,48
285696,35712,-97451.16,91.54,170.16,48
285696,35712,-199892.19,92.03,342.04,48
285696,35712,-153150.72,89.10,263.17,48
285696,35712,-3013.52,89.43,11.40,48
285696,35712,-3411.81,89.18,11.99,48
285696,35712,-156036.77,34.85,262.49,48
285696,35712,-241697.56,35.18,406.70,48
286080,35760,-81988.82,88.98,143.96,48
286080,35760,-34809.52,88.54,64.65,48
286080,35760,-6058.99,89.61,16.57,48
286080,35760,-180454.11,90.20,309.09,48
286080,35760,-65511.41,29.10,110.74,48
286080,35760,-28632.33,91.07,54.50,48
286080,35760,-229525.53,30.97,385.60,48
286080,35760,-209699.17,87.37,357.90,48
286464,35808,-33788.41,87.76,62.71,48
286464,35808,-43588.85,86.54,79.06,48
286464,35808,-4400.28,92.94,14.31,48
286464,35808,-83735.23,92.26,147.26,48
286464,35808,-41637.62,86.57,76.04,48
286464,35808,-165134.78,87.42,283.01,48
286464,35808,-7633.79,27.78,13.30,48
286464,35808,-22438.02,89.14,44.04,48
286848,35856,-2087.62,89.42,9.77,48
286848,35856,-16947.42,86.71,34.49,48
286848,35856,-113367.10,90.18,196.48,48
286848,35856,-62987.27,87.04,111.76,48
286848,35856,-44473.80,89.13,80.91,48
286848,35856,-62291.04,35.38,105.50,48
286848,35856,-8202.65,32.14,14.30,48
286848,35856,-2299.75,26.64,4.29,48
287232,35904,-72887.03,31.02,122.94,48
287232,35904,-3633.91,91.50,12.69,48
287232,35904,-21402.09,90.30,42.25,48
287232,35904,-35808.97,90.07,66.31,48
287232,35904,-12865.15,87.16,27.52,48
287232,35904,-98704.84,90.23,171.89,48
287232,35904,-1159.45,29.12,2.67,48
287232,35904,-77751.33,90.67,136.89,48
287616,35952,-54998.31,89.39,98.76,48
287616,35952,-98729.32,91.46,172.26,48
287616,35952,-70878.73,30.79,119.61,48
287616,35952,-8543.87,86.21,20.24,48
287616,35952,-420731.62,31.48,706.64,48
287616,35952,-34792.63,89.30,64.53,48
287616,35952,-674968.71,90.21,1139.15,48
287616,35952,-3537978501656542.00,89.73,5937500000281.71,48
288000,36000,-34543.61,89.93,64.28,48
288000,36000,-29058.23,87.20,54.96,48
288000,36000,-58615.04,88.60,104.52,48
288000,36000,-149152.29,88.48,256.43,48
288000,36000,-200762.90,29.09,337.71,48
288000,36000,-126.13,30.86,1.16,48
288000,36000,-9565.96,36.12,17.61,48
288000,36000,-56577.76,87.68,101.01,48
288384,36048,-45750.20,85.89,82.55,48
288384,36048,-162800.11,28.67,273.54,48
288384,36048,116.94,33.72,0.76,48
288384,36048,-186006.82,32.22,313.08,48
288384,36048,-53277.87,27.05,89.61,48
288384,36048,-198269.73,89.78,339.18,48
288384,36048,-7330.81,85.70,18.05,48
288384,36048,-244560.87,90.30,416.89,48
288768,36096,-931046974251208.12,85.64,1562500000298.22,48
288768,36096,-219300.84,28.58,368.74,48
288768,36096,-162376.02,89.30,278.74,48
288768,36096,-6770.65,88.84,17.68,48
288768,36096,-92742.88,88.69,161.93,48
288768,36096,3816.55,89.65,0.00,48
288768,36096,-191245.90,90.24,327.28,48
288768,36096,-10850.57,87.47,24.42,48
289152,36144,-86611.40,29.28,145.98,48
289152,36144,-97581.22,89.35,169.96,48
289152,36144,-144919.74,90.50,249.80,48
289152,36144,-1489675158669679.75,89.36,2500000000252.26,48
289152,36144,-279072.68,90.59,474.73,48
289152,36144,-123433.81,89.92,213.48,48
289152,36144,-40806.79,88.63,74.60,48
289152,36144,-33127.87,35.68,56.72,48
289536,36192,-24727.53,33.35,42.20,48
289536,36192,-124165.54,89.02,214.61,48
289536,36192,-52310.77,29.82,88.14,48
289536,36192,-46081.64,27.57,78.03,48
289536,36192,-192943.12,87.52,329.78,48
289536,36192,-22716.56,21.80,38.16,48
289536,36192,-87542.72,88.57,152.98,48
289536,36192,-91133.62,30.14,153.35,48
289920,36240,-372418789794274.94,89.03,625000000280.50,48
289920,36240,-4564.77,88.82,13.78,48
289920,36240,-77182.46,89.36,135.72,48
289920,36240,-6790.78,90.77,17.97,48
289920,36240,-308650.91,89.23,524.30,48
289920,36240,-14915.30,89.24,31.47,48
289920,36240,-151390.72,89.46,260.27,48
289920,36240,-45091.57,90.24,82.09,48
290304,36288,-440581.06,88.99,745.61,48
290304,36288,-42338.44,90.06,77.56,48
290304,36288,-547440.75,89.10,924.97,48
290304,36288,-38834.27,31.39,66.02,48
290304,36288,-108132.13,88.49,187.63,48
290304,36288,-102013.86,86.73,177.03,48
290304,36288,-102170.94,89.25,177.89,48
290304,36288,-31430.93,91.61,59.41,48
290688,36336,-73318.13,89.35,129.07,48
290688,36336,-240378.13,89.58,409.68,48
290688,36336,1485.06,88.94,3.70,48
290688,36336,-44803.59,28.06,76.00,48
290688,36336,-126025.44,28.10,211.78,48
290688,36336,-24587.82,89.27,47.65,48
290688,36336,-67503.21,88.48,119.36,48
290688,36336,-3903.49,88.91,12.57,48
291072,36384,-9606.77,31.90,17.00,48
291072,36384,-132580.94,34.56,223.50,48
291072,36384,-136068.43,89.89,234.55,48
291072,36384,-216637.69,90.40,370.05,48
291072,36384,-5401.80,88.36,15.03,48
291072,36384,-25720.53,89.96,49.51,48
291072,36384,-7117.85,29.49,12.53,48
291072,36384,-125114.04,87.65,215.98,48
291456,36432,-12949.33,29.20,22.09,48
291456,36432,-9481.28,27.86,16.61,48
291456,36432,-216716.02,91.78,370.32,48
291456,36432,-33551.22,88.50,62.61,48
291456,36432,-9749.63,86.66,22.38,48
291456,36432,-579443.78,87.62,978.58,48
291456,36432,-23356.85,88.04,45.19,48
291456,36432,-529.56,88.55,7.09,48
291840,36480,-63784.51,87.28,112.98,48
291840,36480,-171800.36,29.63,288.82,48
291840,36480,774.09,89.44,5.12,48
291840,36480,-198198.37,89.46,338.81,48
291840,36480,-64893.20,33.05,109.68,48
291840,36480,-163204.17,88.25,280.04,48
291840,36480,-78637.49,28.27,132.66,48
291840,36480,-4053.24,30.32,7.16,48
292224,36528,-55421.48,87.52,98.95,48
292224,36528,-35139.26,34.92,60.18,48
292224,36528,-109284.17,89.15,189.58,48
292224,36528,-89839.18,90.74,157.32,48
292224,36528,-30059.54,85.61,56.10,48
292224,36528,-85105.07,88.32,148.82,48
292224,36528,-54623.62,90.80,98.19,48
292224,36528,-52733.10,30.14,88.91,48
292608,36576,-231505.77,91.02,395.01,48
292608,36576,-1317.10,91.71,8.90,48
292608,36576,-160404.48,84.06,274.92,48
292608,36576,1353.46,87.10,3.70,48
292608,36576,-78895.41,34.32,133.48,48
292608,36576,-24057.82,87.43,46.21,48
292608,36576,-931046974173412.62,83.59,1562500000167.43,48
292608,36576,-172362.22,92.75,296.08,48
292992,36624,-91200.08,89.40,159.28,48
292992,36624,-1489675158649118.25,25.87,2500000000211.94,48
292992,36624,-93968.24,31.96,157.92,48
292992,36624,3422.52,83.79,0.00,48
292992,36624,-88616.31,27.21,149.51,48
292992,36624,-269.68,29.00,1.11,48
292992,36624,-131965.61,88.82,227.67,48
292992,36624,-69959.89,88.78,123.61,48
293376,36672,2948.49,89.80,1.19,48
293376,36672,-75437.88,88.82,132.85,48
293376,36672,-45501.42,88.11,82.54,48
293376,36672,-25862.64,30.16,43.81,48
293376,36672,-114248.31,33.32,192.69,48
293376,36672,-203989.40,33.53,343.41,48
293376,36672,-28651.24,89.21,54.35,48
293376,36672,657.36,87.03,4.99,48
293760,36720,-59075.86,90.46,105.58,48
293760,36720,-2296582536225834.50,88.80,3854166666956.82,48
293760,36720,-79511.04,33.60,134.61,48
293760,36720,-56875.20,89.27,101.81,48
293760,36720,-32849.33,88.39,61.43,48
293760,36720,-708.39,26.53,1.66,48
293760,36720,-3949.04,24.89,7.00,48
293760,36720,-7448375792795702.00,88.88,12500000000307.97,48
294144,36768,-126706.18,88.75,218.89,48
294144,36768,-34961.48,90.31,65.05,48
294144,36768,-69776.17,89.82,123.46,48
294144,36768,-53954.55,87.58,96.37,48
294144,36768,-48640.57,27.37,82.21,48
294144,36768,-63031.75,89.46,111.96,48
294144,36768,-706518.93,91.30,1192.19,48
294144,36768,-198700.81,89.42,339.56,48
294528,36816,-200979.59,86.73,343.26,48
294528,36816,-90216.21,90.23,157.74,48
294528,36816,-12045.88,88.46,26.29,48
294528,36816,-44268.50,89.47,80.44,48
294528,36816,-199951.10,35.16,336.76,48
294528,36816,-41759.34,88.43,76.36,48
294528,36816,-143359.12,88.44,246.81,48
294528,36816,-52864.11,90.55,95.11,48
294912,36864,-17578.10,88.79,35.48,48
294912,36864,-53711.59,31.53,90.21,48
294912,36864,-7833.10,89.37,19.51,48
294912,36864,3727.55,88.45,0.00,48
294912,36864,-3482.90,89.38,12.10,48
294912,36864,-5138.07,33.79,9.40,48
294912,36864,-18492.39,27.59,31.21,48
294912,36864,-605095.96,85.65,1021.16,48
295296,36912,-123266.78,89.26,213.23,48
295296,36912,-1080.35,28.10,2.18,48
295296,36912,-36639.89,90.26,68.01,48
295296,36912,-10082.33,85.60,22.48,48
295296,36912,-377667.39,31.72,634.60,48
295296,36912,-41400.87,90.08,75.76,48
295296,36912,-24031.09,25.22,40.42,48
295296,36912,-70685.64,27.60,119.23,48
295680,36960,-83316.79,33.30,140.72,48
295680,36960,-29540.77,29.11,50.51,48
295680,36960,-33497.62,87.58,62.09,48
295680,36960,-72491.88,28.54,122.25,48
295680,36960,-12862.73,29.56,22.02,48
295680,36960,-28260.03,90.15,53.85,48
295680,36960,-71836.11,88.95,127.01,48
295680,36960,-62937.67,90.67,112.10,48
296064,37008,-165649.93,90.19,284.45,48
296064,37008,-2200.67,30.04,4.72,48
296064,37008,-179367.21,90.77,307.43,48
296064,37008,-144289.71,91.40,248.94,48
296064,37008,-35701.36,91.67,66.51,48
296064,37008,-30505.89,84.67,56.77,48
296064,37008,-191976.02,31.31,322.98,48
296064,37008,-32237.11,88.48,60.17,48
296448,37056,-140930.95,90.26,242.90,48
296448,37056,-77616.43,88.68,136.41,48
296448,37056,-23669.60,88.04,45.94,48
296448,37056,193.92,89.81,5.96,48
296448,37056,-63240.55,31.20,106.52,48
296448,37056,2764.79,87.35,1.52,48
296448,37056,-57809.53,89.19,103.19,48
296448,37056,-41556.01,29.84,70.21,48
296832,37104,-13938.04,91.54,30.05,48
296832,37104,-95601.93,86.03,166.30,48
296832,37104,-16116.06,86.46,32.72,48
296832,37104,-62880.99,35.38,106.63,48
296832,37104,-167330.24,86.73,286.50,48
296832,37104,-53917.07,31.79,91.04,48
296832,37104,1992.11,85.82,2.57,48
296832,37104,-22368.76,87.54,43.62,48
297216,37152,-33544.54,34.59,57.03,48
297216,37152,-37703.76,87.24,69.25,48
297216,37152,-90486.62,89.67,158.11,48
297216,37152,-639744.95,31.59,1074.35,48
297216,37152,-80437.65,32.71,135.85,48
297216,37152,-541399.56,85.71,914.36,48
297216,37152,-52096.46,91.61,94.11,48
297216,37152,-46671.88,85.64,84.13,48
297600,37200,-3537978501768359.00,34.09,5937500000463.68,48
297600,37200,-186220.75,90.08,318.86,48
297600,37200,-11354.45,92.22,25.90,48
297600,37200,-34299.86,91.68,64.32,48
297600,37200,-55641.43,88.92,99.61,48
297600,37200,-157232.60,29.30,264.37,48
297600,37200,-93461.52,86.63,162.91,48
297600,37200,-55680.53,87.05,99.38,48
297984,37248,-32852.06,86.43,61.09,48
297984,37248,-93475.65,33.69,157.67,48
297984,37248,-16994.13,38.28,29.76,48
297984,37248,-63919.14,93.16,114.11,48
297984,37248,-176922.75,30.90,297.78,48
297984,37248,-43247.02,31.95,73.72,48
297984,37248,-57838.41,36.26,97.92,48
297984,37248,-882.55,88.40,7.70,48
298368,37296,-37764.40,87.80,69.49,48
298368,37296,297.47,31.17,0.28,48
298368,37296,-59696.15,34.26,100.89,48
298368,37296,-63837.24,31.09,107.88,48
298368,37296,-471862.00,88.23,798.06,48
298368,37296,392.45,28.42,0.00,48
298368,37296,-3885.31,91.55,13.15,48
298368,37296,-110127.37,88.71,190.90,48
298752,37344,-912.16,89.07,7.83,48
298752,37344,-5018.78,88.41,14.50,48
298752,37344,-931046974288394.62,89.50,1562500000361.01,48
298752,37344,-154226.75,90.68,265.23,48
298752,37344,-87250.94,89.22,152.48,48
298752,37344,-53688.49,34.81,90.89,48
298752,37344,-14682.79,30.98,25.47,48
298752,37344,-48609.73,29.24,82.21,48
299136,37392,-53516.26,30.48,90.46,48
299136,37392,-141896.02,87.53,244.23,48
299136,37392,-2478.54,86.98,10.25,48
299136,37392,-25370.28,27.09,43.30,48
299136,37392,-3775.50,25.61,6.94,48
299136,37392,-187655.36,89.29,321.10,48
299136,37392,-62584.21,89.34,111.36,48
299136,37392,-38765.33,34.26,65.57,48
299520,37440,-66502.96,91.08,117.94,48
299520,37440,-48879.09,86.59,88.05,48
299520,37440,-185409.25,88.25,317.19,48
299520,37440,197.70,26.74,0.00,48
299520,37440,-16812.01,29.64,28.75,48
299520,37440,-198053.87,33.70,333.20,48
299520,37440,-4061.57,89.26,13.25,48
299520,37440,-48574.94,88.57,87.80,48
299904,37488,-113972.10,86.30,197.14,48
299904,37488,-5660.09,88.64,15.70,48
299904,37488,-33046.36,90.85,62.00,48
299904,37488,-49990.12,31.72,84.34,48
299904,37488,-6652.23,34.30,12.21,48
299904,37488,-59195.54,31.62,100.21,48
299904,37488,-1388.26,27.69,2.93,48
299904,37488,-135197.78,91.58,233.41,48
300288,37536,-119879.28,90.20,207.57,48
300288,37536,-4169.66,26.13,6.96,48
300288,37536,-93544.41,91.80,163.68,48
300288,37536,-4869.04,28.28,8.51,48
300288,37536,-12496.11,29.86,21.44,48
300288,37536,-20876.70,88.63,41.05,48
300288,37536,-50957.81,88.44,91.72,48
300288,37536,3065.04,89.88,1.34,48
300672,37584,-48852.46,27.13,82.63,48
300672,37584,-424.33,85.49,6.40,48
300672,37584,3315.58,89.83,0.76,48
300672,37584,-64053.93,89.38,113.52,48
300672,37584,-179141.71,89.99,306.77,48
300672,37584,-2188.36,83.89,9.15,48
300672,37584,-3537978501682841.50,87.22,5937500000325.36,48
300672,37584,-86789.53,29.73,146.40,48
301056,37632,-11551.53,88.98,25.66,48
301056,37632,-53785.47,85.87,96.00,48
301056,37632,-210802.19,31.77,354.63,48
301056,37632,-81799.44,27.95,137.76,48
301056,37632,-50329.48,30.82,85.09,48
301056,37632,-11201.01,31.53,19.46,48
301056,37632,-12713.81,86.78,27.23,48
301056,37632,-127283.67,26.08,214.37,48
301440,37680,-85353.77,89.88,149.48,48
301440,37680,-20723.90,89.46,41.21,48
301440,37680,2043.07,90.55,3.19,48
301440,37680,-172408.00,87.57,295.39,48
301440,37680,-3537978501730658.00,92.87,5937500000406.45,48
301440,37680,-46965.50,27.79,79.49,48
301440,37680,1444.15,86.50,3.63,48
301440,37680,-5579.11,29.16,9.87,48
301824,37728,-117375.96,92.47,203.79,48
301824,37728,1910.16,87.78,2.90,48
301824,37728,-42868.23,88.74,78.11,48
301824,37728,-82322.83,88.93,144.29,48
301824,37728,-14838.36,90.40,31.32,48
301824,37728,-20200.23,90.12,40.26,48
301824,37728,-52941.90,31.03,89.61,48
301824,37728,-266386.14,90.64,453.41,48
302208,37776,-12912.83,90.66,28.11,48
302208,37776,-68372.76,28.59,115.11,48
302208,37776,-60076.63,27.78,101.44,48
302208,37776,-32101.13,32.11,54.84,48
302208,37776,-74461.99,87.72,130.88,48
302208,37776,-59573.95,89.18,106.29,48
302208,37776,-167804.14,31.48,282.69,48
302208,37776,-1489675158687927.25,88.47,2500000000282.80,48
302592,37824,3561.87,85.94,0.00,48
302592,37824,-11612.86,89.01,25.82,48
302592,37824,-58024.62,31.18,98.00,48
302592,37824,-49998.03,88.40,90.12,48
302592,37824,-44747.04,84.79,80.95,48
302592,37824,-167830.44,88.64,287.90,48
302592,37824,-164489.79,89.35,282.33,48
302592,37824,-304976.53,89.63,518.10,48
302976,37872,3349.43,90.08,0.82,48
302976,37872,-530277.48,89.92,896.28,48
302976,37872,-61933.50,87.79,109.89,48
302976,37872,-142323.43,29.77,239.50,48
302976,37872,-85261.12,29.46,143.32,48
302976,37872,-5872.46,88.67,16.18,48
302976,37872,-135726.34,27.45,228.35,48
302976,37872,-7967.40,30.62,14.18,48
303360,37920,-36413.10,90.18,67.36,48
303360,37920,-47779.47,84.83,85.63,48
303360,37920,-28051.99,32.60,47.50,48
303360,37920,-149998.99,30.12,252.61,48
303360,37920,-122788.75,86.44,211.83,48
303360,37920,3662.40,89.48,0.02,48
303360,37920,-413871.23,91.59,701.14,48
303360,37920,-91320.94,26.02,153.87,48
303744,37968,-99321.15,28.26,167.14,48
303744,37968,-54294.01,32.07,91.86,48
303744,37968,-2965.37,87.27,11.06,48
303744,37968,-57371.78,91.64,102.90,48
303744,37968,-121273.12,89.47,209.60,48
303744,37968,-551.89,88.71,7.03,48
303744,37968,-142099.46,87.79,244.47,48
303744,37968,-3811.32,27.34,7.25,48
304128,38016,-112610.30,32.22,189.88,48
304128,38016,-1656.48,88.58,9.04,48
304128,38016,-17068.77,28.59,28.89,48
304128,38016,-9058.94,88.24,21.38,48
304128,38016,-2766.43,87.60,10.56,48
304128,38016,-15924.26,32.10,27.36,48
304128,38016,-52538.19,90.91,94.56,48
304128,38016,-74528.38,35.88,126.23,48
304512,38064,-2378.09,88.54,10.16,48
304512,38064,-95031.96,87.56,165.62,48
304512,38064,-7634.71,89.18,19.12,48
304512,38064,-20250.30,91.92,40.77,48
304512,38064,-4782.82,86.93,13.91,48
304512,38064,-931046974302777.75,89.37,1562500000385.15,48
304512,38064,-603800.30,89.82,1019.57,48
304512,38064,-188645.96,89.62,322.85,48
304896,38112,-52642.20,87.33,94.27,48
304896,38112,-22557.72,31.50,38.68,48
304896,38112,-216557.86,87.93,369.31,48
304896,38112,-31251.95,88.58,58.27,48
304896,38112,-164574.12,90.46,282.63,48
304896,38112,-50733.59,32.98,85.90,48
304896,38112,-41052.12,87.15,74.75,48
304896,38112,-72819.79,33.93,123.36,48
305280,38160,-5449.06,90.16,15.69,48
305280,38160,-21393.38,88.09,42.27,48
305280,38160,-41906.23,31.19,71.03,48
305280,38160,-9278.15,28.81,15.89,48
305280,38160,-73545.17,29.70,124.04,48
305280,38160,-38181.47,35.69,65.42,48
305280,38160,-134250.45,88.24,231.33,48
305280,38160,-79276.82,92.32,139.67,48
305664,38208,-167447.16,88.93,287.14,48
305664,38208,-55160.97,86.21,98.58,48
305664,38208,-10092.31,29.09,17.73,48
305664,38208,-87831.32,33.66,148.19,48
305664,38208,-11066.49,87.87,24.60,48
305664,38208,-33660.23,28.06,57.11,48
305664,38208,-145252.37,91.47,250.35,48
305664,38208,-105473.61,35.37,178.24,48
306048,38256,-10533.44,88.26,23.67,48
306048,38256,622.34,84.28,4.64,48
306048,38256,-101581.57,90.09,176.95,48
306048,38256,-123468.84,26.70,207.45,48
306048,38256,-72093.97,27.94,121.30,48
306048,38256,-132541.64,87.29,228.21,48
306048,38256,-493243.72,26.12,828.04,48
306048,38256,-53869.74,32.44,90.89,48
306432,38304,-145475.32,90.53,250.56,48
306432,38304,-81567.29,88.82,143.21,48
306432,38304,-22560.09,86.73,43.68,48
306432,38304,-21470.22,87.86,42.23,48
306432,38304,-23574.24,84.26,45.15,48
306432,38304,-16403.17,31.35,27.56,48
306432,38304,-108206.84,86.86,187.53,48
306432,38304,-206445.73,32.60,347.25,48
306816,38352,-26031.01,89.41,50.06,48
306816,38352,-2423.02,92.78,10.89,48
306816,38352,-397837.38,89.19,673.89,48
306816,38352,-14011.44,88.37,29.72,48
306816,38352,-38228.27,29.54,64.78,48
306816,38352,-204887.73,29.77,344.54,48
306816,38352,-154223.74,28.44,259.71,48
306816,38352,-258408.37,33.70,434.59,48
307200,38400,-53733.92,28.85,90.71,48
307200,38400,-10069.99,89.62,23.01,48
307200,38400,-117738.26,30.07,198.18,48
307200,38400,-224300.26,28.43,376.84,48
307200,38400,-1918.70,34.06,4.08,48
307200,38400,-15020.07,86.00,31.21,48
307200,38400,-2847.38,24.83,5.51,48
307200,38400,-2296582536178414.00,27.80,3854166666871.67,48
307584,38448,-66800.14,31.71,112.85,48
307584,38448,-372418789810458.38,32.14,625000000302.29,48
307584,38448,-82193.42,88.01,143.96,48
307584,38448,-516304.04,87.81,872.54,48
307584,38448,-570312.91,87.40,963.04,48
307584,38448,-54816.78,28.49,92.48,48
307584,38448,-15218.28,88.88,31.78,48
307584,38448,-101941.47,86.91,177.08,48
307968,38496,106.66,27.09,0.00,48
307968,38496,-558721.81,90.62,944.07,48
307968,38496,-12010.29,90.47,26.57,48
307968,38496,-19336.05,87.58,38.29,48
307968,38496,-30700.69,91.53,58.02,48
307968,38496,-7448375792762570.00,87.39,12500000000251.99,48
307968,38496,-37144.55,34.08,63.30,48
307968,38496,-74288.68,32.04,125.60,48
308352,38544,-1489675158717027.00,89.99,2500000000331.71,48
308352,38544,-6769.60,87.33,17.50,48
308352,38544,-372418789776236.62,29.02,625000000244.53,48
308352,38544,-7811.03,28.39,13.81,48
308352,38544,-239.42,29.23,1.20,48
308352,38544,-850635.04,36.41,1429.04,48
308352,38544,-60373.30,91.09,107.82,48
308352,38544,-58344.90,90.84,104.36,48
308736,38592,-163179.88,88.69,280.02,48
308736,38592,-84440.21,30.24,142.30,48
308736,38592,-49334.06,90.06,89.13,48
308736,38592,-60594.53,30.51,102.28,48
308736,38592,-19516.69,88.80,38.86,48
308736,38592,-66179.18,35.79,112.24,48
308736,38592,-184564.68,87.91,315.74,48
308736,38592,-8022.58,90.41,19.90,48
309120,38640,-3307.26,86.03,11.41,48
309120,38640,-18295.19,87.69,36.75,48
309120,38640,-153783.33,85.95,263.84,48
309120,38640,-5874.53,91.95,16.46,48
309120,38640,-73760.14,89.32,130.04,48
309120,38640,-31922.90,92.33,60.35,48
309120,38640,-71110.01,87.14,125.54,48
309120,38640,-51379.45,29.65,86.99,48
309504,38688,-191435.00,88.14,327.55,48
309504,38688,-13525.22,29.85,23.31,48
309504,38688,-186045.94,88.96,318.55,48
309504,38688,-199159.01,91.26,340.64,48
309504,38688,-62834.25,30.58,106.00,48
309504,38688,-10908.50,89.29,24.59,48
309504,38688,-108141.95,87.76,187.61,48
309504,38688,-32301.15,89.52,60.55,48
309888,38736,-504480.97,27.25,846.96,48
309888,38736,-69484.32,89.95,122.87,48
309888,38736,-109777.82,90.88,190.92,48
309888,38736,280.53,28.14,0.05,48
309888,38736,-29307.78,24.81,49.53,48
309888,38736,-11919.25,25.35,20.25,48
309888,38736,2375.64,88.47,2.18,48
309888,38736,-10692.37,33.96,18.82,48
310272,38784,-29082.67,89.86,55.14,48
310272,38784,-83018.30,92.28,146.03,48
310272,38784,-42240.51,26.38,71.42,48
310272,38784,-121789.42,88.58,210.48,48
310272,38784,-496550.33,88.15,839.42,48
310272,38784,-607136.18,89.85,1025.27,48
310272,38784,-34859.19,34.85,59.34,48
310272,38784,-160594.29,91.66,276.11,48
310656,38832,-84012.62,91.64,147.49,48
310656,38832,-109295.08,92.94,190.19,48
310656,38832,-13559.24,29.46,23.47,48
310656,38832,-46755.95,91.13,84.87,48
310656,38832,-76647.77,28.86,128.88,48
310656,38832,-127334.94,31.99,214.28,48
310656,38832,-164514.48,90.35,282.62,48
310656,38832,-38764.54,86.34,70.95,48
311040,38880,-109296.74,90.78,189.86,48
311040,38880,-64238.18,86.71,113.39,48
311040,38880,-8998.94,30.17,15.76,48
311040,38880,-42763.56,88.35,77.92,48
311040,38880,-77212.60,85.90,135.48,48
311040,38880,-18799.69,90.81,38.15,48
311040,38880,-189712.10,36.90,319.67,48
311040,38880,-93975.97,31.93,158.47,48
311424,38928,-57355.44,88.02,102.21,48
311424,38928,-254417.02,29.71,427.06,48
311424,38928,-75326.97,90.44,132.82,48
311424,38928,-84057.35,90.38,147.48,48
311424,38928,-84212.94,86.29,146.96,48
311424,38928,-261695.97,91.27,445.78,48
311424,38928,-124128.49,86.91,214.51,48
311424,38928,-711660.61,91.37,1200.93,48
311808,38976,-1425.37,88.74,8.60,48
311808,38976,-23865.34,89.36,46.39,48
311808,38976,-34498.18,33.57,58.70,48
311808,38976,-31356.69,30.64,53.24,48
311808,38976,3798.92,90.33,0.05,48
311808,38976,-45791.71,87.75,82.77,48
311808,38976,-454617.89,33.29,763.82,48
311808,38976,-3365.68,30.60,6.39,48
312192,39024,-739122.01,32.95,1240.77,48
312192,39024,-149779.60,89.52,257.70,48
312192,39024,-14632.48,30.24,25.10,48
312192,39024,-54155.54,29.88,91.30,48
312192,39024,-50001.35,30.22,84.51,48
312192,39024,-100617.04,89.43,175.29,48
312192,39024,-63570.01,89.24,113.06,48
312192,39024,2045.15,87.23,2.56,48
312576,39072,-179099.62,88.71,306.50,48
312576,39072,-72076.31,89.25,127.26,48
312576,39072,-39615.06,89.17,72.73,48
312576,39072,-15704.94,88.01,32.72,48
312576,39072,-28730.62,88.21,54.50,48
312576,39072,-28108.13,88.60,53.22,48
312576,39072,-59639.69,31.21,101.02,48
312576,39072,-77651.37,28.58,130.96,48
312960,39120,-39478.29,87.30,72.40,48
312960,39120,-26214.41,31.01,44.56,48
312960,39120,-453649.10,89.25,767.55,48
312960,39120,-20486.58,87.57,40.19,48
312960,39120,-173346.74,29.32,292.06,48
312960,39120,-26909.24,89.77,51.56,48
312960,39120,-152491.15,87.31,261.77,48
312960,39120,-22415.77,29.49,38.43,48
313344,39168,-80493.01,33.21,136.12,48
313344,39168,-248028.22,29.63,416.78,48
313344,39168,-95613.50,30.52,161.10,48
313344,39168,-25495.33,87.45,48.92,48
313344,39168,-25303.82,90.12,48.63,48
313344,39168,-1322.53,89.12,8.60,48
313344,39168,-57237.63,88.76,102.29,48
313344,39168,-2937.95,86.64,10.89,48
313728,39216,-81606.68,30.20,137.66,48
313728,39216,-54339.46,87.40,97.16,48
313728,39216,-104389.76,84.80,180.82,48
313728,39216,3025.86,91.16,1.63,48
313728,39216,-87514.77,26.78,147.31,48
313728,39216,-13608.69,87.34,28.86,48
313728,39216,-59502.46,89.18,106.23,48
313728,39216,-72567.42,91.22,128.15,48
314112,39264,-102215.91,89.72,177.87,48
314112,39264,-81799.73,29.73,137.97,48
314112,39264,-106123.35,28.56,178.40,48
314112,39264,-8795.67,89.20,21.02,48
314112,39264,-1337.56,89.83,8.65,48
314112,39264,-79583.07,30.74,134.46,48
314112,39264,-30.95,31.65,0.78,48
314112,39264,-17809.73,86.81,35.78,48
314496,39312,-184654.32,90.05,316.26,48
314496,39312,-93783.16,88.47,163.63,48
314496,39312,-45368.92,87.62,82.21,48
314496,39312,-82124.92,90.99,144.30,48
314496,39312,1939.09,86.45,2.71,48
314496,39312,-114521.53,26.55,192.70,48
314496,39312,-2593.34,91.35,10.90,48
314496,39312,-37616.14,89.19,69.48,48
314880,39360,-165117.81,86.02,282.92,48
314880,39360,-24063.06,89.04,46.59,48
314880,39360,-30321.05,90.60,57.30,48
314880,39360,-158036.46,88.55,271.53,48
314880,39360,-136954.88,88.61,235.97,48
314880,39360,1959.60,89.48,2.91,48
314880,39360,-596.45,26.98,1.33,48
314880,39360,-76889.57,24.53,129.05,48
315264,39408,-5323.21,88.08,15.05,48
315264,39408,-50046.73,87.87,89.85,48
315264,39408,-69235.85,28.13,116.95,48
315264,39408,-931046974285217.12,31.12,1562500000350.09,48
315264,39408,-62302.32,26.96,105.12,48
315264,39408,-43321.72,87.06,78.83,48
315264,39408,-117717.59,91.32,204.01,48
315264,39408,-79047.97,88.50,138.66,48
315648,39456,-70184.31,88.81,123.98,48
315648,39456,-103200.19,91.11,179.64,48
315648,39456,-46663.21,28.83,79.10,48
315648,39456,-388787.11,91.06,658.79,48
315648,39456,-142702.51,88.48,245.70,48
315648,39456,-44127.08,35.30,75.34,48
315648,39456,-112082.36,88.85,194.24,48
315648,39456,-43866.09,88.99,79.71,48
316032,39504,-163093.28,31.59,274.62,48
316032,39504,-155715.03,30.04,261.78,48
316032,39504,-111703.99,86.95,193.36,48
316032,39504,-23635.89,31.15,40.17,48
316032,39504,-21552.14,90.91,42.49,48
316032,39504,-5723.89,90.94,16.17,48
316032,39504,-240197.05,31.03,403.74,48
316032,39504,-115255.01,86.36,199.34,48
316416,39552,-217856.47,88.76,371.66,48
316416,39552,-28573.13,89.38,54.11,48
316416,39552,-154734.55,88.47,265.51,48
316416,39552,-33082.91,88.52,61.62,48
316416,39552,-115149.89,89.96,199.59,48
316416,39552,3570.82,86.73,0.23,48
316416,39552,-7636.58,27.77,13.34,48
316416,39552,-62097.45,90.53,110.60,48
316800,39600,-121747.23,88.68,210.42,48
316800,39600,-46463.15,89.67,84.24,48
316800,39600,-81450.79,91.63,143.21,48
316800,39600,-65616.28,28.21,110.80,48
316800,39600,-25503.58,90.99,49.16,48
316800,39600,-30181.84,88.19,56.98,48
316800,39600,-9566.94,31.85,16.54,48
316800,39600,1775.88,87.75,3.04,48
317184,39648,-120325.67,89.02,208.02,48
317184,39648,-232158.77,89.94,396.06,48
317184,39648,-3193.09,92.63,12.05,48
317184,39648,-61093.78,32.31,103.32,48
317184,39648,-46288.19,84.99,83.33,48
317184,39648,-162273.77,90.75,278.73,48
317184,39648,-157531.31,31.21,264.72,48
317184,39648,-58278.18,30.57,98.69,48
317568,39696,-7553.09,89.47,19.02,48
317568,39696,-2296582536234206.50,89.55,3854166666971.05,48
317568,39696,-7882.12,30.57,14.02,48
317568,39696,-847.37,28.52,2.15,48
317568,39696,-8013.92,90.10,19.85,48
317568,39696,-15530.77,28.49,26.53,48
317568,39696,-68037.02,89.28,120.55,48
317568,39696,-60780.52,29.57,102.28,48
317952,39744,-11953.37,91.66,26.52,48
317952,39744,2385.87,86.97,1.97,48
317952,39744,3207.91,91.78,1.39,48
317952,39744,-66308.89,87.89,117.22,48
317952,39744,-10405.85,29.31,18.13,48
317952,39744,-2296582536252785.50,29.19,3854166666996.52,48
317952,39744,-54020.45,90.27,96.98,48
317952,39744,-30952.03,30.15,52.54,48
318336,39792,-78573.18,88.42,137.90,48
318336,39792,-22121.87,91.29,43.68,48
318336,39792,-14161.66,87.20,29.71,48
318336,39792,-15901.62,30.51,27.41,48
318336,39792,-607366.97,87.05,1025.35,48
318336,39792,-389.47,25.81,0.93,48
318336,39792,-81008.34,88.65,142.36,48
318336,39792,-198264.34,31.55,333.73,48
318720,39840,-28346.36,91.32,54.08,48
318720,39840,-117697.50,88.84,203.67,48
318720,39840,-78179.95,35.75,132.21,48
318720,39840,-259472.42,30.32,436.39,48
318720,39840,-253601.97,87.89,431.56,48
318720,39840,-69018.89,88.62,122.04,48
318720,39840,-58625.38,90.29,104.78,48
318720,39840,-3537978501741656.50,33.59,5937500000418.94,48
319104,39888,-84282.81,87.92,147.36,48
319104,39888,-931046974233386.25,89.95,1562500000268.67,48
319104,39888,-180913.72,88.26,309.68,48
319104,39888,-4122.32,86.96,13.04,48
319104,39888,-6026.37,90.94,16.71,48
319104,39888,1735.75,89.92,3.50,48
319104,39888,-54495.81,90.53,97.75,48
319104,39888,-158364.48,27.06,266.41,48
319488,39936,-51683.20,89.28,93.04,48
319488,39936,-42492.68,31.06,72.00,48
319488,39936,-23267.84,88.00,45.12,48
319488,39936,-117498.06,90.63,203.58,48
319488,39936,-36931.75,85.82,67.84,48
319488,39936,-2296582536181707.50,87.85,3854166666882.70,48
319488,39936,-12791.43,86.42,27.39,48
319488,39936,-323135.17,90.11,548.51,48
319872,39984,-46199.05,27.86,77.99,48
319872,39984,-50243.13,89.85,90.67,48
319872,39984,-17517.35,91.35,36.00,48
319872,39984,-175055.41,89.46,300.24,48
319872,39984,-53142.25,27.85,89.76,48
319872,39984,-514274.61,87.14,868.82,48
319872,39984,-20139.43,88.61,40.17,48
319872,39984,-6642.76,29.69,11.73,48
320256,40032,-53244.94,87.27,95.31,48
320256,40032,-5915.84,92.17,16.66,48
320256,40032,-79140.03,89.77,139.02,48
320256,40032,-55558.83,32.86,93.96,48
320256,40032,3554.80,86.07,0.00,48
320256,40032,-55678.89,90.94,99.96,48
320256,40032,-558361.28,32.13,937.99,48
320256,40032,-37929.30,26.24,64.45,48
320640,40080,-54932.88,35.86,93.33,48
320640,40080,-20272.10,89.86,40.23,48
320640,40080,-35204.63,87.20,64.88,48
320640,40080,-253176.82,92.53,431.60,48
320640,40080,-194169.23,26.49,326.18,48
320640,40080,-92440.09,25.99,155.38,48
320640,40080,-171522.17,26.63,288.04,48
320640,40080,-129833.94,29.46,218.40,48
321024,40128,-28578.50,89.72,54.38,48
321024,40128,-23875.26,90.85,46.42,48
321024,40128,-16048.78,87.98,33.16,48
321024,40128,-1489675158714158.50,30.88,2500000000321.32,48
321024,40128,-3537978501707703.50,91.12,5937500000367.55,48
321024,40128,-10772.63,89.97,24.50,48
321024,40128,-168384.78,31.89,283.11,48
321024,40128,-207014.01,30.21,347.88,48
321408,40176,-25679.60,26.10,43.35,48
321408,40176,-10523.60,32.01,18.11,48
321408,40176,-23406.00,27.49,39.58,48
321408,40176,-568613.79,28.71,954.84,48
321408,40176,-30218.98,85.99,56.30,48
321408,40176,-102209.11,86.09,177.38,48
321408,40176,-263504.10,90.89,448.51,48
321408,40176,-65343.81,88.09,115.74,48
321792,40224,-65622.06,25.59,110.29,48
321792,40224,-305813.53,87.72,519.47,48
321792,40224,-131215.94,25.00,220.30,48
321792,40224,-6376.08,90.07,17.04,48
321792,40224,-16181.51,91.23,33.77,48
321792,40224,-220995.11,31.30,371.85,48
321792,40224,-146369.91,89.45,251.91,48
321792,40224,-54100.15,91.10,97.35,48
322176,40272,-20326.40,90.54,40.67,48
322176,40272,-801243.42,89.71,1350.80,48
322176,40272,-24715.32,87.80,47.66,48
322176,40272,-137776.85,90.55,237.73,48
322176,40272,-40049.77,87.81,73.25,48
322176,40272,-465389.86,88.58,787.15,48
322176,40272,-44322.57,90.57,80.73,48
322176,40272,-16835.76,88.19,34.37,48
322560,40320,-19848.90,89.88,39.42,48
322560,40320,-3537978501702940.00,31.81,5937500000353.88,48
322560,40320,-82855.70,87.61,144.94,48
322560,40320,-207793.10,30.14,349.15,48
322560,40320,-3537978501685644.50,88.06,5937500000330.14,48
322560,40320,-17502.52,29.32,29.90,48
322560,40320,-105412.64,91.34,183.38,48
322560,40320,-1687.27,86.10,8.65,48
322944,40368,-185107.51,87.49,316.48,48
322944,40368,-130337.60,28.42,219.19,48
322944,40368,2343.27,86.06,1.89,48
322944,40368,-34171.49,86.46,63.29,48
322944,40368,-111079.72,29.62,186.95,48
322944,40368,3374.29,87.66,0.36,48
322944,40368,-29526.72,90.15,55.75,48
322944,40368,-11918.33,86.31,25.77,48
323328,40416,-38149.63,90.53,70.48,48
323328,40416,-41488.50,89.47,75.79,48
323328,40416,3352.73,87.45,0.31,48
323328,40416,-79953.23,32.14,134.67,48
323328,40416,-241823.26,90.37,412.39,48
323328,40416,-20297.79,90.19,40.50,48
323328,40416,-81368.46,92.63,143.33,48
323328,40416,-2464.00,87.23,10.06,48
323712,40464,-7064.58,90.86,18.34,48
323712,40464,-114300.98,88.79,198.24,48
323712,40464,-252916.60,89.46,430.67,48
323712,40464,-162687.29,87.30,279.10,48
323712,40464,1548.51,89.60,3.69,48
323712,40464,-36061.26,88.69,66.90,48
323712,40464,-46342.65,85.75,83.53,48
323712,40464,-44694.03,90.29,81.39,48
324096,40512,-1574.71,90.19,9.05,48
324096,40512,-218505.96,87.98,372.60,48
324096,40512,-40970.04,90.70,75.21,48
324096,40512,-156072.39,88.10,267.82,48
324096,40512,-7587.66,30.35,13.55,48
324096,40512,-80124.55,31.95,135.33,48
324096,40512,-728.83,88.55,7.26,48
324096,40512,-153572.24,90.34,264.18,48
324480,40560,-9776.07,89.26,22.70,48
324480,40560,-14702.57,86.62,30.69,48
324480,40560,-9256.95,29.48,16.02,48
324480,40560,134.51,83.92,5.46,48
324480,40560,-76100.97,29.44,128.11,48
324480,40560,-49301.24,27.91,83.25,48
324480,40560,-22980.58,86.03,44.59,48
324480,40560,-28280.76,89.87,53.93,48
324864,40608,-6927.55,89.58,18.08,48
324864,40608,-5111.32,90.30,15.20,48
324864,40608,-22484.08,87.18,43.71,48
324864,40608,-43706.87,88.86,79.55,48
324864,40608,-64030.36,87.51,113.18,48
324864,40608,-446.03,88.26,6.75,48
324864,40608,-22451.24,85.80,43.22,48
324864,40608,-997.26,31.33,2.24,48
325248,40656,-43962.17,91.56,80.38,48
325248,40656,-132530.63,30.29,222.98,48
325248,40656,-3275.76,89.44,11.74,48
325248,40656,-49410.60,28.90,83.68,48
325248,40656,-61752.50,32.41,104.18,48
325248,40656,-15179.10,90.22,31.88,48
325248,40656,-177457.39,29.11,298.20,48
325248,40656,-22846.36,34.30,39.06,48
325632,40704,-488.64,29.07,1.63,48
325632,40704,-26488.67,31.58,44.98,48
325632,40704,-73723.91,89.44,129.86,48
325632,40704,3196.55,90.09,1.15,48
325632,40704,-50458.56,87.38,90.64,48
325632,40704,-7761.20,85.91,18.96,48
325632,40704,-58906.72,31.57,99.85,48
325632,40704,-42184.12,85.82,76.57,48
326016,40752,-4750.20,31.91,8.91,48
326016,40752,-89520.21,25.48,150.50,48
326016,40752,-22244.56,89.77,43.63,48
326016,40752,-154503.34,30.41,259.66,48
326016,40752,-64785.71,88.51,114.98,48
326016,40752,-77409.19,28.94,130.51,48
326016,40752,-561113.48,89.70,947.80,48
326016,40752,-68529.67,31.77,115.87,48
326400,40800,-372418789828855.69,87.53,625000000338.17,48
326400,40800,-178140.05,90.03,305.04,48
326400,40800,-21067.25,32.83,36.50,48
326400,40800,-86105.12,89.56,150.81,48
326400,40800,-27655.05,85.54,52.34,48
326400,40800,-7448375792794330.00,88.41,12500000000305.54,48
326400,40800,3708.80,87.75,0.00,48
326400,40800,-67519.86,91.26,119.79,48
326784,40848,-28136.10,29.14,47.66,48
326784,40848,-45630.57,87.66,82.64,48
326784,40848,-29289.32,24.88,49.57,48
326784,40848,-44235.87,88.02,80.23,48
326784,40848,-83368.89,92.13,146.56,48
326784,40848,-116561.26,87.61,201.75,48
326784,40848,-931046974246282.25,27.77,1562500000284.60,48
326784,40848,-98191.97,91.89,171.42,48
327168,40896,-1801.00,84.51,8.73,48
327168,40896,-190301.30,30.84,319.92,48
327168,40896,-31812.29,92.02,60.03,48
327168,40896,-142806.30,86.82,245.51,48
327168,40896,731.22,88.05,4.67,48
327168,40896,-120413.91,33.80,203.16,48
327168,40896,-101314.86,86.14,175.87,48
327168,40896,-567512.45,90.30,958.74,48
327552,40944,-310862.68,25.84,522.26,48
327552,40944,-7448375792779240.00,31.02,12500000000275.01,48
327552,40944,1853.63,87.69,3.15,48
327552,40944,-29888.19,90.42,56.49,48
327552,40944,2853.73,88.53,1.43,48
327552,40944,-129195.44,90.27,223.40,48
327552,40944,-42197.34,31.31,71.48,48
327552,40944,-61100.71,87.54,108.72,48
327936,40992,-165974.75,89.32,284.82,48
327936,40992,-9622.93,89.59,22.61,48
327936,40992,-212812.14,88.56,363.14,48
327936,40992,-53272.53,30.84,90.12,48
327936,40992,-865933.93,92.08,1459.87,48
327936,40992,3615.85,90.77,0.43,48
327936,40992,-101971.39,87.10,176.96,48
327936,40992,-4638.86,29.91,8.68,48
328320,41040,-25641.37,88.87,49.18,48
328320,41040,-37535.86,87.49,68.97,48
328320,41040,-49140.53,35.66,83.66,48
328320,41040,-12485.19,87.81,27.17,48
328320,41040,-71259.34,89.94,125.93,48
328320,41040,-29453.84,33.11,50.64,48
328320,41040,-35242.97,32.36,59.78,48
328320,41040,-14649.98,89.04,30.85,48
328704,41088,-270109.29,29.01,453.79,48
328704,41088,-532210.95,92.64,899.90,48
328704,41088,-515363.79,87.51,870.81,48
328704,41088,-92673.86,28.89,156.18,48
328704,41088,-161384.84,90.58,277.37,48
328704,41088,-75018.04,32.64,126.76,48
328704,41088,-99444.55,89.78,173.10,48
328704,41088,-29619.20,31.12,50.22,48
329088,41136,-3576.62,91.55,12.55,48
329088,41136,-63725.31,31.38,107.79,48
329088,41136,-41758.75,89.23,76.16,48
329088,41136,-49055.29,92.46,88.99,48
329088,41136,-55248.86,89.45,98.84,48
329088,41136,-99188.82,89.70,172.60,48
329088,41136,-15045.92,90.29,31.57,48
329088,41136,-372418789895091.50,92.05,625000000450.19,48
329472,41184,-9625.22,87.62,22.06,48
329472,41184,-2001.36,90.37,9.79,48
329472,41184,-45055.44,89.49,81.90,48
329472,41184,-206456.47,90.95,353.00,48
329472,41184,-57987.63,29.21,97.96,48
329472,41184,-350.21,89.12,6.93,48
329472,41184,-62734.90,86.81,111.13,48
329472,41184,-142021.62,87.83,244.29,48
329856,41232,-49684.70,88.84,89.53,48
329856,41232,-175560.88,89.54,301.01,48
329856,41232,-220121.02,90.01,375.65,48
329856,41232,-232424.56,92.42,396.77,48
329856,41232,-77260.91,32.90,130.33,48
329856,41232,-132967.45,92.20,229.69,48
329856,41232,661.39,89.82,5.20,48
329856,41232,-7982.69,30.60,14.37,48
330240,41280,-33563.08,91.09,63.02,48
330240,41280,-114975.12,32.54,193.26,48
330240,41280,-117692.82,28.64,198.10,48
330240,41280,-116301.92,91.51,201.72,48
330240,41280,-17832.87,30.15,30.42,48
330240,41280,-21854.92,91.20,43.36,48
330240,41280,-6823.62,87.30,17.55,48
330240,41280,-70303.18,88.97,124.26,48
330624,41328,-43041.48,87.87,78.24,48
330624,41328,3427.83,88.25,0.52,48
330624,41328,-59752.83,29.32,100.78,48
330624,41328,-27373.36,88.58,51.95,48
330624,41328,-6252.61,88.40,16.82,48
330624,41328,-52537.37,87.55,93.99,48
330624,41328,-91340.31,88.92,159.39,48
330624,41328,3119.69,88.97,0.95,48
331008,41376,-95029.71,87.62,165.47,48
331008,41376,-194779.63,88.43,332.87,48
331008,41376,-74024.71,31.44,124.78,48
331008,41376,-3018.26,88.79,11.31,48
331008,41376,-629.79,88.15,7.09,48
331008,41376,-143835.04,32.96,242.20,48
331008,41376,-31842.33,90.26,59.84,48
331008,41376,1280.89,89.53,4.10,48
331392,41424,-423167.58,90.14,716.54,48
331392,41424,-629343.00,90.80,1062.83,48
331392,41424,-160811.01,91.38,276.32,48
331392,41424,-30865.85,88.68,58.01,48
331392,41424,-5908.61,88.31,16.25,48
331392,41424,-315437.92,86.81,535.13,48
331392,41424,-92181.83,86.21,160.39,48
331392,41424,-62360.85,88.37,110.77,48
331776,41472,-184123.03,26.60,309.34,48
331776,41472,-3334.66,28.87,6.03,48
331776,41472,-25176.19,26.62,42.85,48
331776,41472,-123523.72,32.01,208.27,48
331776,41472,-136499.35,87.54,235.09,48
331776,41472,-44785.25,86.55,81.02,48
331776,41472,-242636.44,34.94,408.04,48
331776,41472,310.57,87.97,5.37,48
332160,41520,-16746.76,26.35,28.72,48
332160,41520,-3537978501676471.50,88.59,5937500000314.97,48
332160,41520,-83476.08,88.49,146.00,48
332160,41520,-64486.66,34.24,109.05,48
332160,41520,-76095.56,88.46,133.81,48
332160,41520,-149776.83,88.19,257.33,48
332160,41520,-110559.93,88.53,191.62,48
332160,41520,-17697.65,88.22,35.76,48
332544,41568,-42448.21,88.94,77.70,48
332544,41568,-9262.02,87.78,21.60,48
332544,41568,-17680.14,88.79,35.98,48
332544,41568,-207737.96,31.90,349.20,48
332544,41568,-3696.36,88.10,12.33,48
332544,41568,-61259.36,27.11,103.42,48
332544,41568,-27106.21,27.00,45.82,48
332544,41568,-108093.99,87.30,187.35,48
332928,41616,-97190.03,87.86,169.09,48
332928,41616,-32901.02,29.39,55.83,48
332928,41616,-76456.65,90.25,134.54,48
332928,41616,-55957.04,86.34,99.73,48
332928,41616,-184708.95,29.55,310.41,48
332928,41616,-28012.82,29.41,47.42,48
332928,41616,-45718.69,89.22,83.07,48
332928,41616,-61031.87,90.52,108.90,48
333312,41664,-74822.05,87.40,131.25,48
333312,41664,-25001.63,88.82,48.15,48
333312,41664,-96482.94,89.99,168.14,48
333312,41664,-67261.94,88.30,119.05,48
333312,41664,-1775.22,34.35,3.50,48
333312,41664,-2296582536245527.50,29.39,3854166666984.42,48
333312,41664,-38229.95,83.00,69.80,48
333312,41664,-491.97,84.60,6.40,48
333696,41712,-559855.90,90.51,946.00,48
333696,41712,-25648.18,86.59,48.85,48
333696,41712,-70669.97,86.45,124.59,48
333696,41712,-13918.56,89.23,29.55,48
333696,41712,-136488.66,88.88,235.27,48
333696,41712,1670.47,88.71,3.29,48
333696,41712,-49054.76,29.80,82.96,48
333696,41712,-125718.18,27.10,211.45,48
334080,41760,-372418789842302.62,89.44,625000000361.13,48
334080,41760,-135541.46,90.13,233.61,48
334080,41760,-2046.57,88.16,9.54,48
334080,41760,-161403.85,89.83,277.20,48
334080,41760,-16271.86,27.01,27.67,48
334080,41760,-24788.35,91.01,48.02,48
334080,41760,-66579.61,27.56,112.47,48
334080,41760,-36487.88,35.57,62.16,48
334464,41808,-14952.60,88.89,31.30,48
334464,41808,-48293.31,90.64,87.43,48
334464,41808,-41363.07,31.08,70.55,48
334464,41808,-71502.81,31.51,120.73,48
334464,41808,-469415.81,90.12,794.22,48
334464,41808,-78571.13,89.68,138.12,48
334464,41808,-88162.92,31.18,148.61,48
334464,41808,-931046974341579.50,87.65,1562500000450.08,48
334848,41856,-17549.82,31.39,30.22,48
334848,41856,-592374.63,27.27,994.63,48
334848,41856,-22269.24,25.80,37.95,48
334848,41856,-59413.74,31.36,100.40,48
334848,41856,-264365.97,91.45,450.11,48
334848,41856,-93022.40,91.83,162.81,48
334848,41856,-68299.07,30.70,115.30,48
334848,41856,-123951.75,92.45,214.70,48
335232,41904,-169976.94,89.84,291.42,48
335232,41904,-1838.38,91.97,9.88,48
335232,41904,-35533.00,33.37,60.10,48
335232,41904,-64008.24,90.29,113.83,48
335232,41904,-122969.90,90.24,212.60,48
335232,41904,3138.80,88.97,0.95,48
335232,41904,-138619.59,87.39,238.73,48
335232,41904,-60413.10,85.73,107.25,48
335616,41952,-48231.87,88.23,86.99,48
335616,41952,-99370.66,87.52,172.70,48
335616,41952,-67485.95,89.03,119.46,48
335616,41952,-57773.42,86.92,102.76,48
335616,41952,-59804.77,88.04,106.30,48
335616,41952,-25797.59,91.44,49.81,48
335616,41952,-687655.32,88.82,1160.19,48
335616,41952,-206558.17,89.44,352.69,48
336000,42000,-130765.79,24.75,219.66,48
336000,42000,-128362.57,28.83,215.89,48
336000,42000,-174358.83,87.84,298.77,48
336000,42000,-63976.30,32.95,107.99,48
336000,42000,342.76,28.57,0.00,48
336000,42000,-575048.85,88.34,971.03,48
336000,42000,-186279.63,29.62,313.13,48
336000,42000,2408.76,88.62,2.21,48
336384,42048,-175010.91,31.50,294.62,48
336384,42048,-7448375792762014.00,88.33,12500000000251.32,48
336384,42048,-11162.73,90.39,25.13,48
336384,42048,-4664.37,85.77,13.59,48
336384,42048,-116928.70,31.84,196.85,48
336384,42048,-368872.01,88.84,625.29,48
336384,42048,-282696.89,32.79,474.70,48
336384,42048,-96246.44,88.05,167.39,48
336768,42096,-86114.85,26.42,144.62,48
336768,42096,-45649.57,25.70,77.16,48
336768,42096,-41190.90,26.63,69.80,48
336768,42096,-14897.35,89.96,31.36,48
336768,42096,-34278.29,30.21,58.06,48
336768,42096,-20932.83,24.86,35.56,48
336768,42096,-24261.07,88.39,46.90,48
336768,42096,-40742.71,31.08,68.99,48
337152,42144,-197243.88,90.64,337.54,48
337152,42144,-54828.40,23.88,92.19,48
337152,42144,-20370.56,91.55,40.69,48
337152,42144,-147235.34,88.02,252.94,48
337152,42144,-931046974275286.00,29.83,1562500000333.08,48
337152,42144,-18949.49,91.33,38.39,48
337152,42144,-75043.86,88.65,132.19,48
337152,42144,-45230.89,85.80,81.58,48
337536,42192,-5097.20,89.35,14.94,48
337536,42192,-22692.04,88.91,44.34,48
337536,42192,-14249.00,84.81,29.51,48
337536,42192,-265458.07,89.13,451.66,48
337536,42192,-49526.28,88.72,89.54,48
337536,42192,-99715.20,91.28,173.91,48
337536,42192,-123238.19,28.41,207.22,48
337536,42192,-115468.86,89.31,200.08,48
337920,42240,-63044.95,89.85,112.14,48
337920,42240,-1489675158714313.00,89.14,2500000000326.79,48
337920,42240,-36840.35,89.87,68.12,48
337920,42240,-12539.08,87.59,27.15,48
337920,42240,-67205.28,87.83,118.93,48
337920,42240,-137832.17,89.96,237.72,48
337920,42240,-73769.00,91.26,130.26,48
337920,42240,-57261.62,87.02,102.03,48
338304,42288,-68332.69,26.84,115.14,48
338304,42288,-226894.75,90.14,387.23,48
338304,42288,-78747.35,34.64,133.05,48
338304,42288,-2296582536238003.50,29.82,3854166666971.95,48
338304,42288,-37823.42,86.51,69.29,48
338304,42288,-99594.68,88.48,173.20,48
338304,42288,-178717.60,29.65,300.60,48
338304,42288,-89991.69,36.47,152.61,48
338688,42336,-76716.33,90.60,135.26,48
338688,42336,3022.10,84.98,0.69,48
338688,42336,-40585.70,90.33,74.41,48
338688,42336,-53568.15,25.57,90.30,48
338688,42336,-46639.64,88.52,84.09,48
338688,42336,-5978.06,90.09,16.54,48
338688,42336,-155105.75,88.06,266.34,48
338688,42336,-54599.18,27.34,91.91,48
339072,42384,-148013.02,89.27,254.62,48
339072,42384,-4106.24,28.14,7.47,48
339072,42384,-111707.36,86.77,193.34,48
339072,42384,-70388.43,34.30,118.92,48
339072,42384,-45028.30,89.61,81.91,48
339072,42384,-49940.41,88.53,90.10,48
339072,42384,-3328.98,87.55,11.51,48
339072,42384,-129902.04,25.58,218.15,48
339456,42432,-48876.22,89.38,88.29,48
339456,42432,-37020.65,27.48,62.41,48
339456,42432,-27286.61,23.47,45.93,48
339456,42432,-87002.83,29.98,146.62,48
339456,42432,3376.11,87.27,0.62,48
339456,42432,-104460.28,91.97,182.06,48
339456,42432,-190998.81,89.44,326.69,48
339456,42432,-402189.18,87.84,680.80,48
339840,42480,-7588.35,88.65,19.00,48
339840,42480,-43144.84,29.54,73.00,48
339840,42480,-29105.91,88.43,55.15,48
339840,42480,-18494.08,30.55,31.78,48
339840,42480,3535.57,88.83,0.26,48
339840,42480,-128783.39,87.90,222.10,48
339840,42480,-40614.66,86.03,73.88,48
339840,42480,-87837.02,32.51,148.08,48
340224,42528,-57335.13,28.77,97.01,48
340224,42528,-22600.22,27.92,38.32,48
340224,42528,-73991.72,30.50,125.04,48
340224,42528,-65259.59,89.31,115.95,48
340224,42528,-181415.61,91.49,310.92,48
340224,42528,-1120.08,91.27,8.54,48
340224,42528,3481.71,87.90,0.31,48
340224,42528,1160.49,87.87,4.14,48
340608,42576,-204560.16,92.75,350.07,48
340608,42576,-35189.41,89.11,65.40,48
340608,42576,-86723.87,87.62,151.39,48
340608,42576,-237986.71,89.98,405.56,48
340608,42576,-5985.46,86.55,15.97,48
340608,42576,-177849.25,89.27,304.76,48
340608,42576,-15549.56,90.30,32.66,48
340608,42576,-587419.88,89.47,991.99,48
340992,42624,-1369.51,28.40,2.59,48
340992,42624,-98345.68,91.00,171.42,48
340992,42624,-9519.45,88.01,22.04,48
340992,42624,-126286.53,89.84,218.23,48
340992,42624,-17198.17,88.29,34.92,48
340992,42624,-39647.50,91.04,72.92,48
340992,42624,3359.24,89.81,0.87,48
340992,42624,-53523.88,88.28,95.75,48
341376,42672,-5220.06,30.37,9.71,48
341376,42672,-52478.97,25.15,88.64,48
341376,42672,-8177.73,24.19,14.23,48
341376,42672,-21896.73,88.37,42.88,48
341376,42672,513.97,86.94,5.20,48
341376,42672,-9104.27,25.61,15.52,48
341376,42672,1891.27,86.92,2.91,48
341376,42672,-19942.88,29.70,33.87,48
341760,42720,-278013.10,89.73,473.01,48
341760,42720,3666.17,86.93,0.00,48
341760,42720,-116153.28,33.32,195.99,48
341760,42720,-9378.89,91.34,22.31,48
341760,42720,-110.25,86.60,6.03,48
341760,42720,-233180.02,92.83,398.00,48
341760,42720,-65296.92,88.47,115.61,48
341760,42720,-13042.82,31.60,23.05,48
342144,42768,-112912.77,87.64,195.48,48
342144,42768,-110280.45,88.78,191.41,48
342144,42768,-27217.16,34.24,46.13,48
342144,42768,-16619.13,34.42,28.97,48
342144,42768,-9656.21,90.52,22.55,48
342144,42768,-3537978501666210.00,88.33,5937500000297.71,48
342144,42768,-8740.24,88.74,20.87,48
342144,42768,-62636.01,87.92,111.06,48
342528,42816,-29594.34,86.57,55.69,48
342528,42816,-60655.30,26.84,102.26,48
342528,42816,-1489675158720556.75,90.13,2500000000337.57,48
342528,42816,3473.50,86.49,0.19,48
342528,42816,-114856.26,89.60,199.04,48
342528,42816,-42968.56,88.63,78.12,48
342528,42816,-148492.91,87.12,255.27,48
342528,42816,-458387.14,36.26,770.26,48
342912,42864,-31669.77,27.27,53.66,48
342912,42864,-29307.62,26.05,49.90,48
342912,42864,-44688.46,21.22,75.20,48
342912,42864,-98366.03,87.43,171.07,48
342912,42864,-65801.72,25.23,110.78,48
342912,42864,-149087.18,92.72,256.95,48
342912,42864,-232606.57,88.32,396.43,48
342912,42864,-1156.93,82.25,7.57,48
343296,42912,-2732.23,86.56,10.46,48
343296,42912,-25824.58,88.70,49.40,48
343296,42912,-931046974285851.75,89.25,1562500000356.78,48
343296,42912,-72166.58,85.93,126.82,48
343296,42912,-127555.12,90.85,220.61,48
343296,42912,-59075.31,89.19,105.59,48
343296,42912,1891.66,87.54,2.78,48
343296,42912,-10398.48,28.20,18.13,48
343680,42960,-36767.95,87.54,67.60,48
343680,42960,-37883.83,29.57,64.14,48
343680,42960,-638952.57,30.63,1073.01,48
343680,42960,3870.50,90.71,0.01,48
343680,42960,-10487.37,90.67,23.95,48
343680,42960,-199915.05,88.76,341.52,48
343680,42960,-624602.70,89.91,1054.55,48
343680,42960,-70525.35,87.96,124.23,48
344064,43008,3682.86,88.26,0.00,48
344064,43008,605.20,31.20,0.00,48
344064,43008,-203906.31,87.25,348.15,48
344064,43008,-68024.45,32.08,114.83,48
344064,43008,-97754.85,90.01,170.49,48
344064,43008,-2356.92,87.97,10.07,48
344064,43008,-156228.74,31.61,262.84,48
344064,43008,-47439.91,89.50,85.83,48
344448,43056,1706.55,89.33,3.67,48
344448,43056,-106602.28,31.87,179.65,48
344448,43056,-12811.42,28.10,22.13,48
344448,43056,2040.18,88.12,2.51,48
344448,43056,-181580.90,32.09,305.39,48
344448,43056,-59728.06,31.08,100.78,48
344448,43056,-138495.28,32.35,232.95,48
344448,43056,-7116.32,88.21,18.11,48
344832,43104,-137447.28,32.39,231.43,48
344832,43104,-484.99,88.35,6.87,48
344832,43104,-155886.14,91.47,268.03,48
344832,43104,-183193.29,33.68,308.21,48
344832,43104,-81547.38,89.32,143.18,48
344832,43104,-102818.99,27.63,172.77,48
344832,43104,-16097.70,89.37,33.45,48
344832,43104,2941.01,91.20,1.74,48
345216,43152,-38977.90,89.08,71.74,48
345216,43152,-155727.45,89.22,267.49,48
345216,43152,-10312.23,30.70,17.85,48
345216,43152,-42384.61,86.70,76.90,48
345216,43152,-3538.96,28.51,6.70,48
345216,43152,-48584.96,90.13,88.02,48
345216,43152,-59279.26,86.68,105.39,48
345216,43152,-186388.34,28.05,313.58,48
345600,43200,-31478.36,88.94,58.91,48
345600,43200,-145436.58,29.01,244.69,48
345600,43200,3911.24,90.85,0.00,48
345600,43200,-12661.43,86.45,27.09,48
345600,43200,-9262.63,89.84,21.93,48
345600,43200,-16472.79,85.25,33.34,48
345600,43200,-74204.61,28.45,125.01,48
345600,43200,-11938.90,88.60,26.25,48
345984,43248,-497292.94,29.94,835.18,48
345984,43248,-49100.98,24.73,82.82,48
345984,43248,-7275.76,86.77,18.19,48
345984,43248,-143482.28,90.22,247.26,48
345984,43248,-931046974373140.88,89.31,1562500000503.29,48
345984,43248,-160417.19,87.37,275.34,48
345984,43248,3571.05,87.74,0.00,48
345984,43248,-149729.06,90.29,257.60,48
346368,43296,-41206.75,87.87,75.03,48
346368,43296,-14940.51,27.75,25.72,48
346368,43296,-134940.55,89.02,232.51,48
346368,43296,1154.58,87.84,4.09,48
346368,43296,-27217.69,86.55,51.62,48
346368,43296,-316680.95,88.65,537.65,48
346368,43296,-51913.70,90.05,93.52,48
346368,43296,-55781.41,28.54,94.02,48
346752,43344,-62906.74,91.58,112.27,48
346752,43344,-144982.67,88.63,249.40,48
346752,43344,-58107.21,90.88,103.91,48
346752,43344,-19338.12,31.10,33.22,48
346752,43344,-173900.02,91.13,298.35,48
346752,43344,-5751.10,88.71,15.85,48
346752,43344,-15778.23,89.23,32.65,48
346752,43344,-44815.11,88.70,81.42,48
347136,43392,-88996.46,28.46,149.94,48
347136,43392,3554.05,88.73,0.28,48
347136,43392,-58918.96,91.07,105.36,48
347136,43392,-123324.87,32.49,207.81,48
347136,43392,-103109.86,90.32,179.32,48
347136,43392,-40310.21,31.19,68.47,48
347136,43392,-17684.60,88.47,35.76,48
347136,43392,-96793.60,89.34,168.61,48
347520,43440,-59720.73,28.65,100.54,48
347520,43440,-19074.63,33.09,32.79,48
347520,43440,-56968.65,28.45,96.53,48
347520,43440,-595362.88,91.42,1005.80,48
347520,43440,-2345.63,88.81,10.04,48
347520,43440,3766.30,89.22,0.01,48
347520,43440,-110481.73,32.59,186.36,48
347520,43440,-169467.36,89.94,290.77,48
347904,43488,-1226.52,89.49,8.34,48
347904,43488,-109328.75,87.00,189.51,48
347904,43488,-200304.81,29.92,336.45,48
347904,43488,-260863.85,33.92,438.59,48
347904,43488,-52953.99,89.56,95.08,48
347904,43488,-71277.63,28.81,120.24,48
347904,43488,-222013.22,89.21,378.75,48
347904,43488,-193020.43,88.36,330.06,48
348288,43536,-237163.95,88.80,404.10,48
348288,43536,-207369.75,86.18,354.05,48
348288,43536,-171776.37,87.83,294.30,48
348288,43536,-15952.15,33.72,27.65,48
348288,43536,-115587.53,87.57,200.04,48
348288,43536,-164743.66,27.57,277.04,48
348288,43536,-19975.92,88.33,39.69,48
348288,43536,-172.58,29.25,0.82,48
348672,43584,-52152.23,86.41,93.38,48
348672,43584,-24263.08,29.14,41.57,48
348672,43584,2673.49,89.58,1.70,48
348672,43584,-83313.77,89.03,145.83,48
348672,43584,-38616.90,33.66,65.89,48
348672,43584,-141461.51,90.13,243.73,48
348672,43584,-89573.27,89.24,156.39,48
348672,43584,-409922.37,84.02,693.59,48
349056,43632,-27307.87,88.39,51.93,48
349056,43632,2790.64,88.60,1.55,48
349056,43632,-16667.37,91.30,34.63,48
349056,43632,-924.40,85.57,7.40,48
349056,43632,-429057.92,32.74,721.16,48
349056,43632,-110040.16,33.58,185.86,48
349056,43632,-8274.22,86.63,19.93,48
349056,43632,-292509.90,87.57,496.90,48
349440,43680,-8367.83,90.06,20.48,48
349440,43680,-69984.54,90.39,123.61,48
349440,43680,-30007.75,29.99,51.70,48
349440,43680,-36335.38,24.16,61.28,48
349440,43680,-7325.33,88.28,18.55,48
349440,43680,-59757.66,35.44,101.50,48
349440,43680,-51119.06,89.38,91.96,48
349440,43680,-32096.57,87.40,59.85,48
349824,43728,-96748.78,32.11,162.83,48
349824,43728,-90372.03,91.16,158.03,48
349824,43728,-52232.24,88.83,94.02,48
349824,43728,-168040.08,91.80,288.61,48
349824,43728,-24603.03,88.88,47.39,48
349824,43728,-159732.00,30.73,268.27,48
349824,43728,-12707.86,88.40,27.37,48
349824,43728,-157477.52,27.74,264.78,48
350208,43776,-70165.59,89.22,124.15,48
350208,43776,-35760.17,88.00,66.24,48
350208,43776,-94295.81,87.21,164.12,48
350208,43776,-178052.81,89.00,305.00,48
350208,43776,-3017.37,87.63,11.17,48
350208,43776,-123473.75,35.25,207.91,48
350208,43776,-128565.40,89.90,222.12,48
350208,43776,-173758.25,33.97,292.58,48
350592,43824,-5389.26,30.35,9.79,48
350592,43824,-43540.75,30.14,73.90,48
350592,43824,-23094.53,86.23,44.36,48
350592,43824,-83881.70,89.72,146.95,48
350592,43824,-646821.76,27.91,1086.03,48
350592,43824,-23409.76,31.34,39.76,48
350592,43824,-12879.24,89.76,28.04,48
350592,43824,-5984.27,25.55,10.55,48
350976,43872,-132.61,28.52,0.83,48
350976,43872,-98276.67,89.86,171.13,48
350976,43872,-68348.01,87.64,120.86,48
350976,43872,-3598.41,86.37,11.97,48
350976,43872,-11582.26,31.63,20.41,48
350976,43872,-12149.39,90.20,26.70,48
350976,43872,-1390.66,89.99,8.54,48
350976,43872,-38170.91,31.29,64.78,48
351360,43920,-14089.29,87.61,29.67,48
351360,43920,-17537.69,90.44,35.87,48
351360,43920,-153092.69,89.93,263.26,48
351360,43920,-33719.83,85.81,62.40,48
351360,43920,-13345.70,34.08,23.10,48
351360,43920,-45758.91,29.96,77.52,48
351360,43920,-144440.22,90.41,248.80,48
351360,43920,-36283.79,29.76,61.34,48
351744,43968,-107976.06,27.98,181.69,48
351744,43968,-6777.01,90.45,17.74,48
351744,43968,-19799.91,28.22,33.89,48
351744,43968,-17105.91,27.50,29.34,48
351744,43968,-136514.88,88.30,235.19,48
351744,43968,-89172.04,29.06,150.49,48
351744,43968,-144664.94,25.49,242.85,48
351744,43968,-73493.54,88.57,129.49,48
352128,44016,-48353.93,28.24,81.57,48
352128,44016,-67122.13,87.03,118.58,48
352128,44016,-145894.81,89.44,251.20,48
352128,44016,-67835.62,90.11,120.07,48
352128,44016,-194112.09,32.80,326.37,48
352128,44016,-32225.71,88.00,59.99,48
352128,44016,-28944.51,32.76,49.53,48
352128,44016,3219.93,88.21,0.72,48
352512,44064,-12875.34,88.39,27.49,48
352512,44064,-931046974255672.50,87.16,1562500000305.84,48
352512,44064,-129533.41,89.15,223.67,48
352512,44064,-200098.05,29.06,336.28,48
352512,44064,-7275.50,29.82,12.95,48
352512,44064,-115382.88,88.18,199.83,48
352512,44064,-12148.52,32.90,21.09,48
352512,44064,-20641.24,34.92,35.62,48
352896,44112,-6446.71,29.96,11.68,48
352896,44112,-74856.72,89.92,131.87,48
352896,44112,-164354.50,88.33,282.09,48
352896,44112,-40615.35,89.57,74.43,48
352896,44112,-1264.35,89.32,8.45,48
352896,44112,3781.39,89.57,0.10,48
352896,44112,-5606.18,88.84,15.68,48
352896,44112,-69254.65,89.60,122.63,48
353280,44160,-91042.45,88.59,158.96,48
353280,44160,-56904.91,89.21,101.56,48
353280,44160,-52895.57,87.79,94.76,48
353280,44160,-73416.44,32.25,124.18,48
353280,44160,-41605.88,90.08,76.19,48
353280,44160,-11756.22,88.90,25.95,48
353280,44160,-48084.99,89.20,86.88,48
353280,44160,-49855.61,84.03,89.19,48
353664,44208,-60924.09,31.11,102.88,48
353664,44208,-89471.17,88.11,156.16,48
353664,44208,-493548.94,33.24,828.77,48
353664,44208,-15025.30,89.66,31.55,48
353664,44208,-139245.66,87.55,239.77,48
353664,44208,-129.87,33.93,1.39,48
353664,44208,-70624.28,88.08,124.45,48
353664,44208,-32672.35,90.29,61.15,48
354048,44256,-139118.49,88.96,239.63,48
354048,44256,-41802.65,32.06,71.06,48
354048,44256,-162404.69,31.32,273.04,48
354048,44256,223.68,29.19,0.28,48
354048,44256,-123441.91,30.54,208.00,48
354048,44256,-108237.00,30.99,182.66,48
354048,44256,-50350.15,90.36,90.82,48
354048,44256,-1240.12,29.09,2.57,48
354432,44304,-41357.17,90.39,75.67,48
354432,44304,-55177.47,87.53,98.51,48
354432,44304,-372418789834047.88,89.49,625000000347.49,48
354432,44304,-7332.56,89.98,18.64,48
354432,44304,-2660.07,89.38,10.77,48
354432,44304,-12284.29,89.90,27.08,48
354432,44304,-101519.32,89.90,176.73,48
354432,44304,-211986.26,89.87,361.91,48
354816,44352,-16065.50,89.26,33.33,48
354816,44352,1661.34,88.91,3.77,48
354816,44352,-173042.35,30.55,291.23,48
354816,44352,-3342.45,27.81,6.47,48
354816,44352,-1243.19,91.77,8.88,48
354816,44352,-65628.30,28.17,110.72,48
354816,44352,-23861.09,33.49,41.03,48
354816,44352,2377.58,86.48,2.11,48
355200,44400,-69339.43,87.48,122.16,48
355200,44400,-1922.63,87.24,9.17,48
355200,44400,-27553.50,86.10,52.15,48
355200,44400,-99195.36,88.40,172.65,48
355200,44400,-20744.84,87.52,40.93,48
355200,44400,3805.08,89.42,0.00,48
355200,44400,-74068.89,28.81,124.61,48
355200,44400,-36765.50,88.93,68.05,48
355584,44448,-144676.69,87.85,248.66,48
355584,44448,-148209.55,32.85,249.48,48
355584,44448,-93376.38,31.70,157.25,48
355584,44448,-26136.48,92.82,50.68,48
355584,44448,-158391.46,88.25,271.83,48
355584,44448,-279851.33,88.08,475.70,48
355584,44448,-10918.62,89.21,24.63,48
355584,44448,-40403.69,88.78,74.22,48
355968,44496,-154629.60,89.28,265.76,48
355968,44496,-36587.59,86.30,67.38,48
355968,44496,-72653.56,90.70,128.50,48
355968,44496,-265341.66,90.03,451.46,48
355968,44496,-114075.42,93.33,198.23,48
355968,44496,-5719.26,30.68,10.68,48
355968,44496,-85157.04,91.42,149.40,48
355968,44496,-142222.43,92.17,245.40,48
356352,44544,-70678.41,87.07,124.52,48
356352,44544,-112027.95,31.35,189.07,48
356352,44544,-38341.40,87.20,70.34,48
356352,44544,-75576.45,90.62,133.34,48
356352,44544,-111405.00,26.73,187.58,48
356352,44544,-26248.76,29.44,44.62,48
356352,44544,-58614.46,89.02,104.40,48
356352,44544,-90001.60,88.77,157.16,48
356736,44592,-43003.92,28.67,72.55,48
356736,44592,-36848.26,88.45,67.96,48
356736,44592,-5796.40,85.89,15.56,48
356736,44592,-11371.56,88.62,25.32,48
356736,44592,-1145.33,91.15,8.33,48
356736,44592,-189523.22,34.20,319.31,48
356736,44592,-540618.05,89.01,913.38,48
356736,44592,-55309.28,91.33,99.38,48
357120,44640,-149301.93,88.55,256.77,48
357120,44640,-134103.00,29.78,225.62,48
357120,44640,-5408.03,29.72,9.45,48
357120,44640,-4092.51,86.34,12.78,48
357120,44640,-45068.33,89.11,81.77,48
357120,44640,-17101.13,85.79,34.65,48
357120,44640,-6723.12,88.45,17.34,48
357120,44640,-100781.92,26.42,169.62,48
357504,44688,-68927.52,29.64,116.00,48
357504,44688,-68646.98,87.81,121.40,48
357504,44688,-36411.47,92.52,67.97,48
357504,44688,-8749.07,30.13,15.13,48
357504,44688,-25634.45,89.37,49.10,48
357504,44688,-1489675158656615.00,88.46,2500000000229.90,48
357504,44688,-141825.93,29.39,238.70,48
357504,44688,-66222.28,89.61,117.39,48
357888,44736,-136008.28,90.39,234.66,48
357888,44736,-183111.78,92.21,313.95,48
357888,44736,-14064.17,33.25,24.41,48
357888,44736,-19675.74,90.83,39.46,48
357888,44736,-4971.05,87.26,14.32,48
357888,44736,-132209.13,87.71,227.84,48
357888,44736,-35433.74,30.33,60.31,48
357888,44736,-57752.08,86.98,102.83,48
358272,44784,-52519.52,88.28,94.24,48
358272,44784,-4628.88,88.59,13.84,48
358272,44784,-13083.37,89.67,28.15,48
358272,44784,-7448375792808881.00,89.54,12500000000330.29,48
358272,44784,-18542.83,87.27,37.16,48
358272,44784,-1606.04,91.48,9.21,48
358272,44784,-27317.76,88.23,52.08,48
358272,44784,-166242.22,88.29,285.11,48
358656,44832,-84105.08,89.99,147.60,48
358656,44832,-36417.02,85.92,66.90,48
358656,44832,-71169.25,27.06,120.15,48
358656,44832,2982.91,84.68,0.60,48
358656,44832,-675983.98,91.01,1140.93,48
358656,44832,-35068.86,32.48,59.69,48
358656,44832,-98690.82,88.50,171.62,48
358656,44832,-177128.98,88.24,303.54,48
359040,44880,-142350.76,29.95,239.79,48
359040,44880,-101530.21,88.15,176.56,48
359040,44880,-138496.18,23.67,232.38,48
359040,44880,-25430.02,27.35,42.86,48
359040,44880,-157392.02,89.20,270.33,48
359040,44880,-5505.08,27.98,10.08,48
359040,44880,-193265.84,89.83,330.75,48
359040,44880,-46529.66,91.43,84.67,48
359424,44928,-168859.61,29.98,283.94,48
359424,44928,-259523.53,90.05,441.90,48
359424,44928,-38327.57,31.58,65.15,48
359424,44928,-86478.87,30.38,145.80,48
359424,44928,-9374.61,88.07,21.85,48
359424,44928,-56262.46,29.34,95.41,48
359424,44928,-9702.42,87.89,22.50,48
359424,44928,-7110.20,33.13,12.77,48
359808,44976,-427394.85,31.87,718.02,48
359808,44976,-190219.54,88.90,325.54,48
359808,44976,-42553.84,90.45,77.85,48
359808,44976,-18107.76,31.72,31.07,48
359808,44976,-98908.32,91.48,172.53,48
359808,44976,-87010.09,29.88,146.34,48
359808,44976,-74858.66,89.74,131.85,48
359808,44976,-115098.82,90.20,199.45,48
360192,45024,-8024.08,90.26,19.86,48
360192,45024,-19487.28,30.14,33.76,48
360192,45024,-13889.06,86.18,29.09,48
360192,45024,-10918.01,92.35,25.23,48
360192,45024,-2058.38,88.12,9.68,48
360192,45024,1.30,90.12,6.56,48
360192,45024,-33996.95,88.40,63.15,48
360192,45024,-21539.85,89.53,42.33,48
360576,45072,-9350.64,86.90,21.62,48
360576,45072,373.82,91.50,5.93,48
360576,45072,-402947.32,91.68,682.86,48
360576,45072,-21954.75,91.05,43.44,48
360576,45072,-140046.61,30.68,235.69,48
360576,45072,-7419.16,87.60,18.34,48
360576,45072,-55605.80,86.54,99.31,48
360576,45072,-32435.25,90.52,60.92,48
360960,45120,3911.59,90.62,0.00,48
360960,45120,-94345.60,31.22,159.21,48
360960,45120,-138236.42,91.19,238.44,48
360960,45120,-200076.98,89.61,342.08,48
360960,45120,-74428.23,27.84,125.38,48
360960,45120,-57336.94,88.92,102.58,48
360960,45120,-57577.95,86.79,102.55,48
360960,45120,-24499.15,89.88,47.34,48
361344,45168,-183811.85,88.53,314.66,48
361344,45168,-20001.11,30.10,34.19,48
361344,45168,-47433.18,89.59,85.84,48
361344,45168,-187405.14,88.08,320.43,48
361344,45168,-109680.08,89.57,190.30,48
361344,45168,-72155.30,32.91,121.90,48
361344,45168,-336909.74,87.53,571.55,48
361344,45168,-1942.69,88.13,9.37,48
361728,45216,-174816.24,89.82,299.55,48
361728,45216,-33399.64,24.84,56.54,48
361728,45216,-335805.72,90.37,569.62,48
361728,45216,-38515.31,91.40,71.19,48
361728,45216,-300188.47,87.74,509.81,48
361728,45216,-125125.89,32.54,210.71,48
361728,45216,-28455.36,87.33,53.72,48
361728,45216,-39646.93,90.55,72.97,48
362112,45264,-58366.76,86.82,103.91,48
362112,45264,-40234.63,91.80,74.00,48
362112,45264,-2524.14,30.08,4.94,48
362112,45264,-61276.83,28.69,103.29,48
362112,45264,-122716.38,89.36,212.20,48
362112,45264,-36541.44,32.05,62.11,48
362112,45264,2171.13,88.73,2.48,48
362112,45264,-80874.29,90.05,142.07,48
362496,45312,-31049.19,87.86,58.19,48
362496,45312,-4251.12,87.20,13.17,48
362496,45312,-532554.45,89.72,899.94,48
362496,45312,-179851.50,88.08,307.86,48
362496,45312,-69835.45,28.11,117.78,48
362496,45312,-21903.36,89.86,43.01,48
362496,45312,-27170.22,30.69,46.58,48
362496,45312,-48554.19,90.43,87.82,48
362880,45360,-543110.29,86.06,917.35,48
362880,45360,-52604.97,87.52,94.41,48
362880,45360,-41530.61,32.60,70.80,48
362880,45360,-9469.40,29.24,16.30,48
362880,45360,-56931.96,29.58,95.58,48
362880,45360,-112800.66,28.99,189.79,48
362880,45360,-176758.97,89.43,302.81,48
362880,45360,-81191.48,88.89,142.33,48
363264,45408,-4277.89,88.04,13.17,48
363264,45408,-571136.17,89.60,964.88,48
363264,45408,-156871.65,89.14,269.59,48
363264,45408,-9910.14,87.86,22.55,48
363264,45408,-3537978501793683.00,30.15,5937500000505.90,48
363264,45408,-179871.88,91.72,308.28,48
363264,45408,-931046974226387.75,87.16,1562500000256.69,48
363264,45408,-140205.36,30.45,235.98,48
363648,45456,-99347.63,89.71,172.94,48
363648,45456,-64464.59,89.74,114.67,48
363648,45456,-558316.12,87.55,942.99,48
363648,45456,-372418789757465.00,26.97,625000000213.05,48
363648,45456,-440248.72,29.11,739.02,48
363648,45456,-19730.01,91.60,39.67,48
363648,45456,-91814.46,33.07,155.01,48
363648,45456,-28665.91,88.53,54.31,48
364032,45504,-54733.63,32.72,92.45,48
364032,45504,-416658.75,88.80,705.39,48
364032,45504,-85889.94,32.23,145.21,48
364032,45504,-31637.47,35.74,53.80,48
364032,45504,-43765.16,28.81,74.07,48
364032,45504,-36154.90,88.92,66.83,48
364032,45504,-7669.38,88.16,19.15,48
364032,45504,-64426.97,88.93,114.14,48
364416,45552,-72761.35,26.47,122.41,48
364416,45552,-86138.86,30.58,145.16,48
364416,45552,-113645.89,28.08,191.32,48
364416,45552,-120434.67,88.46,208.15,48
364416,45552,-6279.28,28.79,10.95,48
364416,45552,-746423.54,90.83,1259.06,48
364416,45552,-146616.72,31.02,246.34,48
364416,45552,-16515.43,85.53,33.52,48
364800,45600,-48704.38,86.10,87.50,48
364800,45600,-17829.92,87.26,35.61,48
364800,45600,-22363.22,32.25,38.48,48
364800,45600,-156633.23,34.37,263.72,48
364800,45600,-174093.94,89.90,298.41,48
364800,45600,-29960.32,89.10,56.49,48
364800,45600,0.19,89.66,6.40,48
364800,45600,-7995.30,89.46,19.66,48
365184,45648,-3618.15,25.08,6.49,48
365184,45648,-47573.66,23.02,80.19,48
365184,45648,-91351.19,28.47,153.79,48
365184,45648,-97211.24,91.26,169.61,48
365184,45648,-13156.75,30.62,22.77,48
365184,45648,-117541.47,27.75,197.56,48
365184,45648,-15097.70,87.21,31.48,48
365184,45648,-442462.43,89.77,748.91,48
365568,45696,-3598.05,25.93,6.69,48
365568,45696,-18444.65,90.51,37.39,48
365568,45696,-47766.72,86.26,86.25,48
365568,45696,-195451.59,32.28,328.69,48
365568,45696,-4373.02,88.01,13.57,48
365568,45696,-47567.14,27.69,80.42,48
365568,45696,-61335.18,32.47,103.84,48
365568,45696,-153515.37,32.62,258.60,48
365952,45744,-69499.19,87.33,122.62,48
365952,45744,-129856.09,32.34,218.55,48
365952,45744,-36342.56,85.05,66.71,48
365952,45744,-40931.91,28.31,69.24,48
365952,45744,-6117.10,87.91,16.52,48
365952,45744,-664365.27,90.75,1121.30,48
365952,45744,-6778.62,90.45,17.84,48
365952,45744,-20536.51,89.91,40.87,48
366336,45792,-172734.60,29.71,290.36,48
366336,45792,-22541.40,89.13,43.98,48
366336,45792,-1489675158902842.75,89.78,2500000000643.48,48
366336,45792,-1489675158691715.75,87.90,2500000000288.77,48
366336,45792,-7448375792806993.00,88.75,12500000000327.01,48
366336,45792,-100935.59,34.02,170.46,48
366336,45792,-3939.81,24.66,6.83,48
366336,45792,-38424.34,26.04,64.89,48
366720,45840,-199072.45,34.27,334.71,48
366720,45840,-72688.95,32.23,122.91,48
366720,45840,-8806.33,85.35,20.73,48
366720,45840,-89629.78,88.88,156.70,48
366720,45840,-135878.42,87.47,233.77,48
366720,45840,-46767.00,29.17,78.85,48
366720,45840,-192159.48,89.62,328.69,48
366720,45840,-24313.92,29.10,41.58,48
367104,45888,-159977.99,27.48,268.75,48
367104,45888,-9702.23,88.28,22.42,48
367104,45888,-116454.44,91.23,202.10,48
367104,45888,-55104.12,29.89,93.13,48
367104,45888,-40225.04,29.56,68.09,48
367104,45888,-22004.11,90.87,43.28,48
367104,45888,-16860.47,26.16,28.72,48
367104,45888,-36926.03,89.65,68.32,48
367488,45936,-64396.47,26.26,108.54,48
367488,45936,-38138.09,31.12,64.58,48
367488,45936,-51021.69,90.37,91.85,48
367488,45936,-61990.63,86.72,109.87,48
367488,45936,-81275.86,32.17,137.29,48
367488,45936,-39288.42,86.67,72.01,48
367488,45936,-100167.36,31.04,168.87,48
367488,45936,-36202.10,32.86,61.90,48
367872,45984,-612523.40,89.33,1034.08,48
367872,45984,-141787.40,32.89,238.46,48
367872,45984,-402802.35,86.56,681.96,48
367872,45984,-375.78,89.57,6.89,48
367872,45984,-188830.38,31.11,317.65,48
367872,45984,-136741.67,26.25,230.02,48
367872,45984,-55886.99,30.99,94.39,48
367872,45984,-11459.12,90.77,25.71,48
368256,46032,-192446.44,30.83,323.59,48
368256,46032,2464.88,89.52,2.18,48
368256,46032,-14595.36,86.62,30.18,48
368256,46032,-15817.55,90.20,32.93,48
368256,46032,3579.35,87.84,0.00,48
368256,46032,-84323.91,88.20,147.54,48
368256,46032,-11522.21,28.10,19.96,48
368256,46032,-38659.74,89.20,71.15,48
368640,46080,-13127.74,86.88,27.93,48
368640,46080,-77338.10,23.25,130.20,48
368640,46080,-77406.33,90.08,136.43,48
368640,46080,-23734.41,30.16,40.48,48
368640,46080,-5144.62,26.29,9.18,48
368640,46080,551.04,88.44,5.21,48
368640,46080,-60912.73,91.10,108.83,48
368640,46080,2620.02,87.61,1.62,48
369024,46128,-560856.22,85.99,946.78,48
369024,46128,-66364.99,89.70,117.60,48
369024,46128,2840.38,87.83,1.23,48
369024,46128,-108564.31,89.27,188.29,48
369024,46128,1294.90,86.90,3.76,48
369024,46128,95.55,90.70,6.54,48
369024,46128,-55427.34,89.18,99.29,48
369024,46128,-71927.55,28.67,121.24,48
369408,46176,-89356.76,88.13,155.99,48
369408,46176,-16424.87,89.86,33.96,48
369408,46176,-215046.17,92.29,367.59,48
369408,46176,-147582.15,86.84,253.61,48
369408,46176,-123696.71,26.32,208.11,48
369408,46176,-42171.29,86.70,76.70,48
369408,46176,-568.70,87.36,6.99,48
369408,46176,-1249.91,87.05,8.10,48
369792,46224,-92691.93,30.17,156.58,48
369792,46224,-48882.90,87.45,88.10,48
369792,46224,3687.08,88.40,0.00,48
369792,46224,-2375.72,31.41,4.85,48
369792,46224,-562525.39,34.33,945.32,48
369792,46224,-52388.72,86.08,93.70,48
369792,46224,-68262.36,90.67,121.02,48
369792,46224,-3599.59,88.95,12.34,48
370176,46272,-164345.90,85.58,281.81,48
370176,46272,-21659.14,90.26,42.79,48
370176,46272,-3537978501669404.00,87.12,5937500000302.66,48
370176,46272,-30453.20,32.17,51.80,48
370176,46272,-121829.14,87.07,210.39,48
370176,46272,-131821.51,34.32,221.91,48
370176,46272,-82920.53,91.16,145.74,48
370176,46272,-223650.16,87.23,381.31,48
370560,46320,-44529.44,33.33,75.60,48
370560,46320,-59515.01,89.57,106.09,48
370560,46320,-2061.09,26.58,3.77,48
370560,46320,-156744.00,32.60,263.97,48
370560,46320,-138692.29,88.79,238.94,48
370560,46320,-25810.13,34.93,44.49,48
370560,46320,581.27,31.27,0.02,48
370560,46320,-160046.22,90.28,275.06,48
370944,46368,-9478.68,87.87,22.10,48
370944,46368,-8691.70,89.07,20.76,48
370944,46368,-128596.81,89.32,222.07,48
370944,46368,-126412.20,89.56,218.38,48
370944,46368,-30496.29,28.27,51.44,48
370944,46368,-147457.94,31.20,248.34,48
370944,46368,-9672.90,28.10,16.69,48
370944,46368,-122847.22,91.48,212.60,48
371328,46416,-55333.70,89.82,99.24,48
371328,46416,-111412.40,91.49,193.48,48
371328,46416,-205945.56,29.68,346.29,48
371328,46416,-26831.09,88.54,51.24,48
371328,46416,-185987.49,91.17,318.58,48
371328,46416,-79931.93,87.85,139.96,48
371328,46416,-12045.97,88.39,26.34,48
371328,46416,-160295.02,28.27,269.55,48
371712,46464,-67961.23,33.08,115.05,48
371712,46464,-10961.77,84.98,24.02,48
371712,46464,-41798.48,85.87,76.05,48
371712,46464,1244.92,89.94,4.28,48
371712,46464,-8710.41,90.84,21.13,48
371712,46464,-421170.60,91.10,713.10,48
371712,46464,540.33,85.75,4.87,48
371712,46464,-15808.33,89.88,32.86,48
372096,46512,-101106.30,32.33,170.75,48
372096,46512,-17642.03,91.41,36.20,48
372096,46512,-116684.30,87.32,201.81,48
372096,46512,-12270.34,30.81,21.43,48
372096,46512,-16562.90,86.99,33.93,48
372096,46512,-101245.81,27.56,170.58,48
372096,46512,-40307.91,34.20,68.51,48
372096,46512,-233861.83,91.20,398.98,48
372480,46560,-12560.09,89.55,27.22,48
372480,46560,-14872.65,32.43,25.73,48
372480,46560,-246916.21,87.99,420.48,48
372480,46560,-43269.80,31.19,73.20,48
372480,46560,-3537978501648200.50,90.08,5937500000267.65,48
372480,46560,-41809.92,86.64,76.12,48
372480,46560,-124088.43,28.86,208.78,48
372480,46560,-410.30,26.99,1.03,48
372864,46608,-121867.19,90.75,210.99,48
372864,46608,-44743.96,87.97,81.16,48
372864,46608,-25441.29,28.09,43.44,48
372864,46608,-8749.83,32.90,15.93,48
372864,46608,-32728.95,90.87,61.51,48
372864,46608,-16613.69,29.67,28.26,48
372864,46608,-152030.64,88.86,261.25,48
372864,46608,-3160.20,83.94,10.88,48
373248,46656,-36940.80,86.32,67.77,48
373248,46656,-90222.43,90.23,157.76,48
373248,46656,-57681.49,87.84,103.06,48
373248,46656,-10943.98,88.83,24.84,48
373248,46656,-47280.87,92.08,86.05,48
373248,46656,-440089.87,91.80,745.32,48
373248,46656,-200224.05,89.53,342.19,48
373248,46656,-89205.60,88.89,155.82,48
373632,46704,-240912.83,88.32,410.53,48
373632,46704,-5286.72,30.68,9.55,48
373632,46704,-50488.01,30.22,85.11,48
373632,46704,-31962.03,85.65,59.35,48
373632,46704,-74784.87,88.48,131.82,48
373632,46704,3511.25,86.70,0.00,48
373632,46704,-141435.24,86.55,243.25,48
373632,46704,-33239.35,29.90,56.17,48
374016,46752,-29185.30,91.40,55.50,48
374016,46752,-86991.01,31.90,146.64,48
374016,46752,-43406.09,92.10,79.55,48
374016,46752,-8566.03,88.73,20.76,48
374016,46752,-2296582536291560.00,33.52,3854166667061.82,48
374016,46752,-372418789815343.25,28.78,625000000310.34,48
374016,46752,-6199.01,90.70,16.86,48
374016,46752,-45876.68,26.81,77.60,48
374400,46800,-53470.02,87.54,95.62,48
374400,46800,-51949.26,31.09,88.09,48
374400,46800,3136.07,88.40,0.99,48
374400,46800,-60828.82,87.44,107.96,48
374400,46800,-165330.53,88.59,283.73,48
374400,46800,-66517.57,28.13,112.40,48
374400,46800,-5510.02,88.51,15.51,48
374400,46800,-182487.95,87.34,312.18,48
374784,46848,-19881.56,29.83,33.65,48
374784,46848,-112601.01,86.59,194.66,48
374784,46848,-17746.16,89.00,36.01,48
374784,46848,-27339.81,89.08,52.20,48
374784,46848,-79937.58,88.83,140.33,48
374784,46848,-83715.67,90.47,146.85,48
374784,46848,-88522.42,87.83,154.74,48
374784,46848,-29386.04,90.74,55.90,48
375168,46896,-42656.37,87.25,77.50,48
375168,46896,-58322.90,88.33,104.38,48
375168,46896,-257132.24,31.35,431.96,48
375168,46896,-94406.43,29.81,159.08,48
375168,46896,-7056.63,31.35,12.62,48
375168,46896,-629729.21,29.55,1057.33,48
375168,46896,-45173.82,91.33,82.31,48
375168,46896,-32804.41,36.21,56.26,48
375552,46944,-88602.86,90.37,155.27,48
375552,46944,-554640.51,29.58,931.31,48
375552,46944,-20557.46,33.51,35.68,48
375552,46944,-89964.82,88.35,156.95,48
375552,46944,-175401.34,28.86,294.90,48
375552,46944,-64884.13,87.09,114.87,48
375552,46944,-15679.41,90.39,32.64,48
375552,46944,-14637.02,89.98,30.81,48
375936,46992,-174069.80,87.40,297.88,48
375936,46992,-183839.25,35.76,309.71,48
375936,46992,2184.33,88.71,2.47,48
375936,46992,-7391.76,29.84,13.17,48
375936,46992,-53516.83,29.73,90.38,48
375936,46992,-909.50,93.06,8.48,48
375936,46992,-55265.58,29.24,93.36,48
375936,46992,-51082.20,88.76,91.84,48
376320,47040,-45553.90,30.82,76.97,48
376320,47040,-685271.74,29.85,1150.39,48
376320,47040,-53962.13,30.69,90.95,48
376320,47040,-87145.02,89.01,152.36,48
376320,47040,-23755.64,29.26,40.40,48
376320,47040,-25998.74,35.27,44.74,48
376320,47040,-115235.53,32.88,194.26,48
376320,47040,-11247.99,30.68,19.59,48
376704,47088,-57900.57,85.18,102.99,48
376704,47088,-6849.44,29.60,12.04,48
376704,47088,-83047.17,91.21,145.86,48
376704,47088,-6309.27,87.20,16.68,48
376704,47088,-69482.08,28.25,117.13,48
376704,47088,-25517.18,87.70,48.69,48
376704,47088,-27613.84,87.54,52.25,48
376704,47088,-37983.54,28.72,64.20,48
377088,47136,3231.42,88.47,0.72,48
377088,47136,-641301.79,89.17,1082.50,48
377088,47136,3600.77,89.08,0.31,48
377088,47136,-516320.86,26.93,867.03,48
377088,47136,-35795.49,29.55,60.34,48
377088,47136,-130593.90,31.64,219.83,48
377088,47136,-223181.90,31.86,375.30,48
377088,47136,-12196.81,86.76,26.45,48
377472,47184,-9460.36,88.33,21.85,48
377472,47184,-49727.36,88.23,89.44,48
377472,47184,-92700.39,91.41,162.20,48
377472,47184,-27228.65,28.28,46.32,48
377472,47184,-26279.79,92.37,50.73,48
377472,47184,-37390.51,34.10,63.46,48
377472,47184,-9216.17,28.09,15.87,48
377472,47184,-25645.70,30.77,43.94,48
377856,47232,-22722.79,89.67,44.26,48
377856,47232,-135145.97,89.18,232.96,48
377856,47232,-1489675158739589.25,33.21,2500000000363.96,48
377856,47232,-72867.58,91.64,128.82,48
377856,47232,-20635.26,30.62,35.04,48
377856,47232,-411309.78,35.02,691.32,48
377856,47232,-4676.72,25.71,8.73,48
377856,47232,-56574.01,89.67,101.33,48
378240,47280,-82820.97,90.96,145.50,48
378240,47280,-13612.53,87.50,28.83,48
378240,47280,-43956.47,88.07,79.91,48
378240,47280,-23324.79,91.52,45.86,48
378240,47280,-28560.69,87.08,53.83,48
378240,47280,-51987.63,90.38,93.75,48
378240,47280,-105980.22,29.96,178.19,48
378240,47280,-55112.84,27.36,93.01,48
378624,47328,-140127.27,88.54,241.28,48
378624,47328,-51052.32,91.92,92.35,48
378624,47328,-482.13,88.64,7.07,48
378624,47328,-687122.05,30.40,1153.79,48
378624,47328,-153444.68,87.99,263.55,48
378624,47328,-44412.42,32.36,75.49,48
378624,47328,3363.25,85.74,0.00,48
378624,47328,-124844.41,86.60,215.48,48
379008,47376,-71691.33,86.32,126.15,48
379008,47376,-28113.62,31.06,47.87,48
379008,47376,-49808.55,89.00,89.84,48
379008,47376,-68586.91,28.09,115.68,48
379008,47376,469.13,90.67,5.67,48
379008,47376,-87871.51,90.34,153.93,48
379008,47376,-154516.18,90.20,265.73,48
379008,47376,-79670.37,88.54,139.82,48
379392,47424,-104656.45,87.26,181.65,48
379392,47424,-10864.98,29.38,18.91,48
379392,47424,-24174.27,87.34,46.39,48
379392,47424,-109759.29,25.55,184.49,48
379392,47424,80.36,28.82,0.45,48
379392,47424,-48470.11,88.19,87.43,48
379392,47424,-372418789847533.38,31.35,625000000364.67,48
379392,47424,-60668.98,88.60,107.75,48
379776,47472,-80643.12,28.41,135.67,48
379776,47472,-43932.79,87.00,79.74,48
379776,47472,-560466.71,88.92,946.68,48
379776,47472,-56977.86,90.42,102.19,48
379776,47472,-3737.55,30.14,7.08,48
379776,47472,-4.61,25.33,0.60,48
379776,47472,-14340.83,87.82,30.33,48
379776,47472,-6543.75,87.73,17.13,48
380160,47520,-155719.08,90.48,267.65,48
380160,47520,-27593.55,87.36,52.24,48
380160,47520,-9211.58,26.06,15.66,48
380160,47520,2950.26,84.58,0.72,48
380160,47520,-161838.56,30.39,272.19,48
380160,47520,-72063.16,88.49,127.06,48
380160,47520,-39514.06,90.04,72.66,48
380160,47520,-9321.25,86.77,21.65,48
380544,47568,-13222.53,87.05,28.22,48
380544,47568,-499128.39,31.52,838.34,48
380544,47568,-61574.39,88.74,109.55,48
380544,47568,-52380.54,88.18,94.07,48
380544,47568,-29133.77,27.70,49.38,48
380544,47568,-232843.94,36.45,391.75,48
380544,47568,-7587.59,89.09,18.94,48
380544,47568,-29280.34,87.73,54.92,48
380928,47616,-61590.47,90.86,109.95,48
380928,47616,-4096.99,88.71,12.98,48
380928,47616,-18979.17,90.07,38.12,48
380928,47616,-5308.10,88.78,15.02,48
380928,47616,-78944.46,30.69,133.23,48
380928,47616,-27161.02,27.28,45.91,48
380928,47616,-52430.30,87.32,94.12,48
380928,47616,-9745.83,85.23,22.22,48
381312,47664,-33508.90,88.39,62.27,48
381312,47664,-152828.98,85.92,262.08,48
381312,47664,-145672.35,86.07,250.32,48
381312,47664,-187742.84,31.54,315.59,48
381312,47664,-219556.41,33.60,369.28,48
381312,47664,-16522.88,29.77,28.27,48
381312,47664,-4411.18,88.58,13.61,48
381312,47664,-20083.72,83.87,39.34,48
381696,47712,-45026.59,89.81,81.94,48
381696,47712,368.68,30.34,0.34,48
381696,47712,-16601.75,30.72,28.06,48
381696,47712,-32075.68,88.92,60.02,48
381696,47712,-53989.30,89.72,96.82,48
381696,47712,-19250.47,85.58,37.96,48
381696,47712,-182410.29,32.30,306.91,48
381696,47712,-27814.39,88.59,52.70,48
382080,47760,-38216.75,29.43,64.86,48
382080,47760,-410327.95,28.92,689.09,48
382080,47760,-68395.97,88.82,120.97,48
382080,47760,-53608.23,30.68,90.58,48
382080,47760,-65586.86,91.86,116.79,48
382080,47760,-210245.57,89.15,358.94,48
382080,47760,-130199.41,89.56,224.88,48
382080,47760,-91851.44,32.50,154.94,48
382464,47808,-87940.07,90.02,154.02,48
382464,47808,-196742.57,91.28,336.76,48
382464,47808,-64128.27,88.15,113.59,48
382464,47808,-146462.05,27.81,245.75,48
382464,47808,-238562.05,88.99,406.59,48
382464,47808,-14524.52,32.57,25.42,48
382464,47808,-372418789848397.62,28.81,625000000365.71,48
382464,47808,-48947.87,29.15,82.68,48
382848,47856,-81735.01,90.70,143.71,48
382848,47856,-163377.69,29.26,274.75,48
382848,47856,-20336.03,84.20,39.87,48
382848,47856,-209101.79,85.77,356.59,48
382848,47856,-22398.46,91.05,44.07,48
382848,47856,-89956.53,93.27,157.76,48
382848,47856,-204728.60,91.84,350.07,48
382848,47856,-7729.79,93.22,19.85,48
383232,47904,-92196.18,90.40,161.11,48
383232,47904,-67028.82,29.92,113.11,48
383232,47904,3457.32,88.83,0.35,48
383232,47904,-21350.65,88.36,41.80,48
383232,47904,-11698.48,88.23,25.95,48
383232,47904,-46748.80,29.72,79.16,48
383232,47904,-191.17,28.69,1.15,48
383232,47904,-113649.51,32.03,191.66,48
383616,47952,-9220.94,90.53,21.91,48
383616,47952,-40224.89,25.93,67.47,48
383616,47952,-185861.87,91.97,318.52,48
383616,47952,-27509.78,89.10,52.43,48
383616,47952,-26415.40,90.56,50.68,48
383616,47952,-32922.46,31.12,55.59,48
383616,47952,-331655.07,89.31,562.81,48
383616,47952,-157678.06,90.04,270.93,48
384000,48000,-22055.86,90.13,43.35,48
384000,48000,1156.47,87.23,3.89,48
384000,48000,-25330.38,23.34,42.89,48
384000,48000,-203112.56,27.28,341.48,48
384000,48000,3492.39,87.10,0.00,48
384000,48000,-139181.88,91.42,239.93,48
384000,48000,-49107.64,27.74,82.87,48
384000,48000,1328.47,88.92,4.05,48
384384,48048,-313558.83,89.74,532.70,48
384384,48048,-187873.84,89.70,321.61,48
384384,48048,-380429.43,90.87,644.90,48
384384,48048,3430.52,85.28,0.00,48
384384,48048,-40786.29,90.38,74.90,48
384384,48048,3818.07,90.09,0.00,48
384384,48048,-597524.01,37.96,1003.85,48
384384,48048,-48569.89,89.60,87.88,48
384768,48096,433.25,90.69,5.72,48
384768,48096,-171037.61,92.39,293.77,48
384768,48096,-36666.87,92.85,68.37,48
384768,48096,-45645.47,87.34,82.67,48
384768,48096,-151463.64,89.22,260.35,48
384768,48096,-100816.74,92.14,175.94,48
384768,48096,-3537978501712880.00,90.56,5937500000376.31,48
384768,48096,-106610.58,90.85,185.39,48
385152,48144,-103096.82,90.99,179.33,48
385152,48144,-150253.48,88.76,258.41,48
385152,48144,-40052.95,89.26,73.50,48
385152,48144,-7949.64,89.69,19.58,48
385152,48144,-225841.88,88.52,385.14,48
385152,48144,-2296582536238506.00,34.00,3854166666973.15,48
385152,48144,3755.66,89.08,0.02,48
385152,48144,-39321.32,29.99,66.50,48
385536,48192,-140395.03,91.77,242.18,48
385536,48192,-54954.19,29.41,92.68,48
385536,48192,-12406.23,85.67,26.71,48
385536,48192,-34447.00,28.89,58.66,48
385536,48192,-931046974237060.38,27.85,1562500000269.52,48
385536,48192,-167269.53,33.13,281.74,48
385536,48192,-96821.65,36.73,163.78,48
385536,48192,-73326.34,90.14,129.28,48
385920,48240,-689796.03,91.13,1164.21,48
385920,48240,-35790.07,89.35,66.35,48
385920,48240,-14455.14,30.77,24.51,48
385920,48240,-56691.41,86.30,101.02,48
385920,48240,-62349.44,89.52,110.80,48
385920,48240,-82277.30,31.66,138.77,48
385920,48240,-78043.00,89.50,137.26,48
385920,48240,-591812.38,28.67,993.46,48
386304,48288,-11065.35,89.41,24.89,48
386304,48288,-133475.40,90.66,230.41,48
386304,48288,-39314.43,88.76,72.03,48
386304,48288,-88730.06,90.55,155.33,48
386304,48288,-29190.82,89.46,55.10,48
386304,48288,-57447.83,33.25,97.04,48
386304,48288,-131360.52,27.64,220.67,48
386304,48288,-104350.72,88.10,181.21,48
386688,48336,-752698.35,92.92,1269.95,48
386688,48336,-68959.73,88.37,121.86,48
386688,48336,-4229.10,90.35,13.50,48
386688,48336,-39439.82,28.10,66.78,48
386688,48336,-47564.10,88.31,85.70,48
386688,48336,-97882.69,88.12,170.45,48
386688,48336,-58871.35,89.27,105.02,48
386688,48336,-372418789757829.56,23.07,625000000213.46,48
387072,48384,-5776.32,31.91,10.60,48
387072,48384,-57238.85,88.01,102.13,48
387072,48384,-14118.29,88.60,29.73,48
387072,48384,-149971.80,89.34,257.82,48
387072,48384,-143093.28,28.20,240.68,48
387072,48384,-134488.67,31.60,226.54,48
387072,48384,-931046974276983.62,90.35,1562500000341.96,48
387072,48384,-165503.15,90.19,284.24,48
387456,48432,-113105.56,90.77,196.20,48
387456,48432,-19650.18,31.61,33.98,48
387456,48432,-588757.56,86.92,994.10,48
387456,48432,-159182.65,30.55,268.03,48
387456,48432,-108394.86,31.36,182.66,48
387456,48432,-14447.50,88.56,30.33,48
387456,48432,-13157.91,88.97,28.35,48
387456,48432,-46387.19,26.67,78.23,48
387840,48480,-71671.84,87.28,126.20,48
387840,48480,-52806.88,86.60,94.43,48
387840,48480,-154024.28,91.04,264.89,48
387840,48480,-48221.52,85.74,86.48,48
387840,48480,-93333.05,33.82,157.70,48
387840,48480,-23527.58,88.51,45.54,48
387840,48480,-68551.33,87.78,121.10,48
387840,48480,-119399.60,86.87,206.11,48
388224,48528,-130932.50,91.34,226.27,48
388224,48528,-77994.57,89.82,137.28,48
388224,48528,-47025.77,88.68,85.08,48
388224,48528,-46256.53,30.51,78.43,48
388224,48528,-76575.69,88.36,134.49,48
388224,48528,-6916.14,31.45,12.06,48
388224,48528,-70697.94,33.34,119.23,48
388224,48528,-12215.63,87.16,26.58,48
388608,48576,-7776.02,89.12,19.28,48
388608,48576,-57428.32,89.60,102.85,48
388608,48576,-1610.48,89.96,9.02,48
388608,48576,-714650.45,91.05,1205.78,48
388608,48576,-170562.26,89.78,292.47,48
388608,48576,-124721.88,88.60,215.41,48
388608,48576,-57072.99,33.05,96.45,48
388608,48576,-207034.76,90.63,353.82,48
388992,48624,-45388.94,92.23,83.01,48
388992,48624,-7109.17,89.50,18.00,48
388992,48624,-32834.01,30.50,55.56,48
388992,48624,-146452.79,88.75,251.90,48
388992,48624,-5543.56,34.69,10.19,48
388992,48624,-65453.43,89.94,116.10,48
388992,48624,-21872.12,89.68,43.03,48
388992,48624,-185414.14,31.84,311.90,48
389376,48672,-53835.29,28.27,91.07,48
389376,48672,-123897.68,89.00,214.23,48
389376,48672,-50829.36,89.37,91.60,48
389376,48672,-77147.84,87.31,135.36,48
389376,48672,-622817.33,87.62,1051.29,48
389376,48672,-20964.14,31.96,35.62,48
389376,48672,-140537.79,87.24,241.83,48
389376,48672,-114162.93,90.38,197.97,48
389760,48720,-68044.94,89.10,120.35,48
389760,48720,-71114.30,33.28,120.00,48
389760,48720,-78710.53,23.95,132.34,48
389760,48720,-157191.44,91.42,270.24,48
389760,48720,-7895.76,89.39,19.52,48
389760,48720,-93769.49,88.12,163.55,48
389760,48720,2342.00,87.96,2.16,48
389760,48720,-49694.18,87.29,89.24,48
390144,48768,-166707.68,86.95,285.85,48
390144,48768,-69229.57,88.90,122.36,48
390144,48768,-27079.35,88.26,51.70,48
390144,48768,-3252.79,24.84,5.63,48
390144,48768,-237918.16,89.60,405.57,48
390144,48768,-38434.93,32.40,65.24,48
390144,48768,-80283.07,88.76,140.95,48
390144,48768,-38405.51,90.96,70.91,48
390528,48816,530.83,31.70,0.00,48
390528,48816,660.77,34.18,0.02,48
390528,48816,-931046974251266.50,29.15,1562500000292.90,48
390528,48816,-94922.72,88.40,165.14,48
390528,48816,-161836.99,87.23,277.51,48
390528,48816,-2296582536289224.00,23.67,3854166667057.17,48
390528,48816,-65014.11,34.37,110.09,48
390528,48816,-38658.23,30.18,65.53,48
390912,48864,-22609.69,86.74,44.04,48
390912,48864,-149058.90,89.51,256.33,48
390912,48864,-93643.73,89.93,163.51,48
390912,48864,478.99,31.08,0.19,48
390912,48864,-103785.53,88.64,180.13,48
390912,48864,-602667.14,30.90,1012.08,48
390912,48864,-9338.74,25.22,16.23,48
390912,48864,-101936.23,86.93,177.02,48
391296,48912,-151183.07,30.63,254.63,48
391296,48912,-7448375792862206.00,91.48,12500000000419.89,48
391296,48912,-3803.34,89.83,12.60,48
391296,48912,2952.14,85.83,0.88,48
391296,48912,-58442.09,90.34,104.52,48
391296,48912,-138880.14,88.33,239.25,48
391296,48912,-14946.38,91.93,31.79,48
391296,48912,-213543.36,29.36,358.79,48
391680,48960,-102554.89,86.67,177.90,48
391680,48960,-84307.09,26.69,141.52,48
391680,48960,-6242.06,91.83,17.11,48
391680,48960,2455.86,89.28,2.18,48
391680,48960,-129902.25,87.90,223.98,48
391680,48960,-13983.15,88.97,29.77,48
391680,48960,-77973.43,29.07,131.64,48
391680,48960,-101688.54,87.05,176.52,48
392064,49008,-479653.75,90.13,811.39,48
392064,49008,54.05,26.62,0.66,48
392064,49008,-8377.71,89.57,20.55,48
392064,49008,-99058.72,26.72,166.84,48
392064,49008,-14571.49,88.77,30.69,48
392064,49008,-19070.63,90.12,38.35,48
392064,49008,-217447.50,89.38,371.19,48
392064,49008,-28703.06,31.52,49.07,48
392448,49056,-7448375792768901.00,89.45,12500000000263.08,48
392448,49056,-9530.90,88.30,22.00,48
392448,49056,-52423.22,89.68,94.31,48
392448,49056,-28176.83,88.85,53.52,48
392448,49056,-118333.36,88.53,204.60,48
392448,49056,-15968.50,88.00,33.00,48
392448,49056,-15362.43,90.13,32.18,48
392448,49056,-50136.17,87.38,90.08,48
392832,49104,-2896.49,27.72,5.43,48
392832,49104,-17351.84,88.82,35.38,48
392832,49104,-58890.89,30.75,99.27,48
392832,49104,-76981.42,30.09,129.68,48
392832,49104,-138849.60,88.83,239.33,48
392832,49104,-14408.98,90.88,30.76,48
392832,49104,-149399.42,29.42,251.55,48
392832,49104,-24289.95,87.67,46.83,48
393216,49152,-12401.42,29.12,21.36,48
393216,49152,115.19,28.76,0.43,48
393216,49152,-450501.18,32.61,756.71,48
393216,49152,-38290.81,90.07,70.63,48
393216,49152,-226292.65,34.90,380.83,48
393216,49152,-84544.52,87.57,147.89,48
393216,49152,-68397.72,32.25,115.35,48
393216,49152,-23951.69,89.14,46.47,48
393600,49200,-79397.17,32.19,134.10,48
393600,49200,-76167.75,87.30,133.75,48
393600,49200,2502.50,88.81,2.12,48
393600,49200,-100463.94,29.52,169.17,48
393600,49200,-252210.75,90.75,429.78,48
393600,49200,-931046974233913.50,89.60,1562500000269.70,48
393600,49200,-47125.34,30.66,79.74,48
393600,49200,-168534.12,32.50,283.70,48
393984,49248,-51941.48,28.18,87.56,48
393984,49248,-10939.91,91.47,24.92,48
393984,49248,2243.12,87.45,2.30,48
393984,49248,-17994.18,91.13,36.59,48
393984,49248,-91344.61,30.85,153.98,48
393984,49248,-16436.33,87.86,33.72,48
393984,49248,-372418789818634.12,29.55,625000000316.03,48
393984,49248,-58740.77,25.32,98.82,48
394368,49296,-11973.83,24.84,20.52,48
394368,49296,-59404.85,30.09,100.49,48
394368,49296,-347409.74,36.51,584.41,48
394368,49296,2211.68,90.50,2.65,48
394368,49296,-104625.38,88.17,181.54,48
394368,49296,-41620.44,88.19,75.96,48
394368,49296,-88405.15,90.57,154.79,48
394368,49296,-69689.32,88.44,123.09,48
394752,49344,-29320.24,88.11,55.24,48
394752,49344,-413758.25,91.07,700.82,48
394752,49344,-77719.14,88.28,136.39,48
394752,49344,-50221.30,90.88,90.73,48
394752,49344,-25844.16,86.02,49.02,48
394752,49344,-36670.94,89.37,67.84,48
394752,49344,-3537978501751302.50,91.55,5937500000440.83,48
394752,49344,-45297.88,89.92,82.44,48
395136,49392,-20652.37,89.84,40.99,48
395136,49392,-156308.27,30.20,262.94,48
395136,49392,-28663.99,89.87,54.30,48
395136,49392,-38966.28,32.45,66.14,48
395136,49392,-24700.95,89.62,47.69,48
395136,49392,-325929.12,89.73,553.09,48
395136,49392,-60674.91,91.98,108.47,48
395136,49392,-90981.77,30.88,153.00,48
395520,49440,-63750.68,88.72,113.20,48
395520,49440,-8186.43,27.13,14.04,48
395520,49440,-152657.26,90.65,262.72,48
395520,49440,-83035.39,34.45,140.19,48
395520,49440,-54596.22,90.67,98.14,48
395520,49440,-124678.76,31.91,210.18,48
395520,49440,-79527.43,29.62,133.97,48
395520,49440,-11796.81,88.61,25.98,48
395904,49488,-14951.45,89.39,31.46,48
395904,49488,-4627.16,89.39,14.04,48
395904,49488,-2467.28,89.85,10.48,48
395904,49488,633.72,29.03,0.02,48
395904,49488,-103412.03,92.71,180.38,48
395904,49488,-64082.61,30.99,108.08,48
395904,49488,-64745.20,86.34,114.20,48
395904,49488,-294884.27,89.87,501.19,48
396288,49536,-164309.26,87.49,281.48,48
396288,49536,2842.28,87.84,1.39,48
396288,49536,-61202.18,29.59,103.44,48
396288,49536,-625155.84,28.27,1049.17,48
396288,49536,-5887.48,87.58,15.91,48
396288,49536,-83330.90,88.16,145.97,48
396288,49536,-66734.30,87.65,118.13,48
396288,49536,-149954.59,33.01,252.55,48
396672,49584,-7448375792799861.00,88.39,12500000000315.05,48
396672,49584,-90037.02,32.56,151.87,48
396672,49584,-37464.45,86.68,68.69,48
396672,49584,1652.36,86.79,3.45,48
396672,49584,-7344.06,87.66,18.35,48
396672,49584,-17229.79,86.32,34.83,48
396672,49584,-26546.49,90.26,50.74,48
396672,49584,-7399.80,89.15,18.70,48
397056,49632,-6435.58,88.17,16.86,48
397056,49632,-37445.25,89.37,69.19,48
397056,49632,-130414.29,88.34,225.04,48
397056,49632,-59033.80,86.88,105.02,48
397056,49632,-24662.96,28.47,41.88,48
397056,49632,-34357.32,87.83,63.75,48
397056,49632,3958.48,91.56,0.01,48
397056,49632,-39520.79,88.64,72.49,48
397440,49680,-14790.87,89.59,31.11,48
397440,49680,-168590.33,90.60,289.22,48
397440,49680,-91458.91,88.43,159.54,48
397440,49680,-85004.26,31.01,143.47,48
397440,49680,332.17,25.88,0.02,48
397440,49680,-14382.51,89.49,30.30,48
397440,49680,-589298.28,86.74,995.00,48
397440,49680,-26336.77,32.19,45.14,48
397824,49728,-50073.49,28.85,84.61,48
397824,49728,-122561.89,90.60,212.03,48
397824,49728,-42811.99,90.16,78.39,48
397824,49728,-37930.01,86.73,69.49,48
397824,49728,-10085.07,89.16,23.17,48
397824,49728,-17547.35,89.38,35.64,48
397824,49728,-182.52,91.35,6.91,48
397824,49728,-10186.71,29.15,17.40,48
398208,49776,-80760.59,91.43,142.21,48
398208,49776,1678.73,89.97,3.61,48
398208,49776,1267.54,89.13,4.18,48
398208,49776,-48707.80,26.29,81.88,48
398208,49776,-25115.59,86.24,47.83,48
398208,49776,-35080.43,28.15,59.33,48
398208,49776,-145502.20,27.52,244.70,48
398208,49776,-39190.99,28.80,66.56,48
398592,49824,-17973.65,86.65,36.12,48
398592,49824,-9105.40,89.70,21.64,48
398592,49824,3410.35,90.98,0.90,48
398592,49824,-64994.33,86.88,115.04,48
398592,49824,-71906.32,90.60,127.09,48
398592,49824,-120944.69,90.75,209.32,48
398592,49824,-13371.03,26.24,22.93,48
398592,49824,-66119.12,88.91,117.22,48
398976,49872,-66152.56,85.65,116.91,48
398976,49872,-94605.16,88.10,164.73,48
398976,49872,-234881.27,88.63,400.27,48
398976,49872,-32998.68,89.92,61.65,48
398976,49872,-194465.68,31.67,327.19,48
398976,49872,1734.38,90.11,3.50,48
398976,49872,-10013.26,90.35,23.16,48
398976,49872,-16780.93,33.94,28.83,48
399360,49920,-689313.80,89.94,1163.14,48
399360,49920,-27495.11,90.45,52.49,48
399360,49920,-66558.18,28.17,111.91,48
399360,49920,-1489675158745905.75,90.45,2500000000380.05,48
399360,49920,-131432.31,88.78,226.63,48
399360,49920,-47616.60,88.49,86.06,48
399360,49920,-506987.16,89.11,857.14,48
399360,49920,-563690.38,30.16,946.77,48
399744,49968,-1235.81,87.11,8.15,48
399744,49968,-88973.61,91.98,156.06,48
399744,49968,-40775.18,86.96,74.33,48
399744,49968,-12662.44,90.63,27.76,48
399744,49968,-820992.99,34.57,1378.30,48
399744,49968,-74566.12,29.41,125.82,48
399744,49968,-81600.63,31.31,138.00,48
399744,49968,-37285.90,89.60,68.69,48
400128,50016,-10192.43,86.28,23.11,48
400128,50016,-26358.15,32.62,44.94,48
400128,50016,-101731.60,30.95,171.02,48
400128,50016,-69649.31,88.05,123.11,48
400128,50016,-44381.25,31.48,75.21,48
400128,50016,-81276.78,29.83,136.99,48
400128,50016,-64423.78,86.79,113.92,48
400128,50016,-84403.07,90.38,147.82,48
400512,50064,-16664.59,86.43,33.95,48
400512,50064,-69625.76,29.32,117.49,48
400512,50064,-112520.62,90.15,195.19,48
400512,50064,-26580.15,91.82,51.37,48
400512,50064,-2728.29,29.82,5.74,48
400512,50064,-122350.97,91.28,211.92,48
400512,50064,-82154.60,30.47,138.20,48
400512,50064,-36919.15,88.90,68.09,48
400896,50112,-66020.16,88.69,116.94,48
400896,50112,-57739.98,85.21,102.51,48
400896,50112,-5952.43,30.48,10.96,48
400896,50112,-55400.54,29.19,93.51,48
400896,50112,-32984.44,89.77,61.58,48
400896,50112,-148753.91,90.40,256.03,48
400896,50112,-44577.90,87.41,80.74,48
400896,50112,-60034.53,29.84,101.00,48
401280,50160,-55126.97,91.32,99.06,48
401280,50160,-12074.85,30.79,20.90,48
401280,50160,-81632.02,32.68,137.63,48
401280,50160,-121613.07,91.60,210.69,48
401280,50160,-115744.07,31.71,194.92,48
401280,50160,-20426.75,88.62,40.42,48
401280,50160,3496.79,90.39,0.56,48
401280,50160,-1346.18,90.31,8.74,48
401664,50208,-27789.86,89.82,52.92,48
401664,50208,-122746.65,91.13,212.37,48
401664,50208,-44093.01,89.24,80.14,48
401664,50208,-17291.60,27.65,29.73,48
401664,50208,-221743.70,93.07,379.00,48
401664,50208,-35767.14,28.49,60.69,48
401664,50208,-726981.95,90.60,1226.33,48
401664,50208,-63763.94,86.79,113.06,48
402048,50256,-84601.04,87.83,147.89,48
402048,50256,-11489.94,37.10,20.52,48
402048,50256,-76036.96,90.04,133.79,48
402048,50256,-103089.04,90.02,179.38,48
402048,50256,-66862.04,90.04,118.56,48
402048,50256,-68930.03,90.40,121.91,48
402048,50256,-85815.76,29.11,144.55,48
402048,50256,3691.94,89.18,0.00,48
402432,50304,-14079.25,31.27,24.34,48
402432,50304,3312.40,86.67,0.43,48
402432,50304,-4287.55,89.19,13.36,48
402432,50304,-8364.33,25.80,14.72,48
402432,50304,-140259.16,34.46,236.22,48
402432,50304,2974.99,89.09,1.19,48
402432,50304,-37477.48,87.30,68.79,48
402432,50304,-139527.63,90.29,240.67,48
402816,50352,-45804.94,90.13,83.23,48
402816,50352,-36555.99,87.94,67.34,48
402816,50352,-102161.65,32.46,172.16,48
402816,50352,-177172.98,90.55,303.52,48
402816,50352,-54434.85,90.93,97.71,48
402816,50352,-63879.43,91.45,113.86,48
402816,50352,-87690.43,90.62,153.53,48
402816,50352,3489.42,87.85,0.39,48
403200,50400,-70110.57,88.94,123.86,48
403200,50400,-48715.78,28.95,82.33,48
403200,50400,-1665.69,27.52,3.10,48
403200,50400,-2104.24,89.47,9.92,48
403200,50400,-31424.28,88.65,58.83,48
403200,50400,-372418789869267.50,87.48,625000000406.20,48
403200,50400,-172778.24,28.10,290.20,48
403200,50400,-1489675158706639.50,89.08,2500000000314.22,48
403584,50448,2701.40,85.88,1.28,48
403584,50448,-36296.13,88.25,66.82,48
403584,50448,-317326.78,91.80,539.25,48
403584,50448,-136202.35,26.64,228.70,48
403584,50448,-161417.11,89.02,276.91,48
403584,50448,-18119.54,30.13,30.83,48
403584,50448,-82981.89,30.49,139.80,48
403584,50448,-49411.32,30.86,83.61,48
403968,50496,-9125.27,90.90,22.07,48
403968,50496,-12202.26,83.65,26.20,48
403968,50496,-40029.20,88.58,73.49,48
403968,50496,-460472.97,88.29,779.01,48
403968,50496,-30053.63,29.70,50.91,48
403968,50496,-15327.96,88.96,31.92,48
403968,50496,953.51,91.91,5.09,48
403968,50496,-12855.47,27.43,21.97,48
404352,50544,-146928.01,29.84,247.25,48
404352,50544,-25703.16,30.68,43.36,48
404352,50544,-82501.30,30.54,139.05,48
404352,50544,-256163.80,33.76,430.87,48
404352,50544,-141329.51,88.39,243.43,48
404352,50544,-222494.23,89.62,379.73,48
404352,50544,-18544.93,88.78,37.53,48
404352,50544,-2151.22,90.18,10.15,48
404736,50592,2666.31,87.08,1.57,48
404736,50592,-4396.44,88.40,13.49,48
404736,50592,-210902.00,90.76,360.46,48
404736,50592,-23014.40,24.59,39.19,48
404736,50592,3485.29,89.42,0.28,48
404736,50592,-98632.37,27.84,165.95,48
404736,50592,-136835.83,88.75,235.73,48
404736,50592,-615434.40,89.07,1039.14,48
405120,50640,-37697.28,90.27,69.80,48
405120,50640,-63966.10,34.73,108.59,48
405120,50640,216.12,27.75,0.00,48
405120,50640,3507.33,86.95,0.00,48
405120,50640,-139276.74,88.04,240.03,48
405120,50640,-474177.91,86.45,801.54,48
405120,50640,-656016.55,89.32,1107.23,48
405120,50640,-19302.54,89.32,38.56,48
405504,50688,-17275.55,85.39,34.69,48
405504,50688,-106285.85,89.15,184.62,48
405504,50688,-93732.44,90.96,163.85,48
405504,50688,-3690.94,30.53,7.29,48
405504,50688,-52706.65,29.70,89.46,48
405504,50688,-15471.74,87.85,31.85,48
405504,50688,-60811.11,31.42,102.94,48
405504,50688,-31653.60,87.96,59.18,48
405888,50736,-92936.53,90.85,162.52,48
405888,50736,-27359.81,89.51,52.32,48
405888,50736,-35198.81,31.32,59.99,48
405888,50736,-154268.31,32.05,259.41,48
405888,50736,2015.89,91.30,3.32,48
405888,50736,-145416.76,28.96,244.74,48
405888,50736,-29910.50,29.87,50.87,48
405888,50736,-548320.72,88.66,926.34,48
406272,50784,-224340.12,92.43,383.17,48
406272,50784,895.34,84.29,4.17,48
406272,50784,-61996.10,86.16,109.71,48
406272,50784,-74401.55,89.28,131.13,48
406272,50784,-34717.97,29.37,59.17,48
406272,50784,3700.41,89.61,0.00,48
406272,50784,-45295.50,86.85,81.78,48
406272,50784,665.17,88.20,5.03,48
406656,50832,-126230.45,90.95,218.29,48
406656,50832,-51954.95,87.67,93.22,48
406656,50832,-154881.05,86.08,265.71,48
406656,50832,-3776.88,86.08,12.28,48
406656,50832,-151888.74,30.62,255.35,48
406656,50832,-167853.78,90.13,288.15,48
406656,50832,-12139.74,89.59,26.64,48
406656,50832,-74896.10,89.87,131.97,48
407040,50880,-88738.20,29.94,149.31,48
407040,50880,-58486.05,87.84,104.30,48
407040,50880,-198490.08,87.85,339.07,48
407040,50880,-186964.43,90.62,320.34,48
407040,50880,-10623.30,26.87,18.21,48
407040,50880,-134980.76,32.88,227.20,48
407040,50880,-45444.16,85.77,81.90,48
407040,50880,-40827.68,89.15,74.66,48
407424,50928,-372418789808314.81,88.72,625000000303.92,48
407424,50928,-15117.63,31.22,26.19,48
407424,50928,-3083.58,34.15,6.12,48
407424,50928,-101324.20,90.39,176.33,48
407424,50928,-29821.79,31.30,50.60,48
407424,50928,-285753.06,92.98,486.34,48
407424,50928,-89514.22,92.77,157.06,48
407424,50928,-165129.58,90.64,283.40,48
407808,50976,-35459.88,30.35,59.66,48
407808,50976,-25970.95,85.39,49.25,48
407808,50976,-208612.42,87.40,356.16,48
407808,50976,3729.52,89.32,0.10,48
407808,50976,-4247.48,90.42,13.67,48
407808,50976,-26630.80,89.93,51.12,48
407808,50976,-119333.30,90.06,206.70,48
407808,50976,-7626.48,27.30,13.39,48
408192,51024,-191354.45,87.65,327.17,48
408192,51024,-238319.03,85.79,405.66,48
408192,51024,-232401.29,91.13,396.44,48
408192,51024,-146271.89,33.20,246.44,48
408192,51024,-52340.29,86.96,93.75,48
408192,51024,-2264.09,89.07,10.02,48
408192,51024,-740.16,88.76,7.58,48
408192,51024,-217302.86,30.36,365.43,48
408576,51072,-27637.17,88.88,52.57,48
408576,51072,-11734.40,90.84,26.16,48
408576,51072,-192623.25,29.96,323.89,48
408576,51072,-18813.93,88.85,37.69,48
408576,51072,-83495.68,35.92,141.05,48
408576,51072,810.42,87.34,4.82,48
408576,51072,-58745.07,93.11,105.38,48
408576,51072,-114882.44,87.16,198.65,48
408960,51120,-20500.78,88.32,40.63,48
408960,51120,-59949.75,86.60,106.44,48
408960,51120,-59716.99,31.33,100.78,48
408960,51120,-11089.90,91.22,25.14,48
408960,51120,-80306.59,28.77,135.27,48
408960,51120,-34178.12,87.80,63.28,48
408960,51120,-8356.98,30.67,14.95,48
408960,51120,-48607.74,28.93,81.90,48
409344,51168,1048.58,89.75,4.55,48
409344,51168,-6937.40,28.57,12.35,48
409344,51168,-7448375792801668.00,30.69,12500000000312.38,48
409344,51168,-3157.36,88.59,11.30,48
409344,51168,-5020.97,87.45,14.51,48
409344,51168,-20767.89,27.77,35.42,48
409344,51168,-26072.27,30.88,44.47,48
409344,51168,-16503.15,88.84,33.97,48
409728,51216,-41016.32,88.73,74.99,48
409728,51216,-108856.51,88.61,188.80,48
409728,51216,324.48,27.53,0.10,48
409728,51216,-50044.05,89.15,90.24,48
409728,51216,-24366.98,29.27,41.38,48
409728,51216,-57982.51,31.77,97.98,48
409728,51216,-188303.85,28.76,316.52,48
409728,51216,-41942.19,88.11,76.42,48
410112,51264,-18153.08,92.38,37.11,48
410112,51264,-203422.30,91.78,347.99,48
410112,51264,-162147.68,88.66,278.42,48
410112,51264,-42421.36,30.56,71.74,48
410112,51264,-81492.61,88.94,143.05,48
410112,51264,-16502.73,87.36,33.69,48
410112,51264,-3551.13,84.32,11.69,48
410112,51264,-66341.77,25.18,111.69,48
410496,51312,-128857.67,89.62,222.58,48
410496,51312,-129833.30,89.03,224.01,48
410496,51312,3217.94,90.23,0.98,48
410496,51312,-3684.00,84.57,12.03,48
410496,51312,-372418789814266.88,87.36,625000000313.95,48
410496,51312,-9930.93,88.62,22.75,48
410496,51312,-76453.20,88.89,134.37,48
410496,51312,-31596.49,88.30,59.19,48
410880,51360,3674.98,86.85,0.00,48
410880,51360,-19638.27,90.08,39.47,48
410880,51360,-200867.89,33.35,338.01,48
410880,51360,-104141.32,89.04,181.03,48
410880,51360,-65679.12,87.89,116.27,48
410880,51360,-53667.48,31.76,90.78,48
410880,51360,-18137.62,88.50,36.46,48
410880,51360,-183548.75,89.21,314.32,48
411264,51408,-41410.70,89.18,75.70,48
411264,51408,-79072.54,30.38,133.41,48
411264,51408,-39867.72,26.37,67.58,48
411264,51408,-132120.54,91.06,228.19,48
411264,51408,-26081.22,87.45,49.93,48
411264,51408,-45726.21,91.61,83.29,48
411264,51408,-57599.52,29.02,97.24,48
411264,51408,-18150.85,32.73,31.42,48
411648,51456,-198173.73,86.82,338.25,48
411648,51456,-111849.71,30.75,188.24,48
411648,51456,-2304.86,87.92,10.01,48
411648,51456,-2487.71,89.92,10.44,48
411648,51456,-73181.84,90.37,129.15,48
411648,51456,-88790.63,32.64,149.49,48
411648,51456,-37233.49,86.28,68.28,48
411648,51456,-137750.22,28.88,231.60,48
412032,51504,-25181.43,88.26,48.18,48
412032,51504,-105292.89,33.99,177.69,48
412032,51504,-97850.97,85.99,170.11,48
412032,51504,-307034.40,30.74,515.85,48
412032,51504,-105584.62,88.64,183.50,48
412032,51504,-74472.51,91.04,131.42,48
412032,51504,-29659.41,89.03,55.95,48
412032,51504,-28307.65,83.75,53.11,48
412416,51552,-21721.51,89.11,42.54,48
412416,51552,-74294.63,88.53,131.10,48
412416,51552,-85633.65,89.73,149.87,48
412416,51552,-10670.84,91.51,24.47,48
412416,51552,-136088.11,90.34,234.77,48
412416,51552,-292.13,31.42,1.28,48
412416,51552,-463882.17,86.51,784.11,48
412416,51552,-16368.06,26.94,27.70,48
412800,51600,-62831.21,90.04,111.97,48
412800,51600,-427.40,85.85,6.60,48
412800,51600,-22514.62,28.91,38.57,48
412800,51600,-889530.22,91.03,1499.09,48
412800,51600,-2367.73,88.54,10.20,48
412800,51600,-168374.00,89.92,289.01,48
412800,51600,-185965.16,86.82,317.83,48
412800,51600,-2770.61,89.85,11.11,48
413184,51648,-51397.00,91.88,92.80,48
413184,51648,-33356.47,88.49,62.06,48
413184,51648,-52783.20,33.26,89.61,48
413184,51648,-73975.23,28.74,124.38,48
413184,51648,-88615.87,86.51,154.34,48
413184,51648,441.43,87.06,5.43,48
413184,51648,-17552.23,90.01,35.94,48
413184,51648,-18385.82,86.77,36.76,48
413568,51696,-40557.81,88.04,74.08,48
413568,51696,-170748.98,91.84,293.34,48
413568,51696,-167766.07,90.56,287.99,48
413568,51696,-75731.97,90.84,133.52,48
413568,51696,-192940.81,89.21,329.88,48
413568,51696,-48792.94,36.25,82.92,48
413568,51696,-6982.77,88.10,17.72,48
413568,51696,-27146.96,90.90,51.97,48
413952,51744,-128747.30,86.24,221.86,48
413952,51744,-548449.29,29.24,921.30,48
413952,51744,-62909.10,89.23,111.78,48
413952,51744,-65724.42,28.14,110.75,48
413952,51744,-181831.33,89.79,311.66,48
413952,51744,3776.49,87.65,0.00,48
413952,51744,-50927.09,87.98,91.43,48
413952,51744,-5140.44,28.02,9.06,48
414336,51792,-651159.04,87.69,1098.79,48
414336,51792,-2245.57,87.65,9.80,48
414336,51792,-1813.15,89.64,9.34,48
414336,51792,-22808.90,85.65,44.21,48
414336,51792,-23129.96,89.15,44.75,48
414336,51792,-267866.62,89.38,455.94,48
414336,51792,-155895.47,29.96,262.43,48
414336,51792,-31038.25,87.44,58.18,48
414720,51840,-10283.92,90.35,23.77,48
414720,51840,-117132.87,88.12,202.67,48
414720,51840,2534.32,90.99,2.24,48
414720,51840,-18113.30,86.46,36.29,48
414720,51840,-62812.71,90.16,111.81,48
414720,51840,-42458.76,32.49,72.09,48
414720,51840,-141275.83,26.73,237.82,48
414720,51840,-93337.15,35.85,157.64,48
415104,51888,-170459.06,91.34,292.56,48
415104,51888,-30949.20,87.78,58.00,48
415104,51888,-28452.52,87.89,53.99,48
415104,51888,-242689.71,89.12,413.31,48
415104,51888,-84751.29,28.93,142.51,48
415104,51888,-190828.32,33.19,321.42,48
415104,51888,-150766.09,87.95,259.05,48
415104,51888,-11743.06,89.49,26.06,48
415488,51936,-80640.63,86.17,141.24,48
415488,51936,-10398.69,89.37,23.54,48
415488,51936,-5691.47,27.91,10.18,48
415488,51936,-35630.08,87.11,65.85,48
415488,51936,-217726.18,30.88,366.03,48
415488,51936,-132497.06,87.84,228.39,48
415488,51936,-2343.54,27.25,4.65,48
415488,51936,-372418789754011.25,87.09,625000000212.53,48
415872,51984,-143115.37,89.37,246.52,48
415872,51984,-140204.58,90.35,241.70,48
415872,51984,2561.00,86.89,1.63,48
415872,51984,-61.63,26.66,0.78,48
415872,51984,-25114.15,27.51,42.81,48
415872,51984,-34625.06,88.14,64.45,48
415872,51984,-18450.40,87.96,36.84,48
415872,51984,-6390.86,88.73,16.74,48
416256,52032,-60407.09,34.61,102.36,48
416256,52032,-53752.57,88.35,96.37,48
416256,52032,-54088.38,86.95,96.55,48
416256,52032,3019.47,86.13,0.76,48
416256,52032,-27754.36,92.63,53.21,48
416256,52032,-17645.28,88.58,35.74,48
416256,52032,-12232.88,91.26,27.11,48
416256,52032,-13262.78,31.06,23.17,48
416640,52080,-639223.40,90.94,1079.24,48
416640,52080,-57996.26,90.87,103.65,48
416640,52080,-49259.04,27.77,83.01,48
416640,52080,-12193.04,86.45,26.18,48
416640,52080,-16934.51,32.91,29.15,48
416640,52080,-199366.73,28.37,335.34,48
416640,52080,-36374.99,88.55,67.07,48
416640,52080,-64012.53,26.15,107.95,48
417024,52128,-46708.66,26.55,78.40,48
417024,52128,-3537978501630088.50,90.35,5937500000237.23,48
417024,52128,-446232.28,88.92,755.04,48
417024,52128,-458748.47,89.44,776.12,48
417024,52128,-10319.89,89.35,23.40,48
417024,52128,-264959.64,30.69,444.78,48
417024,52128,-189293.06,88.04,323.57,48
417024,52128,-63452.38,89.87,112.92,48
417408,52176,-17968.82,33.08,31.10,48
417408,52176,-43637.91,87.13,79.02,48
417408,52176,-8683.03,86.45,20.42,48
417408,52176,-26048.61,89.43,50.07,48
417408,52176,-184069.02,84.00,314.37,48
417408,52176,-37967.11,88.61,69.87,48
417408,52176,-15348.23,29.50,26.45,48
417408,52176,-2044.23,29.10,3.89,48
417792,52224,-55917.63,86.47,100.12,48
417792,52224,-12631.45,86.95,27.12,48
417792,52224,-12412.64,87.55,26.87,48
417792,52224,-83568.36,31.13,140.82,48
417792,52224,-3926.38,89.23,12.88,48
417792,52224,-29231.08,28.33,49.70,48
417792,52224,-16157.23,22.26,27.39,48
417792,52224,-130018.18,90.63,224.65,48
418176,52272,-106582.53,86.92,184.90,48
418176,52272,-48884.57,89.46,88.15,48
418176,52272,-127666.20,34.22,214.67,48
418176,52272,-10856.42,93.19,25.10,48
418176,52272,-44429.26,29.58,75.43,48
418176,52272,-1728.55,87.88,8.92,48
418176,52272,-74249.81,28.59,125.06,48
418176,52272,-278804.37,92.32,474.58,48
418560,52320,-33434.67,85.46,61.87,48
418560,52320,-30425.13,31.65,52.11,48
418560,52320,-86298.30,91.63,151.44,48
418560,52320,-89448.73,27.80,150.62,48
418560,52320,-19912.11,31.83,34.05,48
418560,52320,-1117.90,29.21,2.66,48
418560,52320,-18650.65,29.64,32.28,48
418560,52320,-115801.59,89.03,200.57,48
418944,52368,2011.42,90.86,3.33,48
418944,52368,-54200.60,90.16,97.22,48
418944,52368,-11825.97,29.18,20.37,48
418944,52368,-11407.58,89.17,25.43,48
418944,52368,-140623.22,89.70,242.26,48
418944,52368,-78818.42,91.76,138.91,48
418944,52368,-21396.83,30.94,36.71,48
418944,52368,-49042.40,89.23,88.54,48
419328,52416,-209448.12,88.32,357.45,48
419328,52416,-131779.45,88.77,227.32,48
419328,52416,758.03,87.65,4.63,48
419328,52416,2995.94,85.91,0.89,48
419328,52416,-109636.58,89.54,190.30,48
419328,52416,1296.77,86.20,3.54,48
419328,52416,-62722.31,26.98,105.84,48
419328,52416,-22583.21,86.95,43.81,48
419712,52464,-4833.02,89.60,14.50,48
419712,52464,-113287.14,28.14,190.45,48
419712,52464,-174870.35,30.71,294.00,48
419712,52464,-172456.48,89.78,295.70,48
419712,52464,1906.73,88.94,3.23,48
419712,52464,-70831.52,30.05,119.67,48
419712,52464,-53670.02,34.86,90.90,48
419712,52464,-18444.64,87.28,37.02,48
420096,52512,-550677.73,87.44,930.30,48
420096,52512,-960.04,29.54,2.27,48
420096,52512,2985.18,84.52,0.74,48
420096,52512,-8468.12,89.30,20.45,48
420096,52512,-4198.05,28.17,7.67,48
420096,52512,-109411.55,90.48,189.99,48
420096,52512,-25633.58,89.05,49.45,48
420096,52512,-596377.86,89.30,1007.31,48
420480,52560,-6327.82,89.80,16.97,48
420480,52560,-160797.56,86.67,275.81,48
420480,52560,-82365.21,88.43,144.29,48
420480,52560,-244859.23,90.84,417.32,48
420480,52560,-190775.14,29.40,320.94,48
420480,52560,-931046974220211.38,26.78,1562500000240.78,48
420480,52560,-194959.98,32.13,328.04,48
420480,52560,-61970.87,29.94,104.15,48
420864,52608,-22023.13,32.47,37.77,48
420864,52608,-931046974265167.50,88.57,1562500000321.81,48
420864,52608,-162400.03,86.23,278.07,48
420864,52608,-185856.53,33.44,312.51,48
420864,52608,-116813.03,27.10,196.39,48
420864,52608,-39330.98,87.57,72.05,48
420864,52608,-137340.00,88.68,236.45,48
420864,52608,-184528.73,31.80,310.55,48
421248,52656,-14591.93,32.52,25.38,48
421248,52656,-18257.53,90.34,36.82,48
421248,52656,-29884.35,87.46,56.19,48
421248,52656,-698.75,88.82,7.59,48
421248,52656,-47552.45,31.63,80.49,48
421248,52656,3835.97,90.15,0.00,48
421248,52656,-30768.72,25.31,51.97,48
421248,52656,-1462.34,87.06,8.43,48
421632,52704,-64221.80,89.49,114.12,48
421632,52704,-92306.54,89.52,161.42,48
421632,52704,-144161.12,89.23,248.15,48
421632,52704,-224019.29,88.50,381.96,48
421632,52704,-17872.32,88.09,35.97,48
421632,52704,-145048.26,87.68,249.43,48
421632,52704,-13749.21,88.61,29.19,48
421632,52704,3684.93,89.35,0.08,48
422016,52752,-6947.44,31.61,12.49,48
422016,52752,-13030.24,25.65,22.25,48
422016,52752,-42439.91,88.50,77.45,48
422016,52752,-54160.21,90.01,97.22,48
422016,52752,-188314.59,86.49,321.93,48
422016,52752,-174613.18,89.99,299.34,48
422016,52752,-110718.38,28.03,186.53,48
422016,52752,-66992.01,86.84,118.38,48
422400,52800,-50065.28,28.26,84.72,48
422400,52800,3573.72,90.31,0.31,48
422400,52800,-136762.42,27.83,230.01,48
422400,52800,-499260.02,27.89,838.47,48
422400,52800,-65085.42,87.02,115.21,48
422400,52800,-65357.98,87.63,115.81,48
422400,52800,-76094.86,88.80,133.74,48
422400,52800,-1639.33,89.98,9.13,48
422784,52848,-1574.71,91.10,9.18,48
422784,52848,-262541.84,89.14,446.59,48
422784,52848,-38125.80,88.15,70.22,48
422784,52848,-47662.62,90.36,86.28,48
422784,52848,-77024.09,29.47,129.74,48
422784,52848,2861.81,89.98,1.62,48
422784,52848,-32067.70,30.74,54.46,48
422784,52848,-116295.22,30.07,195.98,48
423168,52896,-1887.89,29.76,4.09,48
423168,52896,-6566.39,89.04,17.29,48
423168,52896,-11975.29,28.47,21.13,48
423168,52896,-13222.24,85.36,27.94,48
423168,52896,-84007.27,90.02,147.26,48
423168,52896,-32276.41,32.39,54.75,48
423168,52896,-4327.83,87.75,13.31,48
423168,52896,-90186.74,88.38,157.44,48
423552,52944,-113673.43,26.11,190.98,48
423552,52944,-236271.30,33.24,397.70,48
423552,52944,-128908.54,30.56,217.32,48
423552,52944,-8483.99,24.43,14.77,48
423552,52944,-58740.70,28.58,99.25,48
423552,52944,-599684.90,88.73,1012.60,48
423552,52944,-7448375792814435.00,30.31,12500000000333.93,48
423552,52944,-11331.58,87.58,24.85,48
423936,52992,-8810.54,87.24,20.70,48
423936,52992,3447.81,89.36,0.43,48
423936,52992,-75901.40,88.51,133.53,48
423936,52992,-1204.91,27.64,2.72,48
423936,52992,-11609.09,89.60,25.75,48
423936,52992,-18308.41,29.69,31.46,48
423936,52992,-57125.00,90.30,102.35,48
423936,52992,-83195.53,30.16,140.37,48
424320,53040,-387075.34,88.04,655.70,48
424320,53040,-349961.12,87.73,593.36,48
424320,53040,-1489675158710163.50,29.45,2500000000314.27,48
424320,53040,-207608.08,88.82,354.53,48
424320,53040,-225197.24,28.35,378.51,48
424320,53040,-93625.45,88.51,163.23,48
424320,53040,-3472.10,91.09,12.34,48
424320,53040,-18470.31,90.71,37.32,48
424704,53088,-719178.25,33.93,1207.74,48
424704,53088,-533369.82,29.32,895.18,48
424704,53088,-76493.70,90.19,134.77,48
424704,53088,-20514.50,33.43,35.27,48
424704,53088,-25493.87,89.85,49.25,48
424704,53088,-140612.02,29.87,236.57,48
424704,53088,-126034.78,87.91,217.66,48
424704,53088,3091.44,88.66,0.95,48
425088,53136,287.49,28.52,0.31,48
425088,53136,-3139.42,31.35,6.04,48
425088,53136,-153248.51,31.73,257.78,48
425088,53136,-101853.69,88.05,177.03,48
425088,53136,-24575.01,86.46,47.14,48
425088,53136,-24575.30,29.69,41.82,48
425088,53136,-700147.54,87.29,1181.06,48
425088,53136,-93073.01,32.96,156.88,48
425472,53184,-117726.72,29.36,198.20,48
425472,53184,-102081.32,30.34,171.98,48
425472,53184,-74195.15,31.06,124.90,48
425472,53184,-40029.57,89.99,73.54,48
425472,53184,-85446.01,90.83,149.96,48
425472,53184,-65102.24,89.10,115.71,48
425472,53184,1576.56,88.34,3.37,48
425472,53184,-208510.78,88.95,356.26,48
425856,53232,-125052.96,32.18,210.65,48
425856,53232,-128930.17,33.67,217.16,48
425856,53232,-26031.52,87.81,49.73,48
425856,53232,-148434.24,89.56,255.23,48
425856,53232,-39824.90,87.86,72.90,48
425856,53232,3618.10,87.74,0.10,48
425856,53232,-25715.80,30.25,43.94,48
425856,53232,-3223.48,90.91,12.15,48
426240,53280,-58837.84,89.13,105.08,48
426240,53280,-18473.14,91.44,37.60,48
426240,53280,-62782.79,91.61,111.85,48
426240,53280,-1553.75,27.20,3.13,48
426240,53280,-10526.72,87.00,23.65,48
426240,53280,-131258.57,86.46,226.17,48
426240,53280,-50428.22,89.43,90.83,48
426240,53280,-18084.83,85.45,36.16,48
426624,53328,-5114.07,91.79,15.26,48
426624,53328,3981.24,90.94,0.00,48
426624,53328,-185841.19,26.59,312.35,48
426624,53328,-145184.79,90.52,250.08,48
426624,53328,-65116.12,89.46,115.37,48
426624,53328,-54757.38,87.34,97.62,48
426624,53328,111.04,27.22,0.78,48
426624,53328,-165410.02,90.07,283.84,48
427008,53376,-22840.18,30.12,38.82,48
427008,53376,-19401.11,89.10,38.84,48
427008,53376,-82857.34,89.73,145.38,48
427008,53376,-1458.19,91.78,9.24,48
427008,53376,-27593.01,84.31,52.08,48
427008,53376,-6473.27,90.05,17.24,48
427008,53376,-32147.05,88.46,59.88,48
427008,53376,-79378.71,89.50,139.38,48
427392,53424,-931046974328995.88,91.44,1562500000429.38,48
427392,53424,-43687.87,84.47,78.91,48
427392,53424,-183748.40,87.60,314.32,48
427392,53424,-4107.11,27.45,7.16,48
427392,53424,-11079.92,88.47,24.55,48
427392,53424,-54195.39,89.75,97.41,48
427392,53424,-15823.46,91.57,33.17,48
427392,53424,-195035.65,32.93,327.85,48
427776,53472,-25602.70,87.63,48.99,48
427776,53472,3802.29,90.20,0.00,48
427776,53472,-51620.34,87.20,92.59,48
427776,53472,-115727.54,26.21,194.27,48
427776,53472,3548.84,87.09,0.00,48
427776,53472,-39876.63,89.71,73.07,48
427776,53472,-34638.34,86.32,64.03,48
427776,53472,-67022.74,30.08,113.11,48
428160,53520,-228698.71,30.57,384.38,48
428160,53520,-4922.23,86.61,14.09,48
428160,53520,-3270.88,89.32,11.90,48
428160,53520,-7458.63,88.97,18.77,48
428160,53520,-60715.86,85.06,107.29,48
428160,53520,-128503.53,92.77,222.45,48
428160,53520,-53050.97,92.08,95.76,48
428160,53520,-33951.26,88.47,63.02,48
428544,53568,-674182.96,32.75,1132.18,48
428544,53568,-34760.08,89.80,64.74,48
428544,53568,-22686.29,32.07,38.36,48
428544,53568,-17514.48,86.73,35.23,48
428544,53568,-93.18,28.09,0.72,48
428544,53568,-39995.75,23.69,67.41,48
428544,53568,-73313.53,91.87,129.68,48
428544,53568,-70800.38,88.06,124.91,48
428928,53616,468.12,30.52,0.00,48
428928,53616,-127213.86,91.31,220.06,48
428928,53616,-182020.75,89.68,311.92,48
428928,53616,-431710.30,89.78,730.73,48
428928,53616,-51033.82,86.63,91.59,48
428928,53616,-121602.15,86.74,210.10,48
428928,53616,-26726.59,88.56,50.93,48
428928,53616,-1640.72,89.84,9.26,48
429312,53664,-25212.28,30.26,42.65,48
429312,53664,-1489675158720612.75,88.12,2500000000337.66,48
429312,53664,-31638.21,90.01,59.28,48
429312,53664,-205511.30,91.71,351.60,48
429312,53664,-12117.48,92.18,27.13,48
429312,53664,-24530.10,86.09,47.06,48
429312,53664,-38923.37,92.25,71.91,48
429312,53664,-15954.68,86.38,32.42,48
429696,53712,-29574.87,89.90,56.06,48
429696,53712,-53829.86,32.47,91.27,48
429696,53712,3241.67,89.59,0.76,48
429696,53712,-175280.00,87.75,300.24,48
429696,53712,-117608.89,88.86,203.82,48
429696,53712,-290721.59,30.35,488.81,48
429696,53712,-531106.27,26.08,891.68,48
429696,53712,-22355.89,27.88,38.08,48
430080,53760,-156703.83,88.50,269.29,48
430080,53760,-73110.22,87.94,128.68,48
430080,53760,3615.09,86.92,0.00,48
430080,53760,-203282.97,90.55,347.46,48
430080,53760,-24048.57,90.27,46.78,48
430080,53760,-43408.88,90.62,79.16,48
430080,53760,-158923.05,29.09,267.37,48
430080,53760,-720934.67,90.88,1216.32,48
430464,53808,-105568.99,90.85,183.68,48
430464,53808,2526.58,89.88,2.18,48
430464,53808,-50771.94,34.61,85.92,48
430464,53808,-16034.71,30.16,27.53,48
430464,53808,-3537978501649096.00,89.56,5937500000268.94,48
430464,53808,-13777.70,89.77,29.56,48
430464,53808,-111829.05,86.39,193.64,48
430464,53808,-24090.87,87.66,46.82,48
430848,53856,-10969.13,33.28,19.27,48
430848,53856,-34333.36,88.27,63.71,48
430848,53856,-6586.24,90.17,17.41,48
430848,53856,-143527.10,91.32,247.47,48
430848,53856,-862.01,88.33,7.38,48
430848,53856,-2852.38,87.76,10.99,48
430848,53856,-126426.60,92.23,218.93,48
430848,53856,-81672.25,88.73,143.41,48
431232,53904,-111784.14,87.83,193.54,48
431232,53904,-2296582536178521.00,27.98,3854166666872.23,48
431232,53904,-13910.38,86.82,29.17,48
431232,53904,-190944.87,88.64,326.70,48
431232,53904,-95107.66,90.97,166.01,48
431232,53904,3484.27,90.90,0.76,48
431232,53904,-28509.16,88.57,54.08,48
431232,53904,-65880.76,88.37,116.88,48
431616,53952,-92926.92,91.27,162.50,48
431616,53952,-67042.22,27.29,112.81,48
431616,53952,-246864.47,88.00,420.47,48
431616,53952,-191361.44,91.52,327.69,48
431616,53952,-103074.73,27.22,173.72,48
431616,53952,-14167.23,90.50,30.33,48
431616,53952,-48760.32,88.57,88.27,48
431616,53952,1768.30,88.74,3.04,48
432000,54000,-123334.81,30.72,207.55,48
432000,54000,-126936.93,85.68,218.80,48
432000,54000,-92545.11,88.16,161.39,48
432000,54000,-68089.42,88.98,120.48,48
432000,54000,-52700.36,28.45,89.55,48
432000,54000,-4977.97,28.50,9.12,48
432000,54000,-46506.68,91.51,84.53,48
432000,54000,3568.83,86.81,0.19,48
432384,54048,-84980.68,92.22,149.39,48
432384,54048,-70.04,28.26,0.76,48
432384,54048,-79995.62,88.94,140.44,48
432384,54048,-175404.78,30.65,295.38,48
432384,54048,-34225.57,90.15,63.77,48
432384,54048,-24393.86,88.94,47.18,48
432384,54048,-315750.80,33.60,530.92,48
432384,54048,-13286.26,30.58,23.16,48
432768,54096,-45573.41,89.46,82.99,48
432768,54096,-115765.91,91.96,200.81,48
432768,54096,-147368.16,90.86,253.75,48
432768,54096,1271.59,87.30,4.00,48
432768,54096,3519.13,88.75,0.38,48
432768,54096,-6960.48,87.53,17.97,48
432768,54096,-88895.89,88.65,155.19,48
432768,54096,-46157.89,89.52,83.54,48
433152,54144,-32162.15,32.41,54.36,48
433152,54144,-9136.88,92.58,22.17,48
433152,54144,-3537978501634960.50,85.83,5937500000245.00,48
433152,54144,-27703.43,29.76,46.79,48
433152,54144,-182763.56,88.29,312.72,48
433152,54144,-1489675158670738.75,84.41,2500000000253.25,48
433152,54144,-372418789779377.00,86.90,625000000255.39,48
433152,54144,-53446.74,87.07,95.76,48
433536,54192,-137180.94,87.38,236.13,48
433536,54192,-137537.83,89.59,237.22,48
433536,54192,-4770.14,87.41,13.98,48
433536,54192,-6006.80,91.04,16.62,48
433536,54192,-7245.27,86.71,18.02,48
433536,54192,3379.09,87.90,0.31,48
433536,54192,-156776.80,88.72,269.43,48
433536,54192,-83466.57,35.11,141.24,48
433920,54240,-131047.72,88.35,226.11,48
433920,54240,-182834.15,90.83,313.30,48
433920,54240,-3903.73,90.88,13.09,48
433920,54240,-76293.73,89.55,134.39,48
433920,54240,-228604.08,35.03,384.90,48
433920,54240,-626945.30,28.91,1052.52,48
433920,54240,-25198.64,91.28,48.65,48
433920,54240,-19153.37,30.60,32.44,48
434304,54288,-931046974259719.62,91.74,1562500000313.28,48
434304,54288,-100668.23,27.72,169.56,48
434304,54288,-197661.50,27.37,332.09,48
434304,54288,-9753.26,87.97,22.45,48
434304,54288,-20103.39,88.72,39.74,48
434304,54288,-14341.42,92.36,30.74,48
434304,54288,-129847.06,27.49,217.87,48
434304,54288,-53883.24,91.38,97.03,48
434688,54336,-240184.29,28.71,403.44,48
434688,54336,-56817.20,26.07,95.37,48
434688,54336,313.35,29.18,0.00,48
434688,54336,3162.71,87.66,0.67,48
434688,54336,-87100.10,34.18,147.57,48
434688,54336,-18532.05,88.23,37.26,48
434688,54336,-67105.33,91.01,119.05,48
434688,54336,-105960.29,89.22,184.17,48
435072,54384,589.41,87.09,5.11,48
435072,54384,-211025.91,91.69,360.70,48
435072,54384,-4879.48,89.63,14.61,48
435072,54384,-47977.73,26.55,80.56,48
435072,54384,2406.80,85.32,1.63,48
435072,54384,-372418789818169.75,90.65,625000000320.99,48
435072,54384,-1489675158777538.75,89.04,2500000000433.04,48
435072,54384,-7826.50,88.26,19.30,48
435456,54432,-632036.91,30.68,1060.85,48
435456,54432,386.94,26.03,0.00,48
435456,54432,-63267.39,86.67,112.01,48
435456,54432,-189743.05,90.60,324.98,48
435456,54432,-592065.89,86.77,999.40,48
435456,54432,-430219.36,88.97,728.15,48
435456,54432,-358659.10,27.00,602.45,48
435456,54432,-36304.42,90.17,67.27,48
435840,54480,-25901.66,25.23,43.81,48
435840,54480,-119204.42,29.07,200.57,48
435840,54480,-60755.47,26.92,102.26,48
435840,54480,-3262.56,27.73,6.40,48
435840,54480,-233203.80,91.56,397.83,48
435840,54480,-176997.71,33.91,297.75,48
435840,54480,-611273.24,30.38,1026.48,48
435840,54480,-98028.22,88.60,170.48,48
436224,54528,-66245.21,89.97,117.55,48
436224,54528,-32070.98,90.42,60.31,48
436224,54528,-74877.44,91.13,132.09,48
436224,54528,-7448375792811132.00,29.88,12500000000328.48,48
436224,54528,-127160.06,89.45,219.77,48
436224,54528,1569.21,89.65,3.65,48
436224,54528,-84010.55,33.35,141.62,48
436224,54528,-16905.36,86.81,34.07,48
436608,54576,-36624.95,87.38,67.38,48
436608,54576,-2754.28,90.86,11.18,48
436608,54576,-2897.66,88.76,10.99,48
436608,54576,-73141.80,87.70,128.88,48
436608,54576,-85568.89,88.88,149.92,48
436608,54576,-32459.46,87.63,60.76,48
436608,54576,-63461.94,32.38,107.45,48
436608,54576,-18874.93,85.12,37.42,48
436992,54624,-7448375792730585.00,28.21,12500000000193.43,48
436992,54624,-73601.34,90.10,129.91,48
436992,54624,-113492.37,28.85,191.23,48
436992,54624,-27131.39,92.61,52.42,48
436992,54624,-29497.63,88.47,55.72,48
436992,54624,-1516.87,89.11,8.61,48
436992,54624,-20036.86,88.19,39.83,48
436992,54624,-5237.43,85.12,14.37,48
437376,54672,-34721.64,28.31,58.82,48
437376,54672,-58915.27,87.64,105.16,48
437376,54672,-39527.75,25.40,66.83,48
437376,54672,-61646.44,87.03,109.44,48
437376,54672,-80679.33,87.46,141.27,48
437376,54672,-40457.77,88.18,73.81,48
437376,54672,-185810.13,28.14,312.25,48
437376,54672,-39337.78,90.48,72.47,48
437760,54720,-172538.02,89.61,295.91,48
437760,54720,-37313.59,89.06,68.58,48
437760,54720,-13144.15,26.53,22.58,48
437760,54720,-354128.03,88.93,600.43,48
437760,54720,-48665.56,33.32,81.99,48
437760,54720,-8342.77,28.61,14.68,48
437760,54720,-51091.35,89.95,92.09,48
437760,54720,-56488.74,36.62,95.98,48
438144,54768,-13069.52,32.18,22.78,48
438144,54768,-38433.47,26.01,65.00,48
438144,54768,-168364.70,31.30,283.07,48
438144,54768,-70725.16,89.18,124.91,48
438144,54768,-422066.86,89.94,714.54,48
438144,54768,-39704.24,89.38,72.99,48
438144,54768,214.24,88.20,5.85,48
438144,54768,-5420.26,88.57,15.40,48
438528,54816,-4231.00,87.84,13.40,48
438528,54816,-140764.69,87.76,242.31,48
438528,54816,-5195.49,83.55,14.33,48
438528,54816,-59826.76,87.70,106.26,48
438528,54816,2840.65,89.23,1.49,48
438528,54816,-4416.11,32.46,8.13,48
438528,54816,-82668.35,30.63,139.64,48
438528,54816,-99739.29,86.04,173.32,48
438912,54864,-14626.28,29.34,25.35,48
438912,54864,-4740.83,86.17,13.93,48
438912,54864,-101255.55,90.90,176.35,48
438912,54864,-2386.93,91.24,10.72,48
438912,54864,-203112.77,87.69,346.77,48
438912,54864,-7676.44,88.99,19.04,48
438912,54864,-216665.08,30.60,364.29,48
438912,54864,-112306.35,88.30,194.57,48
439296,54912,-19289.10,26.31,33.05,48
439296,54912,-79605.63,29.34,134.26,48
439296,54912,-145351.36,83.65,249.25,48
439296,54912,-94713.32,25.82,159.14,48
439296,54912,-42646.17,87.41,77.65,48
439296,54912,-88875.13,87.49,155.01,48
439296,54912,-117713.13,90.62,204.03,48
439296,54912,-194037.67,89.41,331.68,48
439680,54960,-50661.79,90.00,91.41,48
439680,54960,-11716.34,89.21,25.97,48
439680,54960,-6594.70,89.52,17.47,48
439680,54960,-34285.80,85.96,63.17,48
439680,54960,-160275.44,32.95,269.82,48
439680,54960,-11189.27,85.28,24.45,48
439680,54960,-27149.30,32.41,46.20,48
439680,54960,-61674.34,92.56,110.29,48
440064,55008,-159024.49,30.42,267.82,48
440064,55008,-73617.21,87.84,129.60,48
440064,55008,-133423.07,90.64,230.27,48
440064,55008,-62826.07,88.97,111.75,48
440064,55008,-6969.23,86.17,17.65,48
440064,55008,-35165.13,89.00,64.99,48
440064,55008,-760.18,28.48,1.63,48
440064,55008,-57510.74,89.63,103.03,48
440448,55056,-89262.58,84.12,155.28,48
440448,55056,-638903.93,89.17,1078.40,48
440448,55056,-136674.49,25.98,229.97,48
440448,55056,-176760.71,27.43,296.95,48
440448,55056,-90460.01,90.44,158.25,48
440448,55056,-182810.93,88.30,313.23,48
440448,55056,-148837.87,88.58,255.91,48
440448,55056,-66818.88,30.45,112.78,48
440832,55104,-35965.62,90.88,66.93,48
440832,55104,-5128.77,29.23,9.43,48
440832,55104,-48379.78,86.70,87.13,48
440832,55104,-9066.25,91.10,21.71,48
440832,55104,-75044.92,30.47,126.50,48
440832,55104,-142838.33,88.33,245.81,48
440832,55104,-44532.83,91.23,81.24,48
440832,55104,-184194.22,90.05,315.29,48
441216,55152,-65662.88,87.82,116.13,48
441216,55152,-83752.30,90.25,146.90,48
441216,55152,-17108.96,89.01,34.97,48
441216,55152,-31393.46,24.85,53.09,48
441216,55152,-95736.56,31.70,161.71,48
441216,55152,-93552.23,36.97,157.86,48
441216,55152,-102466.45,92.58,178.54,48
441216,55152,-25157.38,26.73,42.69,48
441600,55200,-142820.27,88.23,245.88,48
441600,55200,-48560.57,31.01,82.32,48
441600,55200,-143042.63,90.86,246.49,48
441600,55200,-39308.45,87.74,72.19,48
441600,55200,-580208.40,88.92,979.77,48
441600,55200,-36493.84,87.55,67.22,48
441600,55200,-171547.42,89.08,294.01,48
441600,55200,-171235.95,88.36,293.50,48
441984,55248,-76410.11,89.61,134.67,48
441984,55248,-107294.01,31.43,180.87,48
441984,55248,-7448375792796464.00,89.06,12500000000309.44,48
441984,55248,-72453.27,30.00,122.47,48
441984,55248,-119993.22,91.11,207.78,48
441984,55248,-88833.37,30.43,149.54,48
441984,55248,-69668.67,30.88,117.53,48
441984,55248,-2537.76,88.92,10.44,48
442368,55296,-117445.56,88.02,203.06,48
442368,55296,-2317.34,88.23,10.03,48
442368,55296,-36622.10,90.14,67.99,48
442368,55296,-43450.81,27.67,73.14,48
442368,55296,-7346.27,28.90,13.11,48
442368,55296,-98029.30,89.03,170.83,48
442368,55296,-1231.99,35.02,3.40,48
442368,55296,-3537978501718995.50,87.01,5937500000385.78,48
442752,55344,-13.46,31.47,0.93,48
442752,55344,-372418789745651.69,86.31,625000000198.54,48
442752,55344,-98262.87,35.86,166.12,48
442752,55344,-125061.11,89.23,215.95,48
442752,55344,-3409.22,90.50,12.25,48
442752,55344,-2268.12,91.25,10.49,48
442752,55344,-139332.04,88.67,239.83,48
442752,55344,-151917.54,88.14,261.03,48
443136,55392,-947.80,32.93,2.18,48
443136,55392,-23510.88,30.95,40.17,48
443136,55392,-36804.96,89.19,67.76,48
443136,55392,1129.25,88.37,4.19,48
443136,55392,-82822.43,29.81,139.83,48
443136,55392,-198762.24,89.79,339.92,48
443136,55392,-633859.88,29.21,1063.84,48
443136,55392,-51684.49,90.48,93.07,48
443520,55440,-72674.94,90.33,128.30,48
443520,55440,-67043.15,33.10,113.56,48
443520,55440,-216356.42,87.29,368.91,48
443520,55440,-22551.71,89.86,44.05,48
443520,55440,-81518.12,88.25,142.96,48
443520,55440,-96406.37,89.28,167.89,48
443520,55440,-13616.34,89.62,29.12,48
443520,55440,-440287.74,88.14,744.94,48
443904,55488,-5590.53,87.90,15.37,48
443904,55488,-9864.80,89.33,22.68,48
443904,55488,-275822.13,91.77,469.54,48
443904,55488,-94302.02,32.13,158.93,48
443904,55488,-54069.89,92.22,97.46,48
443904,55488,-121309.02,29.28,204.22,48
443904,55488,-11431.74,91.06,25.76,48
443904,55488,1444.04,89.54,3.93,48
444288,55536,-146674.42,89.05,252.31,48
444288,55536,-279.83,88.52,6.52,48
444288,55536,-94747.11,89.37,165.20,48
444288,55536,-1076.68,87.93,8.09,48
444288,55536,-92275.69,87.70,160.73,48
444288,55536,-137378.28,33.96,231.51,48
444288,55536,-30331.84,92.05,57.53,48
444288,55536,-189668.64,31.62,319.04,48
444672,55584,-113051.85,31.04,190.16,48
444672,55584,-42582.20,86.85,77.32,48
444672,55584,-7584.66,26.24,13.09,48
444672,55584,-127924.39,87.58,220.76,48
444672,55584,-75668.98,90.92,133.45,48
444672,55584,-66973.49,86.28,118.23,48
444672,55584,-53019.16,30.69,89.65,48
444672,55584,-60645.57,32.01,102.35,48
445056,55632,-33741.59,92.76,63.38,48
445056,55632,-102330.62,90.58,178.22,48
445056,55632,-24802.03,25.51,41.99,48
445056,55632,-158966.87,88.30,272.93,48
445056,55632,-146949.35,87.22,252.73,48
445056,55632,-170679.99,31.00,287.43,48
445056,55632,-145957.12,88.56,250.94,48
445056,55632,-124836.42,89.80,215.85,48
445440,55680,-169137.64,32.96,284.60,48
445440,55680,-202289.61,91.89,346.06,48
445440,55680,-9496.62,88.94,22.23,48
445440,55680,-32465.57,30.81,54.93,48
445440,55680,-31047.83,26.93,52.34,48
445440,55680,-85718.17,90.13,150.05,48
445440,55680,1580.46,88.89,3.62,48
445440,55680,-14868.34,89.41,31.19,48
445824,55728,-12825.47,29.44,22.36,48
445824,55728,-58853.18,90.20,104.96,48
445824,55728,-2533.58,89.03,10.57,48
445824,55728,-185835.18,30.81,312.21,48
445824,55728,-8303.14,31.28,15.18,48
445824,55728,-293014.61,33.49,492.31,48
445824,55728,-3824.46,91.53,12.96,48
445824,55728,-683793.34,33.83,1148.55,48
446208,55776,-10050.96,91.85,23.55,48
446208,55776,-7656.50,29.84,13.82,48
446208,55776,-63721.92,85.21,112.50,48
446208,55776,-92491.13,89.90,161.27,48
446208,55776,-15063.32,86.71,31.15,48
446208,55776,-102871.88,27.22,173.25,48
446208,55776,-3022.79,88.27,11.20,48
446208,55776,-20505.06,27.47,34.66,48
446592,55824,-130046.66,88.70,224.54,48
446592,55824,-43054.29,87.66,78.27,48
446592,55824,-78955.84,31.99,133.26,48
446592,55824,-101949.61,89.09,177.22,48
446592,55824,-35069.70,87.26,64.86,48
446592,55824,-111368.89,30.93,187.58,48
446592,55824,-174766.23,86.50,299.21,48
446592,55824,-7448375792852586.00,31.56,12500000000398.43,48
446976,55872,-17380.63,90.02,35.55,48
446976,55872,-54533.63,90.30,98.10,48
446976,55872,-81339.60,89.19,142.81,48
446976,55872,-42843.33,86.10,77.96,48
446976,55872,-674291.55,91.22,1138.12,48
446976,55872,-90326.48,89.74,157.92,48
446976,55872,-153226.88,34.84,258.56,48
446976,55872,-227160.83,89.33,387.47,48
447360,55920,-205506.83,86.87,350.53,48
447360,55920,-13471.85,91.21,29.21,48
447360,55920,-5797.02,87.40,15.82,48
447360,55920,-11834.11,89.82,26.20,48
447360,55920,-5290.89,87.05,14.67,48
447360,55920,-27016.56,23.50,45.51,48
447360,55920,-532.28,89.24,7.12,48
447360,55920,-46399.50,88.81,83.84,48
447744,55968,-12120.63,88.55,26.40,48
447744,55968,-34558.45,85.39,63.70,48
447744,55968,-155297.11,90.19,267.08,48
447744,55968,-395352.50,27.46,664.03,48
447744,55968,-9016.42,86.18,21.06,48
447744,55968,-192632.50,29.46,324.22,48
447744,55968,-15978.73,84.94,32.68,48
447744,55968,-36316.31,30.05,61.84,48
448128,56016,-183095.91,88.20,313.21,48
448128,56016,-69486.21,86.18,122.40,48
448128,56016,-92401.83,89.98,161.51,48
448128,56016,-23875.07,92.19,46.67,48
448128,56016,-109162.91,29.70,183.89,48
448128,56016,-123902.47,89.17,214.25,48
448128,56016,-80718.83,28.15,135.88,48
448128,56016,-21111.71,26.28,35.71,48
448512,56064,-165752.87,31.37,278.88,48
448512,56064,-79832.10,29.77,134.68,48
448512,56064,-1446.60,86.96,8.54,48
448512,56064,-3284.64,87.44,11.51,48
448512,56064,-74533.60,88.50,131.22,48
448512,56064,-44882.60,31.72,75.52,48
448512,56064,-2296582536217323.00,86.07,3854166666942.23,48
448512,56064,-20354.08,92.30,40.92,48
448896,56112,-88940.60,87.14,155.01,48
448896,56112,-56901.17,89.26,101.82,48
448896,56112,-401618.09,30.20,674.79,48
448896,56112,-5262.54,28.05,9.32,48
448896,56112,-6210.50,88.43,16.49,48
448896,56112,-1703.77,90.77,9.21,48
448896,56112,-86675.80,88.58,151.85,48
448896,56112,-1671.84,31.66,3.72,48
449280,56160,-7469.48,31.33,13.42,48
449280,56160,-3739.58,28.07,6.66,48
449280,56160,-50784.66,87.88,91.43,48
449280,56160,-1727.52,29.53,3.49,48
449280,56160,-11426.68,86.98,25.04,48
449280,56160,-2296582536217465.00,85.24,3854166666942.50,48
449280,56160,-40710.32,32.47,69.19,48
449280,56160,-142019.33,91.53,245.00,48
449664,56208,-55511.27,89.78,99.44,48
449664,56208,-89166.76,35.45,150.57,48
449664,56208,-39409.51,28.60,66.77,48
449664,56208,-43258.47,89.07,78.87,48
449664,56208,-268374.79,31.40,451.21,48
449664,56208,-15096.92,87.50,31.37,48
449664,56208,-142083.61,88.21,244.35,48
449664,56208,-372418789709052.50,86.15,625000000137.11,48
450048,56256,-56364.94,85.03,100.06,48
450048,56256,-931046974197421.25,23.67,1562500000202.46,48
450048,56256,-190212.23,35.02,320.06,48
450048,56256,-8913.58,88.29,21.20,48
450048,56256,-53.68,87.11,5.81,48
450048,56256,-35433.96,87.13,65.43,48
450048,56256,-68741.57,88.93,121.65,48
450048,56256,-125965.68,88.46,217.42,48
450432,56304,-57005.17,89.18,101.75,48
450432,56304,-23410.81,90.01,45.64,48
450432,56304,-89537.09,87.65,156.36,48
450432,56304,-98944.63,90.26,172.43,48
450432,56304,-20492.44,89.57,40.74,48
450432,56304,-76790.42,26.59,129.40,48
450432,56304,-7202.36,25.65,12.93,48
450432,56304,-122522.52,28.06,206.17,48
450816,56352,-108275.34,93.06,188.51,48
450816,56352,-5127.73,25.92,9.13,48
450816,56352,-19532.68,29.90,33.57,48
450816,56352,-41011.99,91.64,75.50,48
450816,56352,-94001.26,88.39,163.81,48
450816,56352,-23574.75,30.89,40.55,48
450816,56352,-67617.11,87.65,119.30,48
450816,56352,-420991.99,30.94,707.12,48
451200,56400,-60973.79,87.25,108.34,48
451200,56400,-67257.46,28.74,113.28,48
451200,56400,-18331.77,27.95,31.53,48
451200,56400,-13953.29,86.70,29.20,48
451200,56400,-164400.99,90.28,282.22,48
451200,56400,-130.91,26.43,1.06,48
451200,56400,-31441.33,31.86,53.62,48
451200,56400,-16041.54,31.85,27.53,48
451584,56448,-92846.71,33.43,156.83,48
451584,56448,2445.12,87.34,1.87,48
451584,56448,-68025.86,33.05,115.00,48
451584,56448,-16088.37,89.84,33.50,48
451584,56448,-280155.16,88.74,476.39,48
451584,56448,-13077.66,89.25,28.30,48
451584,56448,-167550.25,90.37,287.52,48
451584,56448,-165275.90,87.27,283.39,48
451968,56496,-17363.91,30.82,29.47,48
451968,56496,-2247.11,88.29,9.91,48
451968,56496,-27110.23,89.01,51.79,48
451968,56496,-3537978501640139.00,90.02,5937500000253.92,48
451968,56496,-109113.54,88.88,189.30,48
451968,56496,-27451.86,88.39,52.15,48
451968,56496,-617714.75,88.97,1042.85,48
451968,56496,-133437.97,89.32,230.07,48
452352,56544,-29293.63,29.44,49.67,48
452352,56544,-55740.03,31.21,94.15,48
452352,56544,-43430.06,89.00,79.06,48
452352,56544,-55103.55,88.82,98.66,48
452352,56544,-6417.33,89.28,17.07,48
452352,56544,-163406.40,88.22,280.23,48
452352,56544,-5647.64,89.42,15.92,48
452352,56544,-82914.76,89.35,145.37,48
452736,56592,-27593.78,30.65,46.71,48
452736,56592,-140231.02,87.89,241.29,48
452736,56592,-78545.73,29.04,132.18,48
452736,56592,-4125.32,90.87,13.61,48
452736,56592,-11884.00,88.17,25.94,48
452736,56592,-14176.56,88.79,30.11,48
452736,56592,-190588.89,32.25,320.56,48
452736,56592,-76547.07,25.78,128.90,48
453120,56640,-35098.01,91.26,65.48,48
453120,56640,-102756.28,87.75,178.51,48
453120,56640,-18027.87,88.47,36.54,48
453120,56640,-159093.09,87.48,273.03,48
453120,56640,-13589.21,88.35,29.12,48
453120,56640,-75438.10,27.22,127.07,48
453120,56640,-169367.98,90.21,290.63,48
453120,56640,-261601.16,31.53,440.09,48
453504,56688,-64228.17,30.01,108.15,48
453504,56688,-10272.50,31.32,17.99,48
453504,56688,-176386.74,89.33,302.20,48
453504,56688,-77451.63,89.55,136.03,48
453504,56688,-5634.69,88.75,15.87,48
453504,56688,-37700.56,87.18,69.25,48
453504,56688,-62378.51,92.36,111.41,48
453504,56688,-79016.64,92.90,139.36,48
453888,56736,-11600.33,24.57,19.95,48
453888,56736,-635758.26,30.92,1067.75,48
453888,56736,-13627.09,28.15,23.41,48
453888,56736,-60572.61,27.44,102.40,48
453888,56736,-104828.02,89.15,182.20,48
453888,56736,-121916.99,89.07,211.02,48
453888,56736,-35335.70,29.87,60.16,48
453888,56736,-2296582536244870.00,91.48,3854166666989.45,48
454272,56784,-43220.59,91.69,79.32,48
454272,56784,-65965.92,29.95,111.21,48
454272,56784,-380572.29,28.43,638.66,48
454272,56784,-60128.88,91.39,107.42,48
454272,56784,-2296582536280556.00,33.49,3854166667043.33,48
454272,56784,-67136.48,87.94,118.60,48
454272,56784,1482.48,85.74,3.40,48
454272,56784,-13364.60,89.12,28.85,48
454656,56832,-719534.96,34.69,1208.48,48
454656,56832,-197234.05,84.89,336.76,48
454656,56832,2808.73,88.15,1.24,48
454656,56832,-59062.53,88.12,105.12,48
454656,56832,-2556.48,88.74,10.45,48
454656,56832,-131336.39,91.90,227.14,48
454656,56832,-931046974249571.62,85.85,1562500000295.25,48
454656,56832,-175372.99,90.36,300.64,48
455040,56880,-25017.95,88.29,48.14,48
455040,56880,-479836.93,87.46,811.28,48
455040,56880,-42524.73,90.59,77.65,48
455040,56880,-27365.58,87.73,52.10,48
455040,56880,-117295.99,89.77,203.16,48
455040,56880,-55089.93,89.49,98.73,48
455040,56880,-133184.15,89.11,229.95,48
455040,56880,-43664.38,28.42,73.90,48
455424,56928,-761.40,89.49,7.56,48
455424,56928,-15047.12,31.74,25.77,48
455424,56928,-29603.66,29.00,50.23,48
455424,56928,-195496.76,28.68,328.60,48
455424,56928,-68123.85,89.26,120.49,48
455424,56928,-154028.57,30.81,259.26,48
455424,56928,-29048.66,87.94,55.04,48
455424,56928,-25354.84,87.45,48.75,48
455808,56976,-33239.85,30.36,56.34,48
455808,56976,2590.13,86.49,1.50,48
455808,56976,-414568.56,89.51,702.20,48
455808,56976,-109749.68,90.23,190.50,48
455808,56976,-139718.29,85.26,240.34,48
455808,56976,-10439.58,90.52,24.06,48
455808,56976,-51826.69,89.64,93.15,48
455808,56976,-288572.87,35.12,485.43,48
456192,57024,-127389.23,29.39,214.51,48
456192,57024,-50192.82,29.29,84.75,48
456192,57024,-119480.41,88.01,206.66,48
456192,57024,-106644.75,87.45,184.98,48
456192,57024,-740056.86,90.25,1248.47,48
456192,57024,58.54,30.76,0.96,48
456192,57024,-131273.24,33.32,220.82,48
456192,57024,-7599.75,30.25,13.42,48
456576,57072,-33587.28,90.98,62.90,48
456576,57072,-101602.56,91.02,176.98,48
456576,57072,-23188.69,89.93,45.19,48
456576,57072,-190751.45,88.00,325.88,48
456576,57072,-37799.91,86.78,69.29,48
456576,57072,-63466.53,88.70,112.67,48
456576,57072,-27659.40,88.80,52.66,48
456576,57072,-37213.46,87.28,68.44,48
456960,57120,-64567.27,86.48,114.07,48
456960,57120,-232828.57,91.69,397.46,48
456960,57120,-20676.89,85.67,40.44,48
456960,57120,-96051.87,86.35,167.28,48
456960,57120,3131.53,86.01,0.76,48
456960,57120,-74.19,90.93,6.80,48
456960,57120,-19726.41,87.97,39.29,48
456960,57120,-143694.56,87.27,247.18,48
457344,57168,-49792.56,90.33,89.95,48
457344,57168,-46816.79,84.11,84.17,48
457344,57168,-151591.00,27.91,254.81,48
457344,57168,-1946.98,29.88,3.99,48
457344,57168,-16785.59,91.71,34.81,48
457344,57168,-29616.51,86.87,55.56,48
457344,57168,-140105.50,85.73,240.81,48
457344,57168,-54172.61,86.83,96.77,48
457728,57216,-86629.51,29.96,146.07,48
457728,57216,-98907.43,88.28,172.16,48
457728,57216,-53045.19,88.87,95.37,48
457728,57216,-133061.65,91.54,229.93,48
457728,57216,-19763.43,86.22,39.00,48
457728,57216,-159045.98,89.94,273.14,48
457728,57216,-2976.95,24.25,5.30,48
457728,57216,-55379.67,29.67,93.38,48
458112,57264,-22196.03,31.06,38.21,48
458112,57264,-46134.08,90.97,84.02,48
458112,57264,-179926.26,29.82,302.56,48
458112,57264,-25224.84,30.95,42.95,48
458112,57264,-372418789795159.00,29.54,625000000276.17,48
458112,57264,-372418789808427.06,90.12,625000000304.27,48
458112,57264,-17515.62,88.66,35.62,48
458112,57264,1760.46,86.96,3.12,48
458496,57312,-59732.12,88.49,106.35,48
458496,57312,-58686.29,89.52,104.64,48
458496,57312,-60413.36,31.66,101.86,48
458496,57312,-113445.67,31.26,190.84,48
458496,57312,-47155.58,91.67,85.72,48
458496,57312,-137034.76,89.49,236.18,48
458496,57312,-47785.88,88.74,86.35,48
458496,57312,-8000.92,87.09,19.38,48
458880,57360,-141413.20,88.28,243.39,48
458880,57360,3619.85,88.25,0.02,48
458880,57360,-36546.46,88.22,67.44,48
458880,57360,-23254.47,87.74,44.92,48
458880,57360,-2908.13,87.90,10.89,48
458880,57360,-405144.86,87.63,685.83,48
458880,57360,-25926.62,88.18,49.87,48
458880,57360,-188932.21,90.62,323.43,48
459264,57408,-58698.10,88.87,104.70,48
459264,57408,-12665.91,91.13,27.88,48
459264,57408,-75316.06,28.95,126.86,48
459264,57408,-10057.39,89.95,23.15,48
459264,57408,-9184.51,85.21,21.28,48
459264,57408,-48192.67,87.84,87.01,48
459264,57408,-45228.92,88.50,82.00,48
459264,57408,-82587.12,28.66,139.13,48
459648,57456,-43985.57,34.68,75.18,48
459648,57456,-76419.25,32.41,129.06,48
459648,57456,-50054.70,88.12,90.15,48
459648,57456,-169038.59,32.41,284.68,48
459648,57456,2335.53,90.89,2.57,48
459648,57456,-9569.07,89.10,22.35,48
459648,57456,-6548.18,87.83,17.08,48
459648,57456,-114575.91,87.55,198.09,48
460032,57504,-158813.04,90.27,272.74,48
460032,57504,-1261.92,25.71,2.68,48
460032,57504,-77226.50,92.63,136.36,48
460032,57504,-62311.25,86.23,110.35,48
460032,57504,-280.38,88.30,6.66,48
460032,57504,-202034.91,86.06,344.92,48
460032,57504,-96125.25,33.66,162.26,48
460032,57504,-32639.75,32.12,55.55,48
460416,57552,-172361.09,33.13,289.81,48
460416,57552,-54313.59,26.75,91.35,48
460416,57552,-1489675158662875.25,89.51,2500000000240.95,48
460416,57552,-107516.19,90.66,186.95,48
460416,57552,-67070.34,88.98,118.71,48
460416,57552,-284614.10,90.72,484.05,48
460416,57552,-9273.05,85.69,21.24,48
460416,57552,-131607.73,86.76,226.82,48
460800,57600,-39464.86,89.49,72.54,48
460800,57600,-772082.60,90.98,1302.20,48
460800,57600,-45217.62,83.73,81.30,48
460800,57600,-111557.88,27.57,187.73,48
460800,57600,-101517.16,90.00,176.54,48
460800,57600,-8244.41,89.70,20.01,48
460800,57600,-451993.51,90.81,765.17,48
460800,57600,-212193.19,30.04,356.51,48
461184,57648,-216011.95,90.41,368.91,48
461184,57648,-53648.55,26.49,90.58,48
461184,57648,-78521.48,84.34,137.49,48
461184,57648,-41477.93,89.28,75.94,48
461184,57648,507.09,29.64,0.05,48
461184,57648,-47783.20,87.32,86.27,48
461184,57648,-264103.83,88.88,449.31,48
461184,57648,3398.27,86.96,0.18,48
461568,57696,-12180.43,87.38,26.47,48
461568,57696,-4105.98,87.99,12.87,48
461568,57696,-14263.76,88.19,30.02,48
461568,57696,-6862.64,91.92,18.20,48
461568,57696,-177613.86,32.38,298.62,48
461568,57696,-14944.06,29.42,25.43,48
461568,57696,-12085.74,29.48,21.09,48
461568,57696,-24946.48,27.77,42.46,48
461952,57744,3759.04,89.24,0.00,48
461952,57744,-165892.51,30.23,279.30,48
461952,57744,-4995.02,87.20,14.45,48
461952,57744,-7473.10,87.30,18.58,48
461952,57744,-9634.76,32.78,16.92,48
461952,57744,-1755.62,87.42,8.94,48
461952,57744,-647850.43,90.10,1093.69,48
461952,57744,-222021.10,29.42,372.74,48
462336,57792,-15956.59,90.62,33.33,48
462336,57792,-26898.32,91.00,51.74,48
462336,57792,-52712.47,91.20,94.96,48
462336,57792,3038.38,87.93,0.83,48
462336,57792,-212735.97,33.90,357.75,48
462336,57792,-89293.10,32.94,150.48,48
462336,57792,-14387.35,89.64,30.39,48
462336,57792,-8352.24,89.77,20.36,48
462720,57840,-32180.81,26.12,54.36,48
462720,57840,-87717.93,24.03,147.59,48
462720,57840,-1066.61,25.46,2.39,48
462720,57840,-108731.40,85.04,187.99,48
462720,57840,-33833.04,89.39,62.73,48
462720,57840,-52659.59,87.65,94.38,48
462720,57840,-183744.57,91.59,315.07,48
462720,57840,-6625.55,87.06,17.28,48
463104,57888,-131720.63,89.90,227.24,48
463104,57888,-237206.46,32.98,399.10,48
463104,57888,-7478.10,89.35,18.85,48
463104,57888,-31462.75,87.90,59.13,48
463104,57888,-28969.86,88.48,54.72,48
463104,57888,-8547.52,84.99,20.18,48
463104,57888,-109136.78,28.06,183.51,48
463104,57888,-84348.97,87.97,147.60,48
463488,57936,-931046974218702.62,90.18,1562500000244.26,48
463488,57936,-19560.90,86.82,38.97,48
463488,57936,-57138.79,90.52,102.20,48
463488,57936,-22342.50,31.57,38.11,48
463488,57936,-107917.61,29.08,181.79,48
463488,57936,-86300.74,89.97,151.17,48
463488,57936,-49770.14,89.97,89.92,48
463488,57936,-1094.68,88.91,8.12,48
463872,57984,-44369.83,88.86,80.68,48
463872,57984,-50427.42,87.93,90.42,48
463872,57984,-12461.01,86.79,26.87,48
463872,57984,-58403.40,88.01,104.03,48
463872,57984,-58863.87,89.53,105.05,48
463872,57984,-60399.80,29.53,102.30,48
463872,57984,-1077.22,25.35,2.17,48
463872,57984,-166911.30,91.96,286.61,48
464256,58032,-6551.26,88.30,17.18,48
464256,58032,-686158.26,32.47,1152.26,48
464256,58032,-510784.44,86.80,863.33,48
464256,58032,-89864.02,89.28,156.92,48
464256,58032,-145565.52,87.56,250.39,48
464256,58032,-780.86,34.42,2.18,48
464256,58032,3732.61,90.21,0.28,48
464256,58032,388.96,85.41,5.09,48
464640,58080,-223364.18,89.74,381.15,48
464640,58080,3652.65,89.13,0.04,48
464640,58080,-392923.62,86.29,665.44,48
464640,58080,-10890.34,90.51,24.80,48
464640,58080,3024.11,87.75,1.29,48
464640,58080,-133174.83,34.22,224.22,48
464640,58080,-27522.84,89.11,52.38,48
464640,58080,-29485.83,28.34,49.91,48
465024,58128,-124158.61,89.64,214.81,48
465024,58128,-50432.32,90.72,91.04,48
465024,58128,-237304.22,92.11,404.91,48
465024,58128,272.10,22.94,0.00,48
465024,58128,-384313.13,31.35,646.06,48
465024,58128,-92565.17,29.07,155.89,48
465024,58128,-143158.43,90.41,246.62,48
465024,58128,-36315.49,28.43,61.54,48
465408,58176,-99186.78,86.60,172.42,48
465408,58176,-2296582536265411.00,35.45,3854166667018.20,48
465408,58176,-606557.08,86.32,1023.62,48
465408,58176,-31929.48,26.49,54.06,48
465408,58176,-28758.63,85.98,53.90,48
465408,58176,-11502.60,86.99,25.36,48
465408,58176,-46482.35,31.68,78.65,48
465408,58176,-1864.31,87.35,9.21,48
465792,58224,-2745.50,27.64,5.00,48
465792,58224,-34180.71,89.23,63.67,48
465792,58224,-13820.31,89.13,29.31,48
465792,58224,-237994.50,31.29,400.15,48
465792,58224,-15506.05,88.31,32.09,48
465792,58224,-241591.13,88.39,411.49,48
465792,58224,-195564.44,86.21,334.23,48
465792,58224,-17582.69,88.90,35.77,48
466176,58272,2258.13,89.08,2.41,48
466176,58272,-38159.58,29.16,64.49,48
466176,58272,-24656.85,89.45,47.68,48
466176,58272,-263602.54,30.99,443.32,48
466176,58272,-67847.55,89.92,120.37,48
466176,58272,-414596.00,90.13,702.16,48
466176,58272,-29747.95,88.00,55.92,48
466176,58272,-195186.09,86.96,333.46,48
466560,58320,-931046974212304.62,89.12,1562500000233.51,48
466560,58320,-90520.14,90.96,158.48,48
466560,58320,3473.72,84.80,0.00,48
466560,58320,-12938.11,84.83,27.42,48
466560,58320,-54901.61,90.68,98.61,48
466560,58320,-17860.30,87.96,35.99,48
466560,58320,-56862.96,88.36,101.76,48
466560,58320,-385400.41,87.21,652.67,48
466944,58368,-5913.06,85.64,15.79,48
466944,58368,-168557.75,28.78,283.32,48
466944,58368,-107682.90,90.20,187.13,48
466944,58368,-152159.52,31.25,255.79,48
466944,58368,-136052.62,88.48,234.56,48
466944,58368,-21355.20,26.15,36.48,48
466944,58368,-44972.02,89.45,81.68,48
466944,58368,-81968.24,92.62,144.20,48
467328,58416,-7365.57,31.23,12.95,48
467328,58416,-655832.01,31.74,1101.28,48
467328,58416,-65654.25,34.89,111.37,48
467328,58416,-61208.77,29.38,103.31,48
467328,58416,3371.45,88.01,0.39,48
467328,58416,2902.52,87.61,1.14,48
467328,58416,-21988.84,87.98,43.04,48
467328,58416,2310.08,89.45,2.57,48
467712,58464,-63110.36,89.63,112.11,48
467712,58464,-1538.41,27.37,3.03,48
467712,58464,-2296582536228196.50,89.32,3854166666961.03,48
467712,58464,-94956.60,88.10,165.39,48
467712,58464,-17182.33,34.68,30.00,48
467712,58464,-82978.86,87.28,145.01,48
467712,58464,-111252.91,90.69,193.23,48
467712,58464,3653.08,87.18,0.00,48
468096,58512,-46966.56,89.05,85.11,48
468096,58512,-153380.25,29.03,257.98,48
468096,58512,-80988.30,32.82,136.71,48
468096,58512,-1489675158732870.00,29.08,2500000000352.41,48
468096,58512,-69301.11,86.38,122.03,48
468096,58512,-92858.26,29.76,156.27,48
468096,58512,-629711.31,89.99,1063.17,48
468096,58512,-43751.09,90.03,79.90,48
468480,58560,-19741.30,89.56,39.44,48
468480,58560,-109389.45,88.38,189.63,48
468480,58560,-81249.72,32.17,137.13,48
468480,58560,-26236.32,89.58,50.26,48
468480,58560,-84328.14,89.42,147.77,48
468480,58560,-68577.66,83.49,120.63,48
468480,58560,-237573.55,90.06,404.99,48
468480,58560,-96782.32,32.28,162.91,48
468864,58608,3358.70,90.46,0.70,48
468864,58608,-23702.07,85.96,45.53,48
468864,58608,-134333.59,89.33,231.75,48
468864,58608,-98959.86,27.81,166.78,48
468864,58608,-75655.85,89.72,133.34,48
468864,58608,-44493.07,86.34,80.63,48
468864,58608,-181292.52,89.87,310.63,48
468864,58608,-87988.47,28.60,148.47,48
469248,58656,-586829.67,88.97,990.93,48
469248,58656,-53878.53,90.20,96.79,48
469248,58656,-11890.66,31.50,20.81,48
469248,58656,-46909.91,87.05,84.78,48
469248,58656,-4025.47,25.97,7.18,48
469248,58656,-182921.17,90.19,313.32,48
469248,58656,-18189.85,89.17,36.64,48
469248,58656,-81790.04,24.90,137.88,48
469632,58704,-9111.87,29.43,16.12,48
469632,58704,-142827.58,87.83,245.85,48
469632,58704,-44931.66,89.43,81.82,48
469632,58704,-7616.46,90.02,19.27,48
469632,58704,-5558.16,88.11,15.60,48
469632,58704,-10426.89,88.39,23.68,48
469632,58704,-82316.48,31.04,138.68,48
469632,58704,-31818.50,91.01,59.72,48
470016,58752,-22426.96,89.00,43.74,48
470016,58752,-142272.98,86.63,244.72,48
470016,58752,-20225.02,87.53,39.88,48
470016,58752,-20324.51,92.63,41.14,48
470016,58752,-5920.96,26.19,10.62,48
470016,58752,-35567.26,85.26,65.26,48
470016,58752,-32161.74,31.73,55.21,48
470016,58752,-271349.37,92.27,462.07,48
470400,58800,-130912.64,28.89,220.52,48
470400,58800,-5110.40,90.33,15.18,48
470400,58800,-28075.84,90.73,53.66,48
470400,58800,-42544.58,27.21,71.80,48
470400,58800,-7360.28,90.09,18.71,48
470400,58800,-33773.36,88.83,62.91,48
470400,58800,-122964.46,88.99,212.59,48
470400,58800,-285011.73,30.66,478.83,48
470784,58848,-70600.86,33.01,119.17,48
470784,58848,3609.07,87.94,0.00,48
470784,58848,-9260.90,88.76,21.90,48
470784,58848,-6977.39,91.13,18.08,48
470784,58848,-75614.83,87.48,132.93,48
470784,58848,3528.98,87.95,0.13,48
470784,58848,-40979.76,30.61,69.36,48
470784,58848,-147393.31,35.86,248.13,48
471168,58896,-337262.09,88.39,572.03,48
471168,58896,-613388.17,87.94,1035.34,48
471168,58896,-73162.50,26.96,123.36,48
471168,58896,-79887.70,32.95,134.84,48
471168,58896,-48050.38,90.96,87.11,48
471168,58896,-59343.99,89.47,105.89,48
471168,58896,-23138.66,28.49,39.10,48
471168,58896,-43854.40,27.89,73.88,48
471552,58944,-44659.96,88.71,81.14,48
471552,58944,-268196.22,86.99,456.01,48
471552,58944,-180907.42,87.36,309.54,48
471552,58944,-217133.32,29.64,364.86,48
471552,58944,-68544.86,89.98,121.62,48
471552,58944,-178750.70,32.06,300.88,48
471552,58944,-22714.43,90.15,44.42,48
471552,58944,-55834.01,88.09,99.97,48
471936,58992,-8342.84,88.42,20.09,48
471936,58992,-22248.72,27.58,37.76,48
471936,58992,-71173.72,89.12,125.45,48
471936,58992,-219608.75,89.87,374.69,48
471936,58992,3759.46,89.22,0.00,48
471936,58992,-68678.92,90.29,121.52,48
471936,58992,-17493.71,29.55,30.11,48
471936,58992,-26961.51,88.89,51.42,48
472320,59040,-148339.61,30.58,249.76,48
472320,59040,-102148.68,87.42,177.44,48
472320,59040,-88758.89,89.98,155.36,48
472320,59040,-12099.29,86.94,26.15,48
472320,59040,-101473.09,88.91,176.55,48
472320,59040,-43713.56,30.73,74.01,48
472320,59040,-54131.37,89.02,97.07,48
472320,59040,-42930.68,87.33,78.02,48
472704,59088,-121955.85,90.28,211.22,48
472704,59088,-55034.02,90.86,98.67,48
472704,59088,-60053.81,31.24,101.07,48
472704,59088,-26878.29,88.83,51.26,48
472704,59088,-136318.60,35.20,229.36,48
472704,59088,-39639.82,89.59,72.70,48
472704,59088,-36711.86,88.78,67.72,48
472704,59088,-241686.01,90.22,411.84,48
473088,59136,-120021.03,87.42,207.49,48
473088,59136,2432.06,90.02,2.31,48
473088,59136,-34891.88,90.77,65.07,48
473088,59136,-68559.67,30.81,115.73,48
473088,59136,-92144.91,86.60,160.32,48
473088,59136,-30442.68,88.73,57.39,48
473088,59136,-107628.29,31.75,181.07,48
473088,59136,-48083.47,32.33,81.14,48
473472,59184,-45142.64,89.45,81.97,48
473472,59184,-56196.15,27.08,95.18,48
473472,59184,-30002.98,88.58,56.50,48
473472,59184,-19656.44,89.67,39.22,48
473472,59184,-102034.65,28.42,172.02,48
473472,59184,-102057.45,88.35,177.30,48
473472,59184,-93185.78,88.47,162.44,48
473472,59184,-11273.32,87.57,25.08,48
473856,59232,-5630.97,28.25,10.11,48
473856,59232,-54892.13,88.48,98.32,48
473856,59232,-15496.22,87.74,32.32,48
473856,59232,-72175.56,28.73,121.60,48
473856,59232,-134563.67,86.96,231.75,48
473856,59232,-56.55,88.94,6.22,48
473856,59232,-41784.23,90.84,76.57,48
473856,59232,-263048.35,91.46,448.04,48
474240,59280,-53162.64,89.46,95.62,48
474240,59280,3395.89,89.48,0.72,48
474240,59280,-30057.90,88.86,56.66,48
474240,59280,-931046974189770.12,87.84,1562500000195.48,48
474240,59280,-76458.92,33.98,129.20,48
474240,59280,-142652.62,89.20,245.63,48
474240,59280,-43753.10,29.44,74.35,48
474240,59280,-131282.06,89.85,226.77,48
474624,59328,-78578.92,86.89,137.76,48
474624,59328,1873.40,90.69,3.37,48
474624,59328,-14607.82,31.04,25.09,48
474624,59328,-138385.40,26.79,232.39,48
474624,59328,-704402.30,90.78,1188.44,48
474624,59328,-145130.82,25.10,244.37,48
474624,59328,-26186.36,90.13,50.28,48
474624,59328,-165576.78,90.17,284.37,48
475008,59376,-8602.05,87.06,20.19,48
475008,59376,-6353.59,89.14,16.89,48
475008,59376,-12126.33,88.33,26.44,48
475008,59376,3549.30,90.08,0.51,48
475008,59376,-302631.77,88.20,514.09,48
475008,59376,-47849.54,87.77,86.55,48
475008,59376,-1555.36,28.66,3.34,48
475008,59376,-15444.65,90.64,32.25,48
475392,59424,-22824.65,91.84,44.99,48
475392,59424,-8071.72,89.72,19.79,48
475392,59424,-72720.99,88.13,128.23,48
475392,59424,-2296582536184651.00,86.77,3854166666887.61,48
475392,59424,-50881.61,90.91,91.94,48
475392,59424,-197361.93,90.17,337.47,48
475392,59424,-37846.97,91.39,70.02,48
475392,59424,-741424.89,90.84,1250.68,48
475776,59472,-29327.24,25.72,49.64,48
475776,59472,-125876.67,25.65,211.61,48
475776,59472,-203654.46,34.17,342.43,48
475776,59472,-3929.34,25.87,7.14,48
475776,59472,1252.37,88.32,4.04,48
475776,59472,-59473.38,87.15,105.59,48
475776,59472,3180.69,83.42,0.34,48
475776,59472,-37671.04,32.65,64.09,48
476160,59520,-152122.05,35.68,256.50,48
476160,59520,-13815.50,89.53,29.50,48
476160,59520,362.82,33.22,0.31,48
476160,59520,-21473.48,86.18,42.06,48
476160,59520,-153824.15,91.37,264.73,48
476160,59520,-48449.14,91.53,87.95,48
476160,59520,-9741.70,90.94,22.97,48
476160,59520,-156505.75,32.80,263.39,48
476544,59568,-50927.61,33.74,86.44,48
476544,59568,-24763.48,89.34,47.88,48
476544,59568,-132510.10,32.53,222.75,48
476544,59568,-42264.19,88.27,77.05,48
476544,59568,-128087.68,29.03,215.38,48
476544,59568,-56629.19,89.85,101.16,48
476544,59568,-29415.65,90.23,55.81,48
476544,59568,2587.05,90.92,2.18,48
476928,59616,-16278.29,87.71,33.34,48
476928,59616,-105092.33,31.20,177.45,48
476928,59616,-2296582536239990.00,33.29,3854166666975.22,48
476928,59616,-118707.45,28.81,199.83,48
476928,59616,-88264.06,91.27,154.55,48
476928,59616,-821525.93,91.80,1385.19,48
476928,59616,-32267.24,87.40,60.10,48
476928,59616,-32782.86,30.43,55.90,48
477312,59664,-15234.14,87.95,31.80,48
477312,59664,-71904.87,88.29,126.75,48
477312,59664,-118527.21,88.12,205.02,48
477312,59664,-2790.87,86.93,10.65,48
477312,59664,3370.48,85.70,0.10,48
477312,59664,-98344.90,33.98,166.07,48
477312,59664,-267752.84,90.33,455.75,48
477312,59664,-211478.66,89.47,361.33,48
477696,59712,-161265.50,33.11,271.33,48
477696,59712,-20514.39,30.36,34.80,48
477696,59712,-59269.06,88.01,105.44,48
477696,59712,-92667.64,89.94,161.71,48
477696,59712,-5194.06,87.76,14.81,48
477696,59712,-16434.60,88.08,33.78,48
477696,59712,-8552.79,92.23,21.00,48
477696,59712,-28286.19,87.39,53.61,48
478080,59760,-95966.88,26.30,161.08,48
478080,59760,-43883.02,31.35,74.26,48
478080,59760,-13832.91,90.44,29.67,48
478080,59760,-58459.55,87.59,104.09,48
478080,59760,-7448375792770240.00,25.84,12500000000259.64,48
478080,59760,-130710.98,31.77,220.25,48
478080,59760,-11623.71,91.48,26.03,48
478080,59760,-45594.97,86.98,82.47,48
478464,59808,-40370.47,28.35,68.33,48
478464,59808,3715.11,88.20,0.00,48
478464,59808,-13147.34,27.43,22.34,48
478464,59808,-91947.04,28.53,155.21,48
478464,59808,-43372.78,88.33,79.20,48
478464,59808,-172159.50,87.47,294.81,48
478464,59808,-90243.43,31.14,152.05,48
478464,59808,-55217.65,90.89,98.96,48
478848,59856,-6973.83,31.45,12.46,48
478848,59856,-13310.69,90.59,28.77,48
478848,59856,3031.33,88.15,0.89,48
478848,59856,-138737.37,91.05,239.32,48
478848,59856,-25724.13,90.84,49.62,48
478848,59856,-15166.91,90.63,31.89,48
478848,59856,-27254.18,90.59,52.32,48
478848,59856,-27357.95,30.88,46.73,48
479232,59904,-73488.77,89.32,129.56,48
479232,59904,-1489675158785748.25,88.47,2500000000446.76,48
479232,59904,-49069.04,34.40,83.36,48
479232,59904,-121555.47,87.48,209.85,48
479232,59904,-62047.28,89.58,110.60,48
479232,59904,-6017.00,28.66,10.75,48
479232,59904,-390984.34,29.76,656.69,48
479232,59904,-106828.26,87.34,185.13,48
479616,59952,-110864.98,93.32,193.04,48
479616,59952,-518298.65,28.59,870.40,48
479616,59952,-133967.67,84.66,230.65,48
479616,59952,-77730.21,90.08,136.95,48
479616,59952,-159728.34,88.63,274.24,48
479616,59952,1620.42,90.00,3.57,48
479616,59952,-35397.31,88.90,65.53,48
479616,59952,1079.13,87.91,4.45,48
480000,60000,-4715.00,90.24,14.40,48
480000,60000,-62938.97,31.31,106.44,48
480000,60000,-39163.47,89.22,71.95,48
480000,60000,-9659.19,88.45,22.46,48
480000,60000,-2990.48,29.47,5.59,48
480000,60000,-108803.38,88.00,188.86,48
480000,60000,-267083.15,92.25,454.83,48
480000,60000,-195352.34,91.04,334.47,48
480384,60048,-26537.27,31.47,45.39,48
480384,60048,-19469.26,28.75,33.34,48
480384,60048,-51237.27,88.80,92.27,48
480384,60048,-28008.27,30.40,47.59,48
480384,60048,-1097.35,84.18,7.38,48
480384,60048,60.67,88.85,6.31,48
480384,60048,3833.22,88.99,0.00,48
480384,60048,-9378.09,29.74,16.65,48
480768,60096,-101564.63,89.50,176.60,48
480768,60096,-143004.13,90.09,246.35,48
480768,60096,-84787.57,85.95,148.13,48
480768,60096,-75068.51,90.13,132.31,48
480768,60096,-83462.12,90.33,146.52,48
480768,60096,-43214.63,28.74,73.01,48
480768,60096,1162.55,86.73,3.96,48
480768,60096,-65952.26,28.83,111.38,48
481152,60144,-17638.25,28.58,30.22,48
481152,60144,-7345.48,90.74,18.64,48
481152,60144,-44481.34,28.34,75.27,48
481152,60144,-33721.88,87.29,62.32,48
481152,60144,-296682.11,86.00,503.55,48
481152,60144,-68596.06,91.44,121.64,48
481152,60144,-88426.64,91.80,154.97,48
481152,60144,-31088.99,27.58,52.79,48
481536,60192,-296863.85,24.89,498.66,48
481536,60192,-41087.63,89.75,75.17,48
481536,60192,-56136.03,92.49,100.87,48
481536,60192,-31767.58,90.44,59.91,48
481536,60192,-240011.21,92.21,409.42,48
481536,60192,-88293.26,86.96,154.27,48
481536,60192,-53570.47,31.16,91.10,48
481536,60192,-152002.13,88.31,261.27,48
481920,60240,-37186.52,88.82,68.42,48
481920,60240,-33743.77,30.38,57.32,48
481920,60240,-170688.43,87.79,292.54,48
481920,60240,-25185.31,29.66,42.95,48
481920,60240,-144923.07,87.27,249.25,48
481920,60240,-22960.80,28.03,38.94,48
481920,60240,-33436.90,91.47,62.62,48
481920,60240,-162360.53,85.95,277.96,48
482304,60288,-27864.28,27.87,47.59,48
482304,60288,-103072.13,90.09,179.41,48
482304,60288,-124501.21,89.04,215.20,48
482304,60288,-2296582536241356.00,88.97,3854166666982.95,48
482304,60288,-28461.84,29.08,48.44,48
482304,60288,-6836.74,87.82,17.52,48
482304,60288,-8030.47,87.97,19.67,48
482304,60288,-63534.31,35.44,107.65,48
482688,60336,-7448375792826243.00,86.20,12500000000359.13,48
482688,60336,-108425.01,89.88,188.18,48
482688,60336,-46529.58,89.20,84.32,48
482688,60336,-101508.78,93.92,177.27,48
482688,60336,-15694.77,31.77,27.23,48
482688,60336,-1883.18,89.83,9.67,48
482688,60336,-61951.66,90.79,110.41,48
482688,60336,-76768.11,32.28,129.36,48
483072,60384,-160284.31,87.37,274.99,48
483072,60384,-98821.50,91.30,172.40,48
483072,60384,-164804.52,90.59,283.01,48
483072,60384,-96821.56,31.62,163.12,48
483072,60384,-85010.18,85.82,148.45,48
483072,60384,-2502.29,89.69,10.58,48
483072,60384,-152813.95,83.65,262.01,48
483072,60384,-192508.52,32.99,324.03,48
483456,60432,-7132.23,89.96,18.35,48
483456,60432,-59490.51,86.02,105.60,48
483456,60432,-97577.55,87.38,169.53,48
483456,60432,517.80,87.33,5.12,48
483456,60432,-146398.18,91.03,252.17,48
483456,60432,-131435.75,88.04,226.50,48
483456,60432,-60383.51,88.26,107.39,48
483456,60432,-53545.11,91.55,96.59,48
483840,60480,-14687.95,28.39,25.09,48
483840,60480,-162665.54,89.07,279.24,48
483840,60480,-788.70,86.52,7.26,48
483840,60480,2747.51,87.86,1.43,48
483840,60480,-112938.63,85.56,195.10,48
483840,60480,2682.86,88.70,1.48,48
483840,60480,-174544.56,86.27,298.76,48
483840,60480,-618834.18,30.85,1039.04,48
484224,60528,-102452.72,89.86,178.31,48
484224,60528,-4121.20,31.79,7.63,48
484224,60528,-3140.34,24.84,5.32,48
484224,60528,-81418.85,28.54,137.07,48
484224,60528,3607.74,85.67,0.00,48
484224,60528,-96836.31,89.52,168.82,48
484224,60528,386.98,31.13,0.00,48
484224,60528,-246275.61,87.84,419.27,48
484608,60576,-26921.37,27.62,45.75,48
484608,60576,-14780.10,89.31,30.90,48
484608,60576,-62371.84,88.21,110.85,48
484608,60576,-30352.69,88.38,57.10,48
484608,60576,-197874.95,31.80,333.18,48
484608,60576,-42224.39,88.79,76.89,48
484608,60576,-247306.86,29.71,415.35,48
484608,60576,-64988.87,37.10,110.53,48
484992,60624,-18279.06,90.92,37.00,48
484992,60624,-23593.79,86.20,45.46,48
484992,60624,-26700.69,87.75,51.00,48
484992,60624,-55947.83,88.70,99.93,48
484992,60624,-1508.96,88.61,8.54,48
484992,60624,-46274.83,30.87,78.46,48
484992,60624,-70687.08,87.28,124.58,48
484992,60624,-4594.57,27.53,8.59,48
485376,60672,-45544.31,89.83,82.79,48
485376,60672,-62659.78,90.06,111.29,48
485376,60672,-40067.63,27.64,67.82,48
485376,60672,-50765.57,31.75,86.15,48
485376,60672,-36321.18,24.07,61.16,48
485376,60672,-66647.33,87.70,117.67,48
485376,60672,-9997.18,88.30,22.86,48
485376,60672,-133851.31,87.13,230.63,48
485760,60720,-352361.15,33.35,592.12,48
485760,60720,-61487.95,29.64,103.80,48
485760,60720,3238.92,87.25,0.61,48
485760,60720,-160987.96,86.22,275.82,48
485760,60720,-25627.77,88.29,49.19,48
485760,60720,-4833.96,88.39,14.45,48
485760,60720,-48527.23,89.74,87.80,48
485760,60720,-46611.15,32.51,78.78,48
486144,60768,-3537978501680865.50,89.84,5937500000322.20,48
486144,60768,1137.74,89.32,4.36,48
486144,60768,-15504.95,88.11,32.04,48
486144,60768,-45691.79,30.19,77.48,48
486144,60768,-87935.84,90.36,153.86,48
486144,60768,-9661.45,88.32,22.35,48
486144,60768,1952.59,84.83,2.18,48
486144,60768,-80132.20,31.71,135.16,48
486528,60816,-61924.17,29.89,104.31,48
486528,60816,-70703.60,27.72,119.15,48
486528,60816,-349863.92,28.42,587.54,48
486528,60816,-4765.11,85.91,13.84,48
486528,60816,-66074.04,90.62,117.33,48
486528,60816,-22410.07,26.57,37.98,48
486528,60816,-175764.07,87.40,301.09,48
486528,60816,-5451.02,86.65,15.35,48
486912,60864,-11931.68,88.21,26.25,48
486912,60864,-46135.40,88.64,83.65,48
486912,60864,-20311.85,86.47,40.00,48
486912,60864,-138525.24,88.51,238.74,48
486912,60864,-2296582536257993.50,32.50,3854166667005.76,48
486912,60864,-20411.39,29.65,34.61,48
486912,60864,395.00,90.27,5.72,48
486912,60864,-61383.38,87.57,108.83,48
487296,60912,-650679.57,31.81,1092.85,48
487296,60912,-3537978501670597.50,32.59,5937500000299.64,48
487296,60912,-2317.08,91.95,10.66,48
487296,60912,-82752.96,88.44,144.77,48
487296,60912,-101.11,90.41,6.50,48
487296,60912,-60807.87,28.67,102.65,48
487296,60912,-153265.05,91.22,263.78,48
487296,60912,-14354.60,90.54,30.53,48
487680,60960,-12843.94,89.28,27.81,48
487680,60960,-13087.69,87.98,28.19,48
487680,60960,-59373.95,31.21,100.08,48
487680,60960,-273910.67,91.64,466.31,48
487680,60960,-125575.82,87.61,216.75,48
487680,60960,-71770.46,86.05,126.10,48
487680,60960,-6423.80,86.82,16.74,48
487680,60960,-38532.84,88.18,70.65,48
488064,61008,-124695.60,88.21,215.33,48
488064,61008,-59795.03,89.61,106.73,48
488064,61008,-3572.99,86.67,11.90,48
488064,61008,-11336.91,84.53,24.47,48
488064,61008,-243115.85,88.53,414.11,48
488064,61008,-46.02,91.72,6.56,48
488064,61008,3647.48,86.89,0.00,48
488064,61008,-155794.37,89.32,267.83,48
488448,61056,-88704.02,87.48,154.82,48
488448,61056,-180369.06,88.64,308.91,48
488448,61056,-1133.62,86.28,7.77,48
488448,61056,-48414.45,87.88,87.17,48
488448,61056,-84179.65,87.51,147.22,48
488448,61056,-10406.34,86.81,23.46,48
488448,61056,-57344.63,30.10,97.11,48
488448,61056,-149495.88,27.73,251.40,48
488832,61104,-146942.06,89.70,252.97,48
488832,61104,-190874.00,87.90,326.52,48
488832,61104,-12170.61,88.71,26.70,48
488832,61104,-171086.09,84.94,292.92,48
488832,61104,-535778.86,90.76,905.67,48
488832,61104,-82784.28,87.25,144.92,48
488832,61104,-39725.05,34.29,67.77,48
488832,61104,-23728.11,88.20,46.00,48
489216,61152,-68653.52,86.60,121.28,48
489216,61152,-142592.68,29.96,239.89,48
489216,61152,-15354.44,89.81,32.09,48
489216,61152,-465344.12,88.30,786.92,48
489216,61152,2237.88,87.44,2.27,48
489216,61152,-712885.09,87.30,1202.28,48
489216,61152,-98725.47,32.28,166.63,48
489216,61152,-22027.91,87.94,42.92,48
489600,61200,-1297.51,32.50,3.21,48
489600,61200,-153274.52,89.70,263.71,48
489600,61200,-52784.00,29.88,89.16,48
489600,61200,-123491.65,87.09,213.07,48
489600,61200,-48688.29,27.95,82.31,48
489600,61200,-29250.53,89.69,55.24,48
489600,61200,-68308.80,34.98,115.26,48
489600,61200,-1796.26,85.65,9.02,48
489984,61248,-100.18,26.87,0.70,48
489984,61248,-41583.38,26.68,70.44,48
489984,61248,-85011.01,88.03,148.74,48
489984,61248,-44491.88,29.08,75.06,48
489984,61248,-118765.06,88.14,205.24,48
489984,61248,-115108.72,91.32,199.61,48
489984,61248,-22609.36,87.62,43.92,48
489984,61248,-111436.54,88.99,193.20,48
490368,61296,-13491.45,32.49,23.06,48
490368,61296,-201961.54,88.33,344.82,48
490368,61296,-6177.67,26.84,11.10,48
490368,61296,-65047.54,89.50,115.25,48
490368,61296,-3238.61,22.85,5.69,48
490368,61296,-190562.77,91.37,326.45,48
490368,61296,-187419.90,29.69,314.62,48
490368,61296,-32514.93,87.88,60.70,48
490752,61344,-26692.43,29.08,45.12,48
490752,61344,-124108.88,29.68,208.88,48
490752,61344,-188179.21,90.10,322.17,48
490752,61344,-15054.42,88.03,31.45,48
490752,61344,3835.04,89.59,0.00,48
490752,61344,-31643.95,88.20,59.19,48
490752,61344,-16780.31,33.53,28.95,48
490752,61344,-34262.02,91.59,63.98,48
491136,61392,-64578.56,32.30,109.10,48
491136,61392,-3583.50,89.68,12.21,48
491136,61392,-246748.09,29.71,414.34,48
491136,61392,-41465.62,89.91,75.83,48
491136,61392,-14368.06,87.10,30.03,48
491136,61392,-16224.18,86.58,33.11,48
491136,61392,-22130.98,25.36,37.48,48
491136,61392,-54790.20,34.00,93.16,48
491520,61440,-1929.37,85.71,9.06,48
491520,61440,-133592.88,89.97,230.44,48
491520,61440,-206173.10,87.54,352.07,48
491520,61440,-85600.03,86.58,149.39,48
491520,61440,-126238.51,28.43,212.28,48
491520,61440,-54075.27,25.47,91.34,48
491520,61440,-123882.73,88.58,214.16,48
491520,61440,-22690.74,87.19,43.67,48
491904,61488,592.11,91.93,5.74,48
491904,61488,-12616.69,91.75,27.90,48
491904,61488,-180855.21,88.96,309.59,48
491904,61488,-497371.86,91.33,841.34,48
491904,61488,-4039.68,87.98,12.90,48
491904,61488,-40544.05,91.36,74.56,48
491904,61488,-231939.37,88.11,395.57,48
491904,61488,-33109.44,89.81,61.92,48
492288,61536,1234.33,87.45,3.97,48
492288,61536,-753402.26,34.81,1265.73,48
492288,61536,-84983.13,91.38,149.10,48
492288,61536,-15533.09,29.42,26.93,48
492288,61536,-4249.02,88.09,13.29,48
492288,61536,-50635.51,87.38,90.82,48
492288,61536,-244621.78,90.81,416.94,48
492288,61536,-7022.24,89.27,17.96,48
492672,61584,-190175.50,89.61,325.29,48
492672,61584,-46038.18,28.41,78.13,48
492672,61584,-73320.57,33.44,123.39,48
492672,61584,-147660.86,34.24,248.50,48
492672,61584,-3948.19,91.50,13.16,48
492672,61584,-28324.75,28.01,47.78,48
492672,61584,-102635.37,88.79,178.45,48
492672,61584,-30323.82,88.98,57.17,48
493056,61632,2105.53,87.68,2.52,48
493056,61632,-21103.76,91.48,41.92,48
493056,61632,1613.52,89.22,3.50,48
493056,61632,-23919.52,87.17,46.17,48
493056,61632,-34651.11,30.39,58.87,48
493056,61632,-155086.18,88.05,266.53,48
493056,61632,-14282.36,90.86,30.39,48
493056,61632,-46718.38,87.04,84.25,48
493440,61680,-84812.79,88.04,148.41,48
493440,61680,-5633.94,88.58,15.80,48
493440,61680,-114541.37,88.16,198.20,48
493440,61680,-61651.87,87.95,109.61,48
493440,61680,-185209.27,26.70,311.36,48
493440,61680,-178130.01,33.63,300.07,48
493440,61680,-71024.37,87.84,125.27,48
493440,61680,-670.46,90.86,7.71,48
493824,61728,-22584.61,85.67,43.94,48
493824,61728,-18743.29,86.69,37.35,48
493824,61728,-53457.63,32.29,90.29,48
493824,61728,-28924.20,88.66,54.73,48
493824,61728,-113595.56,32.05,191.22,48
493824,61728,-3537978501688875.00,91.51,5937500000336.02,48
493824,61728,-163002.95,89.41,279.81,48
493824,61728,-127983.42,31.08,215.46,48
494208,61776,-114146.54,33.64,192.02,48
494208,61776,-451019.06,91.37,763.46,48
494208,61776,-1729.85,30.65,3.82,48
494208,61776,-42862.09,87.05,77.89,48
494208,61776,-34612.24,28.01,58.63,48
494208,61776,3533.19,87.34,0.05,48
494208,61776,-35622.27,90.98,66.10,48
494208,61776,-4744.05,86.31,13.99,48
494592,61824,-15876.00,30.88,27.40,48
494592,61824,-222625.61,28.45,373.83,48
494592,61824,-16751.67,88.12,34.44,48
494592,61824,-57135.90,86.88,101.72,48
494592,61824,-17047.23,89.88,34.99,48
494592,61824,-79064.43,90.44,139.15,48
494592,61824,-26619.63,26.65,45.45,48
494592,61824,3644.56,87.55,0.00,48
494976,61872,-34266.49,88.79,63.58,48
494976,61872,-105675.25,31.63,178.00,48
494976,61872,-94408.50,27.30,158.66,48
494976,61872,-177683.84,29.78,298.85,48
494976,61872,-70246.90,30.98,118.28,48
494976,61872,-385858.32,87.37,653.47,48
494976,61872,-29548.38,26.50,50.16,48
494976,61872,-34630.16,85.37,63.81,48
495360,61920,-39339.68,31.01,66.68,48
495360,61920,-805234.53,91.13,1357.77,48
495360,61920,-78677.16,90.36,138.43,48
495360,61920,-21734.48,90.21,42.94,48
495360,61920,-26799.08,88.70,51.27,48
495360,61920,-22099.41,28.86,37.49,48
495360,61920,-68849.42,89.01,121.75,48
495360,61920,-129848.93,89.31,224.00,48
495744,61968,-23327.42,92.01,45.81,48
495744,61968,2215.30,87.10,2.27,48
495744,61968,-34742.42,88.86,64.48,48
495744,61968,-140119.13,87.91,241.31,48
495744,61968,-117126.10,86.88,202.38,48
495744,61968,-931046974205884.25,88.26,1562500000222.47,48
495744,61968,-159330.49,87.10,273.30,48
495744,61968,2927.20,85.94,0.89,48
496128,62016,-14504.23,30.93,25.13,48
496128,62016,-40737.83,87.79,74.35,48
496128,62016,-665.69,89.63,7.58,48
496128,62016,1508.74,90.29,3.82,48
496128,62016,-85086.39,30.30,143.38,48
496128,62016,-317708.99,23.97,533.48,48
496128,62016,-43054.43,89.59,78.46,48
496128,62016,-238474.98,30.65,400.69,48
496512,62064,-5602.09,86.38,15.26,48
496512,62064,-49637.53,89.92,89.48,48
496512,62064,-10439.05,28.80,18.34,48
496512,62064,-254474.40,89.72,433.38,48
496512,62064,-37438.67,88.41,68.99,48
496512,62064,-122301.95,87.24,211.41,48
496512,62064,-63709.20,90.51,113.42,48
496512,62064,-3369.60,87.78,11.87,48
496896,62112,-146774.76,87.97,252.09,48
496896,62112,-23503.06,87.46,45.51,48
496896,62112,-70521.95,87.76,124.54,48
496896,62112,3478.19,88.72,0.31,48
496896,62112,-49481.47,91.02,89.55,48
496896,62112,-28018.40,90.39,53.65,48
496896,62112,-81093.09,30.94,136.94,48
496896,62112,-475293.88,25.17,798.26,48
497280,62160,-92214.14,26.80,155.01,48
497280,62160,-4868.90,89.07,14.52,48
497280,62160,-1245.40,91.58,8.68,48
497280,62160,-165623.80,87.47,283.90,48
497280,62160,-54232.10,89.27,97.34,48
497280,62160,3385.04,85.99,0.31,48
497280,62160,-931046974249371.88,87.25,1562500000295.34,48
497280,62160,-142091.33,35.43,239.51,48
497664,62208,-26459.66,91.45,50.95,48
497664,62208,2646.04,86.82,1.56,48
497664,62208,-20403.10,86.04,40.00,48
497664,62208,-11360.94,30.90,20.03,48
497664,62208,-19329.84,29.51,32.93,48
497664,62208,-71045.36,89.57,125.32,48
497664,62208,-2360.96,89.04,10.34,48
497664,62208,-3978.97,86.79,12.80,48
498048,62256,-1967.20,28.84,3.75,48
498048,62256,-4580.97,88.83,13.87,48
498048,62256,-35837.76,87.05,65.97,48
498048,62256,-24766.53,32.60,42.21,48
498048,62256,-3323.10,87.44,11.61,48
498048,62256,-190986.95,89.56,326.85,48
498048,62256,-36259.94,88.10,67.10,48
498048,62256,-23641.08,25.71,40.27,48
498432,62304,-28291.43,89.44,53.77,48
498432,62304,-166158.38,30.84,279.52,48
498432,62304,-148778.12,89.11,255.72,48
498432,62304,-64594.49,88.40,114.56,48
498432,62304,-31120.39,26.95,52.63,48
498432,62304,1125.57,89.46,4.42,48
498432,62304,-126913.31,87.69,218.95,48
498432,62304,-363821.23,36.41,611.57,48
498816,62352,-97646.19,85.71,169.79,48
498816,62352,-247568.96,33.52,416.41,48
498816,62352,-53973.35,89.71,96.85,48
498816,62352,-422153.58,88.64,714.42,48
498816,62352,-83293.73,86.74,145.61,48
498816,62352,-53995.92,87.91,96.75,48
498816,62352,3654.45,86.97,0.00,48
498816,62352,2065.32,88.98,2.92,48
499200,62400,1939.21,88.78,2.81,48
499200,62400,-494761.86,89.55,836.63,48
499200,62400,-7305.67,30.25,12.84,48
499200,62400,138.59,26.22,0.00,48
499200,62400,-10711.52,88.10,23.95,48
499200,62400,-170602.68,88.49,292.42,48
499200,62400,-53537.91,90.32,96.32,48
499200,62400,-72592.64,31.80,122.76,48
499584,62448,776.97,88.67,4.88,48
499584,62448,-16309.49,92.78,34.16,48
499584,62448,-103308.62,87.33,179.38,48
499584,62448,-71492.09,29.34,120.28,48
499584,62448,-58207.13,92.21,104.31,48
499584,62448,-155814.41,31.46,262.17,48
499584,62448,-96741.91,29.03,162.83,48
499584,62448,-27520.84,29.16,46.82,48
499968,62496,-20674.56,89.35,41.10,48
499968,62496,-16065.21,29.09,27.94,48
499968,62496,-118694.58,90.86,205.50,48
499968,62496,-50330.38,86.90,90.31,48
499968,62496,-1516.20,89.78,8.92,48
499968,62496,-101733.65,31.53,171.68,48
499968,62496,-88336.06,88.46,154.39,48
499968,62496,-3452.69,34.01,6.84,48
500352,62544,-22046.98,88.20,43.18,48
500352,62544,-38706.91,29.15,65.10,48
500352,62544,-796.28,89.11,7.62,48
500352,62544,-15694.91,88.10,32.50,48
500352,62544,-86407.60,30.85,146.04,48
500352,62544,-76849.73,88.53,135.17,48
500352,62544,-741830.00,31.76,1245.71,48
500352,62544,-72796.61,29.08,123.08,48
500736,62592,-372418789787939.38,28.63,625000000264.66,48
500736,62592,-8373.77,91.17,20.65,48
500736,62592,-188732.05,89.50,323.14,48
500736,62592,-7448375792827550.00,34.34,12500000000356.37,48
500736,62592,-1933.42,29.40,3.50,48
500736,62592,-91272.31,89.21,159.38,48
500736,62592,1033.83,89.45,4.58,48
500736,62592,-271864.25,30.86,456.98,48
501120,62640,581.14,30.51,0.00,48
501120,62640,-76005.89,87.52,133.63,48
501120,62640,-20737.60,28.68,35.18,48
501120,62640,-789562.04,36.18,1326.16,48
501120,62640,-61913.34,86.00,109.86,48
501120,62640,-33394.18,82.93,61.50,48
501120,62640,-86510.80,87.38,151.08,48
501120,62640,-82697.43,30.37,139.19,48
501504,62688,2981.50,89.34,1.33,48
501504,62688,-76331.72,89.49,134.10,48
501504,62688,-22380.42,88.21,43.63,48
501504,62688,937.88,90.39,4.73,48
501504,62688,3684.00,88.13,0.00,48
501504,62688,-34283.18,91.47,64.30,48
501504,62688,-11515.13,88.02,25.40,48
501504,62688,-354518.57,91.41,601.58,48
501888,62736,-84224.54,27.18,141.61,48
501888,62736,-73130.20,86.87,128.61,48
501888,62736,-63112.70,90.22,112.26,48
501888,62736,-55209.05,29.59,93.06,48
501888,62736,-1184.96,89.20,8.14,48
501888,62736,-29002.75,91.89,55.47,48
501888,62736,-9859.69,89.86,22.87,48
501888,62736,-90843.51,88.96,158.61,48
502272,62784,-3014.01,26.63,5.75,48
502272,62784,-16607.73,29.29,28.38,48
502272,62784,3757.17,87.65,0.00,48
502272,62784,-154298.56,88.18,265.09,48
502272,62784,-8409.02,90.13,20.57,48
502272,62784,-48237.27,28.38,81.92,48
502272,62784,-48800.58,88.20,88.18,48
502272,62784,-7576.97,87.13,18.58,48
502656,62832,-175296.51,89.13,300.31,48
502656,62832,-1600.26,88.45,8.81,48
502656,62832,-4109.59,28.29,7.67,48
502656,62832,-525041.85,89.20,887.44,48
502656,62832,-321826.10,88.46,546.19,48
502656,62832,-76818.11,86.88,134.85,48
502656,62832,-10504.14,88.06,23.91,48
502656,62832,-130869.24,88.34,225.85,48
503040,62880,-23195.72,91.90,45.67,48
503040,62880,-11847.75,91.71,26.67,48
503040,62880,-547541.50,29.25,918.90,48
503040,62880,-7249.27,88.41,18.31,48
503040,62880,-38372.83,27.33,65.29,48
503040,62880,-23440.18,27.90,39.72,48
503040,62880,-41018.23,27.41,69.40,48
503040,62880,3342.85,90.75,0.72,48
503424,62928,-166830.38,88.75,286.15,48
503424,62928,-3461.73,88.36,11.91,48
503424,62928,-241950.67,91.67,412.67,48
503424,62928,-3537978501703674.50,89.35,5937500000360.72,48
503424,62928,3607.58,88.50,0.26,48
503424,62928,-484542.19,26.38,813.79,48
503424,62928,-97034.12,31.86,163.37,48
503424,62928,2644.54,88.08,1.60,48
503808,62976,-150299.65,31.26,253.02,48
503808,62976,-43413.51,30.35,73.55,48
503808,62976,-87096.17,30.38,146.83,48
503808,62976,-26896.44,89.05,51.34,48
503808,62976,-29993.90,87.83,56.41,48
503808,62976,-413.32,24.51,0.87,48
503808,62976,-80276.44,89.40,140.94,48
503808,62976,2187.81,90.42,2.67,48
504192,63024,-28652.33,89.96,54.29,48
504192,63024,-42857.23,89.90,78.46,48
504192,63024,-24116.32,89.34,47.02,48
504192,63024,-86674.22,26.71,145.87,48
504192,63024,-213123.64,29.30,358.43,48
504192,63024,-34332.20,87.60,63.59,48
504192,63024,-34375.98,87.42,63.75,48
504192,63024,-53919.73,28.67,91.01,48
504576,63072,-168578.52,87.01,289.01,48
504576,63072,-30980.90,85.48,57.61,48
504576,63072,-606217.35,88.68,1023.45,48
504576,63072,-7449.84,89.39,18.95,48
504576,63072,-61345.12,87.97,109.12,48
504576,63072,-2354.00,89.06,10.27,48
504576,63072,-43239.38,31.66,73.47,48
504576,63072,-232027.85,33.00,390.46,48
504960,63120,-197640.70,29.26,332.46,48
504960,63120,-13105.09,28.28,22.26,48
504960,63120,-4031.02,91.68,13.37,48
504960,63120,-50233.74,87.16,90.24,48
504960,63120,-136830.59,86.98,235.40,48
504960,63120,-34677.54,89.59,64.51,48
504960,63120,-150637.25,87.60,258.81,48
504960,63120,-13616.03,86.77,28.76,48
505344,63168,-40130.84,84.84,73.31,48
505344,63168,-60168.64,25.91,101.36,48
505344,63168,-11508.77,90.26,25.81,48
505344,63168,-52198.25,88.82,93.85,48
505344,63168,-154014.65,89.53,264.78,48
505344,63168,-161290.02,87.12,276.59,48
505344,63168,-3050.24,23.98,5.31,48
505344,63168,-37729.66,87.88,69.36,48
505728,63216,-79565.43,31.80,134.26,48
505728,63216,-19691.82,33.57,34.28,48
505728,63216,-80750.33,90.62,141.98,48
505728,63216,-25762.24,87.45,49.12,48
505728,63216,-79322.23,90.18,139.69,48
505728,63216,-15892.34,88.84,32.72,48
505728,63216,-115550.21,90.19,200.45,48
505728,63216,-4432.89,25.72,7.57,48
506112,63264,-86512.91,32.32,146.02,48
506112,63264,-69965.59,34.48,118.37,48
506112,63264,-22793.24,29.32,38.95,48
506112,63264,-9467.91,89.87,22.32,48
506112,63264,-181.14,84.38,5.83,48
506112,63264,-91004.19,89.73,158.96,48
506112,63264,-615626.08,88.40,1039.22,48
506112,63264,-19854.12,89.28,39.56,48
506496,63312,-207672.86,85.75,354.33,48
506496,63312,-2822.69,87.40,10.77,48
506496,63312,-2296582536188477.50,87.56,3854166666893.97,48
506496,63312,-65979.08,86.91,116.68,48
506496,63312,-70369.68,88.89,124.27,48
506496,63312,-6957.47,27.19,12.24,48
506496,63312,-15769.17,90.24,32.97,48
506496,63312,-35959.79,88.86,66.66,48
506880,63360,-160230.21,89.17,275.30,48
506880,63360,-2296582536187061.50,86.45,3854166666891.38,48
506880,63360,-6645.51,89.21,17.17,48
506880,63360,-22225.54,91.88,44.14,48
506880,63360,-86983.36,90.96,152.39,48
506880,63360,-211237.13,90.96,361.11,48
506880,63360,-113381.70,90.06,196.43,48
506880,63360,-104709.57,31.66,176.43,48
507264,63408,-195372.67,90.59,334.23,48
507264,63408,-53496.77,88.50,95.77,48
507264,63408,-552567.16,28.87,928.03,48
507264,63408,-20167.85,88.82,40.21,48
507264,63408,-4290.69,86.82,13.10,48
507264,63408,-37301.06,90.75,69.01,48
507264,63408,-43554.21,34.21,73.89,48
507264,63408,-247878.53,30.40,416.42,48
507648,63456,-1670.36,25.81,3.14,48
507648,63456,-65887.02,30.40,111.55,48
507648,63456,-86169.76,90.91,151.17,48
507648,63456,-603142.97,90.11,1018.57,48
507648,63456,-76654.09,89.76,135.02,48
507648,63456,-73819.03,89.16,129.96,48
507648,63456,-86023.91,88.13,150.48,48
507648,63456,-80335.99,89.19,141.15,48
508032,63504,-140488.12,87.54,241.64,48
508032,63504,-404999.88,89.50,685.87,48
508032,63504,-50985.32,28.47,86.39,48
508032,63504,-4124.51,30.12,7.52,48
508032,63504,-37767.32,29.86,64.13,48
508032,63504,-27966.48,89.89,53.45,48
508032,63504,-75779.68,28.69,127.87,48
508032,63504,-237771.98,90.99,405.32,48
508416,63552,-46401.62,89.04,83.89,48
508416,63552,-72237.81,88.42,127.36,48
508416,63552,-94002.62,29.86,158.25,48
508416,63552,3714.95,89.17,0.10,48
508416,63552,-22014.00,27.96,37.47,48
508416,63552,42.74,29.04,0.75,48
508416,63552,-180829.10,87.00,309.38,48
508416,63552,-37563.07,30.72,63.72,48
508800,63600,-28873.56,29.18,49.27,48
508800,63600,-96495.13,32.90,162.91,48
508800,63600,-149223.65,89.94,256.64,48
508800,63600,-795587.48,91.36,1341.65,48
508800,63600,-221407.71,88.79,377.56,48
508800,63600,-5164.67,30.52,9.48,48
508800,63600,-55069.09,88.40,98.55,48
508800,63600,-160703.79,87.03,275.63,48
509184,63648,-15759.38,88.79,32.44,48
509184,63648,-123070.07,26.47,206.97,48
509184,63648,-15375.22,89.67,32.04,48
509184,63648,514.86,89.97,5.69,48
509184,63648,-44039.54,88.70,80.24,48
509184,63648,-95039.32,30.56,160.22,48
509184,63648,-216651.51,87.84,369.44,48
509184,63648,-127069.84,87.96,219.21,48
509568,63696,-92285.08,27.24,155.49,48
509568,63696,-2296582536172450.00,88.83,3854166666867.30,48
509568,63696,-1303.73,89.77,8.57,48
509568,63696,-176688.03,86.07,302.11,48
509568,63696,-135897.68,88.18,234.10,48
509568,63696,-49570.63,32.32,84.54,48
509568,63696,-14379.51,89.15,30.56,48
509568,63696,-21700.46,89.26,42.65,48
509952,63744,-38011.09,29.25,64.34,48
509952,63744,-50570.62,88.72,90.93,48
509952,63744,-58899.16,88.99,105.04,48
509952,63744,-61569.54,89.49,109.74,48
509952,63744,-41780.38,85.11,76.07,48
509952,63744,-157387.97,87.35,270.24,48
509952,63744,1488.88,85.48,3.50,48
509952,63744,-2296582536152708.00,88.51,3854166666834.33,48
510336,63792,-178731.83,32.37,300.47,48
510336,63792,-51511.27,31.03,87.51,48
510336,63792,-359.44,27.38,0.76,48
510336,63792,-453777.34,87.38,767.65,48
510336,63792,-11049.60,89.67,24.68,48
510336,63792,-79482.83,88.85,139.51,48
510336,63792,-24040.51,85.89,46.44,48
510336,63792,-83705.91,89.97,146.71,48
510720,63840,-42126.92,86.45,76.52,48
510720,63840,-80062.67,30.41,134.89,48
510720,63840,-37002.02,28.36,62.37,48
510720,63840,1815.48,85.53,2.76,48
510720,63840,3922.44,91.02,0.05,48
510720,63840,-772774.14,35.25,1297.69,48
510720,63840,-10978.02,89.13,24.64,48
510720,63840,-191624.59,90.23,327.90,48
511104,63888,-18257.34,32.91,31.56,48
511104,63888,-48487.70,33.09,82.28,48
511104,63888,-65123.08,28.76,109.79,48
511104,63888,-96360.68,90.03,168.14,48
511104,63888,-7229.91,27.03,12.78,48
511104,63888,-156656.64,31.61,263.75,48
511104,63888,-56572.42,88.89,101.20,48
511104,63888,-102309.73,86.81,177.57,48
511488,63936,-2296582536220939.50,87.52,3854166666948.55,48
511488,63936,-17951.93,30.98,31.12,48
511488,63936,-23779.54,87.84,46.05,48
511488,63936,-75505.35,88.26,132.88,48
511488,63936,-160459.38,90.38,275.60,48
511488,63936,-6349.80,87.00,16.56,48
511488,63936,-173855.76,88.79,297.92,48
511488,63936,-4918.80,30.79,8.57,48
511872,63984,-13362.01,27.91,23.00,48
511872,63984,3567.86,90.08,0.48,48
511872,63984,-16667.89,88.67,34.06,48
511872,63984,-77364.85,89.31,136.04,48
511872,63984,-10587.77,89.07,24.18,48
511872,63984,-217251.89,87.82,370.68,48
511872,63984,-62448.73,90.58,111.19,48
511872,63984,-73744.58,85.81,129.39,48
512256,64032,-38993.32,89.94,71.49,48
512256,64032,-13983.71,88.52,29.78,48
512256,64032,-9537.39,86.53,22.08,48
512256,64032,-31075.76,90.33,58.52,48
512256,64032,-37006.77,87.78,68.09,48
512256,64032,3090.42,85.12,0.69,48
512256,64032,-196044.10,91.20,335.37,48
512256,64032,-33062.32,89.38,61.85,48
512640,64080,-4117.34,89.71,13.45,48
512640,64080,-71441.35,89.95,126.16,48
512640,64080,-34127.09,89.10,63.54,48
512640,64080,-172487.36,27.86,290.20,48
512640,64080,-41625.58,86.59,75.67,48
512640,64080,-92377.66,89.09,161.32,48
512640,64080,-52173.41,86.76,93.45,48
512640,64080,4036.74,91.97,0.00,48
513024,64128,-651122.53,31.20,1093.44,48
513024,64128,-40822.96,29.63,69.05,48
513024,64128,-19983.80,29.58,33.80,48
513024,64128,-30671.19,31.52,52.29,48
513024,64128,-64954.55,88.36,115.24,48
513024,64128,-1196.10,89.66,8.36,48
513024,64128,-48352.68,87.49,87.09,48
513024,64128,-59134.25,88.93,105.43,48
513408,64176,-21788.10,32.78,37.53,48
513408,64176,-16894.08,28.33,29.32,48
513408,64176,-1934.33,32.54,4.15,48
513408,64176,-61487.70,87.37,109.10,48
513408,64176,-109610.02,90.70,190.55,48
513408,64176,-76771.45,88.39,134.71,48
513408,64176,-5601.98,30.25,10.22,48
513408,64176,-14039.76,34.58,24.38,48
513792,64224,176.38,25.28,0.19,48
513792,64224,-460569.26,88.47,779.01,48
513792,64224,-27838.09,86.85,52.76,48
513792,64224,-45421.40,24.56,76.29,48
513792,64224,-771589.10,91.85,1301.49,48
513792,64224,-57362.79,89.52,102.52,48
513792,64224,-38481.87,85.97,70.45,48
513792,64224,-13696.97,28.26,23.87,48
514176,64272,-80786.81,90.92,142.10,48
514176,64272,-43846.29,32.07,74.36,48
514176,64272,-81387.72,34.35,137.17,48
514176,64272,-40921.78,86.04,74.63,48
514176,64272,-40995.88,29.10,69.32,48
514176,64272,-82859.09,91.70,145.62,48
514176,64272,-8058.58,27.29,13.92,48
514176,64272,-200192.31,87.01,341.77,48
514560,64320,-25767.74,87.22,49.28,48
514560,64320,-138896.75,30.70,233.81,48
514560,64320,-125840.46,89.49,217.55,48
514560,64320,-84795.90,35.28,143.30,48
514560,64320,-80275.21,88.13,141.07,48
514560,64320,-17992.49,87.30,35.96,48
514560,64320,-42942.50,29.33,72.71,48
514560,64320,-53536.03,87.02,95.72,48
514944,64368,-34883.68,32.94,59.51,48
514944,64368,-81623.81,89.75,143.38,48
514944,64368,-76521.08,28.63,129.03,48
514944,64368,-7690.11,87.05,18.90,48
514944,64368,-203957.16,89.96,348.66,48
514944,64368,-56020.68,86.08,99.94,48
514944,64368,-419060.01,89.56,709.63,48
514944,64368,-2709.59,32.06,5.63,48
515328,64416,-4500.23,28.39,7.76,48
515328,64416,-9773.48,89.22,22.53,48
515328,64416,-37476.50,88.45,69.04,48
515328,64416,-48177.69,29.85,81.43,48
515328,64416,-116327.17,33.04,196.29,48
515328,64416,-144688.16,27.58,243.35,48
515328,64416,-124708.48,31.19,210.08,48
515328,64416,-6892.77,88.10,17.63,48
515712,64464,-23338.11,88.00,45.30,48
515712,64464,-134158.67,85.46,231.08,48
515712,64464,-161745.49,29.56,271.35,48
515712,64464,-137504.01,85.21,236.24,48
515712,64464,-68164.93,88.43,120.54,48
515712,64464,-596856.80,89.05,1007.76,48
515712,64464,-528225.81,88.26,892.76,48
515712,64464,-116654.69,33.47,196.73,48
516096,64512,-204834.08,28.18,344.55,48
516096,64512,-96923.17,27.56,163.06,48
516096,64512,-22555.74,90.11,44.22,48
516096,64512,-31063.23,27.76,52.36,48
516096,64512,-669332.40,89.42,1129.55,48
516096,64512,-25703.26,86.91,49.13,48
516096,64512,-57315.00,30.62,96.81,48
516096,64512,-470031.56,89.80,795.23,48
516480,64560,-5561.40,90.36,15.74,48
516480,64560,-3104.74,29.79,5.76,48
516480,64560,-28849.09,88.20,54.49,48
516480,64560,-88202.09,90.72,154.55,48
516480,64560,-216.75,29.31,1.24,48
516480,64560,-1489675158697754.00,87.25,2500000000298.85,48
516480,64560,-343335.36,89.60,582.34,48
516480,64560,-63882.60,86.98,113.07,48
516864,64608,-57143.30,26.87,96.22,48
516864,64608,-80766.45,91.26,142.05,48
516864,64608,-124012.68,88.42,214.06,48
516864,64608,-38752.78,88.29,71.11,48
516864,64608,-163139.15,86.98,279.73,48
516864,64608,-9050.79,88.33,21.42,48
516864,64608,-12601.02,90.84,27.79,48
516864,64608,-531301.06,90.34,897.89,48
517248,64656,-2354.12,28.70,4.54,48
517248,64656,1639.56,88.94,3.70,48
517248,64656,-182377.77,87.05,312.13,48
517248,64656,-59076.88,30.43,99.87,48
517248,64656,-213492.75,33.39,358.98,48
517248,64656,-83513.12,89.85,146.74,48
517248,64656,-179192.29,29.13,301.00,48
517248,64656,-99910.23,29.39,168.16,48
517632,64704,-29525.42,87.69,55.66,48
517632,64704,-9142.61,30.58,15.84,48
517632,64704,-136651.36,91.52,236.17,48
517632,64704,-5651.45,85.65,15.44,48
517632,64704,-78256.25,91.54,137.88,48
517632,64704,-599180.00,88.47,1011.63,48
517632,64704,-61039.18,33.41,103.13,48
517632,64704,-63239.36,30.25,106.60,48
518016,64752,-13450.04,86.91,28.59,48
518016,64752,-372418789750503.25,87.53,625000000206.94,48
518016,64752,-80973.28,89.40,142.26,48
518016,64752,-27588.52,31.35,47.03,48
518016,64752,-16199.33,90.86,33.90,48
518016,64752,-423.89,27.11,1.61,48
518016,64752,-39081.16,29.67,66.23,48
518016,64752,-28002.41,28.23,47.83,48
518400,64800,-41176.57,25.39,69.43,48
518400,64800,-128524.43,89.25,221.83,48
518400,64800,-25806.09,33.56,44.01,48
518400,64800,-316577.50,26.66,532.07,48
518400,64800,-116787.44,28.22,196.45,48
518400,64800,-12390.60,88.99,27.06,48
518400,64800,-48942.29,86.73,87.89,48
518400,64800,-78667.12,32.01,133.06,48
518784,64848,-36958.14,89.49,68.14,48
518784,64848,-14316.49,90.46,30.42,48
518784,64848,-7680.13,86.39,18.64,48
518784,64848,-1500.97,86.25,8.47,48
518784,64848,-15929.15,91.84,33.39,48
518784,64848,-89636.88,88.89,156.65,48
518784,64848,-72530.13,27.68,122.43,48
518784,64848,-104539.07,27.36,176.19,48
519168,64896,480.70,29.04,0.00,48
519168,64896,-70147.94,29.89,118.27,48
519168,64896,-139115.26,29.96,233.99,48
519168,64896,-84986.03,88.40,148.80,48
519168,64896,-75389.55,90.56,133.04,48
519168,64896,-372418789785372.88,90.34,625000000265.87,48
519168,64896,-35050.01,87.79,65.13,48
519168,64896,-22760.51,28.84,38.84,48
519552,64944,-44393.30,29.99,75.47,48
519552,64944,-3537978501662461.00,87.95,5937500000291.16,48
519552,64944,-774498.88,35.79,1300.66,48
519552,64944,-114741.52,25.94,193.32,48
519552,64944,-17455.24,29.30,29.83,48
519552,64944,-44165.72,91.37,80.88,48
519552,64944,-337.79,89.45,6.91,48
519552,64944,-56845.17,28.60,95.80,48
519936,64992,-54926.85,85.81,97.91,48
519936,64992,-65825.58,90.70,116.93,48
519936,64992,-7113.73,87.94,18.06,48
519936,64992,-17210.71,90.48,35.22,48
519936,64992,-155046.79,32.89,260.85,48
519936,64992,-53200.97,32.06,90.45,48
519936,64992,3619.01,86.77,0.00,48
519936,64992,-74355.97,87.73,130.90,48
520320,65040,-153529.79,91.63,264.26,48
520320,65040,-7707.47,89.18,19.31,48
520320,65040,-2355.32,89.68,10.43,48
520320,65040,-50508.93,88.30,90.78,48
520320,65040,-116217.28,88.07,201.09,48
520320,65040,-55179.74,31.63,93.39,48
520320,65040,-57716.58,89.07,103.18,48
520320,65040,-29145.20,26.76,49.54,48
520704,65088,-78887.57,30.74,133.13,48
520704,65088,-22196.56,87.89,43.29,48
520704,65088,-138267.36,31.70,232.61,48
520704,65088,-70665.28,90.72,125.08,48
520704,65088,-11915.62,25.88,20.61,48
520704,65088,-84552.37,88.29,147.98,48
520704,65088,-25157.59,87.34,48.15,48
520704,65088,-372418789770904.12,88.00,625000000241.17,48
521088,65136,-54794.11,88.43,98.02,48
521088,65136,-234694.53,89.90,400.22,48
521088,65136,-28794.39,89.73,54.50,48
521088,65136,-10330.71,87.31,23.31,48
521088,65136,-9814.86,86.14,22.36,48
521088,65136,-83273.52,88.84,145.93,48
521088,65136,-240083.76,32.73,403.77,48
521088,65136,-25086.78,89.20,48.51,48
521472,65184,-2625.53,89.26,10.64,48
521472,65184,-28077.28,90.43,53.72,48
521472,65184,-83537.49,34.72,141.48,48
521472,65184,-135015.87,87.34,232.53,48
521472,65184,-33923.40,88.46,63.09,48
521472,65184,-149459.80,91.49,257.45,48
521472,65184,-22996.98,86.00,44.41,48
521472,65184,-6086.92,89.96,16.55,48
521856,65232,-185784.69,33.12,312.51,48
521856,65232,-67625.40,87.80,119.48,48
521856,65232,-63944.99,88.70,113.35,48
521856,65232,-2296582536286096.00,91.22,3854166667058.41,48
521856,65232,-45078.02,88.64,81.93,48
521856,65232,-35702.74,87.09,65.86,48
521856,65232,-41278.95,30.58,69.78,48
521856,65232,2631.28,86.11,1.27,48
522240,65280,-102083.95,32.85,171.98,48
522240,65280,-14918.39,34.04,25.97,48
522240,65280,-136577.94,87.03,235.30,48
522240,65280,-16331.35,92.09,34.05,48
522240,65280,-34687.28,33.20,59.13,48
522240,65280,3717.64,90.48,0.28,48
522240,65280,586.31,86.85,4.91,48
522240,65280,-51205.04,32.36,86.45,48
522624,65328,-62997.26,31.61,106.82,48
522624,65328,1474.10,88.71,3.70,48
522624,65328,-2296582536214384.00,28.26,3854166666932.15,48
522624,65328,-60382.92,85.89,106.98,48
522624,65328,-360805.22,90.83,611.95,48
522624,65328,-225850.27,31.67,380.14,48
522624,65328,-65582.44,88.13,116.20,48
522624,65328,-35862.09,25.31,60.48,48
523008,65376,-75022.53,25.44,126.60,48
523008,65376,-228120.40,32.31,383.78,48
523008,65376,-1269.51,88.52,8.20,48
523008,65376,-61868.35,27.11,104.76,48
523008,65376,-6551.19,90.10,17.16,48
523008,65376,-321764.76,87.91,546.11,48
523008,65376,-76221.55,89.96,134.30,48
523008,65376,-7162.57,90.43,18.55,48
523392,65424,-26922.40,90.07,51.51,48
523392,65424,-56201.30,30.14,95.32,48
523392,65424,-2063.19,25.28,3.77,48
523392,65424,-126946.29,89.11,219.21,48
523392,65424,-37434.02,86.56,68.78,48
523392,65424,-155791.57,88.68,267.53,48
523392,65424,-67266.07,23.45,113.15,48
523392,65424,-176012.21,32.20,296.44,48
523776,65472,-137278.98,87.05,236.42,48
523776,65472,-150528.99,30.06,253.39,48
523776,65472,-216076.29,87.86,368.55,48
523776,65472,-113686.71,32.79,191.55,48
523776,65472,-5741.24,85.69,15.59,48
523776,65472,-11208.07,86.68,24.75,48
523776,65472,-47919.38,87.46,86.45,48
523776,65472,-72352.22,25.00,121.45,48
524160,65520,-678166.23,93.02,1144.93,48
524160,65520,-4876.38,89.56,14.62,48
524160,65520,-108709.49,87.17,188.36,48
524160,65520,-108394.87,85.98,187.77,48
524160,65520,-29778.31,88.57,56.02,48
524160,65520,-40177.74,90.97,74.00,48
524160,65520,-56478.76,90.06,101.11,48
524160,65520,-132251.72,89.01,228.22,48
524544,65568,-643087.18,31.69,1079.45,48
524544,65568,-156121.28,87.17,268.04,48
524544,65568,-43882.65,87.12,79.61,48
524544,65568,-525583.91,86.51,887.86,48
524544,65568,-146397.72,31.48,246.27,48
524544,65568,-931046974222817.75,31.49,1562500000245.55,48
524544,65568,-47006.54,29.98,79.51,48
524544,65568,-14952.31,28.19,25.55,48
524928,65616,-194713.82,89.25,333.05,48
524928,65616,-27214.22,28.48,46.04,48
524928,65616,-58017.97,89.98,103.82,48
524928,65616,-209.62,25.32,0.75,48
524928,65616,-169785.53,91.23,291.36,48
524928,65616,-25911.99,85.75,49.13,48
524928,65616,-109422.32,90.42,190.14,48
524928,65616,-109294.25,90.00,189.56,48
525312,65664,-35715.84,89.89,66.25,48
525312,65664,-58176.97,91.29,104.22,48
525312,65664,-419259.78,88.87,709.75,48
525312,65664,-177066.89,32.18,298.00,48
525312,65664,-25766.32,89.42,49.62,48
525312,65664,-126595.10,27.05,212.82,48
525312,65664,-145221.05,91.40,250.21,48
525312,65664,-172913.57,87.69,296.22,48
525696,65712,-183629.88,90.98,314.71,48
525696,65712,-135650.65,34.14,228.52,48
525696,65712,-67097.80,24.67,113.15,48
525696,65712,-7664.08,88.90,19.14,48
525696,65712,-34700.97,91.63,64.99,48
525696,65712,-34407.99,88.90,63.97,48
525696,65712,-65116.48,89.25,115.45,48
525696,65712,-65659.75,87.85,116.17,48
526080,65760,-44692.82,26.07,75.37,48
526080,65760,-18654.01,90.76,37.89,48
526080,65760,-27366.32,88.63,52.16,48
526080,65760,-9613.37,32.38,17.39,48
526080,65760,-44454.92,32.80,75.35,48
526080,65760,-6942.86,86.47,17.44,48
526080,65760,-18624.77,88.74,37.53,48
526080,65760,-49340.48,28.70,83.18,48
526464,65808,-26087.72,27.60,44.17,48
526464,65808,-139416.89,87.80,240.07,48
526464,65808,-129064.01,26.81,217.01,48
526464,65808,-21891.58,89.91,43.07,48
526464,65808,-21053.77,27.21,36.05,48
526464,65808,637.12,89.83,5.34,48
526464,65808,-64399.83,87.38,114.13,48
526464,65808,-3073.33,86.07,10.97,48
526848,65856,-66857.81,32.82,113.07,48
526848,65856,-55556.22,86.53,98.81,48
526848,65856,-23628.32,89.09,45.71,48
526848,65856,-121856.05,23.77,204.45,48
526848,65856,-67060.35,24.95,112.73,48
526848,65856,-111302.11,88.49,193.15,48
526848,65856,-20543.68,85.93,40.43,48
526848,65856,-262483.93,86.46,446.02,48
527232,65904,-38976.30,89.22,71.75,48
527232,65904,-2262.43,89.41,10.08,48
527232,65904,-1638.87,86.46,8.56,48
527232,65904,3679.75,87.85,0.00,48
527232,65904,-18075.65,86.91,36.28,48
527232,65904,-8314.18,29.53,14.66,48
527232,65904,-7331.76,89.95,18.63,48
527232,65904,-26954.90,86.94,51.16,48
527616,65952,-32272.13,32.63,54.97,48
527616,65952,-37272.12,30.23,63.65,48
527616,65952,-111933.59,92.96,194.55,48
527616,65952,-26638.24,88.01,50.84,48
527616,65952,-9597.61,28.60,16.34,48
527616,65952,-123185.63,31.75,207.72,48
527616,65952,-1556.82,31.12,3.40,48
527616,65952,-33614.13,29.09,57.08,48
528000,66000,-13302.85,89.05,28.70,48
528000,66000,-278325.12,86.45,473.05,48
528000,66000,-18919.47,91.08,38.13,48
528000,66000,-206107.43,32.30,346.62,48
528000,66000,-60842.26,88.66,108.20,48
528000,66000,-188497.27,32.88,316.84,48
528000,66000,-33200.35,89.52,62.00,48
528000,66000,-38430.46,90.30,70.99,48
528384,66048,-59840.96,88.11,106.36,48
528384,66048,-47444.43,86.63,85.65,48
528384,66048,-71512.01,87.71,126.02,48
528384,66048,-91127.85,28.81,153.33,48
528384,66048,-139054.46,90.37,239.81,48
528384,66048,-8300.51,87.74,19.99,48
528384,66048,-31999.63,87.51,59.78,48
528384,66048,-64370.08,86.76,113.96,48
528768,66096,-78292.67,28.22,131.97,48
528768,66096,-3538.75,30.55,6.38,48
528768,66096,-45227.70,89.00,82.10,48
528768,66096,-6949.78,87.87,17.75,48
528768,66096,-63170.20,89.53,112.30,48
528768,66096,-56229.99,86.15,100.10,48
528768,66096,-2749.79,85.91,10.72,48
528768,66096,-46461.95,31.57,78.69,48
529152,66144,-71810.06,88.61,126.63,48
529152,66144,-3776.95,88.92,12.54,48
529152,66144,427.54,32.85,0.00,48
529152,66144,-199418.88,91.18,341.28,48
529152,66144,-56362.37,30.02,95.12,48
529152,66144,-33041.72,87.62,61.30,48
529152,66144,332.09,30.33,0.31,48
529152,66144,-2979.95,29.71,5.56,48
529536,66192,-23251.80,86.39,45.11,48
529536,66192,-7983.29,90.92,19.99,48
529536,66192,-794599.23,36.63,1334.54,48
529536,66192,-257787.92,90.97,439.11,48
529536,66192,-71850.17,90.47,127.08,48
529536,66192,-115077.94,86.69,199.21,48
529536,66192,-51543.02,89.31,92.75,48
529536,66192,-2459.15,86.62,10.05,48
529920,66240,-80223.18,25.74,135.16,48
529920,66240,-82831.76,89.03,145.20,48
529920,66240,-79493.20,87.18,139.28,48
529920,66240,-156966.87,92.79,270.24,48
529920,66240,1976.32,86.25,2.34,48
529920,66240,-165718.10,88.19,284.06,48
529920,66240,-73747.13,90.00,130.16,48
529920,66240,-351404.82,87.99,595.88,48
530304,66288,-147269.87,92.52,253.80,48
530304,66288,3155.50,87.42,0.68,48
530304,66288,-8533.19,27.68,15.15,48
530304,66288,-11227.69,87.20,24.55,48
530304,66288,-44397.46,89.73,81.02,48
530304,66288,-73959.64,87.15,130.19,48
530304,66288,-176233.35,90.21,302.09,48
530304,66288,-50347.48,87.67,90.46,48
530688,66336,-94935.73,32.05,160.35,48
530688,66336,-5252.10,27.27,9.38,48
530688,66336,-57134.78,88.05,102.00,48
530688,66336,-41472.85,85.90,75.53,48
530688,66336,-147082.17,33.79,247.73,48
530688,66336,-61592.60,89.95,109.76,48
530688,66336,-186590.07,88.93,319.22,48
530688,66336,-65505.11,87.91,116.02,48
531072,66384,-108034.20,90.02,187.57,48
531072,66384,-4881.28,86.29,14.20,48
531072,66384,-55580.10,88.76,99.50,48
531072,66384,3929.73,90.62,0.00,48
531072,66384,-19531.12,93.32,39.66,48
531072,66384,-86512.19,28.28,145.58,48
531072,66384,-49702.01,89.01,89.52,48
531072,66384,-29344.49,88.88,55.50,48
531456,66432,-90600.33,86.35,157.98,48
531456,66432,-609570.65,35.37,1024.36,48
531456,66432,-25654.12,30.32,43.36,48
531456,66432,-30817.65,31.97,52.40,48
531456,66432,-59247.01,87.82,105.46,48
531456,66432,-102723.15,28.56,173.02,48
531456,66432,-90084.66,30.38,151.86,48
531456,66432,-91959.12,88.79,160.50,48
531840,66480,-129969.26,26.04,218.73,48
531840,66480,-63379.96,89.23,112.58,48
531840,66480,-162319.04,87.86,278.41,48
531840,66480,-72146.42,28.89,121.68,48
531840,66480,-48359.45,85.92,87.07,48
531840,66480,-14094.34,34.72,24.63,48
531840,66480,-589188.58,87.95,994.88,48
531840,66480,-60223.78,32.09,101.53,48
532224,66528,-120264.57,86.49,207.70,48
532224,66528,-35896.15,91.01,66.89,48
532224,66528,-31706.20,27.71,53.34,48
532224,66528,-3537978501633792.00,88.38,5937500000243.24,48
532224,66528,-90391.90,89.11,157.85,48
532224,66528,-3537978501738270.50,31.00,5937500000413.20,48
532224,66528,-9890.48,27.56,17.00,48
532224,66528,-84025.84,30.96,141.72,48
532608,66576,-3501.08,90.42,12.41,48
532608,66576,-191631.22,33.14,322.60,48
532608,66576,-10844.60,88.15,24.39,48
532608,66576,-12059.93,90.53,26.65,48
532608,66576,-96797.05,91.05,168.95,48
532608,66576,-57304.97,88.62,102.51,48
532608,66576,-107892.34,31.90,181.80,48
532608,66576,-8960.06,28.22,15.84,48
532992,66624,-41709.54,36.59,71.21,48
532992,66624,-43677.67,86.07,79.09,48
532992,66624,-78476.00,85.91,137.47,48
532992,66624,-247207.16,89.43,420.99,48
532992,66624,-140266.68,30.86,236.34,48
532992,66624,86.58,25.94,0.64,48
532992,66624,-82895.48,32.17,139.53,48
532992,66624,-21472.68,87.09,42.02,48
533376,66672,-144925.75,28.85,243.85,48
533376,66672,-48434.62,87.59,87.45,48
533376,66672,-3997.98,85.08,12.43,48
533376,66672,-88724.86,88.10,155.04,48
533376,66672,-3944.00,27.42,6.92,48
533376,66672,-16442.03,26.83,28.19,48
533376,66672,-50907.12,88.55,91.55,48
533376,66672,-107462.27,27.05,181.01,48
533760,66720,-19279.31,35.63,33.42,48
533760,66720,-33792.58,30.03,57.26,48
533760,66720,-71609.95,92.49,127.00,48
533760,66720,-36222.36,28.66,61.62,48
533760,66720,-176944.96,33.43,297.51,48
533760,66720,-23912.23,87.62,46.09,48
533760,66720,-25473.76,88.31,48.98,48
533760,66720,-23484.94,87.23,45.37,48
534144,66768,-104113.18,29.85,175.54,48
534144,66768,-46561.94,28.19,78.73,48
534144,66768,-2594.78,29.80,5.18,48
534144,66768,-149682.97,29.53,252.13,48
534144,66768,-177802.08,88.53,304.37,48
534144,66768,-208198.94,89.35,355.50,48
534144,66768,-65683.50,89.35,116.48,48
534144,66768,-19697.72,29.02,33.30,48
534528,66816,-630892.47,30.63,1059.51,48
534528,66816,-78403.61,86.42,137.46,48
534528,66816,-97014.47,91.47,169.46,48
534528,66816,-61928.83,87.84,109.88,48
534528,66816,511.95,31.78,0.10,48
534528,66816,2484.45,90.11,2.46,48
534528,66816,-101281.03,89.59,176.14,48
534528,66816,-58013.19,89.50,103.63,48
534912,66864,-157369.26,26.88,264.76,48
534912,66864,2012.33,83.49,2.28,48
534912,66864,-10742.89,30.95,18.59,48
534912,66864,-76229.06,90.78,134.39,48
534912,66864,-2761.36,88.60,10.73,48
534912,66864,-11111.97,88.79,24.76,48
534912,66864,-36033.20,87.73,66.50,48
534912,66864,-71162.03,91.11,125.92,48
535296,66912,-20378.37,31.33,35.30,48
535296,66912,1256.77,90.04,4.48,48
535296,66912,-1489675158705039.00,88.40,2500000000311.19,48
535296,66912,-179489.85,89.89,307.63,48
535296,66912,-1489675158834768.75,31.66,2500000000523.78,48
535296,66912,-22702.55,91.51,44.80,48
535296,66912,2472.81,88.22,1.84,48
535296,66912,-30002.81,87.11,56.37,48
535680,66960,-291551.39,91.32,495.78,48
535680,66960,-38766.30,89.22,71.30,48
535680,66960,-136263.65,90.08,235.06,48
535680,66960,3505.04,88.23,0.19,48
535680,66960,-54602.28,30.19,91.97,48
535680,66960,-118952.55,88.97,205.90,48
535680,66960,-125949.07,88.25,217.40,48
535680,66960,-2296582536222329.50,27.04,3854166666945.21,48
536064,67008,-147561.08,89.13,253.73,48
536064,67008,-46499.65,85.38,83.98,48
536064,67008,-67670.20,27.99,113.88,48
536064,67008,-7448375792772704.00,87.51,12500000000269.16,48
536064,67008,-63370.11,87.24,112.17,48
536064,67008,-3096.73,87.11,11.18,48
536064,67008,-16583.72,89.43,34.04,48
536064,67008,-65869.32,29.94,111.16,48
536448,67056,-9161.46,31.56,16.41,48
536448,67056,-12930.51,89.50,28.13,48
536448,67056,-32194.71,88.46,60.38,48
536448,67056,-51818.23,27.67,87.12,48
536448,67056,-148157.68,85.32,254.41,48
536448,67056,-75783.50,87.82,132.95,48
536448,67056,-405896.09,90.34,687.53,48
536448,67056,-94794.14,87.72,165.27,48
536832,67104,-106638.82,88.48,185.00,48
536832,67104,-65154.33,87.55,115.18,48
536832,67104,-71945.07,90.24,127.04,48
536832,67104,188.13,32.39,0.33,48
536832,67104,-36077.57,86.32,66.49,48
536832,67104,-150729.47,90.05,259.25,48
536832,67104,-31979.21,89.33,59.98,48
536832,67104,-54421.52,29.60,91.64,48
537216,67152,-156539.80,86.49,268.56,48
537216,67152,-4784.97,87.10,14.28,48
537216,67152,-125294.82,88.21,216.44,48
537216,67152,-213548.21,33.26,359.20,48
537216,67152,-89451.19,90.93,156.57,48
537216,67152,-7390.97,88.73,18.53,48
537216,67152,-170821.17,89.08,292.91,48
537216,67152,-37427.54,87.77,68.82,48
537600,67200,-163219.75,89.53,280.27,48
537600,67200,-61023.32,35.23,103.24,48
537600,67200,-44851.98,90.33,81.61,48
537600,67200,-17035.53,88.62,34.72,48
537600,67200,-16777.64,32.65,28.88,48
537600,67200,-233.34,87.02,6.21,48
537600,67200,-17570.32,33.10,30.67,48
537600,67200,-57013.64,90.07,102.02,48
537984,67248,-195805.96,88.21,334.65,48
537984,67248,-257922.42,34.24,433.77,48
537984,67248,-42251.92,89.25,77.18,48
537984,67248,-2683.20,89.09,10.64,48
537984,67248,-162692.62,28.81,273.46,48
537984,67248,-59946.81,28.28,101.20,48
537984,67248,-470.64,87.86,6.87,48
537984,67248,-27263.56,86.77,51.52,48
538368,67296,-83446.17,36.67,141.39,48
538368,67296,-175150.30,30.13,294.53,48
538368,67296,-17653.28,90.03,36.00,48
538368,67296,-61506.86,31.12,103.85,48
538368,67296,-502.47,87.04,6.78,48
538368,67296,-93924.64,89.44,163.84,48
538368,67296,-4136.77,87.66,12.88,48
538368,67296,-17814.13,84.88,35.65,48
538752,67344,-108465.44,87.12,187.96,48
538752,67344,-380.68,30.12,1.63,48
538752,67344,-7708.71,29.24,13.80,48
538752,67344,-16219.52,88.14,33.48,48
538752,67344,-85644.97,86.22,149.46,48
538752,67344,-11958.91,88.54,26.19,48
538752,67344,-18864.96,90.26,38.03,48
538752,67344,-56950.68,88.08,101.81,48
539136,67392,-3243.96,90.17,11.86,48
539136,67392,3202.30,87.98,0.72,48
539136,67392,-177578.11,87.20,303.93,48
539136,67392,-49744.08,86.48,89.32,48
539136,67392,-6789.95,91.27,17.88,48
539136,67392,-47013.21,86.39,84.80,48
539136,67392,-36212.39,87.56,66.72,48
539136,67392,-61788.93,88.54,109.64,48
539520,67440,-46530.54,86.81,83.92,48
539520,67440,-77826.00,89.39,137.01,48
539520,67440,-57640.35,86.98,102.59,48
539520,67440,2044.28,91.02,3.18,48
539520,67440,-8063.94,86.55,19.42,48
539520,67440,-203802.16,87.91,348.04,48
539520,67440,111.67,84.92,5.51,48
539520,67440,-76415.98,86.12,134.01,48
539904,67488,1772.45,89.54,3.37,48
539904,67488,-254545.04,27.63,427.60,48
539904,67488,-5611.23,89.92,15.72,48
539904,67488,-23473.89,85.97,44.97,48
539904,67488,-10844.23,27.95,18.63,48
539904,67488,3091.40,87.10,0.66,48
539904,67488,-25078.71,85.47,47.90,48
539904,67488,-93200.19,84.80,162.18,48
540288,67536,-69073.16,85.92,121.54,48
540288,67536,-171999.47,87.80,294.77,48
540288,67536,-191217.74,92.23,327.59,48
540288,67536,-54578.54,85.94,97.43,48
540288,67536,-39060.40,87.58,71.36,48
540288,67536,-7448375792753035.00,87.70,12500000000236.10,48
540288,67536,-65501.44,30.84,110.13,48
540288,67536,-1116.74,89.17,8.17,48
540672,67584,-23019.37,86.94,44.73,48
540672,67584,-62617.92,84.96,110.76,48
540672,67584,-737285.18,89.53,1243.63,48
540672,67584,-96062.29,90.08,167.58,48
540672,67584,-75584.05,24.54,126.95,48
540672,67584,-71069.57,87.90,125.12,48
540672,67584,-23385.33,88.43,45.33,48
540672,67584,-26480.87,87.27,50.58,48
541056,67632,-21148.72,89.27,41.63,48
541056,67632,-16985.46,88.08,34.68,48
541056,67632,-14168.32,90.58,30.22,48
541056,67632,-50225.59,87.69,90.33,48
541056,67632,-110014.80,86.82,190.49,48
541056,67632,-145246.85,86.49,249.68,48
541056,67632,-70930.67,87.86,125.18,48
541056,67632,-76338.66,88.08,134.17,48
541440,67680,-47784.38,88.99,86.55,48
541440,67680,-49.79,24.79,0.72,48
541440,67680,-19761.08,87.10,39.14,48
541440,67680,-97151.81,92.05,169.61,48
541440,67680,-84921.16,28.80,142.73,48
541440,67680,-21087.98,88.23,41.50,48
541440,67680,-119870.10,89.27,207.30,48
541440,67680,-447483.91,25.30,751.27,48
541824,67728,-121792.29,85.71,210.36,48
541824,67728,-7249.31,30.41,12.77,48
541824,67728,-3038.75,29.08,5.62,48
541824,67728,-50392.66,90.88,91.16,48
541824,67728,-220482.42,28.35,370.32,48
541824,67728,-89406.83,90.46,156.49,48
541824,67728,-37938.22,89.14,69.89,48
541824,67728,-1822.05,89.23,9.38,48
542208,67776,-14973.48,86.37,30.81,48
542208,67776,-8816.97,87.89,21.08,48
542208,67776,-5927.98,89.80,16.36,48
542208,67776,-11597.92,31.68,20.42,48
542208,67776,-11465.11,88.93,25.48,48
542208,67776,-147378.22,30.04,247.86,48
542208,67776,-14412.46,26.49,24.46,48
542208,67776,-99266.17,87.04,172.72,48
542592,67824,-19335.34,90.76,39.07,48
542592,67824,-110055.20,83.90,190.52,48
542592,67824,-84666.17,92.20,148.80,48
542592,67824,-227604.65,89.96,388.32,48
542592,67824,-97089.05,87.72,168.83,48
542592,67824,-82310.03,30.23,138.83,48
542592,67824,-5757.20,90.42,16.11,48
542592,67824,-1153.28,88.46,8.15,48
542976,67872,-95896.89,90.34,167.31,48
542976,67872,-68068.01,28.90,114.57,48
542976,67872,-164167.56,89.48,281.65,48
542976,67872,-115142.69,89.63,199.52,48
542976,67872,-82280.74,88.48,144.16,48
542976,67872,-136010.20,90.67,234.66,48
542976,67872,-10439.10,91.47,23.93,48
542976,67872,-26987.00,85.36,51.11,48
543360,67920,-163244.92,31.44,274.82,48
543360,67920,-1519.95,86.63,8.61,48
543360,67920,-15552.94,27.70,26.82,48
543360,67920,-166451.73,89.25,285.61,48
543360,67920,-47485.56,88.91,85.78,48
543360,67920,-142316.09,91.05,245.21,48
543360,67920,-4131.17,32.92,7.60,48
543360,67920,-19947.48,89.37,39.79,48
543744,67968,-10730.89,89.94,24.55,48
543744,67968,-22032.74,27.78,37.71,48
543744,67968,-36737.26,86.39,67.51,48
543744,67968,-27439.67,89.74,52.17,48
543744,67968,-122385.16,88.37,211.50,48
543744,67968,-352.39,90.56,7.17,48
543744,67968,-4862.96,33.67,9.46,48
543744,67968,-1677.50,29.74,3.38,48
544128,68016,-120326.26,86.12,207.65,48
544128,68016,-6509.39,87.51,16.83,48
544128,68016,-28032.29,88.58,53.23,48
544128,68016,-59507.94,29.73,100.43,48
544128,68016,-14046.68,92.30,30.35,48
544128,68016,-33966.88,87.94,63.23,48
544128,68016,-71569.20,88.80,126.09,48
544128,68016,-51100.34,89.16,92.13,48
544512,68064,-102300.42,89.83,178.00,48
544512,68064,-1778.63,28.51,3.74,48
544512,68064,-144533.60,24.56,242.95,48
544512,68064,-51854.94,29.68,87.71,48
544512,68064,-715681.37,88.94,1207.13,48
544512,68064,-19069.91,27.59,32.36,48
544512,68064,-34860.67,88.09,64.48,48
544512,68064,-36030.03,87.69,66.35,48
544896,68112,-11455.75,90.16,25.84,48
544896,68112,-49865.88,86.61,89.61,48
544896,68112,-71370.43,28.73,120.32,48
544896,68112,3742.69,88.84,0.00,48
544896,68112,-10490.51,86.16,23.52,48
544896,68112,487.83,88.96,5.62,48
544896,68112,-58544.08,31.78,99.19,48
544896,68112,3659.83,90.45,0.43,48
545280,68160,-52527.52,89.95,94.55,48
545280,68160,-161626.61,89.70,277.39,48
545280,68160,-22027.49,86.88,42.88,48
545280,68160,-46708.93,91.29,84.99,48
545280,68160,-155292.14,29.54,260.93,48
545280,68160,-8243.42,86.35,19.76,48
545280,68160,-7448375792896946.00,88.61,12500000000478.10,48
545280,68160,-38258.64,87.59,70.11,48
545664,68208,-18387.27,87.21,36.87,48
545664,68208,-23353.82,90.68,45.76,48
545664,68208,-154630.39,89.87,265.85,48
545664,68208,-98138.09,89.60,171.00,48
545664,68208,-143660.93,34.90,241.93,48
545664,68208,-30811.65,85.79,57.55,48
545664,68208,-105584.04,30.39,177.64,48
545664,68208,-12971.86,90.34,28.23,48
546048,68256,-59983.41,88.47,106.83,48
546048,68256,-29397.61,88.64,55.52,48
546048,68256,-62780.63,31.49,105.93,48
546048,68256,-67723.06,34.52,114.93,48
546048,68256,-2250.26,32.04,4.38,48
546048,68256,-61518.92,89.79,109.62,48
546048,68256,-184483.86,89.93,315.86,48
546048,68256,-27250.99,29.70,46.12,48
546432,68304,-10219.51,88.75,23.52,48
546432,68304,-524100.65,87.53,885.61,48
546432,68304,-2400.79,86.73,9.74,48
546432,68304,-14613.54,88.24,30.76,48
546432,68304,-4787.74,88.87,14.10,48
546432,68304,1798.66,91.36,3.41,48
546432,68304,-60294.36,90.27,107.48,48
546432,68304,-7935.03,26.10,13.86,48
546816,68352,-89068.39,91.67,155.91,48
546816,68352,-11375.85,90.24,25.53,48
546816,68352,-14594.50,27.47,24.89,48
546816,68352,-38602.38,30.27,65.43,48
546816,68352,-83997.88,86.74,146.96,48
546816,68352,-62964.84,85.75,111.40,48
546816,68352,1336.53,85.48,3.50,48
546816,68352,-372418789812665.25,86.52,625000000310.87,48
547200,68400,-27771.20,31.06,47.31,48
547200,68400,-80388.22,28.99,135.67,48
547200,68400,-212146.88,90.51,362.40,48
547200,68400,-11401.70,28.56,19.91,48
547200,68400,-32238.11,89.55,60.38,48
547200,68400,-48014.84,30.16,81.10,48
547200,68400,-26671.42,85.47,50.53,48
547200,68400,-102558.82,88.37,178.35,48
547584,68448,-108884.09,89.74,189.12,48
547584,68448,-49770.43,87.48,89.70,48
547584,68448,-639213.61,32.26,1073.53,48
547584,68448,-63578.45,31.18,107.25,48
547584,68448,-57788.63,24.13,97.40,48
547584,68448,-416343.74,30.16,699.24,48
547584,68448,-43630.65,90.94,79.65,48
547584,68448,-15401.23,90.03,32.11,48
547968,68496,-31470.78,86.73,58.67,48
547968,68496,-294475.47,89.49,500.46,48
547968,68496,-40530.49,88.78,74.27,48
547968,68496,-15284.12,89.71,31.98,48
547968,68496,-145959.00,90.13,251.37,48
547968,68496,-71116.40,91.64,125.89,48
547968,68496,-43581.53,86.99,79.04,48
547968,68496,-6238.80,29.96,11.27,48
548352,68544,-13499.87,85.56,28.37,48
548352,68544,-24475.26,27.95,41.69,48
548352,68544,-54732.56,29.23,92.33,48
548352,68544,-1078.90,86.57,7.66,48
548352,68544,-7455.21,89.88,18.78,48
548352,68544,3254.35,88.29,0.72,48
548352,68544,-25954.98,33.77,44.39,48
548352,68544,-36978.38,28.78,62.75,48
548736,68592,-350902.62,26.71,589.38,48
548736,68592,-86383.35,29.42,145.46,48
548736,68592,-44161.17,37.81,75.55,48
548736,68592,-500.56,90.69,7.37,48
548736,68592,-29745.53,88.39,55.80,48
548736,68592,-13184.03,87.00,28.08,48
548736,68592,-89828.64,88.14,156.69,48
548736,68592,-37626.54,27.39,63.71,48
549120,68640,-94542.41,88.56,164.74,48
549120,68640,-3812.16,88.72,12.59,48
549120,68640,-163387.79,89.18,280.51,48
549120,68640,-11995.39,89.29,26.47,48
549120,68640,-22138.31,90.25,43.53,48
549120,68640,-215683.77,31.67,362.86,48
549120,68640,-2688.90,87.71,10.71,48
549120,68640,-14600.82,89.35,30.79,48
549504,68688,-112006.24,85.93,193.68,48
549504,68688,-31110.91,88.65,58.52,48
549504,68688,-34732.03,85.98,64.13,48
549504,68688,-691006.59,89.09,1165.84,48
549504,68688,-171887.61,25.44,288.84,48
549504,68688,-51652.55,88.85,92.83,48
549504,68688,3498.01,87.27,0.34,48
549504,68688,3535.43,86.92,0.00,48
549888,68736,-45657.43,90.40,82.97,48
549888,68736,-59468.08,90.48,106.23,48
549888,68736,-80786.87,91.33,142.01,48
549888,68736,-115607.82,86.28,199.95,48
549888,68736,-15379.26,90.26,32.19,48
549888,68736,-139393.26,27.31,234.29,48
549888,68736,-18078.20,88.27,36.42,48
549888,68736,-40482.52,87.49,73.83,48
550272,68784,-18431.61,28.41,31.82,48
550272,68784,-77275.81,28.86,130.51,48
550272,68784,-213892.22,88.12,365.07,48
550272,68784,-32416.27,89.40,60.84,48
550272,68784,-36691.09,89.60,67.87,48
550272,68784,-26922.49,86.51,51.01,48
550272,68784,-56244.30,89.45,100.68,48
550272,68784,-36948.08,88.08,68.03,48
550656,68832,-110311.52,30.53,186.02,48
550656,68832,-188624.58,86.84,322.40,48
550656,68832,-38739.78,26.84,65.46,48
550656,68832,-44888.41,87.80,81.33,48
550656,68832,-2528.79,92.17,10.91,48
550656,68832,3748.00,87.95,0.00,48
550656,68832,-63249.58,35.51,107.20,48
550656,68832,-24007.79,88.76,46.48,48
551040,68880,-142274.63,87.77,245.07,48
551040,68880,-21993.53,88.76,43.29,48
551040,68880,-14523.56,27.33,25.01,48
551040,68880,-98957.20,90.31,172.50,48
551040,68880,-158464.27,87.58,271.99,48
551040,68880,-69898.18,87.35,123.23,48
551040,68880,3495.26,91.47,0.72,48
551040,68880,-142921.69,87.38,245.82,48
551424,68928,-72066.76,32.19,121.72,48
551424,68928,-445042.86,29.43,747.55,48
551424,68928,-475324.14,86.93,803.69,48
551424,68928,-50688.00,90.35,91.39,48
551424,68928,-83647.29,86.90,146.31,48
551424,68928,-82991.77,88.13,145.40,48
551424,68928,-46651.39,90.91,84.68,48
551424,68928,-26482.70,88.22,50.73,48
551808,68976,-16161.35,26.11,27.16,48
551808,68976,-19021.60,88.15,38.15,48
551808,68976,-666777.35,31.11,1119.74,48
551808,68976,-14424.10,29.61,24.66,48
551808,68976,-142808.17,86.63,245.38,48
551808,68976,-46490.76,87.34,84.04,48
551808,68976,-27518.71,86.88,52.08,48
551808,68976,-173224.01,29.54,291.39,48
552192,69024,665.67,87.51,4.91,48
552192,69024,-190447.49,32.77,320.74,48
552192,69024,-63660.93,29.66,107.10,48
552192,69024,-201123.12,26.43,337.81,48
552192,69024,-154125.64,87.95,264.75,48
552192,69024,-34411.12,89.40,64.13,48
552192,69024,-60198.49,33.73,101.67,48
552192,69024,-109843.60,31.20,185.22,48
552576,69072,-10925.23,86.69,24.39,48
552576,69072,-10299.69,86.07,23.20,48
552576,69072,-1489675158777867.00,88.37,2500000000433.83,48
552576,69072,-172016.14,91.06,295.25,48
552576,69072,-18387.41,91.38,37.37,48
552576,69072,-60245.43,31.11,101.86,48
552576,69072,-361186.69,86.87,612.03,48
552576,69072,-80338.63,24.58,135.34,48
552960,69120,-54273.15,87.94,97.36,48
552960,69120,-72779.77,89.44,128.47,48
552960,69120,-18621.70,85.96,37.18,48
552960,69120,-53457.47,87.05,95.68,48
552960,69120,-45660.89,26.18,77.39,48
552960,69120,-7448375792713949.00,82.95,12500000000170.19,48
552960,69120,-7709.56,88.56,19.12,48
552960,69120,-159296.34,31.34,267.68,48
553344,69168,-144327.81,31.77,243.00,48
553344,69168,-84053.11,89.63,147.45,48
553344,69168,3838.65,92.46,0.34,48
553344,69168,-118690.96,87.11,205.01,48
553344,69168,-484984.05,86.64,819.79,48
553344,69168,-61325.57,33.60,103.79,48
553344,69168,-41923.84,29.91,70.95,48
553344,69168,2612.59,86.51,1.49,48
553728,69216,-12720.31,88.23,27.48,48
553728,69216,-37238.02,88.65,68.79,48
553728,69216,-9653.21,87.30,22.31,48
553728,69216,-56031.09,90.15,100.33,48
553728,69216,-11854.30,87.97,25.92,48
553728,69216,-23118.19,90.37,45.39,48
553728,69216,3102.10,85.39,0.71,48
553728,69216,-157760.90,31.78,265.59,48
554112,69264,1404.90,88.06,3.68,48
554112,69264,-6682.53,87.89,17.31,48
554112,69264,-7132.95,26.92,12.49,48
554112,69264,-96594.92,25.59,162.22,48
554112,69264,-40729.73,88.74,74.29,48
554112,69264,-32790.08,30.62,55.87,48
554112,69264,-21790.05,87.37,42.52,48
554112,69264,3578.63,86.89,0.00,48
554496,69312,-21528.64,90.78,42.68,48
554496,69312,-2063.28,28.47,3.75,48
554496,69312,-81634.77,90.00,143.51,48
554496,69312,-610.63,28.12,1.49,48
554496,69312,-110954.13,91.91,192.82,48
554496,69312,-160514.52,27.08,269.74,48
554496,69312,-143655.55,28.54,241.61,48
554496,69312,-63182.85,27.53,106.56,48
554880,69360,-73359.40,29.71,123.47,48
554880,69360,-79602.69,89.33,139.77,48
554880,69360,-22111.72,87.83,43.13,48
554880,69360,-175031.21,90.42,300.05,48
554880,69360,-34992.64,29.88,59.26,48
554880,69360,-47682.39,86.88,85.86,48
554880,69360,-4691.70,29.76,8.52,48
554880,69360,-131101.42,25.71,220.65,48
555264,69408,-18074.89,90.03,36.70,48
555264,69408,-191619.38,89.31,327.78,48
555264,69408,-372418789778225.94,88.52,625000000253.50,48
555264,69408,-74221.26,87.74,130.43,48
555264,69408,-4626.39,85.74,13.24,48
555264,69408,-119371.11,90.75,206.68,48
555264,69408,-24895.30,28.60,42.28,48
555264,69408,-7987.54,82.98,18.80,48
555648,69456,-12183.49,89.09,26.76,48
555648,69456,-73397.43,85.52,128.80,48
555648,69456,-51906.27,88.40,93.20,48
555648,69456,-79060.55,90.73,139.03,48
555648,69456,-53845.33,88.54,96.63,48
555648,69456,-11197.93,89.15,25.27,48
555648,69456,-71824.19,88.05,126.55,48
555648,69456,-40674.21,87.82,74.36,48
556032,69504,-9274.38,84.52,21.31,48
556032,69504,-85362.17,89.85,149.64,48
556032,69504,-124394.47,28.34,209.04,48
556032,69504,-13892.54,87.76,29.37,48
556032,69504,-112551.93,89.06,195.10,48
556032,69504,-86423.38,87.41,150.92,48
556032,69504,-92794.03,88.32,161.91,48
556032,69504,-35901.02,88.92,66.35,48
556416,69552,-5382.89,90.38,15.32,48
556416,69552,-8063.60,30.39,14.22,48
556416,69552,-92289.14,30.08,155.53,48
556416,69552,-9877.29,33.35,17.36,48
556416,69552,-37082.72,29.57,63.16,48
556416,69552,-16280.00,27.66,28.03,48
556416,69552,-15208.72,88.84,32.13,48
556416,69552,-162163.98,87.15,277.92,48
556800,69600,-2985.68,88.50,11.22,48
556800,69600,-27174.57,88.06,51.67,48
556800,69600,-21771.06,86.63,42.56,48
556800,69600,-120038.64,32.38,201.84,48
556800,69600,-232201.87,30.28,390.22,48
556800,69600,-63855.34,90.81,113.55,48
556800,69600,-104588.21,24.38,175.80,48
556800,69600,-84162.81,25.79,141.60,48
557184,69648,-166723.05,35.39,280.81,48
557184,69648,-119858.96,87.83,206.92,48
557184,69648,-165466.23,88.72,283.67,48
557184,69648,-109135.51,92.28,189.85,48
557184,69648,-95209.01,90.07,166.15,48
557184,69648,-49829.94,27.57,84.08,48
557184,69648,-79823.40,32.42,135.25,48
557184,69648,-63025.06,85.78,111.54,48
557568,69696,-25160.31,87.99,48.60,48
557568,69696,-432.32,87.98,6.89,48
557568,69696,-34848.14,87.44,64.43,48
557568,69696,-102266.36,28.26,172.12,48
557568,69696,-9802.84,29.90,17.10,48
557568,69696,1281.69,88.44,4.01,48
557568,69696,-75129.93,28.80,126.71,48
557568,69696,-80303.73,30.54,135.48,48
557952,69744,-31485.86,89.45,59.04,48
557952,69744,-22743.87,25.62,38.77,48
557952,69744,-202761.23,89.10,346.42,48
557952,69744,-82886.92,90.35,145.61,48
557952,69744,-19812.51,86.46,39.07,48
557952,69744,-107068.13,31.81,180.33,48
557952,69744,-372418789809901.75,85.71,625000000306.16,48
557952,69744,-185327.07,32.23,311.47,48
558336,69792,-16483.75,30.27,28.44,48
558336,69792,-152855.78,28.36,257.06,48
558336,69792,-66402.73,89.91,117.63,48
558336,69792,-108225.70,29.99,182.51,48
558336,69792,-70998.22,28.59,119.58,48
558336,69792,3466.47,88.03,0.31,48
558336,69792,-9849.74,90.52,23.04,48
558336,69792,-20338.89,85.10,39.81,48
558720,69840,-15978.71,90.85,33.32,48
558720,69840,-152636.06,84.47,261.80,48
558720,69840,-140014.08,88.12,241.02,48
558720,69840,-102026.59,29.87,171.72,48
558720,69840,-36743.51,24.38,62.16,48
558720,69840,2671.81,88.02,1.63,48
558720,69840,-8379.48,88.75,20.29,48
558720,69840,-30177.18,30.36,51.35,48
559104,69888,-16246.10,89.90,33.56,48
559104,69888,-76782.30,28.17,129.45,48
559104,69888,-31087.16,88.43,58.35,48
559104,69888,-26674.57,31.66,45.53,48
559104,69888,-171901.27,87.37,294.32,48
559104,69888,-6335.15,28.24,10.75,48
559104,69888,-139949.09,86.94,240.65,48
559104,69888,-172674.47,25.84,289.97,48
559488,69936,-36028.91,87.04,66.42,48
559488,69936,-106766.98,85.39,184.73,48
559488,69936,-153.49,88.07,6.50,48
559488,69936,-66616.74,30.55,112.54,48
559488,69936,-31917.41,34.45,54.66,48
559488,69936,-372418789774795.56,88.00,625000000247.82,48
559488,69936,-138553.14,27.76,232.91,48
559488,69936,-9614.92,87.70,22.13,48
559872,69984,-41860.26,89.22,76.39,48
559872,69984,-1623.62,25.95,3.17,48
559872,69984,-55767.74,88.74,99.65,48
559872,69984,-45957.64,89.28,83.36,48
559872,69984,-14151.81,89.79,30.07,48
559872,69984,-571238.41,88.34,964.76,48
559872,69984,-176584.67,28.43,296.58,48
559872,69984,-41025.08,89.70,75.03,48
560256,70032,-104660.30,87.55,181.58,48
560256,70032,31.75,87.90,6.27,48
560256,70032,-105738.35,90.23,183.85,48
560256,70032,-60734.34,85.98,107.83,48
560256,70032,-230457.37,31.30,387.34,48
560256,70032,-2834.52,25.95,5.32,48
560256,70032,-31240.92,89.84,58.58,48
560256,70032,-229256.36,88.03,390.48,48
560640,70080,-6840.45,22.17,11.84,48
560640,70080,-9629.58,29.79,16.88,48
560640,70080,-226869.11,35.06,381.72,48
560640,70080,-91354.89,87.97,159.38,48
560640,70080,-36302.65,87.16,66.88,48
560640,70080,-42429.73,86.38,76.93,48
560640,70080,-15461.22,30.95,26.58,48
560640,70080,3610.89,88.66,0.16,48
561024,70128,-188000.14,89.83,321.81,48
561024,70128,-47352.91,27.45,80.11,48
561024,70128,-195664.42,27.10,329.20,48
561024,70128,-7603.82,86.14,18.50,48
561024,70128,-51934.22,29.36,87.92,48
561024,70128,-28194.58,85.73,53.17,48
561024,70128,-16575.62,28.35,28.49,48
561024,70128,-238224.43,91.14,406.31,48
561408,70176,-12279.89,88.58,27.01,48
561408,70176,-13285.35,29.40,22.87,48
561408,70176,331.08,28.24,0.00,48
561408,70176,-74906.14,89.29,131.97,48
561408,70176,-96219.36,29.63,162.04,48
561408,70176,-931046974240151.62,87.00,1562500000279.69,48
561408,70176,-48689.87,26.11,81.79,48
561408,70176,-28462.12,87.48,53.59,48
561792,70224,-167441.09,89.87,287.20,48
561792,70224,-10901.25,89.82,24.56,48
561792,70224,-6570.86,91.68,17.62,48
561792,70224,-129955.59,85.22,223.87,48
561792,70224,-72999.22,30.29,123.15,48
561792,70224,-56782.27,88.70,101.43,48
561792,70224,-49792.67,89.01,89.75,48
561792,70224,-33284.62,86.42,61.63,48
562176,70272,-39906.22,28.37,67.35,48
562176,70272,-10005.84,91.06,23.26,48
562176,70272,-67893.95,87.68,120.09,48
562176,70272,-34442.46,85.88,63.60,48
562176,70272,-999.31,81.37,7.03,48
562176,70272,-106768.27,90.61,185.64,48
562176,70272,-70125.80,90.43,124.13,48
562176,70272,1861.44,86.98,3.03,48
562560,70320,-170207.07,89.55,291.93,48
562560,70320,-214.01,25.37,0.93,48
562560,70320,-132674.67,32.27,223.76,48
562560,70320,-530187.41,86.30,895.64,48
562560,70320,-23592.68,88.48,45.58,48
562560,70320,-66403.83,87.98,117.27,48
562560,70320,-31273.60,28.34,52.96,48
562560,70320,-51116.07,88.98,91.82,48
562944,70368,-18275.55,33.40,31.40,48
562944,70368,-19776.74,91.54,39.72,48
562944,70368,-96202.99,89.75,167.96,48
562944,70368,-42582.60,85.01,77.18,48
562944,70368,-4416.65,27.80,7.75,48
562944,70368,-584395.71,89.18,986.87,48
562944,70368,-529680.81,34.96,889.78,48
562944,70368,3261.26,87.27,0.60,48
563328,70416,-126316.70,88.84,218.15,48
563328,70416,-160468.32,88.00,275.38,48
563328,70416,-37615.15,30.80,63.87,48
563328,70416,-64618.04,87.59,114.55,48
563328,70416,-22017.29,25.62,37.62,48
563328,70416,-7448375792744685.00,89.21,12500000000222.32,48
563328,70416,-47031.85,88.06,84.91,48
563328,70416,-42772.06,87.23,77.59,48
563712,70464,889.05,87.87,4.66,48
563712,70464,-2909.40,88.58,11.14,48
563712,70464,-3638.16,28.46,6.93,48
563712,70464,-185449.38,26.07,311.88,48
563712,70464,-3700.02,87.90,12.26,48
563712,70464,-2203.08,26.17,4.34,48
563712,70464,-47715.14,88.70,86.08,48
563712,70464,-584186.97,89.90,986.81,48
564096,70512,-36062.55,88.91,66.78,48
564096,70512,-14671.51,30.63,25.58,48
564096,70512,-2104.12,90.12,10.00,48
564096,70512,226.05,85.36,5.42,48
564096,70512,-89597.24,87.52,156.49,48
564096,70512,-44484.27,88.42,80.86,48
564096,70512,-39308.25,87.80,72.18,48
564096,70512,-235296.95,87.76,400.80,48
564480,70560,-51333.68,87.87,92.07,48
564480,70560,-55501.96,31.38,93.72,48
564480,70560,-54221.97,89.70,97.26,48
564480,70560,-53336.90,31.97,90.19,48
564480,70560,-39654.68,26.49,67.14,48
564480,70560,-36834.07,91.34,68.55,48
564480,70560,-102499.03,91.05,178.44,48
564480,70560,-129508.84,90.24,223.73,48
564864,70608,-48774.24,87.32,87.96,48
564864,70608,-93608.77,90.50,163.53,48
564864,70608,-189762.11,32.07,319.51,48
564864,70608,-493614.27,28.89,828.87,48
564864,70608,-3118.76,90.45,11.64,48
564864,70608,-27160.82,22.30,45.69,48
564864,70608,-11889.27,30.16,20.71,48
564864,70608,-83477.42,88.36,146.20,48
565248,70656,3537.70,88.70,0.26,48
565248,70656,3314.88,88.90,0.86,48
565248,70656,-372418789764651.69,86.38,625000000230.47,48
565248,70656,-132256.66,87.32,227.77,48
565248,70656,-7481.03,89.78,19.05,48
565248,70656,-92391.63,84.67,160.74,48
565248,70656,-6264.73,89.96,16.89,48
565248,70656,-21277.97,33.85,36.39,48
565632,70704,-141549.98,28.84,238.26,48
565632,70704,-81289.41,91.48,142.82,48
565632,70704,-175521.38,86.31,300.24,48
565632,70704,-42871.06,26.37,72.33,48
565632,70704,-16531.57,88.89,33.94,48
565632,70704,-143107.90,88.22,246.22,48
565632,70704,-151884.10,30.00,255.52,48
565632,70704,-81188.18,27.72,136.88,48
566016,70752,-41960.62,87.41,76.42,48
566016,70752,-6149.00,89.85,16.66,48
566016,70752,-210099.83,87.25,358.61,48
566016,70752,-73818.85,88.93,130.10,48
566016,70752,-72413.19,86.63,127.25,48
566016,70752,-6564.72,86.72,17.04,48
566016,70752,3110.34,85.02,0.62,48
566016,70752,-94912.47,88.77,165.74,48
566400,70800,-1944.75,88.36,9.62,48
566400,70800,-7448375792847942.00,33.13,12500000000390.33,48
566400,70800,-64055.66,28.87,107.73,48
566400,70800,-60119.27,90.80,107.34,48
566400,70800,-27636.53,23.44,46.53,48
566400,70800,-90913.52,90.44,158.96,48
566400,70800,3920.67,90.88,0.00,48
566400,70800,170.68,26.88,0.00,48
566784,70848,-2296582536176279.50,86.61,3854166666873.52,48
566784,70848,-716574.74,91.03,1209.22,48
566784,70848,-8723.64,24.98,15.13,48
566784,70848,-117781.11,32.03,197.94,48
566784,70848,-123117.99,33.47,207.63,48
566784,70848,-83407.21,89.28,146.25,48
566784,70848,1720.14,90.15,3.51,48
566784,70848,3579.63,87.81,0.28,48
567168,70896,-28024.59,91.50,53.61,48
567168,70896,184.12,86.69,5.65,48
567168,70896,-38436.76,28.63,65.07,48
567168,70896,-217613.87,87.66,371.24,48
567168,70896,-149709.60,89.81,257.60,48
567168,70896,-473296.90,86.65,799.94,48
567168,70896,-58806.64,30.30,99.52,48
567168,70896,323.64,88.22,5.74,48
567552,70944,-107010.94,90.52,186.06,48
567552,70944,-60275.54,30.00,101.76,48
567552,70944,-1041.33,28.20,2.39,48
567552,70944,-46392.15,27.50,78.64,48
567552,70944,-62193.54,87.17,110.21,48
567552,70944,-62084.23,87.04,109.96,48
567552,70944,-665967.02,90.26,1123.96,48
567552,70944,-8060.92,86.79,19.52,48
567936,70992,-22070.65,89.71,43.37,48
567936,70992,2941.59,87.87,1.37,48
567936,70992,-32976.06,85.41,61.07,48
567936,70992,-165235.31,28.95,277.75,48
567936,70992,-130176.53,28.14,219.31,48
567936,70992,-86037.50,88.55,150.48,48
567936,70992,-463220.13,32.29,778.18,48
567936,70992,-5726.14,87.11,15.56,48
568320,71040,-304471.37,87.28,516.98,48
568320,71040,-116863.05,88.27,202.18,48
568320,71040,-48076.71,87.04,86.54,48
568320,71040,-58412.12,90.61,104.24,48
568320,71040,-27030.43,30.93,46.04,48
568320,71040,-43001.63,87.53,78.25,48
568320,71040,-13545.46,86.50,28.79,48
568320,71040,-26101.16,90.81,50.33,48
568704,71088,-7037.37,89.11,18.03,48
568704,71088,-4919.17,27.12,8.66,48
568704,71088,-48301.66,90.28,87.45,48
568704,71088,-48319.70,89.04,87.47,48
568704,71088,-172071.05,30.66,289.75,48
568704,71088,-80386.18,86.57,140.80,48
568704,71088,-81205.70,87.52,142.28,48
568704,71088,-262623.88,85.89,446.50,48
569088,71136,-21416.47,91.66,42.44,48
569088,71136,-14721.29,30.18,25.45,48
569088,71136,-70924.23,88.52,125.30,48
569088,71136,967.83,86.90,4.35,48
569088,71136,-165970.18,28.36,279.35,48
569088,71136,-122521.30,89.74,211.85,48
569088,71136,-76807.82,89.71,135.05,48
569088,71136,-931046974263332.88,29.51,1562500000313.57,48
569472,71184,-171232.94,88.88,293.59,48
569472,71184,-3537978501714003.00,91.89,5937500000378.30,48
569472,71184,-18862.33,90.30,38.16,48
569472,71184,-170514.11,88.18,291.95,48
569472,71184,-208118.98,88.15,355.44,48
569472,71184,-16797.56,89.79,34.44,48
569472,71184,873.32,87.39,4.82,48
569472,71184,-138928.72,31.78,233.93,48
569856,71232,-12905.89,88.85,27.99,48
569856,71232,-74085.69,89.91,130.72,48
569856,71232,-172347.40,90.13,295.60,48
569856,71232,434.91,33.12,0.43,48
569856,71232,-134552.67,89.14,231.91,48
569856,71232,-507131.34,90.22,857.31,48
569856,71232,-138854.18,88.82,239.22,48
569856,71232,-128440.13,88.86,221.60,48
570240,71280,-193435.98,29.98,325.56,48
570240,71280,-16227.61,89.24,33.43,48
570240,71280,-26845.46,86.70,51.18,48
570240,71280,3102.82,87.99,0.76,48
570240,71280,-80651.33,87.94,141.58,48
570240,71280,-137202.05,88.02,236.30,48
570240,71280,-54755.52,88.52,97.98,48
570240,71280,2934.88,89.37,1.33,48
570624,71328,-204790.19,87.76,349.77,48
570624,71328,-160972.21,87.87,276.19,48
570624,71328,-61357.21,34.30,104.23,48
570624,71328,-47797.77,89.12,86.51,48
570624,71328,2985.96,89.48,1.19,48
570624,71328,-5086.07,24.63,9.09,48
570624,71328,3190.86,87.49,0.76,48
570624,71328,-65929.85,31.12,111.28,48
571008,71376,-11558.07,86.97,25.55,48
571008,71376,-124690.50,84.73,215.15,48
571008,71376,-355345.51,87.95,602.30,48
571008,71376,-176337.75,86.04,301.72,48
571008,71376,-35136.19,85.39,64.50,48
571008,71376,-13253.86,30.74,23.02,48
571008,71376,-38236.86,88.35,70.35,48
571008,71376,-54631.09,31.17,92.01,48
571392,71424,-194015.33,28.48,325.81,48
571392,71424,-29423.80,84.55,55.05,48
571392,71424,-133810.34,88.32,230.70,48
571392,71424,-21225.67,30.09,36.43,48
571392,71424,-26751.83,88.65,51.17,48
571392,71424,-54547.91,87.01,97.42,48
571392,71424,-82404.03,89.58,144.47,48
571392,71424,-46610.33,30.18,78.89,48
571776,71472,-130773.90,34.37,220.40,48
571776,71472,-227897.75,87.92,388.46,48
571776,71472,-67790.45,87.88,119.70,48
571776,71472,-58171.51,30.03,98.61,48
571776,71472,-30204.07,87.02,56.43,48
571776,71472,-23991.86,89.26,46.43,48
571776,71472,-56165.65,86.98,100.25,48
571776,71472,-16174.59,27.71,27.57,48
572160,71520,-88149.71,89.25,154.21,48
572160,71520,-89476.49,91.56,156.77,48
572160,71520,-30372.93,30.10,51.42,48
572160,71520,-7051.69,33.89,12.63,48
572160,71520,-146292.15,89.02,251.49,48
572160,71520,-7361.76,89.14,18.43,48
572160,71520,3480.75,86.77,0.00,48
572160,71520,-23787.20,87.42,45.70,48
572544,71568,-69736.25,30.07,118.04,48
572544,71568,2168.62,88.14,2.52,48
572544,71568,-4274.36,85.54,12.84,48
572544,71568,-131078.36,25.90,220.55,48
572544,71568,-48426.21,33.74,82.14,48
572544,71568,2918.12,91.52,1.64,48
572544,71568,-8585.26,83.53,19.82,48
572544,71568,-160781.24,88.96,276.18,48
572928,71616,-65156.27,87.79,115.34,48
572928,71616,-12106.24,92.94,27.09,48
572928,71616,-547873.93,87.24,925.33,48
572928,71616,-206988.29,88.76,353.71,48
572928,71616,-62535.30,31.70,105.73,48
572928,71616,-28847.74,26.26,48.79,48
572928,71616,-41886.62,22.16,70.34,48
572928,71616,-73612.36,89.90,129.91,48
573312,71664,-132604.03,87.68,228.36,48
573312,71664,-400026.41,86.79,677.10,48
573312,71664,-625562.67,30.45,1050.63,48
573312,71664,-88229.80,91.73,154.75,48
573312,71664,-4009.01,88.97,12.84,48
573312,71664,-49513.52,89.76,89.47,48
573312,71664,-158191.42,29.37,266.21,48
573312,71664,-6229.15,21.97,10.48,48
573696,71712,-53588.70,87.74,95.96,48
573696,71712,-9900.79,88.70,22.73,48
573696,71712,-67464.51,30.53,113.99,48
573696,71712,-109194.11,89.97,189.52,48
573696,71712,-13761.66,87.73,29.14,48
573696,71712,-64912.99,89.10,115.04,48
573696,71712,-90382.88,87.22,157.56,48
573696,71712,-16813.82,86.91,34.23,48
574080,71760,-43708.18,88.30,79.58,48
574080,71760,-3973.99,88.33,12.96,48
574080,71760,3008.36,86.87,0.90,48
574080,71760,-62963.95,85.58,111.33,48
574080,71760,-214387.94,32.82,360.67,48
574080,71760,-16079.22,85.53,32.77,48
574080,71760,-51793.19,86.37,92.86,48
574080,71760,-61347.18,88.12,108.86,48
574464,71808,-44644.67,86.84,80.62,48
574464,71808,-1489675158646713.00,86.24,2500000000213.04,48
574464,71808,-345646.04,28.46,580.71,48
574464,71808,3279.11,88.58,0.78,48
574464,71808,3799.19,89.33,0.00,48
574464,71808,1891.36,86.78,2.70,48
574464,71808,-146276.66,23.96,245.49,48
574464,71808,-53105.13,90.16,95.50,48
574848,71856,-2296582536220196.00,30.60,3854166666941.81,48
574848,71856,-10600.69,32.18,18.94,48
574848,71856,-22679.74,27.61,38.40,48
574848,71856,-178512.68,28.96,300.12,48
574848,71856,-386061.25,30.27,648.64,48
574848,71856,-70351.74,30.92,118.82,48
574848,71856,-29878.28,30.46,50.85,48
574848,71856,-31581.48,32.51,53.85,48
575232,71904,-69605.94,87.51,122.92,48
575232,71904,-201711.84,29.82,339.20,48
575232,71904,-97437.43,27.46,164.26,48
575232,71904,-58783.59,90.97,105.11,48
575232,71904,-25081.53,86.66,47.89,48
575232,71904,-63250.49,90.50,112.45,48
575232,71904,-124591.14,33.92,209.86,48
575232,71904,-5450.66,86.94,15.02,48
575616,71952,-1593.26,33.59,3.70,48
575616,71952,-316895.57,89.98,537.88,48
575616,71952,-543.82,87.93,7.33,48
575616,71952,-13508.63,30.34,23.23,48
575616,71952,-320020.58,86.13,543.11,48
575616,71952,-7448375792743944.00,87.59,12500000000221.08,48
575616,71952,-6802.31,89.31,17.73,48
575616,71952,-41955.02,30.79,70.88,48
576000,72000,-203415.26,89.16,347.50,48
576000,72000,-307709.36,87.51,522.41,48
576000,72000,-42824.07,28.86,72.22,48
576000,72000,-185864.22,27.83,312.55,48
576000,72000,-92445.15,23.80,155.43,48
576000,72000,-84470.45,88.51,147.89,48
576000,72000,-150502.08,31.04,253.65,48
576000,72000,-175386.47,30.11,294.89,48
576384,72048,-2296582536293545.50,91.41,3854166667070.94,48
576384,72048,-14492.99,28.16,24.97,48
576384,72048,-19032.55,90.25,38.38,48
576384,72048,-79461.04,89.38,139.36,48
576384,72048,-372418789801859.62,30.72,625000000287.46,48
576384,72048,-67537.81,28.79,113.88,48
576384,72048,2622.79,84.79,1.34,48
576384,72048,-536695.54,88.14,906.69,48
576768,72096,-71507.31,87.25,125.99,48
576768,72096,-169411.26,31.59,284.68,48
576768,72096,-102144.59,30.74,171.72,48
576768,72096,-7815.12,28.79,13.37,48
576768,72096,-4025.01,86.81,12.55,48
576768,72096,-52404.35,86.77,93.77,48
576768,72096,-87662.15,29.96,147.85,48
576768,72096,2871.06,88.88,1.39,48
577152,72144,-36525.34,85.92,67.13,48
577152,72144,-2812.29,88.30,10.72,48
577152,72144,-150610.87,28.05,253.45,48
577152,72144,-129937.97,27.51,218.40,48
577152,72144,-63071.51,87.16,111.78,48
577152,72144,-17541.66,87.80,35.70,48
577152,72144,-5296.29,29.35,9.60,48
577152,72144,-33357.43,90.23,62.47,48
577536,72192,-72347.14,86.06,127.00,48
577536,72192,-9259.90,31.27,16.42,48
577536,72192,-615293.75,28.74,1033.35,48
577536,72192,-39452.22,32.69,67.11,48
577536,72192,-2524.89,89.85,10.75,48
577536,72192,-82106.73,86.47,143.58,48
577536,72192,-344000.25,88.78,583.65,48
577536,72192,-8039.82,25.94,13.98,48
577920,72240,-17492.06,87.65,35.43,48
577920,72240,-1928.89,86.21,9.13,48
577920,72240,-63914.99,90.35,113.67,48
577920,72240,-43920.06,86.26,79.72,48
577920,72240,-48977.51,85.69,88.02,48
577920,72240,-118711.94,88.91,205.27,48
577920,72240,-23892.41,28.59,40.51,48
577920,72240,-48045.60,87.04,86.53,48
578304,72288,-10331.80,29.66,17.94,48
578304,72288,-127981.75,90.02,221.11,48
578304,72288,-9551.22,30.33,16.67,48
578304,72288,-47794.81,86.85,86.08,48
578304,72288,-931046974249521.88,28.16,1562500000289.87,48
578304,72288,-13045.75,89.80,28.42,48
578304,72288,-12574.73,89.89,27.48,48
578304,72288,-118396.62,28.10,199.39,48
578688,72336,-170728.21,89.28,292.70,48
578688,72336,-1489675158762020.50,90.67,2500000000407.19,48
578688,72336,-12341.66,86.56,26.62,48
578688,72336,1447.40,86.24,3.34,48
578688,72336,-226008.56,89.11,385.35,48
578688,72336,-116462.86,86.98,201.43,48
578688,72336,-12619.02,89.04,27.51,48
578688,72336,-7425.25,28.17,12.93,48
579072,72384,-114213.04,31.37,192.57,48
579072,72384,3863.14,89.82,0.00,48
579072,72384,521.50,27.06,0.00,48
579072,72384,-240779.23,34.18,404.67,48
579072,72384,-61424.15,87.46,108.77,48
579072,72384,-980.76,88.19,7.77,48
579072,72384,-139610.23,87.21,240.28,48
579072,72384,-32232.93,31.06,54.69,48
579456,72432,-61977.50,28.14,104.15,48
579456,72432,-79371.15,26.46,133.51,48
579456,72432,-57451.14,86.86,102.07,48
579456,72432,-15062.31,30.74,25.76,48
579456,72432,-192064.56,30.74,322.87,48
579456,72432,-141112.05,30.43,237.39,48
579456,72432,-338920.03,25.55,569.05,48
579456,72432,3722.05,88.75,0.00,48
579840,72480,-35686.68,27.21,60.65,48
579840,72480,-215657.72,86.47,367.79,48
579840,72480,-165098.65,29.25,277.43,48
579840,72480,-43989.01,24.67,74.30,48
579840,72480,-171075.96,29.66,287.78,48
579840,72480,-931046974300421.62,88.27,1562500000381.11,48
579840,72480,-130449.31,32.00,219.80,48
579840,72480,-30124.46,88.72,56.65,48
580224,72528,-69781.65,85.53,122.79,48
580224,72528,-56413.29,30.63,95.31,48
580224,72528,-74734.30,34.73,126.07,48
580224,72528,-1235.48,89.47,8.41,48
580224,72528,-103085.51,30.70,173.38,48
580224,72528,-7544.86,87.88,18.74,48
580224,72528,-25476.49,93.20,49.54,48
580224,72528,-363427.56,25.37,610.22,48
580608,72576,-31066.00,87.24,58.27,48
580608,72576,-1489675158771925.50,33.62,2500000000418.29,48
580608,72576,-599545.25,89.52,1012.38,48
580608,72576,-36775.08,29.61,62.58,48
580608,72576,-15710.02,87.08,32.43,48
580608,72576,-71958.22,86.42,126.72,48
580608,72576,-136639.17,86.27,235.10,48
580608,72576,-69034.02,32.77,116.13,48
580992,72624,-34918.65,89.21,64.87,48
580992,72624,-18471.26,29.74,31.73,48
580992,72624,-30386.87,25.15,51.18,48
580992,72624,-24623.34,88.59,47.64,48
580992,72624,-59461.07,89.95,105.99,48
580992,72624,-2692.13,90.65,11.15,48
580992,72624,-69978.35,84.89,123.11,48
580992,72624,-1489675158745921.50,91.37,2500000000380.36,48
581376,72672,-29329.27,85.54,54.88,48
581376,72672,-47683.68,90.21,86.52,48
581376,72672,-46282.35,84.52,83.43,48
581376,72672,-510.93,29.94,1.62,48
581376,72672,-49155.16,32.67,82.89,48
581376,72672,-36028.96,88.33,66.40,48
581376,72672,-170462.69,30.32,286.78,48
581376,72672,-68947.29,85.89,121.59,48
581760,72720,-15756.63,91.18,32.94,48
581760,72720,-80951.08,28.31,136.37,48
581760,72720,-170257.73,88.91,292.05,48
581760,72720,3127.79,87.97,0.95,48
581760,72720,-70464.25,85.02,123.97,48
581760,72720,-126889.84,30.38,213.33,48
581760,72720,2290.31,89.89,2.74,48
581760,72720,-65774.53,30.38,111.00,48
582144,72768,-322.10,25.29,1.03,48
582144,72768,-16885.10,87.72,34.47,48
582144,72768,-177859.78,32.36,298.89,48
582144,72768,-157093.08,33.67,264.41,48
582144,72768,-201696.24,30.61,339.32,48
582144,72768,-13739.63,85.78,28.68,48
582144,72768,-196350.09,90.14,335.93,48
582144,72768,-55865.76,87.16,99.72,48
582528,72816,-438095.38,87.94,741.43,48
582528,72816,-644050.30,30.12,1081.44,48
582528,72816,-25612.95,91.77,49.68,48
582528,72816,-1489675158696966.75,88.27,2500000000297.73,48
582528,72816,-16832.49,88.09,34.30,48
582528,72816,-42208.52,87.71,76.99,48
582528,72816,1672.52,87.56,3.25,48
582528,72816,-117079.14,89.54,202.58,48
582912,72864,-19991.95,87.20,39.55,48
582912,72864,-49903.86,88.40,89.97,48
582912,72864,-567534.12,29.30,953.24,48
582912,72864,-47786.68,28.09,80.66,48
582912,72864,-26840.48,88.64,51.14,48
582912,72864,-42297.77,88.46,77.22,48
582912,72864,-120543.89,34.71,203.25,48
582912,72864,-74337.63,89.29,131.12,48
583296,72912,-68282.11,85.57,120.29,48
583296,72912,-156871.06,90.89,269.72,48
583296,72912,-87743.89,33.21,148.25,48
583296,72912,-69859.04,84.63,122.85,48
583296,72912,-12232.37,85.75,26.21,48
583296,72912,-19830.62,90.98,39.59,48
583296,72912,3512.14,85.48,0.01,48
583296,72912,-10413.12,84.41,23.00,48
583680,72960,-8641.28,88.64,20.84,48
583680,72960,-23330.64,86.07,45.00,48
583680,72960,-73097.60,88.75,128.92,48
583680,72960,-35496.42,87.48,65.71,48
583680,72960,-99759.90,88.14,173.61,48
583680,72960,-70491.78,87.36,124.33,48
583680,72960,-291157.50,87.62,494.77,48
583680,72960,-91758.33,33.79,154.61,48
584064,73008,-515092.15,89.33,870.71,48
584064,73008,-11700.91,25.30,20.04,48
584064,73008,-26123.37,87.94,49.89,48
584064,73008,708.52,34.08,0.00,48
584064,73008,611.77,83.91,4.47,48
584064,73008,-5237.40,87.54,14.98,48
584064,73008,-72712.10,29.00,122.92,48
584064,73008,-30545.06,34.40,51.98,48
584448,73056,-163313.47,87.92,280.20,48
584448,73056,-5427.41,90.33,15.68,48
584448,73056,-106776.05,91.75,185.72,48
584448,73056,-41102.95,88.40,75.10,48
584448,73056,-136893.29,88.91,235.87,48
584448,73056,-86194.56,89.55,150.91,48
584448,73056,-51502.77,91.32,92.98,48
584448,73056,-4479.90,87.32,13.51,48
584832,73104,-124102.24,87.61,214.24,48
584832,73104,-15476.26,85.56,31.55,48
584832,73104,-101943.23,87.02,177.01,48
584832,73104,-426157.17,89.06,721.31,48
584832,73104,-12431.32,88.66,27.00,48
584832,73104,-91330.74,29.47,153.43,48
584832,73104,-270530.43,34.02,454.92,48
584832,73104,-23900.45,88.34,46.29,48
585216,73152,-727068.16,90.49,1226.45,48
585216,73152,-121879.86,87.27,210.53,48
585216,73152,-17345.38,87.49,35.10,48
585216,73152,-22878.55,29.91,39.31,48
585216,73152,-428799.79,27.55,719.99,48
585216,73152,-3537978501682870.50,30.07,5937500000319.74,48
585216,73152,-16625.42,88.95,34.09,48
585216,73152,-49076.19,87.03,88.35,48
585600,73200,-125896.67,29.75,211.70,48
585600,73200,-75782.75,86.34,133.09,48
585600,73200,-38166.63,28.77,64.66,48
585600,73200,-121213.12,88.29,209.29,48
585600,73200,664.22,89.93,5.41,48
585600,73200,-38.59,27.69,0.60,48
585600,73200,-70623.08,29.57,119.39,48
585600,73200,-168320.70,86.35,288.29,48
585984,73248,-24146.36,90.91,46.95,48
585984,73248,-480668.58,33.60,807.70,48
585984,73248,-100247.71,89.76,174.50,48
585984,73248,-74675.39,90.22,131.64,48
585984,73248,-219066.65,90.52,374.09,48
585984,73248,-69737.71,31.67,117.69,48
585984,73248,-152695.27,87.76,262.33,48
585984,73248,-48987.39,89.06,88.48,48
586368,73296,-2296582536219440.00,28.88,3854166666940.73,48
586368,73296,-180200.76,86.15,308.09,48
586368,73296,-3303.68,31.01,5.93,48
586368,73296,-230786.21,87.69,393.39,48
586368,73296,-12062.40,87.72,26.28,48
586368,73296,-183455.86,88.69,314.00,48
586368,73296,-215464.59,88.57,367.74,48
586368,73296,-153961.04,90.31,264.89,48
586752,73344,-20895.65,90.03,41.52,48
586752,73344,-36595.50,29.14,61.90,48
586752,73344,-47929.02,88.02,86.48,48
586752,73344,-6105.73,34.45,11.20,48
586752,73344,-8940.48,87.89,21.23,48
586752,73344,-17635.95,34.21,30.99,48
586752,73344,-9766.20,88.31,22.69,48
586752,73344,-37790.01,89.19,69.51,48
587136,73392,-15178.52,30.24,26.06,48
587136,73392,-999.63,21.63,1.85,48
587136,73392,-37621.24,87.50,69.27,48
587136,73392,-11113.62,86.21,24.37,48
587136,73392,-15749.46,90.87,32.82,48
587136,73392,3765.91,89.18,0.01,48
587136,73392,-51433.30,85.62,91.95,48
587136,73392,-11746.20,24.61,20.14,48
587520,73440,1012.63,88.51,4.42,48
587520,73440,-2281.45,24.45,3.99,48
587520,73440,-16659.41,91.26,34.61,48
587520,73440,-138244.06,88.05,237.96,48
587520,73440,-20054.52,31.42,34.29,48
587520,73440,-1977.46,90.14,9.71,48
587520,73440,-30155.71,89.47,56.91,48
587520,73440,-82784.74,30.00,139.94,48
587904,73488,-96768.56,32.36,163.09,48
587904,73488,-75030.88,36.19,126.87,48
587904,73488,-49757.43,33.77,84.64,48
587904,73488,-44698.43,88.71,81.17,48
587904,73488,-61535.95,31.27,104.28,48
587904,73488,-65767.00,30.69,111.26,48
587904,73488,-90763.95,89.69,158.46,48
587904,73488,-188442.82,88.01,322.26,48
588288,73536,-24677.46,27.67,42.18,48
588288,73536,-119639.77,29.00,201.41,48
588288,73536,-46522.95,89.11,84.26,48
588288,73536,-96660.62,32.89,162.59,48
588288,73536,-113270.13,26.32,190.56,48
588288,73536,-46090.28,88.28,83.54,48
588288,73536,-48521.87,86.71,87.66,48
588288,73536,-47783.88,27.06,81.03,48
588672,73584,-1489675158685769.50,86.47,2500000000278.85,48
588672,73584,-6334.00,88.77,17.08,48
588672,73584,1661.23,88.92,3.50,48
588672,73584,-1489675158680849.50,26.40,2500000000265.00,48
588672,73584,-44084.08,87.13,79.99,48
588672,73584,3355.67,89.10,0.66,48
588672,73584,-176362.03,30.33,296.47,48
588672,73584,-510704.84,88.22,863.15,48
589056,73632,-54637.65,86.14,97.29,48
589056,73632,-89393.85,89.77,156.34,48
589056,73632,-64892.46,88.34,115.07,48
589056,73632,-28054.17,89.12,53.47,48
589056,73632,-3537978501646901.50,29.15,5937500000259.55,48
589056,73632,-166631.14,88.98,285.92,48
589056,73632,-1489675158683469.25,89.93,2500000000275.29,48
589056,73632,-8185.16,28.20,14.20,48
589440,73680,-1489675158653651.00,87.34,2500000000224.83,48
589440,73680,1182.99,86.06,3.63,48
589440,73680,-35076.31,89.01,64.90,48
589440,73680,-258041.11,34.24,433.63,48
589440,73680,-16087.73,88.34,33.22,48
589440,73680,-43267.32,29.37,73.24,48
589440,73680,-53610.19,30.58,90.99,48
589440,73680,-3931.47,88.96,12.98,48
589824,73728,-26361.86,27.93,44.76,48
589824,73728,-347684.82,28.66,583.81,48
589824,73728,-7147.92,87.38,17.99,48
589824,73728,-15148.16,28.15,26.05,48
589824,73728,-372418789767813.56,89.84,625000000236.15,48
589824,73728,-118407.95,28.37,199.67,48
589824,73728,-561653.63,86.97,948.40,48
589824,73728,-27228.73,27.79,45.93,48
590208,73776,-94124.10,88.21,163.80,48
590208,73776,-173917.73,90.58,298.27,48
590208,73776,-78416.12,89.42,138.07,48
590208,73776,-3018.21,86.69,10.83,48
590208,73776,-21942.94,24.64,37.21,48
590208,73776,-4702.62,91.07,14.33,48
590208,73776,-20097.24,85.16,39.64,48
590208,73776,-36083.49,87.24,66.60,48
590592,73824,-69557.84,33.18,117.53,48
590592,73824,-158603.63,31.93,266.93,48
590592,73824,-164259.33,88.02,281.79,48
590592,73824,-135094.86,29.80,227.67,48
590592,73824,-104527.21,90.04,181.68,48
590592,73824,-58714.84,90.06,104.91,48
590592,73824,-137705.05,31.35,231.80,48
590592,73824,-16768.67,34.50,28.97,48
590976,73872,-32823.88,90.82,61.61,48
590976,73872,-2658.41,27.74,4.90,48
590976,73872,-40626.18,22.31,68.54,48
590976,73872,-216496.73,86.70,369.23,48
590976,73872,-18783.01,28.09,32.17,48
590976,73872,-6183.38,35.01,11.25,48
590976,73872,2760.99,89.67,1.78,48
590976,73872,-23561.13,89.35,45.83,48
591360,73920,-3707.16,90.74,12.84,48
591360,73920,-72587.43,88.66,127.95,48
591360,73920,-45119.80,31.33,76.46,48
591360,73920,-34187.00,88.46,63.47,48
591360,73920,-372418789798893.00,86.07,625000000287.96,48
591360,73920,-177694.74,89.53,304.40,48
591360,73920,-132400.57,88.43,228.20,48
591360,73920,-210017.43,90.02,358.80,48
591744,73968,-83453.23,89.41,146.26,48
591744,73968,-35790.96,85.04,65.77,48
591744,73968,-67663.59,30.82,114.28,48
591744,73968,-509522.65,27.09,855.43,48
591744,73968,-9710.09,89.39,22.71,48
591744,73968,-583.53,24.30,1.28,48
591744,73968,-20672.92,90.94,41.36,48
591744,73968,-163803.23,29.48,275.73,48
592128,74016,-109021.88,93.18,189.74,48
592128,74016,-16041.32,26.97,27.38,48
592128,74016,-111022.30,34.94,187.31,48
592128,74016,-20112.10,25.02,34.17,48
592128,74016,-72443.47,86.11,127.55,48
592128,74016,-340646.94,82.49,577.16,48
592128,74016,-44854.17,29.95,75.95,48
592128,74016,-47477.18,25.73,80.36,48
592512,74064,-45595.69,87.77,82.46,48
592512,74064,-29977.09,87.88,56.31,48
592512,74064,-70773.04,87.07,124.90,48
592512,74064,1681.60,87.92,3.38,48
592512,74064,-408324.81,87.66,691.44,48
592512,74064,-19473.03,91.99,39.41,48
592512,74064,3840.91,90.39,0.02,48
592512,74064,3364.69,88.79,0.66,48
592896,74112,-193768.39,87.83,331.09,48
592896,74112,-78795.47,90.27,138.46,48
592896,74112,-125618.80,90.12,217.02,48
592896,74112,-217609.66,29.63,365.60,48
592896,74112,-27244.21,89.36,52.17,48
592896,74112,-32023.59,86.42,59.72,48
592896,74112,-8045.71,86.39,19.41,48
592896,74112,-56965.64,23.83,95.71,48
593280,74160,-74214.07,30.92,125.18,48
593280,74160,-416.57,90.78,7.06,48
593280,74160,-274833.45,92.31,467.87,48
593280,74160,-182968.74,32.50,307.68,48
593280,74160,-39349.84,24.81,66.26,48
593280,74160,-138891.56,88.11,239.00,48
593280,74160,-48259.98,28.03,81.58,48
593280,74160,-92325.81,91.27,161.38,48
593664,74208,-19730.15,89.69,39.34,48
593664,74208,-2296582536253223.50,34.58,3854166666997.50,48
593664,74208,-218752.20,88.26,373.27,48
593664,74208,-47614.09,87.19,85.91,48
593664,74208,-88457.77,30.52,148.95,48
593664,74208,-63693.95,88.32,112.77,48
593664,74208,-86600.83,29.81,145.92,48
593664,74208,-47060.90,87.80,85.02,48
594048,74256,-130992.66,86.84,225.82,48
594048,74256,-306471.17,87.82,520.22,48
594048,74256,-33402.49,88.88,62.50,48
594048,74256,-16339.45,87.19,33.31,48
594048,74256,-54471.21,30.22,92.20,48
594048,74256,-19243.54,89.73,38.63,48
594048,74256,-112358.96,89.55,194.72,48
594048,74256,-74988.16,86.44,131.86,48
594432,74304,-10072.81,33.99,17.49,48
594432,74304,-24179.52,88.32,46.55,48
594432,74304,-122736.39,89.33,212.32,48
594432,74304,-41636.39,32.27,70.78,48
594432,74304,-8645.75,88.33,20.68,48
594432,74304,-372418789787423.88,27.09,625000000263.05,48
594432,74304,-15963.76,87.42,32.81,48
594432,74304,-2691.08,32.36,5.52,48
594816,74352,-1205.51,26.50,2.66,48
594816,74352,-62973.42,27.59,106.38,48
594816,74352,-9191.37,90.67,21.84,48
594816,74352,-110613.51,88.19,191.93,48
594816,74352,-127715.00,88.18,220.26,48
594816,74352,-35144.18,88.22,64.96,48
594816,74352,-98523.05,86.57,171.18,48
594816,74352,-10770.28,89.04,24.38,48
595200,74400,-104352.44,84.33,180.74,48
595200,74400,-85013.19,88.18,148.66,48
595200,74400,2291.16,86.15,2.00,48
595200,74400,-4760.40,28.82,8.42,48
595200,74400,-46945.82,89.84,85.05,48
595200,74400,-166205.75,86.35,284.95,48
595200,74400,-24608.68,31.09,41.51,48
595200,74400,-30056.71,88.00,56.49,48
595584,74448,-87504.74,33.35,147.46,48
595584,74448,-49461.42,29.20,83.32,48
595584,74448,-2236.42,25.19,4.12,48
595584,74448,-33825.55,35.04,57.61,48
595584,74448,-246886.74,35.07,415.54,48
595584,74448,-21533.50,87.83,42.27,48
595584,74448,-50287.98,84.48,90.24,48
595584,74448,534.83,29.06,0.00,48
595968,74496,-182427.69,28.83,306.98,48
595968,74496,3332.72,88.01,0.43,48
595968,74496,-44984.21,30.96,76.26,48
595968,74496,-168313.69,88.57,288.45,48
595968,74496,-99293.53,86.78,172.72,48
595968,74496,-96458.91,33.51,162.44,48
595968,74496,-37799.16,28.27,63.98,48
595968,74496,-55008.71,88.34,98.19,48
596352,74544,-66959.95,28.47,113.08,48
596352,74544,-25941.54,91.75,50.03,48
596352,74544,-51590.00,87.17,92.39,48
596352,74544,-15062.17,87.24,31.19,48
596352,74544,-167089.17,88.62,286.66,48
596352,74544,-328226.82,88.46,557.08,48
596352,74544,-27013.89,32.36,46.19,48
596352,74544,-20206.60,88.43,39.94,48
596736,74592,-84185.57,90.27,147.67,48
596736,74592,-57202.43,90.34,102.58,48
596736,74592,-1489675158654224.50,23.20,2500000000220.03,48
596736,74592,-123184.16,89.69,212.95,48
596736,74592,-56952.52,26.74,95.98,48
596736,74592,-10483.82,29.17,18.31,48
596736,74592,-92425.82,88.43,161.16,48
596736,74592,3107.53,86.21,0.83,48
597120,74640,-93322.57,86.30,162.33,48
597120,74640,-105934.72,93.03,184.58,48
597120,74640,-26927.61,26.96,45.54,48
597120,74640,-42929.18,88.22,78.04,48
597120,74640,-35395.98,25.54,59.67,48
597120,74640,-22009.61,33.01,37.60,48
597120,74640,-62986.10,87.67,111.80,48
597120,74640,-49744.91,88.47,89.47,48
597504,74688,-131628.53,87.83,227.04,48
597504,74688,3382.76,86.46,0.25,48
597504,74688,-3933.50,87.93,12.74,48
597504,74688,-41649.17,84.24,75.63,48
597504,74688,-688634.61,87.96,1161.62,48
597504,74688,-11387.72,85.92,25.07,48
597504,74688,-9139.94,28.75,15.71,48
597504,74688,-372418789823731.00,92.62,625000000330.50,48
597888,74736,-44820.61,32.28,76.22,48
597888,74736,-14842.51,85.53,30.61,48
597888,74736,-13898.02,89.03,29.64,48
597888,74736,-21204.66,26.90,36.14,48
597888,74736,-6225.70,90.99,16.96,48
597888,74736,1336.79,87.96,3.95,48
597888,74736,-5467.90,90.55,15.73,48
597888,74736,-102528.00,88.82,178.43,48
598272,74784,-1441.48,87.55,8.53,48
598272,74784,-10557.29,87.90,23.78,48
598272,74784,-44754.79,34.50,75.75,48
598272,74784,-3726.96,89.09,12.52,48
598272,74784,-164944.85,28.21,277.58,48
598272,74784,-49216.83,30.03,83.49,48
598272,74784,-70207.69,31.38,118.32,48
598272,74784,-129959.62,29.80,218.77,48
598656,74832,-70996.45,88.20,125.08,48
598656,74832,1242.68,85.15,3.96,48
598656,74832,-88194.80,90.03,154.41,48
598656,74832,-6401.16,29.76,11.49,48
598656,74832,-62920.51,85.24,111.34,48
598656,74832,-5557.75,28.71,9.97,48
598656,74832,-76642.81,89.23,135.00,48
598656,74832,-135773.51,86.46,233.63,48
599040,74880,-61211.05,86.59,108.63,48
599040,74880,-40905.56,89.19,74.88,48
599040,74880,-35467.82,88.67,65.69,48
599040,74880,-931046974296776.88,31.04,1562500000369.92,48
599040,74880,-311122.46,26.80,522.67,48
599040,74880,-162932.92,89.22,279.74,48
599040,74880,-66051.28,28.28,111.65,48
599040,74880,-19611.15,30.65,33.88,48
599424,74928,-36575.16,87.54,67.37,48
599424,74928,-63905.73,91.33,113.79,48
599424,74928,-101907.58,86.45,177.03,48
599424,74928,-178942.54,92.61,306.92,48
599424,74928,-2576.01,84.02,9.69,48
599424,74928,-89707.81,87.33,156.51,48
599424,74928,-106080.31,86.85,183.95,48
599424,74928,-224556.53,29.17,377.39,48
599808,74976,-187168.91,90.51,320.53,48
599808,74976,-55830.51,90.40,100.09,48
599808,74976,-88596.57,89.57,154.81,48
599808,74976,584.62,88.84,5.35,48
599808,74976,-40820.34,88.00,74.64,48
599808,74976,1032.30,86.55,4.17,48
599808,74976,-19572.64,90.72,39.29,48
599808,74976,-29924.69,31.33,50.95,48
600192,75024,-11449.03,88.45,25.37,48
600192,75024,-2203.82,87.60,9.75,48
600192,75024,-147428.03,88.01,253.36,48
600192,75024,-79998.54,87.79,140.04,48
600192,75024,-158866.56,88.41,272.71,48
600192,75024,-119061.86,89.50,206.18,48
600192,75024,-73747.00,34.34,124.38,48
600192,75024,22.58,26.07,0.34,48
600576,75072,-124351.38,91.04,215.34,48
600576,75072,-141365.88,89.66,243.50,48
600576,75072,-66939.25,87.93,118.46,48
600576,75072,-11292.94,91.01,25.43,48
600576,75072,-21938.37,30.65,37.71,48
600576,75072,-162597.11,90.55,279.38,48
600576,75072,-43159.09,28.73,73.06,48
600576,75072,-160076.88,87.59,274.78,48
600960,75120,-224835.36,30.10,378.04,48
600960,75120,-1585.89,25.59,3.20,48
600960,75120,-81439.39,90.54,143.10,48
600960,75120,-7448375792768113.00,87.36,12500000000261.38,48
600960,75120,-29873.98,90.08,56.52,48
600960,75120,-44943.36,29.02,76.19,48
600960,75120,-117791.08,87.60,203.65,48
600960,75120,-16481.85,30.72,28.59,48
601344,75168,-59725.12,87.26,106.35,48
601344,75168,-76941.25,28.74,129.51,48
601344,75168,-142296.68,85.94,244.74,48
601344,75168,-46725.84,28.02,78.92,48
601344,75168,-170484.90,90.90,292.76,48
601344,75168,-641.92,91.61,7.75,48
601344,75168,-18438.88,88.43,36.77,48
601344,75168,-163614.15,32.23,275.24,48
601728,75216,-17312.40,87.66,35.06,48
601728,75216,-37826.29,28.16,64.31,48
601728,75216,-11051.16,88.72,24.71,48
601728,75216,-21912.61,25.71,37.15,48
601728,75216,-8565.09,86.33,20.42,48
601728,75216,-145907.47,87.09,250.88,48
601728,75216,-175329.59,90.78,300.81,48
601728,75216,2270.14,86.81,2.18,48
602112,75264,-129065.11,28.21,217.56,48
602112,75264,-36013.66,89.25,66.87,48
602112,75264,-4084.35,87.94,13.02,48
602112,75264,-85075.59,87.28,148.73,48
602112,75264,-17594.09,31.47,30.22,48
602112,75264,-20130.68,86.51,39.59,48
602112,75264,-31941.98,85.96,59.33,48
602112,75264,-41349.97,87.38,75.42,48
602496,75312,-18016.55,89.14,36.45,48
602496,75312,-22937.14,88.20,44.66,48
602496,75312,-171458.56,33.54,288.82,48
602496,75312,-40724.62,29.22,68.78,48
602496,75312,-89244.91,30.28,150.09,48
602496,75312,-597665.21,92.17,1009.74,48
602496,75312,-149715.18,26.85,251.43,48
602496,75312,-36874.24,28.60,62.55,48
602880,75360,-75819.45,91.48,133.79,48
602880,75360,-96993.67,86.64,168.61,48
602880,75360,-2070.86,89.07,9.79,48
602880,75360,-179566.35,27.01,301.90,48
602880,75360,-66480.80,92.09,118.08,48
602880,75360,-91519.72,84.65,159.20,48
602880,75360,-31048.96,88.05,58.32,48
602880,75360,-37828.39,33.63,64.83,48
603264,75408,-2075.37,87.31,9.44,48
603264,75408,-75649.04,25.95,127.28,48
603264,75408,-64460.13,88.55,114.16,48
603264,75408,-112821.72,85.28,194.95,48
603264,75408,-62809.15,88.15,111.56,48
603264,75408,-46962.62,87.81,84.92,48
603264,75408,-7217.26,88.98,18.47,48
603264,75408,-54233.54,89.99,97.35,48
603648,75456,2422.65,90.65,2.34,48
603648,75456,-561693.29,87.34,948.55,48
603648,75456,-506434.18,35.17,850.65,48
603648,75456,-39254.65,88.01,72.00,48
603648,75456,-2640.70,88.58,10.66,48
603648,75456,-90865.23,28.18,153.25,48
603648,75456,-67642.09,91.43,120.11,48
603648,75456,-132279.49,90.02,228.40,48
604032,75504,-5788.70,26.23,10.45,48
604032,75504,-24083.53,85.57,46.22,48
604032,75504,-63326.92,87.91,112.33,48
604032,75504,-56489.30,88.92,100.85,48
604032,75504,2000.28,87.41,2.58,48
604032,75504,-18742.64,88.89,37.57,48
604032,75504,-70282.90,89.70,124.29,48
604032,75504,-50993.90,85.70,91.26,48
604416,75552,-54496.81,28.19,91.99,48
604416,75552,750.02,87.25,4.81,48
604416,75552,905.95,88.56,4.70,48
604416,75552,-59502.23,90.77,106.25,48
604416,75552,-34150.84,89.53,63.61,48
604416,75552,-38995.01,89.65,71.84,48
604416,75552,-141044.19,29.14,237.35,48
604416,75552,-30571.72,90.91,57.73,48
604800,75600,-27834.32,85.73,52.66,48
604800,75600,-58143.37,33.95,98.60,48
604800,75600,-98773.16,89.99,172.19,48
604800,75600,-8802.46,89.75,21.27,48
604800,75600,-206951.29,31.73,348.01,48
604800,75600,-193756.20,89.93,331.48,48
604800,75600,-95994.83,88.36,167.27,48
604800,75600,-82964.40,87.37,145.12,48
605184,75648,-216739.95,90.19,370.06,48
605184,75648,-430361.94,88.83,728.45,48
605184,75648,-1492.63,30.87,3.20,48
605184,75648,-12555.08,92.14,27.71,48
605184,75648,-68646.78,89.62,121.47,48
605184,75648,-14757.04,85.74,30.59,48
605184,75648,-66346.54,88.29,117.57,48
605184,75648,-29857.03,86.86,55.90,48
605568,75696,-45977.22,89.48,83.44,48
605568,75696,-44330.99,88.54,80.55,48
605568,75696,3405.47,84.93,0.00,48
605568,75696,-115640.59,31.26,194.91,48
605568,75696,-44676.20,86.84,80.64,48
605568,75696,-43735.90,89.32,79.65,48
605568,75696,-119379.35,89.21,206.60,48
605568,75696,-30859.46,32.99,52.76,48
605952,75744,-56718.73,89.77,101.34,48
605952,75744,-697.41,88.92,7.45,48
605952,75744,-69729.04,87.32,123.02,48
605952,75744,-1044.46,26.39,2.39,48
605952,75744,-105788.87,88.22,183.53,48
605952,75744,-54122.20,89.38,97.15,48
605952,75744,-261801.04,87.23,445.28,48
605952,75744,-2296582536257678.00,34.96,3854166667005.29,48
606336,75792,-71173.19,84.99,125.05,48
606336,75792,-51967.83,88.36,93.29,48
606336,75792,-124750.15,26.32,209.60,48
606336,75792,-38469.16,31.74,65.59,48
606336,75792,-92617.02,25.77,156.21,48
606336,75792,-168188.60,88.91,288.56,48
606336,75792,-18799.99,26.28,32.22,48
606336,75792,-6305.61,90.58,17.24,48
606720,75840,-129067.52,28.07,216.98,48
606720,75840,-23582.42,28.77,40.37,48
606720,75840,-115691.28,32.95,194.70,48
606720,75840,-372418789796908.50,87.87,625000000284.74,48
606720,75840,-30375.86,87.37,57.10,48
606720,75840,-147573.57,88.86,253.86,48
606720,75840,-13825.06,86.77,29.23,48
606720,75840,-173689.66,89.86,297.72,48
607104,75888,-507242.13,87.49,857.34,48
607104,75888,-24436.59,90.03,47.61,48
607104,75888,-79018.60,87.60,138.74,48
607104,75888,-82781.53,90.62,145.33,48
607104,75888,-224766.53,28.56,377.38,48
607104,75888,-122508.34,89.72,211.94,48
607104,75888,-5288.08,87.73,15.05,48
607104,75888,-64925.64,87.74,115.03,48
607488,75936,-260640.14,33.47,438.06,48
607488,75936,-227794.28,30.45,383.21,48
607488,75936,-48723.23,30.16,82.55,48
607488,75936,-176147.78,90.32,302.05,48
607488,75936,-3537978501632849.50,87.36,5937500000241.57,48
607488,75936,-88808.93,86.83,154.94,48
607488,75936,-67841.30,29.64,114.86,48
607488,75936,-99216.72,31.78,166.91,48
607872,75984,-410.78,26.84,1.22,48
607872,75984,-68445.60,88.79,120.98,48
607872,75984,-94774.49,88.27,165.19,48
607872,75984,-52142.93,87.98,93.75,48
607872,75984,3158.09,91.77,1.41,48
607872,75984,-63405.00,28.72,107.07,48
607872,75984,-108211.74,87.85,187.62,48
607872,75984,-19772.71,86.45,39.09,48
608256,76032,280.77,25.47,0.39,48
608256,76032,-136247.16,88.71,234.83,48
608256,76032,-102486.97,33.09,172.72,48
608256,76032,-31773.44,32.15,54.06,48
608256,76032,3328.67,89.60,0.76,48
608256,76032,-14674.56,91.70,31.23,48
608256,76032,-33860.07,85.46,62.46,48
608256,76032,-120615.92,88.65,208.42,48
608640,76080,-59952.21,34.24,101.43,48
608640,76080,-54276.51,90.88,97.61,48
608640,76080,3536.46,86.61,0.05,48
608640,76080,-118819.07,87.07,205.10,48
608640,76080,-12747.01,91.16,28.08,48
608640,76080,-583558.65,90.77,985.68,48
608640,76080,-4479.41,26.08,7.63,48
608640,76080,-75617.67,91.07,133.53,48
609024,76128,-48648.56,30.38,82.40,48
609024,76128,-44074.60,28.38,74.69,48
609024,76128,-27170.25,86.47,51.48,48
609024,76128,-98958.72,33.66,166.74,48
609024,76128,-9033.63,88.59,21.30,48
609024,76128,-58218.08,88.86,103.79,48
609024,76128,-19110.35,29.35,32.58,48
609024,76128,-41269.78,29.16,69.84,48
609408,76176,-32315.33,88.01,60.27,48
609408,76176,-3207.50,27.69,6.25,48
609408,76176,1017.81,88.69,4.70,48
609408,76176,-65838.84,88.61,116.68,48
609408,76176,-82278.93,87.29,144.21,48
609408,76176,-2001.33,88.49,9.57,48
609408,76176,-422820.73,34.55,710.78,48
609408,76176,-105362.70,27.94,177.32,48
609792,76224,-119541.08,91.81,207.19,48
609792,76224,-51730.30,26.01,87.46,48
609792,76224,-20937.06,91.10,41.59,48
609792,76224,-80157.62,88.00,140.61,48
609792,76224,-115462.11,87.56,199.77,48
609792,76224,-85011.53,32.33,143.47,48
609792,76224,-109291.74,85.26,189.18,48
609792,76224,-68009.31,88.48,120.28,48
610176,76272,-7156.15,90.67,18.43,48
610176,76272,-75727.84,90.43,133.43,48
610176,76272,-43941.27,29.28,74.48,48
610176,76272,-8837.97,85.54,20.67,48
610176,76272,-48501.18,87.94,87.37,48
610176,76272,-46531.42,25.69,78.16,48
610176,76272,-50084.65,26.84,84.48,48
610176,76272,-187090.26,27.63,314.46,48
610560,76320,-75406.27,88.12,132.69,48
610560,76320,1266.39,87.19,4.10,48
610560,76320,-11572.21,85.20,25.46,48
610560,76320,-193394.42,90.59,331.04,48
610560,76320,-5134.14,87.72,14.79,48
610560,76320,-48933.55,29.21,82.72,48
610560,76320,-3382.13,89.81,12.06,48
610560,76320,-123137.37,91.08,213.10,48
610944,76368,-27478.20,83.98,51.53,48
610944,76368,-50223.41,87.53,90.37,48
610944,76368,-228107.64,89.50,389.00,48
610944,76368,-29586.20,88.97,55.92,48
610944,76368,-170011.10,89.75,291.58,48
610944,76368,-91114.50,90.75,159.47,48
610944,76368,-48758.11,87.72,87.75,48
610944,76368,2758.24,92.31,2.15,48
611328,76416,-109371.87,87.73,189.53,48
611328,76416,3726.41,87.95,0.00,48
611328,76416,-99660.33,87.78,173.25,48
611328,76416,-20626.31,89.85,40.95,48
611328,76416,-57456.39,88.64,102.65,48
611328,76416,-83674.66,35.57,141.31,48
611328,76416,1723.83,87.08,3.24,48
611328,76416,-43070.00,89.88,78.52,48
611712,76464,-35878.75,28.29,61.19,48
611712,76464,-30929.16,86.92,57.88,48
611712,76464,-579724.27,90.11,979.42,48
611712,76464,-7970.22,89.99,19.88,48
611712,76464,-16086.33,29.02,27.39,48
611712,76464,-51567.96,87.35,92.47,48
611712,76464,-136938.76,28.66,230.61,48
611712,76464,-49388.97,86.41,88.83,48
612096,76512,-184480.24,32.37,310.63,48
612096,76512,-81420.53,32.18,136.97,48
612096,76512,-80571.96,32.79,135.70,48
612096,76512,3738.74,88.37,0.00,48
612096,76512,-109752.47,30.95,184.57,48
612096,76512,-38403.49,84.58,69.98,48
612096,76512,-55018.90,90.97,98.65,48
612096,76512,-1489675158727597.75,28.10,2500000000343.48,48
612480,76560,-162273.86,88.02,278.50,48
612480,76560,-52921.49,22.73,89.19,48
612480,76560,-42887.99,85.43,77.68,48
612480,76560,-54055.52,28.20,91.26,48
612480,76560,-405097.06,89.58,686.01,48
612480,76560,-156379.00,88.54,268.53,48
612480,76560,-170727.09,88.21,292.42,48
612480,76560,-17615.09,92.62,36.35,48
612864,76608,-104299.75,31.86,175.45,48
612864,76608,2229.26,88.60,2.39,48
612864,76608,-29256.70,87.49,54.90,48
612864,76608,3251.82,87.17,0.62,48
612864,76608,-3360.13,88.24,11.73,48
612864,76608,337.77,89.70,5.81,48
612864,76608,-2814.05,86.67,10.81,48
612864,76608,-31594.27,87.26,59.13,48
613248,76656,-50784.00,87.51,91.11,48
613248,76656,-12202.95,30.42,20.99,48
613248,76656,-101588.88,87.47,176.36,48
613248,76656,-3584.46,90.62,12.52,48
613248,76656,-16998.94,89.41,34.75,48
613248,76656,-140443.53,28.33,236.07,48
613248,76656,-35865.23,89.17,66.23,48
613248,76656,-50101.48,86.37,90.18,48
613632,76704,-211012.02,86.70,359.97,48
613632,76704,-190939.24,89.24,326.80,48
613632,76704,-134219.30,28.45,226.00,48
613632,76704,-79246.54,87.23,138.78,48
613632,76704,-140413.26,87.50,241.60,48
613632,76704,-4645.15,90.01,14.28,48
613632,76704,-88987.09,31.79,150.03,48
613632,76704,-74726.26,28.73,126.12,48
614016,76752,-4082.33,29.57,7.47,48
614016,76752,-170639.28,90.66,292.76,48
614016,76752,-189223.57,92.66,324.31,48
614016,76752,-2209.25,28.57,3.98,48
614016,76752,15.02,26.45,0.88,48
614016,76752,-188332.13,88.16,322.19,48
614016,76752,-4801.41,88.47,14.29,48
614016,76752,-27948.80,91.04,53.41,48
614400,76800,-197795.50,29.05,332.59,48
614400,76800,-53812.04,90.49,96.84,48
614400,76800,-2709.59,25.73,4.90,48
614400,76800,-18273.53,89.12,37.04,48
614400,76800,-28357.55,88.38,53.68,48
614400,76800,-299633.01,88.59,509.01,48
614400,76800,-113415.24,31.04,191.00,48
614400,76800,-14757.14,27.31,25.38,48
614784,76848,-372418789776655.00,89.59,625000000251.29,48
614784,76848,-99779.92,26.64,167.81,48
614784,76848,-60324.75,90.66,107.51,48
614784,76848,-18190.14,33.26,30.95,48
614784,76848,-23322.61,88.92,45.44,48
614784,76848,-30606.11,87.99,57.56,48
614784,76848,-92452.91,88.45,161.25,48
614784,76848,-11835.24,87.27,25.63,48
615168,76896,3262.65,85.80,0.26,48
615168,76896,-34781.24,89.29,64.53,48
615168,76896,-17121.42,89.28,34.92,48
615168,76896,-205037.07,90.16,350.34,48
615168,76896,-59139.69,89.03,105.52,48
615168,76896,-194222.24,87.42,331.89,48
615168,76896,-3537978501597000.00,88.39,5937500000181.49,48
615168,76896,-59941.10,89.73,106.89,48
615552,76944,-93023.45,89.73,162.44,48
615552,76944,-174568.91,88.73,298.86,48
615552,76944,-48115.59,32.24,81.51,48
615552,76944,-602459.05,30.28,1011.41,48
615552,76944,-19070.54,88.87,38.34,48
615552,76944,-48222.14,84.72,86.56,48
615552,76944,-52226.65,32.33,88.28,48
615552,76944,-15813.79,88.11,32.68,48
615936,76992,-47736.18,86.65,86.22,48
615936,76992,-255183.48,28.24,428.75,48
615936,76992,-265951.70,88.40,452.33,48
615936,76992,-127120.50,89.95,219.62,48
615936,76992,-53711.74,30.20,90.72,48
615936,76992,-69943.40,88.65,123.32,48
615936,76992,2710.80,86.82,1.66,48
615936,76992,-195843.82,88.74,334.82,48
616320,77040,-18357.11,89.12,37.06,48
616320,77040,-40539.80,27.63,68.57,48
616320,77040,-37171.64,87.76,68.31,48
616320,77040,-78125.91,31.28,131.62,48
616320,77040,-1489675158667397.50,86.62,2500000000247.93,48
616320,77040,3502.66,90.18,0.72,48
616320,77040,-22924.33,88.92,44.53,48
616320,77040,-1498.53,27.79,2.60,48
616704,77088,-70477.88,89.02,124.49,48
616704,77088,-14900.71,29.12,25.76,48
616704,77088,-19151.43,84.88,37.86,48
616704,77088,-87557.92,87.54,152.64,48
616704,77088,-81495.98,88.86,143.25,48
616704,77088,-1349.71,89.17,8.58,48
616704,77088,-23057.49,87.39,44.73,48
616704,77088,-156200.06,87.87,268.08,48
617088,77136,-97665.58,91.14,170.20,48
617088,77136,-18356.67,90.21,37.14,48
617088,77136,-51091.13,90.19,92.22,48
617088,77136,656.53,85.58,4.80,48
617088,77136,-7513.64,87.88,18.71,48
617088,77136,-1707.80,86.00,8.79,48
617088,77136,-35089.05,26.58,59.30,48
617088,77136,-70287.34,33.90,118.92,48
617472,77184,-39425.46,88.74,72.31,48
617472,77184,-10463.30,89.16,23.96,48
617472,77184,-119733.79,85.73,206.57,48
617472,77184,-84846.69,89.42,148.68,48
617472,77184,-67615.26,31.96,114.19,48
617472,77184,-810439.03,88.67,1366.04,48
617472,77184,-43784.99,88.98,79.93,48
617472,77184,-78942.96,25.91,132.54,48
617856,77232,-201426.07,87.76,344.09,48
617856,77232,-18231.07,32.53,31.40,48
617856,77232,-6853.74,89.07,17.75,48
617856,77232,-71919.19,88.50,126.81,48
617856,77232,-4518.09,89.61,13.91,48
617856,77232,-295297.72,88.26,501.79,48
617856,77232,-105629.38,28.61,177.91,48
617856,77232,-132518.67,89.15,228.68,48
618240,77280,-16939.67,85.63,34.12,48
618240,77280,-99613.60,90.75,173.66,48
618240,77280,-161108.90,90.17,276.78,48
618240,77280,-9186.89,87.86,21.60,48
618240,77280,1229.61,85.97,3.75,48
618240,77280,-21920.06,28.24,36.93,48
618240,77280,-20412.02,86.60,40.07,48
618240,77280,-33544.04,25.31,56.80,48
618624,77328,-132519.03,87.96,228.59,48
618624,77328,-32785.82,87.90,61.17,48
618624,77328,-42097.93,26.43,71.07,48
618624,77328,-16022.68,87.47,32.92,48
618624,77328,-129633.83,26.73,217.48,48
618624,77328,-221107.77,30.17,371.58,48
618624,77328,-66687.70,87.80,117.97,48
618624,77328,-58789.51,26.77,99.12,48
619008,77376,-97813.99,86.74,170.18,48
619008,77376,-28937.83,34.92,49.46,48
619008,77376,-65603.99,28.93,110.69,48
619008,77376,-35368.53,86.43,65.23,48
619008,77376,-49353.17,32.28,83.62,48
619008,77376,-5291.67,90.54,15.32,48
619008,77376,1437.12,88.23,3.75,48
619008,77376,-8347.22,27.83,14.53,48
619392,77424,-76303.15,88.62,134.22,48
619392,77424,2868.20,87.61,1.37,48
619392,77424,-48453.26,25.74,82.16,48
619392,77424,-37122.82,88.36,68.40,48
619392,77424,-135172.40,28.61,227.43,48
619392,77424,-9388.51,88.22,22.01,48
619392,77424,-98333.21,30.12,165.70,48
619392,77424,-28604.06,88.00,54.14,48
619776,77472,-54487.88,35.81,92.78,48
619776,77472,-34053.62,88.05,63.37,48
619776,77472,-226682.51,31.14,380.88,48
619776,77472,-2999.80,31.51,5.75,48
619776,77472,-4506.19,89.24,14.01,48
619776,77472,-931046974267071.12,30.41,1562500000319.43,48
619776,77472,349.73,26.38,0.00,48
619776,77472,-71802.29,89.00,126.77,48
620160,77520,-208017.38,88.58,355.24,48
620160,77520,-541572.84,92.16,915.64,48
620160,77520,-112673.41,91.43,195.71,48
620160,77520,-4767.44,88.95,13.97,48
620160,77520,-71108.02,89.23,125.47,48
620160,77520,-500745.61,27.07,840.93,48
620160,77520,-177526.52,88.79,303.91,48
620160,77520,-96243.99,86.44,167.36,48
620544,77568,-132878.60,90.65,229.25,48
620544,77568,-7236.49,28.17,12.58,48
620544,77568,-3832.84,90.09,12.74,48
620544,77568,-109075.12,86.81,188.93,48
620544,77568,-42005.15,28.38,71.38,48
620544,77568,-190694.53,93.52,327.03,48
620544,77568,-736.02,89.29,7.34,48
620544,77568,-97463.26,87.29,169.50,48
620928,77616,-75331.79,85.87,132.29,48
620928,77616,221.84,29.04,0.02,48
620928,77616,-32401.37,87.36,60.26,48
620928,77616,-163524.08,29.41,275.16,48
620928,77616,-24227.99,86.96,46.62,48
620928,77616,-74938.38,26.12,126.02,48
620928,77616,-34291.22,88.48,63.67,48
620928,77616,-75680.13,89.03,133.14,48
621312,77664,-35655.01,87.49,65.81,48
621312,77664,-1068.03,88.88,7.90,48
621312,77664,-31596.19,89.48,59.33,48
621312,77664,-188704.22,86.66,322.62,48
621312,77664,-10599.93,32.88,18.84,48
621312,77664,-694768.03,31.34,1166.69,48
621312,77664,-635015.42,89.61,1072.03,48
621312,77664,-80060.46,89.56,140.70,48
621696,77712,-1827.37,90.99,9.71,48
621696,77712,-80171.33,90.47,140.88,48
621696,77712,-55762.02,34.03,94.53,48
621696,77712,-24362.95,90.25,47.55,48
621696,77712,-72288.83,24.42,121.89,48
621696,77712,-55232.31,26.99,93.07,48
621696,77712,-5569.47,86.93,15.34,48
621696,77712,-35368.11,87.13,65.31,48
622080,77760,-184567.47,30.03,310.14,48
622080,77760,-21932.04,22.02,37.18,48
622080,77760,-66628.82,88.35,117.90,48
622080,77760,-50716.95,33.26,85.87,48
622080,77760,-82100.91,89.96,144.11,48
622080,77760,-82342.88,90.92,144.64,48
622080,77760,-1568.35,87.44,8.45,48
622080,77760,-11783.59,29.01,20.58,48
622464,77808,-1872.79,27.72,3.56,48
622464,77808,-39314.42,88.41,72.07,48
622464,77808,-62962.02,23.51,105.50,48
622464,77808,-1314.31,89.17,8.45,48
622464,77808,-101602.70,89.36,176.68,48
622464,77808,-232405.07,90.93,396.48,48
622464,77808,-113078.32,34.40,190.26,48
622464,77808,-3857.79,26.72,7.02,48
622848,77856,-125023.82,27.33,210.18,48
622848,77856,-59765.77,90.55,106.86,48
622848,77856,-51945.40,29.60,87.34,48
622848,77856,-103129.21,29.12,173.52,48
622848,77856,-90213.62,34.99,152.38,48
622848,77856,-79417.97,29.05,133.99,48
622848,77856,-17479.71,35.82,30.42,48
622848,77856,-1560.77,87.57,8.61,48
623232,77904,-236281.34,32.00,397.27,48
623232,77904,-87740.23,28.56,147.80,48
623232,77904,-86185.14,91.93,151.23,48
623232,77904,-5347.10,91.07,15.47,48
623232,77904,-169772.38,87.45,291.13,48
623232,77904,-6052.40,24.42,10.53,48
623232,77904,-16794.75,86.25,33.74,48
623232,77904,-173935.53,31.44,292.59,48
623616,77952,-101242.41,29.41,170.33,48
623616,77952,-47566.42,84.23,85.08,48
623616,77952,-37943.08,89.60,69.93,48
623616,77952,-29087.77,89.11,55.22,48
623616,77952,-65361.74,88.41,115.60,48
623616,77952,-243800.69,90.98,415.54,48
623616,77952,-95205.64,87.84,165.89,48
623616,77952,-51886.88,89.08,93.45,48
624000,78000,-2626.59,30.03,5.12,48
624000,78000,-118849.05,28.76,200.15,48
624000,78000,-1376.37,30.62,3.12,48
624000,78000,-227101.04,88.65,387.18,48
624000,78000,-126813.23,90.03,219.18,48
624000,78000,-372418789781045.31,87.73,625000000258.25,48
624000,78000,-33615.79,31.04,57.05,48
624000,78000,-68231.52,87.81,120.68,48
624384,78048,-11881.65,91.18,26.35,48
624384,78048,-3311.74,26.39,6.18,48
624384,78048,-41405.45,33.87,70.24,48
624384,78048,-66689.35,90.39,118.33,48
624384,78048,-103377.88,28.81,173.79,48
624384,78048,-39154.01,22.98,66.02,48
624384,78048,-548852.86,87.51,926.98,48
624384,78048,-610925.03,89.93,1031.59,48
624768,78096,-13237.23,86.42,28.10,48
624768,78096,-70234.05,88.32,123.64,48
624768,78096,-76924.43,28.28,129.79,48
624768,78096,-26172.33,91.13,50.42,48
624768,78096,-46245.55,87.80,83.52,48
624768,78096,1806.17,87.50,3.15,48
624768,78096,-25017.09,31.78,42.46,48
624768,78096,-37191.36,86.48,68.35,48
625152,78144,-4528.18,25.24,7.98,48
625152,78144,-5044.57,86.53,14.47,48
625152,78144,-271651.18,90.71,462.23,48
625152,78144,-48076.04,87.95,86.73,48
625152,78144,-567141.42,30.65,953.00,48
625152,78144,-28687.22,31.39,49.11,48
625152,78144,-36092.58,33.35,61.18,48
625152,78144,-231061.03,89.10,394.01,48
625536,78192,-69410.29,87.48,122.57,48
625536,78192,-170813.95,30.97,287.58,48
625536,78192,-100375.60,85.99,174.52,48
625536,78192,-63916.41,89.37,113.44,48
625536,78192,-1940.45,87.65,9.16,48
625536,78192,-10638.39,29.21,18.77,48
625536,78192,-7448375792750271.00,88.80,12500000000231.95,48
625536,78192,-249040.72,86.92,424.05,48
625920,78240,3388.80,87.49,0.23,48
625920,78240,-525838.99,28.30,883.15,48
625920,78240,-85090.09,32.52,143.48,48
625920,78240,-26531.15,29.82,45.56,48
625920,78240,-121672.29,31.24,204.95,48
625920,78240,-525713.78,87.83,888.28,48
625920,78240,-7448375792756001.00,29.68,12500000000235.78,48
625920,78240,-2549.26,92.05,10.93,48
626304,78288,-64668.58,89.84,114.55,48
626304,78288,-68367.62,87.98,120.71,48
626304,78288,-442388.99,90.98,748.81,48
626304,78288,-89539.03,92.83,156.96,48
626304,78288,-18861.35,89.67,37.95,48
626304,78288,-12399.46,87.00,26.99,48
626304,78288,-193504.02,89.33,330.99,48
626304,78288,-750592.74,88.18,1265.76,48
626688,78336,-1109.21,83.87,7.14,48
626688,78336,-368.05,90.21,6.99,48
626688,78336,-13815.04,89.30,29.36,48
626688,78336,-14934.88,89.07,31.30,48
626688,78336,-2720.53,27.38,5.18,48
626688,78336,-43268.99,85.68,78.29,48
626688,78336,-110832.32,92.60,192.75,48
626688,78336,-3619.22,25.44,6.46,48
627072,78384,-33961.89,26.37,57.72,48
627072,78384,-223570.76,85.01,380.85,48
627072,78384,-25473.83,30.49,43.30,48
627072,78384,-122165.86,91.49,211.57,48
627072,78384,-25146.12,87.56,48.20,48
627072,78384,-122010.29,33.28,205.52,48
627072,78384,-99.52,27.92,0.76,48
627072,78384,-60153.99,87.77,107.04,48
627456,78432,-22535.43,88.78,44.20,48
627456,78432,-23528.74,30.04,40.17,48
627456,78432,-129520.28,26.66,217.72,48
627456,78432,-58781.64,89.66,104.86,48
627456,78432,-47964.87,90.24,86.95,48
627456,78432,-140940.86,88.91,242.83,48
627456,78432,-4210.17,88.43,13.22,48
627456,78432,-99539.13,84.26,172.76,48
627840,78480,-12369.12,31.81,21.50,48
627840,78480,-99826.00,89.11,173.90,48
627840,78480,-23376.86,30.32,40.13,48
627840,78480,-145929.57,87.96,250.98,48
627840,78480,-10363.33,88.77,23.81,48
627840,78480,-45521.80,28.75,77.03,48
627840,78480,-111487.21,89.50,193.39,48
627840,78480,-263.11,89.30,6.76,48
628224,78528,-33455.80,33.30,56.83,48
628224,78528,-199561.05,28.10,335.62,48
628224,78528,-79197.47,86.87,138.84,48
628224,78528,-18553.90,86.89,37.17,48
628224,78528,-76503.69,30.18,129.17,48
628224,78528,-20050.85,88.66,39.93,48
628224,78528,-29563.89,86.10,55.61,48
628224,78528,-104167.29,87.90,180.95,48
628608,78576,-16821.32,26.39,28.64,48
628608,78576,-53302.92,87.74,95.70,48
628608,78576,-7374.71,28.28,12.97,48
628608,78576,-18535.05,87.54,37.21,48
628608,78576,-181507.08,91.28,311.04,48
628608,78576,-55257.58,29.69,93.41,48
628608,78576,1545.15,88.16,3.33,48
628608,78576,-53216.68,89.27,95.42,48
628992,78624,-10143.29,28.44,17.39,48
628992,78624,-177081.89,33.20,298.06,48
628992,78624,-6155.55,25.51,10.92,48
628992,78624,-119812.39,88.91,207.25,48
628992,78624,-84893.92,26.84,142.88,48
628992,78624,-8718.16,90.02,21.08,48
628992,78624,-136439.30,86.36,234.81,48
628992,78624,3367.72,87.61,0.39,48
629376,78672,-100907.54,88.10,175.27,48
629376,78672,-45611.72,89.79,83.09,48
629376,78672,-58528.10,89.54,104.43,48
629376,78672,-116662.56,36.67,197.09,48
629376,78672,-193677.48,88.19,331.34,48
629376,78672,-53285.32,89.21,95.51,48
629376,78672,-119919.56,89.12,207.33,48
629376,78672,-38912.21,89.15,71.59,48
629760,78720,-87694.33,86.68,152.96,48
629760,78720,-21387.49,90.79,42.31,48
629760,78720,-166895.14,90.00,286.23,48
629760,78720,1866.26,87.46,3.03,48
629760,78720,-34896.60,87.89,64.48,48
629760,78720,3544.67,87.40,0.00,48
629760,78720,-15326.09,85.72,31.33,48
629760,78720,-184479.31,25.32,309.87,48
630144,78768,-18044.92,26.78,30.57,48
630144,78768,-33706.04,87.94,62.83,48
630144,78768,-45503.90,88.51,82.46,48
630144,78768,-211308.56,86.80,360.64,48
630144,78768,-70035.05,27.16,118.03,48
630144,78768,-179.05,24.86,0.45,48
630144,78768,-62143.44,88.08,110.37,48
630144,78768,-122832.14,85.49,211.96,48
630528,78816,-170401.56,29.17,286.17,48
630528,78816,-80749.16,30.45,136.18,48
630528,78816,2009.58,87.46,2.57,48
630528,78816,-64682.58,29.93,108.98,48
630528,78816,3340.23,86.51,0.31,48
630528,78816,2691.00,86.68,1.46,48
630528,78816,-6923.91,27.87,12.09,48
630528,78816,-67053.73,27.12,112.99,48
630912,78864,-93292.48,28.80,156.95,48
630912,78864,-174495.14,86.39,298.62,48
630912,78864,-172029.52,85.39,294.41,48
630912,78864,-27011.09,26.48,46.21,48
630912,78864,246.34,88.35,5.43,48
630912,78864,-115637.68,91.32,200.58,48
630912,78864,-371959.21,88.88,630.33,48
630912,78864,-170864.17,88.61,292.95,48
631296,78912,-19066.04,90.56,38.51,48
631296,78912,-3537978501767380.00,35.09,5937500000462.43,48
631296,78912,-153029.04,88.00,262.69,48
631296,78912,-86953.90,89.25,152.21,48
631296,78912,-172468.52,29.33,290.13,48
631296,78912,-20233.48,87.27,39.86,48
631296,78912,-6455.47,90.08,17.10,48
631296,78912,-1877.05,24.36,3.40,48
631680,78960,-157173.15,87.77,269.91,48
631680,78960,-1241.76,29.26,2.92,48
631680,78960,-7448375792722347.00,88.88,12500000000185.10,48
631680,78960,-4041.99,31.72,7.97,48
631680,78960,-510939.17,89.75,863.74,48
631680,78960,-505050.31,86.77,853.35,48
631680,78960,-9232.29,30.81,16.22,48
631680,78960,-114367.51,28.08,192.79,48
632064,79008,-116157.93,28.63,195.47,48
632064,79008,-70991.26,33.88,119.87,48
632064,79008,-128852.84,90.36,222.66,48
632064,79008,-36393.90,88.57,67.29,48
632064,79008,-101484.52,90.67,176.64,48
632064,79008,-16190.36,87.49,33.04,48
632064,79008,-67683.18,31.25,114.35,48
632064,79008,-3216.58,28.67,5.89,48
632448,79056,-3066.98,89.00,11.39,48
632448,79056,-4926.00,27.67,8.97,48
632448,79056,-39249.29,87.02,71.84,48
632448,79056,-633.49,25.60,1.94,48
632448,79056,-48609.16,88.08,87.60,48
632448,79056,-406140.59,86.61,687.31,48
632448,79056,-228232.56,32.34,383.69,48
632448,79056,585.49,29.26,0.02,48
632832,79104,-68140.61,89.03,120.58,48
632832,79104,-401.97,28.38,1.37,48
632832,79104,1704.19,89.27,3.56,48
632832,79104,-3909.16,90.22,12.96,48
632832,79104,-88447.55,35.21,149.41,48
632832,79104,-3353.27,86.07,11.50,48
632832,79104,-12691.77,35.07,22.43,48
632832,79104,160.01,84.44,5.51,48
633216,79152,-11876.56,25.32,20.77,48
633216,79152,-91457.09,87.38,159.63,48
633216,79152,-42927.77,34.08,72.68,48
633216,79152,-27035.02,86.93,51.55,48
633216,79152,-91396.97,89.21,159.56,48
633216,79152,-107457.06,87.51,186.37,48
633216,79152,-74134.06,86.50,130.19,48
633216,79152,-3825.99,30.29,6.86,48
633600,79200,-24452.96,29.09,41.56,48
633600,79200,-83576.61,88.24,146.43,48
633600,79200,-1489675158706185.50,29.08,2500000000307.50,48
633600,79200,2776.34,88.85,1.57,48
633600,79200,-12047.44,88.88,26.47,48
633600,79200,-9104.41,27.02,15.68,48
633600,79200,-134873.91,87.24,232.49,48
633600,79200,-62270.86,27.70,105.03,48
633984,79248,-40417.96,90.32,74.17,48
633984,79248,-931046974241630.75,31.86,1562500000277.23,48
633984,79248,-198761.34,29.26,334.00,48
633984,79248,-16356.60,88.36,33.57,48
633984,79248,-75714.63,90.59,133.48,48
633984,79248,-38288.67,26.52,64.61,48
633984,79248,-16751.46,27.83,28.99,48
633984,79248,-581615.00,90.80,982.49,48
634368,79296,343.06,29.32,0.00,48
634368,79296,-8113.27,29.36,14.39,48
634368,79296,-47959.71,32.05,81.07,48
634368,79296,-34404.92,87.29,63.64,48
634368,79296,-56566.73,30.16,96.00,48
634368,79296,-116852.39,84.82,201.97,48
634368,79296,-169412.79,91.80,290.75,48
634368,79296,-51884.62,88.93,93.34,48
634752,79344,-45334.23,87.78,82.17,48
634752,79344,-82131.35,91.58,144.51,48
634752,79344,-10301.49,89.95,23.52,48
634752,79344,-58655.00,34.36,99.51,48
634752,79344,-36645.95,86.96,67.39,48
634752,79344,-33408.79,85.90,61.70,48
634752,79344,3763.08,88.53,0.00,48
634752,79344,-84080.62,87.90,147.17,48
635136,79392,-239704.78,26.89,402.36,48
635136,79392,-114790.28,86.90,198.39,48
635136,79392,-70068.44,34.15,118.51,48
635136,79392,-89997.80,88.64,157.28,48
635136,79392,-59007.92,27.67,99.44,48
635136,79392,-38416.54,85.46,70.12,48
635136,79392,-96573.94,90.30,168.47,48
635136,79392,-19247.75,31.14,33.08,48
635520,79440,-270303.97,27.30,454.04,48
635520,79440,-202879.56,87.72,346.34,48
635520,79440,-23241.41,87.45,45.02,48
635520,79440,-105784.92,88.68,183.78,48
635520,79440,-56474.20,88.64,101.02,48
635520,79440,-192670.70,30.68,323.97,48
635520,79440,-60486.97,87.26,107.78,48
635520,79440,-20973.56,88.65,41.66,48
635904,79488,-865.82,26.64,2.15,48
635904,79488,-412.80,25.67,1.34,48
635904,79488,-20816.94,30.54,35.66,48
635904,79488,-90132.83,90.83,157.70,48
635904,79488,-22933.22,85.27,44.37,48
635904,79488,-443446.76,25.74,744.62,48
635904,79488,-188667.71,89.24,322.97,48
635904,79488,-14107.16,89.89,30.01,48
636288,79536,-83520.15,90.29,146.51,48
636288,79536,-106120.20,90.91,184.44,48
636288,79536,-37075.09,87.10,68.16,48
636288,79536,-78669.27,31.12,133.02,48
636288,79536,-70146.39,31.70,118.09,48
636288,79536,-584080.35,89.68,986.49,48
636288,79536,-13880.96,90.09,29.62,48
636288,79536,-173799.51,89.84,297.85,48
636672,79584,-61972.22,87.56,109.91,48
636672,79584,-48460.64,25.63,81.73,48
636672,79584,-93411.66,25.97,157.02,48
636672,79584,-5464.77,86.10,15.16,48
636672,79584,-43201.06,88.13,78.78,48
636672,79584,-171106.43,84.89,292.77,48
636672,79584,-11079.64,86.09,24.47,48
636672,79584,-166704.29,87.43,285.81,48
637056,79632,-480027.56,33.34,806.60,48
637056,79632,-250157.65,86.94,425.75,48
637056,79632,-61647.38,87.47,109.38,48
637056,79632,-12192.39,29.85,21.37,48
637056,79632,-112291.01,89.39,194.65,48
637056,79632,-8828.11,28.49,15.30,48
637056,79632,-14347.09,93.07,30.82,48
637056,79632,2141.15,86.81,2.34,48
637440,79680,-25091.53,85.82,48.07,48
637440,79680,106.79,30.18,0.31,48
637440,79680,-58414.07,86.89,103.92,48
637440,79680,-66927.50,91.79,118.89,48
637440,79680,-175734.03,29.31,295.36,48
637440,79680,-3521.77,88.44,11.96,48
637440,79680,-54807.61,87.83,98.03,48
637440,79680,-82084.64,88.34,143.92,48
637824,79728,-30718.42,89.68,57.89,48
637824,79728,-7448375792780252.00,28.72,12500000000276.66,48
637824,79728,-14398.99,90.56,30.62,48
637824,79728,-29682.08,86.25,55.65,48
637824,79728,-3766.40,88.31,12.56,48
637824,79728,-6436.70,29.16,11.28,48
637824,79728,-11578.35,32.09,20.30,48
637824,79728,-8142.88,87.40,19.53,48
638208,79776,-5123.24,27.19,9.26,48
638208,79776,3477.83,87.84,0.31,48
638208,79776,-58860.00,86.96,104.72,48
638208,79776,-366691.32,27.83,615.79,48
638208,79776,-70416.46,90.15,124.45,48
638208,79776,-8866.54,27.73,15.36,48
638208,79776,-931046974353834.62,92.42,1562500000471.25,48
638208,79776,-242286.94,89.13,412.72,48
638592,79824,-3537978501746363.00,91.12,5937500000432.56,48
638592,79824,-39214.76,22.98,66.19,48
638592,79824,-8.61,28.71,0.68,48
638592,79824,-16022.13,88.63,33.02,48
638592,79824,-79443.32,87.01,139.39,48
638592,79824,-28200.90,87.30,53.46,48
638592,79824,-134410.17,86.09,231.47,48
638592,79824,-124321.21,88.07,214.69,48
638976,79872,-136044.39,87.69,234.38,48
638976,79872,-10232.46,32.43,18.07,48
638976,79872,-500347.01,91.12,846.18,48
638976,79872,-142502.64,29.55,239.94,48
638976,79872,-136673.03,89.13,235.46,48
638976,79872,-47992.07,88.69,86.62,48
638976,79872,-50869.96,85.56,90.98,48
638976,79872,-15080.63,88.37,31.65,48
639360,79920,-6226.29,28.20,11.02,48
639360,79920,93.03,28.58,0.72,48
639360,79920,-51305.38,89.16,92.29,48
639360,79920,-162594.02,87.16,278.80,48
639360,79920,-161993.93,31.82,272.74,48
639360,79920,-2296582536201482.50,30.84,3854166666910.65,48
639360,79920,3821.25,88.50,0.00,48
639360,79920,-41851.76,90.54,76.57,48
639744,79968,-7861.45,28.40,13.66,48
639744,79968,-50312.80,31.57,85.19,48
639744,79968,-114684.30,89.92,198.72,48
639744,79968,348.66,30.01,0.00,48
639744,79968,-155552.36,89.55,267.55,48
639744,79968,-123819.37,86.52,213.58,48
639744,79968,-111174.74,27.83,187.22,48
639744,79968,-572480.05,90.92,967.20,48
640128,80016,-164113.10,86.34,281.20,48
640128,80016,-93264.63,26.63,156.95,48
640128,80016,-50202.76,89.55,90.48,48
640128,80016,-208406.67,87.95,355.79,48
640128,80016,-978.60,25.54,2.13,48
640128,80016,-175317.59,89.60,300.38,48
640128,80016,-9533.03,87.79,22.04,48
640128,80016,-106440.04,88.16,184.86,48
640512,80064,-10609.54,28.68,18.18,48
640512,80064,-3962.92,86.12,12.38,48
640512,80064,-15767.99,91.20,32.96,48
640512,80064,-19984.68,31.55,34.15,48
640512,80064,-36192.26,25.83,61.17,48
640512,80064,-82968.82,85.71,144.86,48
640512,80064,-144202.34,90.13,248.27,48
640512,80064,3223.01,85.30,0.31,48
640896,80112,-68279.98,87.60,120.57,48
640896,80112,-109253.95,88.28,189.38,48
640896,80112,-57258.44,90.49,102.61,48
640896,80112,-175562.95,90.23,300.89,48
640896,80112,1261.34,85.44,3.77,48
640896,80112,-39478.03,90.61,72.83,48
640896,80112,-66725.38,90.55,118.35,48
640896,80112,-47297.72,90.53,85.86,48
641280,80160,-104264.58,85.61,180.70,48
641280,80160,-168975.79,90.78,290.02,48
641280,80160,-10049.12,89.38,23.02,48
641280,80160,-122523.06,87.66,211.75,48
641280,80160,-52289.69,86.63,93.67,48
641280,80160,-43580.80,86.72,79.11,48
641280,80160,-81002.16,88.89,142.05,48
641280,80160,-34266.07,89.94,63.79,48
641664,80208,-126881.58,31.41,213.52,48
641664,80208,-8960.89,87.00,21.04,48
641664,80208,-153211.06,87.11,262.99,48
641664,80208,-26522.15,28.34,44.68,48
641664,80208,-224306.94,90.42,382.81,48
641664,80208,-763.33,25.26,1.78,48
641664,80208,-137300.99,88.41,236.43,48
641664,80208,3217.64,89.45,0.76,48
642048,80256,-38602.61,89.63,71.06,48
642048,80256,-12641.38,87.60,27.36,48
642048,80256,-29536.87,30.98,50.54,48
642048,80256,-77449.38,31.56,130.79,48
642048,80256,-240791.95,32.12,405.06,48
642048,80256,-225098.53,89.43,384.18,48
642048,80256,-68996.98,36.36,116.95,48
642048,80256,-73535.76,87.85,129.51,48
642432,80304,2906.69,87.45,1.15,48
642432,80304,-13550.16,87.85,29.02,48
642432,80304,-133.93,29.84,0.93,48
642432,80304,-17127.09,26.90,28.96,48
642432,80304,-558131.37,89.36,943.14,48
642432,80304,-48672.85,89.25,88.00,48
642432,80304,-8350.75,23.04,14.32,48
642432,80304,-112292.99,89.34,194.67,48
642816,80352,-607199.14,88.36,1025.31,48
642816,80352,-10190.72,87.99,23.15,48
642816,80352,2556.30,84.65,1.44,48
642816,80352,-37563.02,86.43,68.99,48
642816,80352,-85453.89,36.09,144.32,48
642816,80352,-70704.79,29.02,119.39,48
642816,80352,-97236.17,87.79,169.37,48
642816,80352,-386355.17,88.88,654.60,48
643200,80400,-52568.08,88.15,94.36,48
643200,80400,-68447.74,29.07,115.55,48
643200,80400,-134574.32,90.12,232.12,48
643200,80400,-165884.52,86.85,284.26,48
643200,80400,-30143.86,91.01,56.91,48
643200,80400,-1001.65,27.26,2.21,48
643200,80400,-534791.02,88.57,903.65,48
643200,80400,-4927.79,89.75,14.48,48
643584,80448,-139810.32,31.13,235.29,48
643584,80448,-567789.75,88.37,958.88,48
643584,80448,27.16,85.73,5.84,48
643584,80448,-124093.19,37.74,209.28,48
643584,80448,-144210.59,27.26,242.32,48
643584,80448,-300494.36,87.36,510.34,48
643584,80448,-2558.11,28.17,4.92,48
643584,80448,-40520.98,91.38,74.55,48
643968,80496,-7127.88,84.64,17.65,48
643968,80496,-33500.20,88.32,62.17,48
643968,80496,-51191.50,34.85,86.66,48
643968,80496,-59482.28,25.61,100.48,48
643968,80496,-31390.92,88.28,58.88,48
643968,80496,-26410.98,91.15,50.77,48
643968,80496,-691.56,88.07,7.25,48
643968,80496,-32733.71,90.09,61.44,48
644352,80544,-174773.16,88.05,299.47,48
644352,80544,-100398.86,31.91,169.32,48
644352,80544,-7050.81,30.48,12.45,48
644352,80544,-51689.72,87.81,92.85,48
644352,80544,3318.03,88.01,0.57,48
644352,80544,-35716.93,84.77,65.76,48
644352,80544,-114187.21,89.44,197.85,48
644352,80544,-139399.66,87.97,239.90,48
644736,80592,-64786.50,89.70,114.90,48
644736,80592,-315898.99,85.13,535.76,48
644736,80592,-1766.33,85.11,8.83,48
644736,80592,-55460.75,28.40,93.25,48
644736,80592,-71810.04,27.99,121.18,48
644736,80592,-182009.62,87.42,311.31,48
644736,80592,-149104.64,89.27,256.44,48
644736,80592,-25165.01,88.50,48.48,48
645120,80640,-16958.84,89.61,34.79,48
645120,80640,-9039.14,86.89,21.24,48
645120,80640,-19076.99,88.98,38.56,48
645120,80640,353.86,87.89,5.53,48
645120,80640,-25167.39,86.93,48.38,48
645120,80640,-39504.60,87.97,72.39,48
645120,80640,-77632.71,89.78,136.50,48
645120,80640,-29774.11,87.91,56.02,48
645504,80688,-659965.93,37.85,1108.83,48
645504,80688,-103710.18,89.25,180.26,48
645504,80688,-100789.48,32.27,170.14,48
645504,80688,-70564.25,86.13,124.12,48
645504,80688,-519781.77,24.88,872.27,48
645504,80688,-169001.58,90.96,290.06,48
645504,80688,-141220.24,29.44,237.83,48
645504,80688,-758.79,28.13,1.50,48
645888,80736,-10758.13,87.86,24.15,48
645888,80736,-204165.46,91.85,349.26,48
645888,80736,-57280.69,88.23,102.17,48
645888,80736,-212095.63,89.01,362.26,48
645888,80736,-2296582536230474.00,87.81,3854166666964.56,48
645888,80736,-87784.61,86.31,153.04,48
645888,80736,-10113.72,27.96,17.47,48
645888,80736,-12213.77,32.32,21.37,48
646272,80784,-24596.67,88.64,47.55,48
646272,80784,2887.17,88.71,1.24,48
646272,80784,-58124.71,27.97,98.03,48
646272,80784,-41769.40,26.03,70.35,48
646272,80784,-169338.95,88.60,290.33,48
646272,80784,-96437.85,29.31,162.59,48
646272,80784,-3836.43,86.70,12.39,48
646272,80784,-154450.97,86.34,265.07,48
646656,80832,-182934.74,31.94,307.69,48
646656,80832,-31099.39,26.89,53.27,48
646656,80832,-29656.30,85.04,55.57,48
646656,80832,-65392.32,30.73,110.59,48
646656,80832,-4763.48,88.62,14.27,48
646656,80832,-45144.97,29.84,76.21,48
646656,80832,-73107.94,86.35,128.61,48
646656,80832,-108281.78,88.85,187.79,48
647040,80880,-36178.29,30.02,61.73,48
647040,80880,3046.10,88.94,1.11,48
647040,80880,-47098.33,30.47,79.57,48
647040,80880,-20491.45,86.80,40.37,48
647040,80880,-192001.04,26.32,322.80,48
647040,80880,-12418.15,28.49,21.61,48
647040,80880,-72252.14,88.18,127.19,48
647040,80880,-38890.83,88.22,71.24,48
647424,80928,-40138.91,89.98,73.77,48
647424,80928,-67423.54,90.28,119.27,48
647424,80928,-100969.82,32.28,169.95,48
647424,80928,-81006.83,85.17,141.50,48
647424,80928,-258362.32,34.12,434.54,48
647424,80928,544.17,88.23,5.18,48
647424,80928,-46702.13,86.43,84.27,48
647424,80928,-15284.21,34.51,26.52,48
647808,80976,-18386.89,87.05,36.85,48
647808,80976,418.66,23.97,0.00,48
647808,80976,-3754.02,28.66,6.84,48
647808,80976,-59227.24,31.15,100.15,48
647808,80976,-38241.69,88.11,70.27,48
647808,80976,-5819.31,88.00,15.90,48
647808,80976,-70074.41,87.32,123.66,48
647808,80976,-330409.69,27.80,555.12,48
648192,81024,-1438.50,87.95,8.42,48
648192,81024,-52353.53,87.65,93.80,48
648192,81024,-48350.64,91.67,87.87,48
648192,81024,-3294.38,89.06,11.69,48
648192,81024,-137989.74,26.38,232.04,48
648192,81024,-53981.14,91.91,97.27,48
648192,81024,-315.04,28.37,0.83,48
648192,81024,-27592.91,87.31,52.35,48
648576,81072,-1624.45,86.40,8.71,48
648576,81072,-1489675158870920.50,34.85,2500000000584.42,48
648576,81072,-756.70,89.45,7.36,48
648576,81072,-23170.26,87.83,44.94,48
648576,81072,-49661.37,87.08,89.10,48
648576,81072,-76360.98,91.81,134.79,48
648576,81072,-29879.06,88.67,56.28,48
648576,81072,-51937.14,90.45,93.63,48
648960,81120,-68265.64,92.05,121.28,48
648960,81120,-74223.32,28.42,125.16,48
648960,81120,-11795.01,25.25,20.30,48
648960,81120,-8171.31,86.55,19.58,48
648960,81120,3614.32,88.02,0.16,48
648960,81120,-132198.77,28.32,222.29,48
648960,81120,-91128.98,91.78,159.62,48
648960,81120,-21403.50,89.01,42.03,48
649344,81168,-15455.94,89.23,32.13,48
649344,81168,-15050.44,29.80,26.10,48
649344,81168,-69169.75,90.81,122.58,48
649344,81168,-111627.11,33.47,187.82,48
649344,81168,-50070.31,28.66,84.49,48
649344,81168,-40001.82,90.74,73.58,48
649344,81168,-34560.10,28.99,58.60,48
649344,81168,-225063.70,88.99,383.77,48
649728,81216,-187187.08,91.73,320.69,48
649728,81216,-649269.72,32.09,1090.28,48
649728,81216,-110932.90,89.37,192.29,48
649728,81216,-3160.75,87.40,11.37,48
649728,81216,-224164.67,87.17,381.98,48
649728,81216,-1802.91,88.83,9.27,48
649728,81216,-547002.78,28.86,918.47,48
649728,81216,-380939.11,86.01,644.97,48
650112,81264,168.01,87.70,5.77,48
650112,81264,-8108.00,85.98,19.56,48
650112,81264,-142486.47,90.55,245.49,48
650112,81264,-16258.54,29.97,28.17,48
650112,81264,-151652.15,30.50,255.02,48
650112,81264,-242176.77,91.47,413.10,48
650112,81264,3203.76,87.96,0.76,48
650112,81264,-39599.00,30.31,66.76,48
650496,81312,-152282.82,85.10,261.14,48
650496,81312,-74892.81,89.71,132.00,48
650496,81312,-55091.14,28.97,93.03,48
650496,81312,-540855.45,26.36,907.86,48
650496,81312,-36889.77,86.45,67.83,48
650496,81312,-39849.39,87.39,73.03,48
650496,81312,-31414.08,27.91,53.57,48
650496,81312,-29490.58,89.61,55.62,48
650880,81360,-204634.70,90.80,349.83,48
650880,81360,-113211.31,87.90,196.04,48
650880,81360,-33923.81,90.02,63.43,48
650880,81360,3280.50,85.57,0.10,48
650880,81360,-188891.77,33.34,317.54,48
650880,81360,215.46,27.35,0.00,48
650880,81360,-12931.99,31.26,21.69,48
650880,81360,-42788.02,86.95,77.66,48
651264,81408,-103652.83,33.70,174.53,48
651264,81408,-22879.46,33.54,39.30,48
651264,81408,-71481.63,29.93,120.55,48
651264,81408,-27664.59,85.83,52.25,48
651264,81408,-82897.41,29.09,139.54,48
651264,81408,-157940.33,26.29,265.52,48
651264,81408,-19551.75,26.45,32.74,48
651264,81408,-2504.28,25.01,4.53,48
651648,81456,-59426.08,87.99,105.84,48
651648,81456,-15754.50,91.24,32.96,48
651648,81456,-8160.29,91.86,20.35,48
651648,81456,-116637.45,87.13,201.76,48
651648,81456,-65171.78,87.33,115.45,48
651648,81456,-86081.32,35.71,145.59,48
651648,81456,-121283.69,90.37,209.74,48
651648,81456,-114422.25,88.24,198.16,48
652032,81504,-116659.26,30.05,196.41,48
652032,81504,-149978.46,86.45,257.61,48
652032,81504,-4336.47,88.51,13.40,48
652032,81504,-107252.74,87.42,186.26,48
652032,81504,-447918.22,30.93,752.37,48
652032,81504,-97333.45,91.84,169.99,48
652032,81504,-10707.26,29.64,18.75,48
652032,81504,-59633.12,30.63,100.80,48
652416,81552,-159622.97,28.63,268.88,48
652416,81552,-100844.18,33.45,170.07,48
652416,81552,-45376.88,30.01,77.04,48
652416,81552,-10802.06,86.19,24.02,48
652416,81552,-160371.90,28.25,269.70,48
652416,81552,69.45,89.22,6.31,48
652416,81552,652.44,86.71,4.81,48
652416,81552,-311644.81,87.03,529.06,48
652800,81600,-41628.99,87.51,75.74,48
652800,81600,-363039.94,87.04,615.36,48
652800,81600,-123710.31,88.34,213.74,48
652800,81600,-23590.37,85.17,45.11,48
652800,81600,-34726.89,90.20,64.70,48
652800,81600,-193475.29,87.20,330.51,48
652800,81600,-5420.70,92.03,15.86,48
652800,81600,-191828.43,87.90,328.00,48
653184,81648,-11309.66,87.66,25.00,48
653184,81648,-200215.18,89.23,342.13,48
653184,81648,-66240.76,88.34,117.23,48
653184,81648,-412360.20,89.07,698.26,48
653184,81648,-11976.97,89.14,26.24,48
653184,81648,-65162.11,89.50,115.64,48
653184,81648,-60044.33,27.09,100.94,48
653184,81648,-148718.97,89.45,255.92,48
653568,81696,-312.21,87.48,6.48,48
653568,81696,-51564.86,87.24,92.55,48
653568,81696,-107326.46,27.95,180.24,48
653568,81696,-2205.77,28.32,4.01,48
653568,81696,-86162.71,91.03,151.01,48
653568,81696,-162126.41,89.56,278.64,48
653568,81696,-177057.54,91.14,303.52,48
653568,81696,-35069.28,32.61,59.85,48
653952,81744,-45669.91,31.31,77.18,48
653952,81744,-87176.67,90.48,152.72,48
653952,81744,-23550.65,33.15,40.39,48
653952,81744,-155953.50,31.06,261.99,48
653952,81744,-132899.60,88.77,229.04,48
653952,81744,-16926.61,89.53,34.60,48
653952,81744,-7888.22,30.31,13.73,48
653952,81744,-55283.83,30.43,93.69,48
654336,81792,-127156.96,89.29,219.65,48
654336,81792,-159207.84,29.17,267.53,48
654336,81792,-135586.40,87.63,233.52,48
654336,81792,-10223.30,86.68,23.21,48
654336,81792,-171806.85,89.11,294.55,48
654336,81792,2928.72,89.95,1.39,48
654336,81792,3659.26,88.52,0.10,48
654336,81792,-5105.30,85.63,14.37,48
654720,81840,-167927.69,87.72,287.86,48
654720,81840,-62302.00,88.54,110.72,48
654720,81840,-151285.67,31.83,254.86,48
654720,81840,-66024.91,91.54,117.40,48
654720,81840,-39584.30,30.90,67.18,48
654720,81840,-26853.37,28.20,45.44,48
654720,81840,-482193.86,25.70,809.84,48
654720,81840,2192.25,87.25,2.15,48
655104,81888,-6330.31,24.37,11.03,48
655104,81888,-16577.03,31.79,28.32,48
655104,81888,-27420.93,88.62,52.15,48
655104,81888,-8518.04,89.28,20.44,48
655104,81888,-234510.31,31.08,394.44,48
655104,81888,-35153.26,27.92,59.59,48
655104,81888,-44327.84,89.32,80.52,48
655104,81888,-26882.22,88.74,51.45,48
655488,81936,-4945.35,24.16,8.99,48
655488,81936,-7369.41,28.70,12.82,48
655488,81936,-22194.50,25.52,37.64,48
655488,81936,-29132.04,86.00,54.79,48
655488,81936,-7833.48,26.58,13.85,48
655488,81936,-29917.98,90.12,56.59,48
655488,81936,-182568.13,90.57,312.86,48
655488,81936,1966.71,86.73,2.82,48
655872,81984,2552.66,85.82,1.63,48
655872,81984,-99.99,87.75,6.35,48
655872,81984,-30105.64,91.38,57.16,48
655872,81984,-22679.63,27.63,38.74,48
655872,81984,-714.29,29.19,1.67,48
655872,81984,-20776.74,89.17,41.16,48
655872,81984,-35629.62,88.76,66.12,48
655872,81984,-50020.17,27.06,84.12,48
656256,82032,-46651.85,85.35,84.01,48
656256,82032,-38342.53,90.57,70.68,48
656256,82032,-88273.46,86.97,154.13,48
656256,82032,-87210.10,88.08,152.39,48
656256,82032,-23912.06,27.95,40.35,48
656256,82032,-121897.73,88.34,210.78,48
656256,82032,-222807.54,89.28,380.08,48
656256,82032,773.71,88.63,4.98,48
656640,82080,-3871.53,89.32,12.86,48
656640,82080,-18475.06,91.88,37.70,48
656640,82080,-7418.91,24.92,12.49,48
656640,82080,-18817.54,89.19,38.01,48
656640,82080,-19323.44,85.51,38.34,48
656640,82080,-21489.94,86.99,41.91,48
656640,82080,-601929.02,90.72,1016.66,48
656640,82080,1909.13,87.82,2.65,48
657024,82128,-159240.36,30.25,268.01,48
657024,82128,-63615.98,89.43,113.15,48
657024,82128,-2156.78,87.15,9.73,48
657024,82128,-88738.54,90.06,155.11,48
657024,82128,-53582.96,88.74,96.21,48
657024,82128,-87505.13,87.16,152.57,48
657024,82128,-31662.79,88.55,59.25,48
657024,82128,-31394.20,86.10,58.59,48
657408,82176,-36496.18,86.45,67.33,48
657408,82176,-1208.78,25.84,2.39,48
657408,82176,-166123.77,90.70,285.20,48
657408,82176,3649.86,88.31,0.23,48
657408,82176,-29067.77,32.11,49.57,48
657408,82176,-12685.46,90.56,27.70,48
657408,82176,-189532.90,32.97,319.11,48
657408,82176,-66291.62,87.58,117.20,48
657792,82224,-23423.14,86.70,45.33,48
657792,82224,-126215.16,88.99,217.90,48
657792,82224,-445239.10,25.04,747.47,48
657792,82224,-10093.15,27.59,17.31,48
657792,82224,-372418789783952.31,87.39,625000000262.91,48
657792,82224,-1553.18,23.27,2.75,48
657792,82224,-71268.59,85.76,125.18,48
657792,82224,-60391.10,28.32,101.97,48
658176,82272,3378.11,90.92,0.82,48
658176,82272,362.52,27.05,0.00,48
658176,82272,-49078.99,28.01,82.79,48
658176,82272,-319766.07,25.87,537.01,48
658176,82272,-34972.63,31.21,59.47,48
658176,82272,-80429.80,30.05,135.62,48
658176,82272,-90667.48,32.33,153.19,48
658176,82272,-803370.85,34.21,1349.27,48
658560,82320,-471909.47,88.03,797.91,48
658560,82320,-112533.07,88.63,195.19,48
658560,82320,-62712.83,31.03,105.94,48
658560,82320,-195833.64,27.99,329.06,48
658560,82320,-130269.17,86.46,224.46,48
658560,82320,-62497.09,30.11,105.52,48
658560,82320,-18455.14,90.23,37.42,48
658560,82320,-75802.40,88.46,133.52,48
658944,82368,-17071.25,84.97,34.35,48
658944,82368,-195981.73,87.86,334.88,48
658944,82368,-11778.68,32.69,20.45,48
658944,82368,-98563.07,28.88,166.01,48
658944,82368,-57596.30,86.43,102.63,48
658944,82368,-76512.06,90.39,134.72,48
658944,82368,-177657.27,87.53,304.24,48
658944,82368,-46925.85,27.29,79.00,48
659328,82416,-65356.50,30.91,110.06,48
659328,82416,-90048.25,87.76,157.14,48
659328,82416,-13437.77,29.13,23.20,48
659328,82416,-155897.60,87.38,267.55,48
659328,82416,-48944.78,28.03,82.55,48
659328,82416,-18219.58,27.43,31.19,48
659328,82416,-61173.87,86.51,108.53,48
659328,82416,-30278.03,87.69,56.93,48
659712,82464,-179679.21,89.76,307.62,48
659712,82464,-1710.35,30.88,3.50,48
659712,82464,-22100.18,87.70,43.16,48
659712,82464,-168556.01,90.13,289.24,48
659712,82464,-27.21,86.90,5.94,48
659712,82464,-70218.87,90.70,124.28,48
659712,82464,290.80,24.93,0.00,48
659712,82464,-4759.54,88.79,14.14,48
660096,82512,-68700.14,29.28,115.83,48
660096,82512,-52688.76,86.20,94.23,48
660096,82512,-170108.01,87.64,291.28,48
660096,82512,-670475.40,31.15,1125.44,48
660096,82512,-3190.46,89.76,11.89,48
660096,82512,-59328.02,30.99,100.25,48
660096,82512,-141231.46,88.74,243.17,48
660096,82512,-9316.60,87.45,21.46,48
660480,82560,-58814.71,88.86,104.87,48
660480,82560,-124113.74,88.80,214.46,48
660480,82560,-49737.89,88.16,89.73,48
660480,82560,-22155.55,31.05,38.33,48
660480,82560,2872.46,88.71,1.51,48
660480,82560,-465695.43,33.23,782.60,48
660480,82560,-8738.03,87.95,20.83,48
660480,82560,-100428.89,29.84,168.80,48
660864,82608,-67306.37,89.45,119.19,48
660864,82608,-48709.93,88.58,87.99,48
660864,82608,-31199.02,23.77,52.92,48
660864,82608,-21734.69,85.68,42.31,48
660864,82608,-20376.50,87.24,40.23,48
660864,82608,-9893.47,85.49,22.36,48
660864,82608,-217876.70,88.23,371.69,48
660864,82608,-49157.54,87.06,88.60,48
661248,82656,2669.40,86.34,1.60,48
661248,82656,-35561.35,89.28,66.04,48
661248,82656,-18531.29,88.37,37.22,48
661248,82656,-10350.51,88.89,23.57,48
661248,82656,3289.66,85.68,0.19,48
661248,82656,-1489675158705346.75,89.09,2500000000311.94,48
661248,82656,-56419.43,85.79,100.48,48
661248,82656,-39793.58,30.91,67.38,48
661632,82704,-14116.32,26.21,23.99,48
661632,82704,-107882.10,87.13,187.18,48
661632,82704,2919.34,91.15,1.74,48
661632,82704,-208280.85,91.25,356.09,48
661632,82704,-52025.50,88.87,93.54,48
661632,82704,-88234.46,26.90,148.48,48
661632,82704,-29191.63,89.43,55.06,48
661632,82704,-2503.04,26.04,4.49,48
662016,82752,-165609.13,25.77,278.46,48
662016,82752,-424659.12,90.55,719.13,48
662016,82752,-53162.28,86.77,95.07,48
662016,82752,-26745.88,89.16,51.26,48
662016,82752,-154198.26,88.05,264.85,48
662016,82752,-4459.57,88.19,13.63,48
662016,82752,-104156.06,30.61,175.64,48
662016,82752,-60096.13,86.24,106.69,48
662400,82800,-3537978501646074.50,86.56,5937500000263.39,48
662400,82800,-132485.19,91.31,228.86,48
662400,82800,-125914.97,90.36,217.74,48
662400,82800,-431572.13,88.25,730.21,48
662400,82800,-4301.11,90.73,13.82,48
662400,82800,-32448.68,88.17,60.55,48
662400,82800,-78364.72,89.81,138.05,48
662400,82800,-52941.20,90.77,95.25,48
662784,82848,-78882.89,33.22,133.22,48
662784,82848,-931046974252965.00,89.53,1562500000301.43,48
662784,82848,-33323.09,29.52,56.30,48
662784,82848,-22.12,87.60,6.19,48
662784,82848,-109489.21,88.25,189.76,48
662784,82848,-162904.29,90.08,279.70,48
662784,82848,-9541.64,88.21,22.21,48
662784,82848,-6903.75,30.50,12.49,48
663168,82896,-18191.84,25.52,30.94,48
663168,82896,2667.97,86.13,1.21,48
663168,82896,-97457.35,26.97,164.20,48
663168,82896,-377650.26,86.15,639.72,48
663168,82896,-12263.08,26.45,21.05,48
663168,82896,-62748.73,89.35,111.63,48
663168,82896,-931046974256083.88,89.72,1562500000306.82,48
663168,82896,-100966.46,28.02,170.03,48
663552,82944,-46348.69,29.40,77.91,48
663552,82944,-23707.82,27.71,40.71,48
663552,82944,-35864.87,85.94,65.94,48
663552,82944,-203291.02,89.83,347.55,48
663552,82944,-182164.84,30.56,306.60,48
663552,82944,378.46,87.30,5.36,48
663552,82944,-51967.61,91.55,93.80,48
663552,82944,-59706.09,28.48,100.25,48
663936,82992,-1506.51,27.75,3.13,48
663936,82992,-10337.36,24.00,17.54,48
663936,82992,-113349.75,88.63,196.49,48
663936,82992,393.46,84.29,5.23,48
663936,82992,-31753.59,32.29,53.79,48
663936,82992,-83350.44,31.89,140.75,48
663936,82992,-94955.00,90.37,165.59,48
663936,82992,2039.20,86.73,2.37,48
664320,83040,-720.79,32.82,2.04,48
664320,83040,-59140.40,91.37,105.93,48
664320,83040,-80597.80,87.58,141.36,48
664320,83040,2038.18,84.90,2.27,48
664320,83040,1641.75,88.13,3.27,48
664320,83040,-69128.32,88.43,122.07,48
664320,83040,-114033.53,89.87,197.72,48
664320,83040,-45242.10,89.89,82.47,48
664704,83088,-25907.86,29.99,44.38,48
664704,83088,-33085.44,87.10,61.40,48
664704,83088,-5441.00,89.28,15.35,48
664704,83088,-84934.96,89.50,148.83,48
664704,83088,-182381.49,29.81,306.50,48
664704,83088,-49991.02,26.55,84.39,48
664704,83088,-93375.75,88.67,162.91,48
664704,83088,-36618.11,89.64,67.77,48
665088,83136,-3015.92,86.13,11.01,48
665088,83136,-192766.77,28.03,323.92,48
665088,83136,-4388.07,27.92,7.83,48
665088,83136,-54038.62,92.45,97.57,48
665088,83136,-50617.29,88.79,91.15,48
665088,83136,-15059.23,88.01,31.64,48
665088,83136,-1776.39,91.45,9.63,48
665088,83136,-40605.97,89.71,74.34,48
665472,83184,2099.23,89.18,2.80,48
665472,83184,-51141.08,88.46,91.88,48
665472,83184,-167596.84,87.48,287.13,48
665472,83184,-14963.26,88.19,31.23,48
665472,83184,-90556.57,30.47,152.77,48
665472,83184,-53612.60,28.37,90.37,48
665472,83184,-19394.13,31.71,33.32,48
665472,83184,-61070.76,87.82,108.72,48
665856,83232,-4643.03,26.53,8.29,48
665856,83232,-159416.21,30.38,268.44,48
665856,83232,-55201.28,34.88,93.63,48
665856,83232,-155121.80,89.48,266.46,48
665856,83232,-33870.08,87.95,62.91,48
665856,83232,-64747.54,85.40,114.45,48
665856,83232,-164451.71,30.77,276.42,48
665856,83232,-34165.70,87.21,63.47,48
666240,83280,-199586.81,34.89,336.02,48
666240,83280,-28767.03,85.87,54.08,48
666240,83280,-82373.87,88.73,144.28,48
666240,83280,-157747.75,89.72,271.00,48
666240,83280,3448.02,88.74,0.34,48
666240,83280,-5691.73,27.96,10.32,48
666240,83280,-63539.49,27.34,106.65,48
666240,83280,-25590.68,85.61,48.66,48
666624,83328,-37032.85,89.77,68.50,48
666624,83328,-14042.44,28.26,24.22,48
666624,83328,-63460.88,32.00,107.08,48
666624,83328,-240332.96,30.84,403.64,48
666624,83328,-54345.29,85.26,96.94,48
666624,83328,-345170.32,25.58,579.41,48
666624,83328,2971.51,90.73,1.33,48
666624,83328,-73346.65,88.02,129.25,48
667008,83376,-21001.69,86.50,41.24,48
667008,83376,-60356.34,30.29,101.92,48
667008,83376,-124001.88,29.40,208.52,48
667008,83376,-136167.71,26.79,229.23,48
667008,83376,-175301.09,89.29,300.57,48
667008,83376,-11979.08,86.09,26.03,48
667008,83376,2148.44,89.23,2.57,48
667008,83376,-3537978501589050.50,87.06,5937500000167.87,48
667392,83424,-44484.10,34.13,75.41,48
667392,83424,3322.74,88.92,0.73,48
667392,83424,-41060.94,28.93,69.28,48
667392,83424,-148322.04,27.59,249.59,48
667392,83424,-53189.53,87.27,95.29,48
667392,83424,-84307.48,32.83,142.52,48
667392,83424,-67247.79,30.83,113.61,48
667392,83424,-76077.50,89.31,133.82,48
667776,83472,-54005.54,88.33,96.79,48
667776,83472,-36660.19,87.32,67.25,48
667776,83472,-17582.95,27.96,30.24,48
667776,83472,-137639.53,24.40,231.39,48
667776,83472,-29689.09,87.41,55.82,48
667776,83472,-86825.04,87.69,151.72,48
667776,83472,-7982.96,29.79,14.17,48
667776,83472,-72808.32,89.52,128.48,48
668160,83520,-135090.82,87.01,232.44,48
668160,83520,-92313.05,29.96,155.39,48
668160,83520,-1311.12,87.45,8.27,48
668160,83520,-108058.06,92.65,187.98,48
668160,83520,-44197.55,86.91,80.06,48
668160,83520,-29769.30,89.86,56.38,48
668160,83520,-178178.94,32.87,299.71,48
668160,83520,-49081.53,86.99,88.29,48
668544,83568,-141914.33,89.36,244.29,48
668544,83568,-17268.70,87.32,34.82,48
668544,83568,-184200.49,31.62,309.99,48
668544,83568,-75433.35,28.54,127.17,48
668544,83568,-253756.10,89.77,432.15,48
668544,83568,-37767.51,26.07,63.94,48
668544,83568,-27591.05,89.33,52.81,48
668544,83568,-26798.85,88.60,51.22,48
668928,83616,3750.86,89.15,0.00,48
668928,83616,-204.24,89.74,6.61,48
668928,83616,1214.22,85.85,3.83,48
668928,83616,2835.69,88.70,1.64,48
668928,83616,-109021.49,90.58,189.28,48
668928,83616,-44157.63,87.95,80.25,48
668928,83616,3659.17,87.52,0.00,48
668928,83616,-56141.74,90.92,100.63,48
669312,83664,-61149.21,87.49,108.64,48
669312,83664,-16074.12,88.19,33.08,48
669312,83664,-931046974238318.62,90.53,1562500000277.09,48
669312,83664,537.95,89.79,5.53,48
669312,83664,-41883.15,26.27,70.79,48
669312,83664,-107930.87,87.21,186.98,48
669312,83664,-33987.71,30.42,57.74,48
669312,83664,-5179.08,85.60,14.47,48
669696,83712,-214871.56,37.55,361.97,48
669696,83712,-4401.64,88.39,13.63,48
669696,83712,-60754.79,26.01,102.36,48
669696,83712,-14207.97,83.78,29.56,48
669696,83712,-62230.80,88.22,110.61,48
669696,83712,123.71,31.09,0.72,48
669696,83712,3524.22,85.22,0.00,48
669696,83712,-18853.29,84.88,37.39,48
670080,83760,-6210.26,27.00,10.74,48
670080,83760,-49839.44,90.80,90.13,48
670080,83760,-213351.89,89.57,364.50,48
670080,83760,-130131.89,89.14,224.56,48
670080,83760,-217120.90,88.63,370.34,48
670080,83760,-2858.00,87.76,10.81,48
670080,83760,2108.26,89.14,2.63,48
670080,83760,-109912.65,87.22,190.43,48
670464,83808,-57533.48,29.51,97.03,48
670464,83808,-182407.59,32.80,306.74,48
670464,83808,-18949.22,89.92,38.04,48
670464,83808,-21839.55,25.57,36.85,48
670464,83808,-50202.42,30.30,84.72,48
670464,83808,-2296582536224147.00,91.02,3854166666954.41,48
670464,83808,-372418789768640.19,28.52,625000000232.12,48
670464,83808,-216358.58,87.12,369.05,48
670848,83856,-15326.98,88.92,31.96,48
670848,83856,-10283.96,87.64,23.45,48
670848,83856,-35513.00,83.27,65.04,48
670848,83856,-3537978501638860.00,30.58,5937500000246.29,48
670848,83856,-1979.68,90.56,9.66,48
670848,83856,-16874.50,36.05,29.50,48
670848,83856,-107607.50,30.50,181.07,48
670848,83856,-50052.83,88.26,89.98,48
671232,83904,-27430.69,28.57,46.64,48
671232,83904,-96661.60,23.66,162.41,48
671232,83904,-2580.48,87.26,10.53,48
671232,83904,-372418789839412.94,92.11,625000000356.79,48
671232,83904,-51953.58,88.72,93.23,48
671232,83904,-130718.39,91.04,225.80,48
671232,83904,-4010.42,86.87,12.59,48
671232,83904,-49565.13,89.71,89.42,48
671616,83952,-236888.07,25.85,397.64,48
671616,83952,1251.01,88.45,4.01,48
671616,83952,-70628.86,29.83,119.45,48
671616,83952,-64061.98,30.17,107.91,48
671616,83952,-17538.34,88.64,35.72,48
671616,83952,-1043.90,27.80,2.34,48
671616,83952,-82781.05,30.57,139.76,48
671616,83952,-24411.45,91.20,47.54,48
672000,84000,-176822.81,89.39,302.99,48
672000,84000,-212123.73,90.50,362.41,48
672000,84000,-76181.24,89.83,134.09,48
672000,84000,-213715.34,91.33,365.12,48
672000,84000,-69412.72,27.87,117.00,48
672000,84000,-103597.85,86.47,179.71,48
672000,84000,-398636.11,29.08,669.19,48
672000,84000,-126976.08,31.21,213.43,48
672384,84048,-72309.94,90.35,127.79,48
672384,84048,-9244.41,25.10,15.87,48
672384,84048,-15122.54,27.72,25.93,48
672384,84048,-503028.46,86.25,850.06,48
672384,84048,-100160.47,30.52,168.58,48
672384,84048,-16743.20,25.62,28.67,48
672384,84048,-499522.87,30.35,839.04,48
672384,84048,-58206.04,33.02,98.62,48
672768,84096,-18374.95,28.63,31.50,48
672768,84096,-130064.85,88.57,224.38,48
672768,84096,-56879.07,90.55,101.92,48
672768,84096,-20289.71,27.95,34.49,48
672768,84096,-185441.50,89.69,317.47,48
672768,84096,-108575.14,30.84,182.57,48
672768,84096,-54084.51,89.06,96.98,48
672768,84096,-13939.98,89.93,29.89,48
673152,84144,-1846.49,84.44,8.75,48
673152,84144,-62502.21,89.15,111.02,48
673152,84144,-25875.20,28.21,44.12,48
673152,84144,3854.72,89.44,0.00,48
673152,84144,-117926.64,89.56,204.11,48
673152,84144,-107220.60,89.89,186.27,48
673152,84144,-49007.99,90.00,88.65,48
673152,84144,-111173.60,84.74,192.30,48
673536,84192,-15033.01,86.25,31.26,48
673536,84192,-372418789780034.62,27.33,625000000250.74,48
673536,84192,-1089.96,88.49,7.96,48
673536,84192,-6233.26,92.26,17.21,48
673536,84192,-49785.06,87.98,89.57,48
673536,84192,-251455.71,87.13,427.95,48
673536,84192,-12561.06,89.78,27.53,48
673536,84192,-63882.73,26.91,107.21,48
673920,84240,-47042.28,88.47,85.08,48
673920,84240,-149031.75,29.39,251.27,48
673920,84240,-14123.97,89.78,30.09,48
673920,84240,-137.79,90.28,6.71,48
673920,84240,267.55,30.85,0.29,48
673920,84240,-50071.59,85.36,89.66,48
673920,84240,-78350.52,29.51,132.38,48
673920,84240,-18970.18,86.50,37.73,48
674304,84288,-86664.28,87.71,151.62,48
674304,84288,-31824.21,89.69,59.75,48
674304,84288,-435702.99,22.97,731.75,48
674304,84288,3223.84,90.89,1.01,48
674304,84288,-164410.49,85.35,281.72,48
674304,84288,-38700.91,25.57,65.44,48
674304,84288,-8373.12,88.58,20.25,48
674304,84288,3710.09,88.29,0.23,48
674688,84336,847.97,87.93,4.55,48
674688,84336,-17927.83,88.97,36.36,48
674688,84336,2232.69,86.56,2.27,48
674688,84336,-12609.39,89.36,27.42,48
674688,84336,1576.05,86.52,3.37,48
674688,84336,-33735.50,31.57,57.55,48
674688,84336,-90989.76,89.14,158.95,48
674688,84336,-84124.80,27.29,141.64,48
675072,84384,-188723.59,29.17,317.12,48
675072,84384,-78632.07,88.38,138.28,48
675072,84384,-11194.30,31.72,19.82,48
675072,84384,-223139.21,30.83,375.11,48
675072,84384,-15783.41,89.82,32.75,48
675072,84384,-39760.33,89.67,72.88,48
675072,84384,-9484.07,88.28,22.02,48
675072,84384,-232581.45,90.58,396.65,48
675456,84432,-42018.87,87.81,76.64,48
675456,84432,-19860.50,87.31,39.41,48
675456,84432,-31664.05,89.29,59.28,48
675456,84432,-40962.09,28.95,69.10,48
675456,84432,-68580.82,90.19,121.48,48
675456,84432,-185767.75,87.88,317.73,48
675456,84432,-222770.64,87.58,379.83,48
675456,84432,-51908.71,89.21,93.49,48
675840,84480,-2728.21,31.36,5.57,48
675840,84480,-14035.65,86.64,29.52,48
675840,84480,-64242.69,28.88,108.29,48
675840,84480,-76823.78,32.11,129.75,48
675840,84480,-153886.34,87.09,264.05,48
675840,84480,-451360.72,85.58,763.18,48
675840,84480,-161326.75,89.28,276.89,48
675840,84480,-109888.01,88.41,190.38,48
676224,84528,-31048.15,29.10,52.81,48
676224,84528,-7480.72,29.45,13.39,48
676224,84528,-5065.18,87.49,14.67,48
676224,84528,-104533.42,89.98,181.90,48
676224,84528,-52767.48,29.73,89.24,48
676224,84528,-25967.27,87.42,49.69,48
676224,84528,-29363.07,85.51,54.94,48
676224,84528,1744.73,90.56,3.56,48
676608,84576,-75439.60,88.20,132.79,48
676608,84576,-57641.45,91.60,103.34,48
676608,84576,-54649.98,28.67,92.29,48
676608,84576,3606.66,88.21,0.19,48
676608,84576,-29013.82,86.26,54.86,48
676608,84576,127.32,24.33,0.00,48
676608,84576,-61538.99,86.02,108.97,48
676608,84576,-145968.41,86.59,250.84,48
676992,84624,-21620.19,88.02,42.35,48
676992,84624,-65564.14,90.49,116.25,48
676992,84624,-54345.98,31.01,91.89,48
676992,84624,-178197.84,87.13,305.00,48
676992,84624,-32756.26,86.70,60.92,48
676992,84624,-164852.39,24.64,276.96,48
676992,84624,-42843.53,87.62,77.91,48
676992,84624,-123695.14,88.53,213.78,48
677376,84672,-23001.41,86.70,44.52,48
677376,84672,-931046974208094.62,88.32,1562500000226.20,48
677376,84672,-7348.28,89.20,18.66,48
677376,84672,-14817.16,87.45,30.81,48
677376,84672,-52773.74,31.16,89.39,48
677376,84672,-18665.46,90.75,37.88,48
677376,84672,-35021.39,26.88,59.25,48
677376,84672,-102393.14,90.05,178.02,48
677760,84720,-29619.18,30.52,50.52,48
677760,84720,-15682.87,85.74,32.33,48
677760,84720,-45019.11,89.83,81.82,48
677760,84720,-52192.92,87.18,93.80,48
677760,84720,-408841.92,86.45,691.73,48
677760,84720,-113773.22,89.28,197.19,48
677760,84720,-43073.81,87.35,78.31,48
677760,84720,-109712.71,87.66,190.19,48
678144,84768,-75634.18,31.49,127.72,48
678144,84768,-180826.83,87.59,309.46,48
678144,84768,1394.08,87.10,3.59,48
678144,84768,-52679.57,31.72,89.28,48
678144,84768,-93712.18,28.90,157.49,48
678144,84768,-96022.84,32.35,162.06,48
678144,84768,-118471.05,84.45,204.59,48
678144,84768,-92260.42,27.17,155.52,48
678528,84816,-38872.42,86.59,71.07,48
678528,84816,-1489675158794648.00,88.35,2500000000461.59,48
678528,84816,3137.27,87.27,0.79,48
678528,84816,-74809.89,31.08,126.09,48
678528,84816,-152281.87,87.73,261.67,48
678528,84816,3500.49,87.55,0.10,48
678528,84816,-8537.39,86.18,20.18,48
678528,84816,-542.55,22.54,1.47,48
678912,84864,-6624.03,90.49,17.48,48
678912,84864,-166195.96,91.75,285.50,48
678912,84864,-38011.46,89.19,70.08,48
678912,84864,-100268.97,90.52,174.68,48
678912,84864,-28936.43,88.85,54.80,48
678912,84864,-6774.54,86.63,17.43,48
678912,84864,-72802.14,30.61,123.16,48
678912,84864,-947.95,85.44,7.28,48
679296,84912,-56554.01,31.97,95.79,48
679296,84912,-188520.56,87.73,322.18,48
679296,84912,-7448375792776144.00,91.72,12500000000275.68,48
679296,84912,-3478.25,31.96,6.95,48
679296,84912,-132946.24,26.54,223.59,48
679296,84912,-155247.97,85.82,266.22,48
679296,84912,-24124.76,29.55,41.13,48
679296,84912,-119981.45,90.04,207.58,48
679680,84960,-35936.83,92.11,66.88,48
679680,84960,-3525.55,26.67,6.69,48
679680,84960,-199041.75,28.70,334.61,48
679680,84960,-111134.33,89.26,192.79,48
679680,84960,-44202.58,26.40,74.74,48
679680,84960,-931046974215324.25,90.73,1562500000238.72,48
679680,84960,-252969.88,85.58,430.36,48
679680,84960,2964.77,89.71,1.48,48
680064,85008,-73000.88,86.00,128.43,48
680064,85008,-160274.72,28.17,269.61,48
680064,85008,-119126.01,31.41,200.68,48
680064,85008,-73705.32,89.23,129.86,48
680064,85008,-44402.58,30.96,75.06,48
680064,85008,-8584.24,89.32,20.77,48
680064,85008,-37971.99,30.65,64.26,48
680064,85008,-3537978501628110.50,89.29,5937500000233.72,48
680448,85056,-32110.33,91.63,60.54,48
680448,85056,-109102.29,88.53,189.45,48
680448,85056,-38936.79,89.38,71.65,48
680448,85056,-74180.80,85.47,130.38,48
680448,85056,-176997.50,33.68,298.12,48
680448,85056,2746.85,87.06,1.33,48
680448,85056,-44373.35,30.11,74.50,48
680448,85056,-188084.94,25.78,316.01,48
680832,85104,-82752.45,88.31,145.01,48
680832,85104,-46230.26,27.45,77.93,48
680832,85104,-113058.73,87.95,196.10,48
680832,85104,-89340.31,30.60,150.64,48
680832,85104,-27336.04,87.73,51.73,48
680832,85104,-59709.57,91.49,106.76,48
680832,85104,-2366.65,91.19,10.53,48
680832,85104,-3537978501675431.00,91.22,5937500000313.47,48
681216,85152,-159949.83,88.85,274.84,48
681216,85152,-153096.05,90.26,263.25,48
681216,85152,-27932.34,25.28,47.60,48
681216,85152,2473.76,87.74,1.98,48
681216,85152,-219750.60,87.98,374.81,48
681216,85152,-127.51,27.54,0.76,48
681216,85152,-37102.18,30.46,63.18,48
681216,85152,-32910.31,32.66,55.99,48
681600,85200,-41083.50,88.95,75.17,48
681600,85200,-99319.01,30.51,167.31,48
681600,85200,-13143.78,88.97,28.42,48
681600,85200,-22882.32,88.82,44.49,48
681600,85200,-27986.80,84.76,52.45,48
681600,85200,-931046974221685.62,84.74,1562500000248.46,48
681600,85200,-173274.57,90.53,297.24,48
681600,85200,-3528.46,32.53,6.97,48
681984,85248,-372418789823500.31,89.78,625000000329.76,48
681984,85248,-120302.44,26.93,202.22,48
681984,85248,-19205.37,90.86,38.66,48
681984,85248,-61182.38,26.60,102.77,48
681984,85248,-227944.61,90.07,389.03,48
681984,85248,-77031.20,87.45,135.13,48
681984,85248,-60565.76,87.98,107.68,48
681984,85248,-145217.42,86.43,249.49,48
682368,85296,-34454.33,90.29,64.29,48
682368,85296,-7129.85,90.32,18.29,48
682368,85296,961.96,86.39,4.43,48
682368,85296,-5595.91,86.91,15.42,48
682368,85296,-26439.48,32.52,45.52,48
682368,85296,-817.27,86.87,7.37,48
682368,85296,-54200.14,90.77,97.48,48
682368,85296,-8363.26,34.35,15.05,48
682752,85344,-5944.28,89.40,16.40,48
682752,85344,-110585.97,87.05,191.27,48
682752,85344,-9274.22,88.38,21.55,48
682752,85344,-74242.66,91.30,131.13,48
682752,85344,-85927.08,31.76,144.66,48
682752,85344,-172612.40,86.56,295.66,48
682752,85344,-77391.94,87.38,135.95,48
682752,85344,-644986.50,33.01,1083.34,48
683136,85392,-236304.81,90.59,402.89,48
683136,85392,-49854.38,86.25,89.49,48
683136,85392,-125556.44,32.69,211.70,48
683136,85392,-57084.24,86.25,101.75,48
683136,85392,-931046974236554.00,88.17,1562500000273.90,48
683136,85392,-22789.46,87.13,43.98,48
683136,85392,2677.79,89.32,1.85,48
683136,85392,-133088.37,84.76,229.19,48
683520,85440,-80873.90,28.51,136.02,48
683520,85440,-82958.44,88.72,145.27,48
683520,85440,-33010.15,30.77,55.94,48
683520,85440,-23162.82,91.57,45.48,48
683520,85440,-120058.73,85.97,207.27,48
683520,85440,3323.54,89.33,0.78,48
683520,85440,-372418789782215.00,88.08,625000000260.24,48
683520,85440,-37951.56,26.57,64.26,48
683904,85488,-43931.48,87.22,79.66,48
683904,85488,-124730.24,32.61,210.24,48
683904,85488,-372418789776072.94,88.19,625000000249.64,48
683904,85488,-16250.77,90.58,33.78,48
683904,85488,-17420.88,88.44,35.54,48
683904,85488,-52524.24,88.46,94.27,48
683904,85488,-2483.14,28.02,4.50,48
683904,85488,-201100.53,33.21,338.24,48
684288,85536,-3230.32,87.14,11.49,48
684288,85536,-102131.51,88.03,177.58,48
684288,85536,-66113.44,87.43,117.11,48
684288,85536,-60483.72,86.68,107.34,48
684288,85536,-18490.30,26.16,31.32,48
684288,85536,-135497.35,89.14,233.66,48
684288,85536,3660.62,88.25,0.10,48
684288,85536,3710.14,88.08,0.00,48
684672,85584,-47031.17,84.68,84.59,48
684672,85584,-118338.63,88.82,204.66,48
684672,85584,-81447.64,30.51,137.54,48
684672,85584,-12238.71,90.87,26.88,48
684672,85584,-5929.13,27.95,10.59,48
684672,85584,-1111.91,89.75,8.21,48
684672,85584,-52061.82,86.99,93.30,48
684672,85584,-7448375792784619.00,88.58,12500000000289.54,48
685056,85632,-135569.57,87.18,233.15,48
685056,85632,-127443.25,89.53,220.10,48
685056,85632,-61744.81,85.08,109.39,48
685056,85632,-189119.82,87.80,323.41,48
685056,85632,-1495.89,90.25,8.87,48
685056,85632,-72278.19,89.79,127.64,48
685056,85632,-49615.03,30.02,83.83,48
685056,85632,-652656.41,29.95,1096.17,48
685440,85680,-131775.03,87.17,227.12,48
685440,85680,-5078.63,27.94,8.76,48
685440,85680,-408.69,31.33,1.16,48
685440,85680,-107066.38,86.99,185.58,48
685440,85680,-66280.43,86.36,117.11,48
685440,85680,-2173.70,88.34,10.04,48
685440,85680,493.09,91.52,5.88,48
685440,85680,-59539.19,34.40,101.37,48
685824,85728,-182155.21,88.79,312.04,48
685824,85728,-18114.22,89.00,36.81,48
685824,85728,-40119.64,25.91,67.45,48
685824,85728,-1067.31,88.53,7.93,48
685824,85728,-26737.04,87.84,51.06,48
685824,85728,-50040.66,28.81,84.37,48
685824,85728,-146674.75,86.90,251.96,48
685824,85728,-7821.63,89.25,19.49,48
686208,85776,-111975.97,32.06,188.70,48
686208,85776,-144631.44,88.47,248.80,48
686208,85776,-171665.87,27.70,288.45,48
686208,85776,-23323.14,88.14,45.23,48
686208,85776,-98174.22,89.84,171.24,48
686208,85776,-32928.25,31.80,56.22,48
686208,85776,-54377.65,30.82,92.24,48
686208,85776,-99371.88,88.27,172.93,48
686592,85824,2176.10,88.32,2.39,48
686592,85824,-37651.71,86.37,69.11,48
686592,85824,-3537978501647979.00,31.75,5937500000261.68,48
686592,85824,-8988.30,88.56,21.30,48
686592,85824,-35047.28,88.09,65.06,48
686592,85824,-54342.65,85.76,97.07,48
686592,85824,-12600.91,88.42,27.25,48
686592,85824,-62361.62,28.90,104.85,48
686976,85872,-30839.95,91.12,58.26,48
686976,85872,-42156.04,89.34,77.07,48
686976,85872,-19150.89,89.73,38.43,48
686976,85872,-58781.23,90.88,105.09,48
686976,85872,-1489675158645306.75,88.02,2500000000211.01,48
686976,85872,1265.81,83.06,3.51,48
686976,85872,-197372.22,30.90,332.03,48
686976,85872,-607.63,30.34,1.85,48
687360,85920,-3715.98,90.96,12.82,48
687360,85920,-33124.89,88.60,61.79,48
687360,85920,-98448.24,27.91,165.62,48
687360,85920,-36674.17,31.18,62.38,48
687360,85920,-31330.90,89.50,58.85,48
687360,85920,-113198.09,88.69,196.20,48
687360,85920,-27232.46,88.89,51.90,48
687360,85920,-3537978501610778.50,89.83,5937500000204.75,48
687744,85968,-23657.05,88.95,45.93,48
687744,85968,-66035.11,29.65,111.36,48
687744,85968,-191550.91,89.90,327.78,48
687744,85968,-63344.92,25.00,106.80,48
687744,85968,2355.78,87.14,1.90,48
687744,85968,-6063.11,31.12,10.73,48
687744,85968,-2296582536264532.50,28.58,3854166667016.01,48
687744,85968,-25165.75,34.68,43.20,48
688128,86016,-86561.09,87.37,151.26,48
688128,86016,-67172.23,89.30,119.06,48
688128,86016,-36010.42,87.80,66.64,48
688128,86016,2751.34,88.34,1.58,48
688128,86016,-112103.34,31.19,188.78,48
688128,86016,-662408.61,89.00,1117.84,48
688128,86016,-3641.32,85.22,12.03,48
688128,86016,65.99,29.30,0.55,48
688512,86064,3138.63,87.11,0.69,48
688512,86064,-36867.84,27.82,62.28,48
688512,86064,-974.55,26.66,2.41,48
688512,86064,-127569.17,28.77,214.92,48
688512,86064,-25569.97,91.78,49.38,48
688512,86064,-2197.23,88.46,10.03,48
688512,86064,-87625.86,86.67,152.83,48
688512,86064,27.70,28.48,0.28,48
688896,86112,-96282.18,88.60,167.70,48
688896,86112,-51151.73,89.22,91.94,48
688896,86112,-168809.87,90.30,289.73,48
688896,86112,-4717.82,89.99,14.38,48
688896,86112,-62393.22,88.18,110.72,48
688896,86112,-3621.95,86.98,12.09,48
688896,86112,-75756.70,33.06,127.73,48
688896,86112,-3338.76,88.44,11.72,48
689280,86160,2005.82,86.59,2.57,48
689280,86160,-62187.28,33.04,105.17,48
689280,86160,-3537978501668830.00,28.11,5937500000296.44,48
689280,86160,-431411.86,85.75,729.79,48
689280,86160,-362261.87,88.69,614.05,48
689280,86160,3486.43,90.38,0.66,48
689280,86160,-83721.59,27.74,141.01,48
689280,86160,-17203.88,89.71,35.09,48
689664,86208,-105675.20,91.81,183.82,48
689664,86208,-36760.50,90.57,68.13,48
689664,86208,-22861.83,23.95,38.78,48
689664,86208,-9683.00,26.36,16.61,48
689664,86208,-130110.71,27.88,218.74,48
689664,86208,-9129.72,28.42,16.10,48
689664,86208,-66545.73,86.45,117.51,48
689664,86208,-148212.41,31.28,249.49,48
690048,86256,-333.19,85.55,6.49,48
690048,86256,-161216.57,88.83,276.64,48
690048,86256,-43480.92,30.76,73.75,48
690048,86256,-71270.31,88.92,125.68,48
690048,86256,-26945.15,87.97,51.44,48
690048,86256,-1581.40,86.66,8.56,48
690048,86256,-22753.48,87.91,44.13,48
690048,86256,-198387.00,32.19,333.44,48
690432,86304,247.00,22.33,0.00,48
690432,86304,-49117.78,87.83,88.46,48
690432,86304,-7448375792801284.00,30.45,12500000000312.01,48
690432,86304,-68432.68,86.82,120.83,48
690432,86304,-3816.12,88.82,12.62,48
690432,86304,-95347.87,89.66,166.27,48
690432,86304,3391.64,86.53,0.31,48
690432,86304,-194348.28,91.00,332.79,48
690816,86352,-9153.79,87.14,21.43,48
690816,86352,-5760.77,88.37,15.89,48
690816,86352,-3012.03,85.36,10.82,48
690816,86352,-2052.17,90.42,9.82,48
690816,86352,-2340.91,28.31,4.52,48
690816,86352,-7436.19,85.25,18.25,48
690816,86352,-36861.19,33.16,62.81,48
690816,86352,-26527.78,89.30,50.72,48
691200,86400,-5455.52,27.15,9.72,48
691200,86400,-1011.70,25.17,2.10,48
691200,86400,-83377.59,27.71,140.29,48
691200,86400,-3151.98,89.12,11.54,48
691200,86400,-75668.67,28.25,127.71,48
691200,86400,-34581.67,27.05,58.46,48
691200,86400,4085.14,92.18,0.00,48
691200,86400,-134705.18,88.44,232.09,48
691584,86448,-137583.53,87.80,236.79,48
691584,86448,-68065.52,29.29,114.94,48
691584,86448,-84564.67,91.14,148.48,48
691584,86448,-13302.46,90.48,28.60,48
691584,86448,-356059.17,88.40,603.66,48
691584,86448,-200222.87,89.24,342.22,48
691584,86448,-931046974244539.62,85.94,1562500000286.94,48
691584,86448,-22402.39,89.87,43.90,48
691968,86496,-191816.37,89.55,328.08,48
691968,86496,-188244.15,29.02,316.57,48
691968,86496,-23743.91,84.96,45.40,48
691968,86496,-226215.08,33.42,380.37,48
691968,86496,-61272.76,86.54,108.76,48
691968,86496,-173016.65,31.95,291.22,48
691968,86496,-203589.88,29.93,342.48,48
691968,86496,-14778.69,88.67,30.79,48
692352,86544,-2586.31,91.32,10.93,48
692352,86544,-46750.43,88.88,84.43,48
692352,86544,-6186.55,88.78,16.47,48
692352,86544,-3115.17,30.08,5.82,48
692352,86544,-6701.68,88.28,17.25,48
692352,86544,-38940.75,89.20,71.56,48
692352,86544,-147960.42,88.87,254.50,48
692352,86544,-32990.38,26.23,55.60,48
692736,86592,-14445.18,88.08,30.39,48
692736,86592,-279101.93,89.95,474.57,48
692736,86592,-96736.88,91.17,169.00,48
692736,86592,-322361.40,27.82,541.70,48
692736,86592,-561104.08,29.28,942.33,48
692736,86592,-56560.52,87.25,100.93,48
692736,86592,-106497.81,86.73,184.53,48
692736,86592,-117778.92,27.14,198.15,48
693120,86640,-21234.29,88.05,41.75,48
693120,86640,-78805.90,87.47,138.20,48
693120,86640,1144.94,92.51,4.96,48
693120,86640,-182607.67,90.02,312.72,48
693120,86640,-39813.70,28.60,67.17,48
693120,86640,-6786.79,90.98,18.04,48
693120,86640,-68383.53,86.81,120.68,48
693120,86640,-122139.10,25.52,205.25,48
693504,86688,-9167.72,31.11,15.77,48
693504,86688,-5318.94,87.27,14.98,48
693504,86688,-47546.02,34.67,80.87,48
693504,86688,-51231.93,89.36,92.32,48
693504,86688,-132414.83,89.57,228.46,48
693504,86688,-39708.11,88.55,72.88,48
693504,86688,-1633.25,85.82,8.53,48
693504,86688,-72509.93,89.25,127.85,48
693888,86736,-7810.17,90.06,19.60,48
693888,86736,-8880.20,88.73,20.99,48
693888,86736,-87688.12,24.85,147.60,48
693888,86736,-75128.59,89.69,132.35,48
693888,86736,-1919.47,86.79,9.29,48
693888,86736,-5062.79,87.24,14.49,48
693888,86736,-24006.99,88.08,46.24,48
693888,86736,-202533.19,91.34,346.38,48
694272,86784,-2296582536235136.00,30.29,3854166666967.07,48
694272,86784,-66382.63,90.80,117.94,48
694272,86784,-74224.68,88.00,130.67,48
694272,86784,-39316.02,88.04,72.10,48
694272,86784,-92083.87,87.96,160.76,48
694272,86784,-559067.19,29.33,938.79,48
694272,86784,-26137.36,26.58,44.41,48
694272,86784,-1469.76,89.71,8.83,48
694656,86832,-23829.64,89.63,46.34,48
694656,86832,-110216.81,90.92,191.36,48
694656,86832,-47283.52,26.09,79.68,48
694656,86832,-32801.42,27.41,55.61,48
694656,86832,3598.99,88.36,0.31,48
694656,86832,-372418789815550.50,28.30,625000000310.46,48
694656,86832,-16274.24,87.73,33.40,48
694656,86832,-37975.23,85.71,69.38,48
695040,86880,-238029.25,92.23,406.00,48
695040,86880,-194163.73,87.62,331.87,48
695040,86880,-15382.00,87.86,31.96,48
695040,86880,-141740.48,92.34,244.71,48
695040,86880,-58181.45,28.71,98.11,48
695040,86880,-3680.72,26.76,6.68,48
695040,86880,-48350.18,86.49,87.03,48
695040,86880,-931046974254315.88,86.42,1562500000303.53,48
695424,86928,-83342.24,27.89,140.07,48
695424,86928,-97014.69,89.13,169.10,48
695424,86928,-3537978501633002.50,29.92,5937500000236.42,48
695424,86928,-23069.44,88.61,44.84,48
695424,86928,-7448375792816926.00,30.69,12500000000338.46,48
695424,86928,-47460.25,89.41,85.87,48
695424,86928,-24684.46,29.51,42.29,48
695424,86928,-45224.57,30.87,76.65,48
695808,86976,-15875.88,89.56,32.88,48
695808,86976,-54677.61,90.15,98.28,48
695808,86976,-188578.91,30.83,316.78,48
695808,86976,-33324.83,91.85,62.57,48
695808,86976,-61817.51,87.52,110.04,48
695808,86976,-149047.85,88.45,256.30,48
695808,86976,-89717.62,90.84,157.03,48
695808,86976,-161796.61,87.49,277.49,48
696192,87024,-764.78,89.31,7.49,48
696192,87024,-25051.42,34.36,43.30,48
696192,87024,-155128.08,88.06,266.39,48
696192,87024,-17084.82,30.52,28.75,48
696192,87024,-155.08,88.15,6.24,48
696192,87024,-42006.40,88.74,76.72,48
696192,87024,-76147.06,87.77,134.01,48
696192,87024,-223397.43,87.90,380.93,48
696576,87072,-75246.59,34.15,127.10,48
696576,87072,-601383.93,29.86,1009.56,48
696576,87072,-60505.39,88.01,107.45,48
696576,87072,-41.20,28.74,0.88,48
696576,87072,-70307.05,86.76,123.85,48
696576,87072,-138390.40,28.19,232.65,48
696576,87072,2375.46,90.53,2.57,48
696576,87072,-26713.80,26.63,45.18,48
696960,87120,-383898.62,28.98,644.53,48
696960,87120,-63102.51,87.50,111.94,48
696960,87120,-37367.55,90.92,69.34,48
696960,87120,-44395.75,28.04,75.23,48
696960,87120,-40135.01,33.91,68.28,48
696960,87120,-446293.91,87.15,754.95,48
696960,87120,-57386.25,88.26,102.37,48
696960,87120,-3332.41,25.21,5.81,48
697344,87168,-64.40,86.92,6.05,48
697344,87168,-79610.28,86.63,139.57,48
697344,87168,-55752.02,28.94,94.18,48
697344,87168,-175494.77,87.38,300.36,48
697344,87168,-216610.76,28.68,363.68,48
697344,87168,-14197.67,88.07,29.69,48
697344,87168,-5398.57,25.57,9.64,48
697344,87168,19.30,91.88,6.77,48
697728,87216,-83631.76,91.83,146.91,48
697728,87216,-35269.48,90.74,65.79,48
697728,87216,3619.16,86.19,0.05,48
697728,87216,-37390.92,88.67,69.03,48
697728,87216,-8601.27,26.09,15.04,48
697728,87216,-242103.70,89.78,412.66,48
697728,87216,-34398.52,90.31,64.25,48
697728,87216,-178862.88,89.06,306.47,48
698112,87264,-1064.03,87.74,8.01,48
698112,87264,3712.50,88.45,0.00,48
698112,87264,-10718.25,30.69,18.66,48
698112,87264,408.34,30.78,0.00,48
698112,87264,293.49,28.68,0.00,48
698112,87264,-42271.09,88.22,76.94,48
698112,87264,-78997.96,86.89,138.38,48
698112,87264,2611.72,90.87,2.18,48
698496,87312,-138203.25,88.03,238.05,48
698496,87312,-2415.59,29.31,5.09,48
698496,87312,-51337.74,89.41,92.37,48
698496,87312,-46883.98,30.16,79.66,48
698496,87312,-6810.76,88.39,17.63,48
698496,87312,-9652.04,87.57,22.33,48
698496,87312,-10163.41,88.48,23.28,48
698496,87312,-56363.44,26.07,94.98,48
698880,87360,-12815.82,90.25,27.78,48
698880,87360,-55666.42,31.54,94.23,48
698880,87360,-125116.10,28.61,210.14,48
698880,87360,-243806.49,29.07,409.38,48
698880,87360,-12241.31,32.68,21.27,48
698880,87360,-102555.00,86.52,178.17,48
698880,87360,-60030.48,88.86,106.87,48
698880,87360,-2296582536190090.50,24.32,3854166666890.88,48
699264,87408,-59570.68,87.99,106.25,48
699264,87408,-26345.50,86.52,50.01,48
699264,87408,-157583.09,90.44,270.90,48
699264,87408,-91630.50,84.45,159.39,48
699264,87408,-64324.86,88.47,113.93,48
699264,87408,-12519.47,90.13,27.45,48
699264,87408,769.94,86.94,4.74,48
699264,87408,-34336.47,24.74,58.12,48
699648,87456,-14774.57,32.40,25.55,48
699648,87456,-24234.76,88.69,46.83,48
699648,87456,-48619.35,87.18,87.64,48
699648,87456,-52480.16,91.11,94.64,48
699648,87456,-431984.70,86.37,730.89,48
699648,87456,-39783.12,88.57,72.79,48
699648,87456,-147117.35,29.25,247.81,48
699648,87456,-95263.99,89.57,166.29,48
700032,87504,-20176.11,88.43,39.99,48
700032,87504,-43278.43,87.68,78.68,48
700032,87504,-68200.58,87.48,120.54,48
700032,87504,-26710.16,88.65,51.02,48
700032,87504,-1856.28,32.08,3.96,48
700032,87504,-24477.76,88.69,47.25,48
700032,87504,-7468.79,30.18,12.90,48
700032,87504,-2096.87,87.21,9.55,48
700416,87552,-82763.64,27.11,139.34,48
700416,87552,-34341.07,90.77,64.03,48
700416,87552,-59986.68,32.51,101.48,48
700416,87552,-191457.71,89.65,327.53,48
700416,87552,-3014.71,28.28,5.65,48
700416,87552,-32762.24,29.76,55.43,48
700416,87552,-69351.01,88.59,122.72,48
700416,87552,-30808.09,86.66,57.64,48
700800,87600,-63545.60,88.67,113.02,48
700800,87600,-94342.33,28.78,158.51,48
700800,87600,71.01,29.28,0.66,48
700800,87600,-70471.53,28.44,118.81,48
700800,87600,-51715.17,88.18,92.87,48
700800,87600,-5224.24,28.93,9.29,48
700800,87600,-44912.20,87.20,81.43,48
700800,87600,-25910.44,29.06,43.98,48
701184,87648,-6296.56,30.07,11.23,48
701184,87648,213.42,25.76,0.00,48
701184,87648,-27487.95,87.11,52.02,48
701184,87648,-61854.40,88.46,109.88,48
701184,87648,-17710.70,28.05,30.06,48
701184,87648,-33623.33,31.26,57.15,48
701184,87648,1476.00,87.83,3.79,48
701184,87648,-90033.24,92.61,157.81,48
701568,87696,-40517.96,88.17,74.19,48
701568,87696,-150145.28,88.15,257.89,48
701568,87696,-142699.47,88.65,245.71,48
701568,87696,-20140.85,32.53,34.20,48
701568,87696,-7448375792771048.00,88.92,12500000000266.72,48
701568,87696,-7448375792805442.00,90.73,12500000000324.61,48
701568,87696,-33564.93,89.18,62.62,48
701568,87696,3573.80,85.79,0.00,48
701952,87744,-384685.39,90.34,651.85,48
701952,87744,-103.55,28.68,0.90,48
701952,87744,-181152.83,86.62,309.76,48
701952,87744,-10882.22,29.11,19.03,48
701952,87744,-53913.24,88.02,96.51,48
701952,87744,-46837.95,24.03,79.06,48
701952,87744,-42449.39,89.97,77.86,48
701952,87744,-85263.90,89.53,149.41,48
702336,87792,-86707.70,90.00,151.87,48
702336,87792,-124957.04,28.34,210.32,48
702336,87792,-14367.34,87.95,30.27,48
702336,87792,-1489675158653119.50,27.21,2500000000218.67,48
702336,87792,-80087.17,32.60,135.18,48
702336,87792,-159927.75,88.61,274.61,48
702336,87792,-76491.55,88.12,134.28,48
702336,87792,-12227.21,87.63,26.61,48
702720,87840,-2088.43,88.95,9.89,48
702720,87840,-1227.43,30.47,2.70,48
702720,87840,-35272.80,29.60,59.63,48
702720,87840,-7448375792789673.00,85.63,12500000000297.47,48
702720,87840,-15843.58,89.86,33.02,48
702720,87840,-76630.84,91.37,135.10,48
702720,87840,-95145.78,90.42,166.11,48
702720,87840,-17421.80,85.14,35.04,48
703104,87888,-102182.95,87.90,177.50,48
703104,87888,-20463.52,88.00,40.47,48
703104,87888,-30666.46,90.88,57.88,48
703104,87888,-2148.36,90.49,10.12,48
703104,87888,-55608.49,31.67,94.13,48
703104,87888,-110159.15,28.54,185.28,48
703104,87888,-18437.14,88.41,37.28,48
703104,87888,-372418789722757.94,85.77,625000000159.91,48
703488,87936,-177351.90,31.11,298.10,48
703488,87936,-59132.92,87.73,105.32,48
703488,87936,-372418789795562.12,26.65,625000000276.88,48
703488,87936,-7783.43,88.77,19.25,48
703488,87936,-30914.99,87.31,57.99,48
703488,87936,-30442.99,29.28,51.55,48
703488,87936,-38843.14,28.34,65.91,48
703488,87936,3218.91,87.33,0.60,48
703872,87984,-40746.76,87.62,74.25,48
703872,87984,-70702.16,28.90,119.26,48
703872,87984,-156546.44,89.79,268.99,48
703872,87984,-100557.35,88.32,174.93,48
703872,87984,-49928.42,86.50,89.63,48
703872,87984,-59428.75,89.36,105.80,48
703872,87984,-13082.06,88.93,28.30,48
703872,87984,-57821.28,28.85,97.59,48
704256,88032,-182826.08,89.49,312.92,48
704256,88032,1018.66,88.48,4.48,48
704256,88032,-45496.93,87.63,82.46,48
704256,88032,-111582.46,29.50,187.86,48
704256,88032,-2731.35,87.06,10.62,48
704256,88032,-58505.62,31.94,99.17,48
704256,88032,-154147.94,30.92,259.24,48
704256,88032,-195136.67,89.91,333.77,48
704640,88080,-176961.11,28.81,297.69,48
704640,88080,-22161.61,90.63,43.72,48
704640,88080,-54489.23,85.31,97.36,48
704640,88080,-4604.51,89.78,14.11,48
704640,88080,-111141.09,28.73,187.38,48
704640,88080,-958.41,33.27,2.18,48
704640,88080,-121961.68,85.24,210.43,48
704640,88080,-15757.45,87.52,32.64,48
705024,88128,3751.40,89.22,0.00,48
705024,88128,-28208.32,86.56,53.24,48
705024,88128,-37723.67,86.95,69.20,48
705024,88128,-132080.54,87.30,227.64,48
705024,88128,2702.07,86.57,1.45,48
705024,88128,-4102.89,86.63,12.80,48
705024,88128,-193219.08,88.68,330.52,48
705024,88128,-36138.45,86.86,66.30,48
705408,88176,-34888.26,88.08,64.61,48
705408,88176,-15643.60,31.58,26.91,48
705408,88176,-888.30,88.06,7.63,48
705408,88176,-25411.20,86.35,48.55,48
705408,88176,-5832.94,28.42,10.40,48
705408,88176,-614.05,29.48,1.93,48
705408,88176,-45767.85,89.38,82.69,48
705408,88176,-1279.80,31.75,3.00,48
705792,88224,-111425.91,86.46,193.08,48
705792,88224,-2666.38,29.01,5.20,48
705792,88224,2911.83,90.20,1.53,48
705792,88224,-120301.35,86.78,207.70,48
705792,88224,-2749.32,33.67,5.44,48
705792,88224,-98321.85,89.84,171.15,48
705792,88224,-20365.17,91.00,40.71,48
705792,88224,-167574.33,28.84,281.65,48
706176,88272,-17507.16,90.35,35.97,48
706176,88272,-460.36,26.55,1.21,48
706176,88272,-1450.63,89.23,8.83,48
706176,88272,-37638.82,87.98,69.31,48
706176,88272,-65702.42,88.52,116.35,48
706176,88272,-28224.40,87.50,53.36,48
706176,88272,-129129.27,88.71,222.86,48
706176,88272,-16489.88,87.84,33.64,48
706560,88320,-44251.77,88.61,80.53,48
706560,88320,-63839.12,90.29,113.52,48
706560,88320,-931046974255880.00,85.87,1562500000306.15,48
706560,88320,-112436.51,90.99,195.15,48
706560,88320,-151724.06,31.44,255.51,48
706560,88320,-142406.19,89.94,245.33,48
706560,88320,-14480.32,88.81,30.40,48
706560,88320,1954.10,88.61,3.01,48
706944,88368,3155.34,86.71,0.62,48
706944,88368,-144407.37,26.08,242.66,48
706944,88368,-35988.99,86.91,66.35,48
706944,88368,-62946.90,87.82,111.72,48
706944,88368,-90212.84,85.85,157.17,48
706944,88368,-13951.08,31.00,24.01,48
706944,88368,-142075.84,28.39,238.61,48
706944,88368,-229.97,87.72,6.42,48
707328,88416,-372418789799677.62,89.91,625000000289.63,48
707328,88416,-15614.88,23.74,26.52,48
707328,88416,-104223.27,87.73,180.97,48
707328,88416,-372418789793173.12,88.64,625000000278.55,48
707328,88416,-183941.19,90.58,315.14,48
707328,88416,-12434.79,26.25,21.47,48
707328,88416,-98922.11,86.32,171.79,48
707328,88416,-53640.63,88.91,96.23,48
707712,88464,-77573.82,86.18,135.98,48
707712,88464,-47558.58,29.15,80.51,48
707712,88464,-146252.46,89.94,251.90,48
707712,88464,-46522.90,89.21,84.49,48
707712,88464,-112929.03,88.32,195.76,48
707712,88464,-3276.62,88.80,11.81,48
707712,88464,-49423.76,84.94,88.85,48
707712,88464,-138541.41,28.06,232.95,48
708096,88512,-58422.62,85.51,103.97,48
708096,88512,-45123.05,89.18,82.08,48
708096,88512,-15510.73,87.37,31.96,48
708096,88512,-106159.40,90.01,184.35,48
708096,88512,-3280.08,90.80,11.94,48
708096,88512,-71646.75,88.83,126.26,48
708096,88512,-112232.42,28.43,189.06,48
708096,88512,-11128.95,87.55,24.75,48
708480,88560,-4872.36,89.82,14.63,48
708480,88560,-14513.47,30.67,25.13,48
708480,88560,-18081.21,90.51,36.75,48
708480,88560,-62996.47,90.21,112.02,48
708480,88560,-33981.85,89.51,63.27,48
708480,88560,-4697.71,28.14,8.41,48
708480,88560,-234448.65,88.98,399.74,48
708480,88560,-2296582536257774.00,88.88,3854166667010.43,48
708864,88608,-147212.59,32.74,247.73,48
708864,88608,-1541.54,88.78,8.58,48
708864,88608,-29964.20,26.60,50.66,48
708864,88608,-33075.31,85.27,61.23,48
708864,88608,-233993.08,30.16,393.10,48
708864,88608,-64527.15,87.92,114.26,48
708864,88608,-2821.53,84.69,10.30,48
708864,88608,-55912.41,88.49,99.94,48
709248,88656,-175258.89,89.88,300.33,48
709248,88656,2338.06,86.22,1.90,48
709248,88656,-51119.17,30.12,86.43,48
709248,88656,-57875.27,89.58,103.27,48
709248,88656,-29771.24,32.98,50.41,48
709248,88656,-5145.39,29.44,8.95,48
709248,88656,3854.27,88.40,0.00,48
709248,88656,-19700.07,86.35,39.17,48
709632,88704,-8566.98,25.84,14.83,48
709632,88704,-63631.71,28.20,106.45,48
709632,88704,-374607.98,21.74,629.11,48
709632,88704,-30370.35,90.01,57.27,48
709632,88704,326.19,27.50,0.00,48
709632,88704,-34884.80,84.97,64.38,48
709632,88704,-15062.88,87.61,31.33,48
709632,88704,-11700.31,90.95,26.13,48
710016,88752,-30494.13,89.89,57.48,48
710016,88752,-55752.64,27.87,94.22,48
710016,88752,-533149.02,88.22,900.75,48
710016,88752,-27514.75,89.28,52.63,48
710016,88752,-5723.25,24.71,9.56,48
710016,88752,-317.48,90.60,7.00,48
710016,88752,-100546.70,91.56,175.29,48
710016,88752,-66538.41,87.00,117.66,48
710400,88800,-82110.96,31.35,138.46,48
710400,88800,-34541.42,25.92,58.35,48
710400,88800,2232.31,88.35,2.65,48
710400,88800,-115941.43,86.92,200.55,48
710400,88800,-167636.04,33.77,282.50,48
710400,88800,-57680.32,89.89,102.92,48
710400,88800,-63024.92,31.19,106.34,48
710400,88800,-79959.35,87.13,140.18,48
710784,88848,-20652.43,28.33,34.99,48
710784,88848,-13771.17,88.25,29.11,48
710784,88848,-95738.60,31.48,161.54,48
710784,88848,-160293.38,29.64,269.45,48
710784,88848,-3081.05,24.71,5.89,48
710784,88848,-4677.66,85.21,13.82,48
710784,88848,-1632.70,87.13,8.48,48
710784,88848,-26895.27,86.76,50.84,48
711168,88896,-45866.42,87.93,83.01,48
711168,88896,-423134.18,29.33,710.75,48
711168,88896,-15533.54,25.45,26.70,48
711168,88896,-69997.68,89.04,123.64,48
711168,88896,-36078.56,30.45,61.48,48
711168,88896,-7367.07,86.59,18.28,48
711168,88896,-224153.33,88.49,382.11,48
711168,88896,3621.92,88.50,0.00,48
711552,88944,323.89,30.62,0.00,48
711552,88944,-71357.86,29.06,120.38,48
711552,88944,-2926.47,86.61,11.06,48
711552,88944,-42856.94,26.28,72.35,48
711552,88944,-15574.54,89.29,32.34,48
711552,88944,-54817.77,90.02,98.38,48
711552,88944,196.99,87.54,5.65,48
711552,88944,-551824.28,90.23,932.48,48
711936,88992,-123358.71,86.07,212.92,48
711936,88992,-46617.19,33.29,79.12,48
711936,88992,2705.29,84.56,1.17,48
711936,88992,-119209.29,33.55,201.11,48
711936,88992,-12237.27,86.46,26.54,48
711936,88992,-165331.48,86.66,283.32,48
711936,88992,-133024.43,88.08,229.46,48
711936,88992,-245445.20,89.04,418.24,48
712320,89040,2158.22,87.68,2.65,48
712320,89040,-48757.52,89.19,88.01,48
712320,89040,-12082.90,27.09,20.87,48
712320,89040,-22364.40,89.78,43.74,48
712320,89040,-91616.16,88.68,159.97,48
712320,89040,-40641.31,91.41,74.69,48
712320,89040,-61009.64,90.39,108.87,48
712320,89040,-168490.98,89.69,288.93,48
712704,89088,-35025.06,89.59,65.13,48
712704,89088,-27445.00,86.86,52.02,48
712704,89088,1865.53,91.01,3.37,48
712704,89088,828.23,87.44,4.76,48
712704,89088,-94458.13,88.09,164.60,48
712704,89088,-763901.92,90.23,1288.37,48
712704,89088,-65273.14,26.83,110.12,48
712704,89088,-1600.88,30.18,3.50,48
713088,89136,-159349.92,29.38,268.22,48
713088,89136,-42472.57,85.11,77.05,48
713088,89136,-74812.81,24.51,126.08,48
713088,89136,-82313.28,89.73,144.37,48
713088,89136,-3223.40,25.19,5.59,48
713088,89136,-59107.72,88.30,105.29,48
713088,89136,-3537978501651328.00,89.81,5937500000272.80,48
713088,89136,-60738.37,32.78,102.71,48
713472,89184,-72579.62,86.64,127.71,48
713472,89184,-224536.37,90.15,383.05,48
713472,89184,-65166.08,29.55,109.84,48
713472,89184,-82030.71,90.78,144.06,48
713472,89184,-139303.09,87.84,239.96,48
713472,89184,2937.53,87.26,1.01,48
713472,89184,-8689.63,88.54,20.74,48
713472,89184,-525185.34,86.85,887.21,48
713856,89232,-39008.36,33.02,66.26,48
713856,89232,-34344.92,88.61,64.02,48
713856,89232,-48446.00,85.01,86.90,48
713856,89232,-200875.34,88.43,343.17,48
713856,89232,-94464.94,90.84,165.12,48
713856,89232,-6739.81,26.46,12.11,48
713856,89232,-94842.20,92.61,165.95,48
713856,89232,-22163.62,89.98,43.40,48
714240,89280,2456.76,90.33,2.18,48
714240,89280,-27323.27,28.88,46.31,48
714240,89280,-25971.15,87.75,49.67,48
714240,89280,-502220.28,86.97,848.78,48
714240,89280,-63664.76,28.77,107.23,48
714240,89280,667.61,86.33,4.83,48
714240,89280,-42322.98,85.50,76.79,48
714240,89280,-644850.94,88.34,1088.30,48
714624,89328,-7448375792779814.00,90.68,12500000000281.75,48
714624,89328,-4484.82,86.70,13.55,48
714624,89328,-114700.67,32.83,193.09,48
714624,89328,-201828.67,36.42,340.08,48
714624,89328,-1590.69,28.03,3.12,48
714624,89328,-25156.85,86.49,48.19,48
714624,89328,-149517.34,90.47,257.35,48
714624,89328,-39795.93,89.84,73.23,48
715008,89376,-131388.53,90.96,226.94,48
715008,89376,3622.34,87.88,0.00,48
715008,89376,-15930.61,92.39,33.47,48
715008,89376,-10198.32,88.04,23.29,48
715008,89376,-83437.28,87.60,146.08,48
715008,89376,-99027.70,29.99,166.86,48
715008,89376,-135706.91,29.83,228.46,48
715008,89376,-10484.50,89.58,24.10,48
715392,89424,-31425.81,30.50,53.41,48
715392,89424,-569390.02,28.33,956.03,48
715392,89424,-211216.06,33.67,355.46,48
715392,89424,-612572.45,87.13,1033.81,48
715392,89424,-372418789798447.00,25.79,625000000281.95,48
715392,89424,-29921.89,89.07,56.53,48
715392,89424,-7880.48,89.79,19.38,48
715392,89424,-42575.47,27.37,72.12,48
715776,89472,-34944.26,88.89,64.58,48
715776,89472,-15131.51,28.21,25.57,48
715776,89472,-50731.22,87.67,91.17,48
715776,89472,-2296582536236312.50,86.47,3854166666974.17,48
715776,89472,-43937.53,85.74,79.61,48
715776,89472,-29144.17,88.54,54.95,48
715776,89472,-195187.41,89.21,333.82,48
715776,89472,-194560.34,87.60,332.64,48
716160,89520,-2308.06,28.78,4.45,48
716160,89520,-166881.06,90.52,286.47,48
716160,89520,-45861.08,89.08,83.01,48
716160,89520,-10564.68,31.52,18.72,48
716160,89520,-35756.05,89.15,66.21,48
716160,89520,-28236.14,29.27,48.01,48
716160,89520,-133123.73,30.18,224.22,48
716160,89520,-213775.00,88.43,364.80,48
716544,89568,-42525.29,30.18,72.24,48
716544,89568,-313.11,25.43,1.24,48
716544,89568,-64881.68,89.04,115.15,48
716544,89568,-5771.21,28.58,10.40,48
716544,89568,-138219.27,87.42,238.01,48
716544,89568,-13086.12,88.53,28.14,48
716544,89568,-519609.00,87.80,878.03,48
716544,89568,-17282.82,31.70,29.58,48
716928,89616,120.27,22.75,0.00,48
716928,89616,-547005.58,31.22,918.91,48
716928,89616,-2342.10,86.99,9.78,48
716928,89616,-5681.85,87.79,15.56,48
716928,89616,-146735.47,31.47,246.83,48
716928,89616,-56011.40,87.54,99.81,48
716928,89616,-69024.98,86.21,121.35,48
716928,89616,-29498.22,32.79,50.43,48
717312,89664,-87439.30,90.23,153.13,48
717312,89664,-66807.63,88.21,118.15,48
717312,89664,-290095.71,86.71,492.74,48
717312,89664,-69260.48,89.04,122.51,48
717312,89664,-1483.36,25.83,3.41,48
717312,89664,-56659.36,28.52,95.30,48
717312,89664,-15713.44,28.09,26.44,48
717312,89664,-91888.61,29.90,154.38,48
717696,89712,-1489675158669147.00,87.63,2500000000251.07,48
717696,89712,-65932.66,91.45,117.20,48
717696,89712,-6333.00,29.44,11.45,48
717696,89712,-564000.89,26.97,946.31,48
717696,89712,-175613.91,88.16,300.68,48
717696,89712,2569.71,84.30,1.24,48
717696,89712,-15937.71,26.49,27.16,48
717696,89712,-15613.93,28.47,26.87,48
718080,89760,-24545.92,90.86,47.76,48
718080,89760,-76847.65,88.74,135.10,48
718080,89760,-217431.70,87.47,370.81,48
718080,89760,-14431.22,90.71,30.70,48
718080,89760,-39488.65,88.65,72.54,48
718080,89760,3652.54,86.47,0.00,48
718080,89760,-10882.96,23.98,18.19,48
718080,89760,-132552.08,88.29,228.69,48
718464,89808,-2743.96,87.54,10.67,48
718464,89808,-8025.91,85.43,19.33,48
718464,89808,-20885.80,90.27,41.53,48
718464,89808,-56687.47,85.00,100.61,48
718464,89808,-85907.49,88.81,150.40,48
718464,89808,-608967.19,28.93,1022.45,48
718464,89808,-102888.41,88.40,179.04,48
718464,89808,-38760.88,25.90,65.43,48
718848,89856,-57909.33,88.80,103.39,48
718848,89856,-31197.02,89.12,58.55,48
718848,89856,-39075.55,90.14,72.02,48
718848,89856,-479490.85,89.88,811.10,48
718848,89856,-22450.96,89.33,43.93,48
718848,89856,-133602.47,30.62,225.39,48
718848,89856,-32448.33,28.61,55.15,48
718848,89856,-41596.15,26.00,70.45,48
719232,89904,-176590.61,28.69,296.71,48
719232,89904,-433010.87,87.76,732.60,48
719232,89904,-109318.11,28.68,183.73,48
719232,89904,-5144.15,31.38,9.22,48
719232,89904,-2296582536252591.00,88.64,3854166667001.92,48
719232,89904,-48767.18,30.52,82.89,48
719232,89904,-74376.37,86.31,130.72,48
719232,89904,-185485.13,89.73,317.49,48
719616,89952,-92161.70,32.76,155.40,48
719616,89952,-62947.16,92.06,112.17,48
719616,89952,-26939.47,88.43,51.29,48
719616,89952,-190802.15,30.31,320.57,48
719616,89952,-6518.31,88.70,17.07,48
719616,89952,-94069.95,91.57,164.50,48
719616,89952,-176243.99,87.26,301.53,48
719616,89952,-482.77,86.59,6.74,48
720000,90000,-9354.37,84.19,21.57,48
720000,90000,-5533.97,87.50,15.21,48
720000,90000,136.23,32.70,0.62,48
720000,90000,-32640.55,31.65,55.81,48
720000,90000,-91728.45,91.95,160.52,48
720000,90000,-63162.55,88.51,111.99,48
720000,90000,-96639.39,30.61,163.20,48
720000,90000,-744.81,24.27,1.86,48
720384,90048,-55124.85,88.11,98.46,48
720384,90048,-31729.45,85.49,58.74,48
720384,90048,-769.75,84.86,7.26,48
720384,90048,-79585.82,88.61,139.82,48
720384,90048,-257687.65,92.06,439.04,48
720384,90048,-163934.98,90.38,281.35,48
720384,90048,-22534.76,29.54,38.37,48
720384,90048,-35018.87,87.56,64.79,48
720768,90096,-19036.96,28.91,32.66,48
720768,90096,-5025.47,90.05,14.87,48
720768,90096,-58388.03,89.34,104.20,48
720768,90096,-34195.34,86.45,63.21,48
720768,90096,-125611.28,88.71,216.97,48
720768,90096,-14847.62,32.00,25.88,48
720768,90096,-2565.21,87.10,10.27,48
720768,90096,-57000.34,91.12,102.31,48
721152,90144,-156014.19,30.09,262.35,48
721152,90144,-174322.10,28.23,293.38,48
721152,90144,-4160.39,88.44,12.98,48
721152,90144,-3530.25,87.42,12.09,48
721152,90144,-370871.87,87.63,628.48,48
721152,90144,-102010.16,89.00,177.38,48
721152,90144,3756.42,88.68,0.10,48
721152,90144,-177448.37,87.85,303.92,48
721536,90192,-1489675158657689.00,89.84,2500000000232.14,48
721536,90192,9.27,88.16,6.26,48
721536,90192,-27143.21,23.38,45.90,48
721536,90192,-23932.19,29.10,40.89,48
721536,90192,-124437.69,88.44,215.09,48
721536,90192,-82977.50,29.83,139.72,48
721536,90192,-123433.47,28.54,207.55,48
721536,90192,-32339.79,27.01,54.90,48
721920,90240,-229719.75,88.79,391.68,48
721920,90240,-398593.03,23.40,669.14,48
721920,90240,-4199.22,31.42,8.02,48
721920,90240,-47850.12,26.97,80.61,48
721920,90240,-57416.34,25.83,96.75,48
721920,90240,-177692.78,89.82,304.56,48
721920,90240,-120168.27,90.82,208.21,48
721920,90240,-149741.36,86.45,257.30,48
722304,90288,-40013.33,26.74,67.38,48
722304,90288,-39869.10,91.37,73.59,48
722304,90288,-130189.20,87.48,224.54,48
722304,90288,-75847.50,27.39,127.91,48
722304,90288,-1364.99,89.37,8.53,48
722304,90288,-18406.21,88.56,37.07,48
722304,90288,-12089.72,25.91,20.51,48
722304,90288,1044.59,86.24,4.22,48
722688,90336,-39121.82,31.23,66.44,48
722688,90336,-123382.40,87.83,213.08,48
722688,90336,-10863.83,32.27,19.05,48
722688,90336,-40460.35,26.07,68.38,48
722688,90336,-17369.30,90.53,35.71,48
722688,90336,-34650.81,89.00,64.43,48
722688,90336,-3537978501689872.00,32.14,5937500000331.98,48
722688,90336,-67995.72,86.14,120.01,48
723072,90384,-62581.78,30.78,105.52,48
723072,90384,-8608.60,85.37,20.19,48
723072,90384,-73110.71,30.42,123.15,48
723072,90384,1581.33,91.88,4.01,48
723072,90384,-43508.83,86.31,78.68,48
723072,90384,-86956.55,31.44,146.91,48
723072,90384,-4214.05,25.32,7.68,48
723072,90384,-50423.30,29.33,85.45,48
723456,90432,-17735.83,29.54,30.49,48
723456,90432,-810.22,86.25,7.31,48
723456,90432,-440486.00,85.10,744.93,48
723456,90432,-24283.10,89.37,47.12,48
723456,90432,-4020.19,89.49,13.09,48
723456,90432,-44821.92,84.91,80.84,48
723456,90432,-31535.95,90.67,59.39,48
723456,90432,-5481.67,87.57,15.26,48
723840,90480,-9341.19,31.35,16.31,48
723840,90480,-161564.97,87.77,277.13,48
723840,90480,-55982.90,91.64,100.51,48
723840,90480,-6293.43,26.97,11.05,48
723840,90480,-138032.71,87.35,237.71,48
723840,90480,-11670.35,31.37,20.44,48
723840,90480,-43154.88,89.81,78.55,48
723840,90480,-58764.79,85.36,104.28,48
724224,90528,-76256.35,87.02,133.97,48
724224,90528,-26679.01,86.31,50.57,48
724224,90528,309.15,26.12,0.00,48
724224,90528,-13108.05,28.03,22.73,48
724224,90528,-16330.45,88.57,33.50,48
724224,90528,-21501.29,86.43,41.89,48
724224,90528,-104562.62,30.10,176.47,48
724224,90528,3506.93,85.81,0.00,48
724608,90576,-1825.51,89.54,9.47,48
724608,90576,1654.93,88.68,3.41,48
724608,90576,-11452.68,29.65,19.70,48
724608,90576,-85712.60,89.73,150.22,48
724608,90576,-12181.87,29.14,21.04,48
724608,90576,-115928.92,28.50,194.97,48
724608,90576,-52257.64,86.19,93.71,48
724608,90576,-24167.63,89.96,46.78,48
724992,90624,-84319.82,91.09,148.04,48
724992,90624,-89126.27,89.49,155.93,48
724992,90624,-7888.98,91.59,19.99,48
724992,90624,-31641.96,31.45,54.23,48
724992,90624,-66007.60,90.80,117.32,48
724992,90624,-136262.04,88.58,234.93,48
724992,90624,-5818.64,26.49,10.58,48
724992,90624,-31419.97,33.69,53.67,48
725376,90672,-16527.35,88.61,33.79,48
725376,90672,-83727.01,87.80,146.42,48
725376,90672,-11223.95,85.46,24.47,48
725376,90672,-18257.13,87.31,36.71,48
725376,90672,-15054.55,31.92,25.82,48
725376,90672,-83435.35,23.98,140.19,48
725376,90672,389.33,26.79,0.00,48
725376,90672,-8775.64,30.46,15.67,48
725760,90720,-111471.08,32.06,187.85,48
725760,90720,-60936.01,29.39,102.70,48
725760,90720,-656.34,85.50,6.88,48
725760,90720,-147845.94,87.79,254.25,48
725760,90720,-4281.40,88.55,13.46,48
725760,90720,-1489675158684356.00,90.98,2500000000277.11,48
725760,90720,-40309.39,88.80,73.66,48
725760,90720,3411.59,90.52,0.88,48
726144,90768,-68490.89,89.35,121.29,48
726144,90768,-76579.34,33.45,129.03,48
726144,90768,-106154.38,89.11,184.37,48
726144,90768,-56637.47,26.34,95.64,48
726144,90768,-13300.52,26.24,22.72,48
726144,90768,-4410.72,86.83,13.56,48
726144,90768,-124312.07,29.30,209.17,48
726144,90768,-123224.70,86.64,212.53,48
726528,90816,-92896.16,91.18,162.26,48
726528,90816,-31784.80,87.89,59.60,48
726528,90816,-161528.26,34.00,272.17,48
726528,90816,-31198.10,87.64,58.42,48
726528,90816,-43659.74,28.05,73.82,48
726528,90816,-69649.71,91.39,123.44,48
726528,90816,1382.46,86.31,3.85,48
726528,90816,1289.88,89.60,4.13,48
726912,90864,-27566.39,89.59,52.41,48
726912,90864,-69580.91,29.96,117.33,48
726912,90864,3248.65,87.01,0.42,48
726912,90864,-49482.16,87.65,89.12,48
726912,90864,-39767.08,32.26,67.30,48
726912,90864,-14377.31,27.38,24.66,48
726912,90864,-449859.80,90.15,761.25,48
726912,90864,-2245.12,85.57,9.46,48
727296,90912,-1830.99,88.55,9.18,48
727296,90912,-18659.83,86.01,37.38,48
727296,90912,-41775.13,26.81,70.39,48
727296,90912,-177285.54,31.36,298.68,48
727296,90912,-63714.82,88.39,112.82,48
727296,90912,-31454.87,87.22,58.69,48
727296,90912,-86837.83,87.97,151.69,48
727296,90912,-64580.01,26.89,108.99,48
727680,90960,-150923.93,87.67,259.33,48
727680,90960,-42132.15,85.14,76.63,48
727680,90960,-5443.88,90.51,15.52,48
727680,90960,-629.07,87.77,7.21,48
727680,90960,-8214.75,88.76,19.91,48
727680,90960,-136596.80,27.49,229.75,48
727680,90960,-166772.13,29.26,280.03,48
727680,90960,3848.84,90.04,0.00,48
728064,91008,-108750.35,28.32,183.12,48
728064,91008,-76037.55,89.28,133.86,48
728064,91008,-43009.56,29.80,72.83,48
728064,91008,2553.38,86.19,1.71,48
728064,91008,-12018.75,30.46,20.74,48
728064,91008,-52406.83,86.35,93.76,48
728064,91008,-290378.07,88.18,493.35,48
728064,91008,-1856.94,87.03,8.97,48
728448,91056,-83836.11,89.92,146.95,48
728448,91056,-39624.30,87.49,72.69,48
728448,91056,-11657.54,90.32,25.98,48
728448,91056,854.06,89.87,4.92,48
728448,91056,-93347.53,88.25,162.80,48
728448,91056,-11252.78,89.70,25.32,48
728448,91056,-16430.00,91.59,34.21,48
728448,91056,2841.61,91.00,1.94,48
728832,91104,-13549.24,32.98,23.42,48
728832,91104,1364.72,89.78,4.22,48
728832,91104,-255261.68,34.80,429.56,48
728832,91104,-32381.95,88.71,60.53,48
728832,91104,-47942.90,27.79,80.96,48
728832,91104,2394.14,85.31,1.85,48
728832,91104,-30162.09,31.80,51.21,48
728832,91104,2188.39,85.59,2.18,48
729216,91152,-40217.98,89.02,73.43,48
729216,91152,0.06,26.22,0.72,48
729216,91152,-79979.25,30.25,134.78,48
729216,91152,-263908.58,86.53,448.86,48
729216,91152,-15177.82,87.28,31.21,48
729216,91152,-31755.18,34.69,54.17,48
729216,91152,-190167.23,88.98,325.41,48
729216,91152,-19174.96,89.86,38.42,48
729600,91200,-52573.11,88.00,94.25,48
729600,91200,281.16,89.11,5.65,48
729600,91200,-47755.29,28.51,80.72,48
729600,91200,-8664.14,86.82,20.54,48
729600,91200,-27553.91,89.50,52.50,48
729600,91200,-141344.37,88.93,243.45,48
729600,91200,-140032.94,86.52,241.08,48
729600,91200,1150.30,88.23,4.19,48
729984,91248,-34028.86,87.90,63.03,48
729984,91248,-3275.86,27.14,5.91,48
729984,91248,-124676.08,89.13,215.33,48
729984,91248,-9669.90,27.99,16.64,48
729984,91248,-110182.63,90.34,191.35,48
729984,91248,-39933.78,30.85,67.51,48
729984,91248,-17046.19,85.99,34.29,48
729984,91248,-111939.26,88.82,194.15,48
730368,91296,-48888.91,89.75,88.32,48
730368,91296,-190265.06,35.08,320.56,48
730368,91296,-29590.15,28.41,50.26,48
730368,91296,-97995.41,86.85,170.36,48
730368,91296,-229767.87,86.67,391.38,48
730368,91296,-13859.82,90.29,29.65,48
730368,91296,3112.10,86.09,0.54,48
730368,91296,3531.68,85.94,0.00,48
730752,91344,-3649.20,88.42,12.14,48
730752,91344,-19516.94,86.08,38.60,48
730752,91344,-95497.37,86.12,166.41,48
730752,91344,-39355.38,33.20,66.84,48
730752,91344,-113215.92,84.97,195.55,48
730752,91344,-423616.37,89.94,717.33,48
730752,91344,-18953.59,88.22,37.98,48
730752,91344,-230396.48,90.61,393.19,48
731136,91392,-165908.68,28.98,278.83,48
731136,91392,-6682.70,33.01,11.95,48
731136,91392,-10241.74,89.76,23.40,48
731136,91392,-60125.58,85.78,106.75,48
731136,91392,-5847.35,90.34,16.33,48
731136,91392,-50587.50,30.66,85.49,48
731136,91392,-453.72,89.05,7.16,48
731136,91392,-5749.51,89.96,16.01,48
731520,91440,-58538.06,89.27,104.49,48
731520,91440,1526.96,87.77,3.50,48
731520,91440,-39726.92,81.57,72.06,48
731520,91440,-497915.35,87.47,841.57,48
731520,91440,3808.05,88.90,0.02,48
731520,91440,-5199.72,26.33,9.23,48
731520,91440,-100273.95,89.88,174.61,48
731520,91440,-171563.70,89.64,294.20,48
731904,91488,-14418.11,89.30,30.43,48
731904,91488,-142973.05,86.22,245.34,48
731904,91488,2699.24,89.04,1.83,48
731904,91488,-142232.50,33.36,239.40,48
731904,91488,-170467.14,89.47,292.42,48
731904,91488,-40.66,28.29,0.88,48
731904,91488,-558817.02,27.41,938.15,48
731904,91488,-84520.71,30.08,142.42,48
732288,91536,-107610.90,87.39,186.40,48
732288,91536,-27169.17,91.04,52.13,48
732288,91536,-157534.85,85.21,269.95,48
732288,91536,-87425.51,88.41,152.77,48
732288,91536,330.80,87.53,5.51,48
732288,91536,-87100.54,90.95,152.74,48
732288,91536,-14669.68,87.55,30.45,48
732288,91536,-9203.15,87.56,21.52,48
732672,91584,-56447.80,89.90,101.22,48
732672,91584,-145736.70,87.50,250.93,48
732672,91584,-6349.63,88.92,16.99,48
732672,91584,-144858.68,89.18,249.23,48
732672,91584,-51279.47,28.59,86.58,48
732672,91584,-17833.40,26.45,30.65,48
732672,91584,-120188.93,28.86,202.43,48
732672,91584,-40416.70,90.33,74.24,48
733056,91632,-22528.49,85.77,43.71,48
733056,91632,-45229.56,88.36,82.01,48
733056,91632,-37277.55,27.67,63.02,48
733056,91632,-42606.96,87.42,77.66,48
733056,91632,-161260.27,88.90,276.93,48
733056,91632,-2296582536138093.00,83.20,3854166666808.96,48
733056,91632,-41669.59,89.00,76.24,48
733056,91632,-7585.58,89.10,19.08,48
733440,91680,-7124.88,26.65,12.59,48
733440,91680,-633222.86,30.20,1063.08,48
733440,91680,-5071.02,87.19,14.47,48
733440,91680,2378.50,85.72,1.83,48
733440,91680,-168440.59,90.64,289.06,48
733440,91680,-14402.08,86.92,30.02,48
733440,91680,-107563.48,90.27,186.79,48
733440,91680,-48978.26,90.93,88.80,48
733824,91728,-181650.15,89.83,311.37,48
733824,91728,-24948.96,88.00,47.99,48
733824,91728,-148861.26,27.75,250.34,48
733824,91728,-21103.07,88.86,41.71,48
733824,91728,-931046974239630.00,88.00,1562500000278.95,48
733824,91728,-101003.78,87.79,175.61,48
733824,91728,-241817.08,31.37,406.59,48
733824,91728,-372418789793561.19,90.78,625000000279.57,48
734208,91776,-68306.20,26.84,115.28,48
734208,91776,-76164.65,29.78,128.45,48
734208,91776,-52486.79,87.77,94.15,48
734208,91776,-122530.56,28.71,205.76,48
734208,91776,-8287.16,89.32,20.21,48
734208,91776,-23722.51,87.47,45.92,48
734208,91776,-2364.15,87.41,10.16,48
734208,91776,-3496.12,86.57,11.93,48
734592,91824,-1853.63,86.20,9.27,48
734592,91824,406.79,87.20,5.11,48
734592,91824,-85369.59,88.29,149.39,48
734592,91824,-104406.94,88.78,181.52,48
734592,91824,-2296582536156728.50,88.03,3854166666840.74,48
734592,91824,-34466.96,91.57,64.54,48
734592,91824,3784.39,89.11,0.05,48
734592,91824,-132931.66,30.98,223.50,48
734976,91872,-171731.90,87.10,294.12,48
734976,91872,2922.71,86.66,1.02,48
734976,91872,-68614.79,86.23,121.08,48
734976,91872,-15294.65,84.42,31.51,48
734976,91872,-64132.98,26.24,108.14,48
734976,91872,-20213.44,85.66,39.71,48
734976,91872,-148741.23,88.43,255.61,48
734976,91872,-141355.38,86.43,243.07,48
735360,91920,-169235.09,88.72,290.26,48
735360,91920,-23539.47,89.99,46.08,48
735360,91920,-1561.07,89.19,8.78,48
735360,91920,266.51,26.37,0.00,48
735360,91920,-113735.00,33.80,191.89,48
735360,91920,-58339.99,88.54,104.05,48
735360,91920,-159355.85,88.03,273.39,48
735360,91920,-15804.84,90.03,32.92,48
735744,91968,-144323.68,28.30,242.85,48
735744,91968,-76311.16,29.37,128.03,48
735744,91968,-1489675158748641.00,27.03,2500000000378.72,48
735744,91968,-2707.41,87.73,10.77,48
735744,91968,-149807.68,87.58,257.31,48
735744,91968,-35670.24,32.10,60.87,48
735744,91968,-1489675158681434.75,88.19,2500000000271.96,48
735744,91968,-9180.19,90.08,21.63,48
736128,92016,-148574.28,89.21,255.70,48
736128,92016,-149272.54,30.45,251.15,48
736128,92016,-34327.81,89.14,63.88,48
736128,92016,-12945.62,26.45,22.46,48
736128,92016,-401731.03,90.45,680.62,48
736128,92016,-648992.18,88.86,1095.31,48
736128,92016,-27777.69,32.33,47.77,48
736128,92016,-22040.37,88.01,43.00,48
736512,92064,-48710.07,90.49,88.19,48
736512,92064,-95092.70,89.28,165.74,48
736512,92064,-56889.84,88.73,101.72,48
736512,92064,1907.28,90.56,3.54,48
736512,92064,-47855.28,91.11,86.89,48
736512,92064,-52728.97,89.57,94.86,48
736512,92064,-4368.20,88.04,13.44,48
736512,92064,-50852.56,86.87,91.27,48
736896,92112,-45743.74,88.13,82.92,48
736896,92112,-21432.41,27.59,36.62,48
736896,92112,-93445.52,89.80,163.23,48
736896,92112,-13145.81,86.74,27.94,48
736896,92112,-203250.08,92.98,348.05,48
736896,92112,2409.95,89.81,2.30,48
736896,92112,-64017.19,27.09,107.82,48
736896,92112,20.93,87.88,6.07,48
737280,92160,-22069.60,88.75,43.21,48
737280,92160,-36834.98,88.89,67.91,48
737280,92160,-12255.42,88.94,26.83,48
737280,92160,-32057.78,86.81,59.91,48
737280,92160,-22833.85,24.55,38.82,48
737280,92160,-79386.67,30.06,133.50,48
737280,92160,-2419.75,86.29,9.93,48
737280,92160,-70468.04,88.20,124.48,48
737664,92208,-41353.96,27.38,69.97,48
737664,92208,-618429.74,88.69,1043.88,48
737664,92208,-988.48,87.40,7.55,48
737664,92208,-15459.39,88.18,32.06,48
737664,92208,-43771.06,86.14,79.50,48
737664,92208,-53608.43,89.67,96.35,48
737664,92208,3543.82,88.22,0.32,48
737664,92208,-194917.88,91.33,333.65,48
738048,92256,-60039.39,89.33,106.98,48
738048,92256,-12570.61,26.04,21.29,48
738048,92256,-409502.97,88.08,693.39,48
738048,92256,-14374.84,31.00,24.71,48
738048,92256,-234585.15,86.79,399.63,48
738048,92256,-23733.86,89.04,45.97,48
738048,92256,-12352.13,90.64,26.95,48
738048,92256,-79110.96,34.05,133.69,48
738432,92304,-22589.83,28.19,37.96,48
738432,92304,-212109.44,87.57,361.74,48
738432,92304,-225729.28,89.12,385.05,48
738432,92304,-192202.70,90.65,328.96,48
738432,92304,-43372.77,26.70,73.27,48
738432,92304,-2959.06,87.63,11.05,48
738432,92304,-156422.31,29.14,263.13,48
738432,92304,-18359.22,88.78,36.97,48
738816,92352,-51396.86,89.23,92.49,48
738816,92352,-7609.52,84.22,18.30,48
738816,92352,-117567.71,89.95,203.63,48
738816,92352,-3537978501608405.00,89.87,5937500000200.76,48
738816,92352,-5509.92,26.07,9.71,48
738816,92352,-33669.69,86.60,62.49,48
738816,92352,-36183.57,31.39,61.19,48
738816,92352,-47295.91,89.88,85.78,48
739200,92400,-2616.03,88.09,10.54,48
739200,92400,-212080.43,29.76,356.55,48
739200,92400,-14422.22,85.47,30.00,48
739200,92400,-75903.66,86.08,133.10,48
739200,92400,-102659.92,28.44,172.85,48
739200,92400,-15715.45,28.81,26.89,48
739200,92400,-68316.66,90.46,121.13,48
739200,92400,-66373.17,22.42,111.64,48
739584,92448,-65387.45,88.38,115.93,48
739584,92448,-38999.94,89.39,71.72,48
739584,92448,-17721.77,86.04,35.47,48
739584,92448,-20795.08,24.92,35.18,48
739584,92448,-54067.06,87.08,96.76,48
739584,92448,-136653.79,28.72,230.22,48
739584,92448,-33986.49,91.07,63.55,48
739584,92448,-92042.22,89.82,160.85,48
739968,92496,-53995.64,84.19,96.16,48
739968,92496,-45810.83,91.67,83.68,48
739968,92496,-931046974199433.88,28.02,1562500000206.08,48
739968,92496,-1489675158723048.25,32.75,2500000000336.47,48
739968,92496,1727.04,88.32,3.42,48
739968,92496,-23771.27,87.14,46.01,48
739968,92496,-69677.31,28.74,117.73,48
739968,92496,-164617.86,28.79,276.72,48
740352,92544,-969.92,89.00,7.89,48
740352,92544,-200394.28,88.63,342.40,48
740352,92544,774.38,88.61,4.87,48
740352,92544,3665.28,88.08,0.00,48
740352,92544,-19198.21,28.24,32.78,48
740352,92544,-72615.83,29.77,122.61,48
740352,92544,-27789.23,89.51,53.00,48
740352,92544,3167.07,89.46,0.94,48
740736,92592,-26041.56,93.47,50.51,48
740736,92592,-64866.34,29.13,109.25,48
740736,92592,-117005.13,89.70,202.74,48
740736,92592,-245658.08,90.85,418.74,48
740736,92592,-115031.89,89.24,199.10,48
740736,92592,-5320.25,89.57,14.94,48
740736,92592,-51195.87,89.95,92.33,48
740736,92592,-183478.99,31.83,308.64,48
741120,92640,-20386.76,88.58,40.19,48
741120,92640,-28100.34,29.57,47.59,48
741120,92640,-156669.35,25.44,263.52,48
741120,92640,-4287.11,24.97,7.53,48
741120,92640,-42083.78,90.70,76.97,48
741120,92640,-66448.45,27.11,111.62,48
741120,92640,-4751.24,88.13,14.18,48
741120,92640,-46596.31,30.51,79.06,48
741504,92688,-82492.93,27.69,138.88,48
741504,92688,-526693.20,87.31,889.80,48
741504,92688,-13403.96,84.84,28.15,48
741504,92688,-162686.46,29.28,273.41,48
741504,92688,-44734.42,90.39,81.31,48
741504,92688,-6167.72,29.84,11.11,48
741504,92688,-54224.10,28.77,91.48,48
741504,92688,-9094.23,89.93,21.52,48
741888,92736,-198139.70,89.27,338.74,48
741888,92736,-227950.11,90.70,388.95,48
741888,92736,-100050.75,88.53,173.79,48
741888,92736,-103947.90,85.24,180.36,48
741888,92736,-101541.26,88.90,176.54,48
741888,92736,-45128.48,29.86,76.43,48
741888,92736,-6553.40,86.23,16.92,48
741888,92736,-64758.37,87.59,114.63,48
742272,92784,134.31,85.58,5.51,48
742272,92784,-107625.51,33.96,181.50,48
742272,92784,-32611.79,29.92,55.50,48
742272,92784,-2886.40,85.82,10.86,48
742272,92784,-85178.96,86.65,149.00,48
742272,92784,-158252.31,86.42,271.29,48
742272,92784,-41186.17,88.97,75.49,48
742272,92784,-26835.56,86.84,51.11,48
742656,92832,-4946.49,89.25,14.79,48
742656,92832,-52340.13,28.14,88.08,48
742656,92832,-29559.26,91.08,56.30,48
742656,92832,-3457.53,30.36,6.51,48
742656,92832,218.31,89.65,5.95,48
742656,92832,-99228.56,86.55,172.34,48
742656,92832,-126041.42,87.02,217.51,48
742656,92832,-76901.58,90.08,135.37,48
743040,92880,-147735.48,89.34,254.35,48
743040,92880,-72617.84,86.61,127.74,48
743040,92880,-2296582536257743.50,30.38,3854166667004.95,48
743040,92880,-52385.80,24.85,88.24,48
743040,92880,-318101.05,90.93,540.18,48
743040,92880,-19876.05,87.69,39.32,48
743040,92880,-65024.14,27.52,109.84,48
743040,92880,-152888.13,92.91,263.36,48
743424,92928,2225.45,90.64,2.60,48
743424,92928,-58722.87,88.37,104.71,48
743424,92928,3345.54,86.13,0.26,48
743424,92928,-7699.67,87.53,18.96,48
743424,92928,-1300.47,31.40,2.62,48
743424,92928,-209734.84,33.16,352.74,48
743424,92928,-8180.91,88.06,19.72,48
743424,92928,-182606.72,91.85,313.04,48
743808,92976,-192233.49,86.03,328.62,48
743808,92976,-36036.04,87.03,66.49,48
743808,92976,-61154.83,88.58,108.76,48
743808,92976,-109487.90,88.89,189.92,48
743808,92976,-60978.14,86.49,108.13,48
743808,92976,-41836.01,86.46,75.99,48
743808,92976,-15445.55,87.39,31.75,48
743808,92976,-128684.77,92.19,222.58,48
744192,93024,-61749.64,29.14,104.12,48
744192,93024,-80034.34,33.67,135.26,48
744192,93024,-92148.83,30.58,155.14,48
744192,93024,-9123.35,88.35,21.44,48
744192,93024,-88163.76,27.40,148.41,48
744192,93024,-36689.85,88.03,67.62,48
744192,93024,-59197.03,88.72,105.56,48
744192,93024,-46134.32,89.99,83.82,48
744576,93072,-21616.38,85.08,42.19,48
744576,93072,-53086.00,88.65,95.17,48
744576,93072,-21115.37,87.23,41.40,48
744576,93072,-3537978501639685.50,24.66,5937500000247.41,48
744576,93072,-117595.39,86.00,203.19,48
744576,93072,-179484.82,27.30,301.61,48
744576,93072,-222395.70,28.93,373.94,48
744576,93072,-3122.46,90.71,11.62,48
744960,93120,-43949.19,87.13,79.96,48
744960,93120,-32403.33,88.16,60.42,48
744960,93120,-12396.30,87.95,26.96,48
744960,93120,-33703.01,89.95,62.83,48
744960,93120,-93138.41,89.33,162.78,48
744960,93120,-160373.68,29.99,269.74,48
744960,93120,-130651.30,85.71,224.94,48
744960,93120,-135017.63,89.25,232.85,48
745344,93168,-166767.34,25.92,280.36,48
745344,93168,-31522.14,87.27,58.76,48
745344,93168,-74995.90,89.88,132.12,48
745344,93168,-156948.80,90.51,269.87,48
745344,93168,-31727.64,26.81,53.47,48
745344,93168,-173864.59,89.85,298.12,48
745344,93168,-24730.35,26.27,41.85,48
745344,93168,2815.92,87.98,1.33,48
745728,93216,-3537978501635143.50,26.68,5937500000239.91,48
745728,93216,-487833.61,87.92,824.81,48
745728,93216,-87114.16,84.10,151.93,48
745728,93216,-15960.24,30.47,27.76,48
745728,93216,-41816.46,89.84,76.54,48
745728,93216,-13429.03,87.46,28.76,48
745728,93216,3575.10,87.03,0.31,48
745728,93216,3232.31,88.70,0.86,48
746112,93264,-108153.38,87.42,187.44,48
746112,93264,3609.72,87.62,0.00,48
746112,93264,-12013.68,28.08,20.69,48
746112,93264,-138998.57,86.33,239.00,48
746112,93264,-11114.57,90.34,24.95,48
746112,93264,-112781.91,88.19,195.28,48
746112,93264,-12202.71,87.00,26.44,48
746112,93264,-278572.57,90.93,474.02,48
746496,93312,1675.28,89.38,3.50,48
746496,93312,-627267.52,29.28,1053.18,48
746496,93312,-51176.69,26.21,86.31,48
746496,93312,158.29,87.42,5.74,48
746496,93312,2318.09,86.43,1.90,48
746496,93312,-153775.02,86.76,263.93,48
746496,93312,-90116.50,87.26,157.15,48
746496,93312,-26237.39,89.39,50.30,48
746880,93360,-3520.98,88.25,12.00,48
746880,93360,-580419.94,87.80,980.15,48
746880,93360,-76394.36,90.14,134.67,48
746880,93360,-91900.73,27.27,154.77,48
746880,93360,-736330.98,88.77,1241.79,48
746880,93360,-2967.46,89.14,11.28,48
746880,93360,-1567.88,88.64,8.80,48
746880,93360,911.50,88.41,4.80,48
747264,93408,-1248.24,88.83,8.30,48
747264,93408,-21430.61,90.25,42.56,48
747264,93408,-105400.91,87.81,183.08,48
747264,93408,-92657.04,89.67,161.57,48
747264,93408,-92009.24,91.93,160.93,48
747264,93408,-140183.16,33.55,235.88,48
747264,93408,-41416.11,85.73,75.29,48
747264,93408,-612248.33,28.51,1027.74,48
747648,93456,-50536.90,88.96,91.04,48
747648,93456,-11172.05,89.52,25.01,48
747648,93456,-28478.34,86.98,53.61,48
747648,93456,-79609.19,31.23,134.01,48
747648,93456,-382009.06,30.13,641.48,48
747648,93456,-6430.15,87.32,16.71,48
747648,93456,1605.55,89.06,3.70,48
747648,93456,-133821.73,86.92,230.45,48
748032,93504,-67057.89,28.69,113.23,48
748032,93504,3246.09,87.17,0.66,48
748032,93504,-25788.03,86.51,49.01,48
748032,93504,-28311.79,88.70,53.59,48
748032,93504,-159997.60,27.69,268.72,48
748032,93504,-11475.01,28.74,19.47,48
748032,93504,-54462.01,90.19,97.74,48
748032,93504,-74523.75,89.76,131.41,48
748416,93552,-29937.53,84.66,56.08,48
748416,93552,-54288.89,87.83,97.30,48
748416,93552,-63381.75,88.66,112.58,48
748416,93552,-14207.69,86.89,29.66,48
748416,93552,-29187.74,88.54,55.35,48
748416,93552,-35123.08,88.99,65.19,48
748416,93552,-1273.66,31.19,2.99,48
748416,93552,-44009.88,87.90,80.06,48
748800,93600,-2124.23,24.85,3.89,48
748800,93600,-46559.58,88.20,84.33,48
748800,93600,-1334.95,88.92,8.48,48
748800,93600,-180807.83,31.99,304.30,48
748800,93600,-29137.77,89.87,55.33,48
748800,93600,-133993.98,88.76,231.09,48
748800,93600,2226.33,86.25,2.02,48
748800,93600,-11477.17,29.38,19.77,48
749184,93648,-41480.90,86.95,75.60,48
749184,93648,-48157.88,28.64,81.61,48
749184,93648,-73389.19,32.94,124.22,48
749184,93648,-30847.45,89.96,58.09,48
749184,93648,-203316.86,88.37,347.26,48
749184,93648,-170683.22,88.54,292.63,48
749184,93648,-17953.16,88.86,36.39,48
749184,93648,-52912.19,88.27,94.97,48
749568,93696,-71785.12,88.68,126.72,48
749568,93696,-3065.82,88.33,11.34,48
749568,93696,-42496.18,26.40,71.43,48
749568,93696,-2836.42,31.59,5.67,48
749568,93696,-51647.65,33.23,87.32,48
749568,93696,-62177.71,86.98,110.27,48
749568,93696,-86394.35,87.29,150.88,48
749568,93696,-22241.51,28.86,37.85,48
749952,93744,-35708.21,90.91,66.30,48
749952,93744,933.03,88.17,4.80,48
749952,93744,-46159.33,88.07,83.55,48
749952,93744,-62412.48,86.60,110.71,48
749952,93744,-9428.43,87.80,21.93,48
749952,93744,-22586.84,88.06,44.05,48
749952,93744,-8491.40,83.84,19.96,48
749952,93744,-4072.50,86.97,12.85,48
750336,93792,-34629.66,33.23,58.86,48
750336,93792,-12326.03,85.62,26.59,48
750336,93792,-46555.76,87.02,84.00,48
750336,93792,-6867.09,88.23,17.62,48
750336,93792,-59822.26,87.52,106.33,48
750336,93792,-68898.52,85.04,121.31,48
750336,93792,-28358.92,86.56,53.43,48
750336,93792,-2363.37,29.77,4.98,48
750720,93840,-117280.35,88.18,202.51,48
750720,93840,-18620.00,85.95,37.12,48
750720,93840,-35363.34,27.46,59.72,48
750720,93840,-302041.95,86.54,512.98,48
750720,93840,-68249.99,28.58,115.02,48
750720,93840,3396.68,85.21,0.00,48
750720,93840,-30010.21,89.72,56.70,48
750720,93840,-44009.19,89.28,79.99,48
751104,93888,-178335.49,31.25,299.74,48
751104,93888,-24556.82,88.80,47.29,48
751104,93888,-45729.34,28.80,77.28,48
751104,93888,-931046974329610.00,88.69,1562500000430.12,48
751104,93888,-430754.44,25.35,723.24,48
751104,93888,-110997.16,89.24,192.37,48
751104,93888,-53370.29,32.10,90.42,48
751104,93888,-72473.66,87.88,127.77,48
751488,93936,-3805.45,86.72,12.38,48
751488,93936,-62883.12,91.74,112.12,48
751488,93936,-11838.33,88.92,26.16,48
751488,93936,-189244.09,91.05,324.09,48
751488,93936,-21260.32,86.33,41.30,48
751488,93936,-13975.92,89.70,29.85,48
751488,93936,-42102.44,86.64,76.37,48
751488,93936,-33717.19,90.03,62.83,48
751872,93984,-23981.16,85.92,46.06,48
751872,93984,-44721.36,88.08,81.25,48
751872,93984,-9356.96,86.50,21.74,48
751872,93984,-19872.77,87.62,39.51,48
751872,93984,-31375.48,26.20,53.08,48
751872,93984,-16785.67,88.92,34.29,48
751872,93984,-63197.67,27.05,107.02,48
751872,93984,-1725.64,88.97,9.01,48
752256,94032,-20911.59,89.39,41.40,48
752256,94032,-8447.82,89.92,20.50,48
752256,94032,-218975.10,89.20,373.61,48
752256,94032,-165203.01,86.25,283.02,48
752256,94032,-6753.61,26.23,11.79,48
752256,94032,-72674.06,88.95,128.29,48
752256,94032,-24432.26,30.17,41.54,48
752256,94032,-9831.64,87.43,22.69,48
752640,94080,-33452.83,85.71,62.01,48
752640,94080,-97735.68,31.12,164.41,48
752640,94080,-392672.81,88.03,665.07,48
752640,94080,-45032.42,89.51,81.88,48
752640,94080,-107547.62,29.48,180.82,48
752640,94080,-55513.88,30.32,94.04,48
752640,94080,-34645.81,89.70,64.47,48
752640,94080,-1489675158670998.00,88.87,2500000000254.36,48
753024,94128,-28160.13,88.85,53.38,48
753024,94128,-15613.51,28.12,26.93,48
753024,94128,-47636.49,30.95,80.93,48
753024,94128,-39192.86,33.62,66.80,48
753024,94128,-152085.50,87.06,260.96,48
753024,94128,-121478.92,88.76,210.03,48
753024,94128,-30774.54,89.82,57.91,48
753024,94128,-445310.24,88.08,753.40,48
753408,94176,2386.53,87.58,2.18,48
753408,94176,-102325.06,91.14,178.25,48
753408,94176,-30832.02,32.08,52.36,48
753408,94176,-58787.74,86.98,104.70,48
753408,94176,-38647.58,25.41,65.03,48
753408,94176,-41849.56,88.86,76.55,48
753408,94176,-7204.16,89.92,18.60,48
753408,94176,-11397.65,89.75,25.50,48
753792,94224,-381871.40,87.51,646.85,48
753792,94224,-12306.34,88.02,26.96,48
753792,94224,1641.31,89.97,3.52,48
753792,94224,-63623.71,30.87,107.50,48
753792,94224,-54404.49,25.58,91.99,48
753792,94224,-42682.11,89.79,78.24,48
753792,94224,-77622.04,30.98,131.01,48
753792,94224,-17907.99,27.40,30.34,48
754176,94272,-57220.56,88.33,102.09,48
754176,94272,-30968.07,88.26,58.13,48
754176,94272,-1834.72,86.72,8.92,48
754176,94272,-49085.26,29.76,82.88,48
754176,94272,-6070.07,89.97,16.53,48
754176,94272,-111824.76,88.34,193.62,48
754176,94272,-39043.49,87.73,71.51,48
754176,94272,3722.64,88.04,0.00,48
754560,94320,-78454.72,89.38,137.89,48
754560,94320,-5956.03,27.97,10.42,48
754560,94320,-16789.14,86.67,34.06,48
754560,94320,-69288.21,89.26,122.48,48
754560,94320,-45167.53,86.44,81.60,48
754560,94320,-67524.45,27.63,113.76,48
754560,94320,1014.63,87.80,4.29,48
754560,94320,-63956.12,25.78,107.80,48
754944,94368,-5479.55,88.52,15.66,48
754944,94368,-15268.04,89.23,31.84,48
754944,94368,-33287.27,28.35,56.59,48
754944,94368,-104047.25,87.60,180.65,48
754944,94368,-22952.75,91.92,45.26,48
754944,94368,-6239.77,32.26,11.37,48
754944,94368,-69257.69,88.81,122.29,48
754944,94368,-36863.01,34.21,62.47,48
755328,94416,-56881.64,91.11,102.10,48
755328,94416,-35689.55,89.95,66.27,48
755328,94416,-57172.59,87.50,102.00,48
755328,94416,-87502.45,86.93,152.64,48
755328,94416,-43086.36,25.14,72.75,48
755328,94416,-62081.15,31.61,104.95,48
755328,94416,-85530.98,29.03,143.95,48
755328,94416,-13953.67,28.67,23.99,48
755712,94464,-30636.76,86.27,57.52,48
755712,94464,-3612.60,91.48,12.71,48
755712,94464,-2296582536214600.00,26.09,3854166666932.00,48
755712,94464,-26353.39,90.88,50.80,48
755712,94464,-67419.75,30.03,113.80,48
755712,94464,-126990.31,86.95,218.82,48
755712,94464,-489520.15,31.23,822.01,48
755712,94464,-253134.55,87.01,430.67,48
756096,94512,-4889.69,31.47,8.54,48
756096,94512,-2296582536200514.00,88.91,3854166666914.28,48
756096,94512,-132233.70,85.71,227.53,48
756096,94512,-53021.16,87.17,95.06,48
756096,94512,-38376.94,87.14,70.47,48
756096,94512,-89667.31,29.78,151.29,48
756096,94512,3209.13,85.79,0.68,48
756096,94512,-13065.79,27.50,22.11,48
756480,94560,-94242.65,28.11,158.29,48
756480,94560,-101776.50,84.72,176.56,48
756480,94560,1727.41,88.40,3.21,48
756480,94560,-40783.66,28.03,68.81,48
756480,94560,-34564.99,89.10,64.30,48
756480,94560,-6323.28,30.04,11.29,48
756480,94560,-73262.97,34.96,123.87,48
756480,94560,-12395.58,87.44,26.73,48
756864,94608,-65263.99,90.10,115.95,48
756864,94608,425.52,86.32,5.28,48
756864,94608,-26676.64,87.98,50.93,48
756864,94608,-8459.55,86.38,20.03,48
756864,94608,-80949.67,30.55,136.20,48
756864,94608,-63377.50,91.10,113.13,48
756864,94608,-514.48,89.93,7.39,48
756864,94608,3502.57,87.80,0.26,48
757248,94656,-340375.27,89.06,577.51,48
757248,94656,-17575.73,26.27,29.91,48
757248,94656,-195119.83,89.70,333.97,48
757248,94656,-2746.69,30.29,5.00,48
757248,94656,-22597.27,88.01,44.08,48
757248,94656,-2296582536211446.00,87.59,3854166666932.63,48
757248,94656,-68532.47,85.22,120.71,48
757248,94656,-3537978501652091.00,91.46,5937500000274.31,48
757632,94704,-89946.74,26.58,151.46,48
757632,94704,-118022.29,33.59,198.76,48
757632,94704,-137652.81,31.40,231.96,48
757632,94704,-372418789845513.62,89.12,625000000366.32,48
757632,94704,7.12,28.98,0.99,48
757632,94704,-12681.65,88.40,27.39,48
757632,94704,-64732.72,88.28,114.68,48
757632,94704,-93140.46,28.50,156.43,48
758016,94752,-128995.31,87.93,222.59,48
758016,94752,-131418.10,85.86,226.29,48
758016,94752,-65075.04,86.17,115.16,48
758016,94752,-202916.92,84.54,346.12,48
758016,94752,-141289.16,87.97,242.96,48
758016,94752,-73536.98,28.86,123.82,48
758016,94752,-12258.43,88.60,26.80,48
758016,94752,-23350.28,34.13,40.78,48
758400,94800,-136146.29,25.88,228.84,48
758400,94800,-51570.40,27.65,86.88,48
758400,94800,-6421.94,88.45,16.87,48
758400,94800,-36809.53,89.10,67.96,48
758400,94800,-53308.77,89.00,95.69,48
758400,94800,-210265.59,32.44,353.47,48
758400,94800,-34151.80,88.83,63.54,48
758400,94800,-29901.99,29.36,50.61,48
758784,94848,-15230.63,91.31,32.16,48
758784,94848,-27256.53,92.35,52.46,48
758784,94848,-113595.22,90.66,196.98,48
758784,94848,-101891.87,87.06,176.98,48
758784,94848,-110139.12,26.78,185.03,48
758784,94848,-156640.52,31.92,263.45,48
758784,94848,-125526.04,25.70,211.20,48
758784,94848,-55069.97,89.07,98.60,48
759168,94896,-100626.11,27.25,169.41,48
759168,94896,-15611.86,86.76,31.93,48
759168,94896,-6411.96,87.08,16.75,48
759168,94896,-103083.91,29.31,173.66,48
759168,94896,-92102.02,28.16,154.94,48
759168,94896,-55753.83,88.74,99.66,48
759168,94896,-1954.03,27.62,3.70,48
759168,94896,-26559.92,85.24,50.59,48
759552,94944,-60159.55,89.92,107.31,48
759552,94944,-33710.81,89.77,62.97,48
759552,94944,-133046.37,86.92,229.16,48
759552,94944,-203724.83,34.49,343.12,48
759552,94944,-47936.49,85.17,86.11,48
759552,94944,-74794.84,29.16,125.96,48
759552,94944,-69466.37,30.14,117.48,48
759552,94944,-72867.06,91.08,128.84,48
759936,94992,-10785.78,26.81,18.76,48
759936,94992,-122296.93,88.87,211.27,48
759936,94992,-6408.71,89.04,17.06,48
759936,94992,-122125.35,89.67,211.16,48
759936,94992,-32559.36,87.79,60.80,48
759936,94992,-21496.82,85.45,41.78,48
759936,94992,-10739.60,25.87,18.33,48
759936,94992,3058.55,85.55,0.76,48
760320,95040,-66537.85,87.90,117.82,48
760320,95040,-34125.56,90.86,63.64,48
760320,95040,-931046974191421.75,86.59,1562500000197.73,48
760320,95040,-117202.15,88.21,202.82,48
760320,95040,-115943.79,88.63,200.64,48
760320,95040,-1489675158684541.50,87.80,2500000000276.72,48
760320,95040,-262349.51,33.45,441.11,48
760320,95040,1989.82,87.17,2.74,48
760704,95088,-53292.71,85.97,95.17,48
760704,95088,-131729.08,87.89,227.27,48
760704,95088,-129818.44,88.44,223.97,48
760704,95088,3401.19,88.71,0.72,48
760704,95088,-4968.60,28.91,8.92,48
760704,95088,-162014.97,86.45,277.71,48
760704,95088,2731.82,87.68,1.64,48
760704,95088,-140442.59,86.92,241.63,48
761088,95136,-1409.96,87.18,8.32,48
761088,95136,-17336.76,33.39,29.64,48
761088,95136,-28869.33,89.27,54.60,48
761088,95136,-189035.50,30.14,317.60,48
761088,95136,-48901.05,24.39,82.38,48
761088,95136,-13590.68,87.13,28.60,48
761088,95136,-4236.55,29.68,7.93,48
761088,95136,-1439.96,30.64,2.88,48
761472,95184,-16682.34,85.39,33.79,48
761472,95184,-1317.33,87.58,8.37,48
761472,95184,-117709.27,32.72,198.56,48
761472,95184,-124729.18,88.69,215.48,48
761472,95184,-17652.82,86.84,35.48,48
761472,95184,-49350.52,33.51,83.50,48
761472,95184,-7857.14,88.20,19.16,48
761472,95184,-7429.08,86.68,18.20,48
761856,95232,-3532.30,85.96,11.75,48
761856,95232,-74654.48,28.51,125.71,48
761856,95232,-3631.20,88.43,12.18,48
761856,95232,-144982.60,86.32,249.16,48
761856,95232,1574.31,88.60,3.40,48
761856,95232,-17849.13,90.37,36.42,48
761856,95232,-154895.32,89.40,266.26,48
761856,95232,-224980.51,34.81,378.46,48
762240,95280,-24337.02,28.55,41.40,48
762240,95280,-169982.79,90.64,291.61,48
762240,95280,-34364.33,31.10,58.38,48
762240,95280,-114141.45,91.48,197.91,48
762240,95280,-122083.24,89.22,211.08,48
762240,95280,-6108.37,89.57,16.41,48
762240,95280,-83081.04,87.84,145.46,48
762240,95280,-15555.08,90.41,32.53,48
762624,95328,-390619.82,89.29,661.81,48
762624,95328,-3539.52,26.93,6.64,48
762624,95328,1353.47,85.22,3.43,48
762624,95328,3445.54,90.10,0.76,48
762624,95328,-307045.45,30.27,516.06,48
762624,95328,-30978.20,87.66,58.22,48
762624,95328,-70520.72,88.36,124.45,48
762624,95328,-12841.57,85.78,27.36,48
763008,95376,-164559.12,27.24,276.78,48
763008,95376,-86451.28,29.17,145.90,48
763008,95376,3947.76,91.92,0.19,48
763008,95376,-8875.44,89.97,21.28,48
763008,95376,-53967.19,87.24,96.48,48
763008,95376,-84213.84,28.77,142.18,48
763008,95376,-47331.64,85.95,85.18,48
763008,95376,-100300.36,87.09,174.24,48
763392,95424,-91395.55,88.83,159.45,48
763392,95424,-66679.27,32.23,112.95,48
763392,95424,-315294.05,33.48,529.92,48
763392,95424,-200743.45,29.83,337.70,48
763392,95424,3659.71,91.34,0.33,48
763392,95424,1529.06,88.14,3.50,48
763392,95424,-114701.06,87.98,198.54,48
763392,95424,-2252.69,85.94,9.57,48
763776,95472,-150367.13,88.94,258.44,48
763776,95472,-45096.14,88.30,81.81,48
763776,95472,-52755.84,28.31,89.18,48
763776,95472,-58607.57,31.15,99.12,48
763776,95472,-6066.67,90.10,16.35,48
763776,95472,-370568.40,28.73,622.23,48
763776,95472,-23006.96,89.22,44.82,48
763776,95472,-173956.26,88.37,297.90,48
764160,95520,-53952.21,90.82,96.96,48
764160,95520,-73660.06,87.71,129.83,48
764160,95520,265.37,87.56,5.55,48
764160,95520,-288.63,86.45,6.40,48
764160,95520,-125595.85,85.79,216.43,48
764160,95520,-75846.13,29.56,127.74,48
764160,95520,-111530.64,30.85,187.88,48
764160,95520,-8696.97,27.40,14.96,48
764544,95568,470.15,26.94,0.00,48
764544,95568,-7668.49,89.27,19.02,48
764544,95568,-100826.36,88.51,175.30,48
764544,95568,-56955.84,88.02,101.81,48
764544,95568,-56640.31,91.11,101.66,48
764544,95568,-207452.06,89.35,354.41,48
764544,95568,-20940.43,84.17,40.79,48
764544,95568,-111453.80,86.86,192.95,48
764928,95616,-106664.43,87.63,184.94,48
764928,95616,-75820.27,87.23,133.23,48
764928,95616,-20384.62,29.86,34.99,48
764928,95616,-63458.83,87.62,112.34,48
764928,95616,-41516.84,90.99,76.21,48
764928,95616,-127020.24,34.11,214.26,48
764928,95616,-51678.11,25.90,87.03,48
764928,95616,-36576.00,29.51,62.25,48
765312,95664,3300.34,86.66,0.31,48
765312,95664,-30453.99,89.11,57.42,48
765312,95664,-44924.70,89.32,81.60,48
765312,95664,-170919.56,86.52,292.74,48
765312,95664,-80672.81,28.42,135.75,48
765312,95664,-59373.54,30.66,100.21,48
765312,95664,-41941.42,24.91,70.86,48
765312,95664,-121828.72,87.73,210.53,48
765696,95712,3317.78,85.38,0.34,48
765696,95712,-41043.35,90.43,75.12,48
765696,95712,-28924.67,90.90,55.04,48
765696,95712,-35975.97,30.00,61.03,48
765696,95712,2935.96,86.78,1.09,48
765696,95712,-40187.61,90.47,73.90,48
765696,95712,-94047.76,31.56,158.43,48
765696,95712,-29187.37,88.85,55.44,48
766080,95760,-507724.68,85.25,857.86,48
766080,95760,-105353.98,88.84,182.93,48
766080,95760,-72341.33,89.54,127.68,48
766080,95760,-100278.97,88.33,174.33,48
766080,95760,-5103.52,30.23,9.06,48
766080,95760,-110867.39,90.83,192.43,48
766080,95760,-363.92,87.79,6.66,48
766080,95760,-110332.21,88.73,191.30,48
766464,95808,-12871.03,87.61,27.65,48
766464,95808,-2883.69,91.35,11.43,48
766464,95808,-73343.25,85.08,128.56,48
766464,95808,-1062.44,90.57,8.24,48
766464,95808,-140765.30,31.04,236.51,48
766464,95808,-220875.65,87.33,376.48,48
766464,95808,-39156.34,32.12,66.49,48
766464,95808,-265112.01,32.49,445.99,48
766848,95856,-404955.74,84.05,685.03,48
766848,95856,-909.67,84.19,7.10,48
766848,95856,-30100.00,25.56,51.14,48
766848,95856,-10035.59,85.18,22.52,48
766848,95856,-67714.24,31.17,114.41,48
766848,95856,-48143.28,85.93,86.79,48
766848,95856,-100194.11,86.70,173.83,48
766848,95856,-25277.50,88.24,48.63,48
767232,95904,1961.25,86.51,2.60,48
767232,95904,-65458.95,90.07,116.22,48
767232,95904,-113161.74,89.32,196.21,48
767232,95904,-1070.45,88.76,8.09,48
767232,95904,122.65,27.54,0.43,48
767232,95904,-14219.87,88.31,30.01,48
767232,95904,-1993.91,86.98,9.14,48
767232,95904,-405256.30,28.97,680.56,48
767616,95952,-31216.93,88.11,58.38,48
767616,95952,-7171.74,89.84,18.46,48
767616,95952,-376.97,87.13,6.69,48
767616,95952,-390288.15,84.44,660.52,48
767616,95952,-229001.47,90.11,390.80,48
767616,95952,-4186.54,27.15,7.89,48
767616,95952,-145004.21,24.78,243.57,48
767616,95952,-99362.76,89.04,172.87,48
768000,96000,-12762.69,90.88,27.91,48
768000,96000,-147258.08,89.66,253.39,48
768000,96000,-27288.45,86.77,51.71,48
768000,96000,-24807.31,31.73,42.58,48
768000,96000,-3920.50,85.35,12.39,48
768000,96000,-11180.03,91.07,25.31,48
768000,96000,1195.45,87.06,4.01,48
768000,96000,-71323.66,88.73,125.77,48
768384,96048,-3388.66,87.09,11.70,48
768384,96048,-22030.27,24.87,37.34,48
768384,96048,-7027.32,90.28,18.27,48
768384,96048,-287145.66,86.22,487.83,48
768384,96048,1019.79,85.58,4.09,48
768384,96048,-40673.32,90.34,74.87,48
768384,96048,2938.60,85.04,0.69,48
768384,96048,-113563.18,87.23,196.65,48
768768,96096,-35147.31,26.18,59.54,48
768768,96096,2771.74,88.73,1.69,48
768768,96096,-574027.41,86.75,969.38,48
768768,96096,-1729.28,27.30,3.47,48
768768,96096,-22001.42,87.20,42.81,48
768768,96096,-17175.94,32.74,29.82,48
768768,96096,-26082.38,89.27,49.97,48
768768,96096,-133923.07,92.14,231.37,48
769152,96144,-62890.85,86.97,111.63,48
769152,96144,-77175.81,89.84,135.89,48
769152,96144,-4140.27,26.56,7.41,48
769152,96144,-101230.18,30.45,170.51,48
769152,96144,-98738.95,88.24,171.64,48
769152,96144,-372418789747027.56,87.20,625000000201.05,48
769152,96144,-409048.13,24.14,687.19,48
769152,96144,-117754.96,86.80,203.39,48
769536,96192,-4974.07,83.85,14.12,48
769536,96192,-79254.13,33.11,133.77,48
769536,96192,1113.12,88.75,4.60,48
769536,96192,-10336.03,87.74,23.49,48
769536,96192,-16370.89,89.31,33.85,48
769536,96192,-22921.85,26.16,38.73,48
769536,96192,-79958.92,88.91,140.38,48
769536,96192,3535.13,88.28,0.28,48
769920,96240,-36194.55,27.27,61.36,48
769920,96240,-776.49,27.77,1.93,48
769920,96240,-98125.98,27.79,164.86,48
769920,96240,-174497.88,89.40,299.03,48
769920,96240,-88570.80,31.96,149.82,48
769920,96240,-23607.48,29.16,40.39,48
769920,96240,-57981.01,89.53,103.50,48
769920,96240,-4726.21,88.09,14.07,48
770304,96288,-4763.83,87.65,14.29,48
770304,96288,887.59,89.40,4.90,48
770304,96288,-168669.38,29.74,283.89,48
770304,96288,-42794.82,90.32,78.32,48
770304,96288,-9945.46,29.80,17.27,48
770304,96288,-11638.29,87.10,25.60,48
770304,96288,-17188.37,89.15,35.02,48
770304,96288,-31522.18,86.30,58.64,48
770688,96336,-47684.19,89.63,86.26,48
770688,96336,-59899.68,26.77,101.12,48
770688,96336,-128710.87,27.71,216.31,48
770688,96336,-52315.66,88.44,94.03,48
770688,96336,-136858.06,89.17,235.99,48
770688,96336,-174179.07,89.64,298.54,48
770688,96336,3178.53,89.82,0.84,48
770688,96336,-77355.35,90.22,136.11,48
771072,96384,3462.70,87.30,0.28,48
771072,96384,-39221.03,89.32,72.07,48
771072,96384,-35299.03,85.04,64.79,48
771072,96384,-3424.30,85.08,11.53,48
771072,96384,-72359.00,86.75,127.38,48
771072,96384,-45460.25,25.98,76.76,48
771072,96384,-85115.85,29.71,143.55,48
771072,96384,-560078.27,90.60,946.38,48
771456,96432,-36975.34,90.58,68.60,48
771456,96432,-80720.67,89.18,141.75,48
771456,96432,-126935.13,87.65,219.07,48
771456,96432,-15831.96,24.54,26.82,48
771456,96432,-107318.29,89.81,186.31,48
771456,96432,-21954.45,28.15,37.32,48
771456,96432,-96894.51,92.01,169.31,48
771456,96432,-22563.32,31.31,38.56,48
771840,96480,-111882.35,87.16,193.81,48
771840,96480,-11806.19,29.93,20.68,48
771840,96480,-39611.47,87.94,72.60,48
771840,96480,-100387.86,26.98,168.39,48
771840,96480,-100904.88,86.38,175.10,48
771840,96480,-577440.79,28.74,969.58,48
771840,96480,-171619.21,32.11,288.69,48
771840,96480,-2477.91,28.95,5.06,48
772224,96528,-71450.56,89.72,126.30,48
772224,96528,-19287.11,88.54,38.50,48
772224,96528,-38018.88,86.48,69.57,48
772224,96528,-100143.63,92.16,174.73,48
772224,96528,-30028.57,83.87,55.92,48
772224,96528,-137730.27,90.97,237.63,48
772224,96528,-7448375792691730.00,85.12,12500000000133.17,48
772224,96528,-7101.42,87.83,18.06,48
772608,96576,-8666.50,30.03,14.92,48
772608,96576,-158207.31,31.98,266.14,48
772608,96576,-53745.36,86.59,96.13,48
772608,96576,-605009.98,88.20,1021.31,48
772608,96576,-227326.30,32.24,382.47,48
772608,96576,-10825.12,25.76,18.23,48
772608,96576,-4897.79,28.14,9.09,48
772608,96576,-165200.15,86.64,283.14,48
772992,96624,-21682.71,86.12,42.43,48
772992,96624,-188908.59,89.24,323.03,48
772992,96624,-66738.68,87.99,118.11,48
772992,96624,-31958.81,88.34,59.63,48
772992,96624,-34667.80,89.44,64.57,48
772992,96624,-150636.75,29.45,253.20,48
772992,96624,-37271.16,90.97,69.22,48
772992,96624,-3989.21,87.87,12.79,48
773376,96672,-52038.72,28.73,87.94,48
773376,96672,-84618.79,86.74,147.84,48
773376,96672,-2296582536258800.50,31.95,3854166667006.76,48
773376,96672,581.55,30.97,0.00,48
773376,96672,-10369.80,85.21,23.23,48
773376,96672,-32784.72,87.95,61.15,48
773376,96672,-60758.44,25.34,102.32,48
773376,96672,-372418789751465.31,88.94,625000000208.76,48
773760,96720,-4023.01,89.31,13.12,48
773760,96720,-31615.28,87.37,58.91,48
773760,96720,-97158.80,32.20,163.53,48
773760,96720,-23884.84,89.07,46.36,48
773760,96720,3741.86,87.24,0.00,48
773760,96720,-26769.43,89.79,51.32,48
773760,96720,-32278.20,91.17,60.69,48
773760,96720,-79916.09,91.90,140.83,48
774144,96768,-23425.84,88.83,45.39,48
774144,96768,2735.57,86.83,1.69,48
774144,96768,-104298.25,26.05,175.59,48
774144,96768,3466.41,85.54,0.00,48
774144,96768,-29196.60,84.29,54.61,48
774144,96768,-12633.24,86.97,27.29,48
774144,96768,-2457.53,27.80,4.39,48
774144,96768,-58834.61,85.99,104.52,48
774528,96816,831.10,86.75,4.55,48
774528,96816,-16482.60,89.39,34.02,48
774528,96816,-147562.94,31.26,248.57,48
774528,96816,-77203.80,88.73,135.87,48
774528,96816,-5718.27,88.07,15.71,48
774528,96816,-62239.13,27.27,104.58,48
774528,96816,3775.75,89.92,0.00,48
774528,96816,-3056.78,87.37,11.30,48
774912,96864,-50803.20,90.32,91.63,48
774912,96864,-165742.90,29.87,278.86,48
774912,96864,-38478.22,32.29,65.38,48
774912,96864,-73690.72,89.24,129.87,48
774912,96864,3065.21,90.14,1.28,48
774912,96864,-55545.98,87.05,99.17,48
774912,96864,-26416.00,88.04,50.64,48
774912,96864,-5346.94,88.37,15.18,48
775296,96912,-29425.91,85.78,55.09,48
775296,96912,-33539.10,88.62,62.68,48
775296,96912,1811.79,91.15,3.45,48
775296,96912,-38205.19,28.44,64.98,48
775296,96912,-65569.21,30.27,110.72,48
775296,96912,-4575.18,85.19,13.39,48
775296,96912,2798.58,88.96,1.49,48
775296,96912,-317.47,87.03,6.58,48
775680,96960,-24132.83,89.48,46.80,48
775680,96960,-190800.60,28.63,320.94,48
775680,96960,-17717.34,87.06,35.71,48
775680,96960,-45031.66,24.24,76.03,48
775680,96960,2792.98,88.24,1.49,48
775680,96960,-14052.26,28.25,24.21,48
775680,96960,3759.85,88.43,0.00,48
775680,96960,-35044.33,87.48,64.76,48
776064,97008,-92541.00,34.89,156.34,48
776064,97008,-94317.45,25.53,158.58,48
776064,97008,-191839.94,89.61,328.23,48
776064,97008,1124.69,84.72,3.75,48
776064,97008,-36352.92,84.58,66.59,48
776064,97008,-17377.63,33.07,29.97,48
776064,97008,-384742.64,89.23,651.86,48
776064,97008,-31591.25,83.93,58.63,48
776448,97056,-89353.94,87.80,155.81,48
776448,97056,-53257.97,24.50,89.77,48
776448,97056,-169514.21,30.50,284.57,48
776448,97056,-40199.97,90.06,73.95,48
776448,97056,-66597.65,89.58,118.06,48
776448,97056,-19096.20,89.46,38.14,48
776448,97056,-65250.56,89.22,115.78,48
776448,97056,1672.91,84.61,3.03,48
776832,97104,-166081.98,32.01,279.27,48
776832,97104,-20373.58,28.75,34.68,48
776832,97104,-188934.86,30.50,317.50,48
776832,97104,-1361.13,27.21,2.70,48
776832,97104,-26390.99,34.73,45.84,48
776832,97104,-176428.44,88.65,302.26,48
776832,97104,1950.31,91.24,3.40,48
776832,97104,3276.20,89.69,0.93,48
777216,97152,2758.30,86.14,1.16,48
777216,97152,-176277.39,89.14,302.09,48
777216,97152,-91091.43,90.74,159.47,48
777216,97152,-372418789877119.56,31.12,625000000414.05,48
777216,97152,-15979.57,89.25,33.00,48
777216,97152,1485.75,83.24,3.10,48
777216,97152,-81928.14,87.30,143.40,48
777216,97152,-53509.30,85.71,95.43,48
777600,97200,-38789.29,29.17,65.95,48
777600,97200,3258.80,87.02,0.39,48
777600,97200,-164546.73,89.29,282.48,48
777600,97200,-18490.65,26.76,31.40,48
777600,97200,-931046974230778.75,88.29,1562500000264.35,48
777600,97200,-101051.48,89.24,175.77,48
777600,97200,-82139.86,27.12,138.19,48
777600,97200,-115677.91,89.39,200.27,48
777984,97248,-76453.81,89.40,134.56,48
777984,97248,-384900.06,86.83,651.58,48
777984,97248,-37577.01,28.24,63.79,48
777984,97248,-57273.49,87.31,102.05,48
777984,97248,-59583.22,88.23,106.18,48
777984,97248,-65588.71,89.33,116.43,48
777984,97248,-1780.23,26.32,3.66,48
777984,97248,-56031.74,87.42,100.20,48
778368,97296,-625611.24,88.50,1055.93,48
778368,97296,-10683.36,89.00,24.31,48
778368,97296,-59999.92,30.64,101.10,48
778368,97296,-26703.10,87.71,51.02,48
778368,97296,-30732.68,89.10,57.71,48
778368,97296,-18503.07,29.04,31.78,48
778368,97296,-19148.24,31.15,33.07,48
778368,97296,-13327.34,84.36,28.07,48
778752,97344,-3050.80,31.40,5.84,48
778752,97344,-38019.50,86.39,69.47,48
778752,97344,-54166.98,32.69,91.63,48
778752,97344,-97282.81,89.94,169.67,48
778752,97344,-3190.49,31.71,6.02,48
778752,97344,-13980.25,31.47,23.83,48
778752,97344,-6586.36,28.80,11.80,48
778752,97344,-35511.07,87.08,65.56,48
779136,97392,-3092.65,28.91,5.62,48
779136,97392,-646051.26,31.38,1085.11,48
779136,97392,-77727.77,30.04,131.03,48
779136,97392,-90099.66,89.03,157.40,48
779136,97392,-117321.02,86.88,202.70,48
779136,97392,-103444.35,88.84,179.66,48
779136,97392,-46634.35,29.20,78.72,48
779136,97392,-21937.83,88.16,42.99,48
779520,97440,-10410.24,24.92,18.08,48
779520,97440,-67922.08,90.18,120.48,48
779520,97440,-1975.46,89.41,9.50,48
779520,97440,-7184.04,25.55,12.76,48
779520,97440,-72176.23,32.81,121.93,48
779520,97440,-517905.51,90.86,875.71,48
779520,97440,-207485.72,31.48,349.19,48
779520,97440,-41539.44,88.15,75.82,48
779904,97488,-11345.97,86.33,25.12,48
779904,97488,2722.06,86.92,1.39,48
779904,97488,-55980.01,86.52,99.62,48
779904,97488,-20259.86,90.32,40.26,48
779904,97488,-4017.93,86.34,12.55,48
779904,97488,-167784.10,30.97,282.07,48
779904,97488,-38969.09,90.03,71.75,48
779904,97488,-32501.72,90.26,61.04,48
780288,97536,487.39,87.86,5.40,48
780288,97536,-139179.34,89.42,239.92,48
780288,97536,-65455.86,25.88,110.12,48
780288,97536,-170581.44,87.02,292.26,48
780288,97536,-65771.94,88.61,116.60,48
780288,97536,-91738.26,87.60,159.85,48
780288,97536,-53349.84,27.22,89.81,48
780288,97536,-590665.87,90.40,997.83,48
780672,97584,-64440.74,26.78,108.53,48
780672,97584,-139032.50,90.62,239.79,48
780672,97584,-88330.30,87.76,154.30,48
780672,97584,-27940.29,90.55,53.40,48
780672,97584,-219934.38,30.75,369.67,48
780672,97584,-57637.12,27.66,97.38,48
780672,97584,-75.56,26.72,0.68,48
780672,97584,-16123.15,29.05,27.37,48
781056,97632,-43495.05,85.32,78.52,48
781056,97632,-13484.03,28.15,22.91,48
781056,97632,-81014.36,26.90,135.91,48
781056,97632,-78959.61,85.77,138.40,48
781056,97632,394.51,25.97,0.00,48
781056,97632,-42170.42,84.38,76.36,48
781056,97632,-88370.24,31.58,148.88,48
781056,97632,-597613.72,89.08,1009.15,48
781440,97680,-89274.61,91.03,156.33,48
781440,97680,-84303.66,85.67,147.29,48
781440,97680,-6063.36,30.48,11.00,48
781440,97680,-6771.78,27.77,11.74,48
781440,97680,-4288.48,27.27,7.70,48
781440,97680,-225511.57,91.83,384.94,48
781440,97680,-41712.19,29.05,71.02,48
781440,97680,-25062.97,88.73,48.27,48
781824,97728,-38049.70,88.24,69.88,48
781824,97728,-49659.09,23.67,83.36,48
781824,97728,-916.39,29.51,2.34,48
781824,97728,-510889.84,27.97,858.21,48
781824,97728,1518.03,88.97,3.70,48
781824,97728,-43466.64,36.33,73.68,48
781824,97728,-67096.99,85.64,118.06,48
781824,97728,-81800.24,87.90,143.41,48
782208,97776,-27324.60,25.83,46.15,48
782208,97776,-43502.97,88.32,79.12,48
782208,97776,-38809.30,86.66,71.02,48
782208,97776,-8457.69,30.57,15.28,48
782208,97776,-15578.47,89.54,32.50,48
782208,97776,-52525.29,30.95,89.01,48
782208,97776,-11236.54,26.35,19.30,48
782208,97776,-3162.51,89.50,11.53,48
782592,97824,-147085.66,87.65,252.91,48
782592,97824,-45891.76,30.58,77.80,48
782592,97824,-138723.08,89.53,239.12,48
782592,97824,-75903.50,86.63,133.22,48
782592,97824,-804.39,90.27,7.68,48
782592,97824,-5899.79,86.45,15.73,48
782592,97824,919.49,89.39,4.86,48
782592,97824,-64893.06,29.20,109.40,48
782976,97872,-80470.54,85.46,140.69,48
782976,97872,-6284.79,31.93,11.55,48
782976,97872,-45263.92,87.09,81.87,48
782976,97872,-26526.58,88.57,50.66,48
782976,97872,-147566.70,91.03,254.26,48
782976,97872,-9828.11,31.66,17.35,48
782976,97872,-16404.62,29.69,28.02,48
782976,97872,-21226.22,87.86,41.66,48
783360,97920,-24405.90,26.80,41.63,48
783360,97920,-153358.33,90.49,263.74,48
783360,97920,-31840.38,87.60,59.59,48
783360,97920,-103356.01,87.99,179.50,48
783360,97920,-24562.91,89.78,47.66,48
783360,97920,-7802.90,90.93,19.63,48
783360,97920,-31758.62,89.87,59.54,48
783360,97920,-189382.98,29.41,318.42,48
783744,97968,-53170.30,88.86,95.32,48
783744,97968,-263.10,87.08,6.42,48
783744,97968,-60688.74,88.07,107.88,48
783744,97968,-53009.89,88.24,95.20,48
783744,97968,-590334.88,89.33,996.98,48
783744,97968,-196883.40,87.92,336.70,48
783744,97968,2993.05,84.80,0.68,48
783744,97968,-26345.47,32.88,44.48,48
784128,98016,-9500.89,88.07,21.88,48
784128,98016,-190283.72,88.65,325.41,48
784128,98016,-58309.36,27.94,98.18,48
784128,98016,-161463.65,86.64,276.76,48
784128,98016,-30397.04,28.96,51.49,48
784128,98016,-46030.86,89.15,83.48,48
784128,98016,-100630.93,32.17,169.67,48
784128,98016,-2555.45,89.38,10.62,48
784512,98064,-7802.13,89.60,19.43,48
784512,98064,-49925.57,29.76,84.34,48
784512,98064,-24226.87,26.79,41.04,48
784512,98064,-4621.36,87.75,13.85,48
784512,98064,-66586.00,92.38,118.58,48
784512,98064,-339075.87,23.73,569.00,48
784512,98064,-98792.35,88.71,171.74,48
784512,98064,-67807.70,86.47,119.92,48
784896,98112,-7942.52,86.88,19.17,48
784896,98112,-62859.82,27.55,106.10,48
784896,98112,-1502.28,84.19,8.19,48
784896,98112,-118138.70,31.94,198.61,48
784896,98112,-131928.09,90.02,227.70,48
784896,98112,-15532.11,86.15,31.78,48
784896,98112,-456698.95,34.00,767.63,48
784896,98112,-83104.24,91.52,146.06,48
785280,98160,-2477.57,27.29,4.69,48
785280,98160,-57645.69,29.47,96.94,48
785280,98160,-101585.24,29.05,170.88,48
785280,98160,-1489.72,88.83,8.60,48
785280,98160,-52330.91,89.61,93.99,48
785280,98160,-3791.67,87.87,12.39,48
785280,98160,-80283.30,30.67,135.42,48
785280,98160,-621978.98,31.03,1044.27,48
785664,98208,-5551.50,87.27,15.47,48
785664,98208,-16417.39,88.55,33.47,48
785664,98208,-75232.09,32.20,127.25,48
785664,98208,-3311.47,24.00,6.25,48
785664,98208,-92727.76,31.59,156.46,48
785664,98208,-76608.62,28.88,129.31,48
785664,98208,-44896.68,27.24,75.76,48
785664,98208,2023.81,87.93,2.64,48
786048,98256,-591065.70,27.98,992.65,48
786048,98256,-170384.78,88.03,292.08,48
786048,98256,-577866.90,29.66,970.64,48
786048,98256,-30072.43,89.55,56.75,48
786048,98256,-25.73,26.12,0.71,48
786048,98256,-8868.84,89.78,21.15,48
786048,98256,-68278.76,87.27,120.33,48
786048,98256,-306.83,30.56,0.76,48
786432,98304,-491716.98,25.24,825.43,48
786432,98304,-703.18,88.27,7.44,48
786432,98304,-122596.24,26.25,206.31,48
786432,98304,-314.16,89.25,6.89,48
786432,98304,-129941.63,28.54,218.60,48
786432,98304,-12404.77,29.94,21.70,48
786432,98304,-4894.10,86.10,14.15,48
786432,98304,-70300.52,26.28,118.72,48
786816,98352,-2296582536221691.50,90.40,3854166666950.21,48
786816,98352,-3537978501651137.50,87.50,5937500000272.19,48
786816,98352,-100617.26,89.82,175.07,48
786816,98352,-65460.41,86.78,115.53,48
786816,98352,2066.72,89.23,2.79,48
786816,98352,-210725.44,36.66,354.71,48
786816,98352,-37905.63,87.17,69.56,48
786816,98352,-931046974230453.50,88.36,1562500000263.69,48
787200,98400,-2582.37,86.20,10.03,48
787200,98400,-604355.70,87.45,1020.12,48
787200,98400,-34103.02,25.72,57.83,48
787200,98400,-13037.23,91.61,28.68,48
787200,98400,-16011.00,85.21,32.77,48
787200,98400,-13875.94,86.36,29.14,48
787200,98400,-4436.38,87.25,13.43,48
787200,98400,-92165.74,28.44,155.10,48
787584,98448,-3537978501609819.00,88.68,5937500000203.35,48
787584,98448,-616209.96,87.63,1040.19,48
787584,98448,-10070.64,88.55,22.99,48
787584,98448,-259823.01,88.33,442.17,48
787584,98448,-135918.58,88.26,234.21,48
787584,98448,-77157.33,30.08,129.98,48
787584,98448,-70652.09,88.59,124.59,48
787584,98448,-162640.08,85.85,278.64,48
787968,98496,-6829.97,25.86,11.92,48
787968,98496,3738.20,88.50,0.02,48
787968,98496,1124.89,89.83,4.81,48
787968,98496,-86476.67,29.46,145.65,48
787968,98496,-92604.24,88.15,161.52,48
787968,98496,-259547.44,89.78,441.79,48
787968,98496,-7633.46,86.18,18.75,48
787968,98496,3668.93,88.11,0.00,48
788352,98544,2834.10,87.29,1.39,48
788352,98544,-59291.85,86.38,105.37,48
788352,98544,-75439.79,27.36,127.16,48
788352,98544,-141782.28,28.86,238.90,48
788352,98544,-646640.32,88.94,1091.17,48
788352,98544,1179.48,89.58,4.47,48
788352,98544,3581.24,86.46,0.00,48
788352,98544,-28903.06,91.33,55.03,48
788736,98592,-168298.92,89.96,288.64,48
788736,98592,-41966.94,89.91,76.64,48
788736,98592,-166482.08,86.35,285.18,48
788736,98592,-1209.62,88.30,8.29,48
788736,98592,-42631.40,89.13,77.81,48
788736,98592,-142425.45,84.67,244.55,48
788736,98592,-13641.83,31.09,23.72,48
788736,98592,-19105.73,87.71,38.03,48
789120,98640,-215771.52,88.42,368.33,48
789120,98640,-250302.21,31.37,420.76,48
789120,98640,-14638.53,85.70,30.54,48
789120,98640,-469.39,30.42,1.33,48
789120,98640,-194183.59,90.96,332.34,48
789120,98640,-10157.67,85.84,22.95,48
789120,98640,-723.28,90.14,7.57,48
789120,98640,-51766.14,89.13,93.26,48
789504,98688,-18609.08,24.83,31.89,48
789504,98688,813.74,87.63,4.78,48
789504,98688,-129818.22,27.73,218.79,48
789504,98688,-42801.81,89.69,78.22,48
789504,98688,-119132.65,90.63,206.34,48
789504,98688,-16404.11,88.53,33.76,48
789504,98688,1137.77,88.48,4.28,48
789504,98688,-134508.44,86.70,231.64,48
789888,98736,507.53,27.20,0.10,48
789888,98736,-55144.32,86.20,98.22,48
789888,98736,-27229.93,25.98,46.35,48
789888,98736,-24166.39,31.43,41.02,48
789888,98736,-25863.09,27.79,44.30,48
789888,98736,-8452.52,88.52,20.33,48
789888,98736,-73141.56,29.73,123.50,48
789888,98736,-28943.84,90.27,55.14,48
790272,98784,609.06,89.14,5.23,48
790272,98784,-15909.39,88.54,32.87,48
790272,98784,-46146.74,86.99,83.33,48
790272,98784,-11216.99,90.49,25.27,48
790272,98784,-50417.89,85.57,90.34,48
790272,98784,-5523.45,88.83,15.48,48
790272,98784,-10642.13,30.46,18.58,48
790272,98784,-72748.59,29.47,122.79,48
790656,98832,-112459.04,89.60,194.93,48
790656,98832,-71963.98,88.17,126.88,48
790656,98832,-33205.14,28.11,56.35,48
790656,98832,-29456.11,91.77,56.09,48
790656,98832,-116739.81,87.28,201.94,48
790656,98832,-4727.34,86.91,13.93,48
790656,98832,-28298.33,31.72,47.93,48
790656,98832,-67761.56,87.98,119.88,48
791040,98880,-72935.06,88.72,128.60,48
791040,98880,-28119.34,89.18,53.51,48
791040,98880,-77260.68,28.90,129.94,48
791040,98880,-53483.69,89.30,95.86,48
791040,98880,-5122.08,87.95,15.08,48
791040,98880,3603.52,88.30,0.00,48
791040,98880,-3916.59,86.47,12.57,48
791040,98880,-112655.84,87.78,195.04,48
791424,98928,-21824.94,86.78,42.66,48
791424,98928,-122643.74,88.26,211.81,48
791424,98928,-155399.60,86.50,266.67,48
791424,98928,-19790.35,89.71,39.38,48
791424,98928,-22439.05,86.87,43.66,48
791424,98928,-68734.84,30.63,115.80,48
791424,98928,-89310.31,89.24,156.30,48
791424,98928,-92482.51,89.47,161.30,48
791808,98976,-39631.70,86.94,72.22,48
791808,98976,-7915.72,22.54,13.53,48
791808,98976,-33540.42,88.09,62.32,48
791808,98976,-111757.39,30.51,188.23,48
791808,98976,-108384.73,88.19,188.19,48
791808,98976,-55898.19,87.81,99.82,48
791808,98976,-35088.35,86.35,64.74,48
791808,98976,-172413.09,88.67,295.49,48
792192,99024,-132605.99,32.66,223.62,48
792192,99024,-28211.60,87.76,53.57,48
792192,99024,-36316.02,31.06,61.74,48
792192,99024,-115916.00,29.09,194.58,48
792192,99024,-4014.05,88.62,13.01,48
792192,99024,1476.22,88.59,3.84,48
792192,99024,533.41,31.68,0.00,48
792192,99024,-127140.42,85.49,219.23,48
792576,99072,-50641.62,88.61,91.11,48
792576,99072,440.41,30.02,0.10,48
792576,99072,-600743.13,89.28,1014.40,48
792576,99072,-27600.31,89.01,52.43,48
792576,99072,-133069.89,87.98,229.49,48
792576,99072,-931046974223243.50,89.97,1562500000251.96,48
792576,99072,3672.49,88.91,0.25,48
792576,99072,-39447.57,29.17,66.88,48
792960,99120,-83411.31,85.47,145.70,48
792960,99120,-136517.62,27.06,229.39,48
792960,99120,-3537978501636701.50,89.53,5937500000248.48,48
792960,99120,-20018.28,25.42,33.93,48
792960,99120,-37504.60,31.27,63.31,48
792960,99120,-4188.46,83.84,12.63,48
792960,99120,-14906.37,89.37,31.00,48
792960,99120,-1415.97,23.57,2.43,48
793344,99168,-25980.86,85.65,49.41,48
793344,99168,-86.02,29.10,0.88,48
793344,99168,-15884.24,28.89,27.25,48
793344,99168,-161971.15,89.04,278.09,48
793344,99168,-150464.41,28.69,252.99,48
793344,99168,-4058.45,30.73,7.72,48
793344,99168,-228917.21,89.71,390.41,48
793344,99168,-5416.11,88.81,15.52,48
793728,99216,-29027.51,91.53,55.48,48
793728,99216,-48267.51,87.49,87.39,48
793728,99216,-167353.28,32.13,281.32,48
793728,99216,-144564.31,88.18,248.51,48
793728,99216,778.36,88.20,4.59,48
793728,99216,-100808.32,88.76,175.24,48
793728,99216,2519.71,91.54,2.39,48
793728,99216,-34953.93,84.58,64.33,48
794112,99264,-110659.71,27.66,186.14,48
794112,99264,-36539.24,90.26,67.74,48
794112,99264,-103922.29,88.11,180.46,48
794112,99264,-3537978501646262.00,26.23,5937500000258.33,48
794112,99264,-55817.18,26.49,94.59,48
794112,99264,-17325.07,28.84,29.51,48
794112,99264,-23475.22,87.38,45.41,48
794112,99264,-656741.78,31.40,1102.90,48
794496,99312,-15425.54,87.31,31.78,48
794496,99312,-65441.34,87.83,115.84,48
794496,99312,1071.85,86.93,3.89,48
794496,99312,3956.54,90.32,0.00,48
794496,99312,-14809.66,29.38,25.60,48
794496,99312,-3489.36,88.57,11.97,48
794496,99312,-335876.91,88.94,569.77,48
794496,99312,43.56,25.92,0.32,48
794880,99360,-14685.92,89.29,30.79,48
794880,99360,-17756.33,87.24,35.79,48
794880,99360,-230822.60,88.71,393.31,48
794880,99360,-20978.55,88.54,41.20,48
794880,99360,-178847.42,90.72,306.63,48
794880,99360,-154364.86,27.64,259.30,48
794880,99360,-8250.17,29.62,14.37,48
794880,99360,-74582.20,30.77,125.42,48
795264,99408,-21722.68,87.81,42.53,48
795264,99408,-39012.99,88.86,71.63,48
795264,99408,-55610.70,26.64,93.66,48
795264,99408,-63274.62,88.24,112.25,48
795264,99408,-39930.25,32.55,67.88,48
795264,99408,-86475.83,84.03,150.63,48
795264,99408,-133118.01,90.48,229.75,48
795264,99408,-20078.95,35.19,35.22,48
795648,99456,-166341.93,89.04,285.34,48
795648,99456,-64624.09,87.02,114.34,48
795648,99456,269.93,87.04,5.70,48
795648,99456,-121931.85,88.91,210.75,48
795648,99456,-175955.57,85.61,301.14,48
795648,99456,-169428.04,32.05,285.06,48
795648,99456,-24257.39,90.40,47.19,48
795648,99456,-16425.90,87.26,33.64,48
796032,99504,-16949.65,86.84,34.32,48
796032,99504,2515.74,88.18,2.23,48
796032,99504,-14249.21,31.64,24.73,48
796032,99504,-2148.79,85.81,9.49,48
796032,99504,-93253.94,88.85,162.57,48
796032,99504,-155078.30,28.70,260.89,48
796032,99504,-35170.32,88.13,65.02,48
796032,99504,-5886.04,87.31,15.79,48
796416,99552,-43443.71,88.72,79.12,48
796416,99552,-67132.76,31.30,113.28,48
796416,99552,-85342.86,25.21,143.39,48
796416,99552,-101734.65,86.48,176.55,48
796416,99552,-20801.08,87.80,40.85,48
796416,99552,-39198.71,26.21,66.33,48
796416,99552,-854.72,84.90,7.18,48
796416,99552,-2805.55,31.20,5.40,48
796800,99600,-20879.74,90.76,41.65,48
796800,99600,-53927.61,88.18,96.47,48
796800,99600,-6512.95,90.87,17.53,48
796800,99600,-147882.62,87.16,254.07,48
796800,99600,-123566.97,90.42,213.75,48
796800,99600,-7819.49,87.65,19.36,48
796800,99600,-3265.55,27.22,6.39,48
796800,99600,-92780.08,27.74,156.27,48
797184,99648,328.70,25.14,0.00,48
797184,99648,-69776.51,32.94,117.94,48
797184,99648,-114363.65,87.88,197.72,48
797184,99648,-126602.55,89.61,218.68,48
797184,99648,-21070.62,27.93,35.76,48
797184,99648,-23797.33,89.28,46.11,48
797184,99648,-1489675158734272.00,90.52,2500000000360.92,48
797184,99648,-48456.79,87.51,87.42,48
797568,99696,-34410.97,89.35,63.92,48
797568,99696,-84906.07,86.32,148.36,48
797568,99696,-30383.21,29.27,51.62,48
797568,99696,-41197.12,90.56,75.51,48
797568,99696,2632.22,86.27,1.48,48
797568,99696,-80438.99,86.60,140.89,48
797568,99696,-1489675158676011.50,88.35,2500000000262.62,48
797568,99696,-65294.03,31.46,110.07,48
797952,99744,-6479.87,28.99,11.56,48
797952,99744,-27900.92,87.31,52.75,48
797952,99744,-96316.13,31.45,162.53,48
797952,99744,-39908.77,87.06,72.89,48
797952,99744,-113413.71,25.17,190.59,48
797952,99744,-50027.19,84.90,89.69,48
797952,99744,-45346.73,28.52,76.63,48
797952,99744,-18227.07,90.09,37.00,48
798336,99792,-360893.96,21.67,605.85,48
798336,99792,2154.32,87.45,2.41,48
798336,99792,-132370.24,28.98,222.94,48
798336,99792,-1141.75,26.48,2.72,48
798336,99792,-558708.32,32.71,938.72,48
798336,99792,-27921.29,89.81,53.12,48
798336,99792,-372418789734224.88,88.09,625000000179.73,48
798336,99792,-1489675158733777.75,90.42,2500000000359.95,48
798720,99840,665.72,87.16,4.94,48
798720,99840,-161618.82,25.67,271.66,48
798720,99840,-19260.24,88.82,38.44,48
798720,99840,-43694.11,29.43,73.91,48
798720,99840,-43191.17,34.40,73.29,48
798720,99840,-60900.04,88.47,108.36,48
798720,99840,-114934.40,87.30,198.82,48
798720,99840,-18486.14,88.30,37.23,48
799104,99888,-5417.89,88.20,15.16,48
799104,99888,-186101.98,89.92,318.51,48
799104,99888,-71358.50,27.54,120.25,48
799104,99888,-76412.04,87.87,134.26,48
799104,99888,3902.19,90.48,0.02,48
799104,99888,-19770.13,27.81,33.78,48
799104,99888,3339.97,86.29,0.25,48
799104,99888,970.00,88.13,4.60,48
799488,99936,-124618.38,85.11,214.84,48
799488,99936,-596055.30,29.90,1001.05,48
799488,99936,-132101.30,86.63,227.69,48
799488,99936,-18163.16,27.58,30.74,48
799488,99936,-18604.26,87.83,37.14,48
799488,99936,-47223.33,22.13,79.42,48
799488,99936,-42398.84,26.34,71.79,48
799488,99936,-50533.36,28.86,85.32,48
799872,99984,-217386.62,30.87,365.57,48
799872,99984,-112452.51,87.69,194.73,48
799872,99984,-57721.31,90.51,103.49,48
799872,99984,-719901.78,34.54,1209.18,48
799872,99984,-3110.91,85.79,10.87,48
799872,99984,-26932.78,88.39,51.40,48
799872,99984,-96298.99,89.13,167.90,48
799872,99984,-547.49,89.18,7.26,48
800256,100032,-3537978501707942.50,90.06,5937500000367.64,48
800256,100032,-1131.47,84.64,7.59,48
800256,100032,-12476.00,88.90,27.11,48
800256,100032,-371693.20,88.06,629.80,48
800256,100032,-31402.76,28.81,53.14,48
800256,100032,776.51,86.45,4.62,48
800256,100032,-9020.36,27.17,16.03,48
800256,100032,-23071.73,86.82,44.78,48
800640,100080,-21702.71,88.13,42.47,48
800640,100080,-46030.22,89.40,83.51,48
800640,100080,-140506.28,30.14,236.18,48
800640,100080,-91232.34,89.23,159.31,48
800640,100080,-2010.58,84.79,9.12,48
800640,100080,-149985.53,90.52,258.10,48
800640,100080,-55672.70,90.03,99.73,48
800640,100080,-45043.11,86.80,81.50,48
801024,100128,-2325.99,85.81,9.71,48
801024,100128,-41978.49,34.10,71.66,48
801024,100128,-25888.64,88.41,49.68,48
801024,100128,-30587.31,25.90,51.58,48
801024,100128,-2296582536184715.00,86.35,3854166666887.46,48
801024,100128,-2319.70,27.75,4.38,48
801024,100128,-57549.25,28.07,97.04,48
801024,100128,-1489675158707441.75,30.55,2500000000309.61,48
801408,100176,-61625.63,92.07,109.91,48
801408,100176,-8072.87,87.74,19.88,48
801408,100176,-201414.28,29.91,338.67,48
801408,100176,-20994.52,88.30,41.53,48
801408,100176,-38877.14,86.64,71.20,48
801408,100176,-156.68,25.09,0.66,48
801408,100176,-36736.77,88.52,67.79,48
801408,100176,-25513.23,27.47,43.43,48
801792,100224,3742.84,89.28,0.00,48
801792,100224,-55562.15,88.88,99.64,48
801792,100224,-178155.21,30.41,299.72,48
801792,100224,-128920.67,86.85,222.48,48
801792,100224,-2311.05,90.03,10.40,48
801792,100224,-152613.36,87.10,262.06,48
801792,100224,-204580.02,85.01,348.95,48
801792,100224,-65947.17,86.81,116.70,48
802176,100272,-111770.43,26.41,187.72,48
802176,100272,-8321.61,89.36,20.15,48
802176,100272,2722.21,87.21,1.26,48
802176,100272,-59024.73,87.16,104.93,48
802176,100272,-140191.61,27.87,236.03,48
802176,100272,-641408.49,28.22,1077.03,48
802176,100272,-175395.82,89.42,300.54,48
802176,100272,2924.08,82.57,0.48,48
802560,100320,-62193.44,32.33,105.18,48
802560,100320,-7359.38,87.76,18.16,48
802560,100320,-34448.54,88.80,63.91,48
802560,100320,-37985.20,89.57,69.94,48
802560,100320,3025.05,84.89,0.68,48
802560,100320,-38756.20,87.49,71.06,48
802560,100320,-1489675158654577.25,87.06,2500000000226.48,48
802560,100320,-7448375792762084.00,27.55,12500000000246.36,48
802944,100368,-6632.89,88.86,17.36,48
802944,100368,-21141.46,85.51,41.44,48
802944,100368,-10404.78,25.29,17.78,48
802944,100368,-124580.93,87.78,215.17,48
802944,100368,-3407.63,29.09,6.44,48
802944,100368,-36922.84,89.88,68.41,48
802944,100368,-166.80,86.18,6.21,48
802944,100368,-50685.57,86.28,90.93,48
803328,100416,-140175.31,86.46,241.07,48
803328,100416,-671739.25,88.85,1133.43,48
803328,100416,-197628.06,28.78,332.13,48
803328,100416,-51464.96,86.62,92.26,48
803328,100416,-10518.10,33.15,18.41,48
803328,100416,-14456.45,90.78,30.72,48
803328,100416,-35497.64,31.54,60.38,48
803328,100416,-513475.54,26.09,862.28,48
803712,100464,2262.81,88.73,2.36,48
803712,100464,-748.44,30.34,2.06,48
803712,100464,-43274.52,31.56,73.31,48
803712,100464,-49099.80,88.01,88.42,48
803712,100464,-7983.94,27.09,13.81,48
803712,100464,-126546.12,89.23,218.72,48
803712,100464,-223374.91,29.18,375.40,48
803712,100464,-69053.34,86.98,121.74,48
804096,100512,-130904.24,26.45,220.03,48
804096,100512,-430773.92,87.90,729.07,48
804096,100512,-28551.62,91.72,54.57,48
804096,100512,-2296582536220981.00,31.67,3854166666943.53,48
804096,100512,-38434.94,89.14,70.70,48
804096,100512,-91244.44,34.64,153.97,48
804096,100512,-273.58,88.03,6.65,48
804096,100512,-142023.43,86.55,244.23,48
804480,100560,-179082.48,87.44,306.67,48
804480,100560,-80079.09,24.81,134.83,48
804480,100560,-506.28,86.38,6.86,48
804480,100560,-7682.55,28.58,13.54,48
804480,100560,-2948.96,86.89,10.91,48
804480,100560,-77112.54,30.80,129.99,48
804480,100560,-129857.90,30.85,218.55,48
804480,100560,-73628.31,30.46,124.14,48
804864,100608,-931046974242995.12,84.12,1562500000284.10,48
804864,100608,-85332.59,84.69,149.17,48
804864,100608,-49485.26,85.85,88.88,48
804864,100608,-19010.92,86.53,37.77,48
804864,100608,-84999.98,88.56,148.63,48
804864,100608,-74510.15,31.00,125.80,48
804864,100608,-48146.51,87.61,86.79,48
804864,100608,-4900.36,86.12,14.08,48
805248,100656,666.75,90.07,5.33,48
805248,100656,-38899.13,27.84,65.74,48
805248,100656,-3257.89,87.29,11.60,48
805248,100656,-934.32,31.16,1.99,48
805248,100656,-11320.39,90.96,25.55,48
805248,100656,-32500.99,87.84,60.68,48
805248,100656,-10475.86,29.11,18.39,48
805248,100656,403.42,24.16,0.00,48
805632,100704,-16227.31,85.62,33.11,48
805632,100704,-7448375792712731.00,86.24,12500000000168.71,48
805632,100704,-20700.81,86.99,40.88,48
805632,100704,-84115.56,91.72,147.66,48
805632,100704,373.33,88.12,5.46,48
805632,100704,-7974.36,88.77,19.59,48
805632,100704,-523.04,89.49,7.12,48
805632,100704,47.43,28.99,0.69,48
806016,100752,-87237.67,90.82,152.73,48
806016,100752,-52281.91,86.16,93.48,48
806016,100752,-91300.85,30.09,154.10,48
806016,100752,-200906.30,32.18,337.67,48
806016,100752,3687.26,86.91,0.00,48
806016,100752,-12403.55,89.15,26.96,48
806016,100752,-70118.33,87.60,123.72,48
806016,100752,-11690.75,83.98,25.46,48
806400,100800,-112229.91,87.52,194.21,48
806400,100800,-20893.49,90.09,41.44,48
806400,100800,-63843.23,92.14,113.82,48
806400,100800,-16075.48,24.90,27.57,48
806400,100800,-563988.83,87.02,952.39,48
806400,100800,-161863.93,87.33,277.76,48
806400,100800,-19212.67,85.83,38.26,48
806400,100800,-2296582536200095.00,89.65,3854166666913.92,48
806784,100848,-14734.10,88.62,30.95,48
806784,100848,-107585.17,28.44,181.13,48
806784,100848,-52141.52,88.33,93.50,48
806784,100848,-74445.45,89.19,131.17,48
806784,100848,-34197.36,89.88,63.74,48
806784,100848,-22255.88,90.26,43.77,48
806784,100848,379.01,29.84,0.00,48
806784,100848,-31726.54,82.61,58.85,48
807168,100896,-59895.35,27.84,100.94,48
807168,100896,-119936.96,89.96,207.63,48
807168,100896,-11428.31,91.34,25.70,48
807168,100896,-63039.08,26.66,106.08,48
807168,100896,-85885.53,90.74,150.66,48
807168,100896,-141743.94,88.58,244.08,48
807168,100896,-24328.24,28.43,41.19,48
807168,100896,-27116.69,87.37,51.34,48
807552,100944,-72021.92,89.29,127.09,48
807552,100944,-71531.90,87.36,125.89,48
807552,100944,-30117.34,91.70,57.16,48
807552,100944,-575065.99,30.15,965.73,48
807552,100944,-29453.36,89.48,55.99,48
807552,100944,-40602.52,87.20,74.09,48
807552,100944,-367171.64,27.89,616.40,48
807552,100944,-18644.83,89.26,37.63,48
807936,100992,820.62,88.24,4.78,48
807936,100992,-27774.54,21.89,47.17,48
807936,100992,-9017.34,87.54,21.29,48
807936,100992,-128393.02,90.64,221.67,48
807936,100992,-169680.01,29.72,285.24,48
807936,100992,3030.29,86.73,0.96,48
807936,100992,-15729.03,28.30,27.13,48
807936,100992,-51712.09,26.06,86.76,48
808320,101040,-77663.31,26.86,130.89,48
808320,101040,-210848.35,89.40,360.25,48
808320,101040,-42484.67,89.17,77.49,48
808320,101040,-149202.75,28.24,250.85,48
808320,101040,-36015.51,31.31,61.22,48
808320,101040,-24117.91,86.69,46.49,48
808320,101040,-718.49,29.23,1.52,48
808320,101040,-240463.59,88.68,409.62,48
808704,101088,-6043.73,90.21,16.55,48
808704,101088,-1755.43,86.39,8.92,48
808704,101088,-15158.48,88.76,31.62,48
808704,101088,-42398.68,88.81,77.52,48
808704,101088,-70868.74,28.87,119.26,48
808704,101088,-13508.96,87.70,28.68,48
808704,101088,-88741.98,30.84,149.54,48
808704,101088,-9441.75,87.84,22.03,48
809088,101136,-28339.29,86.28,53.45,48
809088,101136,-45405.43,88.69,82.38,48
809088,101136,-70230.06,26.48,117.93,48
809088,101136,-59581.42,30.17,100.19,48
809088,101136,-67626.58,25.77,113.76,48
809088,101136,-1316.27,89.18,8.39,48
809088,101136,-50858.22,89.58,91.59,48
809088,101136,-28360.53,91.99,54.38,48
809472,101184,-86513.84,30.07,146.01,48
809472,101184,-3798.71,86.23,12.29,48
809472,101184,-41544.39,90.20,76.32,48
809472,101184,-361742.66,27.37,607.11,48
809472,101184,-82199.31,31.27,138.64,48
809472,101184,-16.84,86.96,6.10,48
809472,101184,-53472.42,88.30,96.04,48
809472,101184,1579.98,86.95,3.37,48
809856,101232,1020.30,88.20,4.51,48
809856,101232,-117857.11,31.13,198.75,48
809856,101232,-82587.16,85.78,144.28,48
809856,101232,-100834.65,89.40,175.58,48
809856,101232,-54449.06,31.24,92.32,48
809856,101232,-207993.78,90.99,355.57,48
809856,101232,-168305.79,88.54,288.53,48
809856,101232,-21773.42,89.55,42.93,48
810240,101280,-48480.72,30.16,82.11,48
810240,101280,-152394.06,87.23,261.64,48
810240,101280,-14591.39,91.05,31.00,48
810240,101280,-36966.16,28.37,62.67,48
810240,101280,-53240.03,28.67,89.96,48
810240,101280,-211600.93,88.56,361.14,48
810240,101280,-8217.28,87.94,19.93,48
810240,101280,-15990.40,86.66,32.73,48
810624,101328,-93187.70,30.60,157.07,48
810624,101328,-13549.60,89.59,29.12,48
810624,101328,-66482.52,87.77,117.55,48
810624,101328,-42437.10,86.01,77.04,48
810624,101328,-18723.75,87.70,37.38,48
810624,101328,-34299.02,87.06,63.60,48
810624,101328,-88885.30,89.13,155.19,48
810624,101328,-64416.49,88.38,114.38,48
811008,101376,-125176.33,87.49,216.18,48
811008,101376,-2629.89,28.77,4.88,48
811008,101376,-131668.18,90.24,227.44,48
811008,101376,-42129.26,28.09,71.22,48
811008,101376,-6973.16,87.45,17.73,48
811008,101376,-963.16,86.20,7.50,48
811008,101376,-16483.06,30.39,28.49,48
811008,101376,-3183.44,89.31,11.52,48
811392,101424,-82031.14,87.54,143.57,48
811392,101424,-66846.01,88.96,118.38,48
811392,101424,1988.36,88.77,3.01,48
811392,101424,-159232.59,87.80,273.31,48
811392,101424,-28721.32,36.11,49.15,48
811392,101424,-16012.50,26.76,27.50,48
811392,101424,-8759.41,28.86,15.66,48
811392,101424,-59260.01,26.75,100.18,48
811776,101472,-9798.25,27.80,17.18,48
811776,101472,-36736.59,92.69,68.46,48
811776,101472,-65973.03,28.69,111.08,48
811776,101472,3302.47,89.18,0.72,48
811776,101472,-613137.44,86.74,1034.71,48
811776,101472,-77201.70,86.88,135.51,48
811776,101472,-8279.23,85.12,19.53,48
811776,101472,-72364.82,89.30,127.93,48
812160,101520,-677.56,87.37,7.08,48
812160,101520,-26014.66,90.34,50.15,48
812160,101520,-53089.41,86.64,94.95,48
812160,101520,-351062.05,90.28,595.57,48
812160,101520,-17970.44,33.01,31.28,48
812160,101520,-28327.74,87.31,53.47,48
812160,101520,-96675.94,85.72,168.00,48
812160,101520,-37538.02,88.80,69.28,48
812544,101568,-95451.72,88.42,166.32,48
812544,101568,-41914.15,26.04,70.64,48
812544,101568,-93091.11,87.36,162.20,48
812544,101568,1832.14,85.89,2.78,48
812544,101568,-149730.13,28.98,251.77,48
812544,101568,-18872.61,89.21,37.91,48
812544,101568,-37899.67,89.01,69.89,48
812544,101568,-43445.70,30.24,73.62,48
812928,101616,-101674.22,30.67,171.15,48
812928,101616,-8962.00,32.70,16.07,48
812928,101616,-160167.06,87.72,274.76,48
812928,101616,-8736.37,28.19,15.15,48
812928,101616,-126737.39,89.05,218.85,48
812928,101616,-100823.03,30.61,170.00,48
812928,101616,-9423.72,28.19,16.49,48
812928,101616,-33732.89,88.93,62.65,48
813312,101664,-706.92,87.85,7.33,48
813312,101664,-126169.93,28.85,212.37,48
813312,101664,-54350.16,89.25,97.40,48
813312,101664,-75002.83,86.14,131.78,48
813312,101664,-64006.97,91.83,114.13,48
813312,101664,-25341.10,85.36,48.18,48
813312,101664,-4391.68,85.55,13.17,48
813312,101664,-2296582536216491.00,28.67,3854166666935.71,48
813696,101712,-32542.58,88.92,60.60,48
813696,101712,-6905.43,89.30,17.94,48
813696,101712,2523.40,86.49,1.63,48
813696,101712,-165918.02,27.66,279.16,48
813696,101712,-14124.41,29.47,24.07,48
813696,101712,-11289.33,88.86,25.29,48
813696,101712,-113898.59,91.47,197.79,48
813696,101712,-65021.55,86.70,115.03,48
814080,101760,-45960.07,90.38,83.75,48
814080,101760,-361485.89,89.44,612.76,48
814080,101760,-49565.69,90.33,89.59,48
814080,101760,-26835.68,28.50,45.59,48
814080,101760,-45169.86,87.38,81.84,48
814080,101760,-39817.68,30.76,67.40,48
814080,101760,-71752.38,32.66,121.52,48
814080,101760,-35331.76,87.17,65.42,48
814464,101808,-138440.69,90.27,238.59,48
814464,101808,-3703.03,30.77,6.92,48
814464,101808,-37637.87,89.68,69.61,48
814464,101808,-92752.53,87.76,161.79,48
814464,101808,-49441.63,89.98,89.25,48
814464,101808,-496865.93,34.17,835.06,48
814464,101808,-3697.23,24.71,6.46,48
814464,101808,-30166.69,28.32,51.29,48
814848,101856,3256.41,90.14,0.95,48
814848,101856,-184360.54,33.56,310.47,48
814848,101856,-73333.87,27.81,123.43,48
814848,101856,-124040.98,84.28,213.70,48
814848,101856,-27577.04,88.42,52.43,48
814848,101856,-126964.32,25.07,213.18,48
814848,101856,-146764.24,90.57,252.78,48
814848,101856,-62861.80,30.28,106.08,48
815232,101904,-4405.73,86.21,13.39,48
815232,101904,-21518.15,88.09,42.27,48
815232,101904,2288.89,88.41,2.37,48
815232,101904,-52410.08,29.51,88.09,48
815232,101904,-34203.32,25.45,57.84,48
815232,101904,-18494.48,26.65,31.44,48
815232,101904,-111193.38,88.23,192.50,48
815232,101904,-372368.90,84.79,630.53,48
815616,101952,-335079.09,27.03,562.60,48
815616,101952,-23166.17,91.77,45.52,48
815616,101952,-8848.85,87.30,20.89,48
815616,101952,-15889.15,87.30,32.54,48
815616,101952,-187264.15,88.32,320.47,48
815616,101952,520.39,87.02,4.97,48
815616,101952,-166594.21,25.89,279.58,48
815616,101952,-7323.45,28.79,12.77,48
816000,102000,-30468.08,24.11,51.04,48
816000,102000,-666.87,89.24,7.40,48
816000,102000,-66807.97,87.36,118.33,48
816000,102000,2140.58,86.17,2.18,48
816000,102000,-69490.37,25.85,117.01,48
816000,102000,-14899.41,26.59,25.31,48
816000,102000,-53444.26,88.99,96.00,48
816000,102000,-35033.68,86.25,64.76,48
816384,102048,-364.88,84.08,6.15,48
816384,102048,-7236.80,87.49,17.91,48
816384,102048,-115108.93,87.91,199.15,48
816384,102048,-28387.84,90.92,54.11,48
816384,102048,240.25,89.76,6.03,48
816384,102048,-7381.19,26.17,13.09,48
816384,102048,-65819.53,26.31,110.67,48
816384,102048,-151684.77,86.18,260.25,48
816768,102096,-103967.82,90.80,180.89,48
816768,102096,-17500.32,32.06,30.49,48
816768,102096,-56684.85,88.29,101.28,48
816768,102096,-58782.57,89.10,104.81,48
816768,102096,-2882.01,88.07,11.02,48
816768,102096,-80496.31,87.42,141.09,48
816768,102096,-186215.91,90.03,318.64,48
816768,102096,-75927.74,26.98,127.92,48
817152,102144,-15726.87,88.01,32.45,48
817152,102144,-12218.60,27.77,21.12,48
817152,102144,-26318.34,26.12,45.00,48
817152,102144,-22487.51,89.48,44.05,48
817152,102144,-347211.45,27.99,583.39,48
817152,102144,3382.08,85.86,0.00,48
817152,102144,-175074.69,89.13,299.90,48
817152,102144,-367644.61,88.16,623.01,48
817536,102192,-57221.13,89.06,102.27,48
817536,102192,-4994.54,25.97,8.92,48
817536,102192,-64504.43,85.67,114.04,48
817536,102192,-33917.40,89.23,63.00,48
817536,102192,-40806.74,31.86,69.70,48
817536,102192,-237916.21,90.88,405.59,48
817536,102192,-34077.53,87.71,63.32,48
817536,102192,-11097.56,89.16,24.87,48
817920,102240,-114610.40,86.36,198.24,48
817920,102240,-89229.81,32.02,150.45,48
817920,102240,-80511.54,86.41,141.12,48
817920,102240,-115123.71,27.38,193.75,48
817920,102240,-51755.97,31.27,87.66,48
817920,102240,-227.53,89.51,6.62,48
817920,102240,-120084.83,86.71,207.30,48
817920,102240,-23383.89,87.94,45.47,48
818304,102288,-43777.86,87.20,79.50,48
818304,102288,-160468.04,31.09,269.97,48
818304,102288,-161125.19,87.84,276.38,48
818304,102288,-127067.30,86.81,219.13,48
818304,102288,-106780.01,31.02,179.63,48
818304,102288,-215945.45,29.71,362.96,48
818304,102288,-7621.80,87.11,18.76,48
818304,102288,-41062.99,30.24,69.49,48
818688,102336,-58018.41,23.38,97.69,48
818688,102336,-3537978501725669.50,89.21,5937500000397.41,48
818688,102336,-139327.23,88.43,240.03,48
818688,102336,-14972.84,85.72,31.05,48
818688,102336,-47931.79,86.46,86.31,48
818688,102336,3498.38,91.47,0.72,48
818688,102336,-10178.59,26.77,17.78,48
818688,102336,-29508.72,90.29,56.10,48
819072,102384,-7633.08,24.53,13.38,48
819072,102384,-878.97,89.83,7.93,48
819072,102384,-367215.51,28.59,616.74,48
819072,102384,-61748.68,31.99,104.32,48
819072,102384,-63541.02,89.65,112.89,48
819072,102384,-27430.73,90.82,52.66,48
819072,102384,260.56,89.42,6.07,48
819072,102384,-186394.16,31.55,313.39,48
819456,102432,-4826.90,31.28,8.84,48
819456,102432,-103299.28,25.86,173.74,48
819456,102432,-9234.41,88.21,21.67,48
819456,102432,-9509.76,31.48,16.68,48
819456,102432,-2865.59,27.96,5.38,48
819456,102432,-4368.35,89.70,13.56,48
819456,102432,-13564.06,87.02,28.74,48
819456,102432,-14524.52,86.99,30.27,48
819840,102480,-913.13,28.55,2.19,48
819840,102480,-97128.14,90.53,169.56,48
819840,102480,-44149.84,23.08,74.31,48
819840,102480,-10826.31,26.68,18.58,48
819840,102480,2637.38,88.97,1.70,48
819840,102480,-187552.83,25.52,315.17,48
819840,102480,310.55,84.84,5.25,48
819840,102480,3447.17,86.97,0.45,48
820224,102528,-53352.94,28.92,90.09,48
820224,102528,-35273.97,28.08,59.76,48
820224,102528,-645.43,87.99,7.29,48
820224,102528,-100159.10,91.20,174.57,48
820224,102528,-166499.66,89.71,285.78,48
820224,102528,-13033.64,90.88,28.35,48
820224,102528,-203492.37,90.86,347.93,48
820224,102528,-4633.03,23.86,7.84,48
820608,102576,-34974.24,26.18,58.73,48
820608,102576,-123389.05,35.52,207.91,48
820608,102576,-17111.77,85.79,34.72,48
820608,102576,-25482.37,89.71,49.11,48
820608,102576,-227168.57,33.98,382.11,48
820608,102576,-37876.91,86.18,69.41,48
820608,102576,-28360.93,88.81,53.68,48
820608,102576,-21233.69,88.82,41.72,48
820992,102624,-523919.40,89.79,885.47,48
820992,102624,-31419.97,29.52,53.28,48
820992,102624,-663.94,28.15,1.63,48
820992,102624,-4662.20,32.27,8.47,48
820992,102624,-262431.21,90.32,446.70,48
820992,102624,-2296582536201807.50,87.07,3854166666916.32,48
820992,102624,-19673.82,32.94,33.94,48
820992,102624,-17293.01,86.44,34.77,48
821376,102672,-15895.59,88.16,32.70,48
821376,102672,-142469.41,27.01,239.32,48
821376,102672,-47567.67,87.25,85.58,48
821376,102672,-132221.44,26.12,222.26,48
821376,102672,2187.74,89.33,2.70,48
821376,102672,2380.25,88.77,2.26,48
821376,102672,-175111.27,29.12,294.24,48
821376,102672,-169896.64,29.12,285.49,48
821760,102720,-6737.93,29.06,12.13,48
821760,102720,-338296.27,89.57,574.09,48
821760,102720,-93545.09,90.04,163.27,48
821760,102720,-186361.72,88.07,318.78,48
821760,102720,-14112.59,89.57,30.11,48
821760,102720,-5974.42,91.16,16.57,48
821760,102720,-12119.31,89.54,26.68,48
821760,102720,-177782.46,27.45,299.07,48
822144,102768,-53846.66,87.52,96.27,48
822144,102768,-91925.90,32.59,154.71,48
822144,102768,-45085.03,86.49,81.61,48
822144,102768,-11181.71,86.64,24.64,48
822144,102768,-63304.12,89.03,112.74,48
822144,102768,-893.35,87.97,7.66,48
822144,102768,-84306.22,89.17,147.67,48
822144,102768,3428.07,88.72,0.31,48
822528,102816,-27098.04,88.25,51.41,48
822528,102816,-2678.49,29.27,5.21,48
822528,102816,-36410.36,88.87,67.46,48
822528,102816,506.14,28.12,0.00,48
822528,102816,-47007.98,89.00,85.15,48
822528,102816,-7794.82,31.08,13.64,48
822528,102816,1956.70,88.18,2.83,48
822528,102816,-6433.75,86.05,16.46,48
822912,102864,-38624.94,88.56,70.84,48
822912,102864,-92349.55,24.17,155.18,48
822912,102864,-101557.98,29.30,171.03,48
822912,102864,-64735.49,88.75,114.82,48
822912,102864,-20738.94,85.58,40.46,48
822912,102864,-14569.48,88.48,30.76,48
822912,102864,-132785.21,24.16,223.14,48
822912,102864,-52549.99,89.06,94.34,48
823296,102912,-40360.59,88.79,73.90,48
823296,102912,-99309.81,85.32,172.44,48
823296,102912,-3967.89,87.58,12.81,48
823296,102912,-133923.91,90.23,231.06,48
823296,102912,-22257.86,88.02,43.47,48
823296,102912,-11778.84,85.88,25.76,48
823296,102912,-145657.24,86.51,250.44,48
823296,102912,-140526.04,89.77,242.11,48
823680,102960,-538527.48,31.74,904.80,48
823680,102960,-12849.61,88.70,27.94,48
823680,102960,-28393.59,91.68,54.36,48
823680,102960,-201609.13,91.20,344.81,48
823680,102960,-1414.35,87.29,8.42,48
823680,102960,2896.19,87.51,1.29,48
823680,102960,-35891.72,85.22,66.13,48
823680,102960,-181248.76,85.30,309.89,48
824064,103008,-276162.17,89.81,469.77,48
824064,103008,-131523.19,87.54,226.58,48
824064,103008,-4594.53,86.98,13.77,48
824064,103008,-50821.81,27.04,85.64,48
824064,103008,-22834.68,86.63,44.14,48
824064,103008,-156605.61,86.68,268.81,48
824064,103008,-61567.10,31.24,103.75,48
824064,103008,-125486.75,26.74,211.51,48
824448,103056,-58026.52,84.97,103.04,48
824448,103056,-49834.50,88.74,89.81,48
824448,103056,-3260.40,29.47,6.07,48
824448,103056,-41617.84,27.96,70.33,48
824448,103056,-153271.54,89.82,263.56,48
824448,103056,-191739.69,87.85,327.95,48
824448,103056,-345423.86,87.05,585.48,48
824448,103056,-931046974228585.12,87.62,1562500000260.58,48
824832,103104,-27197.44,87.26,51.58,48
824832,103104,-84991.02,31.47,143.37,48
824832,103104,-168395.66,88.85,288.86,48
824832,103104,-14521.66,26.56,24.58,48
824832,103104,-9438.95,33.87,17.00,48
824832,103104,-68668.08,88.18,121.36,48
824832,103104,-29531.07,86.48,55.53,48
824832,103104,-64150.27,87.35,113.57,48
825216,103152,171.78,88.31,5.99,48
825216,103152,-18821.27,31.28,32.09,48
825216,103152,-19357.58,90.22,38.91,48
825216,103152,-57664.69,88.29,102.93,48
825216,103152,-78969.81,26.98,133.06,48
825216,103152,-162912.66,86.56,279.18,48
825216,103152,-74599.51,26.21,125.36,48
825216,103152,-23258.80,86.38,45.05,48
825600,103200,-8271.04,31.75,14.82,48
825600,103200,-51315.77,85.96,92.02,48
825600,103200,-60273.41,88.26,107.41,48
825600,103200,-27403.11,87.52,52.00,48
825600,103200,-45988.20,26.47,77.70,48
825600,103200,-5624.86,26.14,9.83,48
825600,103200,-193761.29,92.45,331.97,48
825600,103200,-18326.66,27.41,30.96,48
825984,103248,-16014.84,88.07,32.93,48
825984,103248,-48170.75,86.14,86.49,48
825984,103248,156.76,28.04,0.00,48
825984,103248,-350849.59,88.76,595.11,48
825984,103248,-179136.39,89.54,306.93,48
825984,103248,-406784.64,29.81,682.91,48
825984,103248,-58770.06,90.45,104.99,48
825984,103248,-68507.82,31.80,115.70,48
826368,103296,-44430.45,88.28,80.72,48
826368,103296,-3360.40,24.03,6.08,48
826368,103296,-163674.24,84.41,280.26,48
826368,103296,-17808.49,24.47,30.15,48
826368,103296,-12177.71,88.53,26.28,48
826368,103296,-20901.91,84.65,40.74,48
826368,103296,-9629.18,89.21,22.60,48
826368,103296,-134944.69,87.38,232.55,48
826752,103344,-46009.58,28.40,78.23,48
826752,103344,-57658.73,89.02,102.77,48
826752,103344,-19617.40,34.77,33.74,48
826752,103344,-372418789813879.62,89.87,625000000313.42,48
826752,103344,-82787.30,29.75,139.43,48
826752,103344,-106032.33,85.11,183.68,48
826752,103344,3379.10,86.56,0.10,48
826752,103344,-168104.25,90.12,288.40,48
827136,103392,-51614.36,27.37,87.35,48
827136,103392,-73940.94,88.17,130.40,48
827136,103392,-158529.49,90.45,272.51,48
827136,103392,-167453.94,89.74,287.35,48
827136,103392,-273963.49,88.01,465.76,48
827136,103392,-27333.56,89.55,52.05,48
827136,103392,-15062.58,87.17,31.27,48
827136,103392,-54308.49,87.81,97.22,48
827520,103440,-42146.18,27.48,71.56,48
827520,103440,-3189.24,88.98,11.75,48
827520,103440,-202334.29,87.82,345.56,48
827520,103440,-8500.08,87.98,20.33,48
827520,103440,-20629.60,85.97,40.43,48
827520,103440,-7448375792764865.00,87.87,12500000000256.24,48
827520,103440,-2296582536151966.00,85.31,3854166666832.52,48
827520,103440,-34724.64,87.26,64.21,48
827904,103488,-4742.83,87.35,14.07,48
827904,103488,-49514.35,28.85,83.68,48
827904,103488,-2535.51,86.98,10.44,48
827904,103488,-54838.91,27.44,92.53,48
827904,103488,-176419.94,30.13,296.52,48
827904,103488,-9755.75,33.72,17.65,48
827904,103488,-33330.92,26.60,56.19,48
827904,103488,3457.05,86.18,0.31,48
828288,103536,2561.99,86.42,1.57,48
828288,103536,-66039.23,87.83,116.82,48
828288,103536,-7448375792713121.00,25.36,12500000000163.59,48
828288,103536,-153590.42,90.52,264.08,48
828288,103536,-27554.86,87.52,52.10,48
828288,103536,-33210.69,28.98,56.64,48
828288,103536,-54214.27,34.08,91.80,48
828288,103536,-80013.67,86.09,139.95,48
828672,103584,-58675.07,91.79,105.11,48
828672,103584,-118159.59,87.87,204.27,48
828672,103584,-11120.78,29.90,19.21,48
828672,103584,-240.20,29.30,1.33,48
828672,103584,-68667.85,88.62,121.42,48
828672,103584,-2327.29,86.18,9.81,48
828672,103584,-65872.16,87.42,116.55,48
828672,103584,-1407.79,85.96,8.44,48
829056,103632,-105999.74,32.06,178.70,48
829056,103632,-5040.95,89.22,14.78,48
829056,103632,-931046974296317.88,89.81,1562500000374.46,48
829056,103632,-8032.08,88.15,19.47,48
829056,103632,-374199.55,89.22,633.98,48
829056,103632,-1904.42,29.27,3.62,48
829056,103632,-80129.94,89.71,140.61,48
829056,103632,-45609.17,89.34,82.78,48
829440,103680,-33851.89,89.35,63.11,48
829440,103680,-214149.55,87.21,365.38,48
829440,103680,-84483.26,88.67,147.90,48
829440,103680,-167874.32,90.49,288.21,48
829440,103680,-931046974245710.25,88.03,1562500000289.17,48
829440,103680,-44292.62,30.83,74.90,48
829440,103680,-21083.43,86.76,41.52,48
829440,103680,-103277.60,91.45,179.96,48
829824,103728,-99555.98,84.57,172.75,48
829824,103728,-174734.58,87.96,299.45,48
829824,103728,-47860.88,29.45,80.56,48
829824,103728,-29570.53,88.24,55.66,48
829824,103728,-28821.50,24.91,48.57,48
829824,103728,-142521.24,85.08,244.76,48
829824,103728,-29542.23,26.96,49.78,48
829824,103728,-442193.28,88.21,748.22,48
830208,103776,2243.28,88.72,2.51,48
830208,103776,-62445.60,27.16,105.40,48
830208,103776,-1641.95,29.93,3.50,48
830208,103776,-12318.96,87.62,26.67,48
830208,103776,-73600.53,89.78,129.91,48
830208,103776,-1497.22,30.94,3.51,48
830208,103776,-3537978501646549.50,91.14,5937500000265.13,48
830208,103776,398.52,30.62,0.00,48
830592,103824,-30218.29,88.27,56.82,48
830592,103824,-1489675158660256.50,86.21,2500000000235.72,48
830592,103824,-372418789799034.25,28.12,625000000282.45,48
830592,103824,-64511.67,86.65,114.07,48
830592,103824,-495.43,86.19,6.86,48
830592,103824,-49033.08,24.65,82.55,48
830592,103824,-1489675158744662.25,86.23,2500000000377.74,48
830592,103824,-43913.25,87.52,79.70,48
830976,103872,-7448375792769901.00,29.72,12500000000259.67,48
830976,103872,-14206.01,26.62,24.01,48
830976,103872,-170704.38,86.53,292.52,48
830976,103872,1160.70,89.60,4.47,48
830976,103872,-470.44,29.87,1.38,48
830976,103872,-51805.74,92.11,93.76,48
830976,103872,-132444.16,87.16,228.15,48
830976,103872,1532.05,86.81,3.43,48
831360,103920,2947.92,87.32,0.95,48
831360,103920,-99236.86,89.19,172.94,48
831360,103920,-35556.15,88.43,65.85,48
831360,103920,-179145.19,32.95,301.52,48
831360,103920,-4133.93,29.97,7.80,48
831360,103920,-122869.98,87.87,212.26,48
831360,103920,-22339.28,90.78,44.12,48
831360,103920,-9075.95,89.84,21.83,48
831744,103968,-3537978501664325.50,28.46,5937500000288.79,48
831744,103968,-1183.25,89.96,8.39,48
831744,103968,-127901.49,28.14,215.28,48
831744,103968,-68790.66,28.48,116.01,48
831744,103968,-66701.22,90.82,118.41,48
831744,103968,-2783.33,86.45,10.64,48
831744,103968,-41464.64,86.52,75.47,48
831744,103968,1011.65,87.34,4.12,48
832128,104016,-15134.48,86.90,31.15,48
832128,104016,-3750.26,32.32,7.16,48
832128,104016,-54543.64,25.31,91.65,48
832128,104016,-126597.51,88.73,218.73,48
832128,104016,-60904.34,89.46,108.44,48
832128,104016,-22291.40,31.83,37.86,48
832128,104016,-55081.15,24.64,92.73,48
832128,104016,-80290.43,89.70,140.91,48
832512,104064,-27395.87,25.78,46.39,48
832512,104064,-3979.83,87.21,12.80,48
832512,104064,-132418.28,87.26,228.11,48
832512,104064,-68932.76,88.26,121.65,48
832512,104064,-102290.77,91.47,178.17,48
832512,104064,3123.48,85.72,0.60,48
832512,104064,-31864.63,90.12,59.88,48
832512,104064,-25798.42,84.45,48.92,48
832896,104112,-70527.35,30.03,119.34,48
832896,104112,-146986.47,88.09,252.74,48
832896,104112,-10608.16,28.70,18.79,48
832896,104112,-147909.99,86.65,254.13,48
832896,104112,-32606.13,87.14,60.77,48
832896,104112,-12245.96,86.45,26.32,48
832896,104112,-167108.53,29.10,281.01,48
832896,104112,-54572.30,30.39,91.77,48
833280,104160,-128053.38,87.28,220.83,48
833280,104160,-62817.40,29.68,106.31,48
833280,104160,-61154.47,88.67,108.91,48
833280,104160,-458934.62,87.92,776.35,48
833280,104160,-88070.73,89.88,154.19,48
833280,104160,-28550.30,31.06,48.81,48
833280,104160,-1016.54,89.62,8.03,48
833280,104160,-32643.25,89.79,61.00,48
833664,104208,-9838.13,92.22,23.23,48
833664,104208,-64383.03,87.33,113.96,48
833664,104208,-22962.38,91.21,45.13,48
833664,104208,-59810.77,28.08,100.96,48
833664,104208,-111313.99,87.28,192.72,48
833664,104208,-102042.99,29.78,171.99,48
833664,104208,-35383.19,88.02,65.47,48
833664,104208,-186690.69,26.32,313.90,48
834048,104256,-34603.15,85.71,63.99,48
834048,104256,-4822.79,28.51,8.91,48
834048,104256,-20670.15,32.12,35.80,48
834048,104256,3739.77,87.17,0.00,48
834048,104256,-92346.56,86.21,160.86,48
834048,104256,-3660.74,27.96,6.70,48
834048,104256,-7448375792787079.00,90.66,12500000000293.90,48
834048,104256,-62103.22,28.88,104.53,48
834432,104304,-72043.80,30.70,121.61,48
834432,104304,-4205.85,87.46,12.90,48
834432,104304,-45064.33,28.46,76.24,48
834432,104304,248.21,28.93,0.30,48
834432,104304,3182.09,88.59,1.04,48
834432,104304,-51998.98,30.49,87.72,48
834432,104304,-77723.09,28.89,131.04,48
834432,104304,-17293.10,89.21,35.21,48
834816,104352,-81422.07,26.47,136.71,48
834816,104352,-226031.08,35.82,379.80,48
834816,104352,-49124.41,88.89,88.51,48
834816,104352,-372418789795873.19,86.56,625000000282.90,48
834816,104352,-5920.13,87.52,15.95,48
834816,104352,1592.89,88.86,3.50,48
834816,104352,-162836.14,33.67,274.44,48
834816,104352,-17170.19,89.13,35.03,48
835200,104400,-3309.51,87.41,11.48,48
835200,104400,-103782.99,88.34,180.28,48
835200,104400,2468.28,86.50,1.83,48
835200,104400,-66003.35,90.18,117.01,48
835200,104400,-10302.17,25.59,17.74,48
835200,104400,-16971.60,85.80,34.36,48
835200,104400,-114180.77,88.26,197.65,48
835200,104400,-9563.19,26.87,16.81,48
835584,104448,-3647.15,88.67,12.43,48
835584,104448,-6707.19,86.86,17.19,48
835584,104448,-155401.82,88.78,266.80,48
835584,104448,-46249.60,92.54,84.31,48
835584,104448,-18936.13,86.20,37.77,48
835584,104448,-16149.78,87.08,32.98,48
835584,104448,-560662.16,85.79,946.68,48
835584,104448,-50844.49,88.46,91.55,48
835968,104496,-41187.15,31.11,69.72,48
835968,104496,-105458.51,25.33,177.44,48
835968,104496,-317272.77,86.21,538.11,48
835968,104496,-931046974214752.38,85.47,1562500000236.91,48
835968,104496,-111776.63,88.41,193.59,48
835968,104496,3538.47,88.76,0.27,48
835968,104496,-340316.56,28.83,571.89,48
835968,104496,-75241.29,87.29,132.18,48
836352,104544,-111698.53,90.58,193.87,48
836352,104544,-55359.32,87.22,98.63,48
836352,104544,3680.92,87.67,0.10,48
836352,104544,-74435.56,28.91,125.41,48
836352,104544,-147040.10,91.34,253.30,48
836352,104544,-49664.73,25.99,83.28,48
836352,104544,-14503.99,90.98,30.90,48
836352,104544,-63082.44,87.13,111.85,48
836736,104592,2359.87,88.62,2.18,48
836736,104592,-28928.47,86.01,54.49,48
836736,104592,-29121.65,90.97,55.40,48
836736,104592,-62603.99,89.85,111.19,48
836736,104592,-22366.42,86.32,43.38,48
836736,104592,-166679.05,86.67,285.63,48
836736,104592,-32606.46,26.84,54.94,48
836736,104592,-66576.68,28.38,112.29,48
837120,104640,-77511.63,87.34,136.04,48
837120,104640,-202728.66,32.28,340.88,48
837120,104640,-15493.40,32.37,26.65,48
837120,104640,-38489.73,86.07,70.33,48
837120,104640,-21890.71,24.64,37.06,48
837120,104640,-95399.53,88.43,166.20,48
837120,104640,-7345.34,30.42,12.44,48
837120,104640,-94713.55,88.17,164.87,48
837504,104688,-72931.95,27.84,122.87,48
837504,104688,-150980.05,29.58,253.45,48
837504,104688,-76537.39,27.67,128.76,48
837504,104688,-40340.81,30.37,68.24,48
837504,104688,-153770.97,88.82,264.34,48
837504,104688,-2296582536242536.00,29.85,3854166666979.40,48
837504,104688,3455.58,84.83,0.00,48
837504,104688,-23872.50,91.22,46.64,48
837888,104736,-170130.97,86.74,291.20,48
837888,104736,-159649.99,26.93,268.39,48
837888,104736,-36559.63,87.80,67.23,48
837888,104736,-50174.24,25.03,84.65,48
837888,104736,-61078.66,29.23,103.14,48
837888,104736,-159692.68,88.95,274.01,48
837888,104736,2835.90,90.48,1.58,48
837888,104736,-45555.54,91.22,83.09,48
838272,104784,-104214.99,28.11,175.33,48
838272,104784,2899.27,85.63,0.91,48
838272,104784,-54779.53,86.79,97.82,48
838272,104784,-75537.08,89.86,133.06,48
838272,104784,-362695.65,33.03,609.29,48
838272,104784,-69335.45,89.00,122.75,48
838272,104784,-8871.39,85.68,20.48,48
838272,104784,-29493.51,88.18,55.54,48
838656,104832,-1126.74,88.17,8.00,48
838656,104832,2453.71,87.31,1.90,48
838656,104832,-70090.08,90.28,123.86,48
838656,104832,-31562.29,84.73,58.57,48
838656,104832,-3747.73,32.00,6.76,48
838656,104832,-54888.31,89.36,98.37,48
838656,104832,144.05,22.98,0.25,48
838656,104832,-561976.77,28.05,943.30,48
839040,104880,-4585.59,24.71,8.01,48
839040,104880,-94550.51,90.28,164.96,48
839040,104880,-7488.67,27.30,12.98,48
839040,104880,-372418789770806.88,88.09,625000000241.23,48
839040,104880,-18034.37,89.04,36.51,48
839040,104880,-89373.33,90.59,156.45,48
839040,104880,-801.21,87.68,7.43,48
839040,104880,-71360.24,88.32,126.05,48
839424,104928,-110177.36,27.08,185.49,48
839424,104928,-60322.25,33.19,101.79,48
839424,104928,-15130.59,87.59,31.50,48
839424,104928,-12917.09,90.58,28.06,48
839424,104928,642.56,86.94,4.98,48
839424,104928,-102798.85,27.13,173.29,48
839424,104928,-116897.40,91.15,202.69,48
839424,104928,-81517.11,88.21,142.99,48
839808,104976,-45246.05,90.90,82.26,48
839808,104976,-15426.92,28.87,26.78,48
839808,104976,3607.11,86.93,0.00,48
839808,104976,-129913.66,85.79,223.79,48
839808,104976,-26191.62,87.17,50.01,48
839808,104976,-27357.93,89.21,52.00,48
839808,104976,-42347.81,85.77,77.03,48
839808,104976,-18628.93,88.43,37.45,48
840192,105024,3561.76,84.83,0.00,48
840192,105024,-25004.21,35.85,43.13,48
840192,105024,-21716.46,87.74,42.65,48
840192,105024,-30428.96,26.97,51.40,48
840192,105024,-17585.18,90.09,35.96,48
840192,105024,-81877.43,90.77,143.90,48
840192,105024,517.38,32.06,0.00,48
840192,105024,-82066.02,89.40,144.03,48
840576,105072,-368693.09,86.23,624.67,48
840576,105072,-138099.14,32.92,232.27,48
840576,105072,-7712.61,88.20,19.24,48
840576,105072,-271326.55,36.80,456.57,48
840576,105072,-5789.41,34.31,10.37,48
840576,105072,-19090.32,90.07,38.51,48
840576,105072,-7389.30,86.02,18.22,48
840576,105072,-133499.89,29.59,224.83,48
840960,105120,-53846.30,88.72,96.40,48
840960,105120,-161983.72,28.96,272.23,48
840960,105120,-447200.59,87.11,756.54,48
840960,105120,1636.13,90.49,3.82,48
840960,105120,-118848.56,87.13,205.46,48
840960,105120,-37523.16,31.90,63.52,48
840960,105120,-33625.88,32.55,57.27,48
840960,105120,-33664.33,88.78,62.47,48
841344,105168,-61061.53,91.47,109.05,48
841344,105168,-3390.14,87.17,11.60,48
841344,105168,-127619.99,28.46,214.60,48
841344,105168,-75666.36,90.36,133.21,48
841344,105168,-162800.19,88.33,279.31,48
841344,105168,-47210.32,31.51,79.88,48
841344,105168,1209.30,86.80,4.01,48
841344,105168,-97674.58,85.83,169.69,48
841728,105216,-2218.56,88.00,9.85,48
841728,105216,-40428.70,90.18,74.23,48
841728,105216,-17036.80,89.35,34.83,48
841728,105216,-2231.77,27.28,4.47,48
841728,105216,-34544.96,25.80,58.35,48
841728,105216,3656.45,88.17,0.00,48
841728,105216,-7874.26,26.76,13.52,48
841728,105216,-54167.54,31.15,91.38,48
842112,105264,-78684.99,26.93,132.12,48
842112,105264,-130553.85,91.31,225.67,48
842112,105264,-41628.39,89.11,76.04,48
842112,105264,-57600.70,28.39,97.24,48
842112,105264,-59490.27,85.76,105.42,48
842112,105264,-84722.68,92.68,148.86,48
842112,105264,-151377.83,88.36,259.92,48
842112,105264,-54044.43,25.38,90.86,48
842496,105312,3623.11,87.05,0.00,48
842496,105312,-181126.75,90.62,310.27,48
842496,105312,256.64,27.68,0.00,48
842496,105312,-69262.02,88.22,122.22,48
842496,105312,-196281.90,27.45,329.96,48
842496,105312,-4246.92,88.31,13.36,48
842496,105312,-3315.53,20.81,5.92,48
842496,105312,-91167.33,89.93,159.34,48
842880,105360,-64626.13,87.95,114.52,48
842880,105360,-617839.61,31.06,1037.35,48
842880,105360,-78133.45,84.83,136.67,48
842880,105360,-17154.56,89.59,34.91,48
842880,105360,-114440.35,33.60,192.58,48
842880,105360,-19405.93,30.71,33.19,48
842880,105360,-66081.95,85.58,116.66,48
842880,105360,-67238.60,87.50,118.80,48
843264,105408,-33140.69,90.25,61.91,48
843264,105408,2427.63,88.68,2.06,48
843264,105408,-22704.55,27.20,38.48,48
843264,105408,-43341.14,86.85,78.71,48
843264,105408,868.43,85.72,4.30,48
843264,105408,-76322.10,86.97,133.99,48
843264,105408,-171253.27,90.99,293.96,48
843264,105408,-300440.14,88.75,510.16,48
843648,105456,-437779.78,86.50,740.48,48
843648,105456,-23754.16,89.15,46.25,48
843648,105456,-21537.27,84.94,41.66,48
843648,105456,-48555.59,88.42,87.43,48
843648,105456,-131449.56,28.78,221.08,48
843648,105456,1513.62,91.24,4.11,48
843648,105456,-6292.27,88.90,16.92,48
843648,105456,-1264.82,85.71,7.86,48
844032,105504,-166359.09,32.16,279.58,48
844032,105504,-7030.99,30.57,12.30,48
844032,105504,-105641.10,91.67,183.97,48
844032,105504,-59870.88,32.22,101.01,48
844032,105504,-24235.41,87.33,46.68,48
844032,105504,-121119.36,86.28,209.25,48
844032,105504,-372418789760311.06,87.77,625000000223.42,48
844032,105504,-72572.41,87.77,127.74,48
844416,105552,-374886.99,87.77,634.95,48
844416,105552,-30098.37,87.55,56.55,48
844416,105552,-99540.16,85.20,172.60,48
844416,105552,-8386.83,30.68,14.79,48
844416,105552,-23786.81,92.60,46.83,48
844416,105552,-26964.25,88.19,51.29,48
844416,105552,-112354.96,84.86,194.30,48
844416,105552,992.75,86.27,4.17,48
844800,105600,-141523.41,26.47,237.93,48
844800,105600,-252905.54,86.88,430.26,48
844800,105600,-32887.21,86.89,61.12,48
844800,105600,-125052.13,87.34,215.84,48
844800,105600,-36013.41,88.36,66.54,48
844800,105600,-104049.29,33.40,175.61,48
844800,105600,-132160.52,89.54,228.24,48
844800,105600,-94168.21,88.12,164.08,48
845184,105648,314.10,29.00,0.00,48
845184,105648,-150253.12,27.24,252.84,48
845184,105648,-36513.43,28.30,61.76,48
845184,105648,-30365.37,25.89,51.37,48
845184,105648,-10954.43,28.82,18.99,48
845184,105648,-30133.64,89.38,56.72,48
845184,105648,-125436.66,31.57,211.37,48
845184,105648,-27741.48,87.35,52.51,48
845568,105696,-143368.89,26.97,241.01,48
845568,105696,-131741.76,26.15,221.48,48
845568,105696,-67540.72,86.71,119.39,48
845568,105696,-9811.11,86.71,22.38,48
845568,105696,-37844.76,33.73,64.38,48
845568,105696,-79312.75,86.87,139.11,48
845568,105696,-790.55,27.86,2.09,48
845568,105696,-2530.44,90.30,10.51,48
845952,105744,-2792.16,31.97,5.30,48
845952,105744,-97291.91,85.22,168.95,48
845952,105744,-29731.05,88.34,55.78,48
845952,105744,-13412.84,26.10,22.75,48
845952,105744,-72099.24,32.08,121.57,48
845952,105744,-29516.57,87.21,55.46,48
845952,105744,-18163.98,86.70,36.32,48
845952,105744,-54681.21,86.66,97.65,48
846336,105792,-13343.36,89.87,28.84,48
846336,105792,-16956.89,86.53,34.35,48
846336,105792,-372418789752181.75,25.58,625000000204.30,48
846336,105792,-118725.46,86.08,205.07,48
846336,105792,-36580.62,22.97,61.41,48
846336,105792,-3528.03,31.18,6.63,48
846336,105792,-21055.45,27.63,35.66,48
846336,105792,-28366.78,32.02,48.32,48
846720,105840,-163587.10,87.24,280.71,48
846720,105840,-90702.01,27.33,152.59,48
846720,105840,-615498.21,88.04,1039.08,48
846720,105840,-182195.44,30.83,306.21,48
846720,105840,-32678.53,28.52,55.35,48
846720,105840,-56776.18,91.57,101.80,48
846720,105840,2968.72,89.57,1.39,48
846720,105840,-37762.19,87.85,69.37,48
847104,105888,-27221.71,87.33,51.82,48
847104,105888,-7217.24,27.93,12.81,48
847104,105888,-44117.29,85.96,79.74,48
847104,105888,-11479.60,86.71,25.16,48
847104,105888,-548292.37,92.42,926.99,48
847104,105888,2109.96,88.42,2.56,48
847104,105888,-101246.06,90.32,176.39,48
847104,105888,-114868.65,26.43,193.25,48
847488,105936,-7448375792795933.00,28.85,12500000000302.81,48
847488,105936,-53721.15,28.52,90.67,48
847488,105936,-21447.87,87.49,42.12,48
847488,105936,-60650.47,85.43,107.46,48
847488,105936,-4557.65,88.10,13.68,48
847488,105936,-28849.18,25.14,48.60,48
847488,105936,-50034.41,90.71,90.54,48
847488,105936,-38371.30,27.91,65.06,48
847872,105984,-223046.02,89.75,380.56,48
847872,105984,-109526.44,87.75,190.17,48
847872,105984,-74414.27,89.20,130.95,48
847872,105984,-62908.43,86.02,111.30,48
847872,105984,-120622.59,90.27,208.86,48
847872,105984,-7817.68,88.71,19.38,48
847872,105984,-17771.88,88.62,35.87,48
847872,105984,-63130.21,28.38,106.35,48
848256,106032,-18708.52,23.75,31.68,48
848256,106032,-80188.31,27.61,135.07,48
848256,106032,-50033.70,28.96,84.51,48
848256,106032,-46000.92,88.35,83.40,48
848256,106032,-60956.89,89.48,108.41,48
848256,106032,-55188.46,88.87,98.84,48
848256,106032,-106830.59,29.75,179.98,48
848256,106032,-60579.76,27.11,102.28,48
848640,106080,-27046.15,86.52,51.34,48
848640,106080,-3537978501748691.00,28.58,5937500000430.54,48
848640,106080,-94124.42,87.87,163.88,48
848640,106080,-38813.91,86.97,71.18,48
848640,106080,-3537978501654757.00,29.37,5937500000272.91,48
848640,106080,-226818.25,31.42,381.32,48
848640,106080,-96270.04,88.59,167.48,48
848640,106080,-69247.91,88.36,122.10,48
849024,106128,-27904.11,25.59,47.49,48
849024,106128,-135486.89,29.11,227.87,48
849024,106128,-92319.83,87.00,160.81,48
849024,106128,-91761.91,87.68,159.99,48
849024,106128,-75156.23,88.65,132.32,48
849024,106128,-44082.76,88.48,80.05,48
849024,106128,-10097.02,30.99,17.64,48
849024,106128,-92025.67,89.96,160.86,48
849408,106176,3460.40,90.32,0.66,48
849408,106176,-10913.07,91.09,24.87,48
849408,106176,-117403.25,26.41,197.37,48
849408,106176,-2972.09,28.54,5.45,48
849408,106176,2232.20,88.84,2.45,48
849408,106176,-16838.03,87.21,34.35,48
849408,106176,-49072.36,86.44,88.23,48
849408,106176,-59360.86,89.02,105.77,48
849792,106224,-22639.43,90.87,44.39,48
849792,106224,-159579.62,27.08,268.11,48
849792,106224,-10737.63,85.55,23.93,48
849792,106224,-20599.05,87.72,40.64,48
849792,106224,-144446.62,26.33,242.68,48
849792,106224,-50018.89,24.02,84.00,48
849792,106224,-84363.58,87.63,147.72,48
849792,106224,-149163.18,89.53,256.56,48
850176,106272,-36585.94,30.33,62.21,48
850176,106272,-192134.91,29.20,323.12,48
850176,106272,-76286.46,28.83,128.56,48
850176,106272,-121825.68,26.24,204.54,48
850176,106272,-28566.67,28.96,48.40,48
850176,106272,-102813.07,89.06,178.62,48
850176,106272,-4114.86,27.66,7.18,48
850176,106272,-74775.02,30.56,125.96,48
850560,106320,-140217.21,88.43,241.30,48
850560,106320,-2666.08,85.12,10.35,48
850560,106320,-27893.05,86.34,52.55,48
850560,106320,-80491.51,32.49,136.09,48
850560,106320,-93315.14,31.80,157.29,48
850560,106320,-2356.54,87.33,9.88,48
850560,106320,-45074.79,90.49,81.98,48
850560,106320,-61089.05,89.20,108.65,48
850944,106368,-30515.65,90.78,57.76,48
850944,106368,-1686.72,90.55,9.37,48
850944,106368,-403894.71,30.82,678.26,48
850944,106368,-3537978501625781.00,85.92,5937500000229.46,48
850944,106368,-33032.51,89.17,61.63,48
850944,106368,-7909.43,27.64,13.50,48
850944,106368,-47886.05,88.41,86.59,48
850944,106368,-7785.42,25.22,13.36,48
851328,106416,-51941.25,86.35,92.81,48
851328,106416,-187520.78,28.54,314.98,48
851328,106416,-16696.36,87.96,34.12,48
851328,106416,-44751.59,88.38,80.99,48
851328,106416,-134733.99,89.83,232.34,48
851328,106416,-279777.88,85.58,475.34,48
851328,106416,3549.68,85.00,0.01,48
851328,106416,78.36,83.69,5.32,48
851712,106464,-109342.50,87.71,189.53,48
851712,106464,-112439.87,87.09,194.84,48
851712,106464,2223.72,89.17,2.69,48
851712,106464,-108682.28,27.66,182.53,48
851712,106464,-5271.97,27.61,9.52,48
851712,106464,-50073.71,86.59,89.93,48
851712,106464,-113817.89,33.08,191.53,48
851712,106464,-1144.86,28.30,2.64,48
852096,106512,-12051.84,88.79,26.47,48
852096,106512,-17882.34,88.89,36.34,48
852096,106512,-34763.01,89.48,64.48,48
852096,106512,-16386.49,28.27,28.19,48
852096,106512,-85255.50,86.61,149.06,48
852096,106512,-58299.27,87.97,103.92,48
852096,106512,-128991.62,29.63,217.18,48
852096,106512,-118037.13,29.45,198.59,48
852480,106560,-58716.44,89.88,104.76,48
852480,106560,-52771.45,30.46,89.23,48
852480,106560,-81556.97,85.83,142.76,48
852480,106560,-172980.74,30.00,290.89,48
852480,106560,1910.32,83.62,2.48,48
852480,106560,-10164.20,34.67,17.74,48
852480,106560,-424869.28,88.47,719.09,48
852480,106560,202.60,28.57,0.31,48
852864,106608,-6805.61,87.21,17.25,48
852864,106608,-24171.84,89.15,46.85,48
852864,106608,-32945.33,88.50,61.55,48
852864,106608,-6370.30,31.51,11.46,48
852864,106608,-91803.44,89.90,160.60,48
852864,106608,-36397.37,33.66,61.75,48
852864,106608,-3537978501606560.50,26.98,5937500000191.93,48
852864,106608,-70353.62,87.08,123.83,48
853248,106656,-350863.63,83.10,594.21,48
853248,106656,-67083.66,89.17,118.89,48
853248,106656,461.20,28.17,0.00,48
853248,106656,-46787.92,28.66,79.00,48
853248,106656,-172246.89,29.00,289.33,48
853248,106656,-89526.67,25.63,150.35,48
853248,106656,-59144.57,90.42,105.84,48
853248,106656,1572.06,89.27,3.65,48
853632,106704,-9689.62,86.27,22.22,48
853632,106704,-74296.03,86.91,130.67,48
853632,106704,209.29,26.14,0.00,48
853632,106704,-125661.89,28.25,211.20,48
853632,106704,-1626.53,88.00,8.63,48
853632,106704,-10284.17,30.14,17.96,48
853632,106704,-434187.71,89.71,734.92,48
853632,106704,-7448375792844542.00,85.59,12500000000389.85,48
854016,106752,2458.77,91.63,2.49,48
854016,106752,-19021.67,31.94,32.48,48
854016,106752,-100027.63,88.34,173.92,48
854016,106752,-71681.64,27.14,120.71,48
854016,106752,-89824.65,29.91,151.40,48
854016,106752,-931046974254168.25,91.81,1562500000304.01,48
854016,106752,-70395.38,87.73,124.25,48
854016,106752,-23106.42,88.78,44.92,48
854400,106800,-69353.55,27.45,117.11,48
854400,106800,-29511.78,86.96,55.47,48
854400,106800,-335501.19,88.79,569.10,48
854400,106800,-25881.41,86.34,49.06,48
854400,106800,-118878.93,88.17,205.43,48
854400,106800,-43215.22,27.11,73.03,48
854400,106800,-199.07,24.76,0.78,48
854400,106800,-132696.59,87.47,228.51,48
854784,106848,-54801.61,89.53,98.18,48
854784,106848,-116881.70,89.62,202.58,48
854784,106848,-126028.85,26.25,211.70,48
854784,106848,-53923.33,87.97,96.58,48
854784,106848,-18272.72,90.71,37.16,48
854784,106848,-130068.37,88.05,224.21,48
854784,106848,-130889.48,86.21,225.48,48
854784,106848,-59896.45,86.15,106.15,48
855168,106896,-1489675158693121.75,28.42,2500000000285.51,48
855168,106896,-114022.54,88.81,197.48,48
855168,106896,-95056.20,85.61,165.48,48
855168,106896,-433709.33,87.36,733.73,48
855168,106896,-41016.61,27.25,69.60,48
855168,106896,-135215.15,87.05,232.94,48
855168,106896,-23551.82,31.51,40.44,48
855168,106896,-15532.88,28.74,26.50,48
855552,106944,-111037.03,88.44,192.59,48
855552,106944,-44508.26,88.52,80.77,48
855552,106944,-2296582536238642.00,89.55,3854166666978.42,48
855552,106944,-580763.85,29.61,974.96,48
855552,106944,-207984.11,88.08,355.19,48
855552,106944,-527237.32,87.97,890.69,48
855552,106944,-537480.85,88.01,908.07,48
855552,106944,-80298.02,87.82,140.78,48
855936,106992,-337598.12,27.47,566.94,48
855936,106992,-148144.06,90.11,254.94,48
855936,106992,-171731.16,28.83,288.75,48
855936,106992,-11946.57,87.84,26.16,48
855936,106992,-42237.58,27.66,71.65,48
855936,106992,-95826.19,31.08,161.31,48
855936,106992,-103917.67,25.18,174.58,48
855936,106992,-72561.65,91.55,128.32,48
856320,107040,-19294.42,85.72,38.24,48
856320,107040,-76119.99,29.09,128.78,48
856320,107040,-3939.18,89.60,12.86,48
856320,107040,-931046974275228.00,90.72,1562500000339.31,48
856320,107040,-100190.02,31.21,168.82,48
856320,107040,2166.10,88.09,2.57,48
856320,107040,-133639.68,87.23,230.45,48
856320,107040,-81085.51,29.51,136.60,48
856704,107088,-36332.81,89.10,67.37,48
856704,107088,-1752.50,88.20,9.09,48
856704,107088,-4503.77,84.65,13.30,48
856704,107088,-4692.55,88.93,14.23,48
856704,107088,-4426.21,87.77,13.57,48
856704,107088,-37083.59,87.30,68.25,48
856704,107088,-168139.58,28.44,282.49,48
856704,107088,-586664.58,89.01,990.67,48
857088,107136,-7448375792814863.00,33.39,12500000000335.07,48
857088,107136,-7448375792807360.00,89.08,12500000000327.64,48
857088,107136,-132591.09,87.96,228.51,48
857088,107136,-20034.21,82.51,39.10,48
857088,107136,-64884.71,88.99,115.07,48
857088,107136,-17799.49,86.74,35.80,48
857088,107136,-77641.84,88.84,136.40,48
857088,107136,-161651.45,89.28,277.58,48
857472,107184,-27252.27,85.06,51.35,48
857472,107184,-78415.62,91.34,138.22,48
857472,107184,-105159.55,87.50,182.70,48
857472,107184,-75313.69,87.11,132.36,48
857472,107184,-82818.06,88.40,145.01,48
857472,107184,-51288.64,87.13,91.84,48
857472,107184,-2808.82,91.57,11.47,48
857472,107184,-173496.25,90.05,297.64,48
857856,107232,-76969.41,86.51,135.09,48
857856,107232,-6958.28,90.51,18.19,48
857856,107232,-25565.26,30.66,43.46,48
857856,107232,-11382.12,85.01,24.74,48
857856,107232,-31030.61,88.16,58.36,48
857856,107232,-70897.50,85.73,124.68,48
857856,107232,-55753.59,89.62,99.89,48
857856,107232,-69472.74,88.58,122.66,48
858240,107280,-212937.39,88.37,363.33,48
858240,107280,-22643.49,88.75,44.28,48
858240,107280,-1465.03,30.06,3.01,48
858240,107280,1851.83,84.57,2.75,48
858240,107280,-11361.08,27.92,19.80,48
858240,107280,-21512.49,85.57,41.84,48
858240,107280,3085.12,85.96,0.68,48
858240,107280,-34536.97,25.09,57.96,48
858624,107328,-66989.49,29.62,112.76,48
858624,107328,-54172.84,87.45,96.94,48
858624,107328,-137187.29,86.05,236.12,48
858624,107328,-9683.58,86.07,22.02,48
858624,107328,-161909.02,31.14,272.52,48
858624,107328,-11563.91,90.19,25.82,48
858624,107328,-29412.77,27.90,49.95,48
858624,107328,30.67,83.73,5.51,48
859008,107376,3733.68,87.20,0.00,48
859008,107376,-1584.69,29.21,3.20,48
859008,107376,-7128.55,33.65,12.63,48
859008,107376,-4926.39,28.67,9.02,48
859008,107376,-28492.63,28.57,48.47,48
859008,107376,-25030.75,89.64,48.38,48
859008,107376,-9291.93,31.21,16.50,48
859008,107376,-48983.11,87.57,87.95,48
859392,107424,-57217.19,91.04,102.52,48
859392,107424,-118711.66,24.77,199.31,48
859392,107424,-16053.47,89.13,33.34,48
859392,107424,-56323.00,90.48,100.95,48
859392,107424,-37460.61,24.51,63.20,48
859392,107424,-141829.65,90.36,244.48,48
859392,107424,-96591.65,87.90,168.29,48
859392,107424,-3537978501650546.50,30.38,5937500000265.56,48
859776,107472,-266366.03,89.47,453.29,48
859776,107472,-28180.12,88.45,53.60,48
859776,107472,-53514.67,92.62,96.65,48
859776,107472,-18278.41,87.67,36.67,48
859776,107472,-1653.79,86.30,8.57,48
859776,107472,-13271.78,89.62,28.70,48
859776,107472,-6302.82,86.03,16.49,48
859776,107472,-64140.81,88.15,113.76,48
860160,107520,-57559.33,87.57,102.63,48
860160,107520,-65440.59,90.59,116.39,48
860160,107520,-116549.04,87.06,201.41,48
860160,107520,-66958.77,28.01,113.10,48
860160,107520,-68857.94,88.77,121.68,48
860160,107520,-78612.64,84.70,137.67,48
860160,107520,-192656.87,26.35,323.97,48
860160,107520,-63274.17,29.33,106.85,48
860544,107568,-2133.88,90.80,10.25,48
860544,107568,-7544.80,88.37,18.62,48
860544,107568,-177473.92,30.26,298.40,48
860544,107568,-37556.85,90.62,69.33,48
860544,107568,-474246.97,89.51,802.38,48
860544,107568,-18313.55,30.89,31.41,48
860544,107568,-42785.78,88.62,77.76,48
860544,107568,-254403.42,23.99,427.33,48
860928,107616,-3575.86,87.14,11.91,48
860928,107616,-18150.01,87.97,36.52,48
860928,107616,-93977.87,86.51,163.70,48
860928,107616,-215201.20,90.21,367.46,48
860928,107616,-240772.72,91.14,410.53,48
860928,107616,-372418789726939.75,87.24,625000000167.33,48
860928,107616,-36979.50,22.24,62.18,48
860928,107616,-24156.55,89.07,46.98,48
861312,107664,-176505.03,29.24,296.95,48
861312,107664,-26514.89,85.11,49.96,48
861312,107664,3347.22,89.84,0.76,48
861312,107664,-7309.73,87.04,18.05,48
861312,107664,-224193.43,34.11,376.98,48
861312,107664,-118703.23,30.93,199.96,48
861312,107664,-235702.18,30.35,396.44,48
861312,107664,-65052.45,29.56,109.82,48
861696,107712,3524.53,86.77,0.00,48
861696,107712,1779.46,90.45,3.59,48
861696,107712,-39680.20,88.40,72.71,48
861696,107712,-2277.31,88.26,9.90,48
861696,107712,-10975.88,31.46,19.50,48
861696,107712,-5665.76,86.68,15.46,48
861696,107712,-160728.00,87.65,275.68,48
861696,107712,-7215.59,25.24,12.34,48
862080,107760,-14727.60,85.50,30.47,48
862080,107760,-26943.09,86.75,51.07,48
862080,107760,-173433.58,89.17,297.25,48
862080,107760,-69747.81,32.29,117.54,48
862080,107760,-192516.76,31.24,323.59,48
862080,107760,-19499.37,29.96,33.49,48
862080,107760,-74688.96,91.16,131.94,48
862080,107760,-180375.42,33.24,303.64,48
862464,107808,-818.66,84.96,6.94,48
862464,107808,-37271.93,87.10,68.50,48
862464,107808,-4223.06,89.94,13.31,48
862464,107808,-39315.17,89.64,72.41,48
862464,107808,-329082.40,88.80,558.40,48
862464,107808,-89517.27,90.47,156.44,48
862464,107808,-168604.60,28.38,283.44,48
862464,107808,-372418789828861.44,87.13,625000000338.40,48
862848,107856,484.26,84.64,5.01,48
862848,107856,-31598.36,90.86,59.55,48
862848,107856,-7559.26,32.44,13.67,48
862848,107856,-110516.58,26.70,186.04,48
862848,107856,-108477.48,87.15,188.04,48
862848,107856,-372418789856287.50,87.94,625000000384.40,48
862848,107856,-97444.66,86.20,169.33,48
862848,107856,-81262.06,90.56,142.73,48
863232,107904,-92618.99,87.07,161.50,48
863232,107904,-69576.37,31.26,117.81,48
863232,107904,-158501.09,89.93,272.50,48
863232,107904,-47882.04,26.41,80.82,48
863232,107904,-2796.54,31.55,5.36,48
863232,107904,-25033.72,89.46,48.33,48
863232,107904,-151948.68,28.37,255.48,48
863232,107904,-193587.82,87.26,330.81,48
863616,107952,-21775.52,30.50,37.36,48
863616,107952,-339848.40,88.72,576.55,48
863616,107952,-35465.76,85.16,65.07,48
863616,107952,-24222.01,25.65,40.72,48
863616,107952,-96738.41,86.14,168.14,48
863616,107952,-19605.55,85.60,38.60,48
863616,107952,-14799.59,27.26,25.60,48
863616,107952,1046.94,88.34,4.57,48
864000,108000,-18342.81,87.69,36.92,48
864000,108000,-1942.43,86.21,9.20,48
864000,108000,-67778.37,34.56,114.86,48
864000,108000,-79205.26,89.61,139.28,48
864000,108000,-712076.49,32.25,1195.42,48
864000,108000,-7993.09,28.97,13.93,48
864000,108000,-227447.31,28.47,382.20,48
864000,108000,-9654.96,85.75,21.94,48
864384,108048,-125861.73,27.36,211.64,48
864384,108048,-73264.45,29.08,123.54,48
864384,108048,-6615.81,27.03,11.55,48
864384,108048,-41706.37,87.74,75.96,48
864384,108048,-79950.73,31.59,135.05,48
864384,108048,-1285.27,84.23,7.95,48
864384,108048,-66773.36,90.82,118.54,48
864384,108048,-109311.88,29.25,183.74,48
864768,108096,-372418789944891.31,31.64,625000000527.85,48
864768,108096,-311206.41,87.66,528.41,48
864768,108096,-188931.02,28.00,317.62,48
864768,108096,-61622.40,89.92,109.89,48
864768,108096,-132989.99,86.66,228.95,48
864768,108096,-89792.10,90.42,157.03,48
864768,108096,3342.56,88.24,0.66,48
864768,108096,-51152.13,90.13,92.23,48
865152,108144,-229672.62,30.12,386.36,48
865152,108144,-183677.63,87.56,314.42,48
865152,108144,-41844.12,88.57,76.35,48
865152,108144,-10667.05,30.29,18.40,48
865152,108144,-79623.10,89.03,139.83,48
865152,108144,-29659.60,88.60,55.97,48
865152,108144,-29813.69,87.18,55.96,48
865152,108144,-53520.01,27.62,90.58,48
865536,108192,-146369.22,86.67,251.53,48
865536,108192,-46250.29,26.90,78.02,48
865536,108192,-6604.95,87.83,17.03,48
865536,108192,-46041.64,28.07,77.65,48
865536,108192,-22703.06,87.56,44.21,48
865536,108192,-15819.89,87.74,32.63,48
865536,108192,-112549.07,25.92,189.42,48
865536,108192,3531.31,91.31,0.76,48
865920,108240,-63327.07,26.77,106.73,48
865920,108240,-17330.73,89.12,35.29,48
865920,108240,-164267.12,88.35,281.94,48
865920,108240,-3537978501678317.50,25.92,5937500000312.35,48
865920,108240,-5250.57,87.60,14.89,48
865920,108240,-207265.61,88.59,353.99,48
865920,108240,-64115.31,26.01,107.92,48
865920,108240,-146183.00,88.45,251.57,48
866304,108288,-49860.82,35.80,84.81,48
866304,108288,470.46,29.06,0.01,48
866304,108288,-100584.69,91.55,175.49,48
866304,108288,2236.84,88.32,2.45,48
866304,108288,-5058.01,88.44,14.64,48
866304,108288,3071.20,87.29,0.81,48
866304,108288,-57638.49,30.24,97.39,48
866304,108288,-46500.69,88.69,84.08,48
866688,108336,-182391.88,88.69,312.27,48
866688,108336,-56705.31,90.37,101.59,48
866688,108336,-115178.14,89.83,199.53,48
866688,108336,-91835.98,88.92,160.37,48
866688,108336,-160049.19,86.12,274.23,48
866688,108336,-1489675158679739.00,87.98,2500000000268.73,48
866688,108336,1852.86,91.57,3.50,48
866688,108336,-19125.61,85.96,37.88,48
867072,108384,-87957.04,30.84,148.24,48
867072,108384,-108681.90,85.54,188.01,48
867072,108384,-218708.84,86.74,372.90,48
867072,108384,-63235.22,32.55,106.57,48
867072,108384,-246825.12,86.94,419.96,48
867072,108384,-41782.63,31.49,70.75,48
867072,108384,-132627.51,27.66,222.72,48
867072,108384,-157158.48,92.19,270.38,48
867456,108432,-2296582536197033.50,87.08,3854166666908.31,48
867456,108432,-12126.28,24.72,21.19,48
867456,108432,-31007.11,86.74,58.11,48
867456,108432,-127342.27,28.62,214.58,48
867456,108432,3292.06,88.06,0.65,48
867456,108432,-6521.71,86.55,16.64,48
867456,108432,-148085.41,87.70,254.74,48
867456,108432,-61741.27,88.92,109.68,48
867840,108480,-31988.02,89.34,59.65,48
867840,108480,-105059.45,89.94,182.68,48
867840,108480,405.09,86.24,5.30,48
867840,108480,-61143.97,86.85,108.60,48
867840,108480,-224121.81,28.71,376.59,48
867840,108480,3276.29,84.23,0.00,48
867840,108480,-78837.44,24.63,132.82,48
867840,108480,-5273.67,85.63,14.74,48
868224,108528,-21524.08,88.64,42.27,48
868224,108528,-2518.19,24.49,4.41,48
868224,108528,-108615.13,91.16,188.91,48
868224,108528,-30994.35,89.36,58.31,48
868224,108528,-67750.41,29.70,113.98,48
868224,108528,-18204.27,29.22,31.04,48
868224,108528,-3023.76,29.91,5.97,48
868224,108528,-88404.98,90.53,154.72,48
868608,108576,-423378.22,90.54,717.01,48
868608,108576,-46000.73,32.89,77.91,48
868608,108576,-5330.03,26.31,9.56,48
868608,108576,-54253.71,22.14,91.49,48
868608,108576,-8100.95,84.19,19.22,48
868608,108576,-146345.36,31.10,246.15,48
868608,108576,-31356.05,28.68,52.72,48
868608,108576,-30052.37,89.64,56.69,48
868992,108624,-19102.22,87.13,37.92,48
868992,108624,-1148.20,27.46,2.54,48
868992,108624,-216528.35,27.51,363.92,48
868992,108624,-57758.85,88.21,102.98,48
868992,108624,-117261.10,29.99,197.53,48
868992,108624,-102859.64,28.93,172.94,48
868992,108624,-148956.49,85.60,255.77,48
868992,108624,-32002.60,25.37,54.44,48
869376,108672,-16419.73,27.02,28.29,48
869376,108672,-22152.47,30.55,37.90,48
869376,108672,-76397.89,90.45,134.70,48
869376,108672,-99608.46,91.44,173.73,48
869376,108672,-9066.48,84.10,20.83,48
869376,108672,-108013.14,32.97,181.88,48
869376,108672,-3291.59,87.20,11.55,48
869376,108672,-112314.55,30.81,189.40,48
869760,108720,-32436.37,90.13,60.84,48
869760,108720,-31094.03,88.07,58.23,48
869760,108720,-141352.23,30.27,238.13,48
869760,108720,-120405.73,28.99,202.85,48
869760,108720,-127921.26,86.69,220.67,48
869760,108720,-89551.92,29.26,151.08,48
869760,108720,-54436.57,89.25,97.53,48
869760,108720,-348333.51,88.83,590.70,48
870144,108768,-122694.50,86.53,211.69,48
870144,108768,-64172.58,87.20,113.74,48
870144,108768,-208876.78,30.00,351.46,48
870144,108768,-77836.45,88.88,136.77,48
870144,108768,-372418789756262.69,84.27,625000000216.11,48
870144,108768,-73668.15,85.03,129.16,48
870144,108768,-61748.95,31.83,103.99,48
870144,108768,2239.15,85.44,2.41,48
870528,108816,-56161.08,86.32,100.03,48
870528,108816,-71976.24,28.65,121.39,48
870528,108816,-58539.35,89.65,104.44,48
870528,108816,-99917.62,90.26,174.04,48
870528,108816,-36180.48,86.93,66.78,48
870528,108816,-65699.79,89.31,116.44,48
870528,108816,-239032.32,28.87,401.55,48
870528,108816,1035.71,90.52,4.65,48
870912,108864,-6158.76,91.03,16.74,48
870912,108864,-25716.14,88.57,49.26,48
870912,108864,-96993.02,85.53,168.67,48
870912,108864,343.93,87.60,5.41,48
870912,108864,-169135.33,87.10,289.85,48
870912,108864,-115790.38,87.13,200.37,48
870912,108864,-11533.73,87.69,25.33,48
870912,108864,-2279.73,86.43,9.63,48
871296,108912,-197262.64,85.67,336.74,48
871296,108912,-20666.87,26.86,35.12,48
871296,108912,-75521.26,36.06,127.71,48
871296,108912,-10151.37,29.51,17.65,48
871296,108912,-50338.80,87.86,90.44,48
871296,108912,-45481.89,90.54,82.76,48
871296,108912,-62239.93,29.83,105.01,48
871296,108912,-334601.95,88.92,567.80,48
871680,108960,-35766.59,85.84,65.96,48
871680,108960,-96132.66,26.67,161.79,48
871680,108960,-110941.01,86.30,191.99,48
871680,108960,-12416.23,90.41,27.44,48
871680,108960,-122494.02,88.79,211.74,48
871680,108960,-51456.70,32.00,87.27,48
871680,108960,-3386.30,87.79,11.85,48
871680,108960,-11791.96,30.32,20.34,48
872064,109008,-8388.24,89.15,20.37,48
872064,109008,-46896.84,87.23,84.68,48
872064,109008,-161495.15,88.45,277.15,48
872064,109008,-625226.62,28.97,1049.76,48
872064,109008,-8433.45,29.78,14.56,48
872064,109008,-35233.81,27.32,59.27,48
872064,109008,-67844.42,89.85,120.02,48
872064,109008,-78854.50,89.07,138.53,48
872448,109056,-932.11,30.39,2.49,48
872448,109056,-42.11,27.98,0.88,48
872448,109056,-1489675158705044.25,91.44,2500000000311.74,48
872448,109056,-9619.15,26.05,16.76,48
872448,109056,-41610.36,27.04,70.27,48
872448,109056,-85726.78,87.30,149.83,48
872448,109056,-14577.26,86.45,30.27,48
872448,109056,1611.93,89.33,3.50,48
872832,109104,-59816.98,90.01,106.78,48
872832,109104,-141337.38,89.39,243.37,48
872832,109104,-15074.88,87.36,31.46,48
872832,109104,-95837.58,88.36,166.77,48
872832,109104,-931046974207801.62,28.72,1562500000219.93,48
872832,109104,-11044.83,87.34,24.71,48
872832,109104,-87667.99,89.75,153.45,48
872832,109104,-569896.96,88.40,962.45,48
873216,109152,-177869.63,90.62,304.86,48
873216,109152,-7501.20,27.59,13.18,48
873216,109152,-64826.07,29.60,109.29,48
873216,109152,-119632.50,29.62,201.21,48
873216,109152,-48334.81,28.96,81.56,48
873216,109152,3940.98,91.16,0.02,48
873216,109152,-8082.22,89.65,19.87,48
873216,109152,3585.50,86.81,0.00,48
873600,109200,-43121.56,31.23,73.01,48
873600,109200,-21306.57,26.67,36.23,48
873600,109200,-114271.15,34.12,192.59,48
873600,109200,-100583.85,87.98,174.84,48
873600,109200,-15440.98,91.29,32.52,48
873600,109200,-66793.83,88.29,118.28,48
873600,109200,-59241.09,88.28,105.26,48
873600,109200,-73609.79,89.13,129.84,48
873984,109248,2395.75,89.27,2.20,48
873984,109248,-14882.11,89.46,31.23,48
873984,109248,-931046974172854.88,86.60,1562500000166.66,48
873984,109248,-2284.62,27.74,4.24,48
873984,109248,-70540.36,87.54,124.46,48
873984,109248,-163320.23,28.24,274.26,48
873984,109248,-52928.65,87.42,94.63,48
873984,109248,-12704.81,90.54,27.73,48
874368,109296,-46356.02,29.74,78.63,48
874368,109296,-171045.13,87.39,293.01,48
874368,109296,-125218.35,84.08,215.76,48
874368,109296,-578.81,85.01,6.70,48
874368,109296,-286350.47,89.74,486.71,48
874368,109296,-198624.96,28.22,333.90,48
874368,109296,-1240.76,87.87,8.25,48
874368,109296,-74794.53,23.94,125.90,48
874752,109344,470.52,87.27,5.31,48
874752,109344,-26328.42,86.94,50.12,48
874752,109344,-195177.45,27.47,328.37,48
874752,109344,-63365.85,28.46,107.18,48
874752,109344,-89663.93,88.40,156.66,48
874752,109344,-392.68,87.66,6.80,48
874752,109344,-33957.08,87.92,62.96,48
874752,109344,-35635.38,88.58,65.80,48
875136,109392,-16217.04,90.53,33.65,48
875136,109392,-1489675158711834.50,87.90,2500000000322.84,48
875136,109392,-10481.45,88.51,23.85,48
875136,109392,-22904.44,86.25,44.53,48
875136,109392,1931.41,88.68,2.98,48
875136,109392,-55477.38,26.85,93.49,48
875136,109392,-2228.73,88.59,9.84,48
875136,109392,-99808.65,84.57,173.16,48
875520,109440,2980.59,85.93,0.69,48
875520,109440,-191452.09,34.52,322.25,48
875520,109440,-105404.91,87.72,183.01,48
875520,109440,-123340.39,89.91,213.19,48
875520,109440,-74078.53,28.50,124.67,48
875520,109440,-20394.75,86.70,40.10,48
875520,109440,-83616.11,86.53,146.08,48
875520,109440,-121990.63,89.61,210.87,48
875904,109488,-24304.74,88.01,47.06,48
875904,109488,-42617.63,86.30,77.31,48
875904,109488,3103.87,86.01,0.71,48
875904,109488,-73570.56,89.67,129.97,48
875904,109488,-76134.76,27.90,128.15,48
875904,109488,-98350.41,89.80,171.23,48
875904,109488,-1839.16,87.42,9.10,48
875904,109488,-62999.66,27.08,106.47,48
876288,109536,-413837.98,23.82,694.72,48
876288,109536,-2229.79,90.37,10.25,48
876288,109536,-78676.40,89.57,138.43,48
876288,109536,-11685.08,30.15,20.29,48
876288,109536,-8463.10,87.59,20.28,48
876288,109536,-1899.15,25.17,3.83,48
876288,109536,3589.27,87.89,0.18,48
876288,109536,-97660.28,86.71,169.83,48
876672,109584,-183020.97,88.71,313.39,48
876672,109584,-595443.43,89.98,1005.51,48
876672,109584,-47453.27,30.83,80.64,48
876672,109584,-398396.54,28.70,669.10,48
876672,109584,-111771.63,30.53,187.99,48
876672,109584,-9292.56,29.53,16.32,48
876672,109584,-64131.11,87.63,113.59,48
876672,109584,-57847.26,28.87,97.67,48
877056,109632,-37182.95,89.06,68.60,48
877056,109632,-17967.47,29.66,30.78,48
877056,109632,-20772.76,31.41,35.74,48
877056,109632,-35011.35,87.00,64.83,48
877056,109632,-1489675158670561.50,88.80,2500000000253.54,48
877056,109632,-206313.69,86.77,352.06,48
877056,109632,-11621.80,89.14,25.92,48
877056,109632,-7996.97,90.17,19.73,48
877440,109680,-3072.51,85.22,10.92,48
877440,109680,-101179.54,24.79,170.05,48
877440,109680,-41228.89,84.08,74.55,48
877440,109680,-8071.53,90.32,20.03,48
877440,109680,-587713.25,28.34,986.87,48
877440,109680,-111722.84,87.17,193.57,48
877440,109680,1100.03,85.71,4.05,48
877440,109680,2374.65,91.53,2.70,48
877824,109728,-48739.71,90.16,88.25,48
877824,109728,405.93,86.47,5.23,48
877824,109728,-8749.98,88.26,20.96,48
877824,109728,-272067.71,29.94,457.30,48
877824,109728,-73370.64,87.01,128.97,48
877824,109728,-47184.61,28.04,79.71,48
877824,109728,-97099.11,30.11,163.44,48
877824,109728,-393572.06,88.21,666.44,48
878208,109776,-6935.50,32.01,12.38,48
878208,109776,-24772.55,88.10,47.75,48
878208,109776,-3629.30,30.68,6.75,48
878208,109776,-5598.52,88.76,15.74,48
878208,109776,1553.04,89.09,3.59,48
878208,109776,-163772.90,30.43,275.77,48
878208,109776,366.33,28.71,0.00,48
878208,109776,-69273.85,30.78,117.11,48
878592,109824,-36403.99,85.22,66.72,48
878592,109824,-8020.92,87.90,19.70,48
878592,109824,-3581.30,88.13,12.28,48
878592,109824,-44993.24,87.90,81.39,48
878592,109824,3803.13,89.79,0.00,48
878592,109824,-693.33,29.39,1.83,48
878592,109824,-776.52,86.98,7.15,48
878592,109824,-3537978501678215.00,88.77,5937500000317.82,48
878976,109872,-72014.85,87.20,126.50,48
878976,109872,-2758.15,86.61,10.63,48
878976,109872,-7936.84,29.58,14.25,48
878976,109872,-75810.16,27.87,127.56,48
878976,109872,-31656.56,87.63,59.17,48
878976,109872,-10398.15,87.87,23.66,48
878976,109872,-38308.12,33.19,65.23,48
878976,109872,359.19,29.26,0.00,48
879360,109920,-502451.26,85.15,848.72,48
879360,109920,-2753.49,27.50,5.03,48
879360,109920,-15659.95,90.51,32.82,48
879360,109920,-51323.93,29.23,86.46,48
879360,109920,-1425.44,88.36,8.47,48
879360,109920,-4957.47,88.43,14.47,48
879360,109920,-6765.76,32.07,12.27,48
879360,109920,-24684.21,87.98,47.60,48
879744,109968,-18641.92,29.42,31.97,48
879744,109968,-16344.69,89.24,33.78,48
879744,109968,-31105.75,87.85,58.27,48
879744,109968,-11315.03,25.93,19.26,48
879744,109968,-77349.99,89.71,136.15,48
879744,109968,-11112.67,90.85,25.13,48
879744,109968,-48375.78,29.57,81.77,48
879744,109968,-413920.80,25.09,695.35,48
880128,110016,-5127.35,86.49,14.52,48
880128,110016,-387.45,85.06,6.32,48
880128,110016,-28658.98,30.61,48.36,48
880128,110016,-140556.79,85.71,241.58,48
880128,110016,-34452.29,88.60,63.94,48
880128,110016,-9598.06,88.74,22.27,48
880128,110016,-35215.42,32.95,59.74,48
880128,110016,-67636.32,31.27,114.18,48
880512,110064,-213395.58,87.33,363.97,48
880512,110064,-35577.59,87.21,65.77,48
880512,110064,-29814.31,31.29,50.64,48
880512,110064,585.75,90.27,5.47,48
880512,110064,-69339.09,89.27,122.71,48
880512,110064,-9518.10,90.15,22.31,48
880512,110064,-40916.18,25.48,69.07,48
880512,110064,-1061.03,86.56,7.49,48
880896,110112,-111.75,24.98,0.67,48
880896,110112,-48455.47,88.74,87.59,48
880896,110112,-558800.01,29.75,938.56,48
880896,110112,-122822.94,31.81,206.56,48
880896,110112,3058.24,86.44,0.78,48
880896,110112,-32970.58,87.41,61.33,48
880896,110112,-1489675158722277.25,87.61,2500000000340.21,48
880896,110112,3361.15,87.09,0.28,48
881280,110160,-16770.93,28.44,28.74,48
881280,110160,-802172.91,34.61,1347.32,48
881280,110160,-2016.88,23.98,3.78,48
881280,110160,-23474.05,87.47,45.31,48
881280,110160,-29632.07,86.19,55.60,48
881280,110160,3108.83,86.95,0.72,48
881280,110160,-12624.36,90.81,27.71,48
881280,110160,-51769.15,89.64,93.00,48
881664,110208,-117417.69,27.67,197.44,48
881664,110208,-14579.77,87.41,30.66,48
881664,110208,-34450.47,86.96,63.84,48
881664,110208,3678.75,87.59,0.00,48
881664,110208,-92668.86,30.20,156.06,48
881664,110208,-338339.65,26.20,568.12,48
881664,110208,-3222.11,87.47,11.43,48
881664,110208,-25559.03,28.47,43.51,48
882048,110256,-76092.50,86.73,133.48,48
882048,110256,895.71,91.04,5.18,48
882048,110256,-34671.31,29.05,58.71,48
882048,110256,-28088.44,88.61,53.25,48
882048,110256,-70839.36,29.41,119.36,48
882048,110256,1570.54,87.49,3.47,48
882048,110256,-251792.95,30.54,423.06,48
882048,110256,-37224.83,90.07,68.95,48
882432,110304,3245.22,88.90,0.95,48
882432,110304,-49896.17,87.70,89.81,48
882432,110304,-138191.57,28.43,232.00,48
882432,110304,3435.14,91.79,0.90,48
882432,110304,139.42,28.01,0.60,48
882432,110304,1964.82,86.14,2.69,48
882432,110304,-7936.72,87.59,19.66,48
882432,110304,-3537978501704387.50,31.16,5937500000356.09,48
882816,110352,-161527.20,27.03,271.42,48
882816,110352,-48500.60,87.59,87.44,48
882816,110352,-47128.96,90.01,85.36,48
882816,110352,2023.69,85.43,2.41,48
882816,110352,-931046974193541.12,88.31,1562500000201.65,48
882816,110352,4.31,88.35,6.41,48
882816,110352,-60090.93,90.27,107.43,48
882816,110352,72.43,85.61,5.59,48
883200,110400,-44587.62,91.01,81.29,48
883200,110400,-7308.42,86.26,18.28,48
883200,110400,-38064.79,28.47,64.42,48
883200,110400,-46924.21,88.81,84.91,48
883200,110400,-6646.37,88.49,17.54,48
883200,110400,478.67,28.06,0.00,48
883200,110400,-17064.78,28.15,29.40,48
883200,110400,-40116.25,29.96,68.09,48
883584,110448,-159861.87,26.60,268.67,48
883584,110448,-205.10,88.26,6.40,48
883584,110448,-4835.76,26.15,8.77,48
883584,110448,-23400.93,88.96,45.49,48
883584,110448,-41281.77,31.82,70.33,48
883584,110448,-25970.40,87.65,49.63,48
883584,110448,-62536.78,86.74,110.89,48
883584,110448,-9963.02,31.60,17.57,48
883968,110496,-51527.68,86.07,92.37,48
883968,110496,-7015.41,88.40,17.77,48
883968,110496,-3895.52,87.66,12.56,48
883968,110496,-20077.31,25.97,34.15,48
883968,110496,-165257.40,89.74,283.74,48
883968,110496,1596.64,85.93,2.78,48
883968,110496,-13596.51,30.23,23.08,48
883968,110496,-89294.91,87.40,155.89,48
884352,110544,-92302.54,89.00,161.12,48
884352,110544,-440804.45,88.06,745.79,48
884352,110544,-174.52,25.34,0.72,48
884352,110544,-41021.71,89.07,74.99,48
884352,110544,-103977.48,27.59,175.09,48
884352,110544,246.18,24.30,0.05,48
884352,110544,-85613.02,26.56,144.27,48
884352,110544,-13715.37,88.44,29.35,48
884736,110592,-32235.81,22.86,54.56,48
884736,110592,-69407.09,86.42,122.12,48
884736,110592,21.33,34.10,1.28,48
884736,110592,-97520.80,86.56,169.59,48
884736,110592,-122911.29,33.44,206.73,48
884736,110592,1666.35,86.84,3.03,48
884736,110592,-3747.04,31.82,6.97,48
884736,110592,-98683.32,26.66,165.88,48
885120,110640,-300883.31,25.67,505.38,48
885120,110640,-60197.25,85.43,106.67,48
885120,110640,-20253.01,26.22,34.71,48
885120,110640,124.13,25.37,0.00,48
885120,110640,-191210.21,28.49,321.46,48
885120,110640,-50074.02,29.61,84.67,48
885120,110640,-35870.54,89.49,66.54,48
885120,110640,-58026.09,26.55,97.99,48
885504,110688,-65435.06,25.89,109.99,48
885504,110688,-112680.17,89.66,195.41,48
885504,110688,-189156.19,31.29,318.02,48
885504,110688,-70351.93,87.55,124.14,48
885504,110688,-2537.87,87.48,10.20,48
885504,110688,-42878.23,88.09,78.01,48
885504,110688,-73682.81,89.88,130.13,48
885504,110688,-53354.41,28.13,89.64,48
885888,110736,-4492.82,87.04,13.60,48
885888,110736,-271262.61,86.14,461.12,48
885888,110736,-90037.37,88.79,157.41,48
885888,110736,-3464.51,24.57,6.27,48
885888,110736,-12300.51,86.93,26.74,48
885888,110736,-84587.50,84.77,147.73,48
885888,110736,-84661.78,90.28,148.36,48
885888,110736,-48440.49,31.79,82.43,48
886272,110784,-1855.46,28.77,3.73,48
886272,110784,-33289.23,90.72,62.29,48
886272,110784,-13422.19,86.92,28.62,48
886272,110784,-75812.92,88.09,133.28,48
886272,110784,-109718.80,88.00,190.08,48
886272,110784,-49548.52,89.47,89.41,48
886272,110784,-116058.21,83.64,200.09,48
886272,110784,-27509.88,88.63,52.33,48
886656,110832,-104845.09,88.36,182.00,48
886656,110832,-18924.63,86.47,37.68,48
886656,110832,-77339.66,26.63,130.49,48
886656,110832,-61648.26,85.64,109.40,48
886656,110832,535.76,91.77,5.80,48
886656,110832,-8267.97,25.71,14.34,48
886656,110832,-107846.72,88.75,187.34,48
886656,110832,-53686.07,29.93,90.67,48
887040,110880,-130643.31,87.53,225.19,48
887040,110880,-52154.03,91.39,94.00,48
887040,110880,-50301.31,89.87,90.60,48
887040,110880,-7428.09,87.51,18.45,48
887040,110880,-89656.48,91.18,156.89,48
887040,110880,-6130.63,89.57,16.48,48
887040,110880,-153726.37,91.16,264.39,48
887040,110880,-8196.65,87.38,19.76,48
887424,110928,-61073.92,87.78,108.64,48
887424,110928,-146292.95,27.43,246.13,48
887424,110928,-82851.76,85.91,144.83,48
887424,110928,3220.14,83.84,0.31,48
887424,110928,-42622.82,85.57,77.21,48
887424,110928,-21428.53,87.96,42.13,48
887424,110928,-180549.81,92.13,309.71,48
887424,110928,2614.50,85.73,1.33,48
887808,110976,-65239.84,88.37,115.46,48
887808,110976,-4950.38,89.88,14.61,48
887808,110976,-15527.27,28.84,26.66,48
887808,110976,-10651.71,27.32,18.27,48
887808,110976,-135109.60,90.19,232.89,48
887808,110976,-39347.42,32.81,66.87,48
887808,110976,-262536.26,31.83,441.24,48
887808,110976,-15419.56,88.24,32.05,48
888192,111024,-142769.99,91.90,246.22,48
888192,111024,-24992.15,34.78,43.02,48
888192,111024,-543.90,26.49,1.70,48
888192,111024,-160407.61,89.17,275.37,48
888192,111024,-139415.74,26.61,234.30,48
888192,111024,-11663.30,88.09,25.77,48
888192,111024,-48265.62,31.75,81.69,48
888192,111024,-1860.42,27.59,3.96,48
888576,111072,-13274.32,89.45,28.66,48
888576,111072,-98845.72,89.41,172.34,48
888576,111072,3245.79,87.47,0.57,48
888576,111072,558.19,85.18,4.87,48
888576,111072,-73974.67,89.29,130.56,48
888576,111072,-73082.86,87.39,128.65,48
888576,111072,-29005.35,29.08,49.36,48
888576,111072,-482810.82,26.45,810.24,48
888960,111120,-182537.51,89.74,312.61,48
888960,111120,-219751.67,89.65,375.18,48
888960,111120,-70202.43,86.18,123.57,48
888960,111120,-150730.32,86.48,258.79,48
888960,111120,-4292.04,86.90,13.27,48
888960,111120,-44.95,25.67,0.42,48
888960,111120,-143034.51,86.29,245.94,48
888960,111120,-85518.53,88.56,149.52,48
889344,111168,-43875.41,89.02,79.96,48
889344,111168,-62280.61,87.07,110.46,48
889344,111168,-31289.62,25.43,53.01,48
889344,111168,-32903.95,86.42,61.20,48
889344,111168,-29522.46,87.69,55.69,48
889344,111168,-91647.12,88.45,160.10,48
889344,111168,-51849.02,23.05,87.30,48
889344,111168,-67348.43,27.18,113.38,48
889728,111216,-7.80,24.78,0.43,48
889728,111216,3765.59,86.90,0.00,48
889728,111216,-96986.43,85.34,168.63,48
889728,111216,-50639.62,89.82,91.47,48
889728,111216,-372418789806631.69,27.73,625000000295.49,48
889728,111216,-139625.76,85.03,239.87,48
889728,111216,-157011.79,91.62,270.12,48
889728,111216,-181808.62,87.91,311.17,48
890112,111264,-41741.36,87.43,76.03,48
890112,111264,-39018.53,87.82,71.51,48
890112,111264,-115335.11,87.30,199.62,48
890112,111264,-308350.18,88.44,523.68,48
890112,111264,-559108.49,85.25,944.24,48
890112,111264,-13009.49,88.13,27.89,48
890112,111264,-924.21,84.48,7.17,48
890112,111264,-20586.93,32.28,35.39,48
890496,111312,-100403.43,87.08,174.36,48
890496,111312,-8835.41,24.55,15.00,48
890496,111312,-133444.83,87.97,229.91,48
890496,111312,-4842.94,86.76,14.10,48
890496,111312,42.28,28.54,0.33,48
890496,111312,-116386.86,28.98,195.75,48
890496,111312,-4577.95,86.78,13.78,48
890496,111312,-108403.23,87.27,188.07,48
890880,111360,-356928.02,90.08,605.33,48
890880,111360,-396697.98,91.34,672.17,48
890880,111360,-107728.19,87.68,186.70,48
890880,111360,-30025.46,87.30,56.50,48
890880,111360,-1489675158730636.00,89.07,2500000000354.40,48
890880,111360,-122136.07,88.03,210.97,48
890880,111360,-139749.62,27.93,234.90,48
890880,111360,-7294.09,86.52,18.15,48
891264,111408,-34346.94,32.01,58.38,48
891264,111408,-6938.42,87.59,17.59,48
891264,111408,152.54,27.50,0.39,48
891264,111408,-13239.64,88.06,28.42,48
891264,111408,-886.15,86.01,7.54,48
891264,111408,-14449.48,87.87,30.49,48
891264,111408,-132558.27,90.10,228.89,48
891264,111408,-69646.89,90.74,123.33,48
891648,111456,-47848.52,88.18,86.17,48
891648,111456,-65317.64,32.51,110.12,48
891648,111456,-16856.47,86.25,34.14,48
891648,111456,-63386.63,86.93,112.37,48
891648,111456,-35593.98,31.65,60.02,48
891648,111456,-83054.65,87.38,145.54,48
891648,111456,-372418789868886.75,87.37,625000000405.47,48
891648,111456,-14501.84,88.26,30.38,48
892032,111504,-167020.00,30.18,281.22,48
892032,111504,-49410.36,90.40,89.33,48
892032,111504,-107546.94,31.18,181.40,48
892032,111504,-12174.83,88.05,26.78,48
892032,111504,-117290.29,28.73,197.16,48
892032,111504,-110375.77,33.39,186.04,48
892032,111504,-43483.86,86.29,79.04,48
892032,111504,-26356.11,88.16,50.36,48
892416,111552,-60508.75,87.40,107.50,48
892416,111552,-442506.71,86.67,748.38,48
892416,111552,-23317.56,88.76,45.45,48
892416,111552,-47965.16,86.49,86.41,48
892416,111552,-42225.01,87.80,76.80,48
892416,111552,-14119.25,90.50,30.11,48
892416,111552,-204477.81,91.44,349.69,48
892416,111552,3529.34,89.40,0.43,48
892800,111600,-13248.30,87.90,28.41,48
892800,111600,-38896.93,88.94,71.51,48
892800,111600,-100965.00,87.55,175.39,48
892800,111600,-81476.99,29.92,137.49,48
892800,111600,-37566.45,24.02,63.43,48
892800,111600,-31114.85,30.46,53.03,48
892800,111600,-84078.77,88.07,147.15,48
892800,111600,519.12,88.75,5.37,48
893184,111648,-27618.26,91.58,52.93,48
893184,111648,-546674.05,88.55,923.47,48
893184,111648,-7351.61,90.21,18.61,48
893184,111648,-37097.47,91.12,68.77,48
893184,111648,-6845.53,87.07,17.50,48
893184,111648,-429234.20,31.48,720.99,48
893184,111648,-11124.98,29.04,19.45,48
893184,111648,-44199.83,89.53,80.42,48
893568,111696,-7461.14,28.35,13.08,48
893568,111696,-100438.88,88.01,174.97,48
893568,111696,-21956.39,30.23,37.44,48
893568,111696,-193990.17,32.24,326.44,48
893568,111696,-11685.63,86.34,25.40,48
893568,111696,297.61,89.10,5.92,48
893568,111696,65.99,23.24,0.25,48
893568,111696,2147.12,85.83,2.27,48
893952,111744,-29285.48,86.87,55.18,48
893952,111744,-19755.38,26.51,33.83,48
893952,111744,-32183.00,90.09,60.45,48
893952,111744,-130616.07,32.03,219.93,48
893952,111744,-9073.40,83.99,20.99,48
893952,111744,931.40,87.40,4.48,48
893952,111744,-278658.77,34.47,468.17,48
893952,111744,-84881.84,28.58,142.99,48
894336,111792,-108.58,25.23,0.27,48
894336,111792,-75114.57,88.32,132.31,48
894336,111792,-220755.40,89.53,376.80,48
894336,111792,-8379.92,88.85,20.17,48
894336,111792,-77370.20,86.46,135.48,48
894336,111792,-129157.90,89.57,223.08,48
894336,111792,-4023.50,86.70,12.57,48
894336,111792,-34464.12,90.63,64.26,48
894720,111840,-3119.95,86.21,11.11,48
894720,111840,-93785.95,86.04,163.25,48
894720,111840,-642405.66,30.21,1078.67,48
894720,111840,-237722.73,90.20,405.29,48
894720,111840,727.67,88.94,5.12,48
894720,111840,-211650.33,33.38,355.61,48
894720,111840,-278753.53,35.06,468.60,48
894720,111840,-4410.62,29.01,8.24,48
895104,111888,-78163.86,89.06,137.44,48
895104,111888,-88556.30,88.05,154.77,48
895104,111888,-149739.31,90.35,257.49,48
895104,111888,1560.30,89.73,3.57,48
895104,111888,-70885.13,29.19,119.52,48
895104,111888,-121967.24,88.62,210.86,48
895104,111888,3230.58,87.60,0.68,48
895104,111888,-170676.73,30.37,287.14,48
895488,111936,-8531.47,27.71,14.87,48
895488,111936,-29305.61,87.99,55.16,48
895488,111936,-372418789787762.25,88.07,625000000269.22,48
895488,111936,-366224.87,85.29,620.27,48
895488,111936,-75265.06,90.93,132.87,48
895488,111936,-8516.64,82.96,19.86,48
895488,111936,1369.55,88.43,3.78,48
895488,111936,-4598.82,89.22,14.12,48
895872,111984,-87031.10,28.52,147.05,48
895872,111984,1836.70,88.49,3.05,48
895872,111984,3354.35,85.41,0.25,48
895872,111984,-46292.92,28.55,78.29,48
895872,111984,-24866.19,31.19,42.50,48
895872,111984,-80451.14,88.67,140.94,48
895872,111984,-6930.02,28.27,12.25,48
895872,111984,-44513.18,89.66,81.10,48
896256,112032,-27638.35,24.89,46.90,48
896256,112032,-164384.16,87.01,281.77,48
896256,112032,-93807.15,29.36,158.17,48
896256,112032,-30536.55,87.83,57.36,48
896256,112032,-44469.82,88.77,80.70,48
896256,112032,-84226.23,28.34,141.50,48
896256,112032,-475984.50,24.91,799.24,48
896256,112032,397.03,27.71,0.00,48
896640,112080,-29784.22,35.03,51.04,48
896640,112080,-141270.36,88.47,243.38,48
896640,112080,-576440.09,89.56,973.62,48
896640,112080,-67110.30,89.63,118.88,48
896640,112080,-19784.23,89.73,39.48,48
896640,112080,-54148.62,24.75,91.02,48
896640,112080,-35722.28,86.75,65.86,48
896640,112080,-94056.20,24.20,158.32,48
897024,112128,-22918.08,86.65,44.36,48
897024,112128,-170307.93,88.92,292.09,48
897024,112128,-91309.39,88.12,159.30,48
897024,112128,-25920.34,26.15,43.93,48
897024,112128,-55338.37,86.26,98.74,48
897024,112128,-292710.54,87.52,497.28,48
897024,112128,-515.38,29.32,1.39,48
897024,112128,-135961.51,85.85,234.11,48
897408,112176,-9405.92,90.51,22.32,48
897408,112176,-88265.83,88.90,154.44,48
897408,112176,-9616.67,87.82,22.31,48
897408,112176,-197873.32,88.14,338.13,48
897408,112176,-49580.36,89.04,89.49,48
897408,112176,-39914.74,88.26,73.09,48
897408,112176,-13292.88,88.97,28.44,48
897408,112176,-12506.16,85.50,26.87,48
897792,112224,-5865.74,30.41,10.54,48
897792,112224,-54863.57,31.87,93.02,48
897792,112224,-7080.52,29.25,12.55,48
897792,112224,-12994.72,26.73,22.26,48
897792,112224,-496610.57,85.26,839.08,48
897792,112224,-144564.15,87.63,248.83,48
897792,112224,-26036.51,29.31,44.51,48
897792,112224,3624.20,88.02,0.00,48
898176,112272,-481063.59,87.58,813.45,48
898176,112272,2766.64,88.74,1.51,48
898176,112272,-10721.38,32.83,18.83,48
898176,112272,-5114.67,28.33,8.91,48
898176,112272,-52401.43,88.35,94.00,48
898176,112272,-275808.45,34.02,463.48,48
898176,112272,-22316.55,85.94,43.53,48
898176,112272,-48039.39,28.81,81.20,48
898560,112320,-155010.08,89.97,266.48,48
898560,112320,-4549.83,87.93,13.83,48
898560,112320,-146387.35,89.26,252.07,48
898560,112320,-69236.25,29.38,116.72,48
898560,112320,-7083.78,20.47,12.14,48
898560,112320,-149673.71,88.32,257.27,48
898560,112320,-70892.95,89.83,125.47,48
898560,112320,3097.59,86.43,0.88,48
898944,112368,-26708.29,31.61,45.84,48
898944,112368,-198034.72,34.61,333.33,48
898944,112368,-372418789825443.00,89.71,625000000332.98,48
898944,112368,-576536.68,30.81,968.32,48
898944,112368,183.95,27.09,0.19,48
898944,112368,-60021.60,87.41,106.76,48
898944,112368,-43217.74,85.33,78.45,48
898944,112368,-418490.68,86.34,708.03,48
899328,112416,-40703.87,27.33,69.00,48
899328,112416,-476.75,88.08,6.92,48
899328,112416,-1528.45,87.65,8.51,48
899328,112416,-93877.96,89.03,163.68,48
899328,112416,3714.06,88.53,0.00,48
899328,112416,-457899.84,90.54,774.64,48
899328,112416,-35077.99,88.58,64.99,48
899328,112416,-2547.20,87.12,10.20,48
899712,112464,-32829.49,85.89,60.86,48
899712,112464,-57640.97,87.50,102.67,48
899712,112464,-36821.56,91.09,68.37,48
899712,112464,-7448375792763497.00,31.10,12500000000248.32,48
899712,112464,-107070.08,26.57,180.10,48
899712,112464,-25608.42,90.95,49.47,48
899712,112464,-23046.75,87.18,44.68,48
899712,112464,-14660.71,87.93,30.66,48
900096,112512,-20500.14,91.92,41.03,48
900096,112512,-123898.95,85.20,213.48,48
900096,112512,-221375.02,30.61,372.25,48
900096,112512,-40175.98,88.37,73.56,48
900096,112512,-62831.71,89.20,111.72,48
900096,112512,-13759.00,31.54,23.57,48
900096,112512,-67917.48,28.26,114.90,48
900096,112512,-45545.03,88.02,82.49,48
900480,112560,-372418789850225.50,87.76,625000000374.43,48
900480,112560,-56962.42,25.94,95.99,48
900480,112560,914.70,85.14,4.13,48
900480,112560,3664.89,87.22,0.00,48
900480,112560,-46296.67,86.21,83.63,48
900480,112560,-17369.15,86.05,35.03,48
900480,112560,-13642.04,90.50,29.25,48
900480,112560,-50959.41,87.69,91.65,48
900864,112608,-96583.77,90.68,168.54,48
900864,112608,-5947.62,88.28,16.03,48
900864,112608,-7863.52,88.72,19.38,48
900864,112608,-19889.45,29.99,33.95,48
900864,112608,-8015.76,87.07,19.32,48
900864,112608,-59454.09,86.94,105.78,48
900864,112608,-9876.03,88.12,22.71,48
900864,112608,-66696.64,29.31,112.11,48
901248,112656,-46636.83,87.73,84.49,48
901248,112656,-48422.25,29.80,81.68,48
901248,112656,-173346.98,90.68,297.26,48
901248,112656,397.87,87.52,5.32,48
901248,112656,-109455.58,88.54,189.73,48
901248,112656,-636063.05,89.72,1073.83,48
901248,112656,-513354.15,27.51,862.16,48
901248,112656,-5815.69,35.65,10.83,48
901632,112704,-41021.25,27.90,69.47,48
901632,112704,-1628.99,91.17,9.36,48
901632,112704,-90612.50,89.56,158.17,48
901632,112704,-143035.19,24.21,240.12,48
901632,112704,-9062.08,86.74,21.08,48
901632,112704,-4163.88,90.50,13.28,48
901632,112704,-12339.08,32.36,21.60,48
901632,112704,-3537978501651822.00,90.22,5937500000273.63,48
902016,112752,-94071.73,32.16,158.76,48
902016,112752,-35136.23,87.48,64.93,48
902016,112752,-9591.89,31.03,16.97,48
902016,112752,-115806.33,32.48,195.06,48
902016,112752,-25645.40,88.74,49.31,48
902016,112752,-17071.59,24.87,28.74,48
902016,112752,-187741.72,85.97,320.86,48
902016,112752,-46281.18,90.78,84.15,48
902400,112800,-25347.98,26.12,43.08,48
902400,112800,-1626.53,30.54,3.41,48
902400,112800,-49573.47,88.16,89.37,48
902400,112800,-38491.14,86.09,70.52,48
902400,112800,-162236.46,88.02,278.26,48
902400,112800,-18229.41,83.37,36.31,48
902400,112800,-569155.50,28.36,955.40,48
902400,112800,-539844.51,30.57,906.52,48
902784,112848,-37496.02,88.92,69.17,48
902784,112848,-89187.12,88.75,155.88,48
902784,112848,-44859.92,27.00,75.53,48
902784,112848,-76476.75,24.67,128.45,48
902784,112848,-3537978501638675.50,90.08,5937500000251.52,48
902784,112848,-160798.62,27.09,270.45,48
902784,112848,-58625.13,32.12,99.13,48
902784,112848,-265786.90,34.05,446.91,48
903168,112896,-16173.68,30.88,28.02,48
903168,112896,-43504.27,86.59,79.09,48
903168,112896,-157203.13,88.15,269.79,48
903168,112896,-131056.31,85.99,225.55,48
903168,112896,-293605.01,90.06,499.07,48
903168,112896,-62743.57,28.65,105.35,48
903168,112896,-931046974195617.12,85.10,1562500000204.83,48
903168,112896,-64560.96,88.46,114.37,48
903552,112944,-62846.19,89.37,111.79,48
903552,112944,-124284.24,86.20,214.32,48
903552,112944,-37637.65,27.87,63.91,48
903552,112944,-345.22,88.04,6.61,48
903552,112944,-28699.99,87.70,54.16,48
903552,112944,-14842.61,29.39,25.25,48
903552,112944,3532.98,88.51,0.36,48
903552,112944,-81153.07,34.02,137.19,48
903936,112992,1747.38,89.23,3.37,48
903936,112992,-18957.38,33.62,32.10,48
903936,112992,-37177.83,87.59,68.72,48
903936,112992,-123859.66,29.24,208.52,48
903936,112992,-154683.22,28.71,260.08,48
903936,112992,3154.40,85.33,0.74,48
903936,112992,-19439.53,87.96,38.76,48
903936,112992,-56279.12,88.20,100.45,48
904320,113040,-160457.09,88.96,275.32,48
904320,113040,-566996.09,89.67,957.65,48
904320,113040,-72572.46,26.19,121.91,48
904320,113040,-68199.67,25.93,114.84,48
904320,113040,-99759.36,31.56,168.15,48
904320,113040,-49728.66,86.80,89.53,48
904320,113040,-7729.12,90.18,19.37,48
904320,113040,-16563.09,87.01,33.79,48
904704,113088,-34634.48,83.83,63.49,48
904704,113088,-20613.44,85.12,40.24,48
904704,113088,-49064.23,31.53,82.82,48
904704,113088,-16502.79,86.87,33.61,48
904704,113088,-26956.23,29.04,45.89,48
904704,113088,-62738.80,87.10,111.15,48
904704,113088,-18206.63,26.89,31.13,48
904704,113088,-31367.15,89.66,58.96,48
905088,113136,-57104.50,88.82,101.99,48
905088,113136,-12514.46,87.39,27.02,48
905088,113136,-176819.52,90.45,303.28,48
905088,113136,-96752.21,29.32,163.05,48
905088,113136,-120184.41,88.87,207.80,48
905088,113136,-90537.83,86.17,157.87,48
905088,113136,-55733.16,90.02,99.83,48
905088,113136,-62930.95,32.23,106.56,48
905472,113184,-36382.34,31.04,61.73,48
905472,113184,-141148.35,91.25,243.37,48
905472,113184,-127145.85,86.79,219.26,48
905472,113184,-10926.73,88.97,24.42,48
905472,113184,-15918.41,89.64,33.07,48
905472,113184,1422.95,89.04,4.08,48
905472,113184,-201896.27,88.71,344.93,48
905472,113184,-39595.94,28.57,67.18,48
905856,113232,-161908.49,27.52,272.27,48
905856,113232,-580719.09,91.61,981.19,48
905856,113232,-27635.69,88.07,52.27,48
905856,113232,-200080.68,29.53,336.38,48
905856,113232,-347304.55,87.88,588.88,48
905856,113232,2142.17,90.01,2.81,48
905856,113232,-6815.38,86.53,17.33,48
905856,113232,-13707.02,32.23,23.93,48
906240,113280,-49845.85,88.58,89.71,48
906240,113280,-84626.22,86.35,147.76,48
906240,113280,-20790.28,28.51,35.40,48
906240,113280,-131639.19,90.14,227.23,48
906240,113280,-10761.89,30.63,19.11,48
906240,113280,-42791.64,90.85,78.35,48
906240,113280,-105678.47,87.45,183.34,48
906240,113280,-92845.43,83.78,161.36,48
906624,113328,-114843.94,26.16,193.18,48
906624,113328,-459774.14,91.53,778.17,48
906624,113328,-3537978501769386.00,30.01,5937500000465.64,48
906624,113328,-110283.30,86.32,190.87,48
906624,113328,-85115.68,86.36,148.65,48
906624,113328,-112114.23,32.11,188.93,48
906624,113328,-2296582536216740.50,90.09,3854166666941.92,48
906624,113328,-3941.22,91.01,13.10,48
907008,113376,-5528.31,89.15,15.47,48
907008,113376,-43892.64,90.10,80.00,48
907008,113376,-19715.35,23.67,33.44,48
907008,113376,-96899.43,89.43,168.71,48
907008,113376,-54876.10,90.22,98.56,48
907008,113376,-12896.37,27.09,22.24,48
907008,113376,-92602.06,89.43,161.63,48
907008,113376,-31116.21,29.07,52.77,48
907392,113424,-24976.50,87.48,47.96,48
907392,113424,3147.04,87.33,0.72,48
907392,113424,-54725.92,87.17,97.99,48
907392,113424,-40514.00,27.03,68.50,48
907392,113424,-628133.44,90.42,1060.65,48
907392,113424,-112307.52,88.02,194.58,48
907392,113424,-39948.63,22.54,67.20,48
907392,113424,-133500.87,87.71,229.96,48
907776,113472,-23938.62,88.72,46.49,48
907776,113472,-3165.24,88.88,11.47,48
907776,113472,-258384.57,91.64,440.15,48
907776,113472,-25228.72,87.22,48.24,48
907776,113472,355.81,30.04,0.31,48
907776,113472,2143.29,88.80,2.58,48
907776,113472,-32879.44,89.35,61.44,48
907776,113472,-29293.42,29.58,50.07,48
908160,113520,-9696.04,31.90,17.24,48
908160,113520,-24171.11,26.60,41.01,48
908160,113520,-15374.23,86.81,31.77,48
908160,113520,-931046974271984.62,30.42,1562500000327.65,48
908160,113520,-11732.85,30.28,20.48,48
908160,113520,-59395.43,31.19,100.12,48
908160,113520,-685198.95,33.66,1150.90,48
908160,113520,-568.64,26.24,1.43,48
908544,113568,-45299.13,87.63,82.08,48
908544,113568,3513.01,89.40,0.31,48
908544,113568,-35107.17,91.29,65.42,48
908544,113568,-773.36,85.26,7.14,48
908544,113568,-197975.04,88.60,338.33,48
908544,113568,-98488.93,30.75,165.96,48
908544,113568,-41907.38,29.04,70.90,48
908544,113568,-66351.46,31.70,112.46,48
908928,113616,-193182.91,32.35,325.22,48
908928,113616,-45439.87,87.81,82.42,48
908928,113616,-32376.38,89.84,60.64,48
908928,113616,-14335.66,86.86,30.17,48
908928,113616,-28664.02,87.12,54.01,48
908928,113616,-110908.83,87.51,192.10,48
908928,113616,-112330.79,87.94,194.59,48
908928,113616,-15799.28,85.69,32.36,48
909312,113664,-296932.61,86.70,504.20,48
909312,113664,-21488.20,27.11,36.67,48
909312,113664,-133770.30,25.76,224.49,48
909312,113664,-89559.89,87.75,156.40,48
909312,113664,-96251.43,86.72,167.45,48
909312,113664,-67993.46,26.03,114.44,48
909312,113664,-10362.94,90.19,23.76,48
909312,113664,-469445.73,86.75,793.91,48
909696,113712,-90804.94,32.10,153.51,48
909696,113712,-121636.21,26.34,204.86,48
909696,113712,-807535.42,32.79,1355.60,48
909696,113712,-155350.67,91.74,267.40,48
909696,113712,-78741.40,89.21,138.36,48
909696,113712,-15408.54,91.34,32.70,48
909696,113712,-5285.49,88.13,15.03,48
909696,113712,-71412.50,88.03,126.07,48
910080,113760,3211.53,88.83,1.01,48
910080,113760,-70590.88,88.42,124.62,48
910080,113760,-169461.30,89.85,290.70,48
910080,113760,-77367.03,32.15,130.68,48
910080,113760,2762.75,86.33,1.28,48
910080,113760,-463564.80,86.45,783.64,48
910080,113760,3727.37,89.45,0.02,48
910080,113760,-37844.59,27.91,63.89,48
910464,113808,-13196.71,89.07,28.39,48
910464,113808,-79859.88,30.80,134.99,48
910464,113808,3381.41,83.68,0.00,48
910464,113808,-91820.98,29.45,154.82,48
910464,113808,-46077.93,30.79,78.03,48
910464,113808,-181803.14,31.36,305.42,48
910464,113808,-806913.99,32.78,1354.60,48
910464,113808,-80960.49,88.91,142.16,48
910848,113856,3270.54,86.48,0.66,48
910848,113856,-214611.68,89.11,366.40,48
910848,113856,-698.31,26.11,1.48,48
910848,113856,-170397.93,31.44,286.58,48
910848,113856,-45518.38,85.99,82.34,48
910848,113856,3411.65,89.60,0.68,48
910848,113856,-372418789750749.31,90.61,625000000207.66,48
910848,113856,2700.38,87.11,1.37,48
911232,113904,-56692.85,87.08,101.04,48
911232,113904,-48603.87,87.82,87.59,48
911232,113904,-63374.19,87.29,112.56,48
911232,113904,-135209.48,88.24,232.83,48
911232,113904,-8352.56,24.73,14.29,48
911232,113904,-80520.87,88.28,141.01,48
911232,113904,-42304.58,86.66,76.96,48
911232,113904,-68242.35,28.80,114.96,48
911616,113952,-45819.04,25.15,77.27,48
911616,113952,-104032.35,84.19,180.28,48
911616,113952,2748.33,86.60,1.50,48
911616,113952,-153379.22,86.09,263.16,48
911616,113952,-88510.77,30.73,149.30,48
911616,113952,-26919.28,86.70,51.09,48
911616,113952,-47917.57,88.89,86.48,48
911616,113952,-135685.14,87.16,233.58,48
912000,114000,-32069.90,86.46,59.68,48
912000,114000,-43881.74,88.37,79.94,48
912000,114000,-92168.04,24.65,154.94,48
912000,114000,-2322.44,87.24,9.92,48
912000,114000,-237736.13,89.73,405.11,48
912000,114000,-177568.76,31.51,298.57,48
912000,114000,-40754.71,24.64,69.09,48
912000,114000,-19969.60,87.08,39.31,48
912384,114048,-113090.33,89.84,195.98,48
912384,114048,-8437.47,84.41,19.77,48
912384,114048,-1828.91,88.26,9.03,48
912384,114048,1099.13,88.43,4.37,48
912384,114048,-58030.39,90.04,103.69,48
912384,114048,-108597.98,25.67,182.63,48
912384,114048,-19656.69,25.30,33.61,48
912384,114048,-29402.20,27.18,50.07,48
912768,114096,-419083.88,90.02,709.69,48
912768,114096,-155488.40,27.60,261.31,48
912768,114096,-11460.79,25.07,19.53,48
912768,114096,-27786.16,87.28,52.73,48
912768,114096,-165164.24,88.86,283.26,48
912768,114096,-42011.40,25.96,70.78,48
912768,114096,-392141.57,87.79,664.05,48
912768,114096,3783.23,89.56,0.00,48
913152,114144,-108512.36,89.49,188.49,48
913152,114144,-3218.33,89.29,11.71,48
913152,114144,-176702.04,32.82,297.16,48
913152,114144,-104961.48,89.32,182.43,48
913152,114144,-63523.29,28.11,107.24,48
913152,114144,-91181.31,89.14,159.15,48
913152,114144,-58351.23,88.18,104.08,48
913152,114144,968.70,88.42,4.54,48
913536,114192,-146599.62,27.48,246.17,48
913536,114192,3149.63,87.81,0.88,48
913536,114192,-14074.57,30.18,24.36,48
913536,114192,-40851.22,89.00,74.69,48
913536,114192,-591300.93,87.99,998.41,48
913536,114192,-11190.97,88.24,25.09,48
913536,114192,-118573.47,87.41,204.91,48
913536,114192,-83403.78,89.83,146.20,48
913920,114240,-14217.88,89.74,30.34,48
913920,114240,-97371.51,30.18,163.72,48
913920,114240,-62343.54,29.75,105.53,48
913920,114240,-445.76,84.87,6.30,48
913920,114240,-5965.41,87.05,15.99,48
913920,114240,-57869.09,30.96,98.00,48
913920,114240,-1700.05,86.18,8.72,48
913920,114240,-37240.77,28.50,62.88,48
914304,114288,-122013.63,90.81,211.14,48
914304,114288,-36303.52,89.34,67.11,48
914304,114288,-52368.58,88.16,93.84,48
914304,114288,-78853.17,86.00,138.16,48
914304,114288,-28521.32,87.75,53.88,48
914304,114288,-6083.69,88.76,16.43,48
914304,114288,-159708.69,88.58,274.19,48
914304,114288,-28368.83,88.31,53.84,48
914688,114336,-57205.20,28.37,96.65,48
914688,114336,-204409.45,88.01,349.13,48
914688,114336,-4318.21,87.13,13.29,48
914688,114336,-36618.38,87.94,67.55,48
914688,114336,-181603.77,30.52,305.51,48
914688,114336,-166751.16,87.80,285.85,48
914688,114336,-44757.06,31.76,76.14,48
914688,114336,3632.41,86.01,0.00,48
915072,114384,-16871.61,89.17,34.55,48
915072,114384,2147.60,85.33,2.24,48
915072,114384,-16574.92,30.35,28.84,48
915072,114384,-5942.40,89.58,16.27,48
915072,114384,-3242.12,88.92,11.64,48
915072,114384,-176469.18,89.22,302.41,48
915072,114384,-8559.63,85.61,20.37,48
915072,114384,-75339.97,86.03,132.44,48
915456,114432,-194052.07,87.97,331.57,48
915456,114432,-25122.88,88.06,48.44,48
915456,114432,-46639.70,89.33,84.74,48
915456,114432,-229972.30,26.53,386.18,48
915456,114432,-173197.77,30.88,291.33,48
915456,114432,-131175.42,25.96,220.63,48
915456,114432,-201466.66,27.95,338.50,48
915456,114432,-48911.34,89.85,88.49,48
915840,114480,-10822.38,90.16,24.45,48
915840,114480,-6649.33,26.62,11.14,48
915840,114480,-84675.49,89.11,148.24,48
915840,114480,-931046974175909.12,25.79,1562500000166.53,48
915840,114480,-15750.29,90.37,32.80,48
915840,114480,-1397.12,88.27,8.58,48
915840,114480,-5911.39,88.52,15.99,48
915840,114480,-58000.97,89.56,103.71,48
916224,114528,-21360.50,25.52,36.48,48
916224,114528,-73287.29,86.23,128.76,48
916224,114528,-417235.91,88.02,706.01,48
916224,114528,-62670.58,87.66,110.90,48
916224,114528,-42476.94,91.91,78.03,48
916224,114528,-220.53,87.38,6.53,48
916224,114528,-81277.85,90.51,142.81,48
916224,114528,830.57,86.86,4.66,48
916608,114576,-57147.94,25.32,96.27,48
916608,114576,-1936.12,86.64,9.36,48
916608,114576,-69319.10,90.73,122.82,48
916608,114576,-35683.74,30.92,60.75,48
916608,114576,-107082.13,88.99,186.07,48
916608,114576,-147271.90,89.28,253.28,48
916608,114576,-9597.26,83.74,21.82,48
916608,114576,-505070.04,86.00,853.53,48
916992,114624,-11921.35,88.12,26.03,48
916992,114624,-154614.62,88.13,265.78,48
916992,114624,-110626.07,88.08,191.83,48
916992,114624,-31914.48,84.63,59.33,48
916992,114624,302.65,88.55,5.65,48
916992,114624,-222874.56,91.50,380.66,48
916992,114624,-60048.33,88.35,106.71,48
916992,114624,-139500.41,86.62,239.87,48
917376,114672,760.93,89.37,5.08,48
917376,114672,-1489675158733647.75,89.42,2500000000359.54,48
917376,114672,-12071.49,86.74,26.19,48
917376,114672,-13204.42,90.38,28.67,48
917376,114672,-9067.57,29.08,15.82,48
917376,114672,-159381.58,25.03,267.86,48
917376,114672,-18233.14,86.91,36.73,48
917376,114672,-36787.66,86.26,67.51,48
917760,114720,-103685.32,28.49,174.72,48
917760,114720,-22978.18,33.89,39.28,48
917760,114720,752.57,84.85,4.63,48
917760,114720,3089.11,87.25,0.75,48
917760,114720,-105169.60,89.07,182.77,48
917760,114720,1264.07,88.28,3.96,48
917760,114720,-64521.67,87.63,114.28,48
917760,114720,-60154.96,89.78,107.19,48
918144,114768,-28991.30,88.61,54.76,48
918144,114768,-494875.92,25.99,830.95,48
918144,114768,-26891.54,89.61,51.15,48
918144,114768,-125543.69,25.02,210.80,48
918144,114768,-126763.10,89.47,218.97,48
918144,114768,-95222.73,87.73,165.99,48
918144,114768,-55273.48,89.39,98.97,48
918144,114768,-32698.38,87.34,60.87,48
918528,114816,-53483.65,30.00,90.40,48
918528,114816,-16181.99,85.34,33.18,48
918528,114816,-42154.26,87.35,76.89,48
918528,114816,-276609.95,31.88,465.26,48
918528,114816,-49815.17,87.24,89.68,48
918528,114816,-11496.44,29.18,19.80,48
918528,114816,-2296582536212416.00,88.39,3854166666934.15,48
918528,114816,-4513.70,89.04,13.84,48
918912,114864,-8454.37,28.76,14.52,48
918912,114864,-20002.69,25.27,33.92,48
918912,114864,-77768.07,30.15,131.12,48
918912,114864,-93500.66,86.38,162.83,48
918912,114864,-3537978501677171.00,90.67,5937500000316.26,48
918912,114864,-37440.18,30.27,63.86,48
918912,114864,-29388.35,32.62,50.13,48
918912,114864,2959.60,88.17,1.33,48
919296,114912,-9838.45,89.68,22.86,48
919296,114912,-8652.87,88.96,20.74,48
919296,114912,3302.77,86.35,0.31,48
919296,114912,-71299.22,25.93,120.19,48
919296,114912,-59265.73,89.27,105.67,48
919296,114912,-141949.61,87.38,244.21,48
919296,114912,-44348.48,25.33,74.71,48
919296,114912,-75638.14,29.65,127.38,48
919680,114960,-76461.26,88.61,134.44,48
919680,114960,1248.91,89.15,4.14,48
919680,114960,-110902.74,89.00,192.16,48
919680,114960,-150220.26,87.72,258.11,48
919680,114960,-1902.39,90.35,9.62,48
919680,114960,-131057.62,89.44,226.10,48
919680,114960,-93896.62,89.56,164.09,48
919680,114960,-32577.08,89.21,60.88,48
920064,115008,2183.40,88.39,2.34,48
920064,115008,-138255.82,89.42,238.30,48
920064,115008,-29177.09,90.73,55.42,48
920064,115008,-5926.37,28.27,10.12,48
920064,115008,-22096.38,90.00,43.45,48
920064,115008,-59693.07,86.44,106.03,48
920064,115008,-127759.78,90.19,221.01,48
920064,115008,-34770.38,30.06,58.91,48
920448,115056,3436.66,84.43,0.00,48
920448,115056,-29016.78,90.69,54.87,48
920448,115056,-897.91,88.43,7.65,48
920448,115056,-143122.97,29.74,240.44,48
920448,115056,-43964.72,84.36,79.23,48
920448,115056,-132600.14,29.37,222.89,48
920448,115056,-32472.79,85.67,60.26,48
920448,115056,-59310.31,27.97,99.93,48
920832,115104,-63596.30,88.25,112.84,48
920832,115104,-107142.73,89.94,185.94,48
920832,115104,-108796.51,90.83,189.05,48
920832,115104,-168402.07,85.93,288.32,48
920832,115104,-97639.86,84.93,169.27,48
920832,115104,569.59,86.25,4.80,48
920832,115104,-45960.53,90.44,83.56,48
920832,115104,-12645.82,87.95,27.32,48
921216,115152,-119379.64,91.01,206.78,48
921216,115152,-343.50,29.35,1.19,48
921216,115152,-116777.01,26.84,196.68,48
921216,115152,-14045.03,28.67,24.40,48
921216,115152,-178784.46,85.84,305.81,48
921216,115152,2001.35,88.28,2.70,48
921216,115152,-132402.37,87.82,228.20,48
921216,115152,-41960.07,28.32,70.68,48
921600,115200,-3537978501658639.50,87.89,5937500000285.00,48
921600,115200,-54462.33,86.02,97.07,48
921600,115200,-168327.77,29.50,283.51,48
921600,115200,-123085.33,83.94,211.97,48
921600,115200,-56090.12,23.33,94.42,48
921600,115200,2915.19,88.88,1.37,48
921600,115200,-71273.31,86.67,125.53,48
921600,115200,-90772.34,90.39,158.87,48
921984,115248,-558166.98,86.67,942.70,48
921984,115248,-45488.70,91.72,82.95,48
921984,115248,-86949.93,85.18,151.80,48
921984,115248,-11264.78,31.95,19.63,48
921984,115248,-9309.88,89.90,21.93,48
921984,115248,-145595.02,86.99,250.43,48
921984,115248,-12551.98,87.09,27.15,48
921984,115248,-101233.99,89.92,176.12,48
922368,115296,238.08,26.35,0.00,48
922368,115296,-130930.33,84.85,225.22,48
922368,115296,-152281.13,89.13,261.76,48
922368,115296,-367911.08,87.92,623.39,48
922368,115296,-96152.72,88.42,167.42,48
922368,115296,-7448375792800390.00,91.09,12500000000316.23,48
922368,115296,-52982.11,30.79,89.50,48
922368,115296,-124604.17,89.54,215.28,48
922752,115344,-26483.84,90.70,50.97,48
922752,115344,-103430.64,87.95,179.76,48
922752,115344,-34896.19,90.38,64.86,48
922752,115344,-1208.80,31.40,2.40,48
922752,115344,-14644.04,88.58,30.64,48
922752,115344,-587.91,88.51,7.24,48
922752,115344,-49322.21,84.16,88.43,48
922752,115344,-20554.47,30.15,34.99,48
923136,115392,3383.79,89.15,0.72,48
923136,115392,-25906.40,86.91,49.32,48
923136,115392,-37803.02,88.83,69.56,48
923136,115392,-7170.89,90.68,18.61,48
923136,115392,-148938.04,27.01,250.34,48
923136,115392,-71220.63,88.42,125.40,48
923136,115392,-91681.93,89.31,159.99,48
923136,115392,-59204.42,87.72,105.39,48
923520,115440,-448274.15,88.11,758.23,48
923520,115440,-207677.58,90.99,354.85,48
923520,115440,-101297.92,87.67,176.08,48
923520,115440,-8894.15,33.02,15.83,48
923520,115440,-32622.03,30.35,55.54,48
923520,115440,-40652.54,31.45,69.06,48
923520,115440,-23161.80,88.08,45.12,48
923520,115440,-157063.72,88.76,269.69,48
923904,115488,-63633.23,30.66,107.72,48
923904,115488,-10673.36,30.82,18.34,48
923904,115488,-52827.73,32.58,89.55,48
923904,115488,-156355.44,91.02,268.91,48
923904,115488,-54478.77,86.78,97.28,48
923904,115488,-361754.21,87.96,613.17,48
923904,115488,-243.68,24.61,0.71,48
923904,115488,-22509.32,28.68,38.47,48
924288,115536,-129872.78,87.78,223.92,48
924288,115536,-4712.58,90.23,14.24,48
924288,115536,-8428.58,89.10,20.47,48
924288,115536,3578.96,88.00,0.19,48
924288,115536,-565978.06,87.27,955.96,48
924288,115536,438.50,87.33,5.31,48
924288,115536,-88019.85,33.33,148.78,48
924288,115536,-13987.08,89.29,29.85,48
924672,115584,-92771.45,88.42,161.81,48
924672,115584,-23621.12,86.45,45.56,48
924672,115584,-147091.84,27.66,247.30,48
924672,115584,-2470.72,85.63,10.05,48
924672,115584,-150692.74,89.14,259.11,48
924672,115584,-110854.40,85.79,191.75,48
924672,115584,-71148.10,89.50,125.73,48
924672,115584,-153308.60,33.08,258.20,48
925056,115632,-12131.72,30.15,21.04,48
925056,115632,-48697.33,87.57,87.71,48
925056,115632,-3473.72,87.96,11.86,48
925056,115632,-8151.99,88.19,19.75,48
925056,115632,-37220.32,27.65,63.08,48
925056,115632,-79469.00,88.18,139.34,48
925056,115632,-11179.13,88.03,24.74,48
925056,115632,3720.24,90.27,0.19,48
925440,115680,-21395.22,90.11,42.31,48
925440,115680,-37888.87,86.74,69.25,48
925440,115680,-16150.61,87.32,33.01,48
925440,115680,-192679.31,85.14,329.13,48
925440,115680,-195898.00,29.95,329.56,48
925440,115680,-120323.30,86.31,207.76,48
925440,115680,-55213.56,87.90,98.87,48
925440,115680,-505134.47,88.19,853.65,48
925824,115728,-95323.48,88.24,166.28,48
925824,115728,-27890.23,87.66,52.88,48
925824,115728,-94975.53,26.41,159.78,48
925824,115728,-43377.13,88.29,78.97,48
925824,115728,941.97,90.84,5.03,48
925824,115728,-58260.82,89.92,104.15,48
925824,115728,-57853.11,88.05,103.05,48
925824,115728,-36462.30,89.04,67.43,48
926208,115776,-28364.47,25.76,48.27,48
926208,115776,-107132.51,32.55,180.43,48
926208,115776,-125230.13,86.33,216.05,48
926208,115776,-294150.65,87.48,499.75,48
926208,115776,2259.42,90.17,2.58,48
926208,115776,-31195.63,86.43,58.35,48
926208,115776,-10072.19,91.83,23.46,48
926208,115776,-172197.79,92.23,295.68,48
926592,115824,-16924.48,88.49,34.57,48
926592,115824,-61140.16,87.46,108.59,48
926592,115824,1035.80,87.32,4.29,48
926592,115824,-372418789726098.81,22.26,625000000160.63,48
926592,115824,-179709.56,28.66,302.33,48
926592,115824,-4108.14,82.37,12.43,48
926592,115824,-114567.83,88.50,198.33,48
926592,115824,2721.06,87.38,1.49,48
926976,115872,-64441.98,28.28,108.70,48
926976,115872,-100793.03,29.77,169.49,48
926976,115872,-356521.01,28.52,598.81,48
926976,115872,-41618.80,88.49,76.02,48
926976,115872,-177507.73,88.89,304.10,48
926976,115872,-237.71,89.93,6.83,48
926976,115872,305.61,84.48,5.18,48
926976,115872,-81763.34,23.18,137.57,48
927360,115920,-8251.07,87.20,20.11,48
927360,115920,-13375.18,90.06,28.93,48
927360,115920,-53522.87,85.33,95.58,48
927360,115920,-3013.28,88.93,11.33,48
927360,115920,-37094.85,24.91,62.69,48
927360,115920,-117896.47,26.86,198.42,48
927360,115920,-24812.62,89.73,48.06,48
927360,115920,-12721.36,89.98,27.56,48
927744,115968,-119391.60,30.51,201.08,48
927744,115968,-159864.65,87.04,274.14,48
927744,115968,-135458.63,88.30,233.36,48
927744,115968,-89207.70,87.64,155.84,48
927744,115968,-20961.66,30.17,35.75,48
927744,115968,-211774.60,29.67,356.20,48
927744,115968,-62001.03,89.55,110.44,48
927744,115968,-720.29,89.61,7.69,48
928128,116016,-36925.62,89.27,68.20,48
928128,116016,-46703.46,90.11,84.63,48
928128,116016,-103003.56,30.97,173.45,48
928128,116016,-228951.62,32.21,385.04,48
928128,116016,-6365.91,89.21,16.94,48
928128,116016,-1284.37,26.57,2.57,48
928128,116016,-184380.16,26.61,309.67,48
928128,116016,-189092.91,29.55,317.70,48
928512,116064,-27593.19,88.39,52.37,48
928512,116064,-3693.31,25.94,6.80,48
928512,116064,-2942.54,88.86,11.15,48
928512,116064,-39832.55,89.38,73.23,48
928512,116064,-42145.10,88.02,76.71,48
928512,116064,-23041.23,29.09,39.18,48
928512,116064,-54484.84,89.91,97.71,48
928512,116064,3503.44,89.95,0.65,48
928896,116112,-119245.48,88.26,206.27,48
928896,116112,-233312.54,30.28,392.07,48
928896,116112,-3535.80,27.13,6.68,48
928896,116112,-372418789753661.56,90.15,625000000212.60,48
928896,116112,-26852.18,87.48,51.23,48
928896,116112,-3580.46,86.56,12.00,48
928896,116112,-61517.30,87.63,109.15,48
928896,116112,-49602.52,88.78,89.55,48
929280,116160,-77391.96,89.01,136.13,48
929280,116160,2932.31,88.97,1.33,48
929280,116160,-97272.04,89.32,169.59,48
929280,116160,-2881.97,86.92,10.77,48
929280,116160,-15366.01,87.71,31.65,48
929280,116160,-8000.40,88.19,19.55,48
929280,116160,-21680.58,89.19,42.64,48
929280,116160,-103296.65,33.65,174.19,48
929664,116208,-31869.31,33.42,54.28,48
929664,116208,-24171.12,90.57,47.03,48
929664,116208,-10645.90,28.92,18.62,48
929664,116208,-186467.72,85.18,318.56,48
929664,116208,-37719.61,89.02,69.38,48
929664,116208,-10322.30,87.95,23.58,48
929664,116208,-20683.96,87.36,40.69,48
929664,116208,-85003.81,86.76,148.59,48
930048,116256,-48374.83,29.03,81.75,48
930048,116256,-667.35,87.42,7.13,48
930048,116256,-18143.32,29.92,31.00,48
930048,116256,-135052.46,89.72,232.89,48
930048,116256,-11421.63,28.83,19.57,48
930048,116256,-68884.56,30.25,116.31,48
930048,116256,-3223.30,85.40,11.14,48
930048,116256,-29726.71,87.36,55.87,48
930432,116304,-535109.35,29.01,898.44,48
930432,116304,-107725.58,86.18,186.54,48
930432,116304,2492.60,86.71,1.78,48
930432,116304,-31842.67,26.62,54.18,48
930432,116304,3716.79,88.65,0.00,48
930432,116304,-70059.03,88.13,123.59,48
930432,116304,-3574.15,87.24,11.88,48
930432,116304,-66166.35,88.17,117.19,48
930816,116352,-27838.98,27.24,47.16,48
930816,116352,-137081.38,87.51,235.95,48
930816,116352,-646.68,86.25,6.97,48
930816,116352,-20076.16,90.08,40.09,48
930816,116352,-3179.99,25.52,5.66,48
930816,116352,-996.82,87.48,7.77,48
930816,116352,-69864.31,25.05,117.30,48
930816,116352,-75541.61,89.35,133.19,48
931200,116400,-118576.04,88.83,205.20,48
931200,116400,-890.55,89.28,7.78,48
931200,116400,3131.46,89.71,1.21,48
931200,116400,3454.62,86.32,0.22,48
931200,116400,1434.63,87.30,3.82,48
931200,116400,-4690.08,86.70,13.54,48
931200,116400,-4861.48,22.51,8.30,48
931200,116400,-110681.91,91.17,192.22,48
931584,116448,-42301.33,89.43,77.37,48
931584,116448,3776.06,91.17,0.26,48
931584,116448,-27375.55,87.21,51.75,48
931584,116448,-199594.17,90.60,341.26,48
931584,116448,-5077.17,87.16,14.61,48
931584,116448,-21316.31,87.69,41.96,48
931584,116448,-39987.20,23.92,67.26,48
931584,116448,-107149.07,87.48,185.81,48
931968,116496,-106776.29,86.92,185.32,48
931968,116496,-15188.51,91.45,32.08,48
931968,116496,-4213.00,87.30,13.20,48
931968,116496,-200190.90,29.29,336.70,48
931968,116496,-11614.50,30.46,20.14,48
931968,116496,-61659.63,88.93,109.80,48
931968,116496,-193033.81,32.64,324.72,48
931968,116496,-79711.14,88.90,139.79,48
932352,116544,1254.04,87.50,3.91,48
932352,116544,-44978.62,89.77,81.67,48
932352,116544,-6942.62,91.24,18.16,48
932352,116544,-164113.10,31.88,276.11,48
932352,116544,-178577.94,89.05,306.08,48
932352,116544,-593233.42,24.23,995.37,48
932352,116544,-48685.15,88.35,87.86,48
932352,116544,-52001.18,29.00,88.12,48
932736,116592,-40720.47,88.43,74.46,48
932736,116592,-1602.92,25.32,3.07,48
932736,116592,-161525.66,86.24,276.83,48
932736,116592,-139905.96,87.08,240.93,48
932736,116592,-25692.69,88.68,49.29,48
932736,116592,-109138.91,87.87,189.07,48
932736,116592,-49712.98,84.34,89.09,48
932736,116592,-2296582536269995.00,33.98,3854166667025.89,48
933120,116640,-5449.68,87.51,15.13,48
933120,116640,-61033.27,24.32,102.51,48
933120,116640,-17042.66,88.83,34.69,48
933120,116640,-16029.45,24.98,27.31,48
933120,116640,-747.89,88.06,7.49,48
933120,116640,-2704.43,88.67,10.78,48
933120,116640,-15602.04,85.59,31.69,48
933120,116640,-54169.78,86.75,96.88,48
933504,116688,-3791.25,86.63,12.32,48
933504,116688,-7580.14,86.31,18.63,48
933504,116688,-444665.33,28.03,746.62,48
933504,116688,-460631.80,90.84,779.44,48
933504,116688,-50001.66,26.14,84.49,48
933504,116688,-131897.64,33.69,221.76,48
933504,116688,-46895.89,30.98,79.46,48
933504,116688,-44460.70,88.06,80.63,48
933888,116736,-2296582536250348.50,91.09,3854166666998.21,48
933888,116736,-1957.90,87.25,9.33,48
933888,116736,-45169.40,27.57,75.97,48
933888,116736,-41718.16,87.90,76.01,48
933888,116736,-474521.62,86.15,802.21,48
933888,116736,-348494.53,26.99,585.26,48
933888,116736,-15699.97,27.01,26.85,48
933888,116736,-121102.36,32.86,204.15,48
934272,116784,-11382.85,27.46,19.70,48
934272,116784,-73321.73,86.07,128.93,48
934272,116784,-154876.14,30.58,260.95,48
934272,116784,-111046.42,88.06,192.48,48
934272,116784,-35544.01,30.83,60.61,48
934272,116784,-49002.32,24.05,82.83,48
934272,116784,-461.09,87.37,6.70,48
934272,116784,-108927.08,87.33,188.65,48
934656,116832,-118440.29,30.43,199.05,48
934656,116832,-111643.18,24.89,187.89,48
934656,116832,-275951.20,87.77,469.01,48
934656,116832,-1992.11,87.26,9.71,48
934656,116832,-60980.22,33.02,103.31,48
934656,116832,-95253.93,28.23,160.46,48
934656,116832,-65865.58,89.51,116.74,48
934656,116832,-25136.82,86.73,48.05,48
935040,116880,-9317.04,85.54,21.58,48
935040,116880,-41279.55,27.43,69.87,48
935040,116880,-36372.99,26.62,61.42,48
935040,116880,-18291.42,29.49,31.38,48
935040,116880,-26132.29,91.43,50.42,48
935040,116880,3615.13,89.01,0.19,48
935040,116880,-1603.24,89.98,9.01,48
935040,116880,-2296582536276647.50,90.17,3854166667042.18,48
935424,116928,-11817.30,89.22,26.21,48
935424,116928,-29352.38,87.05,55.30,48
935424,116928,-48236.45,28.25,81.64,48
935424,116928,-43908.85,29.14,74.40,48
935424,116928,-23445.28,31.33,40.18,48
935424,116928,-34404.36,28.15,58.22,48
935424,116928,-29947.64,29.49,50.87,48
935424,116928,-4129.67,87.34,12.79,48
935808,116976,-6491.75,89.13,17.19,48
935808,116976,-174735.55,86.11,299.13,48
935808,116976,-100660.80,27.62,169.45,48
935808,116976,298.50,22.12,0.00,48
935808,116976,-159077.32,88.67,273.00,48
935808,116976,-104781.25,30.52,176.43,48
935808,116976,-55773.91,89.44,99.77,48
935808,116976,-29914.19,89.52,56.75,48
936192,117024,-1821.02,23.86,3.50,48
936192,117024,-212923.12,89.76,363.62,48
936192,117024,-3537978501566244.50,84.34,5937500000129.33,48
936192,117024,-70085.95,90.76,123.95,48
936192,117024,-130225.43,88.03,224.53,48
936192,117024,-512898.76,86.85,866.88,48
936192,117024,-32860.38,89.91,61.48,48
936192,117024,-78142.21,87.63,137.24,48
936576,117072,-48524.97,89.26,87.69,48
936576,117072,-313104.06,85.21,531.03,48
936576,117072,-113255.23,88.34,196.20,48
936576,117072,134.82,26.63,0.28,48
936576,117072,-2762.98,88.38,10.99,48
936576,117072,-3537978501661799.50,32.33,5937500000284.60,48
936576,117072,-69888.98,85.97,123.22,48
936576,117072,-8483.58,29.36,15.27,48
936960,117120,-55309.16,87.11,98.70,48
936960,117120,-51543.49,87.57,92.48,48
936960,117120,-78461.15,27.49,132.45,48
936960,117120,-24028.49,89.19,46.53,48
936960,117120,-7283.10,27.60,12.53,48
936960,117120,-165619.28,89.51,284.27,48
936960,117120,-458123.42,86.03,774.65,48
936960,117120,-46421.07,27.11,78.50,48
937344,117168,-20590.31,86.45,40.68,48
937344,117168,-5626.86,87.06,15.47,48
937344,117168,-66738.58,23.82,112.37,48
937344,117168,-123222.77,88.26,212.95,48
937344,117168,-2296582536230192.50,86.88,3854166666964.00,48
937344,117168,-1489675158665258.75,27.96,2500000000238.76,48
937344,117168,-72105.32,26.55,121.28,48
937344,117168,-104489.35,84.62,181.06,48
937728,117216,-140784.55,87.66,242.13,48
937728,117216,-219312.52,89.04,374.30,48
937728,117216,-634558.29,88.52,1071.03,48
937728,117216,-137078.10,32.77,230.92,48
937728,117216,-233589.25,86.95,397.81,48
937728,117216,-116474.31,85.70,201.38,48
937728,117216,-48348.24,27.32,81.73,48
937728,117216,-1043.78,20.52,1.91,48
938112,117264,-50836.16,26.40,85.84,48
938112,117264,-108196.40,88.32,187.73,48
938112,117264,-107353.06,88.43,186.15,48
938112,117264,-18709.76,24.60,31.90,48
938112,117264,-85230.31,87.28,149.00,48
938112,117264,3078.65,88.49,0.95,48
938112,117264,-59670.19,26.91,100.47,48
938112,117264,-61877.83,86.17,109.54,48
938496,117312,-51836.19,30.24,87.73,48
938496,117312,-497998.03,27.97,836.59,48
938496,117312,-207787.75,89.16,355.00,48
938496,117312,-7598.27,89.25,19.09,48
938496,117312,1249.62,87.98,3.96,48
938496,117312,-139889.33,28.86,235.28,48
938496,117312,3052.78,85.43,0.73,48
938496,117312,-23913.82,29.24,40.87,48
938880,117360,-128883.10,87.47,222.31,48
938880,117360,-24380.95,89.47,47.30,48
938880,117360,-10495.94,89.16,23.69,48
938880,117360,-9736.29,86.51,22.28,48
938880,117360,-138345.36,90.58,238.82,48
938880,117360,3559.18,86.82,0.00,48
938880,117360,-185588.93,89.91,317.84,48
938880,117360,-117006.98,90.25,202.71,48
939264,117408,-63391.40,28.53,106.36,48
939264,117408,-32417.76,84.88,60.26,48
939264,117408,-54536.28,89.46,97.75,48
939264,117408,-60772.07,89.98,108.36,48
939264,117408,-35154.14,31.36,59.87,48
939264,117408,3472.04,86.40,0.26,48
939264,117408,-40705.61,28.01,68.80,48
939264,117408,-2497.35,91.32,10.77,48
939648,117456,-64785.61,33.61,109.65,48
939648,117456,-16088.58,87.12,32.78,48
939648,117456,-31418.85,84.88,58.38,48
939648,117456,155.20,26.24,0.23,48
939648,117456,-4451.73,85.88,13.44,48
939648,117456,-143237.83,86.61,246.21,48
939648,117456,-37220.90,86.72,68.38,48
939648,117456,1707.88,87.37,3.08,48
940032,117504,-75739.25,90.10,133.53,48
940032,117504,-40667.26,88.57,74.63,48
940032,117504,-121810.03,91.92,211.00,48
940032,117504,-5299.60,31.60,9.61,48
940032,117504,65.65,88.74,5.90,48
940032,117504,-58325.38,26.19,98.24,48
940032,117504,-53120.04,88.60,95.24,48
940032,117504,-495.26,88.27,6.92,48
940416,117552,-3954.16,84.90,12.28,48
940416,117552,3618.85,89.10,0.16,48
940416,117552,-90689.60,27.06,152.66,48
940416,117552,-68527.97,88.71,121.26,48
940416,117552,-33621.58,89.00,62.59,48
940416,117552,-34287.60,89.90,64.11,48
940416,117552,-34799.06,89.82,64.66,48
940416,117552,-354020.55,27.31,594.52,48
940800,117600,-84282.55,28.90,141.78,48
940800,117600,-317535.00,86.25,538.64,48
940800,117600,-25120.35,89.48,48.40,48
940800,117600,606.61,86.62,5.00,48
940800,117600,-84457.89,27.55,142.22,48
940800,117600,-34514.13,86.56,63.82,48
940800,117600,-64242.74,26.43,108.26,48
940800,117600,-7421.94,29.91,12.93,48
941184,117648,-12634.24,87.98,27.27,48
941184,117648,-253700.40,89.38,431.89,48
941184,117648,-9304.58,90.30,22.16,48
941184,117648,-22401.35,89.05,43.62,48
941184,117648,-78894.88,25.35,132.88,48
941184,117648,-26568.27,89.06,50.67,48
941184,117648,-204740.35,87.27,349.63,48
941184,117648,-63310.81,90.12,112.56,48
941568,117696,3210.03,87.84,0.78,48
941568,117696,-511811.62,88.43,865.06,48
941568,117696,-203321.04,90.42,347.74,48
941568,117696,-6190.14,88.00,16.47,48
941568,117696,-53263.16,28.14,89.73,48
941568,117696,-23795.16,87.85,46.09,48
941568,117696,-372418789777037.56,85.72,625000000251.18,48
941568,117696,-209622.52,88.81,357.90,48
941952,117744,3596.77,87.41,0.00,48
941952,117744,-1626.34,88.02,8.73,48
941952,117744,-107417.46,89.08,186.56,48
941952,117744,-63979.62,87.77,113.47,48
941952,117744,-377.33,24.96,1.21,48
941952,117744,-45915.01,25.10,77.54,48
941952,117744,-84247.08,86.01,147.27,48
941952,117744,2341.25,87.73,2.34,48
942336,117792,-49703.77,86.96,89.54,48
942336,117792,-20026.03,30.21,34.19,48
942336,117792,-8414.50,87.88,20.07,48
942336,117792,-29743.20,24.95,50.24,48
942336,117792,-12658.38,87.57,27.25,48
942336,117792,-101390.62,88.05,176.35,48
942336,117792,-37605.31,28.07,63.27,48
942336,117792,-100558.60,27.60,169.47,48
942720,117840,-522955.65,29.91,878.79,48
942720,117840,-50992.94,86.35,91.51,48
942720,117840,3669.07,87.80,0.00,48
942720,117840,3731.62,87.51,0.00,48
942720,117840,-46581.57,87.48,84.20,48
942720,117840,-42194.73,29.66,71.74,48
942720,117840,-32070.78,85.81,59.53,48
942720,117840,-9184.98,84.44,20.95,48
943104,117888,-3971.21,24.83,7.14,48
943104,117888,-219583.03,31.71,369.59,48
943104,117888,-139020.64,87.60,239.38,48
943104,117888,-39717.08,30.89,67.45,48
943104,117888,-152885.44,91.40,263.26,48
943104,117888,-15678.80,86.77,32.25,48
943104,117888,-32263.28,86.43,59.95,48
943104,117888,-19830.50,31.38,34.18,48
943488,117936,-37524.11,86.91,68.97,48
943488,117936,-1489675158700252.50,91.39,2500000000303.75,48
943488,117936,-71457.56,88.85,126.15,48
943488,117936,-24973.07,85.30,47.70,48
943488,117936,-372071.85,30.33,624.96,48
943488,117936,-37886.17,85.81,69.31,48
943488,117936,-35260.47,91.32,65.84,48
943488,117936,-107360.26,91.06,186.60,48
943872,117984,-48893.41,30.43,82.79,48
943872,117984,2102.24,86.37,2.41,48
943872,117984,3777.27,88.89,0.00,48
943872,117984,-144997.66,30.52,243.76,48
943872,117984,-40743.38,90.71,74.74,48
943872,117984,-45224.29,91.19,82.31,48
943872,117984,-17288.29,85.77,34.64,48
943872,117984,-81574.31,27.40,137.35,48
944256,118032,-57919.16,86.86,103.03,48
944256,118032,-88463.89,86.84,154.37,48
944256,118032,-21559.46,90.29,42.53,48
944256,118032,-547458.33,88.99,925.11,48
944256,118032,3720.30,87.87,0.00,48
944256,118032,-41926.95,26.55,70.67,48
944256,118032,-89065.88,88.96,155.56,48
944256,118032,-8229.57,89.97,20.19,48
944640,118080,-2296582536203398.50,90.62,3854166666919.54,48
944640,118080,-51904.49,89.18,93.21,48
944640,118080,-101332.48,31.58,170.80,48
944640,118080,-27830.39,86.67,52.55,48
944640,118080,-107726.41,33.53,181.77,48
944640,118080,-372418789778362.75,86.11,625000000253.50,48
944640,118080,-34.63,88.16,6.20,48
944640,118080,-18092.41,25.00,30.75,48
945024,118128,-214887.46,87.21,366.68,48
945024,118128,2173.67,85.26,2.27,48
945024,118128,-115831.37,91.68,200.89,48
945024,118128,-157037.79,87.86,269.50,48
945024,118128,-347389.78,87.73,589.15,48
945024,118128,-23827.55,88.40,46.21,48
945024,118128,-28520.17,90.49,54.33,48
945024,118128,-76418.38,26.15,128.62,48
945408,118176,3106.98,88.33,0.94,48
945408,118176,-29187.85,89.88,55.22,48
945408,118176,-69026.90,87.37,121.80,48
945408,118176,-127.75,30.39,1.18,48
945408,118176,-30130.38,86.28,56.31,48
945408,118176,-102823.25,87.84,178.47,48
945408,118176,-6453.57,30.09,11.57,48
945408,118176,-68426.27,30.91,115.61,48
945792,118224,-118594.81,86.57,204.89,48
945792,118224,-144779.50,87.46,249.04,48
945792,118224,-30912.45,28.89,52.59,48
945792,118224,-67562.45,89.12,119.47,48
945792,118224,2620.40,86.16,1.38,48
945792,118224,-65055.44,25.03,109.26,48
945792,118224,-51314.36,87.35,92.11,48
945792,118224,-15172.60,88.01,31.71,48
946176,118272,-149780.12,89.57,257.50,48
946176,118272,-372418789834950.12,29.32,625000000343.33,48
946176,118272,-35882.26,24.26,60.54,48
946176,118272,-50314.97,87.27,90.31,48
946176,118272,-933.01,85.79,7.45,48
946176,118272,-3441.31,26.84,6.18,48
946176,118272,-43676.33,25.92,73.65,48
946176,118272,-117681.16,90.16,203.89,48
946560,118320,-590178.37,87.27,996.59,48
946560,118320,-49963.16,86.40,89.85,48
946560,118320,-14749.97,90.61,31.32,48
946560,118320,-21190.66,27.54,36.02,48
946560,118320,-5989.13,30.94,10.70,48
946560,118320,-111781.12,87.98,193.61,48
946560,118320,391.07,28.87,0.00,48
946560,118320,-43840.50,89.04,79.90,48
946944,118368,-330033.48,25.13,554.49,48
946944,118368,568.29,88.52,5.18,48
946944,118368,-24722.78,31.06,42.29,48
946944,118368,-580256.03,27.96,974.20,48
946944,118368,53.19,88.38,6.32,48
946944,118368,-810.47,86.56,7.18,48
946944,118368,-61771.06,87.10,109.73,48
946944,118368,-64295.74,29.43,108.85,48
947328,118416,-36455.25,86.16,67.06,48
947328,118416,2038.06,88.22,2.78,48
947328,118416,-12836.85,89.29,27.90,48
947328,118416,-58345.03,85.74,103.54,48
947328,118416,-120893.80,86.69,208.87,48
947328,118416,-165887.26,88.06,284.39,48
947328,118416,-12834.42,28.52,22.11,48
947328,118416,2701.15,88.46,1.63,48
947712,118464,3124.69,85.70,0.61,48
947712,118464,-64187.63,87.19,113.60,48
947712,118464,-58411.52,84.55,103.69,48
947712,118464,-194436.46,28.83,326.73,48
947712,118464,-47368.56,27.91,80.14,48
947712,118464,-29013.02,89.62,54.87,48
947712,118464,-16808.97,86.17,34.04,48
947712,118464,-31526.28,90.78,59.34,48
948096,118512,-7047.94,30.55,12.55,48
948096,118512,-75205.42,29.04,126.70,48
948096,118512,-16689.76,87.61,34.18,48
948096,118512,-116247.11,32.40,195.80,48
948096,118512,-1649.02,85.98,8.52,48
948096,118512,-111043.98,86.94,192.20,48
948096,118512,-98899.91,89.39,172.18,48
948096,118512,-124835.66,31.41,210.61,48
948480,118560,-44851.92,31.67,76.03,48
948480,118560,-32115.15,31.60,55.01,48
948480,118560,-58013.71,85.29,103.10,48
948480,118560,1796.58,89.31,3.22,48
948480,118560,-3720.10,26.15,6.70,48
948480,118560,-14779.93,87.39,30.99,48
948480,118560,-5667.78,29.94,10.10,48
948480,118560,-34415.52,29.42,58.63,48
948864,118608,-107392.19,86.63,186.04,48
948864,118608,242.68,90.59,6.05,48
948864,118608,-311022.00,88.37,528.16,48
948864,118608,-15972.35,85.71,32.53,48
948864,118608,-233695.27,85.49,397.81,48
948864,118608,-205749.97,28.56,345.99,48
948864,118608,-18907.32,29.85,32.06,48
948864,118608,-47450.16,85.32,85.19,48
949248,118656,-78007.92,88.62,137.05,48
949248,118656,-51098.75,87.29,91.74,48
949248,118656,-103043.49,89.43,179.20,48
949248,118656,-7754.91,87.37,18.94,48
949248,118656,-13510.91,86.66,28.69,48
949248,118656,-63082.59,89.07,112.06,48
949248,118656,856.90,85.47,4.47,48
949248,118656,-318118.38,89.41,540.43,48
949632,118704,-43907.08,86.66,79.53,48
949632,118704,-447279.14,89.11,756.83,48
949632,118704,-34772.46,31.52,58.95,48
949632,118704,-122758.18,29.39,206.41,48
949632,118704,725.20,87.91,4.91,48
949632,118704,-44098.12,22.92,74.33,48
949632,118704,-36213.61,88.62,67.05,48
949632,118704,-13734.62,86.91,28.84,48
950016,118752,-103190.27,90.28,179.52,48
950016,118752,-28717.40,25.15,48.55,48
950016,118752,-32420.91,85.85,60.28,48
950016,118752,-116952.24,26.46,196.70,48
950016,118752,-132132.06,31.69,222.24,48
950016,118752,-638.70,86.61,7.18,48
950016,118752,-39934.25,87.69,73.03,48
950016,118752,-2440.44,29.15,4.88,48
950400,118800,-216596.53,89.75,369.80,48
950400,118800,-58446.78,88.47,104.18,48
950400,118800,-3306.48,28.35,6.40,48
950400,118800,-372418789778184.12,88.63,625000000253.49,48
950400,118800,-4572.42,88.08,13.89,48
950400,118800,-193751.49,87.27,330.90,48
950400,118800,-42871.41,85.69,77.69,48
950400,118800,-132246.82,29.99,222.44,48
950784,118848,-52021.77,86.37,93.00,48
950784,118848,-26020.57,30.16,44.46,48
950784,118848,-43164.33,88.48,78.55,48
950784,118848,1014.50,88.62,4.55,48
950784,118848,-320717.90,86.11,544.22,48
950784,118848,-17335.23,85.04,34.79,48
950784,118848,-142321.81,89.51,245.00,48
950784,118848,2778.81,90.37,1.68,48
951168,118896,-92536.44,85.54,160.90,48
951168,118896,-134639.61,84.56,231.44,48
951168,118896,-129403.46,89.06,223.39,48
951168,118896,-244019.55,31.28,410.01,48
951168,118896,-149862.36,26.43,251.97,48
951168,118896,-1426.69,87.85,8.45,48
951168,118896,-2296582536220848.50,88.42,3854166666948.38,48
951168,118896,-9689.70,30.11,16.81,48
951552,118944,139.19,87.35,5.89,48
951552,118944,-21979.67,87.49,42.94,48
951552,118944,-110185.12,89.08,191.01,48
951552,118944,-58781.35,87.79,104.77,48
951552,118944,183.38,90.57,6.09,48
951552,118944,852.83,86.16,4.34,48
951552,118944,-65140.50,88.92,115.36,48
951552,118944,-34999.06,89.55,65.01,48
951936,118992,2701.56,85.52,1.31,48
951936,118992,-15727.40,86.91,32.23,48
951936,118992,-84472.64,29.33,142.06,48
951936,118992,-94368.98,28.22,158.76,48
951936,118992,-147606.48,90.56,254.06,48
951936,118992,-74763.97,88.98,131.70,48
951936,118992,-31863.57,90.39,59.84,48
951936,118992,-22612.42,89.74,44.21,48
952320,119040,-6540.98,87.26,17.10,48
952320,119040,-656229.74,29.77,1101.69,48
952320,119040,-69760.95,31.02,117.99,48
952320,119040,-11249.76,92.17,25.49,48
952320,119040,-63785.32,34.05,107.89,48
952320,119040,-17147.14,28.06,29.46,48
952320,119040,-28159.74,86.19,53.04,48
952320,119040,-55363.37,29.69,93.37,48
952704,119088,-4641.21,31.94,8.59,48
952704,119088,-45568.71,28.90,77.24,48
952704,119088,3716.75,90.27,0.28,48
952704,119088,-56860.26,87.94,101.56,48
952704,119088,-74757.71,91.37,132.09,48
952704,119088,-22476.29,90.95,44.06,48
952704,119088,-102311.00,86.38,177.38,48
952704,119088,-629090.64,30.66,1056.28,48
953088,119136,-23165.47,88.08,44.95,48
953088,119136,-3066.43,85.44,10.94,48
953088,119136,241.57,29.59,0.43,48
953088,119136,-19211.19,23.02,32.63,48
953088,119136,-9696.88,90.05,22.56,48
953088,119136,-55720.48,31.81,94.48,48
953088,119136,-35964.29,84.58,66.03,48
953088,119136,-12046.05,29.83,20.90,48
953472,119184,-49413.15,29.69,83.41,48
953472,119184,-26919.85,86.46,51.02,48
953472,119184,-48058.02,88.19,86.72,48
953472,119184,-533472.17,88.44,901.34,48
953472,119184,-72785.30,86.18,127.73,48
953472,119184,-159653.96,88.88,274.19,48
953472,119184,-761521.44,31.66,1278.86,48
953472,119184,-52569.73,29.03,89.00,48
953856,119232,3398.91,83.97,0.00,48
953856,119232,-73033.93,87.55,128.60,48
953856,119232,-146184.83,89.78,251.67,48
953856,119232,-16776.45,89.27,34.34,48
953856,119232,-27616.01,86.56,52.15,48
953856,119232,-90774.50,25.97,152.50,48
953856,119232,-66364.94,87.87,117.54,48
953856,119232,-28591.58,29.67,48.71,48
954240,119280,-2829.73,84.72,10.51,48
954240,119280,-628517.59,90.06,1061.23,48
954240,119280,-91327.98,29.46,153.69,48
954240,119280,-18555.24,87.87,37.23,48
954240,119280,-5285.59,28.34,9.63,48
954240,119280,-71083.16,27.37,119.78,48
954240,119280,-1515.83,22.16,2.76,48
954240,119280,-97122.72,32.28,163.99,48
954624,119328,-372418789929311.12,91.19,625000000507.48,48
954624,119328,-132746.25,90.02,229.18,48
954624,119328,-136601.41,88.49,235.38,48
954624,119328,-52061.90,25.74,87.51,48
954624,119328,-85663.69,29.11,144.52,48
954624,119328,-94201.45,86.69,163.79,48
954624,119328,-617063.57,89.67,1041.84,48
954624,119328,-5301.37,88.59,15.10,48
955008,119376,-5164.97,88.23,14.70,48
955008,119376,-67496.30,90.35,119.70,48
955008,119376,-14740.92,85.16,30.58,48
955008,119376,-46605.00,27.83,78.83,48
955008,119376,-1776.17,85.96,8.93,48
955008,119376,-14654.81,92.97,31.44,48
955008,119376,-9620.43,29.98,16.93,48
955008,119376,-115903.58,25.62,195.21,48
955392,119424,-55044.53,28.14,93.03,48
955392,119424,-48361.77,87.55,87.13,48
955392,119424,3301.72,85.83,0.47,48
955392,119424,-124571.80,90.50,215.41,48
955392,119424,-16505.25,86.88,33.76,48
955392,119424,-24279.35,87.18,46.63,48
955392,119424,-30073.61,91.25,57.09,48
955392,119424,-21663.26,27.24,37.01,48
955776,119472,-2916.25,90.64,11.40,48
955776,119472,-85674.19,89.82,150.24,48
955776,119472,-64849.08,27.71,108.96,48
955776,119472,-99138.94,87.67,172.33,48
955776,119472,-10403.87,31.76,18.33,48
955776,119472,-6240.51,89.14,16.73,48
955776,119472,3230.93,89.32,0.95,48
955776,119472,-121515.08,91.94,210.66,48
956160,119520,-132845.25,90.62,229.29,48
956160,119520,-40137.98,31.16,67.97,48
956160,119520,-22500.88,30.27,38.63,48
956160,119520,-78185.46,90.34,137.61,48
956160,119520,456.97,32.16,0.00,48
956160,119520,-67660.01,91.05,120.08,48
956160,119520,-31494.89,89.32,59.06,48
956160,119520,-119453.93,89.39,206.62,48
956544,119568,-81881.99,87.98,143.64,48
956544,119568,-10776.14,88.09,24.21,48
956544,119568,-372418789757034.88,29.49,625000000212.65,48
956544,119568,-1489675158672835.00,88.54,2500000000257.26,48
956544,119568,-177397.43,89.71,303.95,48
956544,119568,-130110.01,87.75,224.37,48
956544,119568,-7007.67,23.85,11.93,48
956544,119568,-26869.05,26.65,45.13,48
956928,119616,3262.30,87.99,0.78,48
956928,119616,-51436.58,30.79,86.81,48
956928,119616,295.55,30.20,0.00,48
956928,119616,-5514.56,29.52,9.76,48
956928,119616,-54373.55,84.23,96.77,48
956928,119616,-335047.50,26.27,562.75,48
956928,119616,-180173.73,89.39,308.43,48
956928,119616,-279760.37,33.41,470.42,48
957312,119664,-15775.12,86.76,32.15,48
957312,119664,-273197.27,34.68,459.59,48
957312,119664,-113977.70,86.04,197.02,48
957312,119664,-24152.70,90.42,47.12,48
957312,119664,351.85,26.61,0.00,48
957312,119664,-17782.03,29.83,30.16,48
957312,119664,-69090.75,89.47,122.01,48
957312,119664,-56428.56,31.34,95.59,48
957696,119712,-211645.96,86.21,361.04,48
957696,119712,-133460.12,86.75,229.90,48
957696,119712,-31274.36,31.85,53.41,48
957696,119712,-22487.22,32.16,38.36,48
957696,119712,3279.89,85.18,0.31,48
957696,119712,1068.20,88.48,4.23,48
957696,119712,649.49,88.20,5.33,48
957696,119712,-2467.56,87.11,10.40,48
958080,119760,2368.92,84.46,1.61,48
958080,119760,-931046974275956.00,27.16,1562500000334.37,48
958080,119760,-17557.68,25.46,29.88,48
958080,119760,-36283.55,27.83,61.52,48
958080,119760,-124371.03,26.23,209.38,48
958080,119760,-636.90,22.53,1.21,48
958080,119760,-27600.69,31.25,47.00,48
958080,119760,-9357.36,27.71,15.71,48
958464,119808,-13749.13,88.20,29.25,48
958464,119808,-7448375792767781.00,90.06,12500000000261.29,48
958464,119808,-127167.14,91.05,219.94,48
958464,119808,-67657.28,87.20,119.67,48
958464,119808,-25675.89,90.19,49.38,48
958464,119808,-75209.18,30.98,126.82,48
958464,119808,-21708.89,89.00,42.54,48
958464,119808,-60872.48,87.37,108.21,48
958848,119856,-17242.42,85.71,34.66,48
958848,119856,-28763.53,88.38,54.17,48
958848,119856,-24157.02,29.09,41.02,48
958848,119856,280.41,27.87,0.17,48
958848,119856,-3305.97,89.15,11.92,48
958848,119856,-116119.64,88.05,200.97,48
958848,119856,-496111.62,25.45,833.08,48
958848,119856,-517355.49,87.67,874.20,48
959232,119904,1082.45,85.84,4.07,48
959232,119904,-55237.63,34.93,93.67,48
959232,119904,-17754.58,89.58,36.17,48
959232,119904,-76177.93,87.47,133.90,48
959232,119904,-3993.83,29.11,7.24,48
959232,119904,-42669.77,88.10,77.81,48
959232,119904,-18900.09,91.25,38.24,48
959232,119904,-97818.64,28.82,164.91,48
959616,119952,-142917.64,88.17,245.99,48
959616,119952,-145719.91,88.87,250.59,48
959616,119952,-129483.42,86.63,223.32,48
959616,119952,-177884.69,30.95,299.15,48
959616,119952,-41214.33,88.76,75.34,48
959616,119952,-58602.41,87.89,104.41,48
959616,119952,-141387.53,26.69,237.52,48
959616,119952,-4336.25,87.23,13.22,48
960000,120000,-313881.40,88.38,532.97,48
960000,120000,-112599.44,32.39,189.83,48
960000,120000,-14956.09,87.75,30.93,48
960000,120000,-7448375792718227.00,86.43,12500000000177.81,48
960000,120000,-142970.75,28.15,240.42,48
960000,120000,-145620.08,87.12,250.35,48
960000,120000,-31405.84,30.01,53.14,48
960000,120000,-166710.97,86.50,285.45,48
960384,120048,-19571.05,89.12,39.29,48
960384,120048,-37354.75,90.85,69.26,48
960384,120048,-82796.28,88.46,144.97,48
960384,120048,-231212.06,34.48,389.03,48
960384,120048,-7396.03,27.23,12.83,48
960384,120048,-77909.19,85.43,136.49,48
960384,120048,-10809.79,88.76,24.47,48
960384,120048,-2408.73,88.31,10.09,48
960768,120096,-63281.42,87.83,112.38,48
960768,120096,-148617.68,85.53,255.18,48
960768,120096,-68692.94,88.36,121.25,48
960768,120096,-42958.11,87.18,78.08,48
960768,120096,-120957.06,91.09,209.39,48
960768,120096,-6427.68,87.96,16.98,48
960768,120096,-58241.72,27.32,98.03,48
960768,120096,-94422.37,26.39,158.64,48
961152,120144,-1732.37,26.64,3.37,48
961152,120144,-67883.97,31.81,115.03,48
961152,120144,-117099.52,86.95,202.49,48
961152,120144,-80352.31,86.70,140.59,48
961152,120144,-3537978501614867.00,87.29,5937500000211.40,48
961152,120144,-296002.61,31.96,497.54,48
961152,120144,-2087.78,87.40,9.65,48
961152,120144,868.38,85.08,4.39,48
961536,120192,-33323.62,27.79,56.50,48
961536,120192,-2527.88,26.37,4.36,48
961536,120192,-50337.56,89.00,90.71,48
961536,120192,-94192.55,89.03,164.29,48
961536,120192,-391182.22,87.61,662.55,48
961536,120192,-931046974255977.62,87.61,1562500000306.28,48
961536,120192,-15243.63,25.53,25.96,48
961536,120192,373.11,86.75,5.41,48
961920,120240,-2296582536168223.50,83.75,3854166666859.62,48
961920,120240,-25992.91,90.95,50.04,48
961920,120240,-82612.89,89.36,144.83,48
961920,120240,-44248.44,88.66,80.48,48
961920,120240,2013.69,90.30,2.94,48
961920,120240,-2296582536171207.00,26.94,3854166666859.73,48
961920,120240,-66.19,88.17,6.34,48
961920,120240,-49515.87,87.62,89.24,48
962304,120288,-58607.75,87.11,104.09,48
962304,120288,-33376.30,28.90,56.53,48
962304,120288,-46420.75,28.21,78.61,48
962304,120288,3244.12,92.57,1.39,48
962304,120288,-64324.34,29.98,108.46,48
962304,120288,-794.53,29.58,1.49,48
962304,120288,-200041.93,27.74,336.14,48
962304,120288,-139532.05,87.00,240.11,48
962688,120336,-39651.50,89.56,72.94,48
962688,120336,-176037.76,27.01,295.91,48
962688,120336,-558546.62,89.82,943.68,48
962688,120336,-33845.42,86.96,62.70,48
962688,120336,-237009.74,89.14,403.90,48
962688,120336,-158116.09,85.21,271.18,48
962688,120336,-3584.05,83.73,11.65,48
962688,120336,-431627.61,24.17,725.02,48
963072,120384,-81329.68,28.64,137.10,48
963072,120384,-3180.41,87.48,11.43,48
963072,120384,-60622.66,91.04,108.15,48
963072,120384,-76461.57,29.89,128.95,48
963072,120384,-44862.20,86.89,81.29,48
963072,120384,-33892.51,87.92,63.09,48
963072,120384,-439242.84,88.71,743.31,48
963072,120384,-50928.52,84.54,91.13,48
963456,120432,-27498.10,27.35,46.91,48
963456,120432,-41226.45,89.28,75.29,48
963456,120432,-152563.60,87.75,262.09,48
963456,120432,-58134.80,86.46,103.22,48
963456,120432,-6777.23,27.46,11.90,48
963456,120432,-13994.50,25.11,23.86,48
963456,120432,-1697.14,91.11,9.21,48
963456,120432,-80238.16,89.66,141.02,48
963840,120480,-173977.44,89.90,298.22,48
963840,120480,-26175.84,30.31,45.04,48
963840,120480,-474.96,29.20,1.74,48
963840,120480,-4484.57,90.44,14.17,48
963840,120480,-188437.21,31.68,317.22,48
963840,120480,-153368.57,88.69,263.45,48
963840,120480,-391878.70,21.74,657.94,48
963840,120480,-358171.44,88.99,607.26,48
964224,120528,-274.05,86.58,6.34,48
964224,120528,-30254.06,88.38,56.87,48
964224,120528,-68894.68,91.15,122.14,48
964224,120528,-70236.14,29.09,118.57,48
964224,120528,-118336.92,30.79,199.06,48
964224,120528,3061.35,87.66,1.08,48
964224,120528,2814.49,88.80,1.27,48
964224,120528,-4937.02,23.72,8.43,48
964608,120576,-529786.70,86.88,894.91,48
964608,120576,3632.33,86.96,0.00,48
964608,120576,-356617.71,86.46,604.27,48
964608,120576,-5657.34,27.99,9.90,48
964608,120576,-87017.58,85.69,151.78,48
964608,120576,-17844.90,27.39,30.62,48
964608,120576,2139.74,89.00,2.63,48
964608,120576,-139767.80,86.32,240.25,48
964992,120624,-931046974179467.75,86.69,1562500000177.95,48
964992,120624,-99789.22,88.59,173.61,48
964992,120624,-58580.53,89.87,104.59,48
964992,120624,-2832.35,30.26,5.46,48
964992,120624,-37056.99,89.97,68.55,48
964992,120624,-58552.21,86.53,104.06,48
964992,120624,-75005.12,28.58,126.68,48
964992,120624,-22594.76,90.48,44.37,48
965376,120672,-1489675158701600.25,89.00,2500000000305.52,48
965376,120672,-158396.00,27.19,266.07,48
965376,120672,-14799.15,27.72,25.24,48
965376,120672,-29341.95,87.31,55.52,48
965376,120672,-450432.34,87.31,762.05,48
965376,120672,-39876.56,30.70,67.67,48
965376,120672,-931046974300519.00,31.07,1562500000375.69,48
965376,120672,-62818.14,88.50,111.51,48
965760,120720,-620859.48,32.56,1042.89,48
965760,120720,-32441.41,87.84,60.65,48
965760,120720,-28466.17,26.72,48.47,48
965760,120720,-50773.76,87.49,91.38,48
965760,120720,-43680.90,86.44,79.22,48
965760,120720,-42240.78,89.24,77.21,48
965760,120720,182.03,36.24,0.83,48
965760,120720,-155242.32,30.12,260.96,48
966144,120768,-36831.94,84.82,67.20,48
966144,120768,-64491.29,87.69,114.24,48
966144,120768,-87836.68,35.40,148.41,48
966144,120768,-499.39,85.09,6.47,48
966144,120768,-63378.88,90.52,112.93,48
966144,120768,-95298.72,87.38,165.84,48
966144,120768,-85591.37,87.02,149.35,48
966144,120768,-46567.94,87.77,84.18,48
966528,120816,1942.42,85.08,2.40,48
966528,120816,-16747.83,87.88,34.15,48
966528,120816,-10422.76,84.92,23.18,48
966528,120816,-41114.66,88.26,74.88,48
966528,120816,-30391.50,86.77,56.89,48
966528,120816,-183326.59,90.09,313.98,48
966528,120816,-10157.40,29.58,17.49,48
966528,120816,-14529.84,26.84,24.93,48
966912,120864,-11292.94,86.65,24.96,48
966912,120864,-59041.28,30.80,99.71,48
966912,120864,-71836.55,26.21,121.43,48
966912,120864,-76671.41,91.69,135.27,48
966912,120864,-2562.66,87.45,10.37,48
966912,120864,828.22,89.28,4.93,48
966912,120864,-25484.08,86.88,48.77,48
966912,120864,-29776.53,88.74,55.99,48
967296,120912,-41611.24,87.31,75.78,48
967296,120912,-13284.85,89.26,28.56,48
967296,120912,-59212.72,27.50,99.72,48
967296,120912,-931046974296805.12,92.56,1562500000375.81,48
967296,120912,2982.08,86.23,0.83,48
967296,120912,1388.60,89.16,3.86,48
967296,120912,-98572.90,91.36,172.02,48
967296,120912,3309.62,89.21,0.78,48
967680,120960,-34416.61,84.78,63.84,48
967680,120960,-7448375792808304.00,89.25,12500000000329.17,48
967680,120960,-7448375792691789.00,84.86,12500000000133.22,48
967680,120960,-5107.28,26.96,9.17,48
967680,120960,-219565.95,30.47,369.16,48
967680,120960,-160630.11,87.68,275.68,48
967680,120960,-111466.54,29.48,187.84,48
967680,120960,-7833.51,87.88,19.33,48
968064,121008,1866.44,85.93,2.65,48
968064,121008,-70188.83,88.21,123.83,48
968064,121008,-178984.94,25.78,300.55,48
968064,121008,-7371.24,90.91,18.93,48
968064,121008,-65220.78,30.51,110.27,48
968064,121008,-117462.25,87.13,202.98,48
968064,121008,-82682.52,91.38,145.31,48
968064,121008,-43889.56,90.83,80.16,48
968448,121056,-3537978501603355.00,88.08,5937500000192.16,48
968448,121056,-76362.87,87.80,134.17,48
968448,121056,200.95,25.55,0.18,48
968448,121056,-41517.27,87.47,75.57,48
968448,121056,-82923.38,29.84,139.78,48
968448,121056,-67326.01,89.04,119.11,48
968448,121056,-931046974318089.38,89.74,1562500000410.98,48
968448,121056,-1695.31,25.88,3.14,48
968832,121104,49.63,85.39,5.70,48
968832,121104,-11348.03,88.32,25.05,48
968832,121104,-2708.28,28.61,5.39,48
968832,121104,-88183.28,89.35,154.04,48
968832,121104,-619259.95,28.51,1039.43,48
968832,121104,-145316.77,25.88,243.98,48
968832,121104,-4621.95,27.82,8.61,48
968832,121104,-120678.62,90.96,208.96,48
969216,121152,-1489675158629421.25,85.60,2500000000184.23,48
969216,121152,-113980.58,27.54,191.83,48
969216,121152,-170689.45,90.32,292.95,48
969216,121152,-127164.24,29.23,213.81,48
969216,121152,-121656.09,28.06,204.68,48
969216,121152,-74270.96,31.38,125.43,48
969216,121152,-407209.65,26.55,683.72,48
969216,121152,-3347.06,91.23,12.17,48
969600,121200,36.96,28.74,0.00,48
969600,121200,-6787.19,88.04,17.57,48
969600,121200,-244014.41,31.86,409.94,48
969600,121200,-184338.84,85.91,315.08,48
969600,121200,-48305.28,87.97,87.07,48
969600,121200,-227463.01,91.76,388.40,48
969600,121200,-67537.19,89.14,119.63,48
969600,121200,-32124.30,22.32,54.26,48
969984,121248,-22282.71,89.26,43.68,48
969984,121248,3637.40,85.64,0.00,48
969984,121248,-9980.16,89.70,22.93,48
969984,121248,-1430.33,89.18,8.72,48
969984,121248,-19769.22,90.05,39.52,48
969984,121248,-222124.81,90.65,378.90,48
969984,121248,-59491.51,30.94,100.60,48
969984,121248,-7781.96,87.07,18.98,48
970368,121296,-15003.66,89.59,31.57,48
970368,121296,-86374.60,90.19,151.37,48
970368,121296,-55675.42,82.97,99.01,48
970368,121296,-46411.16,23.34,77.89,48
970368,121296,-144327.03,87.98,248.44,48
970368,121296,3660.86,88.72,0.02,48
970368,121296,-52427.23,90.16,94.36,48
970368,121296,-54264.73,88.78,97.16,48
970752,121344,-6142.41,25.97,10.81,48
970752,121344,-27417.82,87.46,52.01,48
970752,121344,-1996.13,86.31,9.21,48
970752,121344,-53830.02,28.63,91.09,48
970752,121344,-9556.03,88.13,22.18,48
970752,121344,-59871.79,90.42,106.79,48
970752,121344,3260.16,89.14,0.88,48
970752,121344,-150358.71,88.71,258.48,48
971136,121392,-46085.83,89.42,83.68,48
971136,121392,-34991.55,89.57,65.17,48
971136,121392,-14889.97,86.86,30.95,48
971136,121392,-70750.32,90.65,125.11,48
971136,121392,-9220.26,87.03,21.48,48
971136,121392,-2362.71,88.06,10.21,48
971136,121392,-22803.04,83.31,44.05,48
971136,121392,-78244.40,92.62,138.06,48
971520,121440,-11175.43,84.65,24.36,48
971520,121440,-230149.95,32.58,387.14,48
971520,121440,2654.09,88.11,1.64,48
971520,121440,-2141.59,26.62,4.28,48
971520,121440,-57044.20,27.86,96.19,48
971520,121440,-268529.01,89.39,456.79,48
971520,121440,-27467.81,87.54,52.10,48
971520,121440,-66663.12,89.73,118.17,48
971904,121488,-50157.37,87.88,90.17,48
971904,121488,-26804.00,31.15,45.96,48
971904,121488,-82784.99,27.76,140.04,48
971904,121488,-931046974248489.00,89.19,1562500000293.99,48
971904,121488,-80992.84,88.93,142.16,48
971904,121488,-165306.09,29.45,277.90,48
971904,121488,718.78,87.76,4.77,48
971904,121488,-134765.03,28.11,226.58,48
972288,121536,-2011.82,22.65,3.75,48
972288,121536,-29958.04,32.18,50.97,48
972288,121536,-241045.52,31.30,405.47,48
972288,121536,-18126.60,88.09,36.49,48
972288,121536,-65498.81,27.76,110.66,48
972288,121536,-91554.66,32.63,154.58,48
972288,121536,-89255.49,89.05,156.00,48
972288,121536,-122202.73,86.02,211.07,48
972672,121584,-82339.86,85.78,143.85,48
972672,121584,-2296582536199934.50,26.69,3854166666907.66,48
972672,121584,1518.61,87.76,3.46,48
972672,121584,676.29,89.93,5.38,48
972672,121584,-145669.08,28.22,244.99,48
972672,121584,-471672.28,25.33,791.86,48
972672,121584,-12017.22,27.55,21.12,48
972672,121584,-183862.42,88.97,314.66,48
973056,121632,-10525.21,89.35,23.98,48
973056,121632,-12631.65,84.69,26.99,48
973056,121632,-13811.40,86.07,28.93,48
973056,121632,-546951.69,29.81,918.57,48
973056,121632,-120247.01,90.56,208.23,48
973056,121632,-154842.37,88.34,265.95,48
973056,121632,1262.90,87.92,4.11,48
973056,121632,3682.71,88.04,0.00,48
973440,121680,-25561.48,28.29,43.35,48
973440,121680,-31768.89,88.32,59.69,48
973440,121680,-39820.40,87.78,72.85,48
973440,121680,568.99,87.72,5.10,48
973440,121680,-37075.73,29.93,63.15,48
973440,121680,-32705.99,87.28,60.87,48
973440,121680,-15931.25,29.77,27.30,48
973440,121680,-1489675158657136.00,84.74,2500000000230.51,48
973824,121728,-17322.94,88.69,35.18,48
973824,121728,-37716.68,25.02,63.67,48
973824,121728,-79733.17,85.78,139.68,48
973824,121728,-25395.22,89.82,48.94,48
973824,121728,-493894.55,28.81,829.29,48
973824,121728,-12262.33,24.38,20.94,48
973824,121728,-18305.97,87.29,36.60,48
973824,121728,-15130.39,23.47,25.85,48
974208,121776,-44641.90,85.71,80.65,48
974208,121776,3726.49,88.27,0.00,48
974208,121776,-27754.57,28.51,47.33,48
974208,121776,-90000.52,87.99,157.06,48
974208,121776,-61726.41,27.64,103.95,48
974208,121776,-5764.95,85.78,15.45,48
974208,121776,-29537.64,25.96,50.03,48
974208,121776,-11782.60,88.05,25.85,48
974592,121824,-119937.35,89.11,207.68,48
974592,121824,-14239.68,35.74,24.84,48
974592,121824,-47984.10,26.77,81.27,48
974592,121824,-178710.34,26.05,300.30,48
974592,121824,-3537978501643719.50,86.44,5937500000259.57,48
974592,121824,-69226.80,92.07,122.91,48
974592,121824,-143897.34,90.11,247.91,48
974592,121824,-157604.18,88.99,270.71,48
974976,121872,-4837.00,89.52,14.41,48
974976,121872,-1178.40,87.70,7.95,48
974976,121872,-146857.64,28.44,247.01,48
974976,121872,-3674.03,88.66,12.47,48
974976,121872,-155365.02,90.25,267.17,48
974976,121872,-141549.11,29.71,238.02,48
974976,121872,-549714.37,87.30,928.39,48
974976,121872,-183648.62,28.27,308.83,48
975360,121920,-121676.47,87.15,210.12,48
975360,121920,-39045.60,88.87,71.74,48
975360,121920,-42467.14,88.21,77.38,48
975360,121920,-15828.36,87.00,32.57,48
975360,121920,-41027.69,86.82,74.71,48
975360,121920,-372418789841067.12,89.21,625000000359.07,48
975360,121920,-8872.96,87.49,20.92,48
975360,121920,-11927.61,33.54,20.98,48
975744,121968,-70507.20,87.48,124.10,48
975744,121968,-17042.51,29.17,29.01,48
975744,121968,-83185.85,28.29,140.22,48
975744,121968,-1227.86,89.09,8.17,48
975744,121968,-59911.15,24.11,100.88,48
975744,121968,-10432.59,88.29,23.62,48
975744,121968,-544584.03,29.25,914.63,48
975744,121968,-90141.64,29.80,151.95,48
976128,122016,-38451.10,89.54,70.87,48
976128,122016,-75398.25,88.51,132.66,48
976128,122016,-28404.30,86.33,53.41,48
976128,122016,-12545.95,90.04,27.42,48
976128,122016,-30116.24,86.88,56.54,48
976128,122016,-6302.37,26.66,11.16,48
976128,122016,-3708.70,88.48,12.46,48
976128,122016,-55792.50,32.02,94.35,48
976512,122064,-12838.08,90.35,28.08,48
976512,122064,241.76,89.13,5.68,48
976512,122064,-109599.82,88.43,190.14,48
976512,122064,-26590.08,87.69,50.84,48
976512,122064,-89914.17,30.02,151.55,48
976512,122064,-15481.80,29.95,26.51,48
976512,122064,-151787.39,87.40,260.58,48
976512,122064,-2156.48,85.85,9.55,48
976896,122112,-7066.79,31.28,12.60,48
976896,122112,-132358.07,89.97,228.40,48
976896,122112,-96733.47,88.54,168.54,48
976896,122112,-78570.26,87.95,137.93,48
976896,122112,-104442.77,89.91,181.57,48
976896,122112,-19406.19,30.22,33.35,48
976896,122112,-109880.61,31.64,185.35,48
976896,122112,-33378.30,89.68,62.36,48
977280,122160,-1805.50,90.40,9.33,48
977280,122160,-2096.85,28.49,3.72,48
977280,122160,-6553.77,88.28,17.30,48
977280,122160,-14609.65,87.58,30.59,48
977280,122160,-64841.72,88.55,114.97,48
977280,122160,-4694.32,87.76,14.01,48
977280,122160,-457314.17,26.22,768.27,48
977280,122160,-14701.96,88.74,30.73,48
977664,122208,-83932.95,28.52,141.35,48
977664,122208,-81283.96,29.56,137.24,48
977664,122208,-47233.67,88.21,85.20,48
977664,122208,-16359.44,87.01,33.45,48
977664,122208,-16717.15,88.34,34.30,48
977664,122208,-5591.44,87.49,15.36,48
977664,122208,-104706.59,89.21,181.88,48
977664,122208,430.78,29.15,0.00,48
978048,122256,-78466.64,89.91,138.15,48
978048,122256,-53246.66,90.43,95.81,48
978048,122256,-12066.48,87.23,26.25,48
978048,122256,-23931.03,35.43,41.41,48
978048,122256,-83811.40,29.73,141.74,48
978048,122256,-372418789768520.06,29.49,625000000232.13,48
978048,122256,-68075.37,89.78,120.58,48
978048,122256,-6657.95,27.96,11.92,48
978432,122304,-62167.35,86.05,110.03,48
978432,122304,-9767.89,87.34,22.49,48
978432,122304,-48851.85,87.40,87.88,48
978432,122304,-81024.08,88.96,142.29,48
978432,122304,-127031.20,86.32,219.11,48
978432,122304,-4202.45,29.97,7.81,48
978432,122304,-5866.90,88.05,16.10,48
978432,122304,-378744.72,87.12,641.62,48
978816,122352,-100476.25,86.67,174.75,48
978816,122352,-20911.98,87.77,41.10,48
978816,122352,-86794.90,86.01,151.41,48
978816,122352,-2489.07,27.99,4.70,48
978816,122352,-25039.85,86.10,47.78,48
978816,122352,-19979.59,89.92,39.96,48
978816,122352,-521725.23,28.30,876.29,48
978816,122352,-27966.00,84.98,52.64,48
979200,122400,-122.17,87.95,6.41,48
979200,122400,-2296582536162056.00,87.42,3854166666849.82,48
979200,122400,-2296582536155246.50,88.04,3854166666838.22,48
979200,122400,-1904.81,88.20,9.18,48
979200,122400,-25138.79,86.41,48.19,48
979200,122400,-6269.16,31.44,11.12,48
979200,122400,-219396.52,29.70,368.67,48
979200,122400,2857.10,89.26,1.49,48
979584,122448,-17310.17,30.37,29.45,48
979584,122448,-931046974269037.88,87.19,1562500000328.08,48
979584,122448,-9194.07,87.39,21.46,48
979584,122448,-142854.00,34.56,240.84,48
979584,122448,-4157.49,89.31,13.54,48
979584,122448,-28625.36,25.91,48.70,48
979584,122448,-56295.18,89.16,100.50,48
979584,122448,-4687.88,28.72,8.32,48
979968,122496,-39646.42,27.80,67.24,48
979968,122496,-90789.58,89.32,158.72,48
979968,122496,-30698.97,85.23,57.39,48
979968,122496,-122184.32,89.74,211.53,48
979968,122496,-2235.66,86.32,9.69,48
979968,122496,-191274.70,84.85,326.74,48
979968,122496,-12391.01,31.54,21.68,48
979968,122496,-41892.91,87.02,76.26,48
980352,122544,-166905.75,29.31,280.57,48
980352,122544,-32040.10,88.11,59.84,48
980352,122544,-8339.75,27.52,14.38,48
980352,122544,-8928.55,23.69,15.56,48
980352,122544,508.49,87.25,5.28,48
980352,122544,-605486.16,87.89,1022.08,48
980352,122544,-33270.27,85.55,61.59,48
980352,122544,-57177.90,30.43,96.99,48
980736,122592,-24123.65,90.47,46.80,48
980736,122592,-277052.14,88.86,470.83,48
980736,122592,-124381.57,89.18,215.07,48
980736,122592,-2075.37,25.66,3.74,48
980736,122592,-47272.31,85.89,85.01,48
980736,122592,-45898.95,91.11,83.61,48
980736,122592,-41540.17,87.05,75.51,48
980736,122592,-3571.96,26.85,6.91,48
981120,122640,-20430.27,29.82,35.10,48
981120,122640,-136418.02,31.22,229.97,48
981120,122640,-73267.30,87.34,128.92,48
981120,122640,-50114.23,27.49,84.31,48
981120,122640,-45715.19,89.25,83.01,48
981120,122640,-143262.76,26.89,241.29,48
981120,122640,-1647.59,85.93,8.53,48
981120,122640,-56181.67,86.96,100.38,48
981504,122688,-95489.04,88.24,166.24,48
981504,122688,-1346.08,89.26,8.53,48
981504,122688,-33830.56,26.14,57.35,48
981504,122688,-22835.89,88.43,44.63,48
981504,122688,-19642.58,29.76,33.70,48
981504,122688,-17557.40,27.22,29.94,48
981504,122688,-119911.96,91.62,207.85,48
981504,122688,-273957.72,33.62,460.65,48
981888,122736,-114095.90,89.21,197.63,48
981888,122736,-158154.71,89.40,271.54,48
981888,122736,-94071.39,88.44,163.90,48
981888,122736,-1111.34,26.46,2.34,48
981888,122736,-132206.50,27.99,222.39,48
981888,122736,-151631.24,31.29,255.21,48
981888,122736,-48534.22,90.76,87.94,48
981888,122736,2856.09,88.25,1.33,48
982272,122784,-863.11,90.76,8.04,48
982272,122784,-6020.62,26.66,10.36,48
982272,122784,-8210.99,26.47,14.53,48
982272,122784,-586590.28,89.04,990.60,48
982272,122784,3498.91,86.01,0.00,48
982272,122784,-98426.14,88.76,171.36,48
982272,122784,458.47,90.45,5.83,48
982272,122784,-31221.84,87.67,58.37,48
982656,122832,-17170.74,27.12,29.30,48
982656,122832,-145488.52,88.15,249.98,48
982656,122832,-45308.26,30.78,76.80,48
982656,122832,-62187.32,89.85,110.78,48
982656,122832,-12391.25,87.50,26.84,48
982656,122832,-27119.72,88.03,51.57,48
982656,122832,-83934.98,85.46,146.46,48
982656,122832,-36721.50,85.93,67.40,48
983040,122880,-15759.55,88.29,32.64,48
983040,122880,-31448.55,26.37,53.23,48
983040,122880,-513337.90,87.52,867.42,48
983040,122880,-52350.74,24.49,88.17,48
983040,122880,-1289.48,28.79,2.57,48
983040,122880,-101601.57,91.22,177.00,48
983040,122880,-88418.19,31.92,148.87,48
983040,122880,-552201.25,27.26,926.97,48
983424,122928,-128693.70,27.56,216.37,48
983424,122928,-71938.02,28.83,121.20,48
983424,122928,-32125.10,28.95,54.26,48
983424,122928,-27815.67,88.24,52.89,48
983424,122928,-142013.45,87.02,244.55,48
983424,122928,2274.34,85.26,2.18,48
983424,122928,-119687.23,87.30,206.84,48
983424,122928,-61431.29,90.97,109.44,48
983808,122976,-33533.36,90.65,62.74,48
983808,122976,-247586.74,29.73,416.19,48
983808,122976,-113608.20,87.60,196.68,48
983808,122976,-60122.11,88.41,106.89,48
983808,122976,-3085.95,88.44,11.24,48
983808,122976,-89139.21,27.73,149.97,48
983808,122976,364.80,86.20,5.18,48
983808,122976,-79711.13,30.44,134.25,48
984192,123024,-254444.63,87.83,433.13,48
984192,123024,-51085.87,86.30,91.60,48
984192,123024,-31898.12,86.19,59.45,48
984192,123024,-85987.98,30.03,144.79,48
984192,123024,-28019.34,88.45,53.24,48
984192,123024,-40381.60,28.39,68.47,48
984192,123024,-67524.03,88.15,119.33,48
984192,123024,-12657.91,85.96,27.06,48
984576,123072,2743.95,86.84,1.37,48
984576,123072,-11123.42,87.71,24.82,48
984576,123072,-144073.88,31.62,242.41,48
984576,123072,-8095.77,26.92,14.01,48
984576,123072,-109095.01,31.78,183.78,48
984576,123072,-33430.12,26.29,56.76,48
984576,123072,-451671.67,89.15,764.14,48
984576,123072,-39388.30,84.56,71.71,48
984960,123120,-132676.79,27.06,223.29,48
984960,123120,293.56,87.68,5.49,48
984960,123120,-81876.10,30.87,137.92,48
984960,123120,-66604.60,89.26,118.11,48
984960,123120,-48470.99,29.98,81.69,48
984960,123120,-72361.62,87.57,127.49,48
984960,123120,-26948.59,86.48,51.15,48
984960,123120,-2700.26,87.65,10.65,48
985344,123168,-6676.97,89.47,17.43,48
985344,123168,3715.92,87.20,0.00,48
985344,123168,-3486.68,88.72,12.00,48
985344,123168,-282054.97,31.96,473.97,48
985344,123168,-65632.50,27.97,110.74,48
985344,123168,1241.05,88.61,4.01,48
985344,123168,-113217.53,90.64,196.40,48
985344,123168,-99730.45,88.08,173.71,48
985728,123216,-18758.39,87.29,37.40,48
985728,123216,-82652.58,89.69,145.05,48
985728,123216,-151038.37,90.00,259.83,48
985728,123216,-78882.66,27.61,132.69,48
985728,123216,-88.80,27.74,0.68,48
985728,123216,-186732.43,87.68,319.31,48
985728,123216,-8382.13,29.25,14.68,48
985728,123216,-165457.00,87.72,283.97,48
986112,123264,-10928.11,29.56,19.15,48
986112,123264,-11269.33,85.72,24.72,48
986112,123264,-80319.20,84.39,140.38,48
986112,123264,-37461.97,30.60,63.33,48
986112,123264,-779.29,26.88,1.99,48
986112,123264,-3518.89,87.23,12.11,48
986112,123264,1124.59,84.69,3.67,48
986112,123264,-124224.46,87.72,214.37,48
986496,123312,-25244.17,85.85,48.41,48
986496,123312,-372418789792885.88,90.42,625000000278.44,48
986496,123312,-4765.51,28.08,8.83,48
986496,123312,-99795.33,86.13,173.15,48
986496,123312,-43375.48,90.51,79.29,48
986496,123312,-40586.02,30.19,68.81,48
986496,123312,-87044.39,87.99,152.23,48
986496,123312,-61932.17,28.73,104.39,48
986880,123360,-117392.32,88.40,203.05,48
986880,123360,-28507.98,90.01,54.32,48
986880,123360,-63848.75,28.67,107.88,48
986880,123360,-7448375792736619.00,25.65,12500000000202.70,48
986880,123360,-46464.57,86.65,83.90,48
986880,123360,-16263.35,86.60,33.20,48
986880,123360,-98861.18,89.51,172.45,48
986880,123360,-165001.71,90.33,283.29,48
987264,123408,-72436.52,90.15,127.88,48
987264,123408,-351290.00,89.08,595.67,48
987264,123408,-54896.11,85.87,97.99,48
987264,123408,-34861.05,85.89,64.30,48
987264,123408,-126136.31,89.01,217.84,48
987264,123408,-3289.96,83.29,11.22,48
987264,123408,-25850.98,87.83,49.57,48
987264,123408,-30273.33,86.42,56.85,48
987648,123456,-69833.76,25.30,117.72,48
987648,123456,-104111.15,86.31,180.42,48
987648,123456,-10443.00,30.00,18.13,48
987648,123456,-109793.81,30.54,184.76,48
987648,123456,2423.13,86.33,1.84,48
987648,123456,-71930.86,86.84,126.46,48
987648,123456,-47118.73,87.73,85.06,48
987648,123456,-7448375792749892.00,26.33,12500000000225.57,48
988032,123504,-624210.24,31.02,1048.40,48
988032,123504,2060.16,90.46,3.06,48
988032,123504,-554452.51,86.23,936.41,48
988032,123504,-48537.84,89.63,87.82,48
988032,123504,-105043.71,27.54,176.61,48
988032,123504,-58955.04,31.49,99.48,48
988032,123504,3401.38,87.94,0.43,48
988032,123504,-26934.59,88.23,51.39,48
988416,123552,-67618.10,87.23,119.48,48
988416,123552,2114.22,86.63,2.48,48
988416,123552,-183625.48,29.49,308.63,48
988416,123552,3146.15,87.03,0.72,48
988416,123552,-79579.51,88.45,139.72,48
988416,123552,-109987.80,88.07,190.77,48
988416,123552,-26520.58,87.73,50.62,48
988416,123552,-15376.36,88.21,31.77,48
988800,123600,-54391.78,28.50,91.79,48
988800,123600,-39847.28,27.37,67.38,48
988800,123600,-74765.50,29.03,125.88,48
988800,123600,-31789.21,28.03,53.81,48
988800,123600,-31007.83,28.69,52.76,48
988800,123600,-22063.54,91.97,43.61,48
988800,123600,-12694.81,28.88,21.65,48
988800,123600,-3750.89,87.62,12.40,48
989184,123648,1780.08,84.97,2.84,48
989184,123648,-62193.35,88.29,110.61,48
989184,123648,-622608.75,32.26,1045.65,48
989184,123648,-12434.79,87.22,26.88,48
989184,123648,-106791.79,87.45,185.34,48
989184,123648,-83710.46,86.45,146.40,48
989184,123648,-200642.85,26.13,337.04,48
989184,123648,-24878.54,87.72,47.79,48
989568,123696,-33922.07,29.97,57.69,48
989568,123696,-22027.16,88.39,43.02,48
989568,123696,-634329.93,90.06,1070.82,48
989568,123696,-82268.63,27.88,138.60,48
989568,123696,-29945.74,82.79,55.68,48
989568,123696,-1576.02,87.93,8.70,48
989568,123696,-16930.69,28.53,28.87,48
989568,123696,-59484.74,27.81,100.35,48
989952,123744,-6258.12,27.02,10.78,48
989952,123744,-215878.49,30.03,362.93,48
989952,123744,-54853.63,88.87,98.36,48
989952,123744,-10227.78,27.76,17.80,48
989952,123744,3675.79,88.13,0.01,48
989952,123744,-14504.05,30.61,24.90,48
989952,123744,-69425.88,26.14,116.73,48
989952,123744,-9476.80,30.72,16.59,48
990336,123792,-53311.40,86.25,95.39,48
990336,123792,3594.42,86.42,0.00,48
990336,123792,2975.21,84.67,0.72,48
990336,123792,-28722.56,87.71,54.22,48
990336,123792,-153490.38,28.98,258.31,48
990336,123792,-51277.95,27.64,86.49,48
990336,123792,-158548.51,89.52,272.32,48
990336,123792,-71240.74,89.78,125.83,48
990720,123840,-37191.03,88.50,68.64,48
990720,123840,-65815.17,28.53,111.06,48
990720,123840,-114424.31,89.18,198.27,48
990720,123840,-35045.45,88.07,64.76,48
990720,123840,626.21,30.03,0.01,48
990720,123840,-48551.52,90.82,87.87,48
990720,123840,-5503.33,86.12,14.87,48
990720,123840,-114081.43,86.33,197.39,48
991104,123888,-1929.91,25.64,3.37,48
991104,123888,-44257.62,88.34,80.33,48
991104,123888,-6187.47,22.24,10.67,48
991104,123888,-17935.14,83.78,35.55,48
991104,123888,-3884.77,86.74,12.47,48
991104,123888,-46011.51,89.57,83.47,48
991104,123888,-16132.62,29.42,27.88,48
991104,123888,-187772.13,88.67,321.43,48
991488,123936,-14478.76,29.65,24.64,48
991488,123936,-142999.43,92.31,246.69,48
991488,123936,-101932.66,86.98,176.82,48
991488,123936,-12826.75,86.39,27.48,48
991488,123936,-60207.32,33.72,102.06,48
991488,123936,-50045.66,29.27,84.64,48
991488,123936,-47380.81,87.72,85.58,48
991488,123936,-564126.05,89.90,953.05,48
991872,123984,-11607.41,85.58,25.28,48
991872,123984,-249614.58,89.02,425.16,48
991872,123984,610.92,89.30,5.18,48
991872,123984,-67275.54,25.64,113.37,48
991872,123984,-208232.57,30.34,350.13,48
991872,123984,-4958.54,86.79,14.22,48
991872,123984,-162334.72,26.23,272.86,48
991872,123984,2166.02,84.47,1.89,48
992256,124032,86.98,22.24,0.26,48
992256,124032,-1009.48,21.11,1.83,48
992256,124032,-92012.96,89.70,160.77,48
992256,124032,-892.57,89.77,7.78,48
992256,124032,-87491.64,88.21,152.99,48
992256,124032,2861.46,87.53,1.28,48
992256,124032,-10939.76,85.44,23.89,48
992256,124032,-372418789812683.19,28.32,625000000305.60,48
992640,124080,2517.94,86.46,1.81,48
992640,124080,-141555.87,26.43,238.00,48
992640,124080,-55733.43,27.55,93.89,48
992640,124080,-3166.46,83.99,11.08,48
992640,124080,863.29,88.29,4.59,48
992640,124080,-61478.53,87.73,109.17,48
992640,124080,-99496.10,90.19,173.39,48
992640,124080,-6069.10,89.76,16.71,48
993024,124128,-46832.64,30.69,79.31,48
993024,124128,-47182.95,85.79,85.21,48
993024,124128,-147447.06,24.45,247.75,48
993024,124128,-14624.00,87.37,30.61,48
993024,124128,-40722.65,88.03,74.39,48
993024,124128,-38485.50,86.85,70.43,48
993024,124128,-35060.62,86.61,65.10,48
993024,124128,-71548.30,88.05,126.10,48
993408,124176,-128283.86,28.27,215.92,48
993408,124176,-137545.13,87.03,236.50,48
993408,124176,-2296582536177543.00,26.99,3854166666870.04,48
993408,124176,-931046974302714.38,33.31,1562500000380.03,48
993408,124176,3198.83,87.98,0.83,48
993408,124176,-7998.44,88.39,19.53,48
993408,124176,-2296582536165288.00,87.76,3854166666855.44,48
993408,124176,-97408.08,87.19,169.41,48
993792,124224,-4545.69,90.06,14.09,48
993792,124224,-139291.81,89.21,240.06,48
993792,124224,-25138.98,25.33,42.72,48
993792,124224,-429411.75,85.86,726.40,48
993792,124224,-5671.32,89.63,15.93,48
993792,124224,-286762.40,91.88,487.86,48
993792,124224,-10045.14,88.19,23.04,48
993792,124224,-1306.10,88.69,8.61,48
994176,124272,-198417.30,89.85,339.08,48
994176,124272,-28261.08,89.56,53.72,48
994176,124272,1062.03,85.99,3.99,48
994176,124272,-83287.71,30.91,140.47,48
994176,124272,1777.49,86.95,2.98,48
994176,124272,-124975.87,88.40,215.89,48
994176,124272,-389023.00,30.65,653.58,48
994176,124272,-14936.28,29.00,25.82,48
994560,124320,-108276.69,89.03,187.92,48
994560,124320,-47044.19,87.89,84.91,48
994560,124320,-22844.80,89.70,44.63,48
994560,124320,-110169.35,88.36,190.91,48
994560,124320,-130952.36,88.91,225.90,48
994560,124320,-43775.07,88.66,79.46,48
994560,124320,-48044.12,25.39,80.75,48
994560,124320,-36951.99,88.56,68.30,48
994944,124368,-446279.46,87.14,754.98,48
994944,124368,-42145.66,87.43,76.71,48
994944,124368,-17083.34,87.83,34.89,48
994944,124368,2342.78,88.31,2.29,48
994944,124368,-20201.39,29.31,34.91,48
994944,124368,3416.66,87.42,0.33,48
994944,124368,-157611.08,87.50,270.53,48
994944,124368,-123205.87,89.39,213.03,48
995328,124416,-184.04,25.12,0.78,48
995328,124416,-1380.49,28.72,3.37,48
995328,124416,-9469.14,85.04,21.65,48
995328,124416,-52845.78,89.00,94.85,48
995328,124416,706.75,85.64,4.52,48
995328,124416,-11815.67,90.97,26.25,48
995328,124416,-269.91,88.16,6.60,48
995328,124416,-4591.20,28.04,8.39,48
995712,124464,-638253.33,89.09,1077.24,48
995712,124464,-210358.45,29.97,353.73,48
995712,124464,-4003.02,25.50,7.02,48
995712,124464,476.04,27.88,0.05,48
995712,124464,-634.92,87.55,7.02,48
995712,124464,-87224.02,90.68,152.82,48
995712,124464,-236286.05,30.27,397.21,48
995712,124464,540.73,89.51,5.57,48
996096,124512,-153345.85,26.16,257.69,48
996096,124512,-6019.30,90.47,16.65,48
996096,124512,-94659.48,87.12,165.04,48
996096,124512,-80677.76,88.71,141.61,48
996096,124512,-52690.63,89.22,94.61,48
996096,124512,-171868.61,87.74,294.49,48
996096,124512,-147827.13,89.24,254.37,48
996096,124512,-47466.84,89.62,86.11,48
996480,124560,-15165.07,28.23,25.73,48
996480,124560,-60320.74,29.29,101.64,48
996480,124560,-2114.90,88.36,9.77,48
996480,124560,-90953.03,23.65,152.79,48
996480,124560,-3537978501673011.00,30.73,5937500000303.51,48
996480,124560,3534.06,86.75,0.00,48
996480,124560,-172468.00,90.70,295.82,48
996480,124560,3630.04,86.50,0.00,48
996864,124608,-18081.07,31.91,31.11,48
996864,124608,-447591.36,88.03,757.20,48
996864,124608,-104757.65,90.14,181.99,48
996864,124608,-27566.96,87.48,52.33,48
996864,124608,-157911.26,90.14,271.31,48
996864,124608,-27929.01,89.06,53.10,48
996864,124608,-19969.26,27.48,33.91,48
996864,124608,-31121.77,32.19,53.28,48
997248,124656,-192936.40,29.27,324.51,48
997248,124656,-136749.30,26.45,229.78,48
997248,124656,4.63,87.84,6.22,48
997248,124656,-114521.02,85.57,197.81,48
997248,124656,-87596.29,87.68,153.04,48
997248,124656,-31959.78,87.93,59.59,48
997248,124656,-42652.89,86.65,77.39,48
997248,124656,-6972.96,86.33,17.61,48
997632,124704,-88834.53,87.30,155.13,48
997632,124704,-64466.44,28.02,108.87,48
997632,124704,3749.68,88.16,0.00,48
997632,124704,-12134.46,26.13,20.86,48
997632,124704,-1898.25,85.61,8.88,48
997632,124704,-618.10,24.87,1.80,48
997632,124704,-39495.32,87.52,72.40,48
997632,124704,2918.77,87.41,1.05,48
998016,124752,-88893.55,87.23,155.26,48
998016,124752,-24934.46,91.00,48.51,48
998016,124752,-28968.54,85.73,54.55,48
998016,124752,-2651.46,86.31,10.27,48
998016,124752,3022.13,89.50,1.33,48
998016,124752,-57547.02,27.96,96.96,48
998016,124752,-116693.49,87.79,201.99,48
998016,124752,-77300.08,26.08,130.04,48
998400,124800,-15109.07,87.04,31.32,48
998400,124800,2492.31,87.19,1.73,48
998400,124800,-478735.67,88.23,809.46,48
998400,124800,-3642.64,29.32,6.75,48
998400,124800,-34652.26,27.37,58.91,48
998400,124800,-69068.72,90.58,122.39,48
998400,124800,-11713.87,89.85,26.03,48
998400,124800,-127868.15,27.29,215.03,48
998784,124848,-2296582536195635.00,25.43,3854166666900.39,48
998784,124848,-9584.99,87.69,22.17,48
998784,124848,-32534.49,90.28,61.06,48
998784,124848,3582.04,88.13,0.00,48
998784,124848,-22031.08,88.22,43.14,48
998784,124848,-113703.88,87.75,196.78,48
998784,124848,-57037.17,29.01,96.21,48
998784,124848,-39197.79,87.22,71.81,48
999168,124896,-53998.77,81.32,96.17,48
999168,124896,-931046974184723.12,90.11,1562500000187.08,48
999168,124896,-61034.81,28.94,102.73,48
999168,124896,-57660.75,26.51,97.22,48
999168,124896,-59903.30,31.30,101.21,48
999168,124896,-620710.22,28.59,1042.02,48
999168,124896,-16913.55,31.12,29.11,48
999168,124896,-77129.80,28.30,129.84,48
999552,124944,-79880.43,32.14,134.62,48
999552,124944,-66399.56,29.39,112.08,48
999552,124944,-162395.08,87.81,278.33,48
999552,124944,-75151.78,24.32,126.40,48
999552,124944,-3537978501642522.00,26.80,5937500000252.52,48
999552,124944,-10928.57,28.92,18.88,48
999552,124944,-54288.68,87.74,97.10,48
999552,124944,-101620.72,88.87,176.81,48
999936,124992,-9018.59,89.53,21.48,48
999936,124992,-36932.27,91.72,68.57,48
999936,124992,-149132.69,91.36,256.69,48
999936,124992,-433.21,30.13,1.33,48
999936,124992,-1914.00,25.12,3.50,48
999936,124992,3484.75,87.37,0.26,48
999936,124992,-166061.31,89.10,284.98,48
999936,124992,-5038.47,87.09,14.57,48
1000320,125040,-82419.67,25.91,138.82,48
1000320,125040,-90879.71,31.96,152.80,48
1000320,125040,-66198.12,88.07,117.12,48
1000320,125040,-23481.64,86.70,45.36,48
1000320,125040,-34878.25,88.66,64.73,48
1000320,125040,-52740.27,28.44,88.96,48
1000320,125040,3548.79,89.08,0.43,48
1000320,125040,-185689.78,86.49,317.40,48
1000704,125088,-34841.92,88.07,64.59,48
1000704,125088,-6896.11,28.44,12.14,48
1000704,125088,-70076.41,88.12,123.81,48
1000704,125088,2329.70,87.85,2.38,48
1000704,125088,-5065.51,87.03,14.75,48
1000704,125088,-525892.92,27.90,883.40,48
1000704,125088,-16142.41,28.42,27.74,48
1000704,125088,-23245.33,27.59,39.32,48
1001088,125136,-434339.25,86.55,734.84,48
1001088,125136,-2296582536173749.50,86.41,3854166666869.22,48
1001088,125136,-3561.25,88.83,12.35,48
1001088,125136,-52024.84,87.80,93.23,48
1001088,125136,-37587.66,89.86,69.42,48
1001088,125136,-7550.80,86.45,18.44,48
1001088,125136,-11688.76,88.51,25.80,48
1001088,125136,-8200.97,87.38,19.70,48
1001472,125184,-66762.61,88.95,118.37,48
1001472,125184,-146059.40,29.43,245.35,48
1001472,125184,-6098.26,30.83,10.79,48
1001472,125184,-57497.03,27.60,96.83,48
1001472,125184,-32986.87,90.22,61.76,48
1001472,125184,-7709.10,90.30,19.30,48
1001472,125184,-138754.42,88.35,238.88,48
1001472,125184,-3308.23,87.40,11.72,48
1001856,125232,3743.34,88.00,0.00,48
1001856,125232,-7941.58,32.89,13.84,48
1001856,125232,3682.40,88.61,0.05,48
1001856,125232,-9993.31,25.17,17.14,48
1001856,125232,-117740.50,90.20,204.26,48
1001856,125232,-20990.82,87.35,41.25,48
1001856,125232,-66399.69,87.81,117.67,48
1001856,125232,-125792.70,29.15,211.69,48
1002240,125280,-73057.71,84.42,128.21,48
1002240,125280,-12894.19,86.95,27.46,48
1002240,125280,-107519.81,86.59,186.39,48
1002240,125280,-202254.73,89.91,345.83,48
1002240,125280,-26032.53,86.71,49.62,48
1002240,125280,942.69,91.83,5.18,48
1002240,125280,-104273.48,30.40,175.43,48
1002240,125280,-52592.86,25.59,88.60,48
1002624,125328,-19441.57,31.91,33.41,48
1002624,125328,-28474.83,88.96,54.12,48
1002624,125328,-13976.06,32.35,24.36,48
1002624,125328,-40355.61,29.23,68.63,48
1002624,125328,-136879.06,28.04,230.32,48
1002624,125328,-53124.33,89.68,95.41,48
1002624,125328,-59223.37,27.29,99.83,48
1002624,125328,-269956.91,88.75,459.22,48
1003008,125376,-139654.35,88.43,240.55,48
1003008,125376,-15749.70,89.77,32.73,48
1003008,125376,-108475.26,32.96,182.62,48
1003008,125376,-40445.87,87.73,74.06,48
1003008,125376,-185.11,29.52,1.03,48
1003008,125376,-27457.63,85.68,51.91,48
1003008,125376,-53202.78,89.70,95.55,48
1003008,125376,199.96,84.65,5.46,48
1003392,125424,-178193.93,89.16,305.16,48
1003392,125424,-1489675158615814.00,86.03,2500000000161.32,48
1003392,125424,-95302.11,85.56,165.90,48
1003392,125424,-390917.69,88.78,662.24,48
1003392,125424,-208693.09,31.10,350.50,48
1003392,125424,-22486.83,25.89,37.67,48
1003392,125424,-32243.35,88.76,60.09,48
1003392,125424,-3399.57,29.36,6.30,48
1003776,125472,-529630.19,32.37,889.79,48
1003776,125472,-116076.99,85.87,200.46,48
1003776,125472,-28855.43,87.33,54.30,48
1003776,125472,-501704.98,85.65,847.64,48
1003776,125472,-7563.00,85.64,18.42,48
1003776,125472,-38689.81,87.97,70.91,48
1003776,125472,-86085.55,88.06,150.38,48
1003776,125472,-42097.83,87.04,76.68,48
1004160,125520,-7846.39,31.13,13.88,48
1004160,125520,-81787.75,33.24,137.52,48
1004160,125520,-2487.15,29.25,4.69,48
1004160,125520,-138429.86,86.51,238.02,48
1004160,125520,-117763.78,24.70,197.98,48
1004160,125520,-41040.66,87.38,74.79,48
1004160,125520,-40588.58,85.47,74.04,48
1004160,125520,-529409.55,34.44,889.24,48
1004544,125568,-20777.21,32.01,35.75,48
1004544,125568,-22086.73,87.86,43.13,48
1004544,125568,-32395.21,28.78,54.91,48
1004544,125568,-13822.81,30.93,23.67,48
1004544,125568,-42921.60,29.08,72.78,48
1004544,125568,-217354.99,29.64,365.25,48
1004544,125568,-147330.59,86.05,253.09,48
1004544,125568,-170837.81,88.42,292.77,48
1004928,125616,-155513.47,85.92,266.71,48
1004928,125616,-25695.17,28.02,43.59,48
1004928,125616,-96785.09,28.01,162.65,48
1004928,125616,-18882.84,88.35,37.71,48
1004928,125616,-36918.09,86.83,67.82,48
1004928,125616,-99058.80,85.82,172.09,48
1004928,125616,-143020.60,90.11,246.37,48
1004928,125616,-199943.42,91.15,342.01,48
1005312,125664,-116067.86,29.51,195.24,48
1005312,125664,-63974.11,85.09,113.12,48
1005312,125664,-93788.68,89.45,163.81,48
1005312,125664,-35300.81,87.28,64.96,48
1005312,125664,-101.38,90.83,6.70,48
1005312,125664,-13604.15,90.35,29.22,48
1005312,125664,-98711.52,86.15,171.62,48
1005312,125664,-70202.07,30.75,118.36,48
1005696,125712,-36554.00,27.38,61.95,48
1005696,125712,-27292.97,88.69,51.96,48
1005696,125712,-3913.79,86.59,12.42,48
1005696,125712,3657.32,87.87,0.01,48
1005696,125712,-33084.75,23.60,55.73,48
1005696,125712,689.47,88.73,4.92,48
1005696,125712,-4367.67,87.52,13.35,48
1005696,125712,-73569.10,90.84,130.00,48
1006080,125760,-59716.29,85.71,105.94,48
1006080,125760,-42245.23,28.04,71.36,48
1006080,125760,-91511.53,32.05,154.16,48
1006080,125760,-503.72,28.98,1.63,48
1006080,125760,-78529.27,90.43,138.08,48
1006080,125760,-50726.99,26.62,85.61,48
1006080,125760,-37970.03,86.96,69.63,48
1006080,125760,-47645.44,30.88,80.23,48
1006464,125808,-52752.84,90.07,94.68,48
1006464,125808,-50103.25,90.66,90.59,48
1006464,125808,-13096.21,87.81,28.20,48
1006464,125808,-8157.56,25.18,14.20,48
1006464,125808,-32380.39,88.03,60.35,48
1006464,125808,-49815.86,85.84,89.50,48
1006464,125808,2627.21,90.01,1.92,48
1006464,125808,-112807.89,88.74,195.52,48
1006848,125856,2046.95,87.79,2.48,48
1006848,125856,-357517.61,90.55,606.23,48
1006848,125856,3627.75,87.34,0.00,48
1006848,125856,-29578.30,87.46,55.49,48
1006848,125856,-39866.67,28.67,67.20,48
1006848,125856,-192457.81,33.00,323.53,48
1006848,125856,-8725.64,28.17,14.72,48
1006848,125856,-230504.78,88.88,393.00,48
1007232,125904,-17983.55,90.13,36.41,48
1007232,125904,-52755.74,86.00,94.51,48
1007232,125904,2325.58,88.30,2.18,48
1007232,125904,-21874.84,88.96,42.83,48
1007232,125904,-28542.70,31.14,48.40,48
1007232,125904,-372607.34,88.20,631.46,48
1007232,125904,-101386.73,31.59,170.89,48
1007232,125904,-57489.95,87.26,102.40,48
1007616,125952,-23093.52,28.18,39.05,48
1007616,125952,-63583.48,86.03,112.25,48
1007616,125952,-46657.44,87.85,84.32,48
1007616,125952,-10931.11,27.39,19.08,48
1007616,125952,-36530.72,90.11,67.44,48
1007616,125952,-27174.55,27.27,46.15,48
1007616,125952,-22633.68,28.46,38.46,48
1007616,125952,-18971.48,85.41,37.48,48
1008000,126000,-37275.91,27.98,62.90,48
1008000,126000,-6013.60,90.88,16.60,48
1008000,126000,-37726.95,87.15,69.14,48
1008000,126000,-81643.47,89.64,143.33,48
1008000,126000,-26928.32,88.50,51.28,48
1008000,126000,-54907.11,30.76,92.96,48
1008000,126000,-6078.99,89.59,16.47,48
1008000,126000,-250.60,87.41,6.32,48
1008384,126048,-11303.79,90.02,25.32,48
1008384,126048,-10037.61,84.80,22.66,48
1008384,126048,-820.55,29.96,2.30,48
1008384,126048,-20361.21,90.82,40.64,48
1008384,126048,-2126.31,31.09,4.12,48
1008384,126048,-17067.75,30.44,29.32,48
1008384,126048,-227145.96,29.35,381.46,48
1008384,126048,-15302.07,33.00,26.73,48
1008768,126096,-20420.87,87.32,40.52,48
1008768,126096,-15346.42,87.03,31.67,48
1008768,126096,-159831.84,32.31,269.00,48
1008768,126096,3578.87,89.01,0.31,48
1008768,126096,-325489.11,24.80,546.77,48
1008768,126096,-154590.11,91.44,265.83,48
1008768,126096,-29484.03,84.90,55.24,48
1008768,126096,1769.02,88.60,3.27,48
1009152,126144,-114094.94,31.04,191.95,48
1009152,126144,-30525.40,29.80,51.76,48
1009152,126144,-9981.09,88.62,22.95,48
1009152,126144,25.16,23.36,0.39,48
1009152,126144,3404.12,90.17,0.96,48
1009152,126144,-78463.74,90.39,138.09,48
1009152,126144,-75367.64,29.38,127.50,48
1009152,126144,-85674.54,31.56,144.50,48
1009536,126192,-70414.37,88.82,124.42,48
1009536,126192,-4563.44,89.16,13.98,48
1009536,126192,-33467.72,82.64,61.73,48
1009536,126192,2665.58,84.67,1.33,48
1009536,126192,-14169.11,91.08,30.32,48
1009536,126192,-498973.47,88.00,843.59,48
1009536,126192,-41114.00,27.24,69.50,48
1009536,126192,-187448.56,90.16,321.22,48
1009920,126240,-14599.04,87.73,30.71,48
1009920,126240,-20300.31,90.01,40.39,48
1009920,126240,-123986.37,88.91,214.20,48
1009920,126240,1242.21,89.61,4.23,48
1009920,126240,-27236.80,85.50,51.47,48
1009920,126240,-18909.64,85.36,37.53,48
1009920,126240,-19072.71,87.56,38.11,48
1009920,126240,-23327.35,25.65,39.49,48
1010304,126288,1438.34,92.12,4.42,48
1010304,126288,-6279.51,27.49,11.00,48
1010304,126288,83.12,28.77,0.65,48
1010304,126288,-26636.94,87.77,50.87,48
1010304,126288,-412251.23,86.08,697.66,48
1010304,126288,-371979.76,28.76,624.95,48
1010304,126288,-30898.90,87.25,57.71,48
1010304,126288,-43193.42,25.50,72.88,48
1010688,126336,-93585.59,28.28,157.50,48
1010688,126336,-81846.59,89.92,143.68,48
1010688,126336,-17103.92,88.05,34.82,48
1010688,126336,-19962.56,83.37,39.12,48
1010688,126336,-41314.43,88.08,75.64,48
1010688,126336,-30055.00,27.72,50.80,48
1010688,126336,-137985.39,88.62,237.85,48
1010688,126336,-15952.83,28.78,27.60,48
1011072,126384,-361301.25,25.81,606.57,48
1011072,126384,-230817.62,30.71,387.87,48
1011072,126384,-198707.22,30.77,333.88,48
1011072,126384,-155050.94,28.18,260.81,48
1011072,126384,-2296582536169053.50,26.23,3854166666855.89,48
1011072,126384,-188001.54,89.18,321.75,48
1011072,126384,-21321.42,87.94,41.58,48
1011072,126384,-25703.06,23.18,43.20,48
1011456,126432,-63049.03,29.42,106.67,48
1011456,126432,-224.22,90.35,6.77,48
1011456,126432,-28804.56,88.90,54.56,48
1011456,126432,3112.34,88.78,0.95,48
1011456,126432,-51688.24,28.14,87.23,48
1011456,126432,-52522.65,30.69,88.88,48
1011456,126432,-87212.06,89.59,152.48,48
1011456,126432,-23664.36,84.23,45.40,48
1011840,126480,447.53,88.75,5.22,48
1011840,126480,-3537978501633601.00,88.50,5937500000242.84,48
1011840,126480,-27419.79,88.89,52.26,48
1011840,126480,-43690.08,85.78,79.15,48
1011840,126480,-1791.23,28.17,3.25,48
1011840,126480,-88017.58,30.90,148.70,48
1011840,126480,-50530.40,31.51,85.78,48
1011840,126480,-45351.00,89.52,82.41,48
1012224,126528,-7328.98,86.57,18.36,48
1012224,126528,-56039.92,28.58,94.85,48
1012224,126528,-217362.75,30.18,365.39,48
1012224,126528,-121776.04,29.71,205.08,48
1012224,126528,-23877.67,86.03,46.05,48
1012224,126528,-540.71,89.86,7.28,48
1012224,126528,-106064.29,90.10,184.30,48
1012224,126528,-1139.29,89.13,8.21,48
1012608,126576,-4241.59,87.20,13.25,48
1012608,126576,-43671.93,89.64,79.63,48
1012608,126576,-17997.53,85.48,36.06,48
1012608,126576,-110757.79,83.16,191.27,48
1012608,126576,-2534.58,87.84,10.29,48
1012608,126576,-77555.46,88.22,136.00,48
1012608,126576,-3084.73,86.66,10.87,48
1012608,126576,-268801.05,30.33,451.75,48
1012992,126624,-30382.89,87.45,56.94,48
1012992,126624,40.89,28.10,0.88,48
1012992,126624,-528.18,86.03,6.73,48
1012992,126624,2690.61,88.08,1.57,48
1012992,126624,-125053.06,33.34,210.76,48
1012992,126624,-21597.52,25.92,36.65,48
1012992,126624,-9345.40,85.68,21.53,48
1012992,126624,-49140.55,87.72,88.59,48
1013376,126672,-168127.35,87.51,288.23,48
1013376,126672,-26985.83,87.26,51.02,48
1013376,126672,-2184.37,87.68,9.64,48
1013376,126672,-24309.43,86.04,46.43,48
1013376,126672,-107394.13,87.49,186.13,48
1013376,126672,-5077.00,25.69,9.12,48
1013376,126672,3565.65,87.07,0.00,48
1013376,126672,-37418.12,88.41,69.01,48
1013760,126720,-26577.34,31.65,45.30,48
1013760,126720,-58405.91,31.02,98.29,48
1013760,126720,-65409.84,88.90,116.00,48
1013760,126720,-13329.90,87.96,28.74,48
1013760,126720,-164169.07,30.51,276.05,48
1013760,126720,-141501.54,25.45,237.78,48
1013760,126720,-27977.64,85.63,52.74,48
1013760,126720,-54731.21,28.28,92.34,48
1014144,126768,-61188.44,26.83,103.18,48
1014144,126768,-193674.69,30.46,325.36,48
1014144,126768,-129226.86,29.51,217.68,48
1014144,126768,-64983.97,89.42,115.24,48
1014144,126768,-14584.69,90.73,30.98,48
1014144,126768,-469652.07,86.71,794.07,48
1014144,126768,-3291.26,87.32,11.61,48
1014144,126768,-37530.08,24.48,63.03,48
1014528,126816,-80521.44,27.84,135.76,48
1014528,126816,-153247.99,29.14,257.44,48
1014528,126816,-135265.32,29.94,227.51,48
1014528,126816,-39979.19,85.86,72.83,48
1014528,126816,-141081.74,25.15,237.21,48
1014528,126816,-39130.80,30.02,66.47,48
1014528,126816,-90521.35,86.90,157.63,48
1014528,126816,840.66,84.85,4.21,48
1014912,126864,-24224.71,89.63,46.93,48
1014912,126864,-110891.08,85.49,191.92,48
1014912,126864,-29934.11,35.29,50.73,48
1014912,126864,-17007.33,25.52,28.91,48
1014912,126864,-213275.83,32.59,358.76,48
1014912,126864,-73296.94,85.39,128.83,48
1014912,126864,-5114.75,86.66,14.57,48
1014912,126864,1436.56,85.40,3.28,48
1015296,126912,-68023.23,28.66,114.90,48
1015296,126912,-372418789805430.56,28.29,625000000293.80,48
1015296,126912,-3113.58,86.78,11.05,48
1015296,126912,-42400.56,27.83,71.59,48
1015296,126912,-73860.33,28.02,124.20,48
1015296,126912,-21358.10,25.15,36.03,48
1015296,126912,-18892.53,90.35,38.13,48
1015296,126912,-136990.75,28.06,230.55,48
1015680,126960,-99627.53,90.38,173.65,48
1015680,126960,-5465.93,88.56,15.17,48
1015680,126960,449.18,28.09,0.00,48
1015680,126960,-347852.26,27.08,583.97,48
1015680,126960,-163920.46,32.98,276.01,48
1015680,126960,-357515.92,88.54,606.19,48
1015680,126960,-56286.89,30.89,94.73,48
1015680,126960,-38676.16,87.49,70.98,48
