step,episode_count,avg_reward,avg_vmaf,avg_rebuffer_rate,episode_length
384,48,-3139.59,30.18,333.47,48
384,48,1203.89,89.58,199.01,48
384,48,2245.79,87.68,83.60,48
384,48,1036.21,88.08,217.59,48
384,48,2332.28,91.62,110.70,48
384,48,2205.49,87.19,80.81,48
384,48,2955.31,89.26,13.93,48
384,48,-815.75,32.64,88.18,48
768,96,-2274.71,28.57,206.23,48
768,96,1250.21,88.07,174.40,48
768,96,2389.59,86.23,59.31,48
768,96,1149.36,90.31,240.86,48
768,96,2362.36,85.46,70.62,48
768,96,94.26,88.37,316.05,48
768,96,-3407.97,32.58,339.97,48
768,96,-238.19,33.27,39.97,48
1152,144,395.76,29.49,7.94,48
1152,144,2411.69,88.57,74.76,48
1152,144,423.40,87.23,277.91,48
1152,144,-533.13,29.74,43.55,48
1152,144,-3076.01,31.88,314.26,48
1152,144,1053.16,90.14,221.79,48
1152,144,-3343.55,29.92,326.17,48
1152,144,304.77,88.55,298.19,48
1536,192,-3573.67,33.79,408.15,48
1536,192,551.87,32.64,0.00,48
1536,192,3246.29,90.57,25.85,48
1536,192,-1643.28,32.48,159.19,48
1536,192,2356.21,88.97,88.67,48
1536,192,3426.14,92.24,44.84,48
1536,192,2246.22,90.77,109.87,48
1536,192,1632.53,88.45,150.99,48
1920,240,-3451.40,33.46,358.80,48
1920,240,3158.18,91.09,26.34,48
1920,240,-747.71,33.13,61.18,48
1920,240,684.89,91.82,279.02,48
1920,240,3129.98,88.40,23.25,48
1920,240,-254.62,91.05,399.85,48
1920,240,1429.52,90.83,187.45,48
1920,240,-948.52,37.00,121.85,48
2304,288,-828.66,32.58,90.01,48
2304,288,536.02,89.68,282.89,48
2304,288,2619.81,85.96,35.61,48
2304,288,48.99,89.66,339.72,48
2304,288,-1359.27,29.24,99.88,48
2304,288,3587.94,90.38,10.50,48
2304,288,-4038.76,32.88,418.64,48
2304,288,1665.38,90.12,159.25,48
2688,336,1963.35,90.88,134.45,48
2688,336,-986.28,31.46,82.43,48
2688,336,2365.41,85.87,57.92,48
2688,336,-0.16,32.65,14.51,48
2688,336,-3150.91,28.82,310.82,48
2688,336,2422.96,90.58,113.26,48
2688,336,3273.82,90.96,22.40,48
2688,336,340.69,86.81,282.64,48
3072,384,2028.24,87.22,107.51,48
3072,384,-1736.01,30.55,149.53,48
3072,384,2302.58,89.25,94.80,48
3072,384,2681.72,85.67,34.02,48
3072,384,3103.00,89.25,17.68,48
3072,384,3427.86,88.27,9.48,48
3072,384,-1212.26,30.36,94.83,48
3072,384,1493.94,89.12,160.75,48
3456,432,2613.93,87.68,61.47,48
3456,432,106.26,88.30,308.85,48
3456,432,177.77,26.00,0.00,48
3456,432,2998.07,88.19,39.56,48
3456,432,1652.51,91.37,151.82,48
3456,432,-2876.25,29.38,289.25,48
3456,432,1755.31,86.96,146.02,48
3456,432,-2453.34,30.02,219.98,48
3840,480,800.23,87.92,242.00,48
3840,480,1372.81,89.00,175.02,48
3840,480,-806.77,30.92,65.80,48
3840,480,-5749.18,32.83,618.75,48
3840,480,-1576.51,25.05,113.60,48
3840,480,-4629.06,25.21,466.54,48
3840,480,-428.85,24.92,21.96,48
3840,480,1772.13,90.17,170.34,48
4224,528,-1832.89,30.86,161.99,48
4224,528,-1898.48,29.77,183.90,48
4224,528,3455.75,90.63,24.25,48
4224,528,3502.87,85.89,0.00,48
4224,528,2813.92,86.45,32.13,48
4224,528,953.97,87.81,219.74,48
4224,528,1938.92,87.31,99.98,48
4224,528,3382.54,92.03,30.90,48
4608,576,2788.85,91.47,50.25,48
4608,576,2545.44,85.59,39.30,48
4608,576,-3103.77,90.35,724.91,48
4608,576,-644.93,32.64,38.41,48
4608,576,-26.00,27.06,15.03,48
4608,576,-518.37,88.47,402.71,48
4608,576,-1515.53,87.05,496.59,48
4608,576,1097.80,87.88,211.29,48
4992,624,3249.08,89.49,24.96,48
4992,624,3429.76,90.87,8.80,48
4992,624,1887.22,90.70,143.83,48
4992,624,2476.82,87.43,54.32,48
4992,624,2416.32,83.89,58.96,48
4992,624,3346.64,89.18,18.94,48
4992,624,871.77,89.02,234.15,48
4992,624,2949.33,89.08,17.90,48
5376,672,2514.36,87.78,43.26,48
5376,672,-1144.44,32.24,97.02,48
5376,672,2134.97,86.02,92.01,48
5376,672,2712.12,91.00,67.91,48
5376,672,-1405.01,28.96,145.39,48
5376,672,-1596.67,30.03,159.01,48
5376,672,1474.64,90.41,178.06,48
5376,672,1897.52,89.32,125.15,48
5760,720,2252.46,87.61,83.51,48
5760,720,2399.55,85.29,52.00,48
5760,720,-2006.27,26.01,181.65,48
5760,720,1880.99,87.14,121.22,48
5760,720,403.27,87.94,276.01,48
5760,720,2219.02,89.75,104.67,48
5760,720,1496.47,89.51,172.44,48
5760,720,2621.52,88.57,59.30,48
6144,768,336.60,29.47,0.02,48
6144,768,-1770.13,90.33,560.95,48
6144,768,-148.50,32.12,48.54,48
6144,768,80.18,90.57,337.25,48
6144,768,-1760.13,34.31,169.32,48
6144,768,-1586.68,31.56,111.47,48
6144,768,3489.61,91.22,24.51,48
6144,768,1766.74,88.31,116.45,48
6528,816,568.48,90.22,285.17,48
6528,816,3070.04,89.34,40.41,48
6528,816,322.22,30.81,2.86,48
6528,816,1385.53,91.30,200.81,48
6528,816,2897.28,89.86,51.96,48
6528,816,2947.13,87.86,38.56,48
6528,816,1650.65,91.62,165.90,48
6528,816,211.99,33.31,5.12,48
6912,864,-1332.05,30.26,126.69,48
6912,864,2912.63,91.27,63.83,48
6912,864,2486.68,88.86,66.20,48
6912,864,2060.60,88.85,112.71,48
6912,864,-1188.69,37.91,172.40,48
6912,864,924.11,89.93,239.43,48
6912,864,2206.67,90.96,113.82,48
6912,864,221.61,89.81,323.38,48
7296,912,-2278.30,36.47,235.78,48
7296,912,-828.28,34.36,103.29,48
7296,912,3408.58,89.38,15.85,48
7296,912,1072.53,92.39,244.71,48
7296,912,1923.20,88.33,108.19,48
7296,912,-1594.23,28.28,154.25,48
7296,912,-319.38,28.47,21.36,48
7296,912,2836.84,90.31,43.94,48
7680,960,2533.79,87.23,43.02,48
7680,960,3204.96,88.78,21.62,48
7680,960,2678.98,87.19,51.16,48
7680,960,-2429.33,33.08,248.09,48
7680,960,1396.87,89.56,207.45,48
7680,960,-2714.58,87.89,636.51,48
7680,960,2397.72,91.50,100.03,48
7680,960,-2318.19,35.45,249.12,48
8064,1008,476.64,90.63,298.17,48
8064,1008,283.81,88.31,299.42,48
8064,1008,3207.06,89.41,18.52,48
8064,1008,958.68,89.44,238.55,48
8064,1008,82.04,91.64,358.46,48
8064,1008,2643.25,88.36,46.63,48
8064,1008,-1958.40,32.78,195.87,48
8064,1008,-2111.57,88.44,584.42,48
8448,1056,302.84,30.65,0.01,48
8448,1056,-1168.55,27.83,91.53,48
8448,1056,2639.25,87.61,33.25,48
8448,1056,-867.27,34.32,68.07,48
8448,1056,-59.81,87.29,325.98,48
8448,1056,353.96,86.96,280.05,48
8448,1056,-1984.76,32.79,205.19,48
8448,1056,-337.96,91.07,403.90,48
8832,1104,-962.05,33.90,105.73,48
8832,1104,2362.54,89.13,81.49,48
8832,1104,3779.99,89.68,0.66,48
8832,1104,1690.03,88.31,127.91,48
8832,1104,-2083.16,28.09,168.03,48
8832,1104,1902.38,87.30,120.20,48
8832,1104,2768.03,86.56,34.38,48
8832,1104,-935.67,36.22,104.46,48
9216,1152,136.04,88.54,317.64,48
9216,1152,-1025.22,32.41,83.32,48
9216,1152,168.80,28.27,5.00,48
9216,1152,3791.32,91.48,4.37,48
9216,1152,1474.56,90.52,176.72,48
9216,1152,-211.91,28.69,36.16,48
9216,1152,899.90,89.80,230.28,48
9216,1152,329.99,92.11,333.14,48
9600,1200,2451.71,85.22,57.15,48
9600,1200,2974.60,91.13,38.51,48
9600,1200,2218.90,90.15,84.22,48
9600,1200,-595.48,29.84,50.69,48
9600,1200,-5381.77,30.66,581.24,48
9600,1200,2152.20,92.36,122.46,48
9600,1200,2024.44,89.01,115.79,48
9600,1200,2468.47,86.67,68.66,48
9984,1248,-7839.57,33.78,857.68,48
9984,1248,-1363.64,29.17,114.45,48
9984,1248,3235.71,88.22,14.04,48
9984,1248,59.18,85.82,308.51,48
9984,1248,-3751.76,36.71,436.34,48
9984,1248,3085.85,89.10,23.67,48
9984,1248,582.61,88.71,265.33,48
9984,1248,2851.53,88.12,36.49,48
10368,1296,1798.97,87.27,103.53,48
10368,1296,1447.86,86.55,134.93,48
10368,1296,-2939.14,30.68,277.30,48
10368,1296,-496.77,31.78,57.41,48
10368,1296,2817.08,91.64,53.11,48
10368,1296,2405.87,88.61,88.83,48
10368,1296,2983.76,91.59,50.23,48
10368,1296,3104.34,88.38,27.19,48
10752,1344,2132.22,87.27,88.56,48
10752,1344,2230.55,90.44,110.60,48
10752,1344,273.01,91.56,331.10,48
10752,1344,-2997.44,32.37,291.25,48
10752,1344,-265.92,91.48,385.50,48
10752,1344,1545.87,88.31,168.19,48
10752,1344,2971.93,89.54,43.71,48
10752,1344,2082.26,88.90,108.52,48
11136,1392,-106.63,27.45,28.25,48
11136,1392,417.50,88.68,291.89,48
11136,1392,-1612.26,29.10,153.00,48
11136,1392,2706.94,89.03,47.26,48
11136,1392,-202.20,26.70,12.50,48
11136,1392,-599.80,34.89,36.81,48
11136,1392,-3545.53,34.34,389.42,48
11136,1392,1000.89,90.70,237.94,48
11520,1440,2712.69,87.78,66.23,48
11520,1440,2402.77,89.94,97.30,48
11520,1440,-603.28,30.82,43.35,48
11520,1440,-248.50,32.81,28.13,48
11520,1440,2219.62,86.10,80.85,48
11520,1440,-1541.91,26.45,121.27,48
11520,1440,-269.72,89.49,373.37,48
11520,1440,2518.59,91.02,66.91,48
11904,1488,-6417.95,28.74,719.55,48
11904,1488,-1840.49,32.00,145.85,48
11904,1488,-508.28,29.05,49.32,48
11904,1488,-1381.92,34.41,137.59,48
11904,1488,-141.72,32.93,19.61,48
11904,1488,1953.95,89.05,136.46,48
11904,1488,1729.25,88.41,148.65,48
11904,1488,2728.54,89.18,49.17,48
12288,1536,-260.09,88.89,362.04,48
12288,1536,2995.88,89.99,27.86,48
12288,1536,-407.10,30.33,50.99,48
12288,1536,-2338.11,30.36,226.54,48
12288,1536,2387.12,90.37,95.45,48
12288,1536,-1872.29,24.44,143.63,48
12288,1536,2255.26,88.99,108.35,48
12288,1536,-795.95,24.58,61.80,48
12672,1584,3272.39,87.68,13.79,48
12672,1584,3084.94,91.10,69.13,48
12672,1584,1436.64,88.34,169.88,48
12672,1584,2636.25,89.17,68.52,48
12672,1584,55.39,32.54,6.77,48
12672,1584,-853.94,30.00,82.62,48
12672,1584,2740.59,87.94,46.26,48
12672,1584,3388.58,90.48,13.32,48
13056,1632,2177.55,86.99,93.19,48
13056,1632,3591.89,87.23,0.00,48
13056,1632,3717.14,91.73,9.54,48
13056,1632,-965.62,29.86,99.42,48
13056,1632,3022.15,86.62,25.29,48
13056,1632,1611.34,90.03,160.15,48
13056,1632,2741.70,89.77,52.79,48
13056,1632,-3473.51,34.40,373.05,48
13440,1680,3151.51,93.60,37.66,48
13440,1680,2044.89,88.77,106.47,48
13440,1680,3236.85,85.49,5.64,48
13440,1680,-3766.25,29.22,345.20,48
13440,1680,230.64,88.98,309.87,48
13440,1680,2651.24,88.81,46.99,48
13440,1680,-319.51,27.43,25.83,48
13440,1680,652.43,87.18,248.51,48
13824,1728,3447.49,87.22,9.37,48
13824,1728,2479.63,86.46,64.92,48
13824,1728,-712.21,28.99,69.93,48
13824,1728,-1422.15,32.25,152.33,48
13824,1728,985.90,90.73,225.19,48
13824,1728,-4021.90,91.14,846.98,48
13824,1728,-2207.49,33.56,232.93,48
13824,1728,-1182.65,37.79,131.17,48
14208,1776,9.88,32.12,11.96,48
14208,1776,-1909.01,29.76,182.73,48
14208,1776,3635.27,89.30,0.66,48
14208,1776,1692.95,88.72,136.21,48
14208,1776,1830.19,92.26,149.73,48
14208,1776,-2533.14,31.75,229.12,48
14208,1776,2636.93,89.90,80.43,48
14208,1776,706.51,88.89,269.40,48
14592,1824,-333.14,34.42,39.23,48
14592,1824,-968.08,27.68,75.52,48
14592,1824,-2644.24,29.27,259.32,48
14592,1824,2839.50,87.54,19.74,48
14592,1824,3876.94,91.20,0.02,48
14592,1824,-3408.69,29.75,363.52,48
14592,1824,2623.16,87.62,63.29,48
14592,1824,212.49,89.75,306.91,48
14976,1872,-1284.84,28.16,107.52,48
14976,1872,-1754.59,30.70,159.11,48
14976,1872,-2273.86,27.64,222.08,48
14976,1872,-1080.59,31.74,95.08,48
14976,1872,2694.67,86.95,52.11,48
14976,1872,-2667.19,31.92,289.01,48
14976,1872,2838.99,91.81,68.39,48
14976,1872,3004.57,90.73,24.22,48
15360,1920,-6873.09,31.70,778.61,48
15360,1920,710.66,87.26,230.45,48
15360,1920,-1795.59,32.71,171.29,48
15360,1920,1523.96,89.89,181.08,48
15360,1920,2127.72,87.19,97.85,48
15360,1920,1958.33,90.13,131.03,48
15360,1920,2648.63,87.95,43.02,48
15360,1920,2560.05,90.67,72.56,48
15744,1968,1740.32,88.78,141.37,48
15744,1968,2884.57,90.34,63.46,48
15744,1968,2589.64,86.61,35.81,48
15744,1968,1654.92,91.42,187.86,48
15744,1968,886.58,86.24,205.15,48
15744,1968,251.41,90.59,323.13,48
15744,1968,1907.51,88.86,131.70,48
15744,1968,2212.09,92.15,119.33,48
16128,2016,-5016.40,29.32,569.25,48
16128,2016,-2223.78,32.67,216.22,48
16128,2016,558.67,89.95,281.13,48
16128,2016,2406.40,89.34,90.94,48
16128,2016,-434.93,30.01,45.61,48
16128,2016,-7383.44,34.47,840.60,48
16128,2016,-779.87,32.36,99.95,48
16128,2016,-903.09,38.04,100.14,48
16512,2064,2507.12,89.52,65.99,48
16512,2064,1266.79,91.92,226.88,48
16512,2064,-2549.13,31.83,269.72,48
16512,2064,4054.90,92.94,0.10,48
16512,2064,1777.17,89.98,147.01,48
16512,2064,2472.01,89.06,57.46,48
16512,2064,3163.21,86.33,13.15,48
16512,2064,-1444.50,32.62,147.75,48
16896,2112,1006.83,87.26,195.90,48
16896,2112,-1001.24,25.82,77.74,48
16896,2112,3854.73,89.40,0.43,48
16896,2112,195.56,89.97,325.35,48
16896,2112,-2415.78,39.09,287.00,48
16896,2112,-200.97,31.69,16.07,48
16896,2112,-345.16,30.62,16.41,48
16896,2112,289.90,86.56,270.03,48
17280,2160,-7095.72,34.35,838.77,48
17280,2160,1633.37,86.26,143.13,48
17280,2160,559.85,90.50,281.83,48
17280,2160,3621.65,89.85,6.35,48
17280,2160,-654.21,86.44,398.89,48
17280,2160,-458.57,91.57,419.58,48
17280,2160,2648.94,88.36,53.23,48
17280,2160,3136.95,89.74,38.33,48
17664,2208,3068.62,87.63,24.54,48
17664,2208,1081.30,89.73,223.78,48
17664,2208,1755.36,88.76,146.30,48
17664,2208,3129.82,90.68,34.14,48
17664,2208,-266.97,33.93,40.78,48
17664,2208,20.09,31.26,22.44,48
17664,2208,1361.76,89.85,185.81,48
17664,2208,-3042.63,31.03,298.90,48
18048,2256,-1561.17,32.13,144.65,48
18048,2256,-1123.48,32.40,156.02,48
18048,2256,-376.00,29.71,23.81,48
18048,2256,3169.46,88.55,32.13,48
18048,2256,3574.63,88.82,0.88,48
18048,2256,3682.99,90.48,0.72,48
18048,2256,-46.12,92.89,387.83,48
18048,2256,-886.90,33.76,82.16,48
18432,2304,3314.64,87.90,10.32,48
18432,2304,-2967.39,34.05,317.38,48
18432,2304,-7417.49,33.98,857.02,48
18432,2304,1662.49,90.37,157.01,48
18432,2304,2590.50,88.77,59.90,48
18432,2304,-410.14,29.87,43.21,48
18432,2304,1030.71,88.15,225.20,48
18432,2304,-1890.13,30.31,162.94,48
18816,2352,-3034.69,34.24,333.12,48
18816,2352,3417.55,91.94,31.55,48
18816,2352,2571.84,88.89,52.42,48
18816,2352,-1229.49,31.45,121.38,48
18816,2352,3620.10,88.32,2.57,48
18816,2352,-778.64,23.74,36.49,48
18816,2352,3303.30,88.13,14.99,48
18816,2352,1668.42,86.30,119.73,48
19200,2400,498.73,87.95,271.85,48
19200,2400,3154.58,87.66,24.42,48
19200,2400,2377.21,87.04,81.05,48
19200,2400,488.39,85.84,241.15,48
19200,2400,2239.70,91.41,114.38,48
19200,2400,3232.06,87.18,12.07,48
19200,2400,3347.68,86.92,4.51,48
19200,2400,63.62,89.11,339.12,48
19584,2448,1813.38,89.95,134.14,48
19584,2448,-497.81,32.31,35.38,48
19584,2448,1867.88,91.85,162.42,48
19584,2448,43.24,89.27,336.05,48
19584,2448,2628.65,88.97,42.92,48
19584,2448,-3350.92,89.68,755.39,48
19584,2448,1442.77,91.31,207.55,48
19584,2448,-345.29,89.80,381.21,48
19968,2496,3387.16,86.58,2.44,48
19968,2496,-98.93,25.68,14.99,48
19968,2496,2417.33,88.16,80.63,48
19968,2496,2751.31,88.72,51.60,48
19968,2496,-3334.32,32.14,348.95,48
19968,2496,821.71,90.01,269.93,48
19968,2496,772.52,88.53,237.48,48
19968,2496,-1129.88,34.70,148.13,48
20352,2544,-2449.58,32.57,245.57,48
20352,2544,3796.83,90.19,0.31,48
20352,2544,-946.77,33.01,84.47,48
20352,2544,1785.02,90.62,145.61,48
20352,2544,2329.50,88.98,76.85,48
20352,2544,1763.86,88.39,121.50,48
20352,2544,-344.31,29.36,23.51,48
20352,2544,2873.99,92.97,97.69,48
20736,2592,2157.44,88.47,85.68,48
20736,2592,3156.25,90.72,25.36,48
20736,2592,3764.11,89.97,6.21,48
20736,2592,2907.35,88.57,26.82,48
20736,2592,2058.76,87.60,100.61,48
20736,2592,914.06,89.35,226.62,48
20736,2592,95.22,31.63,5.09,48
20736,2592,2308.05,88.26,94.91,48
21120,2640,2966.35,90.67,42.26,48
21120,2640,1876.54,88.80,129.82,48
21120,2640,2680.88,92.00,72.17,48
21120,2640,304.86,30.42,0.31,48
21120,2640,-1784.42,32.44,178.53,48
21120,2640,252.21,30.11,16.88,48
21120,2640,-1484.36,32.71,145.74,48
21120,2640,414.86,89.08,294.00,48
21504,2688,3127.28,87.92,18.29,48
21504,2688,2336.14,91.23,95.37,48
21504,2688,1073.45,89.15,203.13,48
21504,2688,-1848.57,31.93,154.70,48
21504,2688,-3299.35,31.34,334.15,48
21504,2688,186.73,32.80,21.98,48
21504,2688,2116.31,84.80,91.34,48
21504,2688,2409.86,88.04,83.57,48
21888,2736,-1715.23,90.14,553.46,48
21888,2736,-765.06,31.55,93.11,48
21888,2736,3705.70,89.20,0.93,48
21888,2736,3031.65,87.23,23.36,48
21888,2736,1096.10,89.96,220.30,48
21888,2736,-2724.95,31.54,280.71,48
21888,2736,160.12,24.94,4.53,48
21888,2736,473.89,26.27,0.02,48
22272,2784,2536.76,91.79,101.33,48
22272,2784,125.77,86.01,294.14,48
22272,2784,-647.85,23.72,49.80,48
22272,2784,82.19,89.14,332.21,48
22272,2784,-1563.60,27.92,146.52,48
22272,2784,57.14,26.63,15.32,48
22272,2784,3465.07,88.22,8.65,48
22272,2784,2245.26,89.52,89.14,48
22656,2832,3570.80,88.17,9.65,48
22656,2832,2280.21,90.56,94.28,48
22656,2832,-96.28,90.44,374.75,48
22656,2832,3110.26,87.20,17.27,48
22656,2832,2389.41,91.37,94.65,48
22656,2832,3085.86,90.15,39.24,48
22656,2832,3173.04,90.81,28.89,48
22656,2832,2113.66,90.02,116.65,48
23040,2880,126.29,30.09,6.76,48
23040,2880,2179.39,86.65,76.18,48
23040,2880,3693.83,88.71,0.00,48
23040,2880,927.64,89.91,230.12,48
23040,2880,2628.38,91.76,74.57,48
23040,2880,-1148.14,28.94,106.18,48
23040,2880,-2119.90,30.66,211.45,48
23040,2880,1470.38,87.29,162.40,48
23424,2928,2881.36,89.14,33.24,48
23424,2928,-2650.07,87.82,628.37,48
23424,2928,-203.85,89.78,371.54,48
23424,2928,-1412.38,29.75,134.16,48
23424,2928,-137.76,31.44,20.51,48
23424,2928,1460.91,89.57,177.79,48
23424,2928,-2885.08,32.15,308.74,48
23424,2928,-53.64,27.73,24.50,48
23808,2976,1481.87,91.67,200.32,48
23808,2976,2428.30,90.50,82.33,48
23808,2976,3414.24,90.22,7.23,48
23808,2976,-1208.53,28.47,116.20,48
23808,2976,-907.20,27.22,75.46,48
23808,2976,2944.47,89.78,36.15,48
23808,2976,2540.25,90.66,80.53,48
23808,2976,2125.38,91.57,131.69,48
24192,3024,-668.39,29.95,60.36,48
24192,3024,230.08,30.06,3.96,48
24192,3024,-1528.08,30.53,155.84,48
24192,3024,-26.97,86.85,334.93,48
24192,3024,-511.92,28.71,36.50,48
24192,3024,297.13,27.68,3.58,48
24192,3024,3409.59,93.28,26.20,48
24192,3024,-1217.22,29.71,101.55,48
24576,3072,24.57,27.63,8.13,48
24576,3072,-3758.12,32.16,382.35,48
24576,3072,1535.56,89.17,160.94,48
24576,3072,-4776.49,27.69,508.96,48
24576,3072,1718.17,91.00,147.89,48
24576,3072,2791.14,89.44,45.25,48
24576,3072,638.51,34.00,0.28,48
24576,3072,1903.32,87.54,128.92,48
24960,3120,-2584.17,28.02,241.46,48
24960,3120,-2757.46,30.74,289.46,48
24960,3120,2914.29,88.31,38.35,48
24960,3120,3363.57,89.00,9.50,48
24960,3120,2334.29,89.91,96.14,48
24960,3120,2122.28,90.51,116.83,48
24960,3120,-2615.94,30.67,276.95,48
24960,3120,2949.68,89.46,45.37,48
25344,3168,1480.81,89.54,176.05,48
25344,3168,-3505.58,33.22,332.22,48
25344,3168,2799.06,85.23,26.07,48
25344,3168,1293.38,87.42,171.55,48
25344,3168,1932.14,87.22,94.90,48
25344,3168,-1948.40,31.54,192.06,48
25344,3168,3471.04,87.29,0.19,48
25344,3168,966.77,87.16,216.77,48
25728,3216,-165.23,35.39,40.09,48
25728,3216,2712.22,89.95,54.36,48
25728,3216,-3123.38,29.91,304.07,48
25728,3216,3277.30,88.32,9.64,48
25728,3216,451.90,88.30,287.09,48
25728,3216,2533.67,88.91,81.88,48
25728,3216,-547.02,31.37,68.01,48
25728,3216,-2814.72,30.53,271.44,48
26112,3264,-1467.04,30.89,128.84,48
26112,3264,-1151.35,89.29,486.17,48
26112,3264,2151.77,88.68,103.93,48
26112,3264,-1454.91,28.45,121.86,48
26112,3264,-1512.71,31.76,133.52,48
26112,3264,-895.97,30.85,70.10,48
26112,3264,1777.10,91.78,155.60,48
26112,3264,2136.59,93.05,132.06,48
26496,3312,3405.81,88.97,12.18,48
26496,3312,640.24,36.39,0.72,48
26496,3312,68.74,28.00,20.83,48
26496,3312,3370.28,87.94,7.64,48
26496,3312,932.28,89.09,223.07,48
26496,3312,-472.89,31.69,38.10,48
26496,3312,-103.11,87.82,335.70,48
26496,3312,-815.24,27.03,63.11,48
26880,3360,1818.40,88.55,118.39,48
26880,3360,3695.92,89.67,4.89,48
26880,3360,2375.91,89.95,82.07,48
26880,3360,2510.80,86.31,45.57,48
26880,3360,-784.13,35.14,82.91,48
26880,3360,2972.96,86.31,11.01,48
26880,3360,2152.16,89.91,112.53,48
26880,3360,1964.77,92.77,149.67,48
27264,3408,-3183.69,27.33,295.59,48
27264,3408,3366.69,86.74,5.61,48
27264,3408,-838.01,26.96,45.66,48
27264,3408,2118.67,89.20,120.17,48
27264,3408,2807.77,85.87,33.75,48
27264,3408,2603.93,88.46,54.22,48
27264,3408,366.85,29.14,3.01,48
27264,3408,-1615.35,25.82,141.00,48
27648,3456,3279.35,89.32,18.67,48
27648,3456,3108.35,89.89,21.43,48
27648,3456,41.10,88.27,318.92,48
27648,3456,-454.41,31.69,64.91,48
27648,3456,-427.45,90.04,385.37,48
27648,3456,2973.83,87.35,37.23,48
27648,3456,-531.95,25.88,43.64,48
27648,3456,-69.05,92.19,385.02,48
28032,3504,1737.54,88.50,148.00,48
28032,3504,-1212.17,32.95,110.44,48
28032,3504,2206.24,93.11,131.55,48
28032,3504,3101.46,88.73,19.63,48
28032,3504,-2328.25,27.85,194.15,48
28032,3504,-2980.25,28.44,275.14,48
28032,3504,3418.04,88.62,14.42,48
28032,3504,-684.70,32.15,65.79,48
28416,3552,-3331.01,88.20,736.44,48
28416,3552,-743.64,33.96,73.09,48
28416,3552,1897.68,87.53,97.95,48
28416,3552,-3006.56,28.32,275.57,48
28416,3552,-3170.71,31.61,327.67,48
28416,3552,2506.19,89.02,76.36,48
28416,3552,1737.26,88.12,142.10,48
28416,3552,-281.20,31.96,28.43,48
28800,3600,2678.62,88.11,37.90,48
28800,3600,1827.75,90.29,136.72,48
28800,3600,2225.43,88.96,102.16,48
28800,3600,1399.02,89.02,171.27,48
28800,3600,464.71,33.14,4.20,48
28800,3600,3383.15,88.01,6.63,48
28800,3600,2077.04,89.15,110.65,48
28800,3600,3184.96,89.61,19.34,48
29184,3648,3232.87,89.18,24.00,48
29184,3648,2307.12,87.91,87.06,48
29184,3648,2629.70,89.00,67.18,48
29184,3648,2929.39,89.79,40.06,48
29184,3648,-1603.37,34.21,156.61,48
29184,3648,1328.98,90.99,214.14,48
29184,3648,2784.71,89.08,49.14,48
29184,3648,-1500.08,28.83,114.26,48
29568,3696,-840.84,27.65,91.19,48
29568,3696,306.95,29.74,0.00,48
29568,3696,3142.98,89.40,43.85,48
29568,3696,2719.51,89.97,58.92,48
29568,3696,364.80,88.16,281.83,48
29568,3696,-2819.05,27.46,294.19,48
29568,3696,1768.21,90.85,151.67,48
29568,3696,-279.44,30.04,28.95,48
29952,3744,3893.98,90.02,0.00,48
29952,3744,-2091.31,34.67,218.69,48
29952,3744,-2223.39,32.88,233.87,48
29952,3744,583.81,89.84,291.73,48
29952,3744,-50.18,25.11,9.76,48
29952,3744,500.51,88.43,271.69,48
29952,3744,3486.46,91.84,17.74,48
29952,3744,-1763.96,32.05,147.20,48
30336,3792,1114.10,90.88,234.31,48
30336,3792,-5236.94,30.09,569.43,48
30336,3792,869.89,88.82,236.30,48
30336,3792,1780.68,92.24,159.84,48
30336,3792,-394.56,24.68,20.41,48
30336,3792,2297.77,87.67,86.97,48
30336,3792,160.90,32.97,12.61,48
30336,3792,-6007.73,25.31,639.95,48
30720,3840,1302.73,88.61,188.10,48
30720,3840,-1336.15,89.61,508.53,48
30720,3840,3515.68,91.30,3.81,48
30720,3840,-277.09,30.78,20.07,48
30720,3840,2082.49,88.24,89.54,48
30720,3840,-2866.54,28.81,274.86,48
30720,3840,-1283.64,27.63,98.17,48
30720,3840,-3451.70,28.34,347.10,48
31104,3888,2996.82,90.51,30.92,48
31104,3888,3624.24,89.50,1.39,48
31104,3888,-1502.41,90.57,543.02,48
31104,3888,2521.60,91.01,79.46,48
31104,3888,1727.56,88.70,117.53,48
31104,3888,1356.90,89.78,179.14,48
31104,3888,-1674.60,33.32,161.18,48
31104,3888,3028.42,93.59,78.85,48
31488,3936,2641.40,90.90,59.02,48
31488,3936,3618.47,91.67,17.83,48
31488,3936,-2072.24,33.49,211.72,48
31488,3936,2835.03,88.34,42.72,48
31488,3936,366.10,88.18,281.69,48
31488,3936,2422.76,90.91,90.83,48
31488,3936,-1994.35,34.50,229.00,48
31488,3936,2891.44,89.25,57.43,48
31872,3984,72.81,92.31,364.45,48
31872,3984,-688.45,30.17,38.82,48
31872,3984,-700.76,91.70,453.71,48
31872,3984,56.56,28.24,1.63,48
31872,3984,2353.65,86.81,74.03,48
31872,3984,-521.91,90.50,417.31,48
31872,3984,3376.64,86.31,0.00,48
31872,3984,1560.49,87.81,172.15,48
32256,4032,2428.09,86.31,53.70,48
32256,4032,2504.02,89.13,66.74,48
32256,4032,396.27,87.89,279.92,48
32256,4032,2414.56,90.61,80.95,48
32256,4032,2843.76,84.91,24.46,48
32256,4032,-242.76,32.40,38.01,48
32256,4032,130.44,90.35,331.25,48
32256,4032,2319.94,87.08,71.39,48
32640,4080,-695.65,91.95,445.26,48
32640,4080,721.91,92.68,306.70,48
32640,4080,2281.53,89.06,94.23,48
32640,4080,1906.11,90.79,137.82,48
32640,4080,-2139.99,87.38,570.15,48
32640,4080,1213.04,90.20,206.19,48
32640,4080,-1110.95,26.76,91.02,48
32640,4080,2569.56,90.95,84.19,48
33024,4128,797.75,88.20,243.15,48
33024,4128,2513.97,91.00,92.41,48
33024,4128,2310.58,89.10,89.89,48
33024,4128,3781.93,90.24,1.39,48
33024,4128,-244.99,24.56,22.51,48
33024,4128,1147.16,90.84,222.64,48
33024,4128,3220.43,91.21,56.00,48
33024,4128,3555.22,89.95,4.48,48
33408,4176,2709.29,90.17,88.15,48
33408,4176,2169.07,85.10,100.25,48
33408,4176,3348.48,91.45,21.99,48
33408,4176,-447.32,26.28,28.54,48
33408,4176,3694.26,88.86,2.57,48
33408,4176,1883.09,87.74,129.98,48
33408,4176,-329.89,27.74,16.97,48
33408,4176,970.44,91.70,263.24,48
33792,4224,2808.17,91.04,50.66,48
33792,4224,2073.59,87.59,102.94,48
33792,4224,2402.30,87.55,73.58,48
33792,4224,47.13,31.69,20.51,48
33792,4224,2385.96,86.53,67.98,48
33792,4224,223.14,28.12,11.50,48
33792,4224,1250.27,90.05,204.84,48
33792,4224,-1537.21,31.74,127.02,48
34176,4272,-218.45,89.10,368.85,48
34176,4272,2326.81,86.93,68.90,48
34176,4272,30.13,30.92,17.07,48
34176,4272,-1373.31,31.96,127.95,48
34176,4272,2122.52,92.10,132.08,48
34176,4272,2000.97,87.74,90.72,48
34176,4272,-636.90,29.00,46.93,48
34176,4272,2185.88,89.54,141.30,48
34560,4320,3503.76,89.70,4.66,48
34560,4320,3302.22,85.79,8.56,48
34560,4320,3003.58,88.87,36.61,48
34560,4320,2007.02,86.49,94.15,48
34560,4320,236.47,29.05,10.76,48
34560,4320,-816.28,27.30,42.15,48
34560,4320,2492.70,89.35,71.82,48
34560,4320,-1336.07,30.37,124.61,48
34944,4368,1051.48,85.77,187.30,48
34944,4368,3564.78,89.76,4.22,48
34944,4368,-964.00,25.64,71.49,48
34944,4368,2353.38,88.28,80.90,48
34944,4368,1333.37,88.31,182.43,48
34944,4368,1553.45,89.64,176.21,48
34944,4368,3425.19,88.58,2.95,48
34944,4368,-1295.15,30.09,129.06,48
35328,4416,2131.29,91.01,122.36,48
35328,4416,2934.51,87.81,39.62,48
35328,4416,1157.75,89.43,201.04,48
35328,4416,1935.66,91.59,126.32,48
35328,4416,3218.57,88.71,16.92,48
35328,4416,-1158.76,31.14,125.97,48
35328,4416,3087.67,89.82,20.65,48
35328,4416,2402.36,90.95,90.41,48
35712,4464,-313.92,26.03,11.97,48
35712,4464,-2615.64,28.32,258.48,48
35712,4464,3532.47,90.49,11.52,48
35712,4464,-2677.94,30.09,266.27,48
35712,4464,-1442.28,33.83,137.98,48
35712,4464,-2328.05,25.25,179.83,48
35712,4464,-1502.89,35.77,172.92,48
35712,4464,3049.87,88.21,46.79,48
36096,4512,2877.40,88.93,49.50,48
36096,4512,-833.41,28.75,71.15,48
36096,4512,-2776.26,29.68,272.39,48
36096,4512,-949.47,28.88,83.34,48
36096,4512,-3283.90,29.45,332.25,48
36096,4512,3571.98,89.35,12.24,48
36096,4512,3008.16,88.70,34.75,48
36096,4512,1298.22,89.81,195.60,48
36480,4560,3131.23,87.66,4.97,48
36480,4560,857.96,89.44,251.52,48
36480,4560,2590.04,89.94,52.85,48
36480,4560,-587.68,31.47,49.96,48
36480,4560,1915.31,87.16,112.69,48
36480,4560,287.94,29.13,1.69,48
36480,4560,-90.14,24.48,14.51,48
36480,4560,2419.98,88.56,79.61,48
36864,4608,3593.87,88.27,0.57,48
36864,4608,-1025.60,26.64,89.20,48
36864,4608,216.02,25.80,0.92,48
36864,4608,1805.32,88.72,135.35,48
36864,4608,-2862.62,28.23,290.43,48
36864,4608,2881.61,88.19,44.44,48
36864,4608,1943.18,85.81,95.93,48
36864,4608,3574.61,88.29,1.24,48
37248,4656,914.72,91.05,260.50,48
37248,4656,1072.29,89.85,235.93,48
37248,4656,771.50,88.98,254.60,48
37248,4656,3721.76,89.48,2.47,48
37248,4656,3834.45,92.21,2.00,48
37248,4656,-2036.63,25.51,192.10,48
37248,4656,-1296.13,91.59,526.29,48
37248,4656,-2195.40,29.79,210.97,48
37632,4704,-2375.44,29.76,216.00,48
37632,4704,2193.58,87.37,84.42,48
37632,4704,2199.15,91.19,119.01,48
37632,4704,1313.90,88.62,190.61,48
37632,4704,2660.53,86.04,40.50,48
37632,4704,-1407.58,28.00,97.83,48
37632,4704,3504.41,89.77,10.99,48
37632,4704,2830.43,88.55,45.50,48
38016,4752,314.71,88.78,293.33,48
38016,4752,221.71,92.47,352.56,48
38016,4752,2670.37,89.46,70.04,48
38016,4752,2356.28,89.26,86.57,48
38016,4752,-131.26,88.88,350.50,48
38016,4752,-3368.10,28.93,341.74,48
38016,4752,612.13,88.32,260.05,48
38016,4752,-301.16,29.79,35.76,48
38400,4800,2801.35,90.92,61.64,48
38400,4800,1902.12,88.81,133.98,48
38400,4800,409.29,28.46,0.72,48
38400,4800,3195.97,86.00,16.84,48
38400,4800,2051.89,87.83,93.81,48
38400,4800,2018.77,88.22,107.34,48
38400,4800,2121.31,87.06,107.41,48
38400,4800,-433.74,29.24,39.13,48
38784,4848,-1096.45,27.77,99.68,48
38784,4848,3407.16,90.47,24.34,48
38784,4848,3580.06,90.50,13.86,48
38784,4848,-1094.76,28.50,96.44,48
38784,4848,-3294.42,32.08,352.21,48
38784,4848,-1405.14,30.79,139.39,48
38784,4848,2219.02,89.87,80.77,48
38784,4848,458.60,91.28,311.86,48
39168,4896,2621.30,87.60,50.12,48
39168,4896,-2750.37,28.96,282.05,48
39168,4896,1694.85,86.52,134.49,48
39168,4896,-484.49,31.33,43.51,48
39168,4896,3119.74,90.24,34.52,48
39168,4896,1798.41,87.82,117.68,48
39168,4896,3039.92,91.39,52.89,48
39168,4896,-262.38,88.57,370.14,48
39552,4944,-151.52,93.68,408.17,48
39552,4944,3764.68,92.05,3.64,48
39552,4944,328.72,26.91,5.36,48
39552,4944,3084.05,91.31,40.50,48
39552,4944,1816.19,88.13,125.03,48
39552,4944,-1383.83,30.57,123.57,48
39552,4944,-633.26,31.95,65.53,48
39552,4944,36.28,89.74,343.99,48
39936,4992,3187.29,86.62,5.76,48
39936,4992,638.30,31.15,0.31,48
39936,4992,3819.23,91.73,8.70,48
39936,4992,-1393.34,27.99,116.08,48
39936,4992,-862.21,30.97,110.59,48
39936,4992,2674.70,87.63,54.49,48
39936,4992,-1414.95,26.12,134.88,48
39936,4992,3050.10,88.79,19.09,48
40320,5040,1895.20,86.98,124.06,48
40320,5040,2636.13,88.99,66.26,48
40320,5040,2423.88,89.60,81.50,48
40320,5040,-2125.70,26.46,194.00,48
40320,5040,494.18,30.47,2.88,48
40320,5040,-1769.57,31.48,175.30,48
40320,5040,22.02,89.14,331.30,48
40320,5040,-906.10,28.90,82.69,48
40704,5088,30.99,31.56,28.61,48
40704,5088,-1259.94,28.67,99.20,48
40704,5088,55.23,29.22,7.27,48
40704,5088,-2737.03,29.96,289.01,48
40704,5088,-1424.80,26.86,104.43,48
40704,5088,3885.56,91.35,0.72,48
40704,5088,1892.35,86.94,111.36,48
40704,5088,2145.47,86.67,77.93,48
41088,5136,-2459.25,22.14,219.10,48
41088,5136,-1617.66,32.49,169.15,48
41088,5136,2174.15,89.57,110.61,48
41088,5136,-522.74,29.87,46.32,48
41088,5136,1375.38,88.20,176.08,48
41088,5136,2851.18,88.57,51.66,48
41088,5136,572.95,89.72,279.56,48
41088,5136,3662.26,88.84,2.19,48
41472,5184,3708.42,89.09,0.31,48
41472,5184,3682.22,92.11,10.55,48
41472,5184,3241.74,88.35,5.64,48
41472,5184,-822.61,31.44,78.16,48
41472,5184,285.35,29.76,10.22,48
41472,5184,-2220.88,31.24,229.17,48
41472,5184,333.53,26.37,0.03,48
41472,5184,-2638.01,91.33,682.24,48
41856,5232,842.01,90.43,258.18,48
41856,5232,1338.34,88.24,182.87,48
41856,5232,3166.86,88.84,39.27,48
41856,5232,149.04,30.28,15.54,48
41856,5232,3383.24,92.17,45.87,48
41856,5232,-585.96,31.97,63.79,48
41856,5232,3382.13,91.15,20.39,48
41856,5232,2912.49,91.77,64.98,48
42240,5280,2034.00,90.47,116.51,48
42240,5280,3556.44,88.28,2.39,48
42240,5280,1603.05,87.80,142.45,48
42240,5280,1628.57,86.84,133.06,48
42240,5280,1229.66,88.92,202.32,48
42240,5280,1277.34,87.44,166.00,48
42240,5280,3664.39,88.11,0.31,48
42240,5280,1205.31,91.54,222.16,48
42624,5328,2329.65,90.69,81.26,48
42624,5328,3419.21,86.79,3.73,48
42624,5328,1838.60,87.55,122.50,48
42624,5328,440.92,88.64,283.52,48
42624,5328,-1525.36,32.63,163.99,48
42624,5328,356.87,89.15,303.68,48
42624,5328,1323.57,88.69,208.57,48
42624,5328,-851.99,25.31,58.32,48
43008,5376,3804.80,89.94,3.50,48
43008,5376,112.28,28.10,8.71,48
43008,5376,1023.77,89.29,229.67,48
43008,5376,3223.09,88.87,8.83,48
43008,5376,1601.88,87.28,151.22,48
43008,5376,-168.76,25.42,13.28,48
43008,5376,-181.75,28.72,19.61,48
43008,5376,1204.60,89.09,211.81,48
43392,5424,2326.97,92.54,106.92,48
43392,5424,3381.20,85.97,8.51,48
43392,5424,815.10,90.21,269.87,48
43392,5424,3645.81,87.80,1.25,48
43392,5424,126.93,89.73,325.30,48
43392,5424,-2481.13,89.97,652.50,48
43392,5424,2643.04,89.06,58.54,48
43392,5424,1931.19,86.37,115.70,48
43776,5472,2498.28,88.22,57.11,48
43776,5472,-813.15,28.56,82.25,48
43776,5472,297.38,90.20,314.24,48
43776,5472,1831.46,87.60,120.46,48
43776,5472,2197.87,89.57,90.25,48
43776,5472,1231.41,88.03,181.29,48
43776,5472,644.27,86.87,241.35,48
43776,5472,-236.73,23.64,27.55,48
44160,5520,1856.54,90.75,136.68,48
44160,5520,2716.04,87.25,49.05,48
44160,5520,2714.05,91.29,56.72,48
44160,5520,3282.27,88.33,18.00,48
44160,5520,-2642.55,33.59,303.15,48
44160,5520,273.59,29.11,2.04,48
44160,5520,2424.76,89.04,69.23,48
44160,5520,1534.19,91.66,186.90,48
44544,5568,3066.20,88.45,26.38,48
44544,5568,3228.56,87.70,17.53,48
44544,5568,-2829.79,88.48,676.33,48
44544,5568,2600.62,87.84,64.30,48
44544,5568,-770.84,25.50,51.37,48
44544,5568,3304.72,90.33,36.37,48
44544,5568,708.30,87.84,254.86,48
44544,5568,-631.52,26.78,25.62,48
44928,5616,-1447.99,30.57,136.16,48
44928,5616,2412.52,91.54,99.11,48
44928,5616,791.79,89.19,250.64,48
44928,5616,575.97,29.97,4.83,48
44928,5616,-2428.64,34.58,226.91,48
44928,5616,-1424.77,28.84,104.31,48
44928,5616,1801.45,90.28,145.47,48
44928,5616,443.14,35.25,2.70,48
45312,5664,-417.20,88.23,383.05,48
45312,5664,3502.62,88.69,10.27,48
45312,5664,2911.76,86.54,53.77,48
45312,5664,1574.10,90.40,172.45,48
45312,5664,3420.00,90.19,11.67,48
45312,5664,2218.65,87.46,93.07,48
45312,5664,2964.65,83.63,3.37,48
45312,5664,2286.33,86.33,73.18,48
45696,5712,-1310.54,33.54,113.18,48
45696,5712,3302.68,87.42,9.10,48
45696,5712,-2707.09,26.85,264.11,48
45696,5712,2908.99,89.65,40.47,48
45696,5712,2745.15,91.11,63.86,48
45696,5712,433.78,90.95,308.83,48
45696,5712,1174.11,90.56,217.43,48
45696,5712,-2373.38,29.92,233.84,48
46080,5760,-1348.43,27.07,101.94,48
46080,5760,2656.64,91.04,76.03,48
46080,5760,-161.66,32.92,39.65,48
46080,5760,-0.95,28.86,32.77,48
46080,5760,-1151.65,26.07,68.01,48
46080,5760,-1000.92,26.96,75.92,48
46080,5760,1122.28,87.82,206.77,48
46080,5760,-2752.07,28.94,265.85,48
46464,5808,3308.66,91.44,26.70,48
46464,5808,3311.68,91.42,9.25,48
46464,5808,2615.58,89.95,42.49,48
46464,5808,3067.02,90.98,40.01,48
46464,5808,-731.80,28.78,78.76,48
46464,5808,232.19,25.37,2.57,48
46464,5808,-562.96,33.03,65.53,48
46464,5808,149.66,30.87,13.27,48
46848,5856,563.37,90.84,294.57,48
46848,5856,3548.42,87.03,4.77,48
46848,5856,372.59,90.64,311.09,48
46848,5856,-2636.36,29.70,272.96,48
46848,5856,1213.78,89.30,198.95,48
46848,5856,1706.04,90.04,162.80,48
46848,5856,1893.58,88.75,123.39,48
46848,5856,3443.62,87.75,9.72,48
47232,5904,-2702.40,32.16,277.08,48
47232,5904,2740.40,92.32,82.29,48
47232,5904,3051.89,91.13,32.37,48
47232,5904,2346.43,89.82,83.04,48
47232,5904,2056.14,90.09,140.47,48
47232,5904,-899.58,25.63,57.75,48
47232,5904,1454.80,89.15,174.96,48
47232,5904,2456.91,89.09,72.37,48
47616,5952,-519.55,29.02,55.49,48
47616,5952,-926.79,28.33,71.83,48
47616,5952,-681.15,30.55,95.65,48
47616,5952,3704.34,88.38,0.00,48
47616,5952,791.86,87.74,248.43,48
47616,5952,2629.37,88.31,64.46,48
47616,5952,1174.37,91.55,235.68,48
47616,5952,3788.14,90.68,0.31,48
48000,6000,3463.51,89.45,6.46,48
48000,6000,3958.65,91.54,0.95,48
48000,6000,-2086.37,34.92,227.84,48
48000,6000,1553.22,87.57,166.87,48
48000,6000,-1627.51,23.76,148.71,48
48000,6000,673.44,89.35,276.48,48
48000,6000,3471.65,88.32,0.84,48
48000,6000,-628.36,31.11,63.91,48
48384,6048,372.57,89.40,293.04,48
48384,6048,2035.24,92.34,148.75,48
48384,6048,3277.90,91.64,36.65,48
48384,6048,-1483.78,29.30,113.83,48
48384,6048,2150.29,88.75,93.16,48
48384,6048,-1509.58,25.08,110.25,48
48384,6048,1178.63,88.87,189.71,48
48384,6048,3908.72,90.28,0.32,48
48768,6096,3621.50,90.58,9.91,48
48768,6096,-1212.13,29.18,85.86,48
48768,6096,2670.09,88.41,54.05,48
48768,6096,3956.92,90.94,0.28,48
48768,6096,-1454.25,31.68,178.23,48
48768,6096,2851.15,91.19,77.54,48
48768,6096,3548.69,87.90,4.01,48
48768,6096,2752.01,88.54,47.65,48
49152,6144,-1888.22,28.39,192.97,48
49152,6144,2449.20,88.90,82.88,48
49152,6144,1116.95,88.85,202.58,48
49152,6144,36.76,90.05,341.80,48
49152,6144,96.81,89.12,328.91,48
49152,6144,2571.65,92.89,90.97,48
49152,6144,3409.51,91.38,20.05,48
49152,6144,2914.43,89.23,31.40,48
49536,6192,-1851.57,88.37,556.26,48
49536,6192,3370.51,87.89,20.60,48
49536,6192,-774.43,30.37,86.04,48
49536,6192,608.98,89.57,269.04,48
49536,6192,3654.74,89.84,2.53,48
49536,6192,-2189.90,30.05,187.92,48
49536,6192,-596.98,30.79,45.37,48
49536,6192,2843.58,89.39,28.41,48
49920,6240,-141.90,25.32,29.04,48
49920,6240,3103.82,87.37,22.87,48
49920,6240,3508.25,86.20,8.92,48
49920,6240,-2916.68,30.29,297.25,48
49920,6240,-1013.94,25.52,72.77,48
49920,6240,3526.47,89.23,7.53,48
49920,6240,3410.35,87.46,3.18,48
49920,6240,3047.86,90.69,47.90,48
50304,6288,-113.05,88.20,347.51,48
50304,6288,707.92,88.23,267.16,48
50304,6288,2496.08,90.84,96.30,48
50304,6288,1158.34,87.60,187.24,48
50304,6288,100.36,24.44,0.85,48
50304,6288,260.87,29.23,8.37,48
50304,6288,490.51,88.57,291.71,48
50304,6288,2722.75,88.72,45.58,48
50688,6336,-2399.57,22.17,205.28,48
50688,6336,-906.10,29.99,83.05,48
50688,6336,3494.82,85.76,0.69,48
50688,6336,-815.85,31.65,94.04,48
50688,6336,-1501.89,31.23,153.70,48
50688,6336,2382.97,88.97,93.88,48
50688,6336,-2631.83,29.04,250.71,48
50688,6336,2868.48,90.94,54.78,48
51072,6384,1948.24,91.55,151.57,48
51072,6384,2691.79,92.08,83.49,48
51072,6384,3231.45,87.74,15.52,48
51072,6384,630.41,88.59,258.02,48
51072,6384,-2068.66,91.93,623.32,48
51072,6384,603.25,90.29,288.65,48
51072,6384,91.85,29.33,10.33,48
51072,6384,3705.22,88.62,0.31,48
51456,6432,101.00,89.92,346.51,48
51456,6432,-2125.30,32.85,187.90,48
51456,6432,3438.57,86.22,3.39,48
51456,6432,-1803.29,29.30,160.42,48
51456,6432,2676.73,86.66,53.57,48
51456,6432,2978.05,88.73,33.96,48
51456,6432,1938.73,87.71,106.90,48
51456,6432,2843.06,91.64,57.75,48
51840,6480,3277.51,90.43,23.05,48
51840,6480,-2572.61,31.46,242.79,48
51840,6480,3500.73,87.59,1.34,48
51840,6480,1143.03,88.92,195.45,48
51840,6480,2318.47,87.98,81.34,48
51840,6480,-882.65,28.61,70.17,48
51840,6480,283.80,27.55,12.61,48
51840,6480,100.28,90.73,348.59,48
52224,6528,1345.08,87.63,170.48,48
52224,6528,2781.83,87.48,26.41,48
52224,6528,2542.67,88.19,71.64,48
52224,6528,309.58,34.20,7.38,48
52224,6528,-1037.91,26.01,65.75,48
52224,6528,3634.26,90.42,10.05,48
52224,6528,1332.25,89.65,190.35,48
52224,6528,2284.89,88.26,80.39,48
52608,6576,3031.68,89.70,18.83,48
52608,6576,2151.85,87.75,114.61,48
52608,6576,1711.80,90.38,166.93,48
52608,6576,-2002.81,26.59,182.09,48
52608,6576,-1249.33,32.97,110.77,48
52608,6576,2115.71,90.26,114.08,48
52608,6576,-301.10,26.90,26.91,48
52608,6576,875.83,92.06,259.78,48
52992,6624,202.68,30.47,6.34,48
52992,6624,1925.42,87.20,128.31,48
52992,6624,-2414.37,27.85,240.38,48
52992,6624,-128.73,35.22,40.63,48
52992,6624,225.36,27.31,1.69,48
52992,6624,1772.79,87.33,119.85,48
52992,6624,-702.92,27.27,24.78,48
52992,6624,3252.40,91.33,23.74,48
53376,6672,16.53,27.46,18.61,48
53376,6672,-2642.47,27.47,254.48,48
53376,6672,-1719.38,31.83,163.26,48
53376,6672,-1770.42,29.70,140.11,48
53376,6672,3904.44,92.61,4.26,48
53376,6672,1776.08,88.53,136.58,48
53376,6672,3367.38,87.16,4.83,48
53376,6672,3130.50,90.54,29.99,48
53760,6720,-1518.79,88.09,507.28,48
53760,6720,1391.78,89.28,169.45,48
53760,6720,3312.59,90.08,18.24,48
53760,6720,-1618.27,28.54,142.89,48
53760,6720,2589.76,89.68,85.64,48
53760,6720,3908.65,90.40,0.00,48
53760,6720,1772.94,89.40,128.54,48
53760,6720,3882.25,89.85,0.28,48
54144,6768,95.46,90.97,346.39,48
54144,6768,562.52,90.84,301.12,48
54144,6768,2832.00,87.56,55.21,48
54144,6768,-3208.02,30.46,342.23,48
54144,6768,2588.53,91.17,59.61,48
54144,6768,2163.92,88.92,85.83,48
54144,6768,-1787.17,28.89,148.21,48
54144,6768,3365.32,87.05,8.62,48
54528,6816,3472.12,90.78,15.93,48
54528,6816,-436.40,25.67,37.42,48
54528,6816,2687.48,91.65,94.81,48
54528,6816,-233.02,27.51,20.82,48
54528,6816,-814.30,28.30,39.82,48
54528,6816,-1708.53,24.66,156.73,48
54528,6816,-1479.55,32.31,150.06,48
54528,6816,-2509.39,30.92,255.41,48
54912,6864,3149.02,87.85,31.22,48
54912,6864,-2006.22,30.06,203.13,48
54912,6864,331.14,29.43,5.63,48
54912,6864,-2374.84,89.15,623.60,48
54912,6864,202.20,26.25,0.17,48
54912,6864,1352.39,90.91,201.27,48
54912,6864,13.67,29.87,15.45,48
54912,6864,2857.03,90.52,63.80,48
55296,6912,2969.40,89.30,26.67,48
55296,6912,155.60,90.32,341.21,48
55296,6912,3398.93,90.21,22.50,48
55296,6912,-2485.12,30.43,244.61,48
55296,6912,-980.36,29.30,68.99,48
55296,6912,1467.23,90.96,190.37,48
55296,6912,2862.60,88.70,53.93,48
55296,6912,2430.99,90.10,68.19,48
55680,6960,218.58,27.10,16.42,48
55680,6960,2085.18,89.23,92.23,48
55680,6960,1925.43,90.79,153.96,48
55680,6960,2135.54,88.57,85.16,48
55680,6960,-17.65,87.56,333.23,48
55680,6960,2860.06,91.80,55.96,48
55680,6960,324.15,89.32,301.54,48
55680,6960,-487.01,30.12,57.66,48
56064,7008,2454.30,88.44,84.35,48
56064,7008,914.67,87.95,230.42,48
56064,7008,1831.81,87.83,121.44,48
56064,7008,3445.50,89.38,22.17,48
56064,7008,2869.92,90.93,51.44,48
56064,7008,2777.35,88.29,48.52,48
56064,7008,3648.45,89.66,4.87,48
56064,7008,2828.75,88.85,38.52,48
56448,7056,2212.24,91.89,118.56,48
56448,7056,4.49,25.62,4.38,48
56448,7056,2405.87,89.32,57.25,48
56448,7056,-1.04,90.48,353.23,48
56448,7056,3822.41,89.65,1.52,48
56448,7056,-2802.59,91.29,702.55,48
56448,7056,1792.04,89.20,136.51,48
56448,7056,400.02,31.76,0.76,48
56832,7104,-27.42,87.00,317.48,48
56832,7104,2328.94,89.62,94.59,48
56832,7104,145.92,90.27,341.83,48
56832,7104,483.87,90.09,299.50,48
56832,7104,1059.53,89.18,207.28,48
56832,7104,3731.84,91.04,5.87,48
56832,7104,614.04,89.01,270.99,48
56832,7104,-2889.94,29.94,305.44,48
57216,7152,1838.28,90.12,130.94,48
57216,7152,-812.21,28.70,74.40,48
57216,7152,1002.19,89.66,232.07,48
57216,7152,2961.44,90.82,43.82,48
57216,7152,962.77,93.00,273.34,48
57216,7152,3318.36,88.23,11.59,48
57216,7152,1554.93,89.75,171.70,48
57216,7152,3008.83,87.61,15.75,48
57600,7200,-906.37,28.45,64.69,48
57600,7200,440.71,28.06,4.74,48
57600,7200,-28.29,26.70,1.77,48
57600,7200,2645.83,88.97,50.30,48
57600,7200,1354.98,87.57,179.42,48
57600,7200,1129.66,87.70,202.32,48
57600,7200,-266.29,30.51,24.35,48
57600,7200,-12.03,31.35,15.84,48
57984,7248,-3116.03,89.71,728.16,48
57984,7248,-1093.47,28.85,104.46,48
57984,7248,2416.57,90.86,87.21,48
57984,7248,2138.23,89.73,97.02,48
57984,7248,-8.26,30.03,8.16,48
57984,7248,3165.77,91.75,43.33,48
57984,7248,3964.72,91.47,0.26,48
57984,7248,2777.45,90.86,68.30,48
58368,7296,470.71,88.66,283.43,48
58368,7296,-986.50,27.85,78.46,48
58368,7296,2814.58,90.59,46.42,48
58368,7296,1498.75,86.60,147.11,48
58368,7296,228.28,89.44,312.64,48
58368,7296,3758.14,89.13,0.02,48
58368,7296,483.39,91.60,309.57,48
58368,7296,-147.97,26.62,6.68,48
58752,7344,-1639.68,24.31,136.83,48
58752,7344,2651.58,85.85,67.13,48
58752,7344,-173.90,28.87,36.50,48
58752,7344,2605.38,89.76,62.42,48
58752,7344,-619.13,34.64,99.35,48
58752,7344,741.98,88.86,252.97,48
58752,7344,1718.47,87.52,146.77,48
58752,7344,3825.17,89.41,0.23,48
59136,7392,-1769.04,30.23,160.59,48
59136,7392,3659.40,88.51,2.57,48
59136,7392,-309.86,30.53,31.41,48
59136,7392,584.45,86.96,243.29,48
59136,7392,3725.71,88.91,3.80,48
59136,7392,3549.26,90.36,10.16,48
59136,7392,-1240.78,31.48,106.73,48
59136,7392,3717.75,88.18,0.76,48
59520,7440,3354.80,90.59,16.93,48
59520,7440,3915.36,90.61,0.00,48
59520,7440,2741.83,88.12,56.03,48
59520,7440,-73.85,86.18,323.40,48
59520,7440,524.33,90.48,294.21,48
59520,7440,2231.51,88.59,95.62,48
59520,7440,2076.91,89.75,131.70,48
59520,7440,2115.01,88.05,108.46,48
59904,7488,3390.42,90.09,16.59,48
59904,7488,2368.82,88.77,86.17,48
59904,7488,-1603.34,25.29,142.17,48
59904,7488,3603.28,91.65,11.70,48
59904,7488,-578.66,34.73,59.46,48
59904,7488,862.67,89.26,243.22,48
59904,7488,2625.95,90.36,70.95,48
59904,7488,-545.09,88.46,406.85,48
60288,7536,3059.95,91.75,41.00,48
60288,7536,499.39,27.69,1.00,48
60288,7536,2977.81,87.84,21.55,48
60288,7536,1553.44,89.51,167.94,48
60288,7536,-1381.99,30.90,148.10,48
60288,7536,2149.33,89.99,104.99,48
60288,7536,-295.84,86.28,347.31,48
60288,7536,1905.59,91.38,138.97,48
60672,7584,-334.64,90.49,395.36,48
60672,7584,-787.59,28.09,81.78,48
60672,7584,580.66,89.15,296.55,48
60672,7584,3783.97,90.38,5.17,48
60672,7584,337.08,90.01,308.09,48
60672,7584,1963.96,86.70,95.78,48
60672,7584,3187.54,90.19,25.37,48
60672,7584,460.05,90.81,301.91,48
61056,7632,138.23,24.66,2.57,48
61056,7632,3286.06,88.98,20.18,48
61056,7632,3460.34,91.29,24.01,48
61056,7632,808.76,87.24,228.49,48
61056,7632,-2318.33,24.98,211.79,48
61056,7632,-310.87,28.33,55.20,48
61056,7632,-201.21,28.78,21.17,48
61056,7632,3020.57,88.76,37.27,48
61440,7680,-1462.94,23.74,107.37,48
61440,7680,2916.00,89.44,60.58,48
61440,7680,-1049.64,33.23,104.64,48
61440,7680,2311.35,88.07,78.50,48
61440,7680,557.48,85.92,271.65,48
61440,7680,-1964.75,24.67,169.94,48
61440,7680,-339.08,29.73,29.64,48
61440,7680,3204.27,86.68,9.12,48
61824,7728,1499.35,89.79,173.69,48
61824,7728,1519.46,93.89,214.66,48
61824,7728,1.51,26.77,18.05,48
61824,7728,2131.55,88.48,97.37,48
61824,7728,673.07,87.24,236.28,48
61824,7728,957.78,91.08,256.46,48
61824,7728,1601.02,87.32,138.17,48
61824,7728,2028.53,91.77,128.27,48
62208,7776,2216.19,89.85,84.99,48
62208,7776,-961.95,28.39,74.25,48
62208,7776,-3090.92,32.05,313.68,48
62208,7776,-185.91,32.67,27.93,48
62208,7776,295.03,33.08,5.21,48
62208,7776,2844.54,90.65,36.70,48
62208,7776,2926.09,88.84,44.41,48
62208,7776,351.43,27.96,1.39,48
62592,7824,3406.96,89.16,12.73,48
62592,7824,3485.15,88.28,4.80,48
62592,7824,1356.45,89.77,204.12,48
62592,7824,3262.01,90.66,33.86,48
62592,7824,-1597.41,27.28,145.71,48
62592,7824,3452.89,86.26,7.29,48
62592,7824,2938.68,88.52,32.73,48
62592,7824,2834.61,91.38,66.04,48
62976,7872,1326.22,88.18,179.59,48
62976,7872,2627.90,87.92,57.08,48
62976,7872,207.99,89.99,326.88,48
62976,7872,2031.41,90.15,108.87,48
62976,7872,1929.31,90.60,129.24,48
62976,7872,-4853.48,28.20,512.00,48
62976,7872,3939.63,91.63,2.06,48
62976,7872,469.54,88.85,289.55,48
63360,7920,218.04,89.14,316.73,48
63360,7920,3523.87,90.63,12.09,48
63360,7920,1965.42,88.75,110.05,48
63360,7920,360.69,26.01,0.00,48
63360,7920,-2048.34,30.28,204.57,48
63360,7920,-2801.07,26.66,284.74,48
63360,7920,3046.01,91.35,56.55,48
63360,7920,2059.05,90.54,116.09,48
63744,7968,1632.45,90.12,175.79,48
63744,7968,566.58,90.88,287.31,48
63744,7968,3214.56,88.66,20.41,48
63744,7968,2324.98,91.64,103.53,48
63744,7968,3398.71,91.21,23.02,48
63744,7968,-1128.82,29.81,111.26,48
63744,7968,2144.37,87.98,89.09,48
63744,7968,3452.91,88.52,10.66,48
64128,8016,-4024.93,25.75,419.87,48
64128,8016,1716.27,90.32,166.81,48
64128,8016,-422.64,29.04,56.29,48
64128,8016,-2314.92,32.30,229.53,48
64128,8016,3116.98,89.84,24.94,48
64128,8016,2914.56,86.50,23.91,48
64128,8016,3002.44,89.11,32.98,48
64128,8016,2726.13,90.53,81.58,48
64512,8064,509.62,87.39,267.51,48
64512,8064,1702.95,88.87,155.26,48
64512,8064,3389.49,87.91,5.92,48
64512,8064,-4334.40,25.12,448.47,48
64512,8064,583.47,32.36,1.47,48
64512,8064,3462.56,91.42,19.52,48
64512,8064,1661.54,89.11,158.63,48
64512,8064,-2387.89,31.54,264.36,48
64896,8112,2884.26,89.89,50.30,48
64896,8112,-711.13,31.92,56.77,48
64896,8112,-2853.47,28.52,284.85,48
64896,8112,264.39,29.84,3.08,48
64896,8112,3116.91,87.85,22.50,48
64896,8112,2229.04,86.68,67.34,48
64896,8112,-22.80,28.42,9.56,48
64896,8112,1.03,26.93,12.16,48
65280,8160,2261.01,90.73,95.96,48
65280,8160,1951.94,90.10,127.72,48
65280,8160,423.45,87.97,275.06,48
65280,8160,228.43,88.15,299.40,48
65280,8160,2770.16,88.49,39.30,48
65280,8160,2434.42,90.78,97.30,48
65280,8160,1484.41,87.35,169.61,48
65280,8160,2641.58,88.86,71.69,48
65664,8208,2226.78,91.80,123.13,48
65664,8208,-982.38,32.04,99.62,48
65664,8208,-400.02,33.51,66.88,48
65664,8208,2686.25,86.96,48.11,48
65664,8208,2089.19,86.40,96.73,48
65664,8208,1983.27,87.34,99.08,48
65664,8208,3060.22,91.69,52.44,48
65664,8208,671.41,86.92,248.61,48
66048,8256,613.16,90.92,300.45,48
66048,8256,-1332.72,30.34,103.57,48
66048,8256,1276.36,89.28,205.71,48
66048,8256,2176.85,85.96,79.45,48
66048,8256,2612.40,90.02,53.85,48
66048,8256,3692.26,88.19,2.39,48
66048,8256,1794.60,88.69,133.13,48
66048,8256,2729.47,88.66,52.46,48
66432,8304,3334.88,87.97,11.01,48
66432,8304,346.64,29.84,13.42,48
66432,8304,3535.94,87.29,2.83,48
66432,8304,637.20,89.56,264.40,48
66432,8304,-688.62,29.62,68.14,48
66432,8304,-799.56,30.39,66.14,48
66432,8304,2763.61,90.09,72.09,48
66432,8304,1657.84,88.55,148.22,48
66816,8352,3289.11,90.91,19.41,48
66816,8352,1637.30,92.01,184.44,48
66816,8352,-317.88,25.08,16.81,48
66816,8352,1581.69,89.24,148.69,48
66816,8352,144.08,22.63,0.39,48
66816,8352,-3330.56,29.25,332.77,48
66816,8352,30.37,25.77,8.64,48
66816,8352,156.48,28.79,12.36,48
67200,8400,-1537.07,29.00,149.11,48
67200,8400,3820.08,91.99,7.60,48
67200,8400,2159.13,87.57,91.55,48
67200,8400,-1543.25,89.71,531.11,48
67200,8400,-1878.18,91.00,578.82,48
67200,8400,1159.40,89.79,207.67,48
67200,8400,584.72,91.52,293.27,48
67200,8400,1895.66,87.69,120.38,48
67584,8448,682.16,90.17,271.75,48
67584,8448,2648.19,91.42,68.35,48
67584,8448,1859.18,90.56,131.97,48
67584,8448,-1691.38,31.48,157.31,48
67584,8448,1184.25,89.87,208.34,48
67584,8448,-1577.35,30.46,162.36,48
67584,8448,3629.31,88.07,0.82,48
67584,8448,3855.14,90.39,0.31,48
67968,8496,3778.23,89.14,0.02,48
67968,8496,2721.83,91.62,73.64,48
67968,8496,2474.76,86.13,66.66,48
67968,8496,819.77,91.57,280.77,48
67968,8496,2553.07,89.84,67.75,48
67968,8496,1671.17,91.41,158.24,48
67968,8496,1865.58,90.09,139.74,48
67968,8496,3022.40,90.06,50.35,48
68352,8544,-940.04,25.88,92.27,48
68352,8544,3741.11,88.77,0.10,48
68352,8544,-426.94,28.20,45.47,48
68352,8544,2930.63,90.25,36.34,48
68352,8544,-1124.41,30.21,93.84,48
68352,8544,-1848.92,28.97,187.31,48
68352,8544,1201.82,86.84,188.42,48
68352,8544,2310.40,87.17,78.16,48
68736,8592,3431.35,88.31,5.30,48
68736,8592,2378.27,87.92,61.61,48
68736,8592,19.23,29.85,15.11,48
68736,8592,-2520.13,30.10,267.88,48
68736,8592,2438.11,90.65,72.87,48
68736,8592,2626.35,89.82,71.42,48
68736,8592,99.30,27.10,15.52,48
68736,8592,1616.05,88.86,151.63,48
69120,8640,301.26,28.21,2.34,48
69120,8640,3549.02,88.66,7.10,48
69120,8640,3668.87,91.54,5.08,48
69120,8640,-2385.46,29.97,240.84,48
69120,8640,473.94,28.01,1.19,48
69120,8640,3755.47,89.45,1.70,48
69120,8640,-2519.40,88.63,642.22,48
69120,8640,567.39,88.65,264.87,48
69504,8688,2078.80,89.65,112.74,48
69504,8688,1673.12,87.53,135.20,48
69504,8688,837.20,88.13,237.35,48
69504,8688,3687.73,89.87,0.98,48
69504,8688,3115.83,91.80,45.59,48
69504,8688,762.40,91.64,277.51,48
69504,8688,2744.30,89.22,60.08,48
69504,8688,3819.99,90.93,2.40,48
69888,8736,3645.72,88.87,1.15,48
69888,8736,-1064.63,30.41,98.73,48
69888,8736,3969.86,91.09,0.31,48
69888,8736,502.15,31.67,2.17,48
69888,8736,622.85,29.69,0.79,48
69888,8736,3313.35,89.34,27.14,48
69888,8736,2209.81,88.85,82.09,48
69888,8736,3498.10,89.04,15.63,48
70272,8784,3685.49,90.16,14.96,48
70272,8784,2089.58,90.24,121.85,48
70272,8784,2771.88,88.14,68.03,48
70272,8784,349.58,26.03,2.28,48
70272,8784,3619.71,89.91,12.30,48
70272,8784,2582.64,87.29,67.99,48
70272,8784,3053.54,88.06,20.37,48
70272,8784,3107.90,89.62,20.32,48
70656,8832,3131.08,90.16,38.14,48
70656,8832,-2716.98,28.51,293.05,48
70656,8832,2629.57,91.60,73.87,48
70656,8832,2584.09,87.50,64.26,48
70656,8832,2078.41,88.27,94.04,48
70656,8832,-2990.44,37.01,341.94,48
70656,8832,2707.86,90.39,45.75,48
70656,8832,-2642.64,27.04,266.29,48
71040,8880,3302.72,87.56,21.81,48
71040,8880,2216.33,91.28,108.82,48
71040,8880,-3555.07,29.45,368.96,48
71040,8880,1259.06,83.52,152.24,48
71040,8880,-3325.74,31.00,369.17,48
71040,8880,3302.32,86.91,20.27,48
71040,8880,-1610.42,90.85,564.55,48
71040,8880,2684.84,89.93,44.42,48
71424,8928,-259.91,32.29,34.96,48
71424,8928,2086.71,88.09,94.33,48
71424,8928,-818.05,30.01,102.42,48
71424,8928,3758.31,87.96,1.33,48
71424,8928,2517.00,90.60,70.68,48
71424,8928,3838.61,90.14,0.43,48
71424,8928,3738.39,89.13,0.47,48
71424,8928,-287.14,31.67,30.84,48
71808,8976,1515.99,88.40,172.02,48
71808,8976,1593.14,86.93,145.37,48
71808,8976,-1367.83,29.92,144.59,48
71808,8976,347.98,89.09,307.50,48
71808,8976,2006.64,91.05,129.94,48
71808,8976,2116.97,92.41,133.58,48
71808,8976,-1461.47,33.27,161.57,48
71808,8976,-1001.21,31.58,97.19,48
72192,9024,2507.91,88.06,85.20,48
72192,9024,-1222.71,29.22,99.16,48
72192,9024,158.19,28.29,29.54,48
72192,9024,3438.99,88.65,25.28,48
72192,9024,2572.55,90.09,77.18,48
72192,9024,2387.68,89.97,114.17,48
72192,9024,3200.03,87.32,26.56,48
72192,9024,460.08,86.71,272.84,48
72576,9072,-597.39,30.16,62.37,48
72576,9072,1819.40,90.68,158.00,48
72576,9072,-578.33,28.61,73.94,48
72576,9072,3410.88,90.38,26.59,48
72576,9072,2432.66,86.76,70.64,48
72576,9072,-762.69,26.57,67.10,48
72576,9072,3216.83,90.50,17.72,48
72576,9072,3702.90,91.93,23.24,48
72960,9120,-402.12,29.81,33.42,48
72960,9120,500.52,88.51,296.49,48
72960,9120,1511.43,90.86,192.37,48
72960,9120,3652.39,89.41,3.43,48
72960,9120,-5025.47,30.88,571.91,48
72960,9120,3180.93,88.40,25.33,48
72960,9120,3213.55,91.15,31.46,48
72960,9120,-4662.97,29.34,517.29,48
73344,9168,1345.04,90.88,198.30,48
73344,9168,166.75,33.21,12.71,48
73344,9168,-696.32,30.99,89.83,48
73344,9168,-724.74,30.29,63.36,48
73344,9168,600.00,32.98,0.28,48
73344,9168,-941.04,22.70,69.82,48
73344,9168,-2811.22,32.00,310.79,48
73344,9168,-1931.06,28.78,188.89,48
73728,9216,1422.77,92.29,213.84,48
73728,9216,1994.39,90.01,132.76,48
73728,9216,-5.85,26.86,23.27,48
73728,9216,-2705.74,30.64,281.68,48
73728,9216,3556.32,92.26,9.73,48
73728,9216,2417.74,88.26,69.08,48
73728,9216,675.36,87.04,243.00,48
73728,9216,1377.76,90.82,195.72,48
74112,9264,3740.63,92.79,6.89,48
74112,9264,2255.71,87.51,84.41,48
74112,9264,2817.81,89.08,64.16,48
74112,9264,-1294.47,29.95,140.98,48
74112,9264,3705.65,89.39,1.49,48
74112,9264,-2177.13,26.32,202.48,48
74112,9264,3927.10,90.52,1.28,48
74112,9264,-3359.12,33.98,363.60,48
74496,9312,-94.48,32.71,53.77,48
74496,9312,523.81,92.23,316.45,48
74496,9312,-508.39,32.94,62.90,48
74496,9312,1918.43,88.93,117.67,48
74496,9312,-895.01,28.66,92.55,48
74496,9312,3564.46,87.42,1.15,48
74496,9312,2558.89,88.17,52.10,48
74496,9312,2744.00,91.51,52.67,48
74880,9360,594.21,91.98,302.14,48
74880,9360,2223.05,88.14,73.87,48
74880,9360,-1187.17,27.59,85.01,48
74880,9360,2884.17,91.84,80.19,48
74880,9360,-2784.68,91.23,715.73,48
74880,9360,-564.26,28.54,75.03,48
74880,9360,3602.79,91.28,40.23,48
74880,9360,1952.53,89.97,127.84,48
75264,9408,2190.64,89.93,92.42,48
75264,9408,1058.16,89.02,219.14,48
75264,9408,-1932.89,31.32,179.53,48
75264,9408,-62.95,31.77,8.45,48
75264,9408,-289.41,25.44,43.00,48
75264,9408,3132.00,89.40,19.35,48
75264,9408,1258.93,91.89,225.16,48
75264,9408,1228.64,91.91,224.79,48
75648,9456,-1377.78,29.12,118.94,48
75648,9456,3511.73,89.06,12.45,48
75648,9456,1569.66,91.84,184.98,48
75648,9456,3522.07,90.71,21.01,48
75648,9456,-986.68,30.09,85.23,48
75648,9456,-2380.57,30.70,240.05,48
75648,9456,3139.80,87.70,22.27,48
75648,9456,2823.88,92.66,73.87,48
76032,9504,3485.39,88.41,7.44,48
76032,9504,2433.16,89.35,70.95,48
76032,9504,2678.68,87.38,46.39,48
76032,9504,-1264.26,29.17,88.64,48
76032,9504,3187.63,91.70,25.35,48
76032,9504,-795.51,29.71,66.24,48
76032,9504,420.09,90.23,300.61,48
76032,9504,3730.67,90.22,3.40,48
76416,9552,-1253.06,26.93,113.17,48
76416,9552,2350.65,88.68,79.09,48
76416,9552,535.61,90.45,297.66,48
76416,9552,2823.98,90.68,53.45,48
76416,9552,2648.06,90.48,70.30,48
76416,9552,-1138.84,28.53,107.44,48
76416,9552,-959.64,88.05,448.24,48
76416,9552,-2243.69,87.03,592.08,48
76800,9600,-3104.43,30.07,322.67,48
76800,9600,-2440.49,29.90,257.29,48
76800,9600,750.91,87.11,241.32,48
76800,9600,3179.58,92.37,62.58,48
76800,9600,1824.04,89.67,135.87,48
76800,9600,2195.71,88.28,114.34,48
76800,9600,3701.94,88.58,1.39,48
76800,9600,2622.03,90.17,64.91,48
77184,9648,2756.53,89.62,55.05,48
77184,9648,3427.37,88.42,8.18,48
77184,9648,-1203.48,27.57,111.11,48
77184,9648,3768.71,90.98,4.42,48
77184,9648,2807.42,87.20,29.50,48
77184,9648,417.55,30.09,6.35,48
77184,9648,1.80,30.99,20.31,48
77184,9648,1526.91,89.26,164.83,48
77568,9696,-98.62,29.85,24.32,48
77568,9696,3402.63,86.60,5.96,48
77568,9696,2597.48,91.22,91.13,48
77568,9696,1425.20,89.29,185.27,48
77568,9696,2342.02,88.64,98.53,48
77568,9696,-1187.74,33.52,116.84,48
77568,9696,3482.11,91.70,14.53,48
77568,9696,1985.43,86.61,122.04,48
77952,9744,-76.65,27.51,20.46,48
77952,9744,2242.57,88.42,80.17,48
77952,9744,-1823.72,30.04,184.79,48
77952,9744,1365.03,88.05,183.02,48
77952,9744,2003.44,89.90,120.31,48
77952,9744,-666.23,29.14,67.06,48
77952,9744,-679.57,29.96,88.99,48
77952,9744,3712.35,88.28,0.00,48
78336,9792,2755.78,88.97,68.69,48
78336,9792,-4575.17,27.57,482.32,48
78336,9792,3210.83,85.65,31.81,48
78336,9792,-2630.36,29.08,274.38,48
78336,9792,-179.62,27.05,17.87,48
78336,9792,286.74,89.89,319.66,48
78336,9792,-3069.92,31.55,335.61,48
78336,9792,3314.24,90.68,23.50,48
78720,9840,-2032.00,31.77,190.42,48
78720,9840,-979.58,27.03,76.14,48
78720,9840,510.70,88.47,276.56,48
78720,9840,3895.92,91.54,4.73,48
78720,9840,901.86,89.19,241.43,48
78720,9840,-2907.94,90.63,707.08,48
78720,9840,767.40,89.02,245.57,48
78720,9840,2775.46,90.44,55.12,48
79104,9888,146.86,91.01,352.75,48
79104,9888,-274.94,26.65,46.22,48
79104,9888,2419.52,87.10,51.12,48
79104,9888,3547.68,89.81,0.92,48
79104,9888,-1046.54,30.31,79.50,48
79104,9888,2191.46,91.80,116.08,48
79104,9888,1075.77,88.90,214.95,48
79104,9888,3737.49,90.04,0.95,48
79488,9936,1660.57,88.76,153.64,48
79488,9936,-1340.61,30.93,146.78,48
79488,9936,-449.74,27.84,35.75,48
79488,9936,1423.17,89.86,189.96,48
79488,9936,3033.86,90.85,61.68,48
79488,9936,3586.65,87.57,0.72,48
79488,9936,-2335.59,90.58,635.60,48
79488,9936,3837.46,93.44,13.53,48
79872,9984,3070.44,90.14,39.70,48
79872,9984,3519.89,90.32,12.76,48
79872,9984,2364.66,87.32,71.94,48
79872,9984,2159.33,90.38,101.71,48
79872,9984,28.31,89.39,344.04,48
79872,9984,3062.56,88.98,40.74,48
79872,9984,2817.12,86.74,36.90,48
79872,9984,2876.09,89.93,49.78,48
80256,10032,2683.17,90.12,65.05,48
80256,10032,2346.33,92.06,107.80,48
80256,10032,3716.68,90.37,4.31,48
80256,10032,3414.07,88.98,23.59,48
80256,10032,1525.03,90.39,176.66,48
80256,10032,587.19,88.23,262.72,48
80256,10032,2187.72,89.75,117.98,48
80256,10032,325.28,23.64,0.00,48
80640,10080,-453.99,30.35,66.69,48
80640,10080,2224.83,92.10,128.94,48
80640,10080,-1376.40,28.27,140.31,48
80640,10080,2715.22,91.80,82.87,48
80640,10080,226.41,29.57,17.75,48
80640,10080,2769.65,89.58,40.25,48
80640,10080,2848.66,89.01,71.75,48
80640,10080,2697.47,86.86,24.75,48
81024,10128,1809.75,89.12,132.21,48
81024,10128,3899.30,90.97,0.28,48
81024,10128,2733.05,90.91,57.36,48
81024,10128,2307.47,90.37,89.44,48
81024,10128,137.78,29.30,4.20,48
81024,10128,-2296.09,27.16,229.83,48
81024,10128,2889.77,90.38,31.41,48
81024,10128,587.27,89.51,276.89,48
81408,10176,-1028.35,27.96,87.98,48
81408,10176,-667.62,30.78,77.52,48
81408,10176,2822.72,87.64,46.00,48
81408,10176,-399.60,29.07,30.55,48
81408,10176,2516.12,88.02,54.14,48
81408,10176,485.02,31.16,1.39,48
81408,10176,2797.25,93.62,99.04,48
81408,10176,1982.61,87.70,99.85,48
81792,10224,-755.41,31.68,77.03,48
81792,10224,2168.45,91.32,117.26,48
81792,10224,3208.96,91.18,23.43,48
81792,10224,-2910.63,28.64,290.62,48
81792,10224,3183.20,86.80,10.03,48
81792,10224,474.45,90.72,306.49,48
81792,10224,343.61,26.71,7.43,48
81792,10224,2602.19,88.12,54.98,48
82176,10272,3677.30,87.78,0.26,48
82176,10272,-156.69,27.17,30.62,48
82176,10272,-2008.76,24.12,175.29,48
82176,10272,746.47,87.15,229.37,48
82176,10272,3582.02,90.35,12.45,48
82176,10272,-1356.96,29.07,142.76,48
82176,10272,2813.70,87.72,31.89,48
82176,10272,1799.02,88.60,126.28,48
82560,10320,-1595.70,29.66,157.88,48
82560,10320,-2923.79,29.34,303.30,48
82560,10320,544.48,28.87,0.78,48
82560,10320,2110.21,91.23,128.48,48
82560,10320,274.39,86.99,288.50,48
82560,10320,2721.45,87.37,57.88,48
82560,10320,-6000.46,27.03,643.11,48
82560,10320,-477.64,27.88,40.66,48
82944,10368,3109.88,89.03,29.03,48
82944,10368,632.06,90.20,282.56,48
82944,10368,3330.68,88.33,25.83,48
82944,10368,95.50,26.36,17.48,48
82944,10368,2764.92,88.17,66.12,48
82944,10368,-1150.59,27.57,86.66,48
82944,10368,3254.47,89.30,32.98,48
82944,10368,690.57,87.12,258.52,48
83328,10416,2957.33,87.80,46.28,48
83328,10416,-435.70,32.30,44.95,48
83328,10416,2204.97,90.27,100.87,48
83328,10416,369.31,90.21,307.73,48
83328,10416,2546.99,88.56,49.59,48
83328,10416,-216.54,26.08,16.84,48
83328,10416,1607.19,91.90,184.28,48
83328,10416,-2156.44,88.03,608.80,48
83712,10464,271.03,26.43,14.55,48
83712,10464,-1426.18,30.75,109.86,48
83712,10464,2940.32,87.22,28.34,48
83712,10464,13.57,30.01,15.60,48
83712,10464,-2463.39,28.24,232.93,48
83712,10464,410.85,31.42,4.47,48
83712,10464,3901.35,90.62,0.72,48
83712,10464,-1092.68,29.00,87.20,48
84096,10512,-1108.66,25.42,84.85,48
84096,10512,267.15,32.60,13.84,48
84096,10512,-5981.19,25.91,652.11,48
84096,10512,-1939.63,31.88,196.23,48
84096,10512,1191.74,89.75,222.78,48
84096,10512,2943.98,87.25,16.19,48
84096,10512,3713.06,91.76,11.61,48
84096,10512,3297.08,85.67,4.58,48
84480,10560,1058.01,88.87,220.26,48
84480,10560,2003.35,89.09,118.78,48
84480,10560,487.10,88.63,282.62,48
84480,10560,3665.31,87.37,0.47,48
84480,10560,1906.94,89.29,139.24,48
84480,10560,2388.93,88.70,72.63,48
84480,10560,-1479.91,28.10,146.00,48
84480,10560,3497.92,91.00,23.92,48
84864,10608,1297.23,89.09,189.34,48
84864,10608,3288.36,88.73,13.97,48
84864,10608,356.39,29.34,3.50,48
84864,10608,-734.37,27.85,55.16,48
84864,10608,860.80,90.31,252.65,48
84864,10608,865.02,88.47,239.06,48
84864,10608,1860.31,86.81,105.76,48
84864,10608,1821.86,91.97,155.20,48
85248,10656,-605.12,27.85,58.38,48
85248,10656,-2244.26,29.65,226.49,48
85248,10656,3030.35,91.15,39.79,48
85248,10656,-1056.66,29.11,90.17,48
85248,10656,3497.85,90.62,4.67,48
85248,10656,3120.69,88.77,40.89,48
85248,10656,3197.03,89.20,34.83,48
85248,10656,295.80,26.82,8.92,48
85632,10704,-1136.44,28.12,90.71,48
85632,10704,290.76,29.65,4.01,48
85632,10704,1352.98,89.35,195.28,48
85632,10704,-531.13,28.96,55.67,48
85632,10704,1292.69,88.91,184.03,48
85632,10704,-931.47,25.66,79.36,48
85632,10704,-2617.45,90.90,689.27,48
85632,10704,1404.25,87.98,165.35,48
86016,10752,-957.20,30.16,86.10,48
86016,10752,-1249.40,89.91,511.82,48
86016,10752,-280.65,30.73,37.42,48
86016,10752,3234.21,89.69,35.35,48
86016,10752,3179.64,90.70,49.40,48
86016,10752,2886.26,90.45,47.38,48
86016,10752,3427.24,90.39,9.77,48
86016,10752,919.18,89.51,235.48,48
86400,10800,2740.02,90.55,68.30,48
86400,10800,3248.08,88.48,12.79,48
86400,10800,2950.62,90.20,39.50,48
86400,10800,3806.63,91.25,1.31,48
86400,10800,869.14,90.95,259.14,48
86400,10800,2298.18,90.30,89.12,48
86400,10800,2264.82,87.88,89.21,48
86400,10800,3770.47,91.51,12.38,48
86784,10848,-3419.91,31.03,359.35,48
86784,10848,625.78,89.65,269.76,48
86784,10848,-1856.59,27.47,185.16,48
86784,10848,-1177.32,26.52,91.38,48
86784,10848,3589.57,88.75,3.27,48
86784,10848,3666.38,88.58,0.79,48
86784,10848,3080.06,90.03,21.48,48
86784,10848,-777.88,31.02,65.07,48
87168,10896,-83.93,30.38,28.87,48
87168,10896,-61.98,30.95,12.66,48
87168,10896,3086.22,89.33,44.94,48
87168,10896,3070.23,88.63,34.99,48
87168,10896,-6341.84,30.64,740.35,48
87168,10896,1552.80,88.24,154.36,48
87168,10896,837.07,89.87,270.27,48
87168,10896,3434.62,89.72,10.64,48
87552,10944,3061.50,93.22,67.01,48
87552,10944,-729.68,26.20,59.22,48
87552,10944,3310.49,85.89,1.44,48
87552,10944,-1847.51,29.35,161.26,48
87552,10944,2888.42,89.01,32.86,48
87552,10944,-282.08,30.56,31.42,48
87552,10944,-310.97,28.57,34.76,48
87552,10944,2153.22,87.28,72.16,48
87936,10992,1108.71,86.94,198.29,48
87936,10992,-525.12,27.50,55.37,48
87936,10992,-2117.69,33.43,219.94,48
87936,10992,4013.08,93.06,5.51,48
87936,10992,-843.55,33.08,88.11,48
87936,10992,3568.61,90.83,14.05,48
87936,10992,2357.19,92.00,104.95,48
87936,10992,2724.81,86.61,60.34,48
88320,11040,1895.76,91.29,145.64,48
88320,11040,939.52,90.30,240.58,48
88320,11040,-1472.73,28.31,123.13,48
88320,11040,3005.57,91.29,74.42,48
88320,11040,3891.66,90.66,0.10,48
88320,11040,1402.05,89.52,173.46,48
88320,11040,879.66,85.20,215.22,48
88320,11040,-1179.29,30.49,133.54,48
88704,11088,-54.42,30.39,24.32,48
88704,11088,2439.04,89.00,71.70,48
88704,11088,2805.44,91.74,60.97,48
88704,11088,3734.16,89.93,2.70,48
88704,11088,2269.48,87.67,87.47,48
88704,11088,-1068.25,88.46,474.07,48
88704,11088,3005.54,89.73,35.95,48
88704,11088,2238.80,89.31,106.54,48
89088,11136,1266.18,88.10,180.47,48
89088,11136,1834.63,89.19,140.38,48
89088,11136,-7360.55,33.70,841.61,48
89088,11136,3561.75,90.28,13.33,48
89088,11136,3517.33,89.01,3.01,48
89088,11136,-791.48,23.14,41.33,48
89088,11136,2541.75,91.07,85.14,48
89088,11136,3748.60,88.95,0.57,48
89472,11184,3087.27,90.65,44.37,48
89472,11184,-1933.77,28.55,177.31,48
89472,11184,3893.05,91.29,0.00,48
89472,11184,-2130.50,30.24,202.58,48
89472,11184,-943.36,29.66,80.42,48
89472,11184,-262.76,25.47,53.37,48
89472,11184,-558.20,26.14,42.09,48
89472,11184,3376.49,87.66,9.40,48
89856,11232,3242.38,93.40,35.17,48
89856,11232,-2373.79,28.68,208.75,48
89856,11232,-1345.15,28.89,99.75,48
89856,11232,2691.68,91.64,92.69,48
89856,11232,-1315.37,30.34,129.93,48
89856,11232,2570.94,86.55,56.10,48
89856,11232,2828.52,87.46,30.92,48
89856,11232,2972.29,88.26,39.22,48
90240,11280,1948.44,85.68,99.17,48
90240,11280,-787.96,28.04,61.95,48
90240,11280,4.92,28.20,18.89,48
90240,11280,1417.76,90.55,187.73,48
90240,11280,-6517.46,29.47,724.06,48
90240,11280,504.81,91.98,309.57,48
90240,11280,2468.63,89.54,67.41,48
90240,11280,1720.49,88.24,139.88,48
90624,11328,700.05,89.43,263.62,48
90624,11328,-3157.56,31.46,315.96,48
90624,11328,1342.88,88.67,185.30,48
90624,11328,3325.79,92.04,30.31,48
90624,11328,-1486.27,29.21,139.53,48
90624,11328,3738.03,89.11,0.19,48
90624,11328,2525.12,88.07,73.64,48
90624,11328,3522.92,89.83,25.27,48
91008,11376,-403.77,27.79,57.19,48
91008,11376,-2104.89,30.85,230.50,48
91008,11376,684.00,88.14,259.49,48
91008,11376,2861.34,90.67,53.61,48
91008,11376,2222.08,88.53,85.43,48
91008,11376,-19.01,27.35,22.64,48
91008,11376,3716.33,87.90,0.19,48
91008,11376,804.73,90.48,273.20,48
91392,11424,2530.35,87.37,38.67,48
91392,11424,2225.57,87.77,72.57,48
91392,11424,3501.22,90.56,8.53,48
91392,11424,-949.06,27.51,82.44,48
91392,11424,-1211.16,88.12,474.65,48
91392,11424,2989.74,88.85,49.78,48
91392,11424,1194.92,88.91,211.88,48
91392,11424,-732.27,26.35,106.83,48
91776,11472,186.83,30.56,12.26,48
91776,11472,3044.22,92.30,38.17,48
91776,11472,1268.50,89.19,196.97,48
91776,11472,2471.07,87.94,61.91,48
91776,11472,-325.19,27.51,34.22,48
91776,11472,1868.18,90.77,135.38,48
91776,11472,-558.70,25.64,64.75,48
91776,11472,198.62,28.64,15.10,48
92160,11520,3169.22,91.00,46.08,48
92160,11520,687.25,90.51,268.99,48
92160,11520,247.97,87.81,299.17,48
92160,11520,1172.99,91.10,221.17,48
92160,11520,2139.71,90.01,115.83,48
92160,11520,544.84,91.12,305.56,48
92160,11520,1875.76,90.59,147.26,48
92160,11520,-328.56,29.95,15.96,48
92544,11568,3601.21,90.27,13.89,48
92544,11568,3297.86,88.94,29.09,48
92544,11568,3494.28,91.56,13.44,48
92544,11568,2246.76,91.24,108.73,48
92544,11568,-2939.64,28.85,307.06,48
92544,11568,477.03,32.53,2.18,48
92544,11568,2062.54,91.26,142.44,48
92544,11568,1245.67,89.10,194.54,48
92928,11616,425.51,29.63,8.58,48
92928,11616,-777.52,91.72,464.30,48
92928,11616,693.91,90.52,271.28,48
92928,11616,2893.34,92.62,72.31,48
92928,11616,-2025.35,26.85,197.35,48
92928,11616,-774.22,30.20,71.28,48
92928,11616,1061.24,89.25,211.24,48
92928,11616,212.17,30.24,20.27,48
93312,11664,400.99,23.61,2.55,48
93312,11664,1928.20,88.36,130.90,48
93312,11664,-1852.25,28.12,184.15,48
93312,11664,180.44,89.85,334.96,48
93312,11664,2650.26,89.46,54.36,48
93312,11664,3452.51,88.70,6.69,48
93312,11664,2177.12,88.25,77.22,48
93312,11664,2094.69,91.97,127.81,48
93696,11712,-741.12,27.39,56.98,48
93696,11712,556.71,89.47,288.51,48
93696,11712,3143.00,89.11,33.94,48
93696,11712,3806.71,91.81,5.35,48
93696,11712,1360.74,89.81,182.49,48
93696,11712,-2177.04,27.13,195.90,48
93696,11712,1126.73,87.32,209.86,48
93696,11712,2925.67,89.54,46.01,48
94080,11760,2017.63,87.25,96.98,48
94080,11760,1144.20,89.72,215.20,48
94080,11760,511.71,28.05,4.77,48
94080,11760,3065.25,91.03,77.98,48
94080,11760,-1517.41,28.23,116.19,48
94080,11760,3030.98,89.40,22.01,48
94080,11760,979.64,90.43,251.04,48
94080,11760,1969.74,91.72,136.08,48
94464,11808,530.88,88.73,284.84,48
94464,11808,3389.20,88.10,23.83,48
94464,11808,1695.79,89.29,151.77,48
94464,11808,3465.04,88.32,15.14,48
94464,11808,-472.79,30.71,44.77,48
94464,11808,2626.95,89.00,54.03,48
94464,11808,35.22,24.66,12.30,48
94464,11808,72.89,89.60,331.45,48
94848,11856,1941.07,87.95,112.61,48
94848,11856,2269.67,89.99,88.14,48
94848,11856,602.72,86.92,242.34,48
94848,11856,3572.71,91.00,19.56,48
94848,11856,-769.21,29.65,89.69,48
94848,11856,-649.45,27.79,51.00,48
94848,11856,-1682.69,32.02,172.70,48
94848,11856,-1785.59,30.29,177.02,48
95232,11904,2587.49,91.80,86.09,48
95232,11904,-1069.62,31.15,101.72,48
95232,11904,3557.20,87.63,4.49,48
95232,11904,2077.54,88.85,98.39,48
95232,11904,-2361.66,28.38,242.54,48
95232,11904,-544.88,26.72,32.08,48
95232,11904,2162.53,93.17,139.25,48
95232,11904,338.96,87.77,286.60,48
95616,11952,3616.63,89.83,11.21,48
95616,11952,-305.34,27.17,39.45,48
95616,11952,3022.42,90.60,33.12,48
95616,11952,2269.08,87.51,72.32,48
95616,11952,3459.86,90.96,14.69,48
95616,11952,-267.34,30.43,22.70,48
95616,11952,-1175.30,27.49,119.76,48
95616,11952,-783.69,30.05,74.56,48
96000,12000,3195.85,90.98,37.10,48
96000,12000,2516.12,90.36,84.64,48
96000,12000,-357.69,29.96,37.09,48
96000,12000,-1669.12,30.00,157.56,48
96000,12000,-530.90,29.01,37.07,48
96000,12000,468.88,89.98,290.50,48
96000,12000,-277.01,28.30,31.06,48
96000,12000,2634.59,90.57,59.11,48
96384,12048,2242.02,90.81,123.93,48
96384,12048,-2570.01,27.24,252.00,48
96384,12048,1869.73,89.61,141.32,48
96384,12048,477.83,88.41,290.10,48
96384,12048,3251.05,86.50,7.17,48
96384,12048,-511.86,30.66,50.63,48
96384,12048,-2646.88,28.21,283.96,48
96384,12048,2882.68,87.95,43.09,48
96768,12096,-958.31,26.94,85.08,48
96768,12096,1796.05,89.75,126.86,48
96768,12096,2797.46,91.04,46.31,48
96768,12096,930.02,87.22,220.66,48
96768,12096,1564.80,90.26,171.97,48
96768,12096,2869.04,88.48,25.51,48
96768,12096,777.99,87.58,238.61,48
96768,12096,695.61,92.45,296.72,48
97152,12144,2308.50,87.96,92.35,48
97152,12144,1848.14,88.74,148.44,48
97152,12144,1843.48,87.65,128.31,48
97152,12144,1162.40,89.17,196.23,48
97152,12144,-1758.00,29.64,157.17,48
97152,12144,-1043.58,27.16,84.66,48
97152,12144,103.56,27.11,4.10,48
97152,12144,-6837.92,31.45,766.01,48
97536,12192,3413.18,90.70,8.33,48
97536,12192,2299.11,88.20,112.97,48
97536,12192,2237.81,90.26,105.68,48
97536,12192,-1405.73,32.32,147.66,48
97536,12192,2513.95,89.14,63.99,48
97536,12192,3714.04,90.47,6.85,48
97536,12192,563.11,88.71,269.62,48
97536,12192,2248.11,87.58,88.50,48
97920,12240,2569.83,92.31,95.14,48
97920,12240,108.66,27.56,12.82,48
97920,12240,397.37,91.31,309.74,48
97920,12240,3344.25,88.64,8.39,48
97920,12240,-853.42,29.90,67.20,48
97920,12240,-1168.08,90.48,503.68,48
97920,12240,-1122.40,87.64,463.17,48
97920,12240,336.75,32.11,7.44,48
98304,12288,3122.01,88.04,31.58,48
98304,12288,-2780.66,87.99,676.33,48
98304,12288,-834.42,24.58,63.44,48
98304,12288,-1534.81,30.61,141.30,48
98304,12288,1369.12,90.43,205.06,48
98304,12288,1711.27,90.44,153.53,48
98304,12288,2812.45,90.83,63.71,48
98304,12288,2265.89,91.37,104.54,48
98688,12336,-233.26,24.45,14.88,48
98688,12336,3233.86,89.06,12.14,48
98688,12336,862.98,88.71,255.39,48
98688,12336,-122.62,30.27,22.06,48
98688,12336,3536.01,92.02,43.94,48
98688,12336,3154.29,89.41,28.74,48
98688,12336,2942.82,90.35,42.67,48
98688,12336,1959.94,90.93,130.56,48
99072,12384,-3837.60,24.70,418.30,48
99072,12384,-1843.06,32.06,201.58,48
99072,12384,2872.95,89.99,42.17,48
99072,12384,-488.31,30.75,59.37,48
99072,12384,3654.61,89.31,2.07,48
99072,12384,332.18,26.85,0.80,48
99072,12384,3025.61,90.66,49.48,48
99072,12384,3700.76,87.67,0.00,48
99456,12432,3563.58,87.91,6.21,48
99456,12432,2946.57,88.53,59.12,48
99456,12432,-2088.27,26.85,200.03,48
99456,12432,2290.28,89.84,93.13,48
99456,12432,3555.87,86.79,0.70,48
99456,12432,1613.84,87.68,153.94,48
99456,12432,113.64,26.75,15.17,48
99456,12432,3597.68,88.50,2.34,48
99840,12480,3598.64,87.16,0.62,48
99840,12480,3223.18,91.77,39.05,48
99840,12480,138.17,30.06,17.09,48
99840,12480,3416.97,86.18,2.05,48
99840,12480,2706.45,88.93,67.09,48
99840,12480,3280.23,86.93,20.34,48
99840,12480,2686.87,92.19,64.85,48
99840,12480,3754.89,88.97,0.65,48
100224,12528,2091.47,89.44,115.99,48
100224,12528,2091.47,87.71,89.19,48
100224,12528,2340.16,88.82,91.89,48
100224,12528,3640.20,88.18,5.91,48
100224,12528,3379.61,87.04,10.60,48
100224,12528,3827.76,89.41,1.81,48
100224,12528,-1224.58,90.76,509.56,48
100224,12528,-1981.40,28.69,185.29,48
100608,12576,329.67,25.10,2.53,48
100608,12576,-1798.29,25.95,171.67,48
100608,12576,48.05,27.64,43.30,48
100608,12576,124.24,28.29,25.24,48
100608,12576,2489.67,85.72,67.65,48
100608,12576,351.12,87.17,304.21,48
100608,12576,340.40,25.59,2.57,48
100608,12576,1731.44,90.37,177.15,48
100992,12624,3647.03,89.17,0.00,48
100992,12624,2422.16,90.17,71.76,48
100992,12624,1029.83,88.31,212.45,48
100992,12624,1849.47,90.17,149.64,48
100992,12624,2384.86,89.70,86.53,48
100992,12624,3823.55,90.58,1.24,48
100992,12624,2016.81,88.34,99.43,48
100992,12624,3941.32,91.00,0.19,48
101376,12672,2888.74,90.34,51.44,48
101376,12672,2985.95,88.75,34.86,48
101376,12672,3453.34,88.50,15.14,48
101376,12672,1815.95,88.82,141.62,48
101376,12672,-611.58,27.74,52.61,48
101376,12672,2500.08,88.90,68.85,48
101376,12672,3085.63,86.52,20.38,48
101376,12672,3601.74,90.68,5.36,48
101760,12720,3707.66,88.44,0.10,48
101760,12720,1991.79,88.24,118.61,48
101760,12720,3622.31,85.98,0.00,48
101760,12720,2509.69,90.24,85.22,48
101760,12720,2558.35,90.18,54.84,48
101760,12720,3355.93,89.73,6.84,48
101760,12720,-2642.80,29.13,273.28,48
101760,12720,-230.96,25.82,19.66,48
102144,12768,-953.37,31.34,75.50,48
102144,12768,-778.47,28.08,75.74,48
102144,12768,2347.87,91.29,97.47,48
102144,12768,3303.72,89.30,30.48,48
102144,12768,2185.89,91.43,118.10,48
102144,12768,3155.63,89.50,34.17,48
102144,12768,-1540.78,27.82,130.47,48
102144,12768,3853.61,90.98,1.37,48
102528,12816,2246.33,89.80,104.10,48
102528,12816,3137.67,89.00,22.34,48
102528,12816,1586.48,90.15,162.81,48
102528,12816,-42.89,27.35,20.76,48
102528,12816,2028.55,92.17,146.43,48
102528,12816,3636.40,88.67,18.18,48
102528,12816,-981.65,30.64,91.72,48
102528,12816,2634.47,92.74,83.64,48
102912,12864,-1573.19,89.12,530.52,48
102912,12864,3628.68,89.42,13.88,48
102912,12864,3359.72,89.31,25.65,48
102912,12864,1205.02,89.14,202.17,48
102912,12864,3122.07,90.89,36.36,48
102912,12864,2244.21,90.77,109.09,48
102912,12864,2537.56,88.04,62.79,48
102912,12864,3587.33,89.05,8.68,48
103296,12912,3705.60,89.03,0.74,48
103296,12912,785.32,89.68,248.68,48
103296,12912,3554.65,89.79,15.13,48
103296,12912,2949.84,87.64,32.66,48
103296,12912,2297.83,87.43,82.93,48
103296,12912,-2807.92,89.85,691.24,48
103296,12912,-1303.69,24.02,90.84,48
103296,12912,1979.29,89.85,115.22,48
103680,12960,2368.77,90.60,90.62,48
103680,12960,-1438.55,25.42,112.36,48
103680,12960,-1329.55,28.22,133.19,48
103680,12960,2599.69,87.80,65.58,48
103680,12960,-2470.26,87.28,638.34,48
103680,12960,1424.89,91.03,197.43,48
103680,12960,3323.95,88.83,11.12,48
103680,12960,3421.77,89.00,12.26,48
104064,13008,3625.33,90.00,14.08,48
104064,13008,2365.18,87.63,72.48,48
104064,13008,1185.60,90.02,214.07,48
104064,13008,1171.59,88.28,187.64,48
104064,13008,3654.13,88.47,3.81,48
104064,13008,1285.06,90.65,210.92,48
104064,13008,-878.02,89.73,468.89,48
104064,13008,3685.25,89.20,2.59,48
104448,13056,411.73,27.30,0.43,48
104448,13056,-1342.76,28.36,109.71,48
104448,13056,3682.32,88.38,2.27,48
104448,13056,3540.79,91.27,21.00,48
104448,13056,3366.50,90.97,12.63,48
104448,13056,-613.66,25.20,60.20,48
104448,13056,-1485.64,30.49,138.51,48
104448,13056,1636.77,83.84,129.59,48
104832,13104,3912.36,89.65,0.33,48
104832,13104,1853.26,90.92,134.18,48
104832,13104,3547.35,91.47,8.21,48
104832,13104,-1420.95,26.27,120.53,48
104832,13104,-1062.82,90.66,490.35,48
104832,13104,1795.65,87.57,131.97,48
104832,13104,2837.38,87.78,40.06,48
104832,13104,3634.26,89.10,2.39,48
105216,13152,2041.49,87.62,106.06,48
105216,13152,-1619.39,87.72,521.81,48
105216,13152,-1455.45,30.22,138.42,48
105216,13152,1573.89,90.10,162.99,48
105216,13152,2808.19,90.32,58.81,48
105216,13152,1651.94,87.17,147.76,48
105216,13152,1077.19,92.23,252.26,48
105216,13152,3963.76,92.18,3.76,48
105600,13200,3652.38,88.99,0.68,48
105600,13200,1392.72,87.50,169.38,48
105600,13200,-1164.85,27.60,98.97,48
105600,13200,2076.25,86.73,88.65,48
105600,13200,2979.63,88.15,45.77,48
105600,13200,3801.53,91.28,5.51,48
105600,13200,3144.40,89.97,42.55,48
105600,13200,2756.91,91.57,52.15,48
105984,13248,3550.57,89.58,8.36,48
105984,13248,3024.73,88.38,25.79,48
105984,13248,2118.57,88.55,91.13,48
105984,13248,3229.49,88.91,39.75,48
105984,13248,-412.57,26.35,31.51,48
105984,13248,3541.84,91.39,25.48,48
105984,13248,597.89,89.25,278.96,48
105984,13248,1492.75,89.09,164.04,48
106368,13296,2323.26,89.53,79.20,48
106368,13296,-2464.71,29.34,251.83,48
106368,13296,3439.70,90.63,22.80,48
106368,13296,3813.24,89.98,1.30,48
106368,13296,2765.44,87.65,60.87,48
106368,13296,971.76,90.28,244.20,48
106368,13296,-839.54,27.85,64.89,48
106368,13296,-1101.11,28.07,89.74,48
106752,13344,-2756.57,90.47,687.72,48
106752,13344,132.89,28.84,8.00,48
106752,13344,3224.40,89.53,31.52,48
106752,13344,-246.32,26.91,38.89,48
106752,13344,-855.40,30.53,71.19,48
106752,13344,-670.89,29.98,59.39,48
106752,13344,3429.24,88.68,15.58,48
106752,13344,-2309.81,22.78,210.79,48
107136,13392,-1411.38,26.91,135.03,48
107136,13392,3078.04,89.06,36.30,48
107136,13392,-37.93,29.92,15.77,48
107136,13392,2381.36,90.45,91.80,48
107136,13392,3422.65,89.60,16.65,48
107136,13392,1531.07,87.76,147.49,48
107136,13392,3759.49,88.10,0.01,48
107136,13392,-1119.90,28.12,82.43,48
107520,13440,3651.69,86.98,0.78,48
107520,13440,-1676.36,25.29,173.91,48
107520,13440,-580.15,28.54,59.56,48
107520,13440,-980.20,26.94,83.63,48
107520,13440,2576.30,88.74,66.32,48
107520,13440,3534.20,91.15,27.68,48
107520,13440,3794.12,87.93,0.01,48
107520,13440,-1241.63,28.32,116.84,48
107904,13488,906.15,87.25,218.67,48
107904,13488,2745.19,87.72,38.04,48
107904,13488,-225.08,28.76,31.45,48
107904,13488,2326.64,91.76,100.10,48
107904,13488,321.91,26.26,4.11,48
107904,13488,-2397.72,29.86,235.28,48
107904,13488,1910.47,88.84,134.17,48
107904,13488,1697.97,91.14,172.15,48
108288,13536,1337.19,90.70,205.50,48
108288,13536,1009.42,88.66,224.25,48
108288,13536,2320.71,89.89,82.33,48
108288,13536,3017.71,90.30,43.35,48
108288,13536,-864.02,27.52,75.94,48
108288,13536,901.36,86.73,218.64,48
108288,13536,-121.70,26.32,21.24,48
108288,13536,3697.73,87.61,3.72,48
108672,13584,3090.18,86.59,27.77,48
108672,13584,3404.62,90.45,24.70,48
108672,13584,1439.56,88.73,181.97,48
108672,13584,2099.97,90.55,138.87,48
108672,13584,3356.34,90.89,19.05,48
108672,13584,-120.16,26.07,24.45,48
108672,13584,-444.22,26.69,78.02,48
108672,13584,3622.94,90.10,8.99,48
109056,13632,352.52,88.78,300.22,48
109056,13632,1985.75,90.44,124.91,48
109056,13632,3566.82,89.60,8.29,48
109056,13632,3611.30,87.52,1.98,48
109056,13632,349.76,27.58,15.51,48
109056,13632,-260.29,25.77,48.79,48
109056,13632,2230.64,90.01,97.87,48
109056,13632,2556.48,89.25,74.51,48
109440,13680,-76.00,31.33,46.77,48
109440,13680,3683.69,87.59,0.88,48
109440,13680,2033.24,89.28,118.27,48
109440,13680,2151.68,87.55,94.88,48
109440,13680,2152.15,86.33,87.17,48
109440,13680,3797.61,90.50,11.22,48
109440,13680,136.66,29.01,20.06,48
109440,13680,221.49,28.52,0.98,48
109824,13728,2981.50,90.49,65.63,48
109824,13728,-41.53,26.79,33.69,48
109824,13728,-1620.04,26.89,122.03,48
109824,13728,175.98,27.77,17.91,48
109824,13728,3484.48,86.85,1.62,48
109824,13728,-2498.36,26.86,252.81,48
109824,13728,1757.53,91.54,167.76,48
109824,13728,3237.40,87.96,16.20,48
110208,13776,727.33,90.22,270.64,48
110208,13776,837.84,90.61,260.85,48
110208,13776,53.80,24.02,12.90,48
110208,13776,1803.61,87.84,134.01,48
110208,13776,2011.79,89.86,123.97,48
110208,13776,3493.26,89.24,3.18,48
110208,13776,-1863.14,26.18,159.85,48
110208,13776,-1027.70,28.45,103.80,48
110592,13824,-1112.97,30.64,78.52,48
110592,13824,2137.70,86.57,78.59,48
110592,13824,3494.38,89.94,14.07,48
110592,13824,3748.50,89.49,2.30,48
110592,13824,3767.79,89.96,0.00,48
110592,13824,3444.49,88.53,12.36,48
110592,13824,2335.60,89.37,72.92,48
110592,13824,351.64,31.82,28.72,48
110976,13872,571.56,29.54,0.33,48
110976,13872,2550.32,85.90,35.91,48
110976,13872,282.85,25.16,0.62,48
110976,13872,3860.67,90.11,2.57,48
110976,13872,-128.40,29.89,39.04,48
110976,13872,2557.62,90.86,65.92,48
110976,13872,2965.47,92.44,42.48,48
110976,13872,2363.99,89.72,81.92,48
111360,13920,31.09,90.46,357.52,48
111360,13920,-3758.98,23.56,379.41,48
111360,13920,1182.57,87.83,196.48,48
111360,13920,-1750.86,27.23,154.74,48
111360,13920,2789.25,90.54,62.30,48
111360,13920,2472.12,87.58,59.33,48
111360,13920,3537.89,91.71,19.82,48
111360,13920,-826.02,28.38,73.37,48
111744,13968,2790.26,87.63,45.48,48
111744,13968,3562.80,86.86,0.04,48
111744,13968,2309.35,88.50,78.90,48
111744,13968,2164.11,89.44,93.18,48
111744,13968,3296.09,87.37,5.59,48
111744,13968,2821.19,89.03,42.05,48
111744,13968,2422.62,90.07,78.12,48
111744,13968,2168.06,91.39,131.94,48
112128,14016,3829.07,89.59,0.32,48
112128,14016,-1002.86,30.27,103.34,48
112128,14016,3259.08,89.53,23.45,48
112128,14016,1346.70,90.13,201.85,48
112128,14016,2919.28,89.94,26.31,48
112128,14016,1980.15,91.18,133.93,48
112128,14016,2718.46,88.89,28.98,48
112128,14016,-406.20,27.56,42.49,48
112512,14064,1274.00,89.77,194.89,48
112512,14064,-2420.44,92.18,675.25,48
112512,14064,3762.30,89.09,0.39,48
112512,14064,3391.06,92.28,25.30,48
112512,14064,2173.03,86.68,77.57,48
112512,14064,2354.73,88.74,78.75,48
112512,14064,1162.13,87.35,184.59,48
112512,14064,1967.13,89.47,120.66,48
112896,14112,3683.18,89.14,0.00,48
112896,14112,2982.80,89.95,33.07,48
112896,14112,-274.09,24.19,27.86,48
112896,14112,1059.36,88.84,216.08,48
112896,14112,1149.39,89.05,216.53,48
112896,14112,3440.16,89.06,4.92,48
112896,14112,2086.05,87.34,117.40,48
112896,14112,106.14,87.18,314.45,48
113280,14160,2201.13,91.12,115.13,48
113280,14160,3511.43,88.40,9.95,48
113280,14160,-337.57,28.21,49.22,48
113280,14160,3729.11,89.58,2.27,48
113280,14160,2443.41,90.18,79.46,48
113280,14160,-1618.75,26.57,142.86,48
113280,14160,3422.93,91.14,17.47,48
113280,14160,2878.13,88.28,24.49,48
113664,14208,2946.98,89.95,48.19,48
113664,14208,2391.01,87.02,75.61,48
113664,14208,236.59,28.58,7.93,48
113664,14208,3041.73,90.68,37.04,48
113664,14208,3541.92,87.16,6.09,48
113664,14208,3495.60,88.44,5.04,48
113664,14208,3268.77,89.13,21.87,48
113664,14208,2645.55,89.99,58.46,48
114048,14256,-2496.16,30.01,278.16,48
114048,14256,-478.82,25.65,46.27,48
114048,14256,3446.67,90.64,13.97,48
114048,14256,-370.08,26.20,31.76,48
114048,14256,-2538.43,90.84,676.62,48
114048,14256,-125.21,28.21,22.89,48
114048,14256,-705.79,26.88,59.90,48
114048,14256,3579.99,89.51,17.35,48
114432,14304,-318.16,27.99,22.10,48
114432,14304,196.58,25.69,3.06,48
114432,14304,2577.35,90.14,72.70,48
114432,14304,763.19,87.82,247.28,48
114432,14304,1987.21,90.14,115.70,48
114432,14304,343.52,25.06,0.32,48
114432,14304,2803.73,88.42,41.21,48
114432,14304,-2333.10,27.09,231.20,48
114816,14352,2864.14,90.97,40.60,48
114816,14352,2775.40,87.53,47.51,48
114816,14352,3757.17,90.66,1.72,48
114816,14352,1671.35,91.65,174.82,48
114816,14352,-475.65,27.68,60.72,48
114816,14352,3743.87,90.14,5.45,48
114816,14352,2109.31,87.96,106.60,48
114816,14352,148.62,27.13,8.30,48
115200,14400,777.76,88.64,256.62,48
115200,14400,-172.05,24.46,17.89,48
115200,14400,3451.33,89.31,22.48,48
115200,14400,-298.20,26.69,18.40,48
115200,14400,3798.70,89.41,3.72,48
115200,14400,-2177.51,23.85,194.81,48
115200,14400,3229.85,88.87,18.69,48
115200,14400,3482.20,89.50,20.06,48
115584,14448,1038.32,84.64,180.01,48
115584,14448,3222.08,89.94,19.49,48
115584,14448,3969.86,91.23,1.52,48
115584,14448,3048.19,87.51,29.79,48
115584,14448,712.68,87.47,243.96,48
115584,14448,2415.97,86.70,54.88,48
115584,14448,1981.84,89.46,120.44,48
115584,14448,-1979.19,28.67,205.85,48
115968,14496,3059.91,89.06,36.93,48
115968,14496,1920.67,90.10,118.68,48
115968,14496,2705.13,88.00,60.09,48
115968,14496,1674.45,90.52,186.63,48
115968,14496,3794.27,88.29,0.31,48
115968,14496,1506.72,87.73,146.72,48
115968,14496,-1892.61,27.87,191.93,48
115968,14496,-4135.76,26.69,442.02,48
116352,14544,2136.07,90.04,115.07,48
116352,14544,3696.98,89.11,0.27,48
116352,14544,2555.23,91.71,90.12,48
116352,14544,1426.24,88.79,171.43,48
116352,14544,536.33,91.58,304.05,48
116352,14544,3735.47,89.17,3.77,48
116352,14544,-1955.88,26.62,170.14,48
116352,14544,-733.45,30.02,79.75,48
116736,14592,-218.12,26.14,23.47,48
116736,14592,1175.61,88.31,197.44,48
116736,14592,-1786.71,30.08,190.88,48
116736,14592,1632.34,88.20,151.83,48
116736,14592,22.02,23.75,17.33,48
116736,14592,2468.14,91.05,86.28,48
116736,14592,3053.00,89.10,34.47,48
116736,14592,-244.48,28.35,31.66,48
117120,14640,2668.40,88.65,64.14,48
117120,14640,2974.31,90.84,56.74,48
117120,14640,102.16,89.74,337.43,48
117120,14640,938.41,88.25,232.62,48
117120,14640,134.49,25.27,9.15,48
117120,14640,781.29,88.00,242.51,48
117120,14640,3254.96,89.60,13.45,48
117120,14640,2824.42,90.14,38.18,48
117504,14688,-200.16,25.28,32.10,48
117504,14688,-424.42,24.56,23.01,48
117504,14688,3100.13,91.63,42.96,48
117504,14688,303.75,25.33,10.40,48
117504,14688,671.02,90.34,282.45,48
117504,14688,870.14,88.68,234.02,48
117504,14688,-71.43,26.18,14.60,48
117504,14688,54.04,28.43,12.32,48
117888,14736,-1152.79,24.79,87.38,48
117888,14736,2371.23,90.69,86.29,48
117888,14736,2228.68,89.24,97.75,48
117888,14736,1917.69,85.20,100.55,48
117888,14736,3722.71,90.76,8.93,48
117888,14736,2014.58,89.58,115.80,48
117888,14736,3604.02,88.62,0.50,48
117888,14736,2904.91,90.49,59.22,48
118272,14784,-796.24,30.41,66.48,48
118272,14784,3673.95,88.80,4.88,48
118272,14784,2672.16,88.28,55.63,48
118272,14784,2871.74,90.04,42.13,48
118272,14784,-510.51,27.39,45.82,48
118272,14784,3233.89,90.66,13.89,48
118272,14784,2618.38,90.39,97.47,48
118272,14784,3575.53,91.72,24.97,48
118656,14832,2898.31,88.37,44.57,48
118656,14832,-236.16,27.89,21.87,48
118656,14832,2532.66,87.67,42.08,48
118656,14832,1805.29,88.78,155.90,48
118656,14832,1682.74,89.93,151.75,48
118656,14832,322.56,27.94,6.49,48
118656,14832,-865.38,26.37,76.31,48
118656,14832,-210.06,29.69,53.47,48
119040,14880,3505.49,87.98,9.09,48
119040,14880,-982.89,31.25,109.61,48
119040,14880,12.99,24.65,8.85,48
119040,14880,1529.14,88.64,164.61,48
119040,14880,222.89,27.91,0.00,48
119040,14880,-2182.06,29.54,221.48,48
119040,14880,-1523.97,24.38,122.58,48
119040,14880,1682.40,87.03,126.46,48
119424,14928,-612.10,28.38,77.51,48
119424,14928,-2489.40,28.68,260.51,48
119424,14928,2314.39,89.45,75.22,48
119424,14928,-2147.55,27.44,217.90,48
119424,14928,-1095.06,27.89,81.37,48
119424,14928,457.91,26.97,6.91,48
119424,14928,204.68,25.66,2.13,48
119424,14928,918.03,88.48,231.54,48
119808,14976,-634.27,28.19,67.35,48
119808,14976,1866.99,89.74,128.50,48
119808,14976,-2431.86,27.52,246.55,48
119808,14976,-329.74,26.74,44.16,48
119808,14976,416.40,21.30,0.18,48
119808,14976,3685.59,88.88,1.22,48
119808,14976,2691.23,91.24,65.06,48
119808,14976,1294.69,89.31,179.68,48
120192,15024,1290.34,88.02,193.61,48
120192,15024,1644.69,90.79,176.67,48
120192,15024,-2360.20,26.49,215.30,48
120192,15024,3643.26,90.01,5.55,48
120192,15024,2280.11,88.50,80.57,48
120192,15024,-1480.51,90.35,538.79,48
120192,15024,3041.04,89.35,18.44,48
120192,15024,-1168.56,27.96,94.22,48
120576,15072,-934.89,30.16,109.39,48
120576,15072,3855.80,90.30,2.11,48
120576,15072,-1994.29,24.49,172.69,48
120576,15072,2951.63,87.90,59.47,48
120576,15072,543.71,90.07,293.89,48
120576,15072,2378.03,90.71,90.82,48
120576,15072,-1087.87,27.73,88.42,48
120576,15072,2340.05,88.16,80.74,48
120960,15120,-0.86,24.42,6.74,48
120960,15120,2940.06,88.21,30.54,48
120960,15120,-5237.66,23.05,551.69,48
120960,15120,-849.09,25.94,62.37,48
120960,15120,686.73,90.43,268.42,48
120960,15120,3005.66,89.71,41.22,48
120960,15120,-870.45,27.82,86.01,48
120960,15120,2167.65,89.86,94.13,48
121344,15168,3690.52,88.46,3.66,48
121344,15168,1387.13,90.32,198.67,48
121344,15168,-1833.24,27.05,177.22,48
121344,15168,345.03,88.52,314.22,48
121344,15168,3858.42,90.13,0.43,48
121344,15168,-511.19,26.21,52.54,48
121344,15168,777.27,87.31,247.96,48
121344,15168,-751.98,30.15,73.50,48
121728,15216,1732.91,91.39,159.25,48
121728,15216,-1424.25,27.95,135.34,48
121728,15216,3087.25,90.92,57.41,48
121728,15216,-364.54,27.60,36.71,48
121728,15216,4030.66,91.81,0.76,48
121728,15216,3300.75,89.30,17.67,48
121728,15216,125.50,25.70,17.24,48
121728,15216,2849.25,89.05,38.08,48
122112,15264,405.36,89.75,297.56,48
122112,15264,2272.67,87.41,72.90,48
122112,15264,104.82,25.09,7.01,48
122112,15264,2580.89,90.66,67.47,48
122112,15264,-64.23,30.21,20.68,48
122112,15264,3720.41,88.61,0.18,48
122112,15264,1860.09,86.81,115.10,48
122112,15264,1322.06,88.78,183.19,48
122496,15312,-2768.29,27.90,286.31,48
122496,15312,39.00,31.94,14.81,48
122496,15312,2034.99,85.36,101.05,48
122496,15312,-4292.68,26.55,459.95,48
122496,15312,3242.51,87.58,32.31,48
122496,15312,3739.70,90.03,2.18,48
122496,15312,2922.33,90.61,60.39,48
122496,15312,2739.05,88.02,51.44,48
122880,15360,1539.34,91.44,185.20,48
122880,15360,3397.67,88.86,16.54,48
122880,15360,-665.32,28.99,78.09,48
122880,15360,3488.71,88.52,3.74,48
122880,15360,2426.77,89.06,75.17,48
122880,15360,3462.85,86.31,1.84,48
122880,15360,1458.27,89.34,170.98,48
122880,15360,451.14,87.84,282.62,48
123264,15408,-2379.82,27.95,228.00,48
123264,15408,2904.55,88.36,32.74,48
123264,15408,3661.50,89.16,1.29,48
123264,15408,-1214.95,28.84,110.62,48
123264,15408,-876.90,90.50,467.54,48
123264,15408,1672.44,88.17,142.65,48
123264,15408,-730.38,28.51,97.99,48
123264,15408,2875.72,86.85,34.06,48
123648,15456,1503.32,84.79,141.97,48
123648,15456,3240.52,89.03,20.65,48
123648,15456,-3108.06,32.73,353.48,48
123648,15456,382.11,30.74,13.91,48
123648,15456,3455.47,92.51,47.29,48
123648,15456,-2876.30,27.04,284.63,48
123648,15456,3617.12,88.71,3.53,48
123648,15456,168.76,24.20,4.31,48
124032,15504,-1128.00,24.80,110.28,48
124032,15504,3530.78,90.59,7.41,48
124032,15504,3320.23,90.37,28.44,48
124032,15504,3591.61,87.12,0.58,48
124032,15504,687.57,87.41,241.34,48
124032,15504,2205.21,88.14,85.22,48
124032,15504,483.56,90.90,297.71,48
124032,15504,3723.56,87.93,0.00,48
124416,15552,3764.12,88.85,0.61,48
124416,15552,-1655.59,30.33,158.00,48
124416,15552,1349.28,85.49,164.92,48
124416,15552,2949.34,92.79,48.51,48
124416,15552,2432.18,88.31,77.04,48
124416,15552,-893.97,25.36,65.86,48
124416,15552,75.67,28.21,21.84,48
124416,15552,83.67,26.47,18.26,48
124800,15600,3168.79,88.54,24.40,48
124800,15600,367.38,89.12,299.20,48
124800,15600,3384.18,85.37,1.42,48
124800,15600,4025.92,91.84,6.94,48
124800,15600,2803.64,89.68,49.69,48
124800,15600,3502.23,91.52,23.74,48
124800,15600,501.39,27.15,0.00,48
124800,15600,3825.14,90.57,2.57,48
125184,15648,1755.30,91.67,167.10,48
125184,15648,3091.15,90.38,28.93,48
125184,15648,1895.53,88.47,144.51,48
125184,15648,-1839.63,29.26,171.72,48
125184,15648,3717.52,90.11,3.09,48
125184,15648,137.38,30.07,11.34,48
125184,15648,2284.25,89.22,93.59,48
125184,15648,587.45,90.30,299.64,48
125568,15696,3720.13,90.19,6.33,48
125568,15696,3739.53,88.42,0.33,48
125568,15696,3440.81,92.57,26.40,48
125568,15696,2225.90,90.59,112.71,48
125568,15696,3500.99,91.33,9.19,48
125568,15696,2942.99,87.85,34.10,48
125568,15696,3416.01,90.87,15.02,48
125568,15696,-180.03,28.96,13.75,48
125952,15744,2118.92,87.33,83.77,48
125952,15744,2196.69,86.91,86.52,48
125952,15744,-2554.97,24.16,221.94,48
125952,15744,1988.06,90.33,124.39,48
125952,15744,2608.36,89.31,77.63,48
125952,15744,-331.28,29.19,46.86,48
125952,15744,104.23,27.05,11.81,48
125952,15744,-2578.35,31.42,257.33,48
126336,15792,3594.42,89.56,2.85,48
126336,15792,1560.14,89.09,160.72,48
126336,15792,2845.06,85.67,36.15,48
126336,15792,2254.66,88.66,81.95,48
126336,15792,-585.39,87.61,404.25,48
126336,15792,-1323.91,28.97,109.13,48
126336,15792,1464.58,88.32,162.95,48
126336,15792,3598.71,90.09,9.15,48
126720,15840,-2923.52,26.79,282.38,48
126720,15840,-1677.20,25.91,155.14,48
126720,15840,-462.68,30.28,66.07,48
126720,15840,-1135.87,28.45,79.88,48
126720,15840,3620.67,89.41,9.23,48
126720,15840,147.18,25.14,9.06,48
126720,15840,2398.85,89.58,82.71,48
126720,15840,440.11,23.57,2.15,48
127104,15888,339.44,23.73,0.00,48
127104,15888,3208.64,87.97,17.08,48
127104,15888,2966.49,87.50,36.34,48
127104,15888,425.05,32.41,31.06,48
127104,15888,1840.34,91.77,156.60,48
127104,15888,829.21,90.26,263.10,48
127104,15888,391.68,26.69,0.00,48
127104,15888,-1663.08,30.40,151.86,48
127488,15936,-993.57,30.35,97.69,48
127488,15936,853.04,90.03,245.74,48
127488,15936,2987.69,88.85,23.40,48
127488,15936,-1071.40,22.69,100.21,48
127488,15936,3647.29,89.49,4.58,48
127488,15936,548.43,90.77,290.55,48
127488,15936,1267.62,88.77,194.72,48
127488,15936,3860.15,90.66,2.99,48
127872,15984,2144.76,91.76,133.14,48
127872,15984,1938.33,89.79,129.60,48
127872,15984,3886.23,91.92,9.57,48
127872,15984,2011.72,90.43,114.08,48
127872,15984,313.32,90.50,319.03,48
127872,15984,1268.84,87.94,179.79,48
127872,15984,718.00,87.18,249.82,48
127872,15984,1298.88,87.86,179.02,48
128256,16032,2007.95,88.79,113.91,48
128256,16032,-1626.36,86.52,527.12,48
128256,16032,282.67,90.50,328.19,48
128256,16032,-709.43,27.49,57.40,48
128256,16032,865.74,88.59,234.44,48
128256,16032,3157.39,88.32,22.86,48
128256,16032,3349.12,90.99,27.75,48
128256,16032,1539.22,89.59,172.99,48
128640,16080,2410.63,90.82,105.27,48
128640,16080,3392.17,89.05,14.37,48
128640,16080,-2936.75,90.26,709.66,48
128640,16080,-288.37,29.30,18.89,48
128640,16080,2610.14,90.51,103.51,48
128640,16080,1639.37,88.46,156.82,48
128640,16080,2001.17,90.64,132.25,48
128640,16080,2674.69,88.35,68.64,48
129024,16128,261.17,28.67,11.94,48
129024,16128,-474.25,31.23,62.11,48
129024,16128,3396.01,89.80,7.97,48
129024,16128,-753.35,25.37,58.63,48
129024,16128,3041.32,89.75,37.94,48
129024,16128,950.49,86.68,228.14,48
129024,16128,-0.51,24.40,10.22,48
129024,16128,-515.03,29.49,78.55,48
129408,16176,2442.49,89.25,107.97,48
129408,16176,3612.34,87.92,0.70,48
129408,16176,2078.02,91.92,131.33,48
129408,16176,2838.21,89.86,50.94,48
129408,16176,1301.69,88.64,189.02,48
129408,16176,3519.53,85.93,1.01,48
129408,16176,-5426.37,31.86,606.22,48
129408,16176,803.81,87.07,240.58,48
129792,16224,1522.92,89.78,163.04,48
129792,16224,-1940.90,28.29,184.99,48
129792,16224,1953.67,90.55,135.41,48
129792,16224,3857.93,89.31,3.43,48
129792,16224,3373.09,87.42,8.90,48
129792,16224,1621.97,88.55,152.64,48
129792,16224,-1210.76,28.92,103.47,48
129792,16224,1594.74,89.00,145.22,48
130176,16272,602.29,30.41,0.28,48
130176,16272,3800.05,91.68,1.33,48
130176,16272,2007.07,92.25,139.18,48
130176,16272,292.91,29.38,2.13,48
130176,16272,-1193.01,30.41,115.05,48
130176,16272,-2796.55,29.07,263.33,48
130176,16272,3294.23,89.78,26.72,48
130176,16272,-390.20,31.95,23.07,48
130560,16320,2013.71,88.07,100.15,48
130560,16320,2680.44,88.50,47.35,48
130560,16320,3195.07,86.75,19.98,48
130560,16320,-860.24,28.31,75.45,48
130560,16320,3331.92,89.76,8.88,48
130560,16320,1101.65,91.09,240.58,48
130560,16320,128.63,25.29,7.17,48
130560,16320,-145.08,30.11,40.06,48
130944,16368,354.49,34.44,32.60,48
130944,16368,-173.37,31.13,34.71,48
130944,16368,-233.32,27.79,35.86,48
130944,16368,2434.51,90.94,88.90,48
130944,16368,-3189.99,30.11,334.52,48
130944,16368,-5166.10,30.90,568.66,48
130944,16368,3567.89,88.22,9.76,48
130944,16368,3070.93,88.19,20.89,48
131328,16416,2653.59,91.21,60.39,48
131328,16416,2841.86,90.31,57.12,48
131328,16416,-960.29,26.66,110.89,48
131328,16416,2517.19,90.67,70.69,48
131328,16416,2473.50,88.60,74.79,48
131328,16416,231.56,23.15,0.00,48
131328,16416,2938.27,88.29,43.60,48
131328,16416,2796.10,90.08,44.23,48
131712,16464,3904.59,90.67,0.72,48
131712,16464,1462.05,87.93,167.65,48
131712,16464,-2549.18,26.22,257.23,48
131712,16464,2875.18,90.41,38.99,48
131712,16464,-1873.25,31.03,195.00,48
131712,16464,-2502.30,31.06,251.55,48
131712,16464,1296.53,90.82,207.63,48
131712,16464,3466.20,89.90,8.27,48
132096,16512,430.95,90.96,324.95,48
132096,16512,-1526.20,29.62,148.52,48
132096,16512,-2242.30,25.09,198.43,48
132096,16512,677.87,91.65,289.56,48
132096,16512,3707.58,89.73,2.66,48
132096,16512,458.13,25.04,0.43,48
132096,16512,2048.42,87.42,104.87,48
132096,16512,1670.44,88.16,150.86,48
132480,16560,-5008.45,22.98,544.63,48
132480,16560,3300.20,88.55,27.62,48
132480,16560,1547.75,88.05,149.55,48
132480,16560,3615.39,89.10,14.29,48
132480,16560,-665.88,29.90,56.26,48
132480,16560,-1398.31,24.46,120.25,48
132480,16560,3577.94,88.04,16.44,48
132480,16560,3936.69,90.71,1.39,48
132864,16608,280.07,24.39,3.72,48
132864,16608,2984.60,92.10,55.79,48
132864,16608,380.35,24.10,8.81,48
132864,16608,-750.02,27.26,49.33,48
132864,16608,2570.20,89.11,58.42,48
132864,16608,803.82,90.08,262.28,48
132864,16608,-293.12,28.01,33.99,48
132864,16608,2683.12,90.59,83.79,48
133248,16656,1430.20,88.03,165.77,48
133248,16656,485.89,88.56,285.32,48
133248,16656,3147.44,86.94,32.08,48
133248,16656,2136.84,88.24,90.97,48
133248,16656,-2458.24,89.91,662.50,48
133248,16656,3648.31,89.25,9.51,48
133248,16656,2478.76,89.38,59.48,48
133248,16656,-380.01,24.83,47.34,48
133632,16704,-1045.04,29.66,103.26,48
133632,16704,-1532.43,88.33,534.70,48
133632,16704,3475.92,90.57,29.73,48
133632,16704,1704.18,88.52,133.10,48
133632,16704,2900.60,89.12,38.62,48
133632,16704,546.96,90.38,318.90,48
133632,16704,791.50,85.16,213.16,48
133632,16704,-278.30,28.43,25.26,48
134016,16752,1396.43,89.42,180.18,48
134016,16752,3815.58,89.20,0.61,48
134016,16752,1009.91,89.29,231.09,48
134016,16752,2998.88,91.25,51.06,48
134016,16752,-1596.96,30.95,185.41,48
134016,16752,-684.21,24.89,68.55,48
134016,16752,-2086.19,26.94,222.42,48
134016,16752,-493.14,26.49,43.54,48
134400,16800,3724.49,88.39,0.19,48
134400,16800,2542.83,87.93,67.10,48
134400,16800,3090.28,88.77,17.70,48
134400,16800,2542.16,91.00,90.13,48
134400,16800,3641.14,90.25,4.51,48
134400,16800,6.81,26.34,15.50,48
134400,16800,861.49,90.09,252.84,48
134400,16800,2897.22,89.03,50.74,48
134784,16848,-96.28,24.48,22.04,48
134784,16848,498.59,88.64,268.63,48
134784,16848,2616.35,88.89,47.27,48
134784,16848,1990.65,88.46,127.97,48
134784,16848,-776.04,24.60,65.91,48
134784,16848,2402.12,91.51,86.92,48
134784,16848,-2183.92,23.55,201.43,48
134784,16848,1039.17,89.25,222.88,48
135168,16896,2695.20,87.80,50.77,48
135168,16896,-206.99,28.78,26.13,48
135168,16896,-978.11,87.61,461.62,48
135168,16896,574.17,28.96,2.47,48
135168,16896,392.12,28.74,21.64,48
135168,16896,1940.73,88.52,113.11,48
135168,16896,2229.50,88.59,91.37,48
135168,16896,3604.87,88.94,13.40,48
135552,16944,676.52,91.88,290.87,48
135552,16944,2473.77,88.36,61.81,48
135552,16944,554.22,31.23,4.00,48
135552,16944,-776.70,25.73,48.13,48
135552,16944,-1149.42,25.03,78.46,48
135552,16944,2963.80,89.97,37.51,48
135552,16944,2221.44,88.78,102.91,48
135552,16944,3817.76,90.38,0.19,48
135936,16992,3010.62,88.15,16.25,48
135936,16992,-761.58,89.18,445.84,48
135936,16992,2503.69,90.84,73.90,48
135936,16992,3394.14,88.25,7.79,48
135936,16992,474.70,26.29,0.00,48
135936,16992,-475.76,26.90,55.97,48
135936,16992,3405.38,90.31,19.09,48
135936,16992,2213.63,89.77,87.00,48
136320,17040,1644.52,88.29,158.91,48
136320,17040,2144.17,86.93,100.16,48
136320,17040,2495.23,91.25,81.27,48
136320,17040,3615.08,88.85,6.65,48
136320,17040,3629.96,90.88,4.68,48
136320,17040,759.41,86.86,225.96,48
136320,17040,3486.01,88.79,15.98,48
136320,17040,3669.36,90.93,3.97,48
136704,17088,1956.51,89.89,133.07,48
136704,17088,-360.32,26.08,27.27,48
136704,17088,274.31,27.79,4.92,48
136704,17088,3254.78,91.79,34.58,48
136704,17088,-1058.32,25.07,90.33,48
136704,17088,-2616.36,25.93,258.09,48
136704,17088,-2289.25,87.54,604.49,48
136704,17088,3500.87,91.63,21.62,48
137088,17136,2416.67,88.67,60.57,48
137088,17136,-465.00,27.20,78.24,48
137088,17136,3176.69,87.62,17.58,48
137088,17136,3279.14,89.51,12.82,48
137088,17136,2724.14,90.12,70.14,48
137088,17136,-115.26,31.23,21.13,48
137088,17136,1450.82,88.02,169.20,48
137088,17136,2431.12,90.08,74.30,48
137472,17184,2450.21,88.90,75.48,48
137472,17184,-1678.58,22.18,141.83,48
137472,17184,-172.60,26.15,23.60,48
137472,17184,-312.17,26.98,35.26,48
137472,17184,237.50,90.86,342.88,48
137472,17184,-1145.74,26.26,79.67,48
137472,17184,-1016.62,90.70,481.19,48
137472,17184,2777.44,87.50,61.67,48
137856,17232,3638.33,89.43,6.37,48
137856,17232,993.58,88.29,225.92,48
137856,17232,-1593.44,24.23,137.92,48
137856,17232,-215.73,24.51,21.83,48
137856,17232,-413.75,29.18,36.52,48
137856,17232,3222.65,87.86,17.52,48
137856,17232,838.01,87.87,247.05,48
137856,17232,3507.16,90.98,29.77,48
138240,17280,2879.41,90.65,94.00,48
138240,17280,-1015.56,24.57,76.87,48
138240,17280,3720.67,87.75,0.00,48
138240,17280,792.31,89.43,258.81,48
138240,17280,-462.12,25.00,29.71,48
138240,17280,2789.27,89.35,51.75,48
138240,17280,1477.67,90.26,187.43,48
138240,17280,3625.82,90.62,15.22,48
138624,17328,-1172.54,29.26,101.93,48
138624,17328,2563.42,87.91,54.57,48
138624,17328,3423.99,85.56,0.00,48
138624,17328,486.65,28.11,1.48,48
138624,17328,1660.68,90.17,163.29,48
138624,17328,613.71,28.32,0.00,48
138624,17328,-1796.78,27.67,180.28,48
138624,17328,3106.93,91.46,25.95,48
139008,17376,530.50,26.82,2.15,48
139008,17376,959.83,86.97,215.61,48
139008,17376,-499.33,26.07,66.13,48
139008,17376,-3066.87,90.79,736.75,48
139008,17376,713.26,91.22,293.12,48
139008,17376,2239.74,89.73,94.72,48
139008,17376,531.92,29.14,14.00,48
139008,17376,3273.57,89.21,10.12,48
139392,17424,2211.16,87.29,79.48,48
139392,17424,-144.93,29.04,24.40,48
139392,17424,-33.03,26.24,19.62,48
139392,17424,3593.65,87.84,0.69,48
139392,17424,-809.58,24.78,61.44,48
139392,17424,3952.31,91.39,0.43,48
139392,17424,3855.21,89.62,0.00,48
139392,17424,3233.67,87.65,7.34,48
139776,17472,1348.55,89.19,193.39,48
139776,17472,440.60,28.70,2.34,48
139776,17472,-264.15,22.10,35.19,48
139776,17472,1254.66,92.09,226.17,48
139776,17472,1080.81,88.55,211.46,48
139776,17472,-2303.58,29.14,247.56,48
139776,17472,-984.82,30.33,97.49,48
139776,17472,3680.37,90.34,1.67,48
140160,17520,-1629.58,27.46,159.30,48
140160,17520,2443.75,89.84,70.46,48
140160,17520,-2347.50,27.49,261.43,48
140160,17520,-431.52,89.78,412.48,48
140160,17520,2010.22,87.42,98.32,48
140160,17520,3943.81,92.43,6.32,48
140160,17520,737.82,90.68,270.53,48
140160,17520,3394.29,88.22,8.95,48
140544,17568,3237.35,87.18,9.77,48
140544,17568,3371.96,89.63,22.29,48
140544,17568,-2292.13,88.50,627.28,48
140544,17568,1495.98,89.56,170.32,48
140544,17568,2365.18,87.98,75.50,48
140544,17568,2667.25,91.07,73.02,48
140544,17568,3551.20,88.43,7.00,48
140544,17568,-288.73,26.41,30.16,48
140928,17616,3674.22,88.08,4.37,48
140928,17616,-1245.42,90.39,522.38,48
140928,17616,3039.28,87.73,29.36,48
140928,17616,-2916.67,28.66,322.03,48
140928,17616,3795.22,89.26,1.45,48
140928,17616,3376.09,89.74,26.99,48
140928,17616,3048.52,89.99,48.02,48
140928,17616,2525.36,90.48,72.34,48
141312,17664,-1137.81,32.73,108.98,48
141312,17664,-631.59,26.10,48.60,48
141312,17664,1946.17,89.20,123.96,48
141312,17664,2257.52,88.90,104.67,48
141312,17664,2875.57,90.54,62.67,48
141312,17664,3205.99,90.80,30.98,48
141312,17664,682.59,28.43,0.26,48
141312,17664,1984.54,88.30,99.22,48
141696,17712,-137.22,23.82,16.78,48
141696,17712,3649.57,90.32,11.01,48
141696,17712,429.04,23.80,0.10,48
141696,17712,-1419.17,30.44,142.28,48
141696,17712,3129.91,89.67,31.93,48
141696,17712,3408.01,89.42,9.19,48
141696,17712,1931.22,91.05,138.39,48
141696,17712,3361.05,90.45,34.11,48
142080,17760,426.70,26.35,0.00,48
142080,17760,1275.83,87.86,186.14,48
142080,17760,3035.06,90.48,27.72,48
142080,17760,3670.12,88.72,7.25,48
142080,17760,-2601.71,24.84,239.55,48
142080,17760,3929.12,90.54,0.60,48
142080,17760,3270.55,88.44,13.06,48
142080,17760,3791.26,88.85,0.19,48
142464,17808,2042.26,91.76,131.69,48
142464,17808,3841.24,90.67,1.18,48
142464,17808,2711.20,89.83,53.53,48
142464,17808,1446.15,88.75,166.55,48
142464,17808,-1397.69,28.08,122.11,48
142464,17808,432.91,91.77,317.60,48
142464,17808,-1146.08,28.54,112.13,48
142464,17808,-4342.06,24.82,424.06,48
142848,17856,343.10,88.93,300.28,48
142848,17856,3999.61,92.10,0.81,48
142848,17856,2402.86,88.99,86.09,48
142848,17856,2044.15,90.35,133.98,48
142848,17856,1644.01,86.91,139.18,48
142848,17856,3367.84,90.42,12.50,48
142848,17856,3657.47,88.04,1.57,48
142848,17856,-1995.82,28.06,184.25,48
143232,17904,2337.74,89.67,92.67,48
143232,17904,-447.40,22.65,23.02,48
143232,17904,2184.02,90.20,102.65,48
143232,17904,2287.06,88.16,74.04,48
143232,17904,666.33,88.88,270.19,48
143232,17904,3673.49,89.54,0.31,48
143232,17904,1290.30,87.64,185.13,48
143232,17904,2224.01,91.53,123.60,48
143616,17952,-181.75,27.84,14.87,48
143616,17952,743.02,89.57,262.22,48
143616,17952,-2057.63,32.35,224.72,48
143616,17952,525.60,92.82,327.68,48
143616,17952,1682.47,91.58,175.67,48
143616,17952,1201.49,91.38,228.76,48
143616,17952,3178.50,89.76,35.20,48
143616,17952,2866.57,89.75,49.61,48
144000,18000,3168.65,86.16,17.35,48
144000,18000,3707.89,90.85,6.33,48
144000,18000,-1566.37,27.27,132.99,48
144000,18000,-2546.23,27.63,277.59,48
144000,18000,2316.88,90.33,95.51,48
144000,18000,-983.57,30.26,94.32,48
144000,18000,3621.29,88.82,15.98,48
144000,18000,3800.71,90.63,5.88,48
144384,18048,-1526.22,28.37,166.92,48
144384,18048,2933.32,87.00,23.13,48
144384,18048,460.33,30.98,13.91,48
144384,18048,-4565.05,28.87,492.72,48
144384,18048,-1394.93,27.77,117.35,48
144384,18048,3056.55,88.06,44.19,48
144384,18048,408.00,28.41,0.32,48
144384,18048,3452.68,85.76,0.21,48
144768,18096,3211.61,87.53,11.40,48
144768,18096,12.37,27.70,14.72,48
144768,18096,2845.61,91.52,38.88,48
144768,18096,630.09,89.45,289.51,48
144768,18096,1382.35,91.55,205.64,48
144768,18096,1469.33,90.74,202.00,48
144768,18096,229.06,26.43,4.20,48
144768,18096,3923.22,90.82,0.31,48
145152,18144,-2049.26,24.57,203.84,48
145152,18144,-638.91,29.41,60.80,48
145152,18144,-467.62,29.05,62.34,48
145152,18144,-728.08,26.13,55.29,48
145152,18144,3602.28,88.65,3.61,48
145152,18144,1598.38,88.33,169.72,48
145152,18144,-94.18,25.17,21.03,48
145152,18144,-2052.33,21.48,180.00,48
145536,18192,3306.96,90.78,28.99,48
145536,18192,-4735.14,27.75,517.72,48
145536,18192,2789.24,88.94,43.61,48
145536,18192,1740.06,91.78,181.57,48
145536,18192,1086.67,88.07,205.85,48
145536,18192,1855.81,89.94,148.55,48
145536,18192,205.58,26.49,13.84,48
145536,18192,385.80,28.45,2.27,48
145920,18240,-1418.02,90.01,531.25,48
145920,18240,-898.90,29.50,94.66,48
145920,18240,-352.99,25.86,35.05,48
145920,18240,1430.62,90.29,191.52,48
145920,18240,3347.59,89.78,56.41,48
145920,18240,3687.86,90.43,1.59,48
145920,18240,-1706.84,28.73,170.38,48
145920,18240,3610.97,89.24,0.92,48
146304,18288,1168.39,90.19,226.13,48
146304,18288,3483.12,88.21,22.64,48
146304,18288,3348.19,87.70,17.80,48
146304,18288,2454.74,90.90,79.87,48
146304,18288,2901.11,91.83,61.69,48
146304,18288,2745.91,89.87,73.78,48
146304,18288,2350.28,91.75,101.41,48
146304,18288,2606.73,90.07,52.68,48
146688,18336,3369.72,89.32,26.19,48
146688,18336,2804.17,90.51,42.05,48
146688,18336,594.57,30.57,4.47,48
146688,18336,1966.25,90.72,134.01,48
146688,18336,2766.72,87.57,30.39,48
146688,18336,2534.78,92.19,83.27,48
146688,18336,3195.44,89.63,39.53,48
146688,18336,3883.88,92.35,7.05,48
147072,18384,3513.25,90.08,11.47,48
147072,18384,2825.13,89.40,63.69,48
147072,18384,2526.32,90.71,91.23,48
147072,18384,2603.38,91.97,68.86,48
147072,18384,3411.77,86.49,0.39,48
147072,18384,2194.91,88.45,107.54,48
147072,18384,-513.03,26.74,42.56,48
147072,18384,-672.66,27.80,69.69,48
147456,18432,2439.16,87.35,53.84,48
147456,18432,320.27,23.05,1.08,48
147456,18432,1571.41,89.20,160.09,48
147456,18432,1971.11,87.91,109.09,48
147456,18432,2345.64,88.72,79.34,48
147456,18432,863.62,90.03,258.31,48
147456,18432,3180.62,88.65,31.83,48
147456,18432,-2345.68,27.21,249.44,48
147840,18480,-233.93,26.49,29.02,48
147840,18480,2798.59,89.52,43.48,48
147840,18480,3224.33,90.92,26.64,48
147840,18480,1949.02,89.17,123.96,48
147840,18480,-1147.52,26.79,95.56,48
147840,18480,3714.09,88.97,5.30,48
147840,18480,-1895.76,24.87,171.62,48
147840,18480,-320.78,25.23,48.14,48
148224,18528,3170.93,89.54,23.74,48
148224,18528,1645.73,89.17,153.02,48
148224,18528,3970.10,92.36,4.17,48
148224,18528,-1076.99,27.98,84.69,48
148224,18528,-1765.17,25.88,164.97,48
148224,18528,2696.36,91.60,51.42,48
148224,18528,2889.61,90.06,41.56,48
148224,18528,-435.11,24.88,26.35,48
148608,18576,2852.13,87.26,59.26,48
148608,18576,3879.93,90.19,1.15,48
148608,18576,2127.27,89.90,102.22,48
148608,18576,3301.02,90.52,24.06,48
148608,18576,3847.06,90.29,4.49,48
148608,18576,1838.32,87.98,128.41,48
148608,18576,2522.57,88.99,81.00,48
148608,18576,2722.21,87.22,47.02,48
148992,18624,1247.27,86.73,174.09,48
148992,18624,1384.76,90.48,185.47,48
148992,18624,-1880.02,23.58,180.76,48
148992,18624,1906.61,91.71,146.28,48
148992,18624,1206.09,89.98,215.37,48
148992,18624,2550.43,88.84,63.78,48
148992,18624,2909.70,89.38,50.32,48
148992,18624,3004.52,89.63,37.86,48
149376,18672,1245.82,89.13,200.64,48
149376,18672,3773.31,91.13,5.01,48
149376,18672,1029.34,89.67,224.34,48
149376,18672,3768.33,90.73,8.79,48
149376,18672,3770.36,88.60,0.00,48
149376,18672,2479.00,90.80,82.35,48
149376,18672,-1377.06,27.69,102.56,48
149376,18672,789.58,89.72,264.09,48
149760,18720,-6636.97,28.80,751.60,48
149760,18720,1548.07,87.55,154.91,48
149760,18720,2475.44,88.55,55.99,48
149760,18720,3379.38,88.95,8.29,48
149760,18720,2706.34,88.02,67.51,48
149760,18720,-2129.84,26.90,191.16,48
149760,18720,3000.94,91.75,71.42,48
149760,18720,3009.15,88.52,52.91,48
150144,18768,-1634.54,27.60,153.94,48
150144,18768,3635.86,88.44,0.78,48
150144,18768,445.64,22.98,0.01,48
150144,18768,-718.05,87.09,422.74,48
150144,18768,2865.22,91.39,57.45,48
150144,18768,1439.62,88.74,185.41,48
150144,18768,2710.38,86.45,62.79,48
150144,18768,-1182.20,25.24,97.88,48
150528,18816,3336.23,85.79,2.26,48
150528,18816,162.85,25.02,13.88,48
150528,18816,-1552.65,25.05,126.14,48
150528,18816,1205.26,90.58,214.54,48
150528,18816,3979.70,90.74,0.00,48
150528,18816,3568.37,89.09,14.80,48
150528,18816,-2518.62,25.19,232.09,48
150528,18816,3482.16,89.21,15.90,48
150912,18864,294.46,29.63,15.73,48
150912,18864,3828.74,91.46,6.15,48
150912,18864,3556.07,88.93,0.25,48
150912,18864,2039.90,89.87,148.76,48
150912,18864,2480.55,89.45,90.53,48
150912,18864,3736.79,88.77,0.31,48
150912,18864,1359.51,89.21,180.39,48
150912,18864,3060.78,90.87,44.47,48
151296,18912,-854.83,24.56,68.78,48
151296,18912,1443.20,90.53,187.29,48
151296,18912,1563.24,90.45,171.63,48
151296,18912,1769.95,91.83,163.16,48
151296,18912,3172.45,90.20,35.53,48
151296,18912,3178.31,88.92,31.79,48
151296,18912,372.79,25.01,9.09,48
151296,18912,2280.58,90.97,101.80,48
151680,18960,-824.41,26.91,67.73,48
151680,18960,-1523.47,24.14,134.57,48
151680,18960,3449.52,87.55,19.96,48
151680,18960,569.31,27.68,0.00,48
151680,18960,3257.81,87.04,15.62,48
151680,18960,3354.97,88.30,11.30,48
151680,18960,-416.73,31.86,50.44,48
151680,18960,693.70,87.40,258.00,48
152064,19008,3776.68,89.19,0.43,48
152064,19008,3965.91,90.28,0.00,48
152064,19008,2116.07,90.01,114.30,48
152064,19008,-435.66,28.21,57.29,48
152064,19008,3227.62,87.47,13.85,48
152064,19008,2924.26,88.74,45.63,48
152064,19008,-2277.96,24.44,208.60,48
152064,19008,-489.38,26.60,56.39,48
152448,19056,2169.86,89.05,95.73,48
152448,19056,2919.82,88.29,33.51,48
152448,19056,3321.39,90.23,19.30,48
152448,19056,-1180.63,30.81,99.87,48
152448,19056,-237.57,26.95,28.47,48
152448,19056,321.68,23.79,0.00,48
152448,19056,-2354.32,90.17,637.56,48
152448,19056,-1464.50,26.31,119.33,48
152832,19104,3421.69,85.53,3.43,48
152832,19104,-855.95,90.70,459.96,48
152832,19104,-2916.28,33.20,333.38,48
152832,19104,-874.96,27.79,83.68,48
152832,19104,2499.65,91.24,93.86,48
152832,19104,3681.33,88.91,1.81,48
152832,19104,1165.33,90.39,215.34,48
152832,19104,1760.29,90.31,153.29,48
153216,19152,3179.84,89.64,22.75,48
153216,19152,2321.84,89.45,93.77,48
153216,19152,364.23,89.47,296.82,48
153216,19152,2982.83,89.71,34.24,48
153216,19152,3801.00,89.03,2.57,48
153216,19152,-1010.58,26.17,71.68,48
153216,19152,2493.91,91.79,82.70,48
153216,19152,3707.75,90.08,7.04,48
153600,19200,-792.99,26.63,76.62,48
153600,19200,3934.49,91.18,0.57,48
153600,19200,369.53,23.82,0.69,48
153600,19200,58.62,31.02,18.07,48
153600,19200,-839.11,25.39,72.71,48
153600,19200,-85.14,25.34,14.07,48
153600,19200,-354.06,23.45,23.17,48
153600,19200,3751.87,90.20,3.22,48
153984,19248,-439.73,24.54,79.44,48
153984,19248,-288.45,21.30,21.23,48
153984,19248,3516.99,90.15,30.79,48
153984,19248,560.23,25.25,4.82,48
153984,19248,1136.75,91.40,239.48,48
153984,19248,3701.56,89.42,2.73,48
153984,19248,-544.67,31.60,48.77,48
153984,19248,-6271.25,27.64,689.92,48
154368,19296,3594.12,89.24,3.10,48
154368,19296,2945.92,88.75,36.64,48
154368,19296,2060.92,89.87,141.64,48
154368,19296,-1968.88,89.70,589.48,48
154368,19296,839.58,89.04,252.00,48
154368,19296,777.67,89.63,265.60,48
154368,19296,69.85,28.37,21.99,48
154368,19296,2861.74,90.65,44.88,48
154752,19344,537.08,27.25,2.39,48
154752,19344,2268.17,92.11,105.02,48
154752,19344,3038.70,88.67,66.79,48
154752,19344,-845.99,26.27,85.39,48
154752,19344,1008.03,88.66,227.45,48
154752,19344,1774.43,90.26,150.68,48
154752,19344,2503.20,90.47,71.79,48
154752,19344,-2286.59,27.98,214.35,48
155136,19392,3631.41,87.71,0.00,48
155136,19392,1813.38,90.29,145.15,48
155136,19392,-870.05,24.71,63.83,48
155136,19392,-237.36,25.77,33.37,48
155136,19392,565.68,90.26,299.98,48
155136,19392,3684.44,88.62,4.46,48
155136,19392,3773.41,89.36,3.71,48
155136,19392,-671.19,25.94,43.89,48
155520,19440,2359.71,89.15,66.74,48
155520,19440,187.55,25.16,11.60,48
155520,19440,2281.22,88.20,80.81,48
155520,19440,1433.98,90.17,193.93,48
155520,19440,2269.18,89.06,76.18,48
155520,19440,-2614.09,27.61,278.35,48
155520,19440,-341.95,89.29,390.75,48
155520,19440,2571.53,88.44,58.59,48
155904,19488,-1124.79,24.15,75.23,48
155904,19488,3807.53,87.68,2.53,48
155904,19488,1766.17,90.33,167.59,48
155904,19488,3867.86,91.92,3.04,48
155904,19488,3254.11,89.89,21.32,48
155904,19488,3092.66,90.95,39.18,48
155904,19488,-255.05,28.05,28.02,48
155904,19488,3510.52,86.93,1.54,48
156288,19536,1542.03,92.65,197.15,48
156288,19536,2893.85,90.86,57.59,48
156288,19536,3781.53,88.58,0.00,48
156288,19536,3640.97,86.35,0.23,48
156288,19536,982.93,89.19,238.25,48
156288,19536,2450.47,89.44,91.86,48
156288,19536,3774.48,90.04,1.92,48
156288,19536,3862.04,90.32,0.31,48
156672,19584,3211.53,89.10,13.82,48
156672,19584,3801.21,90.54,7.38,48
156672,19584,1369.59,88.24,165.78,48
156672,19584,3159.15,90.13,23.97,48
156672,19584,2821.52,90.30,44.20,48
156672,19584,2220.45,88.51,113.73,48
156672,19584,101.53,22.93,9.85,48
156672,19584,2410.65,88.55,58.49,48
157056,19632,3018.05,88.52,31.31,48
157056,19632,-166.96,27.92,21.94,48
157056,19632,40.96,26.98,19.95,48
157056,19632,-1154.06,27.53,113.89,48
157056,19632,-1035.64,25.21,88.47,48
157056,19632,2843.02,91.01,66.22,48
157056,19632,3546.81,90.39,17.55,48
157056,19632,-2670.13,26.69,254.16,48
157440,19680,2327.99,87.36,64.79,48
157440,19680,3563.01,90.50,11.52,48
157440,19680,3227.62,88.73,14.41,48
157440,19680,2545.43,90.83,79.19,48
157440,19680,-536.30,21.25,34.21,48
157440,19680,1058.43,88.39,252.75,48
157440,19680,3719.39,89.07,0.23,48
157440,19680,4052.28,91.74,2.41,48
157824,19728,1892.98,89.24,128.92,48
157824,19728,2068.40,89.79,110.27,48
157824,19728,2017.17,90.02,117.75,48
157824,19728,-291.35,28.82,48.16,48
157824,19728,3024.28,90.23,25.94,48
157824,19728,3765.26,90.47,10.36,48
157824,19728,-171.12,26.23,17.27,48
157824,19728,-1210.73,25.90,105.01,48
158208,19776,-634.33,32.62,78.79,48
158208,19776,491.65,29.12,1.39,48
158208,19776,-912.88,91.30,483.38,48
158208,19776,3683.71,88.02,1.39,48
158208,19776,199.36,90.61,344.19,48
158208,19776,3694.46,89.51,3.72,48
158208,19776,2521.16,89.86,76.41,48
158208,19776,3854.54,89.45,0.15,48
158592,19824,2476.50,88.35,65.80,48
158592,19824,-948.69,25.80,89.74,48
158592,19824,3573.93,90.05,5.54,48
158592,19824,3622.20,89.53,3.91,48
158592,19824,-2490.45,30.78,251.53,48
158592,19824,-4374.02,26.44,480.90,48
158592,19824,814.52,90.30,269.31,48
158592,19824,2977.43,90.01,30.22,48
158976,19872,3129.17,90.44,58.49,48
158976,19872,1524.16,89.27,176.88,48
158976,19872,-461.92,86.26,383.74,48
158976,19872,2641.55,89.09,67.28,48
158976,19872,3949.41,92.34,1.00,48
158976,19872,451.38,24.99,0.19,48
158976,19872,352.51,27.75,0.90,48
158976,19872,3065.35,89.45,37.53,48
159360,19920,3813.74,88.70,0.00,48
159360,19920,1145.81,90.36,223.26,48
159360,19920,3549.18,87.96,3.24,48
159360,19920,-2290.88,89.77,629.82,48
159360,19920,3106.39,88.41,13.59,48
159360,19920,-2103.88,26.69,214.40,48
159360,19920,1909.82,87.84,107.02,48
159360,19920,3987.84,93.08,2.74,48
159744,19968,239.53,28.48,6.53,48
159744,19968,558.67,29.38,1.17,48
159744,19968,-678.03,30.71,94.70,48
159744,19968,2427.15,85.83,52.12,48
159744,19968,909.92,87.15,227.04,48
159744,19968,600.41,23.78,0.78,48
159744,19968,2220.72,90.88,100.10,48
159744,19968,-115.68,24.93,20.32,48
160128,20016,453.64,25.33,0.18,48
160128,20016,2466.38,89.32,67.43,48
160128,20016,4014.03,91.23,3.32,48
160128,20016,-2361.56,28.75,239.05,48
160128,20016,125.94,26.49,8.32,48
160128,20016,1872.20,90.14,129.22,48
160128,20016,3374.90,85.49,7.95,48
160128,20016,3209.41,87.67,12.77,48
160512,20064,-3143.42,89.27,723.97,48
160512,20064,-1431.40,90.40,535.61,48
160512,20064,3605.26,90.05,3.02,48
160512,20064,3194.72,85.85,13.31,48
160512,20064,3680.31,87.42,0.00,48
160512,20064,1009.50,91.09,242.74,48
160512,20064,1375.88,90.97,202.49,48
160512,20064,3712.30,89.52,1.41,48
160896,20112,3653.09,90.63,9.56,48
160896,20112,-346.74,29.06,26.74,48
160896,20112,-3886.32,24.88,407.24,48
160896,20112,-364.50,24.60,39.54,48
160896,20112,2978.32,91.77,57.48,48
160896,20112,-372.30,26.28,26.05,48
160896,20112,3405.09,89.26,10.96,48
160896,20112,-918.56,29.10,78.68,48
161280,20160,3484.59,90.84,40.91,48
161280,20160,479.90,24.41,0.88,48
161280,20160,-860.28,89.87,461.80,48
161280,20160,3866.94,90.18,0.00,48
161280,20160,3764.74,90.21,1.54,48
161280,20160,451.58,26.41,6.24,48
161280,20160,4108.57,91.55,0.00,48
161280,20160,3858.74,89.42,1.59,48
161664,20208,3118.54,88.57,24.11,48
161664,20208,-2319.76,27.81,238.45,48
161664,20208,911.43,89.68,244.62,48
161664,20208,3268.70,87.93,10.36,48
161664,20208,3335.02,91.15,40.07,48
161664,20208,2728.56,89.44,50.77,48
161664,20208,-206.39,27.74,19.62,48
161664,20208,2972.78,87.83,34.41,48
162048,20256,-3098.56,29.71,329.41,48
162048,20256,192.48,29.66,15.61,48
162048,20256,1345.90,89.97,198.53,48
162048,20256,3146.46,88.89,24.63,48
162048,20256,3375.16,89.26,18.68,48
162048,20256,3567.26,87.55,2.18,48
162048,20256,-650.18,24.81,48.33,48
162048,20256,-418.94,25.43,41.79,48
162432,20304,-488.19,29.31,48.78,48
162432,20304,1908.37,89.79,139.30,48
162432,20304,3711.17,87.44,0.00,48
162432,20304,827.53,92.26,281.05,48
162432,20304,-1443.24,24.42,117.06,48
162432,20304,-823.22,26.18,71.91,48
162432,20304,4045.86,91.88,1.24,48
162432,20304,2886.57,87.16,42.41,48
162816,20352,-4913.48,23.51,526.26,48
162816,20352,1872.52,90.41,149.02,48
162816,20352,3886.53,90.42,1.00,48
162816,20352,-526.51,21.00,26.59,48
162816,20352,-71.08,25.30,21.80,48
162816,20352,-2875.51,29.33,298.67,48
162816,20352,595.14,27.29,0.00,48
162816,20352,3655.54,88.10,0.47,48
163200,20400,3639.15,88.54,1.32,48
163200,20400,1956.43,90.95,136.44,48
163200,20400,3561.78,91.81,8.97,48
163200,20400,2569.35,89.17,74.40,48
163200,20400,-4347.98,27.33,468.64,48
163200,20400,-1185.27,22.67,98.24,48
163200,20400,1414.91,90.24,186.38,48
163200,20400,3717.69,90.68,5.65,48
163584,20448,378.80,24.64,2.18,48
163584,20448,-1760.08,25.88,155.87,48
163584,20448,-2219.17,28.48,212.97,48
163584,20448,145.43,24.95,8.18,48
163584,20448,-2057.43,30.34,190.32,48
163584,20448,2283.23,89.07,76.04,48
163584,20448,2047.61,85.89,103.99,48
163584,20448,-776.37,31.06,76.30,48
163968,20496,1387.83,89.66,181.83,48
163968,20496,-1955.79,25.51,166.74,48
163968,20496,3458.44,88.35,3.76,48
163968,20496,490.31,22.96,1.14,48
163968,20496,3749.32,88.54,5.44,48
163968,20496,3939.07,90.67,0.31,48
163968,20496,3131.06,90.04,12.38,48
163968,20496,2824.49,91.46,98.68,48
164352,20544,1920.84,86.65,100.16,48
164352,20544,-1358.39,88.69,507.28,48
164352,20544,3643.46,88.71,15.63,48
164352,20544,3555.64,90.24,9.80,48
164352,20544,3581.63,89.03,11.67,48
164352,20544,1982.26,90.18,115.91,48
164352,20544,2182.95,90.28,115.47,48
164352,20544,-314.18,22.13,36.19,48
164736,20592,3424.79,88.70,28.79,48
164736,20592,1105.41,87.39,211.43,48
164736,20592,1856.93,89.79,131.58,48
164736,20592,3554.24,90.24,14.57,48
164736,20592,3281.81,87.89,26.34,48
164736,20592,3774.00,88.50,0.00,48
164736,20592,3251.27,87.21,13.09,48
164736,20592,-698.44,23.62,43.02,48
165120,20640,3342.61,91.17,22.02,48
165120,20640,-2226.95,89.11,618.78,48
165120,20640,3286.60,90.41,30.55,48
165120,20640,3448.61,87.94,25.40,48
165120,20640,353.61,24.24,2.65,48
165120,20640,2865.32,88.96,44.49,48
165120,20640,2099.28,91.24,117.49,48
165120,20640,3555.19,89.69,25.64,48
165504,20688,1979.36,89.31,112.66,48
165504,20688,3077.59,86.08,22.50,48
165504,20688,3747.12,89.47,3.75,48
165504,20688,1615.11,87.08,141.36,48
165504,20688,3345.12,87.57,13.93,48
165504,20688,2041.55,86.03,84.58,48
165504,20688,-1815.46,25.88,170.41,48
165504,20688,3637.62,86.04,0.10,48
165888,20736,-2835.52,28.24,287.52,48
165888,20736,1436.26,85.50,143.66,48
165888,20736,2559.33,88.93,56.03,48
165888,20736,221.19,25.33,6.55,48
165888,20736,265.86,25.27,5.28,48
165888,20736,2779.13,86.77,27.51,48
165888,20736,3110.92,89.01,24.21,48
165888,20736,-90.51,25.46,18.11,48
166272,20784,2910.05,90.36,31.02,48
166272,20784,3494.47,89.79,9.51,48
166272,20784,2247.67,85.63,88.33,48
166272,20784,3339.75,88.46,8.83,48
166272,20784,3785.48,89.17,0.00,48
166272,20784,1490.01,90.47,180.49,48
166272,20784,1824.62,89.51,135.56,48
166272,20784,3445.44,88.21,8.93,48
166656,20832,-1215.68,28.91,105.66,48
166656,20832,-268.80,28.57,35.16,48
166656,20832,41.65,29.46,23.84,48
166656,20832,-1110.43,22.08,67.45,48
166656,20832,1382.50,87.60,173.99,48
166656,20832,-2406.81,87.60,620.19,48
166656,20832,3319.85,87.89,15.69,48
166656,20832,752.25,91.15,271.53,48
167040,20880,1548.17,88.39,160.24,48
167040,20880,118.75,22.95,3.67,48
167040,20880,-498.67,25.12,35.52,48
167040,20880,3511.49,85.58,0.00,48
167040,20880,2937.72,86.56,45.53,48
167040,20880,2550.40,90.46,71.88,48
167040,20880,2684.94,87.55,38.58,48
167040,20880,2528.43,89.44,46.21,48
167424,20928,-144.14,24.58,35.60,48
167424,20928,3775.70,90.31,1.90,48
167424,20928,-183.51,24.39,55.26,48
167424,20928,309.67,23.90,0.87,48
167424,20928,2962.58,89.37,27.23,48
167424,20928,-1552.66,22.67,129.52,48
167424,20928,1786.66,87.75,118.17,48
167424,20928,422.44,24.79,0.88,48
167808,20976,3252.41,88.93,36.97,48
167808,20976,3520.20,86.40,3.70,48
167808,20976,-1052.29,23.82,96.12,48
167808,20976,2543.21,87.33,53.33,48
167808,20976,2527.07,89.37,68.59,48
167808,20976,2397.66,87.15,61.14,48
167808,20976,2860.38,87.86,30.12,48
167808,20976,3119.62,91.34,45.56,48
168192,21024,-2054.03,28.89,209.80,48
168192,21024,-1484.02,27.23,143.61,48
168192,21024,-953.31,25.03,73.23,48
168192,21024,3575.27,89.76,13.89,48
168192,21024,3258.98,88.96,26.76,48
168192,21024,217.04,24.78,3.57,48
168192,21024,3088.76,89.52,47.25,48
168192,21024,-1187.30,26.86,106.36,48
168576,21072,3671.66,89.31,1.70,48
168576,21072,2182.12,88.85,88.19,48
168576,21072,-1332.11,22.46,105.86,48
168576,21072,2666.61,89.50,74.70,48
168576,21072,107.01,26.74,12.59,48
168576,21072,-530.76,88.00,392.93,48
168576,21072,3330.46,89.93,21.78,48
168576,21072,3096.94,87.58,23.36,48
168960,21120,1498.68,88.18,166.07,48
168960,21120,1279.52,90.36,207.61,48
168960,21120,2040.36,89.16,105.39,48
168960,21120,-919.61,26.34,75.91,48
168960,21120,3302.72,86.80,19.38,48
168960,21120,259.07,24.90,7.29,48
168960,21120,3259.91,88.29,28.33,48
168960,21120,359.74,25.52,3.50,48
169344,21168,2541.10,90.82,76.81,48
169344,21168,-2137.20,29.86,214.39,48
169344,21168,-1267.72,26.73,106.73,48
169344,21168,-1037.56,22.23,58.50,48
169344,21168,3833.03,89.53,0.55,48
169344,21168,1191.08,87.34,199.85,48
169344,21168,2555.50,90.72,72.93,48
169344,21168,544.31,24.59,0.26,48
169728,21216,2151.07,89.13,96.36,48
169728,21216,3633.74,90.42,8.58,48
169728,21216,409.70,21.70,0.79,48
169728,21216,2512.25,88.70,73.35,48
169728,21216,-893.85,25.51,64.24,48
169728,21216,-2500.76,89.89,659.73,48
169728,21216,-166.40,24.88,31.25,48
169728,21216,392.75,25.07,2.20,48
170112,21264,-2289.47,28.06,211.88,48
170112,21264,3994.42,90.23,0.68,48
170112,21264,-1462.08,26.97,119.88,48
170112,21264,215.50,23.99,3.67,48
170112,21264,2928.48,88.36,31.82,48
170112,21264,3350.86,87.63,10.73,48
170112,21264,2675.30,91.91,69.48,48
170112,21264,1722.17,87.93,135.74,48
170496,21312,-3904.61,26.11,428.48,48
170496,21312,3311.90,88.83,16.36,48
170496,21312,2175.33,86.96,75.76,48
170496,21312,3773.03,89.71,0.19,48
170496,21312,1121.95,91.18,232.88,48
170496,21312,3961.45,91.26,0.28,48
170496,21312,163.79,28.67,9.94,48
170496,21312,367.93,25.82,4.48,48
170880,21360,2930.27,88.68,38.67,48
170880,21360,1554.75,91.07,183.17,48
170880,21360,3517.74,88.94,5.33,48
170880,21360,261.14,30.55,10.70,48
170880,21360,3328.31,86.55,7.50,48
170880,21360,3438.63,87.45,11.05,48
170880,21360,-102.71,23.58,22.34,48
170880,21360,1774.41,87.50,123.30,48
171264,21408,2663.85,86.93,50.52,48
171264,21408,3032.46,91.83,37.56,48
171264,21408,2439.42,91.77,103.59,48
171264,21408,-2273.23,27.51,236.60,48
171264,21408,3332.94,87.77,8.97,48
171264,21408,1805.08,89.17,130.51,48
171264,21408,3489.35,90.16,29.45,48
171264,21408,-923.94,27.83,84.96,48
171648,21456,3275.38,90.97,31.19,48
171648,21456,-2136.34,24.72,209.67,48
171648,21456,3923.77,91.09,4.81,48
171648,21456,474.83,89.03,284.91,48
171648,21456,227.60,21.28,2.26,48
171648,21456,-1012.38,23.45,99.64,48
171648,21456,3968.82,90.75,1.01,48
171648,21456,2852.31,91.00,62.78,48
172032,21504,3687.52,89.17,3.90,48
172032,21504,1657.33,90.74,173.77,48
172032,21504,3172.49,89.05,13.51,48
172032,21504,-1499.65,24.92,142.99,48
172032,21504,-1974.57,27.93,188.59,48
172032,21504,3363.62,88.50,11.06,48
172032,21504,2715.63,90.05,63.05,48
172032,21504,2744.63,87.64,37.45,48
172416,21552,3590.83,86.28,0.00,48
172416,21552,3213.04,88.79,30.62,48
172416,21552,3765.65,89.90,0.83,48
172416,21552,-2761.87,25.41,258.83,48
172416,21552,-4061.10,27.19,446.99,48
172416,21552,2084.93,90.90,129.85,48
172416,21552,324.54,22.21,2.81,48
172416,21552,360.26,27.93,0.00,48
172800,21600,3787.57,90.35,0.39,48
172800,21600,1439.14,88.55,174.05,48
172800,21600,3651.39,86.94,7.09,48
172800,21600,2417.98,89.30,71.50,48
172800,21600,3579.17,90.69,6.87,48
172800,21600,-1461.99,25.05,120.93,48
172800,21600,2022.28,90.77,128.14,48
172800,21600,-205.42,26.50,34.76,48
173184,21648,-585.04,26.24,65.93,48
173184,21648,1255.31,90.79,217.08,48
173184,21648,3230.96,88.37,20.05,48
173184,21648,450.25,25.84,5.19,48
173184,21648,3574.72,90.04,11.18,48
173184,21648,-2071.71,25.55,185.37,48
173184,21648,-712.12,26.29,60.03,48
173184,21648,1168.22,90.95,234.63,48
173568,21696,2552.51,90.93,90.48,48
173568,21696,-713.71,25.53,73.37,48
173568,21696,1512.61,90.42,183.89,48
173568,21696,398.62,28.56,3.72,48
173568,21696,-333.44,21.74,33.20,48
173568,21696,3454.44,85.81,5.91,48
173568,21696,2738.98,89.41,46.95,48
173568,21696,2838.20,88.38,39.75,48
173952,21744,-1470.70,87.49,522.17,48
173952,21744,210.72,22.72,22.21,48
173952,21744,3607.26,90.11,6.91,48
173952,21744,-169.79,25.56,20.05,48
173952,21744,1730.04,90.71,162.19,48
173952,21744,-760.15,25.56,53.03,48
173952,21744,207.44,28.67,7.39,48
173952,21744,2838.70,87.18,44.00,48
174336,21792,-1170.97,23.83,90.49,48
174336,21792,3760.11,87.17,0.00,48
174336,21792,3022.37,91.06,35.96,48
174336,21792,383.97,24.21,1.39,48
174336,21792,3525.45,90.08,13.45,48
174336,21792,-775.15,27.30,52.34,48
174336,21792,1170.83,89.25,217.76,48
174336,21792,3654.01,89.34,3.62,48
174720,21840,3978.93,91.34,4.89,48
174720,21840,-2340.82,90.48,643.08,48
174720,21840,3807.03,89.84,0.39,48
174720,21840,3542.28,87.02,4.91,48
174720,21840,150.89,25.61,17.70,48
174720,21840,1731.00,89.57,145.31,48
174720,21840,3303.60,89.96,28.11,48
174720,21840,2929.67,89.99,27.14,48
175104,21888,2518.98,87.44,69.16,48
175104,21888,1414.34,89.89,192.40,48
175104,21888,3200.86,90.48,34.47,48
175104,21888,441.04,26.19,0.28,48
175104,21888,-888.06,24.79,59.92,48
175104,21888,743.46,90.40,271.69,48
175104,21888,-2316.45,25.32,211.27,48
175104,21888,-515.38,23.51,48.30,48
175488,21936,1825.97,89.68,134.61,48
175488,21936,1431.48,89.00,175.40,48
175488,21936,-3951.76,25.13,430.02,48
175488,21936,-470.94,27.69,73.81,48
175488,21936,-521.74,86.21,408.70,48
175488,21936,3769.91,91.25,9.20,48
175488,21936,-765.51,28.88,67.66,48
175488,21936,3199.07,85.03,20.04,48
175872,21984,2167.19,87.03,79.34,48
175872,21984,-866.27,25.00,68.28,48
175872,21984,1639.45,87.67,152.39,48
175872,21984,-1296.18,29.78,108.51,48
175872,21984,3523.65,90.20,10.89,48
175872,21984,3234.64,87.84,26.14,48
175872,21984,496.73,25.05,0.43,48
175872,21984,262.02,25.60,11.73,48
176256,22032,228.69,25.41,11.38,48
176256,22032,-2719.02,25.92,258.30,48
176256,22032,2912.08,89.43,70.23,48
176256,22032,2722.99,87.46,41.93,48
176256,22032,3301.56,91.12,35.14,48
176256,22032,3761.71,87.96,0.00,48
176256,22032,1485.79,86.66,150.17,48
176256,22032,2318.26,88.91,74.87,48
176640,22080,-2117.03,90.93,627.79,48
176640,22080,3850.57,89.79,0.72,48
176640,22080,2366.06,89.52,89.24,48
176640,22080,3784.64,88.97,2.26,48
176640,22080,561.34,28.92,0.31,48
176640,22080,1037.95,87.86,213.78,48
176640,22080,325.74,25.93,2.18,48
176640,22080,1067.31,87.58,201.65,48
177024,22128,-5001.14,23.88,546.49,48
177024,22128,-2207.24,27.49,237.95,48
177024,22128,3242.98,86.88,9.73,48
177024,22128,2996.67,87.65,20.73,48
177024,22128,1309.73,87.45,202.78,48
177024,22128,319.86,25.67,3.99,48
177024,22128,3762.64,88.64,0.23,48
177024,22128,-1079.46,25.63,98.13,48
177408,22176,3129.97,86.76,27.99,48
177408,22176,2305.55,89.30,84.94,48
177408,22176,3846.63,89.31,0.69,48
177408,22176,-613.71,26.28,54.18,48
177408,22176,3384.66,89.80,18.03,48
177408,22176,3823.01,90.68,1.65,48
177408,22176,2089.66,88.56,91.52,48
177408,22176,-568.30,26.33,67.61,48
177792,22224,-2701.90,28.74,290.99,48
177792,22224,1434.49,88.90,176.21,48
177792,22224,3618.22,86.90,2.53,48
177792,22224,3625.39,88.47,2.53,48
177792,22224,3237.86,87.27,12.58,48
177792,22224,3547.02,87.75,6.45,48
177792,22224,-968.33,25.32,71.70,48
177792,22224,-1086.10,26.48,91.43,48
178176,22272,360.21,26.10,10.27,48
178176,22272,-2183.55,89.96,616.37,48
178176,22272,-873.75,91.69,478.66,48
178176,22272,2979.44,88.58,41.38,48
178176,22272,2549.95,87.49,41.76,48
178176,22272,-2078.23,31.01,195.21,48
178176,22272,3225.20,90.75,22.90,48
178176,22272,1764.55,90.96,152.61,48
178560,22320,3619.86,88.66,4.36,48
178560,22320,3522.17,91.11,18.72,48
178560,22320,882.33,87.50,228.34,48
178560,22320,3494.19,86.81,6.42,48
178560,22320,3681.38,90.68,4.91,48
178560,22320,-334.06,28.44,41.47,48
178560,22320,3123.53,89.07,25.27,48
178560,22320,3853.92,91.51,4.15,48
178944,22368,3927.17,90.27,1.21,48
178944,22368,3187.08,87.84,10.27,48
178944,22368,2700.17,90.01,96.85,48
178944,22368,-1507.55,87.62,522.91,48
178944,22368,3868.23,89.92,0.56,48
178944,22368,-2528.92,24.66,246.52,48
178944,22368,4035.68,91.52,1.37,48
178944,22368,513.81,27.78,4.83,48
179328,22416,1161.56,88.45,205.21,48
179328,22416,-2240.47,26.85,216.86,48
179328,22416,-588.22,21.68,32.85,48
179328,22416,-1742.20,23.70,137.50,48
179328,22416,3357.09,89.09,24.00,48
179328,22416,2868.44,89.76,47.70,48
179328,22416,3045.21,89.99,46.92,48
179328,22416,3018.45,88.84,41.65,48
179712,22464,190.08,25.74,7.81,48
179712,22464,3088.71,89.83,29.74,48
179712,22464,347.54,24.74,3.84,48
179712,22464,3686.73,86.97,0.00,48
179712,22464,-2671.14,90.00,692.56,48
179712,22464,1920.77,87.72,112.90,48
179712,22464,-160.27,25.29,25.81,48
179712,22464,-366.89,30.06,50.65,48
180096,22512,3220.68,89.34,27.14,48
180096,22512,1908.36,88.62,127.47,48
180096,22512,3817.96,89.39,8.47,48
180096,22512,477.71,26.99,1.38,48
180096,22512,3726.54,88.03,0.28,48
180096,22512,3293.26,89.21,22.65,48
180096,22512,1690.60,89.58,162.95,48
180096,22512,3428.43,90.21,15.43,48
180480,22560,3797.13,88.15,0.00,48
180480,22560,3159.74,88.30,56.15,48
180480,22560,2411.97,88.72,76.50,48
180480,22560,-495.30,24.77,44.91,48
180480,22560,3362.26,90.60,23.87,48
180480,22560,2183.57,86.66,86.78,48
180480,22560,875.85,91.42,284.75,48
180480,22560,1556.04,87.57,155.46,48
180864,22608,1420.15,86.34,160.00,48
180864,22608,-90.19,25.42,8.85,48
180864,22608,2580.53,87.03,60.18,48
180864,22608,-1897.80,86.77,556.25,48
180864,22608,2546.25,89.62,67.86,48
180864,22608,3632.59,91.36,18.96,48
180864,22608,-1485.80,29.40,149.94,48
180864,22608,2991.14,89.27,35.66,48
181248,22656,1975.94,86.99,102.45,48
181248,22656,337.16,25.64,2.41,48
181248,22656,2389.16,87.92,68.51,48
181248,22656,3788.94,89.81,0.68,48
181248,22656,-1838.24,26.28,177.01,48
181248,22656,2688.27,87.29,47.18,48
181248,22656,2892.55,90.64,46.68,48
181248,22656,3656.01,89.24,10.95,48
181632,22704,-1008.16,24.49,56.58,48
181632,22704,491.95,27.15,3.40,48
181632,22704,-683.42,27.63,71.88,48
181632,22704,1506.47,87.40,163.28,48
181632,22704,2755.67,88.47,35.12,48
181632,22704,3324.64,89.86,28.35,48
181632,22704,3259.65,84.43,14.83,48
181632,22704,3286.34,89.34,26.50,48
182016,22752,186.29,25.99,2.19,48
182016,22752,3269.19,86.90,31.35,48
182016,22752,626.50,88.63,264.12,48
182016,22752,3230.58,87.97,13.35,48
182016,22752,-639.62,18.06,26.41,48
182016,22752,-2184.10,25.83,221.71,48
182016,22752,2935.84,90.38,27.04,48
182016,22752,3704.58,90.06,10.46,48
182400,22800,1553.76,88.99,167.15,48
182400,22800,3453.54,87.62,17.86,48
182400,22800,-84.71,25.08,8.59,48
182400,22800,-475.25,25.51,36.66,48
182400,22800,3004.13,89.57,66.67,48
182400,22800,553.24,28.04,1.61,48
182400,22800,1962.05,88.90,108.11,48
182400,22800,342.65,27.60,9.08,48
182784,22848,2645.13,89.20,62.17,48
182784,22848,3677.86,89.02,0.81,48
182784,22848,2710.62,90.33,56.14,48
182784,22848,3568.27,87.65,14.07,48
182784,22848,-2645.99,29.16,280.46,48
182784,22848,3692.71,88.81,5.15,48
182784,22848,2586.18,88.44,39.14,48
182784,22848,414.60,25.10,1.34,48
183168,22896,2541.85,88.51,62.96,48
183168,22896,3378.21,84.20,1.34,48
183168,22896,2066.78,88.64,96.72,48
183168,22896,2415.97,85.81,71.03,48
183168,22896,621.97,27.46,0.01,48
183168,22896,561.85,26.21,3.24,48
183168,22896,3602.40,89.21,8.97,48
183168,22896,2374.82,89.89,94.53,48
183552,22944,2409.72,87.86,67.55,48
183552,22944,3436.63,88.15,5.99,48
183552,22944,1981.80,91.11,145.63,48
183552,22944,-2439.56,29.75,279.69,48
183552,22944,3933.21,91.73,2.69,48
183552,22944,1528.84,88.49,162.81,48
183552,22944,628.28,26.45,0.00,48
183552,22944,682.60,90.75,283.90,48
183936,22992,-572.57,88.96,411.63,48
183936,22992,-552.25,27.38,62.78,48
183936,22992,3048.34,88.51,31.42,48
183936,22992,3280.33,87.18,6.94,48
183936,22992,3556.51,87.75,1.30,48
183936,22992,2483.03,88.46,59.05,48
183936,22992,-261.91,26.37,24.28,48
183936,22992,2278.39,86.78,79.28,48
184320,23040,-1684.89,27.38,170.12,48
184320,23040,1455.94,89.55,180.15,48
184320,23040,141.55,24.37,16.24,48
184320,23040,2527.70,89.19,56.30,48
184320,23040,-1119.45,25.30,80.67,48
184320,23040,-1951.47,87.30,562.16,48
184320,23040,-223.58,88.63,369.46,48
184320,23040,-327.74,27.01,34.68,48
184704,23088,-883.91,26.89,77.65,48
184704,23088,2837.35,87.97,50.83,48
184704,23088,-580.87,21.35,44.37,48
184704,23088,-676.09,26.96,55.49,48
184704,23088,-609.83,87.89,414.31,48
184704,23088,2650.91,87.97,39.51,48
184704,23088,3607.21,91.59,14.72,48
184704,23088,2686.61,88.28,66.60,48
185088,23136,438.76,24.32,1.01,48
185088,23136,3836.65,89.84,2.55,48
185088,23136,3151.97,88.93,44.46,48
185088,23136,3969.55,90.60,3.53,48
185088,23136,78.63,29.94,16.17,48
185088,23136,3024.00,89.12,32.01,48
185088,23136,-165.38,24.42,19.53,48
185088,23136,3524.79,87.42,0.78,48
185472,23184,2290.35,90.66,116.51,48
185472,23184,3019.97,86.85,36.76,48
185472,23184,3674.65,87.94,0.00,48
185472,23184,2870.57,90.09,45.63,48
185472,23184,3318.85,90.09,26.70,48
185472,23184,3678.34,88.48,0.76,48
185472,23184,3025.07,87.05,39.26,48
185472,23184,-1198.55,26.72,90.72,48
185856,23232,2578.39,88.60,60.26,48
185856,23232,2673.90,87.58,73.71,48
185856,23232,3760.68,90.42,7.37,48
185856,23232,347.05,25.53,0.28,48
185856,23232,3389.60,87.42,10.91,48
185856,23232,279.06,25.39,8.76,48
185856,23232,-2500.95,28.03,277.60,48
185856,23232,3703.14,88.05,6.55,48
186240,23280,2252.85,88.58,86.03,48
186240,23280,3834.17,91.83,1.55,48
186240,23280,-723.22,27.38,53.05,48
186240,23280,-407.57,26.39,47.13,48
186240,23280,-304.31,23.18,25.42,48
186240,23280,3868.73,88.39,0.23,48
186240,23280,-512.01,86.56,395.86,48
186240,23280,3138.92,89.22,18.90,48
186624,23328,3402.45,87.18,6.54,48
186624,23328,2514.71,89.19,61.30,48
186624,23328,3062.05,86.79,18.99,48
186624,23328,-1961.83,23.75,182.76,48
186624,23328,3750.66,89.30,3.03,48
186624,23328,2246.01,89.02,87.96,48
186624,23328,-98.86,87.57,353.73,48
186624,23328,-833.04,27.25,62.57,48
187008,23376,-928.94,24.43,71.62,48
187008,23376,-955.08,31.05,93.25,48
187008,23376,3848.28,89.59,0.00,48
187008,23376,2170.78,90.96,125.29,48
187008,23376,2657.43,86.95,48.64,48
187008,23376,3916.10,90.60,2.91,48
187008,23376,3316.71,88.18,11.74,48
187008,23376,3868.07,89.68,0.00,48
187392,23424,307.57,23.88,1.60,48
187392,23424,2173.14,90.85,107.12,48
187392,23424,-2443.48,29.25,256.11,48
187392,23424,2589.95,85.98,35.04,48
187392,23424,2872.04,87.64,28.66,48
187392,23424,-806.68,88.71,445.56,48
187392,23424,-548.84,29.48,54.94,48
187392,23424,3529.45,87.62,4.37,48
187776,23472,2377.45,90.37,78.66,48
187776,23472,2491.13,87.41,50.08,48
187776,23472,-1348.95,26.11,113.86,48
187776,23472,3244.77,88.90,27.74,48
187776,23472,2224.31,87.68,90.74,48
187776,23472,1291.54,85.71,163.95,48
187776,23472,3124.83,89.90,36.22,48
187776,23472,-366.61,25.39,41.78,48
188160,23520,-2569.46,27.67,283.70,48
188160,23520,2484.37,90.07,76.42,48
188160,23520,-1188.16,27.57,91.60,48
188160,23520,-311.69,25.32,35.60,48
188160,23520,3558.42,88.49,18.56,48
188160,23520,1609.34,88.80,155.66,48
188160,23520,-2258.35,26.14,207.20,48
188160,23520,2730.23,87.87,54.13,48
188544,23568,3826.33,89.28,0.13,48
188544,23568,3360.41,87.23,17.50,48
188544,23568,-724.04,27.35,66.93,48
188544,23568,2973.26,86.87,35.66,48
188544,23568,3854.19,91.81,4.52,48
188544,23568,1145.78,91.93,240.02,48
188544,23568,430.42,25.80,0.76,48
188544,23568,-2455.75,27.62,245.49,48
188928,23616,2470.57,87.55,54.30,48
188928,23616,-325.63,26.17,35.75,48
188928,23616,3085.13,86.90,15.05,48
188928,23616,-670.55,28.82,95.19,48
188928,23616,988.87,88.39,224.80,48
188928,23616,-2288.58,25.91,204.84,48
188928,23616,3425.01,88.62,12.41,48
188928,23616,-1423.01,26.66,126.11,48
189312,23664,1139.47,87.55,197.26,48
189312,23664,419.80,28.51,0.25,48
189312,23664,-6030.42,29.06,671.25,48
189312,23664,1692.97,90.25,158.33,48
189312,23664,2509.51,89.44,67.28,48
189312,23664,3569.88,87.42,1.01,48
189312,23664,-584.41,24.25,71.00,48
189312,23664,3021.82,89.36,35.66,48
189696,23712,-62.16,28.03,27.55,48
189696,23712,507.41,23.30,0.83,48
189696,23712,3406.28,88.50,13.15,48
189696,23712,3657.30,87.85,4.20,48
189696,23712,3668.31,90.50,15.68,48
189696,23712,-232.98,30.52,46.43,48
189696,23712,3735.77,87.79,1.22,48
189696,23712,2398.38,89.22,64.92,48
190080,23760,2443.85,90.47,96.03,48
190080,23760,2910.00,87.10,17.40,48
190080,23760,-1885.50,23.60,171.48,48
190080,23760,2888.89,89.35,87.16,48
190080,23760,3635.00,90.14,8.44,48
190080,23760,-236.05,26.60,25.59,48
190080,23760,3471.28,90.68,12.50,48
190080,23760,2851.84,87.68,35.79,48
190464,23808,441.14,28.75,9.93,48
190464,23808,2573.04,85.96,62.18,48
190464,23808,562.51,23.89,0.00,48
190464,23808,3821.01,89.31,3.11,48
190464,23808,3149.18,89.23,35.91,48
190464,23808,1286.96,89.91,202.23,48
190464,23808,-1263.53,26.09,103.14,48
190464,23808,-1866.67,23.46,155.21,48
190848,23856,-2484.21,88.68,645.73,48
190848,23856,-972.91,26.62,83.06,48
190848,23856,1082.51,88.05,204.60,48
190848,23856,3265.86,88.25,29.86,48
190848,23856,4015.41,90.45,0.00,48
190848,23856,3492.75,89.08,5.46,48
190848,23856,689.75,90.18,275.40,48
190848,23856,-2385.70,25.46,233.10,48
191232,23904,-333.80,22.45,59.19,48
191232,23904,2642.88,89.88,76.44,48
191232,23904,-191.66,27.08,17.36,48
191232,23904,1317.53,88.02,179.01,48
191232,23904,-521.80,21.16,37.54,48
191232,23904,-2001.70,26.82,195.57,48
191232,23904,61.19,32.15,34.89,48
191232,23904,3926.33,90.71,0.71,48
191616,23952,2758.40,90.47,65.74,48
191616,23952,3675.54,89.79,8.23,48
191616,23952,3910.19,90.35,0.31,48
191616,23952,635.77,90.00,284.09,48
191616,23952,2472.26,86.93,71.31,48
191616,23952,2827.31,88.77,41.40,48
191616,23952,3677.98,89.46,2.66,48
191616,23952,224.40,25.67,4.05,48
192000,24000,1796.23,88.94,144.67,48
192000,24000,3738.25,88.37,0.05,48
192000,24000,2739.15,87.58,38.67,48
192000,24000,3570.77,88.37,3.72,48
192000,24000,3840.37,89.11,3.36,48
192000,24000,2739.02,89.04,52.06,48
192000,24000,3664.10,88.74,0.00,48
192000,24000,1248.49,88.65,200.50,48
192384,24048,2483.98,89.28,78.11,48
192384,24048,-44.91,23.08,9.39,48
192384,24048,3841.10,90.07,4.88,48
192384,24048,68.29,24.56,29.82,48
192384,24048,2956.38,90.98,42.55,48
192384,24048,-293.94,27.79,38.06,48
192384,24048,3214.49,89.46,38.17,48
192384,24048,3644.27,89.02,8.91,48
192768,24096,719.30,30.35,0.31,48
192768,24096,2671.58,91.29,57.28,48
192768,24096,1758.57,86.86,116.90,48
192768,24096,-422.60,26.53,50.06,48
192768,24096,3277.32,86.75,13.79,48
192768,24096,2813.99,88.14,65.74,48
192768,24096,-2330.95,23.95,214.70,48
192768,24096,971.17,89.62,225.00,48
193152,24144,-2550.90,27.40,269.72,48
193152,24144,3736.62,87.98,0.60,48
193152,24144,3259.97,88.39,17.98,48
193152,24144,-122.00,27.30,27.99,48
193152,24144,1729.51,84.91,116.30,48
193152,24144,3915.28,90.66,0.62,48
193152,24144,3492.25,89.31,5.64,48
193152,24144,-1341.16,28.62,125.09,48
193536,24192,2146.65,89.92,99.35,48
193536,24192,982.88,87.86,227.43,48
193536,24192,51.39,26.81,12.60,48
193536,24192,1111.72,89.53,219.50,48
193536,24192,2344.97,87.46,60.54,48
193536,24192,-3146.38,28.57,308.02,48
193536,24192,2723.19,88.78,67.17,48
193536,24192,-3710.12,24.13,388.62,48
193920,24240,3921.15,89.78,0.60,48
193920,24240,1443.17,88.25,168.28,48
193920,24240,3462.84,90.28,17.96,48
193920,24240,212.94,28.10,13.26,48
193920,24240,3375.56,86.71,8.59,48
193920,24240,1639.57,88.70,152.72,48
193920,24240,3276.17,90.10,39.54,48
193920,24240,3156.20,89.41,25.43,48
194304,24288,1976.08,88.83,114.78,48
194304,24288,-968.71,26.51,101.93,48
194304,24288,1041.18,89.04,229.74,48
194304,24288,2825.54,87.77,30.53,48
194304,24288,3820.12,89.20,0.10,48
194304,24288,-1947.97,30.54,197.38,48
194304,24288,348.28,24.46,5.94,48
194304,24288,2057.37,92.28,151.44,48
194688,24336,3224.06,90.66,27.02,48
194688,24336,2788.40,90.27,46.61,48
194688,24336,3263.98,86.28,6.05,48
194688,24336,-120.41,25.83,46.30,48
194688,24336,3270.80,89.11,36.18,48
194688,24336,2534.12,89.81,95.24,48
194688,24336,2546.36,88.09,60.35,48
194688,24336,-2540.45,30.94,270.60,48
195072,24384,3233.37,88.45,10.80,48
195072,24384,545.30,87.29,272.30,48
195072,24384,-333.61,26.42,26.44,48
195072,24384,-1503.23,24.02,128.84,48
195072,24384,2320.81,90.54,77.08,48
195072,24384,3545.30,88.08,11.93,48
195072,24384,128.85,29.38,11.86,48
195072,24384,3663.57,88.56,2.44,48
195456,24432,2794.52,86.73,27.24,48
195456,24432,1349.23,90.16,201.46,48
195456,24432,-684.83,21.50,45.47,48
195456,24432,-519.77,23.52,30.58,48
195456,24432,2218.32,86.20,72.53,48
195456,24432,-1803.79,28.78,209.94,48
195456,24432,3595.40,88.34,20.24,48
195456,24432,3401.89,87.71,12.86,48
195840,24480,-572.62,89.23,415.42,48
195840,24480,3736.13,90.09,6.65,48
195840,24480,-306.67,26.66,44.51,48
195840,24480,2293.50,91.73,107.36,48
195840,24480,2891.77,89.21,30.57,48
195840,24480,3826.42,88.35,0.54,48
195840,24480,2675.32,88.65,63.59,48
195840,24480,3396.86,89.00,29.21,48
196224,24528,72.21,29.32,20.42,48
196224,24528,977.64,88.68,233.42,48
196224,24528,2880.13,91.29,55.81,48
196224,24528,3960.89,92.76,8.48,48
196224,24528,3236.18,88.37,25.82,48
196224,24528,1804.69,90.72,157.03,48
196224,24528,2579.30,89.04,42.89,48
196224,24528,3296.04,85.68,2.68,48
196608,24576,2626.59,88.46,50.88,48
196608,24576,-597.70,25.56,83.89,48
196608,24576,-2404.54,26.07,236.27,48
196608,24576,2909.78,89.84,43.09,48
196608,24576,1272.58,90.16,219.49,48
196608,24576,3201.17,86.86,19.12,48
196608,24576,3591.65,87.99,1.21,48
196608,24576,3222.83,89.28,28.97,48
196992,24624,3045.83,88.68,15.52,48
196992,24624,-355.46,88.62,390.82,48
196992,24624,299.99,24.72,0.00,48
196992,24624,-1369.16,28.41,133.91,48
196992,24624,-228.54,88.30,364.72,48
196992,24624,21.02,24.94,14.78,48
196992,24624,1520.62,86.07,142.81,48
196992,24624,433.76,24.68,0.72,48
197376,24672,3719.62,87.62,0.83,48
197376,24672,2318.47,87.76,71.13,48
197376,24672,3803.43,88.93,0.61,48
197376,24672,3696.77,87.25,0.88,48
197376,24672,2139.84,87.03,85.03,48
197376,24672,3659.97,88.61,0.23,48
197376,24672,3563.74,86.10,0.32,48
197376,24672,1845.63,88.02,118.57,48
197760,24720,2999.26,88.83,33.91,48
197760,24720,-859.73,23.92,64.82,48
197760,24720,-542.38,27.79,38.03,48
197760,24720,-511.33,21.94,29.59,48
197760,24720,-4114.96,25.92,424.32,48
197760,24720,3223.91,89.36,25.19,48
197760,24720,3653.32,86.92,4.41,48
197760,24720,-677.49,86.19,410.41,48
198144,24768,3485.25,85.55,5.51,48
198144,24768,3538.51,85.54,0.60,48
198144,24768,2030.18,90.38,130.63,48
198144,24768,-1415.59,21.23,118.78,48
198144,24768,3918.27,89.77,0.00,48
198144,24768,1856.62,90.59,151.68,48
198144,24768,2415.25,90.37,76.96,48
198144,24768,3371.63,83.81,0.61,48
198528,24816,-2345.88,28.03,239.16,48
198528,24816,366.66,25.86,2.30,48
198528,24816,3477.51,88.37,7.45,48
198528,24816,-1032.91,25.21,79.11,48
198528,24816,-1663.54,25.63,134.70,48
198528,24816,2838.40,85.05,15.58,48
198528,24816,221.43,22.78,3.02,48
198528,24816,1273.04,87.04,179.96,48
198912,24864,3539.59,88.47,2.38,48
198912,24864,-2264.29,25.93,220.78,48
198912,24864,3482.53,87.45,3.50,48
198912,24864,120.07,25.17,10.01,48
198912,24864,-2461.91,28.17,269.80,48
198912,24864,2876.89,84.87,18.82,48
198912,24864,2199.46,87.37,82.93,48
198912,24864,3501.26,89.31,29.58,48
199296,24912,-1981.93,25.72,189.57,48
199296,24912,2355.09,87.03,81.18,48
199296,24912,273.01,23.12,2.36,48
199296,24912,-1075.43,22.00,73.16,48
199296,24912,3718.34,87.63,0.00,48
199296,24912,3405.78,90.12,19.20,48
199296,24912,459.15,23.47,2.20,48
199296,24912,-1218.87,22.70,92.91,48
199680,24960,-813.02,24.67,59.22,48
199680,24960,3695.25,87.72,0.00,48
199680,24960,3544.42,89.17,5.15,48
199680,24960,1658.76,90.34,163.76,48
199680,24960,-665.25,22.74,48.96,48
199680,24960,3867.34,89.95,0.31,48
199680,24960,3608.58,87.74,2.58,48
199680,24960,2312.23,89.11,78.38,48
200064,25008,3523.16,89.35,12.93,48
200064,25008,1990.66,87.91,105.34,48
200064,25008,3862.13,90.35,1.38,48
200064,25008,-1058.83,25.88,101.82,48
200064,25008,-1861.79,26.57,193.25,48
200064,25008,2451.73,90.65,80.08,48
200064,25008,441.66,26.29,11.72,48
200064,25008,3735.84,89.10,1.46,48
200448,25056,-1020.63,27.46,104.13,48
200448,25056,-991.64,20.99,77.32,48
200448,25056,54.09,25.18,22.99,48
200448,25056,2949.49,89.22,51.45,48
200448,25056,3726.88,89.39,1.38,48
200448,25056,3617.92,85.71,0.00,48
200448,25056,2654.34,88.41,49.61,48
200448,25056,-1100.38,23.06,85.60,48
200832,25104,-4996.50,21.87,548.11,48
200832,25104,2741.68,87.13,34.29,48
200832,25104,3159.69,86.14,25.18,48
200832,25104,3801.43,90.04,3.61,48
200832,25104,1718.29,87.52,135.20,48
200832,25104,-2325.63,89.01,613.14,48
200832,25104,81.12,26.27,13.22,48
200832,25104,1627.51,85.64,127.70,48
201216,25152,3587.27,86.71,0.33,48
201216,25152,580.56,86.91,251.63,48
201216,25152,438.54,26.14,0.00,48
201216,25152,-2270.27,88.83,611.58,48
201216,25152,3303.65,90.69,18.78,48
201216,25152,1370.56,88.81,177.52,48
201216,25152,-844.00,89.51,449.96,48
201216,25152,3086.35,87.82,21.70,48
201600,25200,-1691.54,26.50,144.13,48
201600,25200,3405.24,87.35,19.67,48
201600,25200,3303.82,88.59,14.87,48
201600,25200,2548.75,88.06,75.32,48
201600,25200,3262.43,89.62,31.83,48
201600,25200,303.30,23.54,0.28,48
201600,25200,2690.84,87.17,28.76,48
201600,25200,3152.52,92.34,33.14,48
201984,25248,2085.15,86.09,101.38,48
201984,25248,2524.16,87.57,59.29,48
201984,25248,3262.63,89.31,16.15,48
201984,25248,-1495.66,24.58,128.34,48
201984,25248,2993.13,88.51,41.03,48
201984,25248,3513.52,88.26,1.92,48
201984,25248,1516.13,86.11,143.95,48
201984,25248,2790.41,85.60,44.51,48
202368,25296,-414.92,26.85,45.03,48
202368,25296,2114.43,91.73,135.08,48
202368,25296,3490.72,87.52,6.17,48
202368,25296,1276.00,87.44,176.06,48
202368,25296,891.96,90.38,258.71,48
202368,25296,2926.17,90.30,41.90,48
202368,25296,3602.13,87.52,3.10,48
202368,25296,317.90,22.55,0.27,48
202752,25344,439.20,24.53,3.03,48
202752,25344,1069.80,89.88,236.66,48
202752,25344,-1976.45,89.27,595.90,48
202752,25344,3679.10,90.12,13.33,48
202752,25344,-1210.59,26.30,97.55,48
202752,25344,2466.11,86.76,53.85,48
202752,25344,3683.28,89.08,0.58,48
202752,25344,-725.69,91.99,467.08,48
203136,25392,-845.01,25.94,89.45,48
203136,25392,3630.64,87.35,0.25,48
203136,25392,-1230.30,23.68,99.46,48
203136,25392,1245.40,88.14,199.69,48
203136,25392,1669.87,89.29,158.51,48
203136,25392,1958.58,88.14,102.19,48
203136,25392,3645.60,89.23,19.47,48
203136,25392,2114.01,87.20,87.59,48
203520,25440,3753.22,89.04,0.27,48
203520,25440,331.71,22.51,1.10,48
203520,25440,2708.28,88.03,56.28,48
203520,25440,1237.51,87.98,192.81,48
203520,25440,3928.79,90.88,2.09,48
203520,25440,-882.37,26.27,90.42,48
203520,25440,3646.24,88.39,2.70,48
203520,25440,-1600.18,24.89,157.85,48
203904,25488,-1847.04,88.23,583.16,48
203904,25488,2096.47,91.20,137.24,48
203904,25488,468.51,23.97,0.33,48
203904,25488,3404.89,86.45,9.75,48
203904,25488,3937.27,90.57,2.41,48
203904,25488,2697.52,88.04,45.55,48
203904,25488,3678.83,89.24,7.74,48
203904,25488,-1212.83,30.17,110.72,48
204288,25536,2068.92,86.66,102.03,48
204288,25536,-320.95,21.17,18.13,48
204288,25536,326.76,26.13,5.94,48
204288,25536,1884.25,87.55,111.59,48
204288,25536,-342.65,26.13,36.10,48
204288,25536,3631.02,89.72,3.18,48
204288,25536,2986.44,89.72,50.64,48
204288,25536,1195.70,88.37,198.64,48
204672,25584,3873.46,90.27,1.45,48
204672,25584,1163.94,89.75,211.75,48
204672,25584,3697.42,88.22,1.89,48
204672,25584,465.27,23.88,0.61,48
204672,25584,-382.31,25.30,21.40,48
204672,25584,-483.00,23.94,34.32,48
204672,25584,2428.40,85.82,48.76,48
204672,25584,528.91,25.88,0.33,48
205056,25632,-2297.86,23.56,203.61,48
205056,25632,3061.93,87.83,26.48,48
205056,25632,3330.49,89.05,17.32,48
205056,25632,3165.29,91.19,40.92,48
205056,25632,-127.65,27.14,13.49,48
205056,25632,3315.39,89.97,17.83,48
205056,25632,41.00,87.26,332.11,48
205056,25632,3025.86,85.67,16.91,48
205440,25680,3760.91,88.28,1.46,48
205440,25680,3761.83,88.48,0.00,48
205440,25680,-895.03,22.92,55.40,48
205440,25680,2604.31,87.36,54.09,48
205440,25680,-5133.46,23.25,558.97,48
205440,25680,1825.73,89.62,142.93,48
205440,25680,3485.61,86.17,3.96,48
205440,25680,3127.62,86.23,19.69,48
205824,25728,1784.58,87.27,128.34,48
205824,25728,2512.24,86.89,57.33,48
205824,25728,3280.45,86.10,28.73,48
205824,25728,3553.15,86.71,3.22,48
205824,25728,2778.99,87.35,39.14,48
205824,25728,-781.50,23.19,44.98,48
205824,25728,3150.10,91.45,34.40,48
205824,25728,-5661.97,24.69,619.95,48
206208,25776,-408.26,26.88,47.56,48
206208,25776,346.90,27.72,5.25,48
206208,25776,3608.71,87.68,6.27,48
206208,25776,83.74,22.96,27.16,48
206208,25776,-1543.06,24.40,143.56,48
206208,25776,1354.35,88.31,182.84,48
206208,25776,2640.62,88.47,69.07,48
206208,25776,3751.10,88.39,0.31,48
206592,25824,3614.08,88.62,5.76,48
206592,25824,2052.56,89.03,107.14,48
206592,25824,-1028.42,25.24,68.59,48
206592,25824,3601.20,90.21,10.57,48
206592,25824,-1339.85,23.26,109.59,48
206592,25824,3065.76,88.67,18.72,48
206592,25824,2925.93,90.35,46.60,48
206592,25824,3652.40,87.86,1.27,48
206976,25872,2553.01,88.42,83.30,48
206976,25872,3671.36,89.25,9.02,48
206976,25872,1576.42,85.76,135.98,48
206976,25872,-4278.77,28.40,481.41,48
206976,25872,-1526.25,23.00,139.71,48
206976,25872,-2107.26,23.18,193.01,48
206976,25872,-150.85,24.26,14.26,48
206976,25872,2770.66,85.68,33.78,48
207360,25920,2765.26,86.91,37.45,48
207360,25920,3022.94,89.95,28.50,48
207360,25920,-99.34,23.67,16.52,48
207360,25920,1407.22,85.92,162.36,48
207360,25920,2654.84,88.29,57.16,48
207360,25920,-70.17,23.82,37.94,48
207360,25920,1262.60,87.31,179.89,48
207360,25920,3078.54,89.59,38.84,48
207744,25968,-589.84,23.40,50.16,48
207744,25968,-449.92,20.46,23.74,48
207744,25968,509.49,22.13,0.38,48
207744,25968,395.00,22.45,0.28,48
207744,25968,3339.92,87.94,23.08,48
207744,25968,1373.41,87.18,192.14,48
207744,25968,959.78,89.10,231.64,48
207744,25968,442.99,26.29,0.87,48
208128,26016,-1678.60,86.57,526.91,48
208128,26016,-1227.60,26.75,98.17,48
208128,26016,228.87,24.95,2.10,48
208128,26016,2993.64,86.51,40.41,48
208128,26016,379.12,23.88,0.26,48
208128,26016,3578.51,86.65,3.03,48
208128,26016,-96.23,22.04,22.05,48
208128,26016,-114.68,23.61,5.17,48
208512,26064,3628.30,87.50,0.00,48
208512,26064,3482.09,84.93,0.09,48
208512,26064,3706.95,85.44,0.00,48
208512,26064,3736.78,88.57,4.55,48
208512,26064,2294.41,87.86,90.74,48
208512,26064,2493.12,86.90,54.59,48
208512,26064,3171.56,87.11,14.08,48
208512,26064,3821.81,89.46,0.00,48
208896,26112,-427.99,25.62,43.45,48
208896,26112,3659.94,88.22,1.16,48
208896,26112,2677.45,88.63,52.76,48
208896,26112,3786.35,87.33,0.25,48
208896,26112,-1328.32,23.22,114.94,48
208896,26112,-146.84,24.28,27.41,48
208896,26112,1844.94,89.24,135.68,48
208896,26112,-528.62,26.34,38.76,48
209280,26160,-393.98,23.25,26.60,48
209280,26160,1882.67,87.59,117.86,48
209280,26160,3241.79,87.76,7.75,48
209280,26160,3359.79,84.56,1.80,48
209280,26160,-2585.07,28.27,273.97,48
209280,26160,2126.73,87.43,89.33,48
209280,26160,270.38,24.82,4.96,48
209280,26160,-2896.17,27.05,283.32,48
209664,26208,555.10,26.50,0.00,48
209664,26208,2314.05,88.80,94.15,48
209664,26208,-733.13,86.14,401.08,48
209664,26208,3689.87,89.63,7.14,48
209664,26208,-49.65,89.43,361.13,48
209664,26208,2655.43,88.34,46.54,48
209664,26208,3447.86,86.03,1.31,48
209664,26208,3281.42,89.95,39.49,48
210048,26256,2070.56,89.87,115.46,48
210048,26256,2839.38,90.02,58.43,48
210048,26256,-86.77,88.22,348.44,48
210048,26256,3588.20,87.27,0.56,48
210048,26256,-186.76,86.63,348.74,48
210048,26256,3587.21,88.01,5.71,48
210048,26256,-87.67,25.97,9.55,48
210048,26256,2406.19,89.96,75.67,48
210432,26304,2684.55,88.30,48.73,48
210432,26304,3766.17,90.15,1.66,48
210432,26304,2537.44,83.99,54.07,48
210432,26304,2966.19,86.31,35.49,48
210432,26304,2997.64,86.61,45.28,48
210432,26304,538.44,23.36,0.32,48
210432,26304,1211.46,89.49,214.20,48
210432,26304,-175.00,26.13,35.51,48
210816,26352,2535.06,87.67,50.18,48
210816,26352,2139.51,87.50,92.58,48
210816,26352,2597.46,86.76,45.96,48
210816,26352,3056.07,86.56,14.55,48
210816,26352,2574.51,90.13,74.44,48
210816,26352,2531.05,87.35,53.36,48
210816,26352,-891.51,23.77,55.01,48
210816,26352,268.81,21.67,5.86,48
211200,26400,2290.48,90.41,96.66,48
211200,26400,1844.64,87.18,139.78,48
211200,26400,96.55,20.54,0.64,48
211200,26400,2755.70,87.36,32.36,48
211200,26400,1478.67,88.50,178.59,48
211200,26400,3150.91,86.67,25.05,48
211200,26400,403.31,30.33,3.13,48
211200,26400,2765.30,86.08,51.29,48
211584,26448,1890.35,88.27,117.44,48
211584,26448,3016.29,89.61,35.35,48
211584,26448,2225.05,89.91,108.64,48
211584,26448,2826.48,84.69,17.27,48
211584,26448,-190.00,26.95,32.49,48
211584,26448,3886.53,88.60,0.00,48
211584,26448,-537.82,22.24,33.02,48
211584,26448,3253.09,88.69,31.18,48
211968,26496,-1265.67,26.89,99.10,48
211968,26496,3506.66,87.29,8.06,48
211968,26496,3585.16,86.68,0.80,48
211968,26496,3219.93,87.20,3.69,48
211968,26496,-969.84,22.21,87.17,48
211968,26496,-4299.92,26.99,460.92,48
211968,26496,3407.37,84.79,2.15,48
211968,26496,3602.11,86.85,1.24,48
212352,26544,3811.91,88.10,0.00,48
212352,26544,3597.37,86.53,0.27,48
212352,26544,3410.81,87.86,7.36,48
212352,26544,3748.93,89.13,3.96,48
212352,26544,2167.80,86.36,67.82,48
212352,26544,2862.87,90.02,53.00,48
212352,26544,3524.91,87.65,6.00,48
212352,26544,312.97,19.69,1.01,48
212736,26592,3070.26,85.21,13.17,48
212736,26592,2942.62,90.73,55.95,48
212736,26592,3732.19,88.96,0.28,48
212736,26592,-715.85,25.43,63.45,48
212736,26592,275.38,23.05,3.33,48
212736,26592,-1018.62,25.00,89.40,48
212736,26592,367.53,25.60,1.31,48
212736,26592,-477.17,25.76,31.08,48
213120,26640,-1568.54,26.86,139.99,48
213120,26640,3992.11,90.64,0.02,48
213120,26640,-548.39,26.07,37.87,48
213120,26640,2609.45,89.82,80.70,48
213120,26640,-892.44,24.81,58.83,48
213120,26640,3900.39,91.82,2.01,48
213120,26640,2742.70,85.46,29.04,48
213120,26640,3350.84,86.97,11.07,48
213504,26688,3249.32,83.10,0.68,48
213504,26688,3686.33,88.87,6.12,48
213504,26688,-1831.93,87.93,565.57,48
213504,26688,3919.35,89.28,0.00,48
213504,26688,3032.39,91.75,63.50,48
213504,26688,2784.84,84.95,17.43,48
213504,26688,-567.71,24.40,39.43,48
213504,26688,284.42,23.75,0.27,48
213888,26736,3269.99,86.88,16.17,48
213888,26736,2457.80,87.24,59.67,48
213888,26736,-1700.60,24.12,140.90,48
213888,26736,1601.71,87.38,155.46,48
213888,26736,-1405.56,23.60,113.43,48
213888,26736,3642.95,87.57,0.43,48
213888,26736,2514.44,86.56,78.20,48
213888,26736,-2510.41,25.31,242.38,48
214272,26784,2423.51,87.93,59.47,48
214272,26784,2002.99,87.93,111.42,48
214272,26784,3644.59,88.82,2.16,48
214272,26784,1494.11,88.54,178.74,48
214272,26784,1849.88,87.23,121.52,48
214272,26784,368.81,26.11,0.43,48
214272,26784,-69.04,88.00,348.28,48
214272,26784,463.07,27.99,4.20,48
214656,26832,13.03,88.56,345.02,48
214656,26832,769.65,89.18,251.77,48
214656,26832,-242.40,26.53,44.99,48
214656,26832,2168.47,88.67,94.21,48
214656,26832,2550.00,86.27,45.18,48
214656,26832,3283.57,88.47,23.19,48
214656,26832,1903.46,86.98,106.01,48
214656,26832,3004.36,89.23,51.46,48
215040,26880,2043.35,87.06,91.75,48
215040,26880,-496.56,20.70,25.97,48
215040,26880,1626.18,87.26,140.90,48
215040,26880,3321.95,85.32,4.49,48
215040,26880,3271.79,87.21,13.65,48
215040,26880,3594.04,88.09,3.25,48
215040,26880,2469.65,87.45,79.70,48
215040,26880,2183.44,87.50,89.53,48
215424,26928,-151.07,28.14,55.50,48
215424,26928,3121.34,85.87,29.89,48
215424,26928,2161.95,86.30,74.84,48
215424,26928,1945.55,87.20,125.49,48
215424,26928,2482.71,87.06,50.86,48
215424,26928,3731.13,88.42,0.10,48
215424,26928,-1518.71,24.54,130.55,48
215424,26928,3681.14,88.69,6.59,48
215808,26976,3593.11,87.06,3.65,48
215808,26976,3762.24,88.96,2.41,48
215808,26976,3172.26,88.58,54.18,48
215808,26976,2457.07,86.34,54.78,48
215808,26976,1757.36,88.58,141.16,48
215808,26976,2258.18,86.96,90.66,48
215808,26976,1405.57,89.34,188.61,48
215808,26976,-991.66,29.65,109.55,48
216192,27024,-39.39,23.72,30.81,48
216192,27024,1809.83,85.36,104.82,48
216192,27024,3569.09,85.60,0.95,48
216192,27024,3518.56,87.29,5.09,48
216192,27024,3418.63,85.59,0.65,48
216192,27024,2603.47,86.80,60.53,48
216192,27024,-725.36,87.85,426.74,48
216192,27024,3286.98,86.64,8.97,48
216576,27072,1372.34,88.00,187.55,48
216576,27072,2278.24,91.89,118.11,48
216576,27072,2409.23,86.88,86.07,48
216576,27072,-2063.61,24.65,203.12,48
216576,27072,3585.87,86.13,0.10,48
216576,27072,-868.72,21.68,67.47,48
216576,27072,-703.89,26.02,46.52,48
216576,27072,3343.86,88.28,18.98,48
216960,27120,2814.11,86.99,33.21,48
216960,27120,2527.75,86.67,45.23,48
216960,27120,2369.63,88.66,62.36,48
216960,27120,3490.35,86.50,21.21,48
216960,27120,673.61,25.85,1.37,48
216960,27120,1520.33,87.77,155.00,48
216960,27120,2111.47,89.37,100.85,48
216960,27120,3502.43,84.70,0.00,48
217344,27168,3847.04,88.99,0.23,48
217344,27168,370.28,25.05,0.84,48
217344,27168,3049.12,85.42,27.61,48
217344,27168,3780.29,89.39,0.35,48
217344,27168,-215.66,23.49,28.30,48
217344,27168,1556.77,87.43,169.38,48
217344,27168,-1068.68,25.31,89.96,48
217344,27168,3298.34,84.36,2.90,48
217728,27216,4061.35,91.18,0.18,48
217728,27216,-2203.35,25.06,225.24,48
217728,27216,-1961.58,21.35,154.91,48
217728,27216,3711.28,88.44,0.05,48
217728,27216,-199.98,85.90,342.46,48
217728,27216,2751.73,90.64,48.33,48
217728,27216,3352.27,85.93,13.79,48
217728,27216,2493.72,84.82,58.20,48
218112,27264,455.38,22.88,0.43,48
218112,27264,-418.76,25.98,42.29,48
218112,27264,3107.82,87.89,38.44,48
218112,27264,2471.00,88.57,55.18,48
218112,27264,257.76,23.74,0.80,48
218112,27264,3646.15,86.08,1.43,48
218112,27264,214.52,23.30,4.28,48
218112,27264,-2128.05,87.75,606.67,48
218496,27312,1370.76,90.92,204.23,48
218496,27312,3970.45,89.37,0.00,48
218496,27312,-285.44,87.60,363.80,48
218496,27312,-1910.06,24.00,190.31,48
218496,27312,1438.58,88.49,191.25,48
218496,27312,2219.74,90.75,114.68,48
218496,27312,-4064.76,26.09,457.81,48
218496,27312,1415.91,86.47,163.26,48
218880,27360,-1130.83,24.04,80.24,48
218880,27360,-1870.67,26.38,169.74,48
218880,27360,3031.20,88.96,32.82,48
218880,27360,1624.13,89.59,157.79,48
218880,27360,-2319.31,24.48,201.53,48
218880,27360,2487.71,89.09,61.13,48
218880,27360,3008.28,85.51,15.64,48
218880,27360,320.38,21.01,0.71,48
219264,27408,3657.88,87.22,0.32,48
219264,27408,3741.52,87.44,0.00,48
219264,27408,3580.53,89.14,3.96,48
219264,27408,-1218.47,22.72,99.54,48
219264,27408,3551.29,87.49,9.73,48
219264,27408,3900.34,89.55,0.72,48
219264,27408,-1670.37,23.60,133.93,48
219264,27408,2735.48,90.11,52.13,48
219648,27456,1419.85,86.09,172.20,48
219648,27456,-417.75,21.61,15.48,48
219648,27456,-5174.63,23.72,575.69,48
219648,27456,2604.37,88.22,48.42,48
219648,27456,-1848.45,24.32,175.35,48
219648,27456,3769.89,89.32,5.08,48
219648,27456,1949.31,86.33,123.95,48
219648,27456,2664.83,88.17,45.06,48
220032,27504,465.48,24.92,0.18,48
220032,27504,3458.15,88.94,7.45,48
220032,27504,984.42,87.01,204.37,48
220032,27504,-2357.15,90.21,639.40,48
220032,27504,-418.65,22.55,35.55,48
220032,27504,-814.83,22.24,52.62,48
220032,27504,4036.15,90.99,0.00,48
220032,27504,1338.92,89.26,191.90,48
220416,27552,3604.17,86.45,1.52,48
220416,27552,3710.29,87.25,0.00,48
220416,27552,376.78,22.86,0.00,48
220416,27552,427.71,22.88,1.24,48
220416,27552,2962.23,87.89,40.73,48
220416,27552,3770.99,88.56,0.00,48
220416,27552,3474.90,87.32,5.42,48
220416,27552,-2406.97,23.00,215.58,48
220800,27600,-2548.87,26.04,254.68,48
220800,27600,3177.80,84.52,31.35,48
220800,27600,2329.88,89.55,108.32,48
220800,27600,-170.87,87.67,370.61,48
220800,27600,-416.63,23.93,46.51,48
220800,27600,443.43,26.19,5.13,48
220800,27600,3811.93,89.07,0.00,48
220800,27600,3624.18,87.16,1.31,48
221184,27648,2372.05,89.21,68.37,48
221184,27648,3747.99,88.71,1.24,48
221184,27648,316.23,26.22,0.00,48
221184,27648,1853.48,86.96,124.62,48
221184,27648,3627.18,86.55,1.55,48
221184,27648,1857.10,87.00,118.54,48
221184,27648,3527.89,89.11,8.48,48
221184,27648,3722.14,89.87,13.37,48
221568,27696,3344.96,87.22,11.61,48
221568,27696,-323.88,21.85,38.73,48
221568,27696,945.90,89.24,245.04,48
221568,27696,-92.75,28.15,22.51,48
221568,27696,183.95,28.22,22.77,48
221568,27696,-1017.92,25.66,96.36,48
221568,27696,2806.24,88.63,28.43,48
221568,27696,-2281.11,25.85,233.86,48
221952,27744,3255.33,86.58,13.95,48
221952,27744,3900.81,90.72,0.28,48
221952,27744,-503.26,24.22,48.31,48
221952,27744,1726.61,86.36,134.69,48
221952,27744,3270.86,86.38,6.75,48
221952,27744,439.59,24.75,0.18,48
221952,27744,-328.42,88.31,366.98,48
221952,27744,-307.33,23.41,45.30,48
222336,27792,337.68,23.66,0.01,48
222336,27792,-348.99,24.07,17.82,48
222336,27792,3482.72,87.65,7.82,48
222336,27792,-291.65,23.88,25.21,48
222336,27792,2785.30,87.26,49.49,48
222336,27792,3726.61,89.47,1.92,48
222336,27792,3669.10,87.37,0.31,48
222336,27792,3764.40,89.54,8.21,48
222720,27840,-485.75,20.47,28.41,48
222720,27840,347.22,21.67,0.00,48
222720,27840,473.93,24.25,0.69,48
222720,27840,3633.24,87.59,8.32,48
222720,27840,-1269.44,25.02,119.27,48
222720,27840,2470.68,88.75,65.25,48
222720,27840,3821.34,89.32,0.58,48
222720,27840,252.63,23.57,4.27,48
223104,27888,-66.14,23.05,35.52,48
223104,27888,3509.76,86.38,16.78,48
223104,27888,3826.46,88.98,0.28,48
223104,27888,2533.52,86.78,41.81,48
223104,27888,2048.14,86.88,90.49,48
223104,27888,3508.13,86.23,5.74,48
223104,27888,2083.52,85.30,81.62,48
223104,27888,-2019.00,24.15,180.61,48
223488,27936,3768.71,90.37,8.31,48
223488,27936,369.02,25.46,1.02,48
223488,27936,122.99,22.86,11.74,48
223488,27936,1613.99,87.76,139.98,48
223488,27936,-4940.15,23.80,543.77,48
223488,27936,2300.99,87.08,62.72,48
223488,27936,-148.66,23.06,21.69,48
223488,27936,281.93,83.76,272.54,48
223872,27984,3470.19,86.75,0.31,48
223872,27984,3297.82,89.94,32.53,48
223872,27984,2344.63,88.76,77.36,48
223872,27984,373.39,29.36,1.61,48
223872,27984,3575.26,87.90,2.80,48
223872,27984,3033.52,88.02,25.18,48
223872,27984,1205.03,89.19,209.37,48
223872,27984,2028.34,88.72,107.16,48
224256,28032,1605.18,87.03,163.13,48
224256,28032,2147.06,89.98,105.74,48
224256,28032,-911.45,26.16,86.66,48
224256,28032,2056.66,89.85,125.99,48
224256,28032,-770.11,23.71,52.62,48
224256,28032,2682.61,88.88,46.66,48
224256,28032,274.84,23.29,4.05,48
224256,28032,2958.88,87.58,54.88,48
224640,28080,867.81,87.32,220.74,48
224640,28080,2567.96,88.90,81.70,48
224640,28080,3570.70,89.30,8.23,48
224640,28080,3739.25,88.25,0.01,48
224640,28080,-666.59,25.76,59.64,48
224640,28080,2438.79,88.38,51.12,48
224640,28080,3787.84,89.92,4.78,48
224640,28080,-563.73,25.58,40.50,48
225024,28128,129.15,22.89,15.17,48
225024,28128,2520.32,87.24,51.56,48
225024,28128,2813.11,86.92,52.86,48
225024,28128,1785.72,86.99,129.35,48
225024,28128,629.00,28.14,0.28,48
225024,28128,3689.30,87.19,0.00,48
225024,28128,333.81,24.87,3.23,48
225024,28128,1268.87,87.80,187.84,48
225408,28176,225.25,26.57,0.26,48
225408,28176,3223.96,88.65,26.20,48
225408,28176,2662.74,86.73,55.61,48
225408,28176,-299.34,24.07,23.79,48
225408,28176,313.65,24.11,6.14,48
225408,28176,3535.88,87.29,5.51,48
225408,28176,3430.95,88.09,10.73,48
225408,28176,3599.76,89.30,10.41,48
225792,28224,-763.41,28.13,64.64,48
225792,28224,3516.42,86.17,1.29,48
225792,28224,91.51,27.18,10.29,48
225792,28224,350.52,24.75,3.32,48
225792,28224,3141.38,87.76,38.52,48
225792,28224,3918.67,89.87,0.00,48
225792,28224,2769.36,87.05,52.09,48
225792,28224,-538.42,26.70,33.48,48
226176,28272,-5292.15,24.47,568.79,48
226176,28272,505.59,24.21,0.32,48
226176,28272,3348.91,85.37,6.21,48
226176,28272,-5637.29,25.96,632.92,48
226176,28272,404.80,23.89,1.37,48
226176,28272,3662.72,89.02,9.17,48
226176,28272,3436.17,86.43,5.80,48
226176,28272,-931.38,24.17,61.29,48
226560,28320,3569.74,86.09,1.21,48
226560,28320,-1437.99,24.48,130.29,48
226560,28320,2409.98,88.57,76.51,48
226560,28320,2285.30,88.05,78.07,48
226560,28320,-2253.61,87.75,609.17,48
226560,28320,1169.12,89.07,228.27,48
226560,28320,3728.73,88.97,1.21,48
226560,28320,3723.36,86.66,0.68,48
226944,28368,3788.46,88.76,2.27,48
226944,28368,-175.26,22.44,25.48,48
226944,28368,3756.58,89.63,4.27,48
226944,28368,3752.87,87.83,0.10,48
226944,28368,-918.28,25.51,70.45,48
226944,28368,3756.15,87.08,0.19,48
226944,28368,3397.65,86.38,18.80,48
226944,28368,3845.76,89.23,0.00,48
227328,28416,1263.15,88.24,197.82,48
227328,28416,980.09,85.83,187.59,48
227328,28416,1272.61,88.95,205.69,48
227328,28416,3687.48,87.25,1.84,48
227328,28416,3825.09,90.01,0.41,48
227328,28416,3760.69,88.72,0.32,48
227328,28416,2261.18,85.95,65.44,48
227328,28416,3293.52,85.85,1.98,48
227712,28464,2849.06,86.64,24.08,48
227712,28464,1919.74,84.35,89.06,48
227712,28464,-336.27,88.14,382.54,48
227712,28464,3114.34,86.46,15.26,48
227712,28464,1255.24,87.05,190.08,48
227712,28464,2927.06,87.13,22.64,48
227712,28464,2215.47,86.83,83.81,48
227712,28464,3663.51,88.95,0.71,48
228096,28512,-1913.91,85.14,533.83,48
228096,28512,453.98,27.68,5.16,48
228096,28512,2641.86,91.86,77.35,48
228096,28512,1597.86,85.77,138.96,48
228096,28512,2995.28,90.84,58.86,48
228096,28512,1738.53,84.40,112.19,48
228096,28512,3424.75,88.25,7.28,48
228096,28512,3852.80,88.43,0.43,48
228480,28560,1407.19,89.24,184.16,48
228480,28560,2733.60,89.69,53.71,48
228480,28560,372.19,26.05,0.57,48
228480,28560,2035.90,87.35,105.59,48
228480,28560,-766.93,25.38,64.86,48
228480,28560,2601.46,87.34,58.26,48
228480,28560,-2404.94,24.18,226.08,48
228480,28560,-1854.79,28.33,187.90,48
228864,28608,258.52,21.70,1.35,48
228864,28608,244.88,23.37,15.16,48
228864,28608,348.15,22.77,0.00,48
228864,28608,2612.04,88.52,56.19,48
228864,28608,3441.46,87.71,11.72,48
228864,28608,1826.53,85.93,102.41,48
228864,28608,-1394.07,24.02,110.09,48
228864,28608,-282.94,23.85,39.91,48
229248,28656,-1231.50,23.44,98.57,48
229248,28656,-2305.70,23.83,201.88,48
229248,28656,2873.47,88.18,37.75,48
229248,28656,-13.07,22.45,8.95,48
229248,28656,1175.64,89.89,215.14,48
229248,28656,1854.81,87.73,118.85,48
229248,28656,3142.27,88.28,27.34,48
229248,28656,2921.34,87.99,21.59,48
229632,28704,1392.26,87.78,169.77,48
229632,28704,235.29,23.25,0.10,48
229632,28704,2325.38,88.75,85.04,48
229632,28704,1513.50,85.60,158.06,48
229632,28704,2118.45,89.52,107.98,48
229632,28704,473.64,83.92,258.73,48
229632,28704,1812.02,86.76,121.62,48
229632,28704,2690.81,88.05,49.99,48
230016,28752,185.00,23.08,2.48,48
230016,28752,3575.98,87.34,4.36,48
230016,28752,2624.44,87.90,59.15,48
230016,28752,-2098.67,24.12,176.84,48
230016,28752,3068.39,88.67,23.99,48
230016,28752,3334.83,86.70,19.02,48
230016,28752,3442.04,88.55,16.48,48
230016,28752,-1154.38,22.93,102.68,48
230400,28800,2255.84,84.48,58.58,48
230400,28800,3069.89,87.87,55.55,48
230400,28800,1267.67,90.83,225.01,48
230400,28800,490.55,24.83,0.02,48
230400,28800,3624.28,87.98,3.78,48
230400,28800,2682.75,87.29,37.92,48
230400,28800,-185.34,21.14,17.09,48
230400,28800,-2849.51,26.03,282.36,48
230784,28848,-494.18,22.33,40.67,48
230784,28848,3780.20,89.08,9.38,48
230784,28848,2213.33,86.56,92.64,48
230784,28848,1204.76,87.92,195.77,48
230784,28848,1826.99,88.13,131.38,48
230784,28848,3311.51,82.53,4.18,48
230784,28848,3574.81,85.23,0.51,48
230784,28848,-1166.66,20.82,77.31,48
231168,28896,272.11,20.48,0.23,48
231168,28896,3616.66,87.63,5.02,48
231168,28896,502.60,21.93,0.00,48
231168,28896,432.12,23.67,2.12,48
231168,28896,62.83,22.77,6.73,48
231168,28896,3711.52,87.47,1.01,48
231168,28896,2302.05,87.50,68.03,48
231168,28896,1946.65,87.47,93.58,48
231552,28944,3140.15,87.29,13.46,48
231552,28944,-146.28,20.81,8.71,48
231552,28944,1599.77,87.34,148.52,48
231552,28944,1974.95,86.33,103.19,48
231552,28944,933.29,88.42,228.48,48
231552,28944,1386.58,88.73,184.18,48
231552,28944,264.34,23.70,4.40,48
231552,28944,3489.59,85.97,4.55,48
231936,28992,-486.75,90.01,422.90,48
231936,28992,468.88,23.36,0.28,48
231936,28992,3746.98,87.51,0.00,48
231936,28992,3097.76,83.70,10.89,48
231936,28992,-5055.84,24.03,536.26,48
231936,28992,1759.87,86.19,126.11,48
231936,28992,-1867.32,20.59,161.02,48
231936,28992,3690.51,85.65,1.21,48
232320,29040,3274.51,83.92,19.20,48
232320,29040,-2444.17,25.13,229.40,48
232320,29040,1493.42,85.84,149.96,48
232320,29040,2770.62,87.07,35.08,48
232320,29040,-810.22,21.63,36.45,48
232320,29040,-1255.20,19.92,88.83,48
232320,29040,359.13,22.69,0.00,48
232320,29040,318.46,20.69,1.12,48
232704,29088,-1165.01,22.61,90.89,48
232704,29088,3570.18,86.73,0.71,48
232704,29088,3448.60,86.51,3.03,48
232704,29088,3736.27,87.86,1.48,48
232704,29088,2872.42,88.00,42.99,48
232704,29088,-22.80,22.13,6.89,48
232704,29088,2205.30,85.97,67.48,48
232704,29088,141.92,23.96,2.78,48
233088,29136,409.60,25.97,0.66,48
233088,29136,-1869.46,24.08,161.56,48
233088,29136,3468.86,86.10,5.61,48
233088,29136,3277.40,84.57,7.59,48
233088,29136,-2137.17,21.05,176.10,48
233088,29136,3688.78,85.82,0.00,48
233088,29136,3106.26,89.43,27.50,48
233088,29136,2195.02,86.16,81.35,48
233472,29184,2129.88,88.85,106.29,48
233472,29184,350.47,19.38,4.49,48
233472,29184,1361.41,89.47,193.12,48
233472,29184,-1429.07,22.29,116.13,48
233472,29184,2657.30,88.48,40.38,48
233472,29184,3314.26,88.03,10.39,48
233472,29184,340.51,23.44,0.95,48
233472,29184,292.62,19.81,5.92,48
233856,29232,3736.15,90.27,6.30,48
233856,29232,3641.93,87.32,0.92,48
233856,29232,2741.96,83.49,30.01,48
233856,29232,3476.04,85.77,2.65,48
233856,29232,443.53,24.41,0.00,48
233856,29232,3777.22,89.14,4.63,48
233856,29232,3505.90,86.04,0.73,48
233856,29232,3549.26,90.04,8.16,48
234240,29280,-863.85,23.27,70.39,48
234240,29280,3460.35,86.23,0.43,48
234240,29280,3758.39,86.41,0.23,48
234240,29280,2260.89,86.00,65.51,48
234240,29280,3413.85,88.06,36.59,48
234240,29280,212.96,20.22,1.34,48
234240,29280,-392.95,24.83,47.71,48
234240,29280,-754.92,21.08,46.42,48
234624,29328,3720.89,87.34,1.28,48
234624,29328,3401.97,85.70,3.01,48
234624,29328,3272.60,86.43,16.37,48
234624,29328,-271.26,19.14,20.54,48
234624,29328,-125.58,24.32,31.79,48
234624,29328,3363.86,86.01,6.30,48
234624,29328,3647.67,89.99,10.18,48
234624,29328,-2958.58,20.25,288.22,48
235008,29376,3007.67,87.04,24.02,48
235008,29376,3733.62,88.68,1.99,48
235008,29376,469.25,23.38,0.18,48
235008,29376,3501.42,86.59,13.25,48
235008,29376,3483.96,87.97,14.60,48
235008,29376,3751.73,86.64,0.00,48
235008,29376,3886.91,88.08,0.68,48
235008,29376,3632.00,87.95,0.32,48
235392,29424,1918.33,90.08,148.75,48
235392,29424,-1633.74,18.09,117.58,48
235392,29424,1830.84,87.78,127.59,48
235392,29424,-1938.05,25.40,164.52,48
235392,29424,-12.86,27.25,23.38,48
235392,29424,-916.28,22.98,67.47,48
235392,29424,3311.05,86.70,10.25,48
235392,29424,3784.92,89.13,2.53,48
235776,29472,3773.49,87.98,0.88,48
235776,29472,403.68,19.12,0.00,48
235776,29472,3615.19,88.30,6.32,48
235776,29472,3659.89,86.28,0.00,48
235776,29472,-3446.18,20.92,359.22,48
235776,29472,-252.34,19.75,40.06,48
235776,29472,-1570.97,23.14,133.32,48
235776,29472,2916.87,85.64,16.92,48
236160,29520,-1619.56,21.45,131.92,48
236160,29520,2427.81,83.83,46.99,48
236160,29520,3605.97,84.95,0.26,48
236160,29520,-216.95,23.08,42.03,48
236160,29520,2913.66,85.59,34.81,48
236160,29520,1377.13,90.10,198.96,48
236160,29520,3503.28,89.12,13.12,48
236160,29520,3758.22,87.56,0.23,48
236544,29568,2960.09,88.45,35.28,48
236544,29568,3464.97,88.61,16.82,48
236544,29568,3827.35,88.21,0.01,48
236544,29568,-1595.28,87.66,535.92,48
236544,29568,1714.17,88.48,140.30,48
236544,29568,1403.73,85.58,152.00,48
236544,29568,2331.78,87.23,70.67,48
236544,29568,9.78,28.14,29.51,48
236928,29616,1924.62,87.38,112.69,48
236928,29616,-188.15,24.64,24.16,48
236928,29616,1327.01,89.83,201.63,48
236928,29616,-572.60,24.23,45.77,48
236928,29616,3773.11,89.20,0.86,48
236928,29616,-4249.11,24.77,449.89,48
236928,29616,3857.11,90.59,1.38,48
236928,29616,-1016.59,21.43,76.32,48
237312,29664,1992.99,85.52,100.42,48
237312,29664,3832.13,89.09,3.97,48
237312,29664,499.23,24.02,0.00,48
237312,29664,-1830.55,23.18,166.20,48
237312,29664,-527.74,23.23,63.40,48
237312,29664,408.54,22.60,2.41,48
237312,29664,308.42,19.83,1.61,48
237312,29664,-433.15,18.96,21.64,48
237696,29712,3640.63,88.05,2.39,48
237696,29712,-157.21,25.48,16.38,48
237696,29712,3295.49,85.86,8.11,48
237696,29712,3503.36,85.31,9.21,48
237696,29712,1812.92,89.47,139.03,48
237696,29712,2604.89,86.94,36.52,48
237696,29712,3004.26,90.54,53.74,48
237696,29712,-470.67,24.95,45.04,48
238080,29760,348.54,23.69,0.26,48
238080,29760,292.14,23.11,7.95,48
238080,29760,-1435.99,24.51,111.54,48
238080,29760,-2300.40,23.32,212.18,48
238080,29760,-1251.40,23.69,123.44,48
238080,29760,3730.30,86.72,0.10,48
238080,29760,2216.79,85.84,84.27,48
238080,29760,3279.92,86.00,10.53,48
238464,29808,2231.56,86.98,73.06,48
238464,29808,-386.14,19.94,29.00,48
238464,29808,-2110.75,23.79,164.22,48
238464,29808,3337.46,87.00,12.83,48
238464,29808,3709.07,88.52,0.83,48
238464,29808,3211.62,87.81,34.84,48
238464,29808,1552.83,89.19,180.36,48
238464,29808,1403.37,86.53,172.39,48
238848,29856,2461.17,87.89,74.01,48
238848,29856,1555.50,88.41,158.65,48
238848,29856,573.96,23.58,0.00,48
238848,29856,395.70,24.06,1.46,48
238848,29856,3508.26,84.86,0.76,48
238848,29856,3204.29,87.10,19.94,48
238848,29856,1132.96,87.55,209.46,48
238848,29856,3209.54,88.25,18.98,48
239232,29904,1663.13,86.65,140.79,48
239232,29904,3105.60,84.52,12.71,48
239232,29904,1886.97,86.27,112.58,48
239232,29904,-203.13,24.11,34.31,48
239232,29904,2663.90,87.98,41.94,48
239232,29904,-74.99,21.98,33.91,48
239232,29904,3153.79,85.19,11.27,48
239232,29904,3392.73,86.29,4.09,48
239616,29952,785.85,88.98,250.47,48
239616,29952,31.53,23.87,29.02,48
239616,29952,-961.48,87.93,464.49,48
239616,29952,250.12,22.13,1.54,48
239616,29952,-1313.91,25.67,109.51,48
239616,29952,1796.95,87.75,141.21,48
239616,29952,3714.42,88.31,2.81,48
239616,29952,3435.67,85.00,2.15,48
240000,30000,3248.56,85.28,22.53,48
240000,30000,2598.92,87.24,48.13,48
240000,30000,97.24,22.64,5.09,48
240000,30000,484.67,23.70,0.00,48
240000,30000,3767.38,89.72,3.69,48
240000,30000,-1945.13,20.91,154.47,48
240000,30000,3655.40,86.10,0.00,48
240000,30000,3858.50,88.41,0.70,48
240384,30048,-1535.99,87.50,514.60,48
240384,30048,2861.44,86.86,30.68,48
240384,30048,3788.84,89.59,2.41,48
240384,30048,162.73,87.75,324.61,48
240384,30048,3276.04,85.90,14.01,48
240384,30048,3591.18,88.52,5.86,48
240384,30048,-92.68,86.26,337.07,48
240384,30048,-1789.40,21.89,138.11,48
240768,30096,1749.87,90.32,151.31,48
240768,30096,3302.16,86.29,14.86,48
240768,30096,3062.35,88.35,33.24,48
240768,30096,3636.54,86.35,2.73,48
240768,30096,2980.28,84.54,25.99,48
240768,30096,281.82,20.96,2.26,48
240768,30096,236.77,25.05,7.04,48
240768,30096,396.29,24.33,0.28,48
241152,30144,369.77,25.41,0.27,48
241152,30144,238.13,21.07,1.64,48
241152,30144,2288.88,88.36,94.69,48
241152,30144,-726.53,23.26,46.42,48
241152,30144,1643.20,84.75,136.22,48
241152,30144,1696.63,86.71,133.11,48
241152,30144,1920.14,87.31,114.25,48
241152,30144,3494.41,86.83,0.18,48
241536,30192,3891.92,89.58,3.78,48
241536,30192,3892.46,89.43,0.00,48
241536,30192,-90.08,22.26,51.01,48
241536,30192,1693.52,88.15,150.01,48
241536,30192,1549.30,88.42,151.00,48
241536,30192,290.93,22.12,0.83,48
241536,30192,3614.42,85.38,1.89,48
241536,30192,3416.94,86.28,7.93,48
241920,30240,3730.14,88.74,4.82,48
241920,30240,-413.03,85.58,365.54,48
241920,30240,2198.46,86.95,94.19,48
241920,30240,-1829.80,21.04,170.37,48
241920,30240,-1239.54,23.53,110.19,48
241920,30240,3743.96,87.14,1.94,48
241920,30240,2931.94,84.66,27.23,48
241920,30240,218.05,22.95,1.35,48
242304,30288,-518.46,25.88,38.41,48
242304,30288,2648.71,86.86,42.72,48
242304,30288,2088.71,88.32,111.49,48
242304,30288,378.47,27.75,17.42,48
242304,30288,-449.41,86.96,390.39,48
242304,30288,133.58,24.95,4.28,48
242304,30288,345.43,22.01,2.62,48
242304,30288,1498.80,86.86,155.57,48
242688,30336,110.73,19.77,5.90,48
242688,30336,3544.65,86.62,0.69,48
242688,30336,3670.61,87.92,1.51,48
242688,30336,3726.22,86.77,0.32,48
242688,30336,3313.38,88.15,19.22,48
242688,30336,2788.92,86.57,24.09,48
242688,30336,3401.03,89.49,18.64,48
242688,30336,-1340.92,21.84,88.44,48
243072,30384,-842.93,21.80,55.20,48
243072,30384,3739.24,86.37,0.05,48
243072,30384,-748.24,22.05,53.03,48
243072,30384,1198.83,87.22,202.01,48
243072,30384,-22.29,26.05,28.69,48
243072,30384,-34.86,22.81,28.28,48
243072,30384,2981.45,86.55,31.87,48
243072,30384,1654.41,87.60,154.96,48
243456,30432,-394.54,21.28,21.40,48
243456,30432,2731.26,84.71,48.49,48
243456,30432,2236.35,88.52,77.67,48
243456,30432,2960.89,84.71,37.74,48
243456,30432,352.22,22.40,0.00,48
243456,30432,2854.75,87.41,24.92,48
243456,30432,1647.56,84.99,123.25,48
243456,30432,-857.73,26.36,75.76,48
243840,30480,1783.13,87.24,119.08,48
243840,30480,3852.87,89.76,1.18,48
243840,30480,248.74,20.48,0.02,48
243840,30480,3552.16,86.73,3.15,48
243840,30480,-2186.00,25.62,207.30,48
243840,30480,1872.25,84.66,105.93,48
243840,30480,-276.41,87.57,380.56,48
243840,30480,3686.01,87.30,0.00,48
244224,30528,1161.63,85.61,181.27,48
244224,30528,3746.05,87.12,0.18,48
244224,30528,-2139.60,22.59,196.02,48
244224,30528,3473.95,86.17,0.61,48
244224,30528,2441.77,85.38,49.04,48
244224,30528,2880.76,86.72,39.26,48
244224,30528,3653.44,86.49,0.02,48
244224,30528,3830.40,86.72,0.00,48
244608,30576,3116.81,87.77,33.90,48
244608,30576,3600.41,85.41,0.43,48
244608,30576,-704.59,21.94,46.56,48
244608,30576,3780.02,88.25,0.26,48
244608,30576,2623.05,86.45,71.57,48
244608,30576,-110.19,18.75,23.38,48
244608,30576,3208.79,86.84,12.26,48
244608,30576,1547.62,88.83,174.44,48
244992,30624,269.06,21.80,2.73,48
244992,30624,2640.35,89.07,48.87,48
244992,30624,-1301.57,22.02,98.97,48
244992,30624,3597.61,85.74,1.24,48
244992,30624,1032.31,84.73,190.69,48
244992,30624,3664.05,86.46,0.78,48
244992,30624,1891.59,87.06,120.46,48
244992,30624,-1340.14,20.63,96.74,48
245376,30672,3715.39,88.22,1.73,48
245376,30672,2969.61,86.95,18.69,48
245376,30672,1771.39,84.97,123.72,48
245376,30672,-1796.44,21.01,158.15,48
245376,30672,-658.44,24.08,49.72,48
245376,30672,138.13,22.60,1.52,48
245376,30672,3036.49,86.07,47.14,48
245376,30672,3554.25,86.18,3.92,48
245760,30720,2352.43,87.26,68.51,48
245760,30720,2235.10,85.59,69.53,48
245760,30720,988.38,86.82,200.88,48
245760,30720,-328.30,20.21,26.37,48
245760,30720,2345.74,85.23,55.01,48
245760,30720,2552.75,84.95,37.20,48
245760,30720,134.40,24.92,1.65,48
245760,30720,2880.26,86.22,33.06,48
246144,30768,280.64,21.93,0.00,48
246144,30768,292.55,22.41,0.19,48
246144,30768,-1150.41,18.76,73.12,48
246144,30768,3487.48,84.93,0.62,48
246144,30768,1901.33,88.41,130.82,48
246144,30768,2431.81,84.26,51.02,48
246144,30768,-143.38,23.64,17.26,48
246144,30768,-5286.23,23.68,568.32,48
246528,30816,3627.83,85.31,0.66,48
246528,30816,3115.12,88.08,25.14,48
246528,30816,3607.14,87.15,3.74,48
246528,30816,3655.71,87.38,8.53,48
246528,30816,3778.11,87.34,0.31,48
246528,30816,3413.31,87.63,10.66,48
246528,30816,3553.62,84.56,0.00,48
246528,30816,-566.95,19.71,59.76,48
246912,30864,3533.78,84.94,0.47,48
246912,30864,3471.94,86.02,8.10,48
246912,30864,-522.37,26.15,35.72,48
246912,30864,2373.52,86.96,61.85,48
246912,30864,2242.83,88.35,87.87,48
246912,30864,2932.03,85.24,62.46,48
246912,30864,3881.62,88.95,0.00,48
246912,30864,3282.21,86.98,17.58,48
247296,30912,3811.96,87.40,0.00,48
247296,30912,2986.95,89.18,41.62,48
247296,30912,1987.59,87.58,99.41,48
247296,30912,-368.90,22.78,18.42,48
247296,30912,3065.31,86.26,20.53,48
247296,30912,-1495.11,22.74,128.62,48
247296,30912,3488.76,85.27,0.86,48
247296,30912,-1944.05,24.11,165.01,48
247680,30960,-1038.05,23.30,61.38,48
247680,30960,3487.77,85.55,0.19,48
247680,30960,3632.93,87.66,0.39,48
247680,30960,3575.60,86.20,2.15,48
247680,30960,2399.35,86.12,74.25,48
247680,30960,1847.84,89.37,139.83,48
247680,30960,2344.48,87.29,64.92,48
247680,30960,3346.41,86.89,8.23,48
248064,31008,3802.32,90.45,5.80,48
248064,31008,-0.77,19.39,7.63,48
248064,31008,2506.61,90.33,88.08,48
248064,31008,2107.01,88.28,120.81,48
248064,31008,-429.72,85.86,370.66,48
248064,31008,-1775.33,23.13,141.17,48
248064,31008,-2077.20,27.01,192.57,48
248064,31008,3573.51,85.83,0.76,48
248448,31056,3738.50,87.31,0.35,48
248448,31056,-3761.90,22.76,377.90,48
248448,31056,1750.37,85.86,116.38,48
248448,31056,266.59,22.07,0.00,48
248448,31056,3292.58,82.42,0.66,48
248448,31056,2588.81,90.60,79.86,48
248448,31056,3235.67,89.72,44.73,48
248448,31056,2096.51,88.61,102.56,48
248832,31104,3254.10,88.83,24.13,48
248832,31104,2165.11,85.52,80.44,48
248832,31104,1545.10,87.90,151.89,48
248832,31104,-1517.07,20.49,124.66,48
248832,31104,3651.35,85.80,1.86,48
248832,31104,3129.87,84.97,11.00,48
248832,31104,3732.16,87.82,0.43,48
248832,31104,1861.56,87.96,139.18,48
249216,31152,-2075.75,23.46,194.89,48
249216,31152,1211.97,88.01,208.91,48
249216,31152,336.96,22.68,0.88,48
249216,31152,3367.13,88.01,21.49,48
249216,31152,2938.75,83.80,18.52,48
249216,31152,-2090.42,23.78,202.89,48
249216,31152,-568.73,19.31,32.98,48
249216,31152,2127.57,87.66,92.66,48
249600,31200,2366.42,86.44,60.07,48
249600,31200,-595.09,22.56,35.14,48
249600,31200,2132.60,88.02,99.65,48
249600,31200,357.35,23.74,1.93,48
249600,31200,434.09,23.08,0.00,48
249600,31200,3628.54,85.75,0.18,48
249600,31200,2649.76,88.14,59.49,48
249600,31200,-904.67,23.41,43.90,48
249984,31248,2864.04,86.07,21.57,48
249984,31248,1147.71,87.78,202.32,48
249984,31248,1609.83,86.65,137.23,48
249984,31248,-648.69,25.48,55.86,48
249984,31248,373.57,20.72,0.88,48
249984,31248,3372.68,86.29,5.57,48
249984,31248,-688.07,23.62,50.43,48
249984,31248,-1192.57,26.05,90.21,48
250368,31296,397.79,21.47,0.23,48
250368,31296,3056.36,87.72,31.53,48
250368,31296,3013.61,88.66,44.34,48
250368,31296,3409.04,86.26,7.77,48
250368,31296,1304.32,89.21,197.88,48
250368,31296,3080.45,87.60,18.85,48
250368,31296,3696.35,88.40,0.00,48
250368,31296,486.03,23.86,0.47,48
250752,31344,3619.28,87.57,1.78,48
250752,31344,61.98,21.91,9.72,48
250752,31344,1422.21,87.70,167.81,48
250752,31344,-2446.96,21.96,215.86,48
250752,31344,2222.75,87.07,69.38,48
250752,31344,3594.35,88.09,8.08,48
250752,31344,2603.91,88.60,56.69,48
250752,31344,-1495.09,22.12,106.53,48
251136,31392,3535.12,87.17,0.54,48
251136,31392,-1800.27,23.34,155.15,48
251136,31392,414.67,23.59,4.17,48
251136,31392,3058.26,86.50,39.90,48
251136,31392,3662.67,89.51,5.05,48
251136,31392,-111.02,22.59,24.34,48
251136,31392,3492.75,86.66,1.46,48
251136,31392,-16.84,22.84,19.73,48
251520,31440,337.86,24.03,0.19,48
251520,31440,-218.19,19.15,13.89,48
251520,31440,-845.19,22.18,52.68,48
251520,31440,1439.74,86.02,162.97,48
251520,31440,-1985.23,25.21,162.17,48
251520,31440,-589.61,19.46,53.70,48
251520,31440,-334.16,21.80,25.32,48
251520,31440,-2330.20,27.16,233.90,48
251904,31488,182.23,22.53,13.82,48
251904,31488,3600.43,89.40,13.18,48
251904,31488,2676.04,87.34,73.40,48
251904,31488,1967.67,85.52,94.12,48
251904,31488,2705.07,85.10,20.24,48
251904,31488,3647.31,87.11,1.21,48
251904,31488,3573.13,88.98,7.63,48
251904,31488,1966.49,86.19,108.13,48
252288,31536,3659.39,86.75,0.27,48
252288,31536,3674.51,87.18,0.00,48
252288,31536,1821.98,89.81,143.97,48
252288,31536,3541.22,87.43,11.91,48
252288,31536,3075.36,84.59,12.56,48
252288,31536,3849.91,88.73,0.43,48
252288,31536,-1202.35,24.90,99.99,48
252288,31536,3409.66,84.90,0.65,48
252672,31584,3655.00,88.38,8.61,48
252672,31584,1065.46,84.05,171.97,48
252672,31584,3567.42,88.33,8.73,48
252672,31584,319.29,22.49,3.96,48
252672,31584,365.55,22.29,0.31,48
252672,31584,-1410.96,86.60,509.73,48
252672,31584,-898.72,24.89,62.93,48
252672,31584,-4.93,21.91,13.83,48
253056,31632,1582.29,85.36,129.14,48
253056,31632,-3753.79,25.23,404.36,48
253056,31632,2512.44,87.87,70.49,48
253056,31632,-300.82,22.33,32.87,48
253056,31632,3137.82,87.70,24.02,48
253056,31632,3717.69,86.40,0.00,48
253056,31632,3300.02,86.47,17.22,48
253056,31632,3604.08,86.68,0.43,48
253440,31680,-1442.46,21.31,103.09,48
253440,31680,3501.48,84.44,1.44,48
253440,31680,2490.95,86.99,51.65,48
253440,31680,2294.32,85.28,57.61,48
253440,31680,-4970.35,23.09,553.61,48
253440,31680,3654.56,87.02,0.18,48
253440,31680,-57.27,23.73,19.51,48
253440,31680,3322.39,87.59,18.34,48
253824,31728,-3539.78,22.84,375.70,48
253824,31728,3687.25,88.91,6.89,48
253824,31728,1606.62,88.81,157.00,48
253824,31728,1620.17,87.15,141.12,48
253824,31728,2148.76,84.08,67.29,48
253824,31728,386.87,20.20,0.54,48
253824,31728,3029.49,85.96,16.79,48
253824,31728,-1785.16,22.35,144.75,48
254208,31776,-4820.63,21.08,505.77,48
254208,31776,-88.78,88.31,345.51,48
254208,31776,3971.41,90.64,0.01,48
254208,31776,3692.17,87.89,2.26,48
254208,31776,-1153.25,23.09,88.42,48
254208,31776,3734.80,87.08,0.31,48
254208,31776,2543.71,88.75,78.73,48
254208,31776,3704.12,86.61,0.18,48
254592,31824,3522.46,85.32,0.05,48
254592,31824,2674.06,89.85,66.29,48
254592,31824,215.26,20.63,1.99,48
254592,31824,-318.19,24.89,35.58,48
254592,31824,3402.01,86.74,36.39,48
254592,31824,3726.92,89.74,1.28,48
254592,31824,290.25,22.99,0.52,48
254592,31824,3596.98,87.58,5.54,48
254976,31872,3544.89,85.39,0.56,48
254976,31872,232.04,23.23,1.37,48
254976,31872,2588.20,89.42,71.06,48
254976,31872,1550.87,86.91,151.19,48
254976,31872,3658.41,86.95,0.00,48
254976,31872,3150.83,86.46,21.36,48
254976,31872,3113.94,87.57,35.14,48
254976,31872,3555.31,84.86,1.27,48
255360,31920,-5771.97,24.48,622.24,48
255360,31920,3041.88,85.25,24.31,48
255360,31920,-415.37,21.38,31.74,48
255360,31920,386.96,25.69,0.32,48
255360,31920,49.06,20.51,13.52,48
255360,31920,-464.84,22.64,18.47,48
255360,31920,3942.39,90.83,5.58,48
255360,31920,-2258.72,23.17,211.04,48
255744,31968,2926.73,86.26,49.58,48
255744,31968,3217.56,86.48,15.57,48
255744,31968,2357.47,88.80,72.74,48
255744,31968,3660.02,88.43,6.83,48
255744,31968,164.79,23.46,9.91,48
255744,31968,2380.19,87.96,66.78,48
255744,31968,1525.08,86.90,171.32,48
255744,31968,-68.08,87.14,343.71,48
256128,32016,-1230.12,26.52,107.38,48
256128,32016,2937.08,87.53,35.86,48
256128,32016,3544.96,90.86,13.75,48
256128,32016,3673.37,88.01,1.37,48
256128,32016,1587.39,84.59,135.58,48
256128,32016,2006.73,87.40,105.94,48
256128,32016,2980.69,87.69,21.40,48
256128,32016,60.58,21.24,4.93,48
256512,32064,3321.43,85.01,6.34,48
256512,32064,251.49,23.92,0.79,48
256512,32064,3534.39,89.67,12.00,48
256512,32064,438.61,23.98,0.41,48
256512,32064,3815.44,88.14,0.09,48
256512,32064,1806.39,88.63,132.59,48
256512,32064,1306.02,87.20,177.08,48
256512,32064,338.99,22.02,0.10,48
256896,32112,2930.98,86.19,39.19,48
256896,32112,-3606.50,22.35,375.38,48
256896,32112,2646.82,83.60,62.61,48
256896,32112,2988.95,86.57,19.71,48
256896,32112,2964.30,86.63,45.00,48
256896,32112,2727.61,86.73,36.34,48
256896,32112,3354.26,89.36,24.75,48
256896,32112,2907.99,84.35,25.48,48
257280,32160,3529.16,88.14,5.31,48
257280,32160,2734.98,89.10,53.24,48
257280,32160,2847.62,84.80,27.47,48
257280,32160,2694.75,86.12,36.37,48
257280,32160,3506.19,86.06,0.25,48
257280,32160,3490.11,86.62,5.96,48
257280,32160,3733.29,86.40,0.00,48
257280,32160,2763.38,83.73,17.34,48
257664,32208,3039.73,87.10,40.86,48
257664,32208,2693.92,90.49,55.17,48
257664,32208,2837.87,89.03,41.81,48
257664,32208,1406.15,86.63,184.39,48
257664,32208,3669.40,89.96,6.39,48
257664,32208,2408.22,89.35,87.68,48
257664,32208,1976.91,87.63,102.48,48
257664,32208,960.54,88.50,238.02,48
258048,32256,-492.83,21.65,39.46,48
258048,32256,3710.40,88.09,0.31,48
258048,32256,318.99,21.51,0.25,48
258048,32256,3507.19,88.69,6.99,48
258048,32256,433.51,23.69,1.37,48
258048,32256,2897.69,86.32,23.40,48
258048,32256,1426.65,85.98,168.98,48
258048,32256,3199.82,89.65,26.83,48
258432,32304,2061.99,87.74,97.09,48
258432,32304,-122.21,24.99,37.44,48
258432,32304,-5164.68,24.53,549.37,48
258432,32304,3807.02,90.46,1.34,48
258432,32304,-984.89,23.72,78.83,48
258432,32304,321.58,21.77,6.68,48
258432,32304,2826.30,83.18,18.54,48
258432,32304,1489.67,85.26,140.25,48
258816,32352,3742.39,88.64,2.48,48
258816,32352,3318.47,85.85,3.32,48
258816,32352,2865.95,88.34,38.40,48
258816,32352,-1129.32,21.03,79.93,48
258816,32352,1849.71,85.70,114.22,48
258816,32352,3522.94,85.57,0.32,48
258816,32352,3324.74,83.91,0.43,48
258816,32352,354.52,25.07,3.96,48
259200,32400,57.43,22.92,8.30,48
259200,32400,-719.00,21.04,52.01,48
259200,32400,399.82,25.65,0.39,48
259200,32400,-4675.07,20.62,487.23,48
259200,32400,1386.46,84.94,157.05,48
259200,32400,3070.84,86.27,23.40,48
259200,32400,1269.59,85.96,173.16,48
259200,32400,3632.10,86.39,1.38,48
259584,32448,3243.18,87.87,11.30,48
259584,32448,2832.13,87.56,27.01,48
259584,32448,-1832.20,21.50,149.89,48
259584,32448,-926.58,22.63,66.79,48
259584,32448,2680.70,82.63,21.42,48
259584,32448,3310.92,87.63,8.44,48
259584,32448,2443.98,86.58,58.38,48
259584,32448,3718.02,87.42,0.05,48
259968,32496,419.26,22.59,1.87,48
259968,32496,2785.71,83.73,16.51,48
259968,32496,350.98,21.92,1.62,48
259968,32496,137.89,24.38,2.41,48
259968,32496,-588.14,20.18,42.33,48
259968,32496,3767.14,86.71,0.00,48
259968,32496,3600.65,87.26,3.62,48
259968,32496,445.52,87.19,280.61,48
260352,32544,-2185.81,23.46,190.19,48
260352,32544,1406.62,87.18,160.93,48
260352,32544,3716.20,87.29,5.23,48
260352,32544,598.53,28.78,0.79,48
260352,32544,3887.34,90.34,0.31,48
260352,32544,3756.01,87.70,4.44,48
260352,32544,1409.67,87.81,177.45,48
260352,32544,3600.95,85.30,0.72,48
260736,32592,3259.62,87.77,15.62,48
260736,32592,-1177.91,20.76,87.59,48
260736,32592,-787.51,23.15,68.11,48
260736,32592,920.07,86.49,217.99,48
260736,32592,-242.05,23.43,17.94,48
260736,32592,3342.26,87.37,25.93,48
260736,32592,3364.84,87.14,11.38,48
260736,32592,-1530.01,87.02,506.05,48
261120,32640,2784.59,88.38,38.94,48
261120,32640,2651.64,87.59,46.26,48
261120,32640,-594.63,19.66,29.26,48
261120,32640,325.23,22.56,0.34,48
261120,32640,2500.74,89.72,64.61,48
261120,32640,-2175.34,21.94,187.68,48
261120,32640,266.44,20.21,1.49,48
261120,32640,3603.03,86.77,0.02,48
261504,32688,1104.86,87.16,199.46,48
261504,32688,3470.02,84.72,1.01,48
261504,32688,1563.23,86.37,152.08,48
261504,32688,1589.24,87.76,158.35,48
261504,32688,3612.95,88.06,6.46,48
261504,32688,89.87,25.03,5.54,48
261504,32688,-1801.58,22.76,158.88,48
261504,32688,1092.18,87.91,224.28,48
261888,32736,3426.50,84.79,0.19,48
261888,32736,-2031.55,24.52,205.81,48
261888,32736,2144.34,91.05,118.94,48
261888,32736,268.52,21.81,1.24,48
261888,32736,-1561.59,25.34,157.96,48
261888,32736,287.34,19.37,0.80,48
261888,32736,3043.60,84.74,6.13,48
261888,32736,-519.20,23.21,47.82,48
262272,32784,3065.86,87.82,37.25,48
262272,32784,-1378.20,21.99,107.13,48
262272,32784,1535.68,86.93,157.68,48
262272,32784,1670.90,85.25,135.13,48
262272,32784,-335.06,88.37,387.12,48
262272,32784,-3528.31,23.94,375.65,48
262272,32784,-510.24,21.29,28.68,48
262272,32784,1940.98,86.95,103.03,48
262656,32832,3538.82,89.05,18.18,48
262656,32832,3750.50,89.04,1.23,48
262656,32832,3175.36,85.71,15.87,48
262656,32832,2518.72,86.09,30.22,48
262656,32832,351.04,23.19,0.00,48
262656,32832,3447.12,87.03,9.00,48
262656,32832,3314.59,87.28,6.72,48
262656,32832,2387.47,88.08,65.42,48
263040,32880,829.81,88.58,252.67,48
263040,32880,3099.02,86.83,39.61,48
263040,32880,3574.66,86.73,0.80,48
263040,32880,-201.28,26.56,38.35,48
263040,32880,2476.13,86.17,43.67,48
263040,32880,3383.34,84.30,0.86,48
263040,32880,-158.43,19.86,17.40,48
263040,32880,3422.11,85.64,5.59,48
263424,32928,3635.29,87.19,1.31,48
263424,32928,2509.45,85.09,66.85,48
263424,32928,182.63,21.55,3.67,48
263424,32928,-2247.00,24.15,197.24,48
263424,32928,-1088.90,22.69,75.36,48
263424,32928,1413.78,83.48,149.60,48
263424,32928,3147.60,88.14,17.23,48
263424,32928,3886.65,89.54,1.77,48
263808,32976,-1222.19,23.44,94.63,48
263808,32976,-1357.18,21.11,102.85,48
263808,32976,-285.48,24.52,19.09,48
263808,32976,3343.76,88.33,18.23,48
263808,32976,411.80,25.12,0.28,48
263808,32976,-1689.32,24.47,156.60,48
263808,32976,-1057.72,24.37,83.78,48
263808,32976,1290.05,85.57,169.98,48
264192,33024,3172.08,86.06,29.55,48
264192,33024,412.04,25.49,0.00,48
264192,33024,-772.03,25.93,94.53,48
264192,33024,3575.00,84.88,0.19,48
264192,33024,3316.78,86.20,2.08,48
264192,33024,3184.29,86.35,31.95,48
264192,33024,2374.04,86.30,75.61,48
264192,33024,-956.78,25.87,69.18,48
264576,33072,3623.26,87.41,0.57,48
264576,33072,512.39,28.43,2.92,48
264576,33072,3898.36,89.42,0.00,48
264576,33072,2374.34,86.77,52.20,48
264576,33072,3428.44,84.19,3.96,48
264576,33072,-2548.90,27.41,264.30,48
264576,33072,2837.14,87.81,48.56,48
264576,33072,3559.15,86.81,1.01,48
264960,33120,3689.84,86.78,1.00,48
264960,33120,1479.96,90.03,177.92,48
264960,33120,3618.89,87.01,0.79,48
264960,33120,3500.21,87.76,5.09,48
264960,33120,3186.04,85.47,14.31,48
264960,33120,64.54,20.76,9.21,48
264960,33120,517.43,26.49,0.72,48
264960,33120,2107.76,85.90,92.07,48
265344,33168,-1071.78,24.11,76.88,48
265344,33168,-705.47,23.71,59.41,48
265344,33168,1592.36,86.86,142.04,48
265344,33168,396.19,23.12,0.00,48
265344,33168,2061.15,88.97,116.56,48
265344,33168,2975.86,85.96,26.57,48
265344,33168,3777.82,88.40,0.31,48
265344,33168,-1843.69,21.38,160.14,48
265728,33216,1350.28,84.44,152.59,48
265728,33216,-846.24,25.05,51.27,48
265728,33216,-1374.74,21.31,111.61,48
265728,33216,-592.25,23.85,52.80,48
265728,33216,-2081.04,24.39,175.32,48
265728,33216,3519.62,86.25,4.19,48
265728,33216,3543.67,88.04,10.23,48
265728,33216,1165.64,86.31,188.25,48
266112,33264,-1130.21,23.27,86.63,48
266112,33264,-2129.73,22.30,190.32,48
266112,33264,-1855.27,86.31,548.84,48
266112,33264,3691.90,87.59,0.14,48
266112,33264,2400.23,88.99,83.74,48
266112,33264,-316.06,20.93,24.80,48
266112,33264,3464.40,88.24,13.82,48
266112,33264,-718.21,25.45,52.94,48
266496,33312,3632.34,87.00,3.88,48
266496,33312,2514.12,86.90,54.50,48
266496,33312,3408.55,86.27,7.23,48
266496,33312,3947.21,89.41,0.66,48
266496,33312,1948.15,87.50,111.64,48
266496,33312,1951.53,87.86,111.59,48
266496,33312,2669.86,87.82,40.56,48
266496,33312,-1626.89,27.08,148.96,48
266880,33360,3905.12,89.06,0.00,48
266880,33360,3883.92,88.28,0.00,48
266880,33360,3164.73,86.37,22.68,48
266880,33360,59.44,22.37,3.39,48
266880,33360,1381.51,87.46,167.29,48
266880,33360,1957.81,86.70,109.83,48
266880,33360,3896.72,89.34,0.56,48
266880,33360,-2009.52,27.24,180.95,48
267264,33408,3257.42,89.12,20.91,48
267264,33408,3670.23,86.21,0.39,48
267264,33408,3251.28,87.52,10.17,48
267264,33408,3855.56,90.50,3.24,48
267264,33408,1449.74,90.10,202.83,48
267264,33408,1790.68,85.83,124.85,48
267264,33408,3352.56,85.65,5.83,48
267264,33408,-1500.52,22.74,131.88,48
267648,33456,-2248.73,23.15,203.62,48
267648,33456,-1016.69,20.11,59.86,48
267648,33456,-32.59,19.43,7.21,48
267648,33456,3645.03,86.61,4.30,48
267648,33456,3623.52,88.01,3.28,48
267648,33456,-1459.62,21.98,124.46,48
267648,33456,-632.81,21.49,44.18,48
267648,33456,3414.01,87.91,5.33,48
268032,33504,351.77,22.93,0.05,48
268032,33504,3898.59,89.80,0.28,48
268032,33504,-1361.84,87.32,487.04,48
268032,33504,-1536.11,22.00,108.80,48
268032,33504,3350.08,83.86,0.81,48
268032,33504,1356.41,85.85,164.39,48
268032,33504,-149.76,85.88,332.23,48
268032,33504,2778.36,87.62,30.05,48
268416,33552,3327.05,88.78,18.16,48
268416,33552,-220.04,22.46,36.41,48
268416,33552,1461.67,83.54,116.51,48
268416,33552,2406.70,89.40,85.60,48
268416,33552,3460.32,87.31,5.29,48
268416,33552,3616.70,85.50,1.16,48
268416,33552,3159.21,86.41,19.90,48
268416,33552,3208.51,84.95,8.49,48
268800,33600,2974.24,87.45,53.39,48
268800,33600,513.11,23.46,0.00,48
268800,33600,-1726.43,19.03,134.36,48
268800,33600,-865.02,25.98,78.41,48
268800,33600,1580.23,86.36,126.95,48
268800,33600,2515.30,85.07,53.35,48
268800,33600,2359.24,84.59,58.97,48
268800,33600,3371.13,87.69,13.99,48
269184,33648,2111.97,89.63,103.49,48
269184,33648,-1815.54,25.04,157.51,48
269184,33648,351.14,24.95,1.31,48
269184,33648,2514.23,88.07,68.29,48
269184,33648,2053.20,88.59,134.96,48
269184,33648,3782.65,88.39,1.56,48
269184,33648,-572.51,87.92,386.25,48
269184,33648,2101.33,89.02,120.52,48
269568,33696,2335.48,84.79,43.08,48
269568,33696,264.02,20.46,1.57,48
269568,33696,456.25,86.36,270.08,48
269568,33696,1213.55,85.91,180.13,48
269568,33696,3539.39,88.35,1.27,48
269568,33696,3654.11,88.19,4.38,48
269568,33696,1611.22,88.62,140.90,48
269568,33696,-345.42,20.05,12.09,48
269952,33744,3139.90,85.69,23.00,48
269952,33744,-854.90,24.14,53.31,48
269952,33744,516.50,27.41,1.46,48
269952,33744,-1087.68,23.64,98.26,48
269952,33744,1903.25,84.14,81.87,48
269952,33744,-1448.51,24.27,105.45,48
269952,33744,-2216.28,23.77,206.01,48
269952,33744,3695.22,88.50,1.54,48
270336,33792,-1477.20,22.06,124.59,48
270336,33792,-1358.92,20.59,81.59,48
270336,33792,3632.22,88.23,2.23,48
270336,33792,3631.56,87.50,0.48,48
270336,33792,249.80,19.91,9.30,48
270336,33792,3445.71,85.31,0.65,48
270336,33792,3325.66,86.97,21.15,48
270336,33792,211.72,25.08,3.37,48
270720,33840,2783.28,86.92,69.22,48
270720,33840,404.33,26.63,1.83,48
270720,33840,1337.74,88.49,180.53,48
270720,33840,3069.45,86.28,14.58,48
270720,33840,2972.77,85.36,9.62,48
270720,33840,179.34,19.66,0.78,48
270720,33840,3442.23,86.47,2.70,48
270720,33840,-271.96,25.84,46.59,48
271104,33888,1602.67,86.50,155.22,48
271104,33888,3645.40,87.92,0.00,48
271104,33888,3693.26,88.00,0.10,48
271104,33888,2013.04,86.39,99.65,48
271104,33888,-13.42,21.22,10.29,48
271104,33888,3538.42,88.31,7.69,48
271104,33888,3139.56,87.36,26.16,48
271104,33888,1663.58,88.97,157.85,48
271488,33936,3552.65,87.66,2.47,48
271488,33936,499.89,22.16,0.09,48
271488,33936,3495.50,86.93,5.18,48
271488,33936,-596.84,21.93,42.41,48
271488,33936,-771.39,21.72,69.27,48
271488,33936,2610.82,87.15,51.73,48
271488,33936,2738.63,87.17,21.26,48
271488,33936,-924.16,24.20,59.01,48
271872,33984,2394.53,87.53,56.12,48
271872,33984,51.14,22.00,11.51,48
271872,33984,-1309.87,22.24,104.07,48
271872,33984,374.71,21.64,0.00,48
271872,33984,2470.15,89.68,84.23,48
271872,33984,3513.14,86.20,0.23,48
271872,33984,-343.37,23.89,28.64,48
271872,33984,2733.98,84.29,24.38,48
272256,34032,3455.70,86.39,4.94,48
272256,34032,2245.39,86.04,70.28,48
272256,34032,-1189.11,25.88,112.85,48
272256,34032,87.42,20.88,3.05,48
272256,34032,3521.21,86.00,6.36,48
272256,34032,1495.16,89.90,188.56,48
272256,34032,2868.68,86.48,27.60,48
272256,34032,-185.79,22.93,8.40,48
272640,34080,260.33,23.67,3.79,48
272640,34080,3689.09,87.05,2.09,48
272640,34080,3169.18,87.32,14.10,48
272640,34080,1836.81,85.94,100.59,48
272640,34080,-24.82,22.80,16.11,48
272640,34080,7.48,25.50,18.26,48
272640,34080,2491.20,86.42,52.45,48
272640,34080,3150.68,83.49,12.57,48
273024,34128,1401.13,84.60,147.01,48
273024,34128,3475.80,84.84,0.00,48
273024,34128,-1520.14,21.08,131.13,48
273024,34128,2340.51,84.82,49.69,48
273024,34128,3182.81,87.36,20.12,48
273024,34128,-1598.73,23.59,142.77,48
273024,34128,1373.65,84.71,150.51,48
273024,34128,1310.27,88.96,189.19,48
273408,34176,1551.02,85.71,149.85,48
273408,34176,3493.49,86.59,3.35,48
273408,34176,442.15,24.39,5.76,48
273408,34176,3454.00,87.95,15.14,48
273408,34176,3855.86,89.82,2.19,48
273408,34176,3366.36,87.76,9.34,48
273408,34176,3867.79,88.76,0.19,48
273408,34176,-396.28,85.66,363.15,48
273792,34224,3807.50,88.43,0.28,48
273792,34224,83.74,23.78,11.75,48
273792,34224,3753.49,89.61,3.99,48
273792,34224,2550.43,87.80,55.70,48
273792,34224,3207.90,90.36,30.36,48
273792,34224,347.69,23.50,0.61,48
273792,34224,3485.55,88.13,16.15,48
273792,34224,-98.33,20.80,18.38,48
274176,34272,3559.38,88.02,1.28,48
274176,34272,-1122.64,20.44,66.85,48
274176,34272,3293.89,89.72,28.46,48
274176,34272,2476.15,86.24,47.71,48
274176,34272,-5407.01,24.25,606.85,48
274176,34272,3730.07,87.44,2.75,48
274176,34272,-1081.91,26.57,86.81,48
274176,34272,-740.98,23.21,32.37,48
274560,34320,3458.21,84.98,11.28,48
274560,34320,1532.79,85.86,144.45,48
274560,34320,3107.72,86.46,16.55,48
274560,34320,2893.61,85.74,17.30,48
274560,34320,1070.21,87.11,205.55,48
274560,34320,430.06,24.10,2.26,48
274560,34320,1252.48,85.26,170.45,48
274560,34320,1476.93,87.20,162.52,48
274944,34368,3565.74,86.13,3.74,48
274944,34368,3798.03,88.79,6.60,48
274944,34368,-1833.64,26.12,164.55,48
274944,34368,2160.37,87.60,77.28,48
274944,34368,-1996.82,22.44,155.90,48
274944,34368,1670.36,87.90,149.19,48
274944,34368,559.20,25.54,0.39,48
274944,34368,3451.67,86.20,4.63,48
275328,34416,3817.78,89.38,0.23,48
275328,34416,-521.40,87.04,385.22,48
275328,34416,-141.20,87.75,368.67,48
275328,34416,-1125.77,23.89,96.25,48
275328,34416,683.60,87.12,245.07,48
275328,34416,2646.09,87.48,50.77,48
275328,34416,2964.72,88.51,31.78,48
275328,34416,-39.79,21.86,8.08,48
275712,34464,2799.49,88.01,37.20,48
275712,34464,3839.09,87.65,0.00,48
275712,34464,3002.13,88.82,38.07,48
275712,34464,-1745.17,24.40,151.87,48
275712,34464,3302.15,85.96,20.82,48
275712,34464,3768.59,88.58,5.52,48
275712,34464,3481.14,84.64,0.00,48
275712,34464,1840.76,86.14,114.70,48
276096,34512,-5469.35,24.95,611.20,48
276096,34512,3541.67,86.85,0.00,48
276096,34512,3644.96,88.83,1.43,48
276096,34512,-655.15,21.64,32.14,48
276096,34512,1547.90,85.52,164.25,48
276096,34512,-1096.79,26.32,82.54,48
276096,34512,2835.69,87.18,30.20,48
276096,34512,3539.00,86.42,0.26,48
276480,34560,2480.96,88.23,60.46,48
276480,34560,3702.89,87.34,0.43,48
276480,34560,2560.76,87.20,52.90,48
276480,34560,3260.86,91.72,41.10,48
276480,34560,1539.54,85.59,139.92,48
276480,34560,3101.40,88.88,26.90,48
276480,34560,1229.98,86.51,170.43,48
276480,34560,3382.07,88.16,23.73,48
276864,34608,1802.79,86.77,117.64,48
276864,34608,3489.77,84.29,0.19,48
276864,34608,230.13,28.07,9.16,48
276864,34608,2742.37,86.67,49.82,48
276864,34608,2389.94,90.71,90.12,48
276864,34608,1084.03,86.77,199.21,48
276864,34608,-2228.57,21.22,178.02,48
276864,34608,3607.81,91.12,18.75,48
277248,34656,-114.92,21.04,13.53,48
277248,34656,119.00,22.70,3.28,48
277248,34656,-1429.54,25.39,109.52,48
277248,34656,3626.78,86.71,1.24,48
277248,34656,481.08,25.00,0.01,48
277248,34656,2540.03,86.62,50.66,48
277248,34656,376.27,23.51,0.68,48
277248,34656,1276.78,87.53,176.38,48
277632,34704,3778.62,89.09,3.67,48
277632,34704,3842.41,89.81,0.69,48
277632,34704,3750.21,87.53,0.00,48
277632,34704,3041.69,87.58,38.50,48
277632,34704,-1089.63,23.06,80.38,48
277632,34704,3407.47,85.84,7.09,48
277632,34704,2479.98,86.17,42.89,48
277632,34704,3548.89,87.88,4.35,48
278016,34752,211.40,21.96,9.22,48
278016,34752,2835.26,87.22,29.97,48
278016,34752,3190.90,91.13,43.98,48
278016,34752,-1733.59,84.72,515.93,48
278016,34752,1764.04,88.29,135.36,48
278016,34752,3045.12,87.76,28.03,48
278016,34752,-1683.38,24.53,144.88,48
278016,34752,3354.44,86.68,12.17,48
278400,34800,1189.61,89.25,205.85,48
278400,34800,2549.52,88.70,44.76,48
278400,34800,970.95,87.77,235.21,48
278400,34800,3126.55,89.14,26.07,48
278400,34800,-39.88,22.40,8.41,48
278400,34800,3503.23,84.83,0.31,48
278400,34800,-1560.69,21.67,136.97,48
278400,34800,3074.60,86.64,35.83,48
278784,34848,75.99,21.90,14.09,48
278784,34848,2005.62,87.42,90.97,48
278784,34848,-1446.11,22.24,113.66,48
278784,34848,-304.52,24.59,37.03,48
278784,34848,2775.16,88.16,27.95,48
278784,34848,2704.08,89.38,66.17,48
278784,34848,1471.62,88.00,165.75,48
278784,34848,-393.37,23.25,35.24,48
279168,34896,-56.15,19.68,14.05,48
279168,34896,3383.90,83.78,0.05,48
279168,34896,244.44,28.10,11.55,48
279168,34896,-417.37,24.10,48.24,48
279168,34896,3624.92,87.68,1.55,48
279168,34896,1431.55,85.23,152.78,48
279168,34896,379.89,22.60,0.33,48
279168,34896,3546.49,85.39,0.00,48
279552,34944,3801.50,89.12,1.29,48
279552,34944,2313.04,86.92,72.73,48
279552,34944,2865.74,86.51,15.63,48
279552,34944,3022.58,87.41,53.25,48
279552,34944,180.73,18.65,0.00,48
279552,34944,2702.82,87.24,48.09,48
279552,34944,2320.63,88.28,91.78,48
279552,34944,2088.87,88.72,106.83,48
279936,34992,344.08,22.66,7.78,48
279936,34992,1624.13,85.00,135.79,48
279936,34992,3490.68,86.92,1.99,48
279936,34992,508.12,21.04,0.00,48
279936,34992,1281.22,89.56,211.62,48
279936,34992,-1472.35,23.50,107.77,48
279936,34992,3706.34,87.44,0.68,48
279936,34992,1995.18,87.43,99.19,48
280320,35040,1337.04,86.29,156.21,48
280320,35040,3656.67,88.54,1.33,48
280320,35040,3666.74,90.94,5.19,48
280320,35040,1569.43,87.70,164.39,48
280320,35040,1728.14,86.64,138.60,48
280320,35040,3550.87,87.22,3.04,48
280320,35040,3651.68,88.50,4.75,48
280320,35040,283.69,21.84,0.83,48
280704,35088,1802.81,86.01,101.89,48
280704,35088,3067.90,86.40,24.95,48
280704,35088,3394.98,84.22,5.18,48
280704,35088,2454.90,90.25,84.59,48
280704,35088,-1087.27,22.96,100.87,48
280704,35088,-4822.13,22.42,530.81,48
280704,35088,-493.11,22.72,29.97,48
280704,35088,3096.46,87.28,23.35,48
281088,35136,-920.88,28.73,88.89,48
281088,35136,3329.62,87.84,19.38,48
281088,35136,169.13,88.62,334.05,48
281088,35136,-2188.78,22.37,204.11,48
281088,35136,13.68,22.71,13.16,48
281088,35136,290.35,20.06,0.00,48
281088,35136,3400.87,88.31,7.02,48
281088,35136,2073.50,84.67,77.37,48
281472,35184,-653.27,24.58,61.54,48
281472,35184,-908.69,27.78,68.73,48
281472,35184,3453.82,87.71,11.07,48
281472,35184,2418.75,85.91,59.91,48
281472,35184,-1731.72,84.68,516.89,48
281472,35184,3250.55,85.65,12.09,48
281472,35184,3627.88,87.59,3.75,48
281472,35184,-792.84,22.79,75.25,48
281856,35232,-2108.48,22.51,183.93,48
281856,35232,3688.49,88.19,1.38,48
281856,35232,-1963.38,85.71,558.98,48
281856,35232,3515.81,85.63,0.00,48
281856,35232,2744.83,87.81,32.30,48
281856,35232,-544.72,23.07,48.70,48
281856,35232,412.15,23.45,0.03,48
281856,35232,3192.08,86.43,9.18,48
282240,35280,286.66,17.58,0.79,48
282240,35280,-128.84,22.41,30.42,48
282240,35280,-762.69,86.44,405.12,48
282240,35280,3356.15,88.22,12.97,48
282240,35280,-2456.09,90.98,659.02,48
282240,35280,2285.92,89.21,78.12,48
282240,35280,3742.39,88.39,1.48,48
282240,35280,2767.33,87.65,38.20,48
282624,35328,-519.77,22.88,34.41,48
282624,35328,3501.26,86.20,0.47,48
282624,35328,3480.83,87.04,0.42,48
282624,35328,3410.23,85.73,7.09,48
282624,35328,3192.00,91.30,30.96,48
282624,35328,3512.36,89.42,12.70,48
282624,35328,3099.75,85.82,37.61,48
282624,35328,3324.33,86.60,12.57,48
283008,35376,-1878.33,20.52,167.35,48
283008,35376,-337.03,21.47,18.82,48
283008,35376,-1449.94,21.14,101.58,48
283008,35376,-1050.06,21.22,75.81,48
283008,35376,3799.50,89.27,2.19,48
283008,35376,2504.40,89.42,78.99,48
283008,35376,-2077.09,24.59,180.86,48
283008,35376,3653.28,88.02,1.14,48
283392,35424,1657.59,84.84,115.27,48
283392,35424,1832.96,87.44,120.09,48
283392,35424,3325.15,87.15,15.61,48
283392,35424,2459.74,86.24,54.70,48
283392,35424,1767.64,86.66,122.51,48
283392,35424,356.49,21.80,0.82,48
283392,35424,3392.61,85.41,1.89,48
283392,35424,3476.82,86.53,3.27,48
283776,35472,3687.35,87.97,0.05,48
283776,35472,3305.73,85.10,7.48,48
283776,35472,2098.93,86.67,85.70,48
283776,35472,-1670.62,26.56,173.65,48
283776,35472,2456.15,85.31,65.22,48
283776,35472,2107.16,85.90,101.73,48
283776,35472,3250.25,87.43,29.18,48
283776,35472,1738.14,84.02,107.48,48
284160,35520,1230.31,86.75,176.04,48
284160,35520,-241.86,21.35,21.13,48
284160,35520,17.81,24.22,19.57,48
284160,35520,2500.49,87.13,52.57,48
284160,35520,203.71,21.74,13.88,48
284160,35520,1339.50,89.67,205.84,48
284160,35520,3695.16,88.59,0.92,48
284160,35520,-970.63,26.03,85.46,48
284544,35568,137.95,25.75,8.50,48
284544,35568,3350.74,89.36,29.78,48
284544,35568,3442.19,87.03,2.19,48
284544,35568,2053.73,87.37,97.64,48
284544,35568,2083.33,88.14,112.16,48
284544,35568,3703.74,87.69,0.71,48
284544,35568,-623.49,21.65,30.84,48
284544,35568,3595.81,86.60,0.02,48
284928,35616,2951.92,87.72,19.46,48
284928,35616,3618.28,86.36,0.01,48
284928,35616,3393.37,85.74,2.73,48
284928,35616,3149.27,87.58,37.52,48
284928,35616,2993.31,88.86,44.93,48
284928,35616,1860.81,87.45,118.94,48
284928,35616,-4637.75,20.32,491.52,48
284928,35616,2727.98,85.39,29.19,48
285312,35664,70.03,22.96,15.33,48
285312,35664,-833.85,24.84,72.31,48
285312,35664,3502.18,85.39,1.84,48
285312,35664,-1342.54,22.93,98.88,48
285312,35664,1623.09,88.64,160.24,48
285312,35664,3561.24,86.12,1.18,48
285312,35664,1586.95,84.91,116.01,48
285312,35664,2004.75,86.42,89.91,48
285696,35712,270.96,21.97,0.26,48
285696,35712,3071.97,87.36,27.58,48
285696,35712,1477.83,83.84,143.92,48
285696,35712,-2399.01,25.34,235.94,48
285696,35712,2730.54,87.20,40.61,48
285696,35712,2684.55,87.48,47.29,48
285696,35712,2667.80,86.72,38.96,48
285696,35712,190.42,21.97,20.82,48
286080,35760,2391.36,82.84,34.89,48
286080,35760,-51.20,20.32,18.49,48
286080,35760,366.00,20.17,0.02,48
286080,35760,1921.71,86.57,139.54,48
286080,35760,2540.84,88.08,79.82,48
286080,35760,3551.89,86.52,0.66,48
286080,35760,-1534.73,21.57,108.31,48
286080,35760,2088.27,87.81,103.83,48
286464,35808,1228.02,88.82,201.15,48
286464,35808,-649.30,88.09,420.85,48
286464,35808,-656.88,23.80,43.33,48
286464,35808,30.37,84.50,306.17,48
286464,35808,2820.41,88.38,40.15,48
286464,35808,-588.02,21.86,33.98,48
286464,35808,2172.94,86.90,82.88,48
286464,35808,-647.04,22.04,43.13,48
286848,35856,1.36,22.66,13.74,48
286848,35856,3489.61,85.41,0.28,48
286848,35856,1927.89,87.77,112.58,48
286848,35856,-202.52,21.52,28.01,48
286848,35856,-1001.57,22.53,74.88,48
286848,35856,-568.36,26.54,53.33,48
286848,35856,1327.68,87.64,192.59,48
286848,35856,1714.70,86.48,116.98,48
287232,35904,3377.38,86.28,5.35,48
287232,35904,3136.18,87.39,26.32,48
287232,35904,2935.75,86.10,47.88,48
287232,35904,-1658.84,20.76,129.44,48
287232,35904,2702.81,87.97,56.35,48
287232,35904,1098.19,86.22,183.61,48
287232,35904,3764.83,88.21,1.21,48
287232,35904,1023.92,87.94,208.03,48
287616,35952,1856.15,88.86,120.83,48
287616,35952,-20.95,22.05,9.20,48
287616,35952,-250.14,24.64,33.88,48
287616,35952,1057.09,85.55,203.46,48
287616,35952,2796.84,85.95,45.75,48
287616,35952,-1311.43,20.36,99.47,48
287616,35952,1380.55,86.89,163.76,48
287616,35952,3405.52,86.23,6.05,48
288000,36000,1.85,20.71,34.16,48
288000,36000,3472.72,84.19,2.69,48
288000,36000,2559.34,86.07,64.08,48
288000,36000,3840.75,89.56,0.48,48
288000,36000,1557.80,84.52,127.06,48
288000,36000,-3254.53,21.30,317.48,48
288000,36000,1329.94,87.13,174.34,48
288000,36000,1236.80,89.36,205.58,48
288384,36048,1210.64,87.19,190.38,48
288384,36048,1524.94,87.19,144.33,48
288384,36048,1977.84,85.22,96.10,48
288384,36048,-2164.51,86.96,585.15,48
288384,36048,1805.83,85.45,109.49,48
288384,36048,2622.06,88.55,53.07,48
288384,36048,285.30,25.35,4.22,48
288384,36048,3894.94,89.56,0.00,48
288768,36096,3591.98,88.78,8.53,48
288768,36096,-6052.82,25.60,663.85,48
288768,36096,1531.17,89.74,179.92,48
288768,36096,474.25,19.49,0.00,48
288768,36096,3674.64,86.08,0.00,48
288768,36096,2376.29,87.05,73.97,48
288768,36096,1312.11,88.16,190.06,48
288768,36096,2199.35,85.56,91.47,48
289152,36144,-1106.48,26.36,104.95,48
289152,36144,-325.12,21.54,24.61,48
289152,36144,-1655.23,87.67,536.00,48
289152,36144,1946.36,87.09,111.43,48
289152,36144,2933.81,89.42,54.30,48
289152,36144,-1565.63,28.33,150.51,48
289152,36144,-1900.22,27.65,199.47,48
289152,36144,1928.09,89.30,128.17,48
289536,36192,320.32,24.13,1.24,48
289536,36192,2553.49,88.15,59.58,48
289536,36192,-71.41,15.60,7.45,48
289536,36192,385.64,23.03,0.79,48
289536,36192,181.28,22.70,1.66,48
289536,36192,1526.07,87.85,157.39,48
289536,36192,3618.92,86.59,3.08,48
289536,36192,2590.48,86.55,48.62,48
289920,36240,2558.37,84.40,30.52,48
289920,36240,8.49,21.50,7.13,48
289920,36240,2602.77,88.10,60.58,48
289920,36240,3605.59,86.90,0.28,48
289920,36240,-997.18,22.06,69.33,48
289920,36240,2902.07,86.31,21.30,48
289920,36240,1655.58,87.28,137.50,48
289920,36240,370.16,24.87,1.49,48
290304,36288,-1677.87,22.65,146.28,48
290304,36288,3235.15,87.22,11.63,48
290304,36288,3459.22,86.06,2.20,48
290304,36288,-1001.46,24.11,66.87,48
290304,36288,-464.68,18.85,20.62,48
290304,36288,-228.14,20.45,33.60,48
290304,36288,2669.69,89.37,49.51,48
290304,36288,387.51,23.18,0.31,48
290688,36336,2890.61,85.89,19.49,48
290688,36336,2552.90,87.17,54.44,48
290688,36336,2535.27,85.19,36.51,48
290688,36336,-1478.68,22.08,116.82,48
290688,36336,2263.67,87.25,66.48,48
290688,36336,-218.04,22.31,21.40,48
290688,36336,-2263.96,24.64,213.09,48
290688,36336,2037.34,86.06,85.43,48
291072,36384,2720.27,88.52,58.74,48
291072,36384,-4679.52,20.31,492.55,48
291072,36384,1840.17,86.09,115.84,48
291072,36384,2334.65,88.57,75.18,48
291072,36384,1192.40,88.21,202.63,48
291072,36384,-922.27,23.91,72.22,48
291072,36384,2713.80,87.97,74.76,48
291072,36384,-582.60,18.42,37.66,48
291456,36432,732.35,86.89,223.73,48
291456,36432,2591.12,89.13,58.33,48
291456,36432,3501.91,86.96,4.20,48
291456,36432,-4794.41,21.51,495.74,48
291456,36432,3304.41,87.85,15.26,48
291456,36432,257.41,21.58,0.28,48
291456,36432,-1784.07,89.74,577.00,48
291456,36432,3799.06,88.70,1.01,48
291840,36480,3350.95,86.79,6.74,48
291840,36480,2002.05,86.36,105.61,48
291840,36480,-5.21,20.34,16.77,48
291840,36480,2863.32,85.12,21.25,48
291840,36480,3385.33,88.02,17.42,48
291840,36480,1638.84,87.80,146.29,48
291840,36480,-1464.78,23.60,124.84,48
291840,36480,-211.97,22.93,18.59,48
292224,36528,42.00,22.23,6.07,48
292224,36528,-2823.14,27.20,277.12,48
292224,36528,2348.94,85.06,51.20,48
292224,36528,-914.43,25.00,85.94,48
292224,36528,1424.77,89.48,197.48,48
292224,36528,3649.09,87.72,4.01,48
292224,36528,1788.32,85.90,101.76,48
292224,36528,-829.41,20.05,67.82,48
292608,36576,3431.10,84.94,0.83,48
292608,36576,-64.43,20.05,13.45,48
292608,36576,-2124.75,25.12,187.88,48
292608,36576,3590.43,87.51,3.27,48
292608,36576,1342.80,90.91,212.05,48
292608,36576,-197.35,22.52,14.78,48
292608,36576,97.76,21.42,2.20,48
292608,36576,101.74,87.31,338.68,48
292992,36624,2445.98,87.01,57.21,48
292992,36624,3400.70,85.36,0.00,48
292992,36624,3377.25,86.91,19.58,48
292992,36624,3017.76,85.86,13.44,48
292992,36624,3307.85,88.28,10.19,48
292992,36624,2593.14,87.07,36.80,48
292992,36624,3589.56,85.74,0.00,48
292992,36624,3679.58,88.15,2.17,48
293376,36672,3203.47,85.67,9.36,48
293376,36672,2739.66,85.22,29.61,48
293376,36672,1676.41,84.27,122.91,48
293376,36672,3396.33,87.91,7.21,48
293376,36672,-1290.38,24.70,81.57,48
293376,36672,-1613.83,20.18,122.66,48
293376,36672,3605.48,86.66,0.61,48
293376,36672,288.85,23.77,3.29,48
293760,36720,-759.66,23.95,50.94,48
293760,36720,3744.11,89.02,1.37,48
293760,36720,404.68,24.65,0.00,48
293760,36720,3568.72,85.25,1.83,48
293760,36720,2246.48,86.83,68.59,48
293760,36720,1744.38,84.89,110.24,48
293760,36720,-507.82,22.59,34.50,48
293760,36720,-2329.94,24.71,214.60,48
294144,36768,2771.40,86.33,30.25,48
294144,36768,2585.10,87.89,43.10,48
294144,36768,-1069.16,21.88,74.66,48
294144,36768,2805.69,87.03,48.98,48
294144,36768,337.60,21.52,0.00,48
294144,36768,3738.66,88.62,4.03,48
294144,36768,2714.58,85.42,20.56,48
294144,36768,2305.12,85.67,72.57,48
294528,36816,-347.27,24.26,33.33,48
294528,36816,-1218.57,24.98,88.73,48
294528,36816,3933.70,89.45,0.00,48
294528,36816,-202.67,24.00,45.90,48
294528,36816,3508.19,87.74,11.93,48
294528,36816,-1318.81,87.54,498.35,48
294528,36816,2035.56,88.21,105.46,48
294528,36816,-1117.99,21.90,89.57,48
294912,36864,-34.03,22.93,7.68,48
294912,36864,-493.20,17.60,14.26,48
294912,36864,3213.67,85.85,17.21,48
294912,36864,3453.28,85.47,0.00,48
294912,36864,-1001.19,24.56,73.24,48
294912,36864,3439.97,84.99,6.97,48
294912,36864,3444.74,84.43,1.97,48
294912,36864,-1779.80,23.63,177.03,48
295296,36912,-2077.41,21.52,160.77,48
295296,36912,-1125.66,22.72,87.84,48
295296,36912,3621.55,85.57,0.12,48
295296,36912,3015.61,86.66,18.26,48
295296,36912,-1816.49,23.98,159.24,48
295296,36912,2522.92,84.06,27.17,48
295296,36912,3260.75,79.79,0.00,48
295296,36912,2120.94,82.38,60.81,48
295680,36960,3438.46,84.08,0.00,48
295680,36960,309.38,20.52,4.27,48
295680,36960,-245.39,21.33,24.90,48
295680,36960,-116.56,19.33,11.67,48
295680,36960,-4696.99,21.26,499.17,48
295680,36960,1605.65,85.32,115.86,48
295680,36960,3145.18,82.50,5.27,48
295680,36960,932.18,83.47,178.29,48
296064,37008,2347.20,85.28,73.05,48
296064,37008,405.61,24.40,0.10,48
296064,37008,284.87,20.26,1.34,48
296064,37008,2937.64,86.62,23.66,48
296064,37008,-82.21,21.11,12.61,48
296064,37008,305.63,21.14,3.53,48
296064,37008,1773.77,85.41,107.65,48
296064,37008,-44.39,24.34,12.44,48
296448,37056,-1829.63,87.79,560.74,48
296448,37056,3807.55,89.27,0.31,48
296448,37056,-1074.91,18.85,57.57,48
296448,37056,1676.96,87.25,142.55,48
296448,37056,3203.94,86.16,3.98,48
296448,37056,1087.31,85.19,182.25,48
296448,37056,1695.15,83.47,114.95,48
296448,37056,-1502.74,87.31,520.52,48
296832,37104,3028.00,83.45,21.26,48
296832,37104,3288.51,84.74,6.57,48
296832,37104,3193.38,87.16,19.49,48
296832,37104,3251.27,83.82,4.41,48
296832,37104,-1707.93,21.65,124.13,48
296832,37104,-1507.92,22.68,116.38,48
296832,37104,3624.74,87.29,0.66,48
296832,37104,3731.97,87.21,2.39,48
297216,37152,3146.52,86.46,27.37,48
297216,37152,3502.48,86.53,4.66,48
297216,37152,3050.48,86.78,34.30,48
297216,37152,-997.85,23.75,77.80,48
297216,37152,3544.33,85.65,0.34,48
297216,37152,2913.41,86.85,35.51,48
297216,37152,2980.82,87.47,20.43,48
297216,37152,2246.05,90.40,106.12,48
297600,37200,-1190.47,27.10,95.13,48
297600,37200,1926.04,84.53,88.23,48
297600,37200,3367.95,84.27,1.66,48
297600,37200,3891.71,89.66,0.47,48
297600,37200,-577.45,25.60,45.71,48
297600,37200,146.31,19.43,1.90,48
297600,37200,2052.03,87.51,93.79,48
297600,37200,3733.82,87.53,0.72,48
297984,37248,2370.01,85.56,62.71,48
297984,37248,3507.20,86.81,1.22,48
297984,37248,3504.92,86.63,0.00,48
297984,37248,2303.09,88.61,78.85,48
297984,37248,-385.13,19.61,14.10,48
297984,37248,1900.61,86.84,110.01,48
297984,37248,57.32,19.69,2.61,48
297984,37248,3310.98,84.60,1.21,48
298368,37296,144.60,23.62,10.10,48
298368,37296,-811.57,22.52,68.08,48
298368,37296,3513.90,87.42,9.37,48
298368,37296,-781.96,26.10,70.69,48
298368,37296,3340.42,82.15,2.30,48
298368,37296,2106.79,86.15,90.81,48
298368,37296,1481.54,86.90,152.34,48
298368,37296,3105.48,87.12,12.90,48
298752,37344,1354.82,87.32,188.77,48
298752,37344,3004.60,84.41,14.96,48
298752,37344,3487.09,85.11,0.81,48
298752,37344,-3614.93,22.95,376.54,48
298752,37344,-855.64,88.25,453.65,48
298752,37344,-565.98,21.48,22.39,48
298752,37344,202.76,24.37,2.00,48
298752,37344,3562.14,86.53,0.00,48
299136,37392,2814.33,85.66,26.56,48
299136,37392,3632.12,86.15,0.10,48
299136,37392,1700.53,85.25,127.74,48
299136,37392,-1730.64,88.53,552.49,48
299136,37392,3386.43,88.96,20.08,48
299136,37392,30.59,20.25,6.99,48
299136,37392,203.20,19.51,1.74,48
299136,37392,3602.45,85.20,0.00,48
299520,37440,-1211.60,25.38,101.00,48
299520,37440,3573.71,89.01,2.43,48
299520,37440,3578.31,86.85,7.29,48
299520,37440,-46.17,23.37,30.32,48
299520,37440,-1093.89,23.53,75.50,48
299520,37440,3241.38,88.91,21.44,48
299520,37440,3859.76,89.91,1.56,48
299520,37440,3594.07,88.50,3.94,48
299904,37488,3321.61,82.61,0.79,48
299904,37488,3266.80,85.50,2.89,48
299904,37488,2895.63,85.07,33.47,48
299904,37488,3435.22,88.28,9.88,48
299904,37488,3026.02,86.30,28.90,48
299904,37488,-471.99,24.04,37.97,48
299904,37488,2032.03,86.94,107.24,48
299904,37488,3576.84,86.96,0.00,48
300288,37536,2084.12,83.90,71.67,48
300288,37536,2946.33,81.42,21.13,48
300288,37536,3587.78,86.43,0.21,48
300288,37536,3640.81,87.08,0.10,48
300288,37536,2871.37,85.60,53.52,48
300288,37536,3415.63,86.54,2.46,48
300288,37536,3180.60,85.30,7.16,48
300288,37536,3251.25,83.14,2.03,48
300672,37584,3584.85,86.83,0.72,48
300672,37584,3299.19,88.54,13.98,48
300672,37584,1508.30,87.40,155.88,48
300672,37584,-353.64,24.79,34.77,48
300672,37584,-1301.48,21.33,96.36,48
300672,37584,2581.50,87.54,44.99,48
300672,37584,3362.95,86.93,4.44,48
300672,37584,3037.58,85.07,15.41,48
301056,37632,3192.71,83.91,6.62,48
301056,37632,62.79,24.14,2.03,48
301056,37632,3595.52,86.23,0.00,48
301056,37632,3831.96,88.52,0.10,48
301056,37632,1703.65,85.39,107.90,48
301056,37632,-1001.00,85.06,444.50,48
301056,37632,1664.96,87.73,136.07,48
301056,37632,3618.53,86.45,0.00,48
301440,37680,3101.77,83.99,16.11,48
301440,37680,2409.93,83.93,46.60,48
301440,37680,3574.22,88.12,3.58,48
301440,37680,2881.14,88.15,33.25,48
301440,37680,1796.40,84.85,104.80,48
301440,37680,3006.46,84.84,16.71,48
301440,37680,408.76,22.04,0.00,48
301440,37680,1149.81,87.86,198.72,48
301824,37728,-218.46,87.09,351.83,48
301824,37728,2167.57,87.69,82.48,48
301824,37728,3079.16,89.02,40.22,48
301824,37728,1232.65,86.76,184.58,48
301824,37728,-546.69,19.30,26.32,48
301824,37728,2524.15,87.57,64.94,48
301824,37728,3176.88,89.19,21.29,48
301824,37728,3366.69,82.78,0.00,48
302208,37776,2533.40,91.41,89.76,48
302208,37776,330.13,18.31,0.74,48
302208,37776,-209.63,20.26,11.58,48
302208,37776,3609.08,87.12,0.54,48
302208,37776,3347.21,87.83,13.68,48
302208,37776,2021.29,85.59,93.18,48
302208,37776,3532.71,86.15,2.21,48
302208,37776,-1892.87,20.93,145.54,48
302592,37824,-516.89,21.57,45.43,48
302592,37824,3571.50,85.83,1.46,48
302592,37824,-1424.97,21.12,121.22,48
302592,37824,3582.26,89.24,11.78,48
302592,37824,2615.40,87.25,58.37,48
302592,37824,3575.28,86.22,3.57,48
302592,37824,-1257.13,22.75,114.24,48
302592,37824,3593.49,87.21,0.00,48
302976,37872,-485.71,19.51,18.92,48
302976,37872,2607.09,86.76,31.04,48
302976,37872,3034.59,85.56,16.27,48
302976,37872,2927.33,89.42,47.12,48
302976,37872,2342.27,86.92,56.43,48
302976,37872,7.47,21.27,8.38,48
302976,37872,2587.03,85.12,33.49,48
302976,37872,3615.45,86.59,0.27,48
303360,37920,3361.17,83.80,0.00,48
303360,37920,2434.00,84.42,37.23,48
303360,37920,-1315.59,23.16,103.11,48
303360,37920,-408.50,23.40,24.17,48
303360,37920,3583.45,87.50,4.39,48
303360,37920,3711.89,87.32,0.00,48
303360,37920,2802.42,85.38,27.32,48
303360,37920,2990.40,81.07,21.49,48
303744,37968,2477.73,85.27,47.67,48
303744,37968,2821.46,85.69,53.65,48
303744,37968,3575.04,88.86,12.75,48
303744,37968,-2077.38,27.78,206.39,48
303744,37968,2919.94,84.11,16.24,48
303744,37968,3273.23,84.49,5.57,48
303744,37968,3445.72,87.31,1.26,48
303744,37968,3571.35,85.86,0.83,48
304128,38016,-673.36,21.62,40.98,48
304128,38016,3226.59,81.90,0.27,48
304128,38016,2843.58,88.52,46.25,48
304128,38016,3464.03,86.46,11.61,48
304128,38016,2409.08,86.04,39.06,48
304128,38016,3096.11,86.88,34.79,48
304128,38016,2836.12,88.20,30.55,48
304128,38016,-151.34,20.99,13.54,48
304512,38064,2554.99,86.02,52.66,48
304512,38064,3800.95,88.93,1.94,48
304512,38064,3283.04,86.07,13.14,48
304512,38064,3553.14,86.84,0.27,48
304512,38064,-1298.46,22.57,96.54,48
304512,38064,2188.97,86.98,80.97,48
304512,38064,3352.36,86.21,6.70,48
304512,38064,-1051.10,26.20,64.00,48
304896,38112,114.20,23.36,25.50,48
304896,38112,2454.68,89.48,63.50,48
304896,38112,1226.73,85.27,167.98,48
304896,38112,2948.61,88.10,42.51,48
304896,38112,-1726.36,23.08,152.04,48
304896,38112,1243.14,83.47,148.97,48
304896,38112,3508.16,86.28,1.66,48
304896,38112,-1443.32,19.54,98.65,48
305280,38160,-990.58,83.58,421.54,48
305280,38160,3635.14,87.28,0.84,48
305280,38160,3689.21,89.58,5.28,48
305280,38160,3145.52,88.40,26.06,48
305280,38160,3457.12,84.71,2.32,48
305280,38160,269.48,20.85,0.88,48
305280,38160,-1751.95,21.89,122.01,48
305280,38160,2255.26,85.63,66.40,48
305664,38208,24.79,23.04,22.36,48
305664,38208,307.09,23.00,0.43,48
305664,38208,-1282.85,22.24,87.82,48
305664,38208,2831.61,86.57,37.54,48
305664,38208,3142.18,87.41,11.92,48
305664,38208,-24.63,22.20,8.11,48
305664,38208,1436.91,84.73,149.51,48
305664,38208,1167.06,86.81,176.82,48
306048,38256,3516.85,86.65,0.83,48
306048,38256,2188.80,83.23,69.40,48
306048,38256,3330.19,86.97,12.93,48
306048,38256,-709.04,22.66,67.82,48
306048,38256,-159.18,24.30,23.58,48
306048,38256,-3395.46,22.75,353.81,48
306048,38256,2467.07,87.67,53.08,48
306048,38256,2431.42,85.16,44.14,48
306432,38304,3431.20,87.03,14.28,48
306432,38304,3693.40,86.85,0.31,48
306432,38304,2455.33,87.84,66.14,48
306432,38304,-1191.77,22.61,93.64,48
306432,38304,-1489.73,24.48,131.60,48
306432,38304,420.29,24.30,0.32,48
306432,38304,121.18,21.61,2.30,48
306432,38304,-531.63,22.45,41.53,48
306816,38352,2611.08,88.10,50.47,48
306816,38352,3460.01,84.96,0.27,48
306816,38352,3248.37,84.99,9.39,48
306816,38352,253.30,21.23,0.00,48
306816,38352,3458.29,86.44,3.38,48
306816,38352,3448.70,87.32,6.58,48
306816,38352,349.36,23.52,2.21,48
306816,38352,3675.01,88.19,3.32,48
307200,38400,2666.59,88.39,35.78,48
307200,38400,3541.35,85.40,1.02,48
307200,38400,3369.17,85.68,9.34,48
307200,38400,3688.48,87.25,0.00,48
307200,38400,238.66,18.41,0.00,48
307200,38400,54.91,24.11,13.33,48
307200,38400,3269.11,87.91,12.94,48
307200,38400,436.65,24.89,0.10,48
307584,38448,-1531.28,25.69,144.13,48
307584,38448,2498.38,84.17,35.35,48
307584,38448,3497.21,88.35,3.65,48
307584,38448,2170.77,84.73,75.81,48
307584,38448,1988.57,86.56,94.23,48
307584,38448,3585.05,84.92,1.31,48
307584,38448,3354.99,85.87,4.08,48
307584,38448,3212.63,85.99,7.93,48
307968,38496,3358.29,85.22,7.42,48
307968,38496,2812.17,88.92,48.40,48
307968,38496,-369.31,23.83,29.02,48
307968,38496,3692.15,87.56,0.01,48
307968,38496,-1205.98,88.04,480.63,48
307968,38496,3643.54,86.81,0.05,48
307968,38496,2634.85,84.51,49.15,48
307968,38496,578.47,87.75,263.42,48
308352,38544,133.64,23.52,4.47,48
308352,38544,-803.23,20.36,50.92,48
308352,38544,3088.34,85.50,20.21,48
308352,38544,-1504.81,22.28,121.15,48
308352,38544,3322.02,82.78,0.34,48
308352,38544,-752.66,24.51,71.87,48
308352,38544,3495.88,89.76,13.05,48
308352,38544,3444.92,84.48,0.72,48
308736,38592,1254.09,89.06,199.18,48
308736,38592,3515.44,87.88,3.02,48
308736,38592,366.66,20.60,1.24,48
308736,38592,2257.28,85.70,64.35,48
308736,38592,-1177.04,24.14,75.40,48
308736,38592,1962.84,83.15,77.73,48
308736,38592,316.83,22.53,1.53,48
308736,38592,-629.39,23.17,56.86,48
309120,38640,3512.93,84.54,0.61,48
309120,38640,3557.95,85.82,0.38,48
309120,38640,131.78,22.75,9.39,48
309120,38640,429.86,25.23,0.00,48
309120,38640,166.68,18.39,0.88,48
309120,38640,3429.89,85.66,6.10,48
309120,38640,-12.76,20.59,9.99,48
309120,38640,174.39,23.74,2.44,48
309504,38688,-0.24,21.83,18.54,48
309504,38688,2808.88,86.21,19.16,48
309504,38688,880.42,87.80,227.44,48
309504,38688,3107.02,86.91,27.91,48
309504,38688,-610.31,25.21,53.34,48
309504,38688,373.48,23.09,0.18,48
309504,38688,3684.60,89.31,2.54,48
309504,38688,3856.67,89.48,0.28,48
309888,38736,3010.25,86.88,30.78,48
309888,38736,126.84,22.91,7.83,48
309888,38736,483.99,24.37,0.19,48
309888,38736,-395.84,23.27,30.12,48
309888,38736,1344.00,85.71,158.45,48
309888,38736,3653.54,87.50,0.19,48
309888,38736,460.91,23.94,0.60,48
309888,38736,-401.46,21.68,27.71,48
310272,38784,2640.09,84.97,42.42,48
310272,38784,2867.50,86.66,18.77,48
310272,38784,132.77,18.60,4.09,48
310272,38784,3512.27,84.86,0.38,48
310272,38784,2891.47,87.31,35.02,48
310272,38784,-1609.89,21.98,140.46,48
310272,38784,-2015.05,24.69,187.08,48
310272,38784,3674.42,87.16,0.00,48
310656,38832,-644.12,21.29,49.81,48
310656,38832,-268.70,23.12,22.06,48
310656,38832,3355.02,86.74,6.68,48
310656,38832,150.21,19.24,1.00,48
310656,38832,369.86,24.16,0.00,48
310656,38832,3941.35,90.73,1.49,48
310656,38832,-3798.90,21.97,383.66,48
310656,38832,3475.52,87.86,8.68,48
311040,38880,3398.18,85.27,9.48,48
311040,38880,2908.48,89.43,68.00,48
311040,38880,3346.24,82.39,0.00,48
311040,38880,3267.11,83.47,5.19,48
311040,38880,1946.52,87.48,108.92,48
311040,38880,-1047.25,23.52,97.62,48
311040,38880,2527.48,85.46,36.16,48
311040,38880,81.99,20.84,5.50,48
311424,38928,3394.48,85.78,2.41,48
311424,38928,1883.28,89.17,122.59,48
311424,38928,1753.11,84.62,121.89,48
311424,38928,3580.94,86.92,0.43,48
311424,38928,1555.67,85.73,132.73,48
311424,38928,3328.60,84.81,4.49,48
311424,38928,-5961.63,25.54,658.72,48
311424,38928,2643.17,88.85,37.57,48
311808,38976,1870.43,84.70,89.53,48
311808,38976,-1861.63,24.27,166.56,48
311808,38976,2150.78,84.74,77.86,48
311808,38976,2493.93,86.05,44.82,48
311808,38976,1751.11,85.90,123.15,48
311808,38976,-1878.77,24.88,174.94,48
311808,38976,331.07,19.24,1.83,48
311808,38976,3904.95,89.62,1.48,48
312192,39024,3730.16,89.17,4.80,48
312192,39024,3190.17,85.80,10.05,48
312192,39024,3786.21,89.90,1.41,48
312192,39024,-538.65,20.55,21.01,48
312192,39024,206.49,19.86,2.09,48
312192,39024,3245.09,86.96,14.30,48
312192,39024,3584.49,89.33,3.09,48
312192,39024,-269.01,19.04,21.94,48
312576,39072,-1360.40,21.18,122.40,48
312576,39072,3240.32,85.96,14.90,48
312576,39072,2039.99,87.02,105.35,48
312576,39072,292.57,21.10,5.45,48
312576,39072,-586.89,23.57,46.12,48
312576,39072,-2025.15,22.06,165.36,48
312576,39072,3636.39,86.57,0.00,48
312576,39072,3544.17,85.85,0.58,48
312960,39120,-2246.24,25.78,220.34,48
312960,39120,-1582.74,19.55,101.07,48
312960,39120,3560.29,87.36,1.43,48
312960,39120,117.45,20.95,21.00,48
312960,39120,2935.37,85.07,5.05,48
312960,39120,224.77,22.19,8.51,48
312960,39120,267.69,24.05,1.01,48
312960,39120,3465.45,86.62,1.86,48
313344,39168,3785.62,88.94,0.71,48
313344,39168,310.92,23.79,0.21,48
313344,39168,2467.95,87.85,62.82,48
313344,39168,3333.71,86.88,12.47,48
313344,39168,-641.85,22.63,50.37,48
313344,39168,2494.61,87.65,53.04,48
313344,39168,3370.63,86.61,11.20,48
313344,39168,-14.09,23.91,9.32,48
313728,39216,3359.32,85.03,1.93,48
313728,39216,3317.79,88.10,15.25,48
313728,39216,40.20,85.52,308.58,48
313728,39216,3072.31,83.69,6.91,48
313728,39216,244.65,18.47,0.00,48
313728,39216,-1135.30,22.69,87.35,48
313728,39216,-139.02,20.47,14.41,48
313728,39216,-1783.83,20.42,130.98,48
314112,39264,3673.01,87.24,0.25,48
314112,39264,3563.43,85.56,0.18,48
314112,39264,2763.21,86.09,37.27,48
314112,39264,-372.43,22.81,35.77,48
314112,39264,3675.90,87.00,0.71,48
314112,39264,-195.58,23.14,32.32,48
314112,39264,2746.89,85.91,28.54,48
314112,39264,3084.01,85.78,19.51,48
314496,39312,-1286.29,86.60,484.26,48
314496,39312,1343.50,85.63,156.44,48
314496,39312,3608.29,86.70,3.96,48
314496,39312,-1995.74,23.74,188.55,48
314496,39312,3330.26,89.25,28.88,48
314496,39312,3448.90,85.39,5.98,48
314496,39312,2342.29,87.76,72.41,48
314496,39312,-2176.50,22.65,211.28,48
314880,39360,1386.36,85.14,153.15,48
314880,39360,-169.54,22.18,29.69,48
314880,39360,3364.56,87.01,3.45,48
314880,39360,259.28,26.41,1.51,48
314880,39360,3692.41,87.06,0.00,48
314880,39360,3834.90,88.37,1.56,48
314880,39360,276.27,22.09,0.61,48
314880,39360,-1391.34,84.92,484.91,48
315264,39408,-1666.26,87.02,544.95,48
315264,39408,3957.96,90.43,0.57,48
315264,39408,2702.36,88.88,58.04,48
315264,39408,3334.53,87.50,12.98,48
315264,39408,2457.43,89.61,96.11,48
315264,39408,1600.02,85.35,119.62,48
315264,39408,3504.05,86.37,3.42,48
315264,39408,2651.49,86.35,78.84,48
315648,39456,3347.69,82.94,0.00,48
315648,39456,2243.47,83.46,80.49,48
315648,39456,1730.25,87.48,142.76,48
315648,39456,3236.51,84.69,11.02,48
315648,39456,-295.50,26.07,33.77,48
315648,39456,-620.14,20.51,30.73,48
315648,39456,-361.57,21.16,47.02,48
315648,39456,3358.11,85.68,4.90,48
316032,39504,3119.06,86.41,15.19,48
316032,39504,3310.84,86.61,7.53,48
316032,39504,3051.89,87.13,18.55,48
316032,39504,-51.83,19.92,16.03,48
316032,39504,-405.01,24.28,36.04,48
316032,39504,-644.43,21.66,35.07,48
316032,39504,3548.95,86.54,0.00,48
316032,39504,2608.30,86.30,38.19,48
316416,39552,-760.04,19.79,47.53,48
316416,39552,-2019.03,22.53,183.55,48
316416,39552,1623.17,88.17,152.48,48
316416,39552,260.63,23.02,1.43,48
316416,39552,1650.05,88.00,147.57,48
316416,39552,-741.16,22.15,38.90,48
316416,39552,-892.75,20.45,57.09,48
316416,39552,2730.30,86.93,31.79,48
316800,39600,420.25,22.11,0.83,48
316800,39600,3837.93,88.79,0.00,48
316800,39600,3146.41,86.50,15.21,48
316800,39600,3495.14,84.38,0.04,48
316800,39600,-142.09,22.27,20.07,48
316800,39600,3190.43,85.81,10.82,48
316800,39600,1968.05,84.25,103.09,48
316800,39600,260.19,22.01,2.53,48
317184,39648,-387.60,20.94,24.40,48
317184,39648,1071.13,84.25,166.04,48
317184,39648,2726.20,86.69,40.08,48
317184,39648,2888.73,85.60,33.27,48
317184,39648,3494.21,87.08,5.98,48
317184,39648,313.02,20.87,0.19,48
317184,39648,2852.32,92.00,49.15,48
317184,39648,1961.99,87.77,104.40,48
317568,39696,-670.50,24.09,52.51,48
317568,39696,2971.58,88.82,46.36,48
317568,39696,3564.46,86.87,1.56,48
317568,39696,3373.27,86.15,6.36,48
317568,39696,3530.59,87.08,3.27,48
317568,39696,436.75,20.43,0.00,48
317568,39696,3445.99,84.79,0.27,48
317568,39696,-259.50,24.16,14.96,48
317952,39744,-277.44,27.80,44.19,48
317952,39744,3571.79,86.25,1.48,48
317952,39744,1785.58,86.91,131.53,48
317952,39744,3429.40,84.50,0.58,48
317952,39744,2391.11,87.09,56.22,48
317952,39744,276.36,22.48,6.21,48
317952,39744,-3679.71,23.02,373.99,48
317952,39744,3499.75,87.56,5.03,48
318336,39792,-1738.89,19.99,155.47,48
318336,39792,-1922.71,22.64,173.38,48
318336,39792,1301.65,85.90,146.92,48
318336,39792,-478.61,19.65,19.58,48
318336,39792,2774.66,84.36,13.24,48
318336,39792,-1508.62,86.88,503.52,48
318336,39792,3348.97,87.05,12.45,48
318336,39792,3587.10,86.89,1.44,48
318720,39840,-0.89,23.80,10.60,48
318720,39840,2926.56,83.67,12.33,48
318720,39840,196.09,21.13,0.23,48
318720,39840,-26.65,18.87,0.09,48
318720,39840,-792.63,86.41,427.16,48
318720,39840,3160.36,88.50,28.61,48
318720,39840,-1272.94,20.19,86.10,48
318720,39840,2971.59,84.77,22.39,48
319104,39888,-738.42,26.63,78.64,48
319104,39888,2230.19,89.32,86.23,48
319104,39888,331.48,20.04,0.61,48
319104,39888,3584.60,86.54,4.39,48
319104,39888,3025.78,88.25,27.16,48
319104,39888,3243.33,86.65,16.03,48
319104,39888,198.09,24.63,3.76,48
319104,39888,3002.55,86.90,18.45,48
319488,39936,-1514.26,26.39,140.25,48
319488,39936,3669.55,87.60,0.33,48
319488,39936,3182.34,84.44,11.73,48
319488,39936,3385.06,87.64,6.11,48
319488,39936,246.74,22.03,0.39,48
319488,39936,3206.54,84.95,7.02,48
319488,39936,178.61,23.38,7.34,48
319488,39936,-517.31,20.36,35.89,48
319872,39984,2914.27,88.49,28.48,48
319872,39984,-992.85,23.40,81.14,48
319872,39984,3198.10,87.37,27.36,48
319872,39984,-467.72,21.78,33.92,48
319872,39984,1716.02,85.78,107.23,48
319872,39984,3502.71,85.96,1.02,48
319872,39984,245.94,24.85,5.53,48
319872,39984,3454.52,86.05,4.49,48
320256,40032,2725.03,88.24,65.43,48
320256,40032,-483.84,19.41,25.61,48
320256,40032,1968.59,85.67,89.91,48
320256,40032,-1309.25,19.82,79.91,48
320256,40032,3403.58,85.11,2.48,48
320256,40032,3039.13,87.13,11.20,48
320256,40032,136.86,24.25,10.59,48
320256,40032,2188.59,82.84,86.65,48
320640,40080,1395.79,86.74,167.16,48
320640,40080,-246.56,23.65,23.74,48
320640,40080,3484.30,87.17,11.67,48
320640,40080,-228.28,22.98,22.27,48
320640,40080,3632.96,86.43,0.10,48
320640,40080,2345.34,86.84,86.85,48
320640,40080,2611.03,87.02,42.16,48
320640,40080,-233.35,19.86,8.61,48
321024,40128,1986.05,88.01,120.11,48
321024,40128,2764.36,83.75,38.84,48
321024,40128,-2420.22,24.96,225.65,48
321024,40128,-1150.30,84.51,447.49,48
321024,40128,2012.20,89.39,111.41,48
321024,40128,2232.03,85.57,86.16,48
321024,40128,3013.73,84.29,21.04,48
321024,40128,3796.27,90.38,4.88,48
321408,40176,-807.59,23.59,61.83,48
321408,40176,-517.64,22.14,32.15,48
321408,40176,3685.96,89.73,3.02,48
321408,40176,-288.48,21.42,34.20,48
321408,40176,-734.77,22.13,52.28,48
321408,40176,2460.85,88.48,85.76,48
321408,40176,3534.26,85.35,0.66,48
321408,40176,3518.20,84.99,3.77,48
321792,40224,2618.94,84.26,31.21,48
321792,40224,3540.82,86.78,0.26,48
321792,40224,509.67,22.81,0.00,48
321792,40224,3136.63,88.80,21.37,48
321792,40224,-170.93,20.12,23.81,48
321792,40224,3615.64,87.16,4.18,48
321792,40224,3761.68,87.06,0.72,48
321792,40224,-539.47,84.53,363.82,48
322176,40272,2494.21,87.77,53.36,48
322176,40272,3541.03,87.14,2.39,48
322176,40272,1725.48,85.60,108.40,48
322176,40272,3981.43,90.24,0.38,48
322176,40272,2982.66,86.49,23.46,48
322176,40272,242.73,24.57,7.34,48
322176,40272,-29.35,22.47,19.20,48
322176,40272,1462.94,87.43,174.97,48
322560,40320,4.26,21.93,10.89,48
322560,40320,2716.33,85.51,44.73,48
322560,40320,1511.78,85.00,131.58,48
322560,40320,3567.72,86.16,0.02,48
322560,40320,3784.85,88.16,0.10,48
322560,40320,-1359.36,23.36,124.03,48
322560,40320,3387.89,87.28,13.68,48
322560,40320,248.82,22.10,0.69,48
322944,40368,269.04,20.84,0.31,48
322944,40368,3327.71,84.64,3.47,48
322944,40368,3438.66,84.27,0.88,48
322944,40368,3457.07,86.51,2.21,48
322944,40368,1417.26,87.72,185.69,48
322944,40368,270.85,24.93,3.97,48
322944,40368,327.58,25.20,3.24,48
322944,40368,1260.42,86.06,173.69,48
323328,40416,3417.50,87.62,13.58,48
323328,40416,-918.10,22.20,58.08,48
323328,40416,3293.73,84.71,3.43,48
323328,40416,-660.31,22.30,37.57,48
323328,40416,-757.80,22.34,46.59,48
323328,40416,3400.70,83.56,0.31,48
323328,40416,-1045.18,22.52,69.11,48
323328,40416,3587.63,86.67,0.60,48
323712,40464,3584.87,86.28,0.18,48
323712,40464,3655.13,88.70,1.28,48
323712,40464,3706.64,86.72,1.34,48
323712,40464,2857.94,85.70,18.66,48
323712,40464,-660.31,23.72,46.00,48
323712,40464,2808.40,83.86,29.50,48
323712,40464,3504.91,86.43,1.21,48
323712,40464,-52.49,21.97,17.30,48
324096,40512,3542.76,89.19,17.42,48
324096,40512,-563.83,21.69,42.77,48
324096,40512,2868.79,87.77,38.44,48
324096,40512,3391.51,84.54,1.78,48
324096,40512,2513.31,89.83,67.93,48
324096,40512,3397.87,90.29,29.23,48
324096,40512,3854.07,88.48,0.00,48
324096,40512,-858.07,21.24,55.01,48
324480,40560,-3989.97,24.30,401.20,48
324480,40560,183.52,21.26,1.98,48
324480,40560,-1415.47,20.48,99.41,48
324480,40560,2581.98,83.02,27.61,48
324480,40560,1867.75,86.57,108.84,48
324480,40560,115.29,20.04,9.72,48
324480,40560,1543.46,85.77,130.02,48
324480,40560,3349.99,82.04,0.58,48
324864,40608,1078.68,86.24,193.24,48
324864,40608,412.09,23.99,0.00,48
324864,40608,2965.36,85.22,16.59,48
324864,40608,3205.41,83.58,3.04,48
324864,40608,3316.67,88.05,26.91,48
324864,40608,2067.93,86.41,93.06,48
324864,40608,3143.89,85.31,25.81,48
324864,40608,-1341.37,22.60,131.26,48
325248,40656,2733.59,85.62,33.31,48
325248,40656,1463.99,83.34,118.48,48
325248,40656,-3113.50,19.59,290.81,48
325248,40656,-3838.73,23.94,384.17,48
325248,40656,391.94,21.85,0.27,48
325248,40656,-1184.16,20.87,74.39,48
325248,40656,2665.03,85.62,49.78,48
325248,40656,-386.31,22.24,19.77,48
325632,40704,-318.21,88.15,377.40,48
325632,40704,3687.56,87.62,3.75,48
325632,40704,1752.01,87.66,135.03,48
325632,40704,-1600.55,20.67,125.31,48
325632,40704,-452.75,22.10,31.65,48
325632,40704,1826.93,85.41,103.55,48
325632,40704,296.68,21.12,0.00,48
325632,40704,865.42,87.21,241.40,48
326016,40752,-944.14,20.28,56.09,48
326016,40752,3696.47,88.95,3.16,48
326016,40752,569.17,87.69,271.98,48
326016,40752,-1299.24,23.11,72.87,48
326016,40752,31.51,26.21,14.32,48
326016,40752,1508.55,87.63,152.09,48
326016,40752,3759.23,89.22,1.89,48
326016,40752,-1543.77,84.37,492.43,48
326400,40800,-399.26,25.13,33.28,48
326400,40800,3414.65,83.54,0.88,48
326400,40800,-3415.04,22.35,346.19,48
326400,40800,2384.02,86.11,88.61,48
326400,40800,2451.84,84.29,50.21,48
326400,40800,3073.26,86.86,14.96,48
326400,40800,3131.34,85.50,3.42,48
326400,40800,3432.96,82.89,0.25,48
326784,40848,124.86,24.88,19.46,48
326784,40848,3154.05,85.15,12.32,48
326784,40848,3238.38,84.50,4.38,48
326784,40848,3780.06,87.13,0.00,48
326784,40848,583.28,25.04,0.43,48
326784,40848,1663.08,87.27,145.47,48
326784,40848,307.63,21.22,0.00,48
326784,40848,1898.48,87.16,101.58,48
327168,40896,1514.35,83.77,120.67,48
327168,40896,3514.76,87.73,6.84,48
327168,40896,368.05,24.49,0.00,48
327168,40896,2533.34,87.13,42.38,48
327168,40896,1639.04,88.28,144.23,48
327168,40896,-1866.66,22.76,177.63,48
327168,40896,-599.44,86.94,407.53,48
327168,40896,2931.16,85.34,47.52,48
327552,40944,2716.06,84.94,20.67,48
327552,40944,3423.09,86.05,13.84,48
327552,40944,2656.40,82.98,17.38,48
327552,40944,2626.94,85.68,40.15,48
327552,40944,3348.92,86.45,18.80,48
327552,40944,2398.65,86.10,59.43,48
327552,40944,3320.27,88.53,15.78,48
327552,40944,3752.62,86.99,0.00,48
327936,40992,-437.15,21.49,33.55,48
327936,40992,3323.13,85.36,4.97,48
327936,40992,-761.44,23.08,66.65,48
327936,40992,3590.60,88.58,4.12,48
327936,40992,-916.65,22.01,63.38,48
327936,40992,2494.20,85.64,53.55,48
327936,40992,2681.12,86.26,42.33,48
327936,40992,-2437.43,21.58,196.23,48
328320,41040,3271.66,83.90,2.09,48
328320,41040,1712.05,86.10,134.58,48
328320,41040,3635.72,87.33,1.32,48
328320,41040,-483.05,21.84,19.83,48
328320,41040,2222.47,84.03,59.45,48
328320,41040,2417.57,86.54,43.51,48
328320,41040,3479.00,86.81,8.48,48
328320,41040,-2085.59,19.90,170.34,48
328704,41088,974.95,85.80,201.21,48
328704,41088,303.57,21.63,1.38,48
328704,41088,3354.32,85.83,0.31,48
328704,41088,3350.62,84.61,4.72,48
328704,41088,309.03,21.19,0.00,48
328704,41088,3749.76,87.25,0.00,48
328704,41088,511.49,23.61,0.27,48
328704,41088,3519.41,86.53,4.66,48
329088,41136,312.70,22.88,3.96,48
329088,41136,2048.42,87.13,106.25,48
329088,41136,-924.14,24.01,73.21,48
329088,41136,3720.39,88.58,2.16,48
329088,41136,3458.21,84.65,1.97,48
329088,41136,3510.07,87.35,0.87,48
329088,41136,3437.33,85.51,0.00,48
329088,41136,3292.73,86.71,6.09,48
329472,41184,3280.67,83.41,2.34,48
329472,41184,1799.53,83.79,135.94,48
329472,41184,-345.65,25.59,39.36,48
329472,41184,1853.90,85.32,105.65,48
329472,41184,-20.98,24.25,16.22,48
329472,41184,313.75,19.03,0.80,48
329472,41184,2686.97,86.33,60.83,48
329472,41184,3450.47,86.02,8.20,48
329856,41232,3224.19,86.27,7.08,48
329856,41232,3410.55,89.50,27.30,48
329856,41232,-675.62,21.29,59.00,48
329856,41232,493.99,24.48,0.00,48
329856,41232,70.96,20.67,6.77,48
329856,41232,1740.33,82.91,102.80,48
329856,41232,3411.42,85.69,0.03,48
329856,41232,-1155.21,87.84,476.77,48
330240,41280,-4163.42,19.57,446.42,48
330240,41280,3838.23,89.89,2.25,48
330240,41280,-144.12,20.03,13.69,48
330240,41280,3824.96,88.88,0.10,48
330240,41280,3493.27,86.96,4.25,48
330240,41280,410.68,22.40,0.69,48
330240,41280,3594.33,85.11,0.00,48
330240,41280,3761.67,87.19,0.00,48
330624,41328,3166.19,87.19,43.21,48
330624,41328,-296.34,21.10,18.04,48
330624,41328,3250.47,83.87,8.61,48
330624,41328,1094.61,85.68,194.04,48
330624,41328,3588.55,85.10,1.17,48
330624,41328,3220.86,88.13,10.75,48
330624,41328,-771.39,21.37,58.23,48
330624,41328,3312.65,85.32,6.46,48
331008,41376,2183.37,87.42,82.65,48
331008,41376,-1.88,23.50,5.96,48
331008,41376,-114.92,18.75,11.98,48
331008,41376,-1669.82,21.49,133.78,48
331008,41376,2772.58,88.66,47.02,48
331008,41376,2673.54,84.60,35.50,48
331008,41376,3360.98,86.22,8.47,48
331008,41376,1547.44,83.60,125.34,48
331392,41424,3613.40,87.74,0.78,48
331392,41424,-246.58,20.30,16.12,48
331392,41424,1774.31,87.53,127.55,48
331392,41424,-541.28,22.23,45.13,48
331392,41424,351.73,21.23,0.00,48
331392,41424,2815.08,87.03,45.59,48
331392,41424,-3849.26,21.46,383.53,48
331392,41424,1594.44,86.38,130.38,48
331776,41472,3054.55,86.09,15.96,48
331776,41472,3508.87,84.50,0.00,48
331776,41472,3738.34,88.85,0.00,48
331776,41472,1697.58,84.66,129.57,48
331776,41472,3008.13,84.04,19.90,48
331776,41472,3397.76,84.05,0.84,48
331776,41472,3450.36,84.67,1.64,48
331776,41472,2505.55,84.56,41.38,48
332160,41520,3796.23,89.47,0.98,48
332160,41520,-2926.70,25.90,272.60,48
332160,41520,3643.89,89.28,3.22,48
332160,41520,-64.61,17.76,3.45,48
332160,41520,305.27,22.29,1.53,48
332160,41520,1927.35,86.20,95.88,48
332160,41520,3599.12,87.15,4.47,48
332160,41520,1614.10,83.23,125.78,48
332544,41568,2794.42,87.62,32.97,48
332544,41568,3424.00,85.18,0.86,48
332544,41568,-3120.28,18.64,291.51,48
332544,41568,-485.84,26.09,32.55,48
332544,41568,73.36,23.55,20.19,48
332544,41568,3549.21,87.03,1.26,48
332544,41568,3193.46,84.94,15.08,48
332544,41568,3547.34,84.24,0.00,48
332928,41616,-1405.67,20.66,104.23,48
332928,41616,2285.24,87.65,90.18,48
332928,41616,2517.40,84.76,29.06,48
332928,41616,3603.89,85.93,0.00,48
332928,41616,190.69,24.33,3.96,48
332928,41616,-351.80,22.22,23.77,48
332928,41616,-4059.24,17.39,395.43,48
332928,41616,3164.21,86.59,10.56,48
333312,41664,-504.33,24.46,24.82,48
333312,41664,-648.23,24.16,56.93,48
333312,41664,2795.72,82.74,15.58,48
333312,41664,3062.80,85.11,21.49,48
333312,41664,3554.60,86.22,1.02,48
333312,41664,13.38,23.62,0.81,48
333312,41664,3604.32,86.01,0.00,48
333312,41664,1338.29,84.59,161.85,48
333696,41712,3605.30,85.73,0.18,48
333696,41712,3580.63,89.00,8.71,48
333696,41712,191.11,21.52,4.03,48
333696,41712,-591.14,22.37,48.79,48
333696,41712,2125.85,84.87,80.96,48
333696,41712,1743.19,85.15,101.90,48
333696,41712,3511.20,84.84,0.00,48
333696,41712,2929.00,85.75,7.67,48
334080,41760,2487.88,87.25,72.57,48
334080,41760,1568.25,83.90,127.15,48
334080,41760,-77.79,21.64,23.55,48
334080,41760,3530.51,86.87,16.07,48
334080,41760,-2012.61,87.70,568.62,48
334080,41760,-1369.57,21.58,90.08,48
334080,41760,1981.37,87.15,92.00,48
334080,41760,3510.92,86.37,1.01,48
334464,41808,132.00,20.51,2.90,48
334464,41808,1453.94,87.19,153.13,48
334464,41808,3061.73,84.38,15.00,48
334464,41808,3492.79,87.12,3.42,48
334464,41808,3598.70,86.44,3.59,48
334464,41808,3756.81,88.23,0.66,48
334464,41808,3726.32,88.26,2.32,48
334464,41808,2984.84,83.24,8.41,48
334848,41856,416.94,23.14,0.10,48
334848,41856,2175.01,89.77,108.07,48
334848,41856,3722.07,87.36,0.02,48
334848,41856,3745.69,88.86,0.79,48
334848,41856,3578.39,86.63,0.05,48
334848,41856,3470.85,85.24,3.25,48
334848,41856,-2365.28,23.01,209.87,48
334848,41856,3766.15,87.58,0.01,48
335232,41904,-1709.95,87.61,540.87,48
335232,41904,281.41,22.72,0.83,48
335232,41904,3571.19,88.03,7.84,48
335232,41904,1506.88,86.13,157.97,48
335232,41904,2082.58,86.42,90.18,48
335232,41904,3604.52,86.74,1.00,48
335232,41904,1323.11,88.00,179.12,48
335232,41904,2983.33,83.93,15.79,48
335616,41952,259.58,24.51,0.88,48
335616,41952,1921.27,88.20,119.50,48
335616,41952,1.92,20.38,8.88,48
335616,41952,1963.77,83.27,86.65,48
335616,41952,3565.47,88.82,15.06,48
335616,41952,941.33,85.14,196.10,48
335616,41952,-90.53,23.11,9.75,48
335616,41952,3098.69,86.34,12.64,48
336000,42000,230.04,23.16,0.78,48
336000,42000,1.04,24.00,28.87,48
336000,42000,3351.94,83.52,1.83,48
336000,42000,3694.67,86.74,0.31,48
336000,42000,-361.56,22.69,22.26,48
336000,42000,-175.55,22.82,20.73,48
336000,42000,-145.39,20.86,17.27,48
336000,42000,2597.43,86.62,54.11,48
336384,42048,376.81,21.19,0.21,48
336384,42048,182.10,24.13,0.54,48
336384,42048,1905.31,85.43,96.03,48
336384,42048,3560.86,86.87,1.23,48
336384,42048,-440.15,85.04,365.99,48
336384,42048,1406.71,84.92,166.93,48
336384,42048,-167.78,22.68,28.40,48
336384,42048,2772.34,87.61,45.12,48
336768,42096,-563.44,24.24,45.03,48
336768,42096,3504.09,85.97,0.00,48
336768,42096,3525.68,85.53,0.88,48
336768,42096,-3.62,27.94,25.14,48
336768,42096,-1480.26,22.71,120.45,48
336768,42096,3322.07,85.95,8.27,48
336768,42096,-747.05,22.44,56.35,48
336768,42096,3540.85,88.49,1.08,48
337152,42144,770.92,86.86,227.26,48
337152,42144,331.26,21.60,3.43,48
337152,42144,-1038.54,22.68,72.44,48
337152,42144,-1351.13,21.00,95.44,48
337152,42144,-1525.17,86.00,493.22,48
337152,42144,3154.17,86.53,21.91,48
337152,42144,2899.20,85.74,19.65,48
337152,42144,3219.13,87.05,25.66,48
337536,42192,3540.49,88.05,0.81,48
337536,42192,-1902.51,21.00,152.62,48
337536,42192,1052.10,86.79,196.75,48
337536,42192,3264.54,86.59,11.69,48
337536,42192,1638.19,87.84,136.86,48
337536,42192,93.99,24.85,5.16,48
337536,42192,1501.77,87.14,138.22,48
337536,42192,3228.61,82.84,3.20,48
337920,42240,3441.64,84.88,4.66,48
337920,42240,1434.29,87.30,143.70,48
337920,42240,2460.88,86.76,57.13,48
337920,42240,1973.79,84.43,91.35,48
337920,42240,2337.60,85.06,55.49,48
337920,42240,-736.72,24.72,56.80,48
337920,42240,-1121.64,24.45,90.50,48
337920,42240,3665.05,87.40,3.50,48
338304,42288,1149.76,87.73,195.90,48
338304,42288,1983.88,85.35,86.83,48
338304,42288,1464.21,86.29,172.94,48
338304,42288,-400.89,21.47,31.94,48
338304,42288,2825.93,84.39,18.87,48
338304,42288,3800.35,88.71,0.72,48
338304,42288,1708.81,87.31,128.43,48
338304,42288,-19.22,23.24,35.56,48
338688,42336,-1956.71,20.07,175.66,48
338688,42336,-1135.55,20.93,82.92,48
338688,42336,-1823.20,23.04,161.13,48
338688,42336,3605.50,87.05,1.84,48
338688,42336,-2590.91,24.55,231.89,48
338688,42336,2408.80,88.95,60.17,48
338688,42336,15.68,22.34,6.78,48
338688,42336,412.82,86.13,278.96,48
339072,42384,2945.71,86.04,32.93,48
339072,42384,3059.63,83.80,15.97,48
339072,42384,3429.08,82.39,0.00,48
339072,42384,2912.02,84.35,15.36,48
339072,42384,3068.70,85.62,4.89,48
339072,42384,-1743.29,22.20,144.55,48
339072,42384,3455.53,86.78,3.66,48
339072,42384,-571.34,20.97,29.14,48
339456,42432,-972.12,24.57,60.06,48
339456,42432,2326.42,88.38,67.45,48
339456,42432,3181.29,88.28,27.47,48
339456,42432,-1360.79,21.27,110.95,48
339456,42432,-275.00,83.65,328.88,48
339456,42432,2685.77,87.55,42.12,48
339456,42432,336.22,22.90,0.98,48
339456,42432,2283.45,85.61,61.10,48
339840,42480,1643.73,83.96,105.79,48
339840,42480,2252.29,83.26,57.37,48
339840,42480,3624.23,87.50,1.27,48
339840,42480,1323.86,88.16,173.66,48
339840,42480,3466.69,86.05,2.65,48
339840,42480,-1463.08,20.13,108.26,48
339840,42480,108.26,24.14,4.08,48
339840,42480,1923.49,85.07,89.66,48
340224,42528,2864.31,86.30,29.45,48
340224,42528,2694.20,85.91,37.46,48
340224,42528,2091.24,84.51,72.51,48
340224,42528,223.96,19.31,0.86,48
340224,42528,-1005.35,85.86,427.35,48
340224,42528,-2369.56,23.01,196.26,48
340224,42528,3454.26,85.34,4.37,48
340224,42528,3805.98,88.51,0.25,48
340608,42576,3469.99,85.87,2.71,48
340608,42576,3600.48,86.08,0.00,48
340608,42576,3393.02,85.07,0.72,48
340608,42576,3226.75,87.43,22.60,48
340608,42576,3588.92,87.91,7.20,48
340608,42576,3357.39,83.98,2.59,48
340608,42576,260.48,25.51,0.19,48
340608,42576,3466.25,84.59,0.74,48
340992,42624,3353.56,85.45,3.07,48
340992,42624,1679.98,85.93,128.04,48
340992,42624,1939.50,88.25,120.38,48
340992,42624,3540.59,85.55,0.33,48
340992,42624,85.05,22.81,9.13,48
340992,42624,3574.13,85.50,0.00,48
340992,42624,3158.51,86.02,13.79,48
340992,42624,3437.28,85.49,0.39,48
341376,42672,-324.14,23.15,16.34,48
341376,42672,-596.19,22.51,36.82,48
341376,42672,50.33,20.66,3.73,48
341376,42672,3385.83,84.57,1.87,48
341376,42672,1734.89,86.98,119.86,48
341376,42672,3529.72,88.85,11.12,48
341376,42672,1130.78,85.50,179.35,48
341376,42672,3424.72,84.61,4.66,48
341760,42720,3267.67,87.37,21.74,48
341760,42720,300.76,22.40,0.00,48
341760,42720,3206.46,82.89,1.42,48
341760,42720,3111.51,87.58,34.87,48
341760,42720,2832.79,82.80,17.17,48
341760,42720,167.66,23.26,4.87,48
341760,42720,2356.70,85.59,52.31,48
341760,42720,2809.10,84.26,22.06,48
342144,42768,3826.71,88.79,0.18,48
342144,42768,3801.38,89.94,1.49,48
342144,42768,1682.59,86.33,144.80,48
342144,42768,165.23,23.95,0.81,48
342144,42768,3732.80,87.02,0.19,48
342144,42768,3765.06,88.58,1.07,48
342144,42768,2267.56,86.72,77.69,48
342144,42768,227.17,20.74,2.69,48
342528,42816,2974.31,85.60,23.65,48
342528,42816,336.81,21.80,0.00,48
342528,42816,-10.81,21.07,14.82,48
342528,42816,1005.51,86.60,200.65,48
342528,42816,2027.15,90.06,131.31,48
342528,42816,-1677.29,85.23,512.46,48
342528,42816,-985.95,24.02,71.11,48
342528,42816,3465.07,84.79,1.47,48
342912,42864,2112.92,85.83,95.98,48
342912,42864,1970.29,88.04,110.79,48
342912,42864,3391.90,81.81,0.35,48
342912,42864,203.42,23.21,9.90,48
342912,42864,3436.92,86.13,5.32,48
342912,42864,3448.54,84.50,2.00,48
342912,42864,518.19,25.35,2.15,48
342912,42864,3703.29,88.17,0.68,48
343296,42912,3533.03,84.40,0.00,48
343296,42912,3420.26,85.91,2.78,48
343296,42912,365.72,21.62,0.74,48
343296,42912,3380.47,83.76,0.69,48
343296,42912,3344.20,88.17,20.10,48
343296,42912,1556.41,83.74,135.97,48
343296,42912,1390.88,85.43,141.91,48
343296,42912,228.20,23.94,0.72,48
343680,42960,316.68,21.75,0.00,48
343680,42960,2920.04,84.98,16.11,48
343680,42960,1315.51,86.75,180.22,48
343680,42960,-208.83,20.51,21.03,48
343680,42960,-1607.13,85.06,510.89,48
343680,42960,3169.72,85.07,12.13,48
343680,42960,2130.82,84.89,75.86,48
343680,42960,3131.95,86.31,4.82,48
344064,43008,-605.29,18.83,30.57,48
344064,43008,44.75,24.13,23.37,48
344064,43008,3157.23,85.46,22.37,48
344064,43008,3864.64,89.40,1.24,48
344064,43008,3367.21,88.32,14.88,48
344064,43008,3435.60,85.61,0.00,48
344064,43008,2782.44,87.55,39.33,48
344064,43008,-178.87,25.86,39.58,48
344448,43056,44.80,26.65,12.23,48
344448,43056,2342.47,82.88,51.41,48
344448,43056,-529.08,20.54,24.36,48
344448,43056,2414.37,85.51,48.91,48
344448,43056,-174.78,24.65,17.88,48
344448,43056,-1131.25,19.77,78.20,48
344448,43056,3904.09,90.17,1.33,48
344448,43056,3722.47,87.14,0.00,48
344832,43104,197.16,21.37,2.39,48
344832,43104,-1463.94,85.69,507.20,48
344832,43104,301.60,22.16,0.56,48
344832,43104,3518.79,82.44,0.00,48
344832,43104,2457.25,86.50,61.71,48
344832,43104,-26.01,19.69,9.21,48
344832,43104,3453.32,86.76,1.29,48
344832,43104,-170.90,23.58,21.21,48
345216,43152,352.21,23.89,0.72,48
345216,43152,265.22,22.38,0.19,48
345216,43152,-319.70,24.83,24.19,48
345216,43152,3704.06,86.80,0.10,48
345216,43152,3159.17,84.83,13.01,48
345216,43152,2363.10,84.96,49.72,48
345216,43152,1254.75,85.12,164.99,48
345216,43152,3548.27,85.83,0.18,48
345600,43200,3296.14,84.67,9.26,48
345600,43200,3227.70,88.16,34.14,48
345600,43200,3163.01,85.00,13.70,48
345600,43200,-2497.27,26.26,231.19,48
345600,43200,3648.40,86.12,0.04,48
345600,43200,210.70,24.95,5.31,48
345600,43200,-120.24,24.63,37.01,48
345600,43200,1434.84,88.20,176.34,48
345984,43248,316.37,20.88,0.61,48
345984,43248,-1806.79,24.90,163.88,48
345984,43248,1405.22,86.81,152.70,48
345984,43248,-181.03,23.12,28.47,48
345984,43248,3365.90,84.88,7.07,48
345984,43248,160.16,23.08,10.15,48
345984,43248,3730.05,87.53,0.68,48
345984,43248,3444.08,84.86,0.05,48
346368,43296,3283.84,86.06,24.02,48
346368,43296,3085.41,87.49,16.15,48
346368,43296,3522.25,89.26,21.17,48
346368,43296,2939.77,88.02,32.25,48
346368,43296,-949.37,24.15,73.34,48
346368,43296,-478.68,21.41,42.87,48
346368,43296,165.98,86.64,300.30,48
346368,43296,3424.40,85.80,4.89,48
346752,43344,3335.37,84.63,3.77,48
346752,43344,2864.23,84.98,23.30,48
346752,43344,2959.39,85.69,28.14,48
346752,43344,1135.16,87.12,199.33,48
346752,43344,3542.73,86.04,3.51,48
346752,43344,-677.99,17.54,40.54,48
346752,43344,-1717.34,88.26,546.41,48
346752,43344,3009.94,85.92,13.21,48
347136,43392,131.17,22.77,2.93,48
347136,43392,-633.66,20.08,26.34,48
347136,43392,-1950.40,19.04,146.37,48
347136,43392,-477.43,21.72,58.21,48
347136,43392,2622.88,85.49,33.19,48
347136,43392,-90.20,83.43,309.87,48
347136,43392,-792.33,23.72,75.55,48
347136,43392,3766.83,88.11,0.00,48
347520,43440,1975.15,84.51,80.74,48
347520,43440,-1811.89,20.73,149.58,48
347520,43440,3540.38,85.20,0.95,48
347520,43440,2347.99,85.15,82.08,48
347520,43440,2266.23,84.69,71.51,48
347520,43440,3297.02,89.13,12.37,48
347520,43440,3409.18,86.65,6.24,48
347520,43440,2331.30,84.70,97.86,48
347904,43488,-148.92,22.60,18.49,48
347904,43488,200.67,22.19,2.69,48
347904,43488,193.46,19.93,0.00,48
347904,43488,-772.70,18.72,32.29,48
347904,43488,3579.21,86.56,0.39,48
347904,43488,3479.04,86.23,0.95,48
347904,43488,-1094.03,20.17,78.89,48
347904,43488,189.35,22.34,10.72,48
348288,43536,2491.58,85.91,48.17,48
348288,43536,-5048.61,21.47,522.35,48
348288,43536,2202.62,85.73,61.40,48
348288,43536,171.78,19.70,0.67,48
348288,43536,3677.28,87.80,1.33,48
348288,43536,2926.98,84.85,44.98,48
348288,43536,2513.44,87.67,48.66,48
348288,43536,3659.05,85.69,0.38,48
348672,43584,-792.97,22.74,46.49,48
348672,43584,3686.74,88.48,2.72,48
348672,43584,106.56,19.73,10.14,48
348672,43584,3325.83,85.17,1.22,48
348672,43584,3370.44,84.65,6.14,48
348672,43584,2682.12,86.76,40.53,48
348672,43584,3577.63,86.59,2.20,48
348672,43584,3644.53,86.70,0.57,48
349056,43632,3281.73,84.36,1.17,48
349056,43632,3157.06,85.98,25.43,48
349056,43632,3531.99,86.01,0.71,48
349056,43632,-2.09,24.92,28.78,48
349056,43632,-243.83,22.63,45.24,48
349056,43632,165.17,23.31,8.75,48
349056,43632,3183.03,87.15,17.07,48
349056,43632,2882.52,88.46,33.43,48
349440,43680,1366.00,88.95,184.47,48
349440,43680,3094.45,87.44,45.48,48
349440,43680,3528.46,85.30,1.30,48
349440,43680,3488.86,84.20,0.58,48
349440,43680,-1289.81,22.72,115.69,48
349440,43680,349.47,22.18,0.00,48
349440,43680,2087.23,89.69,108.03,48
349440,43680,402.31,21.85,0.00,48
349824,43728,-1658.72,21.27,144.39,48
349824,43728,2968.07,85.16,26.19,48
349824,43728,-723.04,20.97,39.78,48
349824,43728,3173.26,85.53,11.31,48
349824,43728,-67.41,26.13,22.30,48
349824,43728,2754.87,88.30,42.71,48
349824,43728,3524.39,85.72,2.40,48
349824,43728,2625.99,86.48,51.17,48
350208,43776,464.87,25.10,0.00,48
350208,43776,2919.59,87.61,22.16,48
350208,43776,-1351.76,86.95,487.01,48
350208,43776,-858.65,21.19,53.23,48
350208,43776,2615.49,85.89,31.50,48
350208,43776,3564.31,87.70,3.63,48
350208,43776,317.59,25.32,3.77,48
350208,43776,3085.20,86.01,14.64,48
350592,43824,-2357.29,23.63,219.86,48
350592,43824,2828.28,86.31,28.67,48
350592,43824,-254.58,21.66,19.05,48
350592,43824,1879.05,88.88,127.99,48
350592,43824,2701.76,85.73,54.51,48
350592,43824,2729.28,85.71,44.19,48
350592,43824,-3.58,88.76,354.96,48
350592,43824,-309.35,22.54,28.32,48
350976,43872,1654.89,86.65,135.59,48
350976,43872,3471.49,86.34,2.72,48
350976,43872,2526.51,88.32,50.89,48
350976,43872,1447.68,85.93,147.58,48
350976,43872,-130.99,23.72,7.81,48
350976,43872,3345.56,83.85,0.00,48
350976,43872,-2031.00,23.75,192.02,48
350976,43872,1640.93,83.66,107.28,48
351360,43920,-159.18,20.53,11.12,48
351360,43920,3464.39,84.35,0.00,48
351360,43920,3222.24,87.01,10.38,48
351360,43920,3776.73,87.98,1.24,48
351360,43920,-1337.63,21.09,98.60,48
351360,43920,-698.21,23.45,35.83,48
351360,43920,1533.71,85.82,134.50,48
351360,43920,348.16,21.53,1.83,48
351744,43968,-728.68,21.29,36.50,48
351744,43968,319.09,23.09,0.32,48
351744,43968,-2241.17,24.02,209.25,48
351744,43968,2536.29,86.09,66.56,48
351744,43968,3959.92,89.50,0.31,48
351744,43968,-259.54,24.14,10.50,48
351744,43968,2866.62,84.30,23.70,48
351744,43968,-1860.46,22.23,136.72,48
352128,44016,-1047.33,25.30,63.69,48
352128,44016,3431.53,85.81,5.15,48
352128,44016,338.17,22.91,4.24,48
352128,44016,396.51,21.28,0.00,48
352128,44016,3451.97,85.36,1.48,48
352128,44016,2861.18,85.92,27.85,48
352128,44016,-1726.56,20.27,127.51,48
352128,44016,1711.88,87.40,149.18,48
352512,44064,2991.24,85.03,13.13,48
352512,44064,3570.12,86.52,0.00,48
352512,44064,1802.29,82.95,84.14,48
352512,44064,2589.30,85.97,55.94,48
352512,44064,2665.68,82.62,35.73,48
352512,44064,1248.14,86.20,170.26,48
352512,44064,3713.92,88.75,4.35,48
352512,44064,1965.15,87.74,115.50,48
352896,44112,536.37,24.02,0.39,48
352896,44112,307.19,23.47,5.86,48
352896,44112,187.42,20.38,7.50,48
352896,44112,3469.92,88.01,6.97,48
352896,44112,-870.16,24.26,63.47,48
352896,44112,1531.75,88.35,165.99,48
352896,44112,3621.29,87.47,0.72,48
352896,44112,1441.74,83.14,140.26,48
353280,44160,2299.46,87.16,88.89,48
353280,44160,-529.03,20.65,32.62,48
353280,44160,1771.48,85.66,107.32,48
353280,44160,3560.45,86.87,0.00,48
353280,44160,-3523.05,21.28,334.17,48
353280,44160,3633.80,86.80,1.24,48
353280,44160,1669.94,82.77,100.70,48
353280,44160,2993.27,85.34,21.00,48
353664,44208,1074.81,84.25,171.07,48
353664,44208,2782.56,85.37,37.36,48
353664,44208,3377.94,83.65,0.00,48
353664,44208,-623.77,88.31,415.98,48
353664,44208,3623.48,87.47,0.80,48
353664,44208,3404.76,82.99,0.00,48
353664,44208,133.68,21.23,4.06,48
353664,44208,1721.17,86.85,132.77,48
354048,44256,2961.01,85.65,22.01,48
354048,44256,3406.82,86.06,2.04,48
354048,44256,2669.77,86.40,18.87,48
354048,44256,191.62,21.43,1.76,48
354048,44256,-1461.76,86.36,519.65,48
354048,44256,-1345.56,21.93,104.03,48
354048,44256,3774.92,88.40,0.74,48
354048,44256,3370.25,84.36,0.36,48
354432,44304,3136.00,84.29,18.68,48
354432,44304,1567.03,86.30,148.05,48
354432,44304,1736.75,87.97,142.61,48
354432,44304,2807.12,81.64,9.98,48
354432,44304,-346.89,23.93,39.24,48
354432,44304,-860.46,20.95,49.50,48
354432,44304,3538.41,88.07,2.89,48
354432,44304,2353.03,86.27,61.19,48
354816,44352,2797.17,87.71,57.97,48
354816,44352,283.10,23.06,5.17,48
354816,44352,797.71,86.93,230.49,48
354816,44352,-5062.82,24.32,556.55,48
354816,44352,3341.88,86.11,4.12,48
354816,44352,3057.75,87.38,18.39,48
354816,44352,3324.84,86.37,14.60,48
354816,44352,3415.49,85.07,3.10,48
355200,44400,-600.45,22.05,31.18,48
355200,44400,1575.40,87.84,149.59,48
355200,44400,2345.33,84.28,31.74,48
355200,44400,-158.09,22.21,15.91,48
355200,44400,2772.42,86.74,17.96,48
355200,44400,-305.66,22.59,34.35,48
355200,44400,-160.85,20.95,12.67,48
355200,44400,3539.07,84.48,0.86,48
355584,44448,3419.16,86.59,6.65,48
355584,44448,2142.12,88.12,112.71,48
355584,44448,2664.78,83.55,37.74,48
355584,44448,3573.26,85.57,0.28,48
355584,44448,-1860.09,88.00,557.47,48
355584,44448,3929.40,90.71,0.79,48
355584,44448,3360.25,87.22,12.32,48
355584,44448,3394.59,87.02,10.79,48
355968,44496,3295.83,82.86,0.00,48
355968,44496,3712.17,87.18,0.00,48
355968,44496,3651.07,87.84,2.94,48
355968,44496,1725.09,86.41,110.58,48
355968,44496,2169.81,86.70,75.44,48
355968,44496,3586.02,87.00,0.00,48
355968,44496,1276.35,85.53,163.81,48
355968,44496,2140.41,87.40,93.02,48
356352,44544,-833.10,24.94,56.35,48
356352,44544,-84.65,23.20,23.89,48
356352,44544,2902.15,84.96,14.57,48
356352,44544,329.44,22.45,0.61,48
356352,44544,-973.46,20.85,37.66,48
356352,44544,3062.18,82.27,0.57,48
356352,44544,3315.40,83.70,2.20,48
356352,44544,2256.17,88.46,75.87,48
356736,44592,3832.40,89.47,2.16,48
356736,44592,3093.68,85.79,6.96,48
356736,44592,285.29,22.71,1.00,48
356736,44592,2727.33,85.91,44.46,48
356736,44592,-418.86,23.56,39.27,48
356736,44592,1327.37,87.54,175.37,48
356736,44592,2396.58,86.10,67.12,48
356736,44592,2020.00,86.31,71.04,48
357120,44640,461.29,22.99,0.76,48
357120,44640,3253.89,82.17,0.76,48
357120,44640,3677.58,88.40,2.57,48
357120,44640,355.43,21.37,0.32,48
357120,44640,11.51,19.79,1.99,48
357120,44640,1202.71,83.24,172.95,48
357120,44640,1920.35,86.70,108.07,48
357120,44640,2517.37,85.28,52.60,48
357504,44688,3476.04,83.53,0.00,48
357504,44688,2450.30,86.24,52.55,48
357504,44688,1201.46,88.08,196.12,48
357504,44688,-492.41,22.37,36.21,48
357504,44688,3766.14,87.16,0.62,48
357504,44688,104.53,24.10,4.39,48
357504,44688,29.97,18.17,0.23,48
357504,44688,236.83,20.73,1.94,48
357888,44736,1852.35,83.90,91.90,48
357888,44736,-2235.72,23.57,202.19,48
357888,44736,3763.55,88.70,0.00,48
357888,44736,154.10,21.36,1.43,48
357888,44736,-1116.67,24.52,78.37,48
357888,44736,2544.92,84.36,51.19,48
357888,44736,3343.13,86.49,10.59,48
357888,44736,2445.34,87.79,71.26,48
358272,44784,-244.14,24.07,33.52,48
358272,44784,3067.53,85.50,19.51,48
358272,44784,-292.71,20.76,26.66,48
358272,44784,-100.59,20.15,5.72,48
358272,44784,3589.04,85.78,0.78,48
358272,44784,-29.11,21.97,7.49,48
358272,44784,-1401.27,20.64,112.20,48
358272,44784,3467.15,86.10,2.09,48
358656,44832,3784.23,88.68,0.01,48
358656,44832,3519.57,86.82,4.17,48
358656,44832,3584.97,86.99,1.53,48
358656,44832,-333.72,22.33,41.77,48
358656,44832,2680.22,86.10,26.78,48
358656,44832,309.28,20.80,0.47,48
358656,44832,3278.72,85.33,7.26,48
358656,44832,2798.53,88.26,37.17,48
359040,44880,3365.07,84.39,2.15,48
359040,44880,-985.83,20.00,53.99,48
359040,44880,3296.81,85.87,12.05,48
359040,44880,-1578.96,20.77,112.04,48
359040,44880,3287.69,87.37,15.09,48
359040,44880,2995.77,86.06,10.23,48
359040,44880,3567.13,86.82,1.94,48
359040,44880,1967.71,82.19,64.71,48
359424,44928,-2128.67,22.30,185.97,48
359424,44928,1162.86,85.32,177.54,48
359424,44928,-429.10,85.88,368.94,48
359424,44928,-2299.59,21.24,195.40,48
359424,44928,3397.05,86.30,5.38,48
359424,44928,-583.97,89.03,407.36,48
359424,44928,3381.70,87.37,8.12,48
359424,44928,3449.98,84.80,1.24,48
359808,44976,3588.67,85.40,0.00,48
359808,44976,-858.88,19.57,30.36,48
359808,44976,3432.67,84.05,0.58,48
359808,44976,2991.77,84.75,22.22,48
359808,44976,3110.24,86.06,18.94,48
359808,44976,-406.92,21.55,18.82,48
359808,44976,3296.71,84.96,1.67,48
359808,44976,1242.54,82.85,163.56,48
360192,45024,3568.56,84.07,0.21,48
360192,45024,3015.27,84.73,13.94,48
360192,45024,3174.65,83.98,11.32,48
360192,45024,2823.74,86.50,32.31,48
360192,45024,1730.32,86.99,123.75,48
360192,45024,3494.35,87.69,3.76,48
360192,45024,-621.84,21.79,52.60,48
360192,45024,3313.41,82.03,0.32,48
360576,45072,2773.87,88.22,42.59,48
360576,45072,1556.81,86.55,178.50,48
360576,45072,3119.27,86.48,13.88,48
360576,45072,97.99,21.97,11.58,48
360576,45072,259.42,22.09,18.02,48
360576,45072,1747.45,87.16,132.29,48
360576,45072,3567.02,85.20,1.53,48
360576,45072,3033.49,87.37,34.98,48
360960,45120,-2065.24,20.10,174.96,48
360960,45120,1979.39,84.50,85.46,48
360960,45120,3452.26,86.44,1.08,48
360960,45120,3148.77,87.52,12.71,48
360960,45120,2732.45,84.12,39.25,48
360960,45120,3782.31,88.47,0.61,48
360960,45120,-411.33,20.20,19.78,48
360960,45120,2708.38,88.67,61.70,48
361344,45168,3472.99,86.73,2.90,48
361344,45168,-497.92,20.00,27.61,48
361344,45168,2956.35,87.06,18.77,48
361344,45168,231.50,22.60,1.07,48
361344,45168,2325.37,87.10,77.58,48
361344,45168,977.49,87.90,219.76,48
361344,45168,171.72,20.74,10.24,48
361344,45168,-1966.40,23.16,161.31,48
361728,45216,-408.22,20.58,28.33,48
361728,45216,2843.52,86.39,15.18,48
361728,45216,-780.08,20.83,39.59,48
361728,45216,330.44,24.46,0.33,48
361728,45216,2993.62,83.82,13.36,48
361728,45216,3830.21,89.67,5.55,48
361728,45216,89.19,21.65,5.45,48
361728,45216,2329.87,83.84,65.37,48
362112,45264,2714.43,86.09,30.50,48
362112,45264,3494.18,85.58,3.27,48
362112,45264,3514.35,83.89,0.61,48
362112,45264,3167.93,85.34,17.64,48
362112,45264,365.42,22.66,1.83,48
362112,45264,-413.74,19.44,38.01,48
362112,45264,3050.37,85.13,8.77,48
362112,45264,3539.21,85.96,0.83,48
362496,45312,2836.34,84.16,26.25,48
362496,45312,3808.46,86.98,0.00,48
362496,45312,2671.26,88.74,51.34,48
362496,45312,-520.42,21.95,66.35,48
362496,45312,3373.24,83.56,3.10,48
362496,45312,3651.33,87.03,0.00,48
362496,45312,3265.98,82.73,1.23,48
362496,45312,3533.81,86.73,1.23,48
362880,45360,2260.76,81.40,66.14,48
362880,45360,323.32,19.73,1.28,48
362880,45360,3559.17,86.21,6.58,48
362880,45360,3518.67,88.03,4.95,48
362880,45360,2462.55,88.24,63.81,48
362880,45360,2590.52,87.05,42.28,48
362880,45360,3866.31,89.52,0.81,48
362880,45360,-853.20,23.41,52.73,48
363264,45408,3511.08,86.00,1.12,48
363264,45408,-80.62,24.64,17.63,48
363264,45408,222.42,20.11,0.69,48
363264,45408,445.65,23.42,1.01,48
363264,45408,-5108.10,23.05,571.54,48
363264,45408,3539.82,87.23,8.29,48
363264,45408,-75.44,19.37,23.50,48
363264,45408,317.24,19.97,0.00,48
363648,45456,1804.95,88.13,126.72,48
363648,45456,-1581.84,88.11,530.57,48
363648,45456,-733.71,22.19,45.48,48
363648,45456,-1265.16,22.10,89.23,48
363648,45456,3477.70,85.33,2.76,48
363648,45456,3801.30,87.74,0.00,48
363648,45456,3376.95,83.23,1.23,48
363648,45456,330.17,23.27,2.20,48
364032,45504,3559.43,85.07,1.06,48
364032,45504,3597.94,88.21,0.61,48
364032,45504,3782.04,87.89,0.00,48
364032,45504,3466.50,88.93,23.96,48
364032,45504,3449.60,87.68,10.41,48
364032,45504,2444.11,83.97,25.38,48
364032,45504,-1610.28,24.66,137.75,48
364032,45504,-373.18,19.86,39.80,48
364416,45552,1585.73,86.14,131.69,48
364416,45552,2366.75,87.31,60.22,48
364416,45552,2026.73,88.79,109.84,48
364416,45552,3662.41,88.00,1.01,48
364416,45552,-363.16,21.41,16.76,48
364416,45552,3257.59,87.49,29.43,48
364416,45552,-643.81,21.31,30.42,48
364416,45552,440.23,22.71,0.27,48
364800,45600,3346.69,87.82,21.34,48
364800,45600,-3204.54,20.49,302.69,48
364800,45600,-1651.10,20.08,149.51,48
364800,45600,3209.58,88.55,28.43,48
364800,45600,3242.12,84.38,5.87,48
364800,45600,-759.22,21.58,44.72,48
364800,45600,2797.65,85.09,22.64,48
364800,45600,1845.36,88.17,127.99,48
365184,45648,-1212.54,20.06,78.26,48
365184,45648,1896.70,87.54,113.15,48
365184,45648,3648.82,86.54,3.10,48
365184,45648,1306.82,88.07,196.29,48
365184,45648,3580.05,85.62,0.76,48
365184,45648,3715.09,87.28,0.31,48
365184,45648,2607.81,85.55,42.42,48
365184,45648,337.41,24.58,0.00,48
365568,45696,3611.32,85.90,1.64,48
365568,45696,-8.57,21.61,21.34,48
365568,45696,1604.41,87.32,134.74,48
365568,45696,2478.09,86.95,55.77,48
365568,45696,2033.26,87.47,99.04,48
365568,45696,2238.98,87.60,86.69,48
365568,45696,3744.18,89.17,1.16,48
365568,45696,3370.33,87.21,13.07,48
365952,45744,2976.39,89.02,30.81,48
365952,45744,2620.54,87.29,65.13,48
365952,45744,2757.23,87.87,24.03,48
365952,45744,82.56,21.92,7.47,48
365952,45744,3328.27,87.24,13.57,48
365952,45744,3633.14,85.48,1.62,48
365952,45744,3696.50,87.34,4.17,48
365952,45744,-280.09,21.08,12.51,48
366336,45792,-1766.31,20.36,135.62,48
366336,45792,-1744.00,23.10,141.34,48
366336,45792,1665.46,88.10,157.01,48
366336,45792,3615.62,87.06,5.04,48
366336,45792,3297.99,85.62,8.20,48
366336,45792,3292.87,89.97,22.42,48
366336,45792,-208.46,20.20,14.61,48
366336,45792,3642.63,86.66,2.65,48
366720,45840,1606.25,84.94,131.46,48
366720,45840,1600.12,84.48,142.87,48
366720,45840,2336.07,88.50,66.34,48
366720,45840,3604.88,87.24,0.43,48
366720,45840,-7.05,22.39,26.58,48
366720,45840,3714.04,87.26,0.00,48
366720,45840,-1142.90,20.85,76.12,48
366720,45840,3645.92,86.28,0.00,48
367104,45888,3147.79,85.48,17.79,48
367104,45888,3529.92,88.78,5.87,48
367104,45888,3342.85,84.27,5.22,48
367104,45888,139.17,21.39,0.76,48
367104,45888,-901.77,23.46,65.00,48
367104,45888,204.98,20.95,1.39,48
367104,45888,1926.51,85.00,98.84,48
367104,45888,324.80,20.39,2.44,48
367488,45936,-1397.66,23.40,120.90,48
367488,45936,2588.98,85.41,71.60,48
367488,45936,2015.60,86.12,90.66,48
367488,45936,2812.84,88.91,42.18,48
367488,45936,3294.45,84.96,9.84,48
367488,45936,3400.83,87.92,5.88,48
367488,45936,3724.00,88.68,0.02,48
367488,45936,274.41,21.66,3.70,48
367872,45984,-915.10,23.17,57.52,48
367872,45984,317.92,20.26,0.81,48
367872,45984,3775.62,88.10,0.43,48
367872,45984,3560.37,85.11,0.00,48
367872,45984,2435.95,86.52,60.40,48
367872,45984,3601.09,85.18,0.88,48
367872,45984,3540.09,86.70,0.00,48
367872,45984,3379.63,86.76,14.55,48
368256,46032,2614.66,84.48,24.79,48
368256,46032,3606.96,83.87,0.00,48
368256,46032,3854.49,88.88,3.73,48
368256,46032,3185.94,88.12,25.02,48
368256,46032,1762.42,88.15,132.86,48
368256,46032,-161.51,89.95,384.29,48
368256,46032,-10.96,19.60,6.54,48
368256,46032,-4614.47,20.34,477.32,48
368640,46080,3144.59,87.98,24.48,48
368640,46080,3688.11,86.36,0.00,48
368640,46080,2593.61,88.23,69.37,48
368640,46080,1953.17,86.60,112.42,48
368640,46080,1875.68,86.54,104.88,48
368640,46080,3823.06,87.57,0.00,48
368640,46080,-1296.27,19.01,103.66,48
368640,46080,3085.66,85.38,19.77,48
369024,46128,3457.77,85.03,10.18,48
369024,46128,2225.73,84.71,80.20,48
369024,46128,298.38,86.82,290.00,48
369024,46128,241.77,22.56,0.00,48
369024,46128,2283.01,84.13,45.70,48
369024,46128,2241.84,84.58,70.04,48
369024,46128,3830.82,88.06,0.69,48
369024,46128,3774.55,87.11,1.83,48
369408,46176,36.41,87.45,324.05,48
369408,46176,3840.72,88.71,0.76,48
369408,46176,3214.38,83.52,12.66,48
369408,46176,459.45,20.87,0.47,48
369408,46176,-1007.87,20.44,80.24,48
369408,46176,1656.09,84.77,130.06,48
369408,46176,1728.96,86.76,149.10,48
369408,46176,3181.92,84.32,6.36,48
369792,46224,2970.00,86.41,44.59,48
369792,46224,2294.05,86.85,66.58,48
369792,46224,3757.21,88.13,1.94,48
369792,46224,2072.51,86.98,89.87,48
369792,46224,3770.52,88.20,1.63,48
369792,46224,3453.51,82.76,0.23,48
369792,46224,-1444.24,19.82,100.38,48
369792,46224,3502.60,89.00,19.57,48
370176,46272,3105.72,87.51,39.11,48
370176,46272,3742.24,88.02,1.22,48
370176,46272,3571.69,86.27,0.61,48
370176,46272,3003.20,83.24,9.32,48
370176,46272,3202.67,86.06,10.20,48
370176,46272,1773.88,85.31,120.53,48
370176,46272,3735.03,88.10,0.00,48
370176,46272,2944.85,85.10,22.23,48
370560,46320,3712.86,84.97,0.61,48
370560,46320,3667.10,88.08,0.62,48
370560,46320,136.72,19.93,1.06,48
370560,46320,1571.53,88.63,167.59,48
370560,46320,3437.06,83.00,3.50,48
370560,46320,540.61,22.87,0.00,48
370560,46320,233.25,20.58,5.08,48
370560,46320,3524.47,84.92,0.01,48
370944,46368,3620.83,86.81,0.10,48
370944,46368,1534.32,88.20,168.77,48
370944,46368,3660.29,87.65,0.18,48
370944,46368,2552.00,89.38,72.01,48
370944,46368,3566.09,88.11,23.99,48
370944,46368,-870.40,23.48,42.61,48
370944,46368,-214.25,22.38,34.58,48
370944,46368,3239.93,83.96,7.51,48
371328,46416,96.35,85.87,310.16,48
371328,46416,3326.69,85.47,7.31,48
371328,46416,3751.89,87.02,1.24,48
371328,46416,3079.08,86.08,15.05,48
371328,46416,3437.11,83.83,0.00,48
371328,46416,1640.28,85.95,140.90,48
371328,46416,1818.11,86.13,101.40,48
371328,46416,471.44,84.62,263.35,48
371712,46464,3593.17,84.92,0.26,48
371712,46464,-472.82,19.48,11.32,48
371712,46464,2350.21,86.94,63.41,48
371712,46464,-542.99,22.85,31.33,48
371712,46464,-1658.56,20.88,127.42,48
371712,46464,2697.41,88.57,31.84,48
371712,46464,2728.92,87.83,50.55,48
371712,46464,324.99,22.06,0.19,48
372096,46512,1810.45,83.85,94.36,48
372096,46512,3338.90,88.40,15.38,48
372096,46512,3673.49,86.98,0.00,48
372096,46512,2987.04,85.60,35.94,48
372096,46512,401.17,20.00,0.00,48
372096,46512,3416.55,85.56,1.28,48
372096,46512,2877.99,86.51,33.00,48
372096,46512,3737.47,87.35,1.24,48
372480,46560,3242.90,87.29,37.53,48
372480,46560,2744.42,84.39,45.90,48
372480,46560,3437.47,84.34,0.69,48
372480,46560,3659.37,87.63,0.19,48
372480,46560,365.34,22.89,1.53,48
372480,46560,2114.25,89.30,113.63,48
372480,46560,-1377.08,84.86,480.28,48
372480,46560,1637.19,89.01,158.03,48
372864,46608,2915.92,87.72,36.16,48
372864,46608,3180.72,83.09,8.58,48
372864,46608,484.20,23.35,1.60,48
372864,46608,459.88,81.62,244.76,48
372864,46608,2647.72,82.92,28.65,48
372864,46608,-1847.53,25.05,169.21,48
372864,46608,-25.38,26.02,36.45,48
372864,46608,-843.15,21.52,63.05,48
373248,46656,201.73,20.26,0.00,48
373248,46656,3510.79,86.14,8.37,48
373248,46656,2031.64,86.34,96.77,48
373248,46656,-1437.69,22.61,115.06,48
373248,46656,-1950.00,23.02,170.84,48
373248,46656,3568.58,87.07,2.59,48
373248,46656,1907.86,86.10,98.38,48
373248,46656,316.07,20.74,4.17,48
373632,46704,2373.05,86.43,53.46,48
373632,46704,-1422.06,23.57,112.53,48
373632,46704,3302.98,82.07,1.00,48
373632,46704,3419.92,82.66,4.03,48
373632,46704,3750.39,88.12,6.24,48
373632,46704,2152.98,87.45,87.29,48
373632,46704,3220.35,86.31,12.83,48
373632,46704,-1752.14,22.37,158.51,48
374016,46752,-1179.80,23.93,79.07,48
374016,46752,3624.60,85.42,0.00,48
374016,46752,-314.87,21.95,27.73,48
374016,46752,1914.16,84.20,85.18,48
374016,46752,1905.21,85.70,88.21,48
374016,46752,3463.53,82.34,0.00,48
374016,46752,-1047.40,20.64,63.06,48
374016,46752,3258.38,86.86,20.33,48
374400,46800,3587.12,87.28,0.00,48
374400,46800,3458.75,82.84,0.00,48
374400,46800,3683.66,87.58,0.18,48
374400,46800,276.55,21.93,1.34,48
374400,46800,2489.00,86.26,42.45,48
374400,46800,-1731.50,89.52,562.81,48
374400,46800,2065.32,90.53,125.75,48
374400,46800,2249.66,86.23,63.93,48
374784,46848,1594.29,87.84,151.12,48
374784,46848,-1825.89,22.07,160.17,48
374784,46848,2693.88,85.24,43.59,48
374784,46848,3094.47,86.14,25.16,48
374784,46848,309.84,19.97,0.76,48
374784,46848,3656.04,89.42,4.22,48
374784,46848,-541.91,21.25,20.03,48
374784,46848,2868.60,86.16,46.41,48
375168,46896,3334.73,85.04,3.31,48
375168,46896,-156.33,24.27,27.56,48
375168,46896,-14.67,21.62,5.66,48
375168,46896,2042.39,86.31,86.47,48
375168,46896,-2128.24,23.18,198.02,48
375168,46896,2481.72,83.38,28.94,48
375168,46896,3566.59,85.41,0.17,48
375168,46896,2777.96,85.60,31.88,48
375552,46944,3582.09,88.06,2.27,48
375552,46944,-2125.65,22.14,171.62,48
375552,46944,-289.36,20.51,28.29,48
375552,46944,3880.70,88.89,1.94,48
375552,46944,-1697.98,21.09,152.57,48
375552,46944,186.19,23.28,6.94,48
375552,46944,3414.25,83.89,0.31,48
375552,46944,3157.82,86.63,19.72,48
375936,46992,1389.81,87.78,175.70,48
375936,46992,3494.18,87.37,19.74,48
375936,46992,2156.60,87.23,85.18,48
375936,46992,3333.50,83.06,4.62,48
375936,46992,312.24,22.06,0.00,48
375936,46992,2942.49,82.82,22.91,48
375936,46992,3411.09,84.20,2.68,48
375936,46992,3682.70,86.20,0.62,48
376320,47040,2297.80,85.64,69.34,48
376320,47040,-1449.17,88.02,521.51,48
376320,47040,-1239.23,19.94,84.89,48
376320,47040,1864.93,86.02,126.52,48
376320,47040,2809.89,88.02,23.34,48
376320,47040,-306.15,22.38,31.49,48
376320,47040,-2592.61,24.52,243.97,48
376320,47040,3662.28,87.86,1.12,48
376704,47088,-608.53,19.19,34.59,48
376704,47088,-181.37,21.43,13.52,48
376704,47088,1494.21,85.07,148.86,48
376704,47088,2028.82,84.15,76.96,48
376704,47088,3532.89,83.92,0.19,48
376704,47088,3815.43,87.51,0.74,48
376704,47088,3542.26,87.47,6.26,48
376704,47088,2900.56,82.41,25.81,48
377088,47136,3468.08,86.56,2.14,48
377088,47136,3807.04,87.79,0.00,48
377088,47136,-320.75,24.97,42.57,48
377088,47136,2777.07,89.99,50.19,48
377088,47136,-754.07,22.62,57.23,48
377088,47136,-3773.70,24.66,393.70,48
377088,47136,249.53,18.86,1.46,48
377088,47136,-1849.52,21.20,154.34,48
377472,47184,2534.19,84.94,28.21,48
377472,47184,-359.55,21.91,23.43,48
377472,47184,-60.71,17.70,5.67,48
377472,47184,2446.01,86.46,61.35,48
377472,47184,3610.57,84.17,0.00,48
377472,47184,3636.44,86.20,0.57,48
377472,47184,-3669.77,22.31,358.18,48
377472,47184,1451.72,86.10,153.19,48
377856,47232,-1712.85,23.03,152.16,48
377856,47232,-271.96,21.12,31.02,48
377856,47232,3451.55,85.64,2.97,48
377856,47232,3764.49,87.42,0.00,48
377856,47232,331.00,22.95,0.00,48
377856,47232,3276.81,82.97,6.48,48
377856,47232,3725.35,88.61,0.92,48
377856,47232,214.78,21.95,3.31,48
378240,47280,290.89,20.67,0.38,48
378240,47280,2426.12,84.34,50.46,48
378240,47280,2610.08,85.68,49.83,48
378240,47280,285.37,22.47,9.45,48
378240,47280,264.34,24.02,3.78,48
378240,47280,3441.84,86.31,3.38,48
378240,47280,3281.22,88.69,33.82,48
378240,47280,3537.61,83.46,0.00,48
378624,47328,3625.47,85.61,0.00,48
378624,47328,-1153.20,22.88,71.40,48
378624,47328,-177.62,22.68,24.25,48
378624,47328,-1090.23,20.61,71.52,48
378624,47328,-187.12,22.03,27.67,48
378624,47328,159.05,21.31,3.09,48
378624,47328,76.22,21.20,8.55,48
378624,47328,3556.72,88.83,2.70,48
379008,47376,3115.77,85.53,23.01,48
379008,47376,33.41,21.94,11.77,48
379008,47376,3690.69,88.28,5.90,48
379008,47376,-1070.66,21.10,63.36,48
379008,47376,3899.88,88.88,0.00,48
379008,47376,3831.84,87.07,0.86,48
379008,47376,-4915.62,20.96,512.21,48
379008,47376,217.40,22.77,1.21,48
379392,47424,168.53,21.76,8.18,48
379392,47424,-962.49,20.18,55.75,48
379392,47424,3881.85,88.69,0.00,48
379392,47424,3070.74,86.59,23.01,48
379392,47424,3731.29,88.86,0.72,48
379392,47424,2941.36,85.30,32.18,48
379392,47424,1508.69,86.57,153.98,48
379392,47424,413.36,23.56,0.05,48
379776,47472,2370.76,87.87,60.18,48
379776,47472,366.66,21.85,2.64,48
379776,47472,2697.61,86.67,62.65,48
379776,47472,3527.98,84.98,0.05,48
379776,47472,3486.25,83.15,0.00,48
379776,47472,1466.65,87.02,168.30,48
379776,47472,290.99,21.67,0.00,48
379776,47472,-3475.39,20.87,344.77,48
380160,47520,-968.93,21.85,55.47,48
380160,47520,-777.92,21.14,50.28,48
380160,47520,2065.39,85.25,86.61,48
380160,47520,3474.44,84.41,0.43,48
380160,47520,3175.42,84.15,5.48,48
380160,47520,2537.51,84.88,44.08,48
380160,47520,362.57,21.24,0.79,48
380160,47520,1662.46,86.95,134.99,48
380544,47568,3728.45,86.42,0.10,48
380544,47568,-1056.95,24.05,122.38,48
380544,47568,3531.95,88.57,8.46,48
380544,47568,1758.52,83.02,103.07,48
380544,47568,2308.69,86.38,58.39,48
380544,47568,310.06,19.58,0.00,48
380544,47568,-1426.47,86.89,511.05,48
380544,47568,-522.35,19.16,24.90,48
380928,47616,3614.70,87.70,1.02,48
380928,47616,2125.60,88.39,106.22,48
380928,47616,1927.02,83.95,91.35,48
380928,47616,-475.78,20.07,29.07,48
380928,47616,-1238.91,21.48,92.23,48
380928,47616,3282.18,84.94,11.60,48
380928,47616,3518.37,83.70,0.35,48
380928,47616,1861.33,84.37,105.10,48
381312,47664,2632.84,86.62,40.88,48
381312,47664,3475.47,84.02,1.64,48
381312,47664,2277.50,86.72,74.33,48
381312,47664,3517.82,86.73,1.47,48
381312,47664,2176.14,89.61,113.18,48
381312,47664,2540.03,84.90,39.53,48
381312,47664,-1562.71,21.51,120.18,48
381312,47664,2808.62,86.28,27.74,48
381696,47712,304.87,19.84,0.00,48
381696,47712,54.43,20.34,14.88,48
381696,47712,2110.82,84.64,77.23,48
381696,47712,-15.09,18.83,10.74,48
381696,47712,300.66,22.47,0.32,48
381696,47712,160.97,21.55,0.79,48
381696,47712,1725.67,83.39,114.23,48
381696,47712,3856.75,89.48,0.32,48
382080,47760,-1116.56,21.00,74.12,48
382080,47760,3632.83,86.14,0.05,48
382080,47760,3616.52,85.15,0.56,48
382080,47760,3577.81,87.77,3.23,48
382080,47760,3647.20,88.83,2.78,48
382080,47760,3526.80,86.42,8.19,48
382080,47760,3791.06,88.91,0.27,48
382080,47760,3837.81,88.85,0.32,48
382464,47808,3663.05,85.91,0.70,48
382464,47808,-689.46,20.56,45.75,48
382464,47808,1816.74,83.31,93.57,48
382464,47808,2648.48,87.00,65.02,48
382464,47808,2223.65,85.53,77.92,48
382464,47808,3384.50,87.38,15.30,48
382464,47808,3669.70,87.76,10.17,48
382464,47808,2895.21,85.58,31.09,48
382848,47856,-434.66,18.97,18.39,48
382848,47856,-1149.80,22.76,74.76,48
382848,47856,3114.46,82.64,13.20,48
382848,47856,3777.88,91.29,10.31,48
382848,47856,403.55,19.56,0.00,48
382848,47856,-2097.73,22.77,194.43,48
382848,47856,3611.51,84.83,0.00,48
382848,47856,3325.58,86.52,21.02,48
383232,47904,3166.13,82.97,11.85,48
383232,47904,-774.35,21.85,44.65,48
383232,47904,-1803.46,21.67,156.32,48
383232,47904,3762.69,88.23,1.43,48
383232,47904,2024.41,82.53,59.48,48
383232,47904,3626.90,86.13,0.61,48
383232,47904,-3853.57,22.52,395.34,48
383232,47904,3588.33,87.13,0.95,48
383616,47952,3020.12,86.24,55.09,48
383616,47952,-1550.43,17.54,108.44,48
383616,47952,495.81,22.47,0.47,48
383616,47952,3440.41,84.41,0.05,48
383616,47952,3496.66,83.91,0.00,48
383616,47952,-750.49,23.47,61.77,48
383616,47952,3606.04,84.85,0.31,48
383616,47952,3433.85,86.07,1.21,48
384000,48000,3262.40,88.61,20.02,48
384000,48000,2206.81,85.85,71.39,48
384000,48000,3632.38,89.09,6.35,48
384000,48000,234.18,19.35,2.80,48
384000,48000,3601.49,84.81,0.98,48
384000,48000,2212.45,88.59,85.40,48
384000,48000,-714.97,19.76,32.95,48
384000,48000,-1618.96,21.72,119.13,48
384384,48048,3152.45,86.95,10.33,48
384384,48048,379.79,22.65,2.48,48
384384,48048,3071.96,82.53,10.55,48
384384,48048,259.37,20.15,0.00,48
384384,48048,2653.72,85.91,34.13,48
384384,48048,3733.50,89.31,22.52,48
384384,48048,3301.81,85.87,8.22,48
384384,48048,2120.68,88.55,91.60,48
384768,48096,268.68,20.09,0.35,48
384768,48096,1648.42,86.24,146.33,48
384768,48096,3702.04,87.27,0.23,48
384768,48096,-877.01,84.15,435.62,48
384768,48096,-1230.29,21.57,91.82,48
384768,48096,-1776.50,87.34,539.13,48
384768,48096,1656.61,85.58,129.43,48
384768,48096,-1337.78,17.82,91.14,48
385152,48144,-574.48,20.34,23.33,48
385152,48144,2696.92,87.78,46.41,48
385152,48144,54.46,20.33,9.56,48
385152,48144,3618.78,86.22,0.32,48
385152,48144,-1142.65,21.24,74.80,48
385152,48144,1468.30,86.42,151.37,48
385152,48144,2910.26,84.96,25.12,48
385152,48144,-3915.39,17.52,385.47,48
385536,48192,3367.38,86.16,19.46,48
385536,48192,3701.57,87.91,1.01,48
385536,48192,-752.10,20.51,33.26,48
385536,48192,3488.28,84.93,0.00,48
385536,48192,2828.61,85.80,46.02,48
385536,48192,3686.00,86.47,0.43,48
385536,48192,-1089.34,19.47,83.02,48
385536,48192,2922.66,86.89,34.13,48
385920,48240,36.43,22.79,11.20,48
385920,48240,3747.02,87.69,0.00,48
385920,48240,1561.26,86.15,138.91,48
385920,48240,318.40,24.35,6.33,48
385920,48240,3625.18,86.83,2.20,48
385920,48240,2812.32,87.02,22.86,48
385920,48240,3670.24,85.81,0.43,48
385920,48240,-616.54,22.77,26.08,48
386304,48288,-139.90,17.29,12.82,48
386304,48288,3553.21,86.89,2.04,48
386304,48288,3556.26,86.46,0.11,48
386304,48288,3630.37,85.22,0.00,48
386304,48288,377.93,21.77,0.80,48
386304,48288,3291.78,90.58,50.01,48
386304,48288,3002.40,85.43,14.30,48
386304,48288,2216.00,81.37,37.73,48
386688,48336,3068.86,84.64,37.43,48
386688,48336,3594.68,88.46,9.66,48
386688,48336,173.64,17.89,0.00,48
386688,48336,1515.62,84.93,142.95,48
386688,48336,1777.33,85.84,108.84,48
386688,48336,1488.28,84.51,143.16,48
386688,48336,310.62,24.38,0.75,48
386688,48336,-983.17,19.80,71.45,48
387072,48384,-689.77,25.62,49.01,48
387072,48384,1579.67,86.44,128.01,48
387072,48384,3418.59,86.30,7.48,48
387072,48384,2897.52,84.51,24.14,48
387072,48384,-624.95,21.26,38.99,48
387072,48384,3079.45,87.40,28.68,48
387072,48384,3183.86,84.93,16.90,48
387072,48384,2629.51,86.35,24.79,48
387456,48432,2310.06,85.70,65.94,48
387456,48432,52.87,21.29,17.98,48
387456,48432,286.92,85.58,296.02,48
387456,48432,-534.89,18.42,32.41,48
387456,48432,3663.47,86.96,2.66,48
387456,48432,221.24,18.05,0.72,48
387456,48432,3685.05,86.21,2.20,48
387456,48432,3063.84,85.01,17.54,48
387840,48480,-2264.17,23.17,212.91,48
387840,48480,3581.17,86.50,3.87,48
387840,48480,3722.42,84.79,0.00,48
387840,48480,3398.23,84.27,6.38,48
387840,48480,97.39,20.02,5.27,48
387840,48480,-1473.20,84.08,491.49,48
387840,48480,2355.53,86.03,66.40,48
387840,48480,2607.40,86.72,63.05,48
388224,48528,2815.38,86.48,23.89,48
388224,48528,1620.73,88.91,158.12,48
388224,48528,-24.75,23.24,9.02,48
388224,48528,-4983.35,24.01,536.61,48
388224,48528,-35.43,19.97,6.01,48
388224,48528,2657.88,86.34,30.73,48
388224,48528,-1838.15,21.45,152.38,48
388224,48528,160.87,20.71,0.83,48
388608,48576,-4.57,22.72,13.15,48
388608,48576,3433.40,83.98,0.28,48
388608,48576,-442.19,22.71,46.05,48
388608,48576,3722.25,87.22,0.00,48
388608,48576,3728.92,86.07,0.00,48
388608,48576,-246.46,21.85,51.74,48
388608,48576,3701.27,86.20,0.31,48
388608,48576,2212.79,88.61,87.42,48
388992,48624,2711.75,84.95,27.40,48
388992,48624,3188.31,86.29,11.31,48
388992,48624,3636.76,85.98,0.58,48
388992,48624,2694.55,86.57,31.02,48
388992,48624,3299.68,86.19,14.42,48
388992,48624,2950.97,86.49,22.83,48
388992,48624,3296.29,84.30,9.27,48
388992,48624,3472.15,86.37,1.95,48
389376,48672,-412.54,22.98,13.48,48
389376,48672,3654.75,85.70,0.76,48
389376,48672,1685.47,83.35,131.10,48
389376,48672,1978.16,87.00,101.11,48
389376,48672,3663.11,85.83,1.34,48
389376,48672,375.79,82.58,258.35,48
389376,48672,-1065.02,89.41,492.74,48
389376,48672,1872.53,85.10,103.34,48
389760,48720,-499.70,19.23,25.90,48
389760,48720,299.15,20.92,0.38,48
389760,48720,3190.67,85.58,7.43,48
389760,48720,-729.56,21.16,39.70,48
389760,48720,2040.54,87.20,108.86,48
389760,48720,3461.00,85.20,0.21,48
389760,48720,3744.90,89.91,2.43,48
389760,48720,3543.36,85.12,0.00,48
390144,48768,3568.61,87.40,5.62,48
390144,48768,-63.84,21.35,30.25,48
390144,48768,2534.27,84.53,60.19,48
390144,48768,-454.22,22.35,25.42,48
390144,48768,-121.89,22.29,16.92,48
390144,48768,3722.47,87.00,0.19,48
390144,48768,1965.21,86.86,108.52,48
390144,48768,3520.87,86.85,7.29,48
390528,48816,3399.81,83.10,1.17,48
390528,48816,2113.17,84.02,69.78,48
390528,48816,2704.15,85.89,45.18,48
390528,48816,2638.37,88.60,58.80,48
390528,48816,61.78,24.99,6.92,48
390528,48816,3482.77,86.04,10.73,48
390528,48816,2867.65,84.68,22.30,48
390528,48816,-147.51,21.50,15.89,48
390912,48864,-543.50,23.12,56.44,48
390912,48864,2529.92,87.34,50.25,48
390912,48864,2751.82,86.97,35.10,48
390912,48864,2748.52,87.12,32.90,48
390912,48864,2510.25,89.16,88.88,48
390912,48864,2445.63,84.71,44.55,48
390912,48864,3424.59,87.11,7.41,48
390912,48864,3415.76,83.19,0.10,48
391296,48912,3635.23,87.25,0.81,48
391296,48912,2970.92,88.36,31.60,48
391296,48912,-813.06,24.17,67.37,48
391296,48912,2059.41,85.86,80.68,48
391296,48912,1684.96,85.98,131.35,48
391296,48912,2108.49,86.10,82.39,48
391296,48912,3159.36,83.58,13.29,48
391296,48912,3582.34,85.60,0.39,48
391680,48960,-29.31,18.30,3.94,48
391680,48960,1995.31,86.45,125.15,48
391680,48960,3653.70,87.44,2.03,48
391680,48960,1906.81,84.56,98.30,48
391680,48960,206.73,24.98,5.38,48
391680,48960,-7.93,24.48,22.84,48
391680,48960,3580.04,85.64,0.32,48
391680,48960,3715.21,87.32,0.00,48
392064,49008,255.33,20.74,0.72,48
392064,49008,3397.44,83.56,5.63,48
392064,49008,3431.29,88.32,14.72,48
392064,49008,247.43,22.71,0.99,48
392064,49008,2602.53,84.47,26.99,48
392064,49008,3624.75,85.37,0.00,48
392064,49008,3595.68,86.24,0.25,48
392064,49008,2188.07,84.86,73.37,48
392448,49056,3417.50,85.46,21.46,48
392448,49056,3241.73,82.99,2.85,48
392448,49056,3382.23,85.28,5.03,48
392448,49056,3549.88,84.90,0.43,48
392448,49056,3556.09,87.48,7.85,48
392448,49056,3725.83,87.93,0.10,48
392448,49056,2755.71,87.04,41.68,48
392448,49056,3351.22,86.37,7.92,48
392832,49104,2947.60,87.82,28.66,48
392832,49104,1986.52,86.18,90.91,48
392832,49104,3714.84,86.63,0.00,48
392832,49104,2693.17,86.54,39.47,48
392832,49104,3580.52,86.93,0.66,48
392832,49104,3548.62,84.56,6.42,48
392832,49104,3729.13,88.31,0.26,48
392832,49104,266.97,21.86,10.57,48
393216,49152,2985.82,87.93,51.66,48
393216,49152,3404.88,86.53,11.80,48
393216,49152,3571.68,87.03,22.03,48
393216,49152,3686.55,87.82,1.23,48
393216,49152,3609.97,86.99,0.88,48
393216,49152,3300.93,89.35,5.48,48
393216,49152,3098.97,82.84,6.14,48
393216,49152,3612.30,87.45,5.33,48
393600,49200,-728.40,21.30,64.54,48
393600,49200,88.62,20.31,12.08,48
393600,49200,292.78,21.50,1.48,48
393600,49200,3425.71,87.10,11.24,48
393600,49200,2796.61,86.19,20.88,48
393600,49200,394.40,21.36,0.00,48
393600,49200,1937.15,84.39,94.43,48
393600,49200,3390.99,85.88,0.82,48
393984,49248,197.60,21.16,4.60,48
393984,49248,3402.75,84.23,0.74,48
393984,49248,2845.82,87.41,35.46,48
393984,49248,3705.36,88.59,0.47,48
393984,49248,290.86,19.70,0.00,48
393984,49248,303.58,21.93,0.39,48
393984,49248,-264.83,20.94,35.16,48
393984,49248,-1040.45,20.57,61.74,48
394368,49296,3431.57,85.81,5.22,48
394368,49296,-4873.53,21.12,516.54,48
394368,49296,3080.04,85.19,7.58,48
394368,49296,-1271.92,22.96,98.07,48
394368,49296,-133.17,21.31,13.35,48
394368,49296,3674.63,87.25,0.00,48
394368,49296,-1362.59,21.34,106.66,48
394368,49296,3491.86,84.85,0.69,48
394752,49344,2414.16,82.96,41.37,48
394752,49344,3072.44,84.86,12.11,48
394752,49344,3284.72,85.18,8.90,48
394752,49344,3557.51,88.33,6.83,48
394752,49344,1759.46,87.44,126.87,48
394752,49344,310.44,20.09,1.12,48
394752,49344,-1304.88,20.20,111.96,48
394752,49344,3790.01,87.89,0.23,48
395136,49392,3083.09,85.26,16.96,48
395136,49392,-333.49,19.48,16.97,48
395136,49392,3115.63,85.22,29.44,48
395136,49392,3751.96,88.07,1.53,48
395136,49392,3218.04,82.47,1.04,48
395136,49392,3430.73,86.71,2.59,48
395136,49392,370.48,21.68,2.39,48
395136,49392,109.14,24.72,6.98,48
395520,49440,-2118.04,23.31,184.76,48
395520,49440,-33.50,17.23,7.69,48
395520,49440,1864.67,82.79,71.73,48
395520,49440,189.94,20.15,3.27,48
395520,49440,213.68,19.64,2.54,48
395520,49440,3499.73,84.02,0.00,48
395520,49440,3555.37,84.67,1.01,48
395520,49440,-1319.41,19.25,92.66,48
395904,49488,2749.45,85.69,31.40,48
395904,49488,3415.32,88.80,16.75,48
395904,49488,3310.46,82.59,1.29,48
395904,49488,3281.82,82.82,4.20,48
395904,49488,2951.02,86.20,21.85,48
395904,49488,-162.75,19.98,10.87,48
395904,49488,3328.00,87.19,11.89,48
395904,49488,1367.89,83.93,142.65,48
396288,49536,3579.60,87.11,0.52,48
396288,49536,-934.75,82.74,418.55,48
396288,49536,3116.73,82.96,22.91,48
396288,49536,1588.72,86.95,139.74,48
396288,49536,2781.35,84.96,19.67,48
396288,49536,281.34,20.13,0.61,48
396288,49536,3487.47,85.89,1.62,48
396288,49536,-994.77,24.28,72.79,48
396672,49584,-1270.08,17.35,102.22,48
396672,49584,402.15,23.18,0.00,48
396672,49584,442.99,84.79,266.17,48
396672,49584,3554.70,86.14,6.75,48
396672,49584,-402.21,22.39,32.18,48
396672,49584,1959.25,84.06,84.64,48
396672,49584,-1407.58,20.12,95.14,48
396672,49584,3768.89,88.42,0.00,48
397056,49632,-1291.58,85.50,469.77,48
397056,49632,-1318.25,20.04,92.77,48
397056,49632,3602.27,86.25,0.69,48
397056,49632,-1343.95,21.94,103.96,48
397056,49632,3240.40,81.34,2.29,48
397056,49632,311.32,21.20,0.23,48
397056,49632,370.38,22.43,0.00,48
397056,49632,2715.72,88.58,50.03,48
397440,49680,3301.68,85.53,10.10,48
397440,49680,3596.32,87.48,1.34,48
397440,49680,1941.94,88.29,114.51,48
397440,49680,209.81,24.04,4.90,48
397440,49680,-1154.44,20.63,87.70,48
397440,49680,1333.07,87.07,184.16,48
397440,49680,3514.60,85.71,1.21,48
397440,49680,-1577.60,20.24,121.83,48
397824,49728,1825.50,84.80,90.27,48
397824,49728,3641.10,86.30,1.01,48
397824,49728,201.65,19.60,0.61,48
397824,49728,102.03,85.09,307.89,48
397824,49728,2872.42,87.17,38.69,48
397824,49728,1769.91,88.01,120.89,48
397824,49728,-1575.66,22.52,129.53,48
397824,49728,3238.94,86.07,37.56,48
398208,49776,-3221.46,20.75,311.42,48
398208,49776,-617.16,20.74,35.09,48
398208,49776,2461.08,86.67,55.27,48
398208,49776,-405.06,20.29,27.66,48
398208,49776,2977.25,88.35,40.78,48
398208,49776,3417.13,83.94,2.15,48
398208,49776,289.13,23.27,3.50,48
398208,49776,-160.29,24.63,14.25,48
398592,49824,2926.05,86.27,27.28,48
398592,49824,3117.64,88.42,31.09,48
398592,49824,3402.31,85.21,0.61,48
398592,49824,3720.75,87.17,0.00,48
398592,49824,2044.33,86.53,82.34,48
398592,49824,3394.27,83.03,2.30,48
398592,49824,-5071.54,22.74,544.89,48
398592,49824,1693.11,83.35,92.30,48
398976,49872,1835.44,82.97,100.13,48
398976,49872,3531.05,85.71,1.49,48
398976,49872,3571.55,86.74,1.31,48
398976,49872,3613.92,85.17,0.05,48
398976,49872,3356.92,84.66,6.44,48
398976,49872,3259.20,83.95,16.73,48
398976,49872,3590.90,85.97,0.61,48
398976,49872,2111.15,82.94,69.35,48
399360,49920,3288.01,81.68,0.00,48
399360,49920,114.88,21.42,4.61,48
399360,49920,1481.12,88.13,172.91,48
399360,49920,3284.97,87.12,14.52,48
399360,49920,-629.10,21.75,30.24,48
399360,49920,3401.68,83.55,1.21,48
399360,49920,187.03,22.72,4.98,48
399360,49920,2965.07,84.60,14.25,48
399744,49968,3483.03,84.98,0.61,48
399744,49968,2741.62,85.19,27.52,48
399744,49968,3333.02,86.33,22.71,48
399744,49968,3689.01,88.70,5.84,48
399744,49968,249.33,19.47,0.10,48
399744,49968,3763.11,87.55,0.00,48
399744,49968,3634.20,84.74,0.09,48
399744,49968,1817.12,89.44,141.08,48
400128,50016,3618.71,86.77,1.49,48
400128,50016,3243.59,85.15,11.10,48
400128,50016,279.14,22.94,1.39,48
400128,50016,3515.47,87.76,1.33,48
400128,50016,3454.72,86.67,2.29,48
400128,50016,-729.68,19.47,66.74,48
400128,50016,3596.43,86.88,0.78,48
400128,50016,3744.32,89.48,2.78,48
400512,50064,3261.19,86.53,18.43,48
400512,50064,290.46,19.98,0.00,48
400512,50064,1529.67,84.67,130.17,48
400512,50064,15.25,85.47,321.67,48
400512,50064,2895.55,86.96,35.25,48
400512,50064,-6.91,22.75,19.98,48
400512,50064,-969.02,23.88,77.94,48
400512,50064,2652.76,85.70,39.20,48
400896,50112,-1899.56,21.92,140.05,48
400896,50112,1716.62,86.91,126.09,48
400896,50112,3563.09,85.19,0.18,48
400896,50112,3788.25,88.26,0.18,48
400896,50112,2719.58,83.46,7.42,48
400896,50112,3578.41,84.43,0.31,48
400896,50112,2730.63,82.70,18.35,48
400896,50112,2876.74,82.71,18.36,48
401280,50160,3014.24,88.40,28.20,48
401280,50160,3589.65,88.00,1.95,48
401280,50160,-746.47,18.18,31.21,48
401280,50160,3632.38,87.39,0.28,48
401280,50160,-1639.27,21.10,125.22,48
401280,50160,3145.55,86.59,7.77,48
401280,50160,2847.82,86.41,20.18,48
401280,50160,3627.72,86.62,0.00,48
401664,50208,3515.41,87.53,13.29,48
401664,50208,3190.58,87.08,25.02,48
401664,50208,-339.63,20.50,13.82,48
401664,50208,3321.76,85.53,2.60,48
401664,50208,3604.85,87.28,0.85,48
401664,50208,3525.99,84.09,0.01,48
401664,50208,3810.40,88.85,1.83,48
401664,50208,2422.78,86.75,55.38,48
402048,50256,3343.14,87.23,10.43,48
402048,50256,-514.83,21.99,31.16,48
402048,50256,273.54,19.84,3.89,48
402048,50256,1574.73,87.56,148.93,48
402048,50256,2592.63,85.85,44.00,48
402048,50256,1517.95,82.78,107.82,48
402048,50256,3479.12,83.77,0.00,48
402048,50256,3387.78,84.39,2.04,48
402432,50304,-74.34,21.80,8.80,48
402432,50304,3552.45,86.49,0.31,48
402432,50304,3449.45,87.55,25.14,48
402432,50304,1974.63,84.58,85.30,48
402432,50304,2805.53,85.32,51.41,48
402432,50304,3100.13,87.87,31.25,48
402432,50304,2448.58,84.48,43.45,48
402432,50304,1843.84,85.96,123.90,48
402816,50352,-419.62,20.17,32.55,48
402816,50352,-1041.16,18.23,66.78,48
402816,50352,2.63,22.46,6.90,48
402816,50352,-1408.13,88.34,513.98,48
402816,50352,87.01,20.22,12.20,48
402816,50352,3584.78,86.44,0.18,48
402816,50352,3195.06,85.14,5.53,48
402816,50352,2931.40,89.21,37.68,48
403200,50400,-504.79,19.31,30.10,48
403200,50400,3533.99,88.02,7.35,48
403200,50400,2562.83,83.10,23.90,48
403200,50400,-669.60,21.84,68.13,48
403200,50400,1934.43,85.33,93.65,48
403200,50400,3710.20,87.09,0.62,48
403200,50400,3586.22,84.83,0.00,48
403200,50400,-923.26,23.01,56.42,48
403584,50448,3534.68,86.04,0.47,48
403584,50448,3377.83,84.58,0.01,48
403584,50448,3413.98,84.14,1.01,48
403584,50448,460.66,86.93,272.35,48
403584,50448,2303.45,87.33,89.61,48
403584,50448,3692.52,87.05,0.00,48
403584,50448,2835.18,87.66,45.69,48
403584,50448,522.76,25.13,0.05,48
403968,50496,3590.17,84.68,0.00,48
403968,50496,-44.05,20.39,7.93,48
403968,50496,-5179.78,22.44,530.76,48
403968,50496,2788.86,87.29,32.64,48
403968,50496,3517.41,84.67,2.51,48
403968,50496,-895.04,84.35,424.59,48
403968,50496,3251.15,86.11,26.99,48
403968,50496,2558.79,85.70,31.25,48
404352,50544,3469.63,84.78,0.92,48
404352,50544,3415.98,84.55,2.59,48
404352,50544,3654.89,86.24,0.19,48
404352,50544,2634.83,84.38,36.28,48
404352,50544,346.57,23.14,4.21,48
404352,50544,191.96,22.95,0.31,48
404352,50544,3516.05,84.46,1.31,48
404352,50544,2566.64,83.95,26.38,48
404736,50592,3545.04,87.48,4.80,48
404736,50592,3404.82,87.62,12.52,48
404736,50592,351.77,19.58,0.88,48
404736,50592,-1731.74,22.33,145.58,48
404736,50592,-1206.66,20.57,81.02,48
404736,50592,-1238.61,23.12,73.83,48
404736,50592,3467.14,86.63,1.68,48
404736,50592,3731.92,87.70,0.00,48
405120,50640,3719.18,87.71,0.00,48
405120,50640,3634.35,86.86,0.00,48
405120,50640,-93.65,24.14,43.04,48
405120,50640,960.45,85.80,203.32,48
405120,50640,-1457.17,23.23,110.16,48
405120,50640,3741.30,86.30,0.71,48
405120,50640,3262.33,81.76,0.66,48
405120,50640,285.31,19.83,2.34,48
405504,50688,3480.67,84.68,0.92,48
405504,50688,2219.63,87.69,88.87,48
405504,50688,1903.90,82.79,75.44,48
405504,50688,200.26,18.28,0.32,48
405504,50688,3669.91,87.02,3.10,48
405504,50688,1853.29,86.06,134.43,48
405504,50688,3709.10,86.95,0.78,48
405504,50688,2712.30,87.94,45.68,48
405888,50736,-783.66,19.49,39.64,48
405888,50736,3200.13,87.56,22.42,48
405888,50736,3580.99,86.45,0.57,48
405888,50736,3595.68,86.50,0.00,48
405888,50736,3568.63,86.40,0.23,48
405888,50736,3561.20,86.70,5.96,48
405888,50736,3399.68,88.12,14.15,48
405888,50736,2468.92,83.62,31.89,48
406272,50784,215.25,18.10,0.66,48
406272,50784,2553.04,84.80,43.60,48
406272,50784,129.84,20.56,9.72,48
406272,50784,266.60,21.47,1.34,48
406272,50784,3226.20,84.91,4.51,48
406272,50784,3220.46,82.93,12.18,48
406272,50784,3443.05,86.47,0.23,48
406272,50784,-1396.23,20.03,101.91,48
406656,50832,-301.43,18.14,6.64,48
406656,50832,3590.83,87.12,3.73,48
406656,50832,-1066.95,84.78,438.47,48
406656,50832,3491.03,84.57,1.83,48
406656,50832,3636.72,86.25,0.00,48
406656,50832,2598.89,85.47,43.32,48
406656,50832,-57.69,24.49,13.44,48
406656,50832,346.54,20.47,0.61,48
407040,50880,-1375.92,22.48,113.05,48
407040,50880,3049.02,83.49,19.56,48
407040,50880,3792.27,89.15,5.23,48
407040,50880,-1793.28,19.13,149.28,48
407040,50880,330.93,20.74,0.60,48
407040,50880,-2007.33,24.59,204.35,48
407040,50880,111.62,83.97,288.21,48
407040,50880,2902.64,88.68,30.85,48
407424,50928,3640.06,87.29,1.53,48
407424,50928,3032.60,87.60,28.14,48
407424,50928,2969.44,89.54,29.61,48
407424,50928,-751.54,84.47,391.05,48
407424,50928,3512.32,87.14,0.35,48
407424,50928,-906.50,25.38,59.31,48
407424,50928,3602.25,86.37,0.00,48
407424,50928,3526.54,85.88,1.19,48
407808,50976,160.72,85.44,300.37,48
407808,50976,3574.57,86.98,8.49,48
407808,50976,3578.43,86.70,0.78,48
407808,50976,3677.56,88.15,4.34,48
407808,50976,3298.36,82.92,2.53,48
407808,50976,-925.52,17.01,48.92,48
407808,50976,3501.31,85.51,0.47,48
407808,50976,1976.92,86.33,110.82,48
408192,51024,3407.91,85.30,0.92,48
408192,51024,-1202.10,21.70,61.80,48
408192,51024,3590.43,84.75,0.88,48
408192,51024,-156.47,21.34,27.33,48
408192,51024,-775.37,23.58,46.18,48
408192,51024,3303.70,83.15,5.09,48
408192,51024,2316.11,83.46,64.42,48
408192,51024,3803.60,87.63,0.00,48
408576,51072,-1063.07,86.05,452.72,48
408576,51072,3028.63,85.76,17.35,48
408576,51072,3967.12,88.93,0.01,48
408576,51072,-999.98,85.97,460.46,48
408576,51072,3576.92,84.34,0.00,48
408576,51072,3840.49,88.41,0.00,48
408576,51072,46.38,85.19,315.51,48
408576,51072,3371.70,81.58,1.30,48
408960,51120,3807.53,89.09,0.23,48
408960,51120,-797.52,20.89,58.73,48
408960,51120,-468.78,21.37,46.04,48
408960,51120,391.00,22.99,0.96,48
408960,51120,3393.28,82.96,0.10,48
408960,51120,3233.41,84.77,16.76,48
408960,51120,3728.83,87.78,0.00,48
408960,51120,397.34,21.36,0.23,48
409344,51168,2403.65,86.27,51.49,48
409344,51168,-1394.05,21.42,128.29,48
409344,51168,3644.47,84.69,0.00,48
409344,51168,3310.91,85.41,16.82,48
409344,51168,3194.95,87.26,30.26,48
409344,51168,917.61,83.59,192.66,48
409344,51168,3759.89,87.42,1.54,48
409344,51168,2657.49,82.49,32.46,48
409728,51216,2781.56,83.09,19.40,48
409728,51216,1926.29,88.57,117.45,48
409728,51216,46.02,22.75,14.37,48
409728,51216,3323.60,84.97,8.24,48
409728,51216,3740.96,87.67,0.09,48
409728,51216,3767.27,87.41,0.23,48
409728,51216,155.36,22.34,1.95,48
409728,51216,3520.18,89.03,18.60,48
410112,51264,3551.65,85.37,1.17,48
410112,51264,3326.09,84.57,2.90,48
410112,51264,2651.96,87.57,39.95,48
410112,51264,2747.34,86.26,38.50,48
410112,51264,1615.38,87.91,148.40,48
410112,51264,231.91,18.75,0.00,48
410112,51264,2015.54,86.59,98.47,48
410112,51264,3571.36,86.35,2.03,48
410496,51312,3637.99,86.93,0.00,48
410496,51312,1686.35,85.46,120.82,48
410496,51312,3358.80,84.50,0.00,48
410496,51312,-1249.84,20.01,83.22,48
410496,51312,2488.27,85.79,48.91,48
410496,51312,3350.65,84.27,12.69,48
410496,51312,2608.88,82.82,50.12,48
410496,51312,3600.72,86.60,3.68,48
410880,51360,2892.77,88.44,20.76,48
410880,51360,3429.65,83.02,0.00,48
410880,51360,1535.13,87.13,158.58,48
410880,51360,-104.85,20.26,25.33,48
410880,51360,-53.12,21.35,14.01,48
410880,51360,-1755.44,18.00,124.81,48
410880,51360,3362.78,85.55,9.03,48
410880,51360,-1426.65,21.53,106.15,48
411264,51408,325.88,17.13,0.00,48
411264,51408,3348.61,83.85,6.62,48
411264,51408,2987.06,85.45,28.90,48
411264,51408,3054.42,87.03,14.85,48
411264,51408,-590.75,22.55,42.37,48
411264,51408,3605.39,86.15,0.00,48
411264,51408,623.97,86.57,254.68,48
411264,51408,1766.93,86.98,120.70,48
411648,51456,2976.67,86.51,34.98,48
411648,51456,2891.50,86.83,20.16,48
411648,51456,2600.94,87.83,50.57,48
411648,51456,2851.24,87.70,29.48,48
411648,51456,3724.00,87.32,0.48,48
411648,51456,3114.44,86.85,15.29,48
411648,51456,-2684.00,26.66,264.28,48
411648,51456,3839.65,89.12,1.24,48
412032,51504,3438.56,85.35,2.88,48
412032,51504,-1656.06,21.72,125.76,48
412032,51504,2580.17,82.79,27.96,48
412032,51504,1569.69,87.94,144.50,48
412032,51504,3501.06,85.46,1.78,48
412032,51504,3431.83,86.22,6.79,48
412032,51504,-553.67,24.44,58.85,48
412032,51504,3524.85,86.04,0.02,48
412416,51552,1170.86,84.75,184.77,48
412416,51552,1257.34,86.31,202.93,48
412416,51552,2284.57,89.24,87.89,48
412416,51552,-1299.62,22.56,116.72,48
412416,51552,2352.38,85.94,69.30,48
412416,51552,0.93,22.96,5.60,48
412416,51552,1875.59,86.02,131.14,48
412416,51552,3842.28,89.50,2.26,48
412800,51600,2943.22,85.82,21.41,48
412800,51600,3780.90,89.42,0.76,48
412800,51600,2247.43,86.32,73.28,48
412800,51600,1508.33,82.97,125.33,48
412800,51600,3824.20,89.00,0.02,48
412800,51600,-1631.93,21.82,135.96,48
412800,51600,-225.46,17.15,26.92,48
412800,51600,3339.43,84.27,0.10,48
413184,51648,-91.19,21.02,19.20,48
413184,51648,3474.55,85.45,0.00,48
413184,51648,234.45,19.92,1.61,48
413184,51648,2487.39,87.18,61.31,48
413184,51648,1671.36,86.08,125.67,48
413184,51648,3496.80,84.25,0.79,48
413184,51648,3302.15,85.79,15.25,48
413184,51648,3108.18,89.26,58.74,48
413568,51696,-411.16,20.86,24.55,48
413568,51696,-1789.55,19.40,142.24,48
413568,51696,1661.75,84.53,127.15,48
413568,51696,194.32,20.28,0.83,48
413568,51696,3833.87,89.01,0.27,48
413568,51696,226.61,20.70,0.00,48
413568,51696,3305.94,84.75,4.89,48
413568,51696,-1103.41,18.88,73.88,48
413952,51744,2781.77,85.11,28.88,48
413952,51744,3254.90,82.74,0.54,48
413952,51744,3092.14,86.15,22.74,48
413952,51744,1710.22,85.22,115.52,48
413952,51744,-851.42,20.83,69.41,48
413952,51744,3118.97,87.77,28.47,48
413952,51744,-5070.68,22.78,549.06,48
413952,51744,215.96,22.54,5.46,48
414336,51792,232.25,22.89,4.44,48
414336,51792,1614.66,86.16,138.23,48
414336,51792,-1250.54,85.66,481.25,48
414336,51792,3288.23,84.60,1.28,48
414336,51792,3509.03,87.29,8.26,48
414336,51792,2735.36,88.97,51.44,48
414336,51792,3468.19,88.65,8.67,48
414336,51792,2189.37,86.04,59.84,48
414720,51840,2403.80,87.57,57.33,48
414720,51840,2692.70,89.82,61.46,48
414720,51840,2292.20,85.94,72.69,48
414720,51840,130.85,22.85,10.31,48
414720,51840,2679.68,88.08,67.06,48
414720,51840,-334.99,22.61,25.66,48
414720,51840,-381.74,24.00,28.64,48
414720,51840,288.32,23.26,8.92,48
415104,51888,-412.08,21.96,34.35,48
415104,51888,3214.11,87.15,10.53,48
415104,51888,3519.36,84.80,1.24,48
415104,51888,3732.90,87.14,0.38,48
415104,51888,3131.09,82.99,13.79,48
415104,51888,3629.95,87.04,1.94,48
415104,51888,-1842.93,19.23,143.15,48
415104,51888,3361.13,84.72,1.94,48
415488,51936,-876.39,18.74,60.48,48
415488,51936,3281.73,86.10,3.10,48
415488,51936,3478.27,85.58,14.83,48
415488,51936,2183.07,88.57,91.17,48
415488,51936,3157.55,83.29,25.01,48
415488,51936,3516.07,84.74,0.00,48
415488,51936,3491.87,86.99,4.84,48
415488,51936,1452.90,87.14,156.89,48
415872,51984,3288.38,85.62,9.50,48
415872,51984,-1713.38,24.52,152.29,48
415872,51984,-585.95,20.60,40.60,48
415872,51984,3652.36,85.90,0.32,48
415872,51984,340.03,20.70,0.61,48
415872,51984,369.74,23.81,0.00,48
415872,51984,-298.14,21.56,41.62,48
415872,51984,3340.38,87.20,13.26,48
416256,52032,2985.47,88.67,28.85,48
416256,52032,3811.39,89.95,2.20,48
416256,52032,3247.83,85.20,10.51,48
416256,52032,3566.42,86.21,0.57,48
416256,52032,1813.39,86.17,111.04,48
416256,52032,2295.08,85.02,61.44,48
416256,52032,3861.20,89.42,4.00,48
416256,52032,-563.94,17.83,36.61,48
416640,52080,2456.48,82.42,49.51,48
416640,52080,3018.78,85.36,20.25,48
416640,52080,73.30,19.81,13.95,48
416640,52080,3532.88,86.36,0.00,48
416640,52080,3231.85,87.56,13.64,48
416640,52080,-971.71,85.24,442.16,48
416640,52080,1781.35,86.69,110.21,48
416640,52080,-2047.60,19.21,143.59,48
417024,52128,1467.63,88.63,161.04,48
417024,52128,1626.45,87.40,153.52,48
417024,52128,3696.55,88.08,0.00,48
417024,52128,2636.82,82.88,56.81,48
417024,52128,506.49,22.79,0.32,48
417024,52128,-2002.30,23.02,196.29,48
417024,52128,1579.26,82.53,103.12,48
417024,52128,1584.62,83.34,120.30,48
417408,52176,3102.49,84.67,22.13,48
417408,52176,3140.66,85.27,16.74,48
417408,52176,2924.40,87.01,27.58,48
417408,52176,-107.45,19.83,22.57,48
417408,52176,2794.61,88.22,39.05,48
417408,52176,355.26,21.18,0.00,48
417408,52176,-27.96,21.93,28.24,48
417408,52176,2672.58,84.13,24.37,48
417792,52224,3629.98,86.21,0.01,48
417792,52224,2814.01,83.68,54.66,48
417792,52224,3208.78,86.70,14.82,48
417792,52224,2462.95,85.08,54.14,48
417792,52224,3457.98,85.01,0.00,48
417792,52224,-546.15,20.67,41.23,48
417792,52224,3926.07,89.69,0.61,48
417792,52224,-778.69,21.11,38.43,48
418176,52272,76.99,22.74,11.60,48
418176,52272,244.22,19.57,0.00,48
418176,52272,3408.60,85.48,2.34,48
418176,52272,-336.10,24.85,16.96,48
418176,52272,197.09,21.35,1.00,48
418176,52272,2410.73,88.18,85.66,48
418176,52272,3056.65,86.57,10.59,48
418176,52272,3389.02,85.76,4.39,48
418560,52320,3787.84,88.51,0.58,48
418560,52320,3584.33,84.73,0.01,48
418560,52320,-402.88,21.74,40.16,48
418560,52320,3400.82,88.91,44.96,48
418560,52320,3725.56,87.61,0.00,48
418560,52320,2723.44,84.54,57.70,48
418560,52320,2916.62,87.51,24.98,48
418560,52320,139.30,22.72,9.56,48
418944,52368,-5075.68,22.85,541.88,48
418944,52368,2244.20,86.94,72.09,48
418944,52368,390.01,82.42,248.29,48
418944,52368,105.04,23.73,17.11,48
418944,52368,292.99,24.32,2.69,48
418944,52368,3571.09,84.92,0.71,48
418944,52368,30.93,18.65,0.32,48
418944,52368,150.12,19.62,0.23,48
419328,52416,1663.14,88.64,151.33,48
419328,52416,3658.17,88.55,1.71,48
419328,52416,3696.34,88.12,3.67,48
419328,52416,3470.87,84.47,0.31,48
419328,52416,-882.81,18.12,59.55,48
419328,52416,3285.57,87.08,10.15,48
419328,52416,-115.11,22.21,11.63,48
419328,52416,3229.46,84.44,12.71,48
419712,52464,165.22,21.23,2.49,48
419712,52464,976.92,84.12,209.80,48
419712,52464,-34.34,20.54,25.70,48
419712,52464,1867.28,86.01,114.54,48
419712,52464,-1027.11,19.68,65.11,48
419712,52464,-1345.96,23.25,98.97,48
419712,52464,994.31,85.88,201.58,48
419712,52464,1585.68,88.47,163.26,48
420096,52512,3447.41,86.66,5.79,48
420096,52512,1541.23,87.61,139.68,48
420096,52512,3568.60,85.81,0.43,48
420096,52512,3435.00,83.53,0.01,48
420096,52512,-884.15,23.65,73.22,48
420096,52512,3685.70,86.37,0.00,48
420096,52512,1865.56,86.17,107.33,48
420096,52512,3549.88,86.81,4.56,48
420480,52560,-1425.97,20.27,119.84,48
420480,52560,3452.38,86.72,5.14,48
420480,52560,1909.67,85.60,105.14,48
420480,52560,3098.50,88.03,13.16,48
420480,52560,-653.79,85.13,385.22,48
420480,52560,3433.52,85.86,1.56,48
420480,52560,2519.22,83.10,28.86,48
420480,52560,-1477.01,21.10,98.36,48
420864,52608,-773.93,21.35,59.27,48
420864,52608,-966.58,20.97,71.19,48
420864,52608,3574.33,87.60,9.34,48
420864,52608,1397.99,86.70,184.24,48
420864,52608,2163.79,86.91,80.01,48
420864,52608,3754.11,88.51,0.00,48
420864,52608,-1467.12,21.33,104.63,48
420864,52608,1904.68,83.90,98.79,48
421248,52656,3243.28,84.47,2.41,48
421248,52656,321.56,22.77,0.31,48
421248,52656,196.38,20.58,4.79,48
421248,52656,-963.35,21.32,64.44,48
421248,52656,3371.12,83.65,1.00,48
421248,52656,3553.60,85.68,0.60,48
421248,52656,2661.22,82.01,43.15,48
421248,52656,2224.42,86.81,81.22,48
421632,52704,3366.98,82.65,2.86,48
421632,52704,2900.80,86.35,21.70,48
421632,52704,1065.66,85.37,196.72,48
421632,52704,-1405.66,18.57,96.67,48
421632,52704,3148.42,86.62,30.31,48
421632,52704,-275.26,19.12,24.78,48
421632,52704,177.08,20.63,0.81,48
421632,52704,3383.43,84.09,3.69,48
422016,52752,1188.86,87.67,198.77,48
422016,52752,355.82,22.26,1.66,48
422016,52752,-370.58,23.24,25.31,48
422016,52752,3265.61,86.58,7.35,48
422016,52752,3343.01,83.49,1.47,48
422016,52752,-531.72,23.48,41.90,48
422016,52752,-65.06,23.80,11.30,48
422016,52752,3620.61,84.55,0.31,48
422400,52800,288.50,17.84,1.28,48
422400,52800,-24.57,19.20,4.73,48
422400,52800,1980.01,86.69,93.49,48
422400,52800,25.63,22.58,6.14,48
422400,52800,2787.48,86.63,38.59,48
422400,52800,-1779.91,22.63,136.87,48
422400,52800,2669.88,83.86,26.75,48
422400,52800,3464.40,89.32,21.02,48
422784,52848,2113.54,85.50,69.86,48
422784,52848,3891.29,90.59,4.06,48
422784,52848,3740.66,85.99,0.01,48
422784,52848,3391.70,84.75,1.44,48
422784,52848,275.13,21.73,0.83,48
422784,52848,1492.15,83.38,137.83,48
422784,52848,3527.20,87.35,1.84,48
422784,52848,3781.92,86.93,0.74,48
423168,52896,1926.51,83.04,82.42,48
423168,52896,51.47,22.39,2.39,48
423168,52896,3703.92,87.34,0.19,48
423168,52896,-1489.26,21.72,126.71,48
423168,52896,3171.71,83.44,3.87,48
423168,52896,-1591.24,20.10,112.24,48
423168,52896,3638.34,88.22,3.77,48
423168,52896,1204.16,86.61,185.47,48
423552,52944,3613.84,86.79,4.20,48
423552,52944,2542.47,88.75,64.72,48
423552,52944,1783.77,82.82,102.58,48
423552,52944,3133.59,85.85,17.47,48
423552,52944,-4689.93,21.44,496.45,48
423552,52944,-50.02,21.21,10.87,48
423552,52944,3164.19,86.41,7.34,48
423552,52944,3610.22,87.58,1.11,48
423936,52992,-283.56,20.92,13.64,48
423936,52992,2736.66,87.05,28.09,48
423936,52992,105.11,18.58,1.52,48
423936,52992,3689.69,86.72,2.39,48
423936,52992,334.34,87.22,296.13,48
423936,52992,3806.84,89.21,3.23,48
423936,52992,3658.49,87.02,1.54,48
423936,52992,-849.62,18.54,47.70,48
424320,53040,-524.26,20.59,19.87,48
424320,53040,3356.43,81.88,0.00,48
424320,53040,1110.19,86.91,191.67,48
424320,53040,-2092.90,21.12,172.33,48
424320,53040,3030.29,84.93,29.26,48
424320,53040,3516.02,85.76,0.73,48
424320,53040,138.48,87.61,322.25,48
424320,53040,-2224.52,23.16,184.95,48
424704,53088,3533.80,87.74,2.20,48
424704,53088,-515.22,21.57,43.89,48
424704,53088,2629.25,84.79,53.33,48
424704,53088,3087.63,83.49,15.81,48
424704,53088,-538.78,23.71,62.32,48
424704,53088,2542.98,87.94,54.53,48
424704,53088,1766.10,88.70,133.86,48
424704,53088,3541.56,87.90,4.35,48
425088,53136,433.13,22.46,0.00,48
425088,53136,276.38,23.15,0.01,48
425088,53136,-600.91,19.74,45.64,48
425088,53136,2989.57,86.44,10.42,48
425088,53136,2774.00,86.70,20.40,48
425088,53136,-1743.77,22.68,133.76,48
425088,53136,2012.49,85.52,84.88,48
425088,53136,2476.05,84.82,57.36,48
425472,53184,3529.15,86.79,8.92,48
425472,53184,1361.70,85.12,144.84,48
425472,53184,3496.00,85.19,6.41,48
425472,53184,217.31,18.86,0.02,48
425472,53184,-491.67,18.05,40.52,48
425472,53184,2309.60,87.33,74.23,48
425472,53184,3317.31,87.09,18.41,48
425472,53184,-1684.16,19.22,134.89,48
425856,53232,3362.99,87.33,13.90,48
425856,53232,3101.23,87.32,10.47,48
425856,53232,3021.16,85.13,6.97,48
425856,53232,23.78,19.75,2.24,48
425856,53232,3583.09,86.37,0.35,48
425856,53232,2727.95,83.98,31.83,48
425856,53232,2788.16,87.00,38.08,48
425856,53232,2479.59,85.37,52.21,48
426240,53280,3621.03,85.01,1.62,48
426240,53280,1886.10,85.18,102.18,48
426240,53280,1829.82,87.66,114.08,48
426240,53280,-1383.09,23.76,114.90,48
426240,53280,3511.44,87.97,10.28,48
426240,53280,198.48,20.25,0.00,48
426240,53280,-1816.05,25.38,172.18,48
426240,53280,3682.19,86.95,0.92,48
426624,53328,3129.92,88.28,41.52,48
426624,53328,1487.93,86.54,153.18,48
426624,53328,3639.66,85.66,0.00,48
426624,53328,-387.14,21.60,38.02,48
426624,53328,183.20,23.62,4.24,48
426624,53328,-1391.79,21.35,116.90,48
426624,53328,3810.49,88.96,0.66,48
426624,53328,2720.04,87.93,41.18,48
427008,53376,-1430.33,23.42,107.33,48
427008,53376,3470.45,85.64,1.95,48
427008,53376,3713.17,88.18,1.39,48
427008,53376,3315.89,89.75,16.23,48
427008,53376,3410.80,86.47,5.77,48
427008,53376,2972.21,84.32,17.71,48
427008,53376,3714.59,87.50,0.88,48
427008,53376,-532.80,24.22,29.47,48
427392,53424,1774.22,86.13,120.64,48
427392,53424,188.83,22.20,1.01,48
427392,53424,2730.08,84.20,39.25,48
427392,53424,137.94,21.20,3.43,48
427392,53424,3397.62,86.82,5.15,48
427392,53424,-668.64,21.91,39.54,48
427392,53424,444.44,25.52,3.96,48
427392,53424,1816.86,86.22,116.70,48
427776,53472,-995.74,22.37,59.74,48
427776,53472,1442.12,87.87,177.44,48
427776,53472,3478.67,88.50,8.23,48
427776,53472,2813.97,88.54,30.79,48
427776,53472,2676.41,86.30,50.49,48
427776,53472,354.46,22.10,0.28,48
427776,53472,-4943.50,20.74,504.66,48
427776,53472,3293.20,83.83,2.88,48
428160,53520,66.06,22.07,0.00,48
428160,53520,3471.58,86.47,0.10,48
428160,53520,-532.74,22.76,40.10,48
428160,53520,1877.92,86.93,121.01,48
428160,53520,270.56,18.94,1.17,48
428160,53520,-646.15,22.70,48.35,48
428160,53520,1117.06,86.99,209.82,48
428160,53520,-1943.62,23.25,181.94,48
428544,53568,3571.95,85.26,1.63,48
428544,53568,1488.89,85.53,142.35,48
428544,53568,341.70,20.75,0.00,48
428544,53568,3548.67,85.39,0.18,48
428544,53568,3201.41,88.52,19.77,48
428544,53568,2575.66,86.06,61.97,48
428544,53568,-39.41,89.33,364.78,48
428544,53568,3365.35,84.23,9.06,48
428928,53616,-394.02,24.93,12.63,48
428928,53616,476.41,24.09,2.53,48
428928,53616,3335.09,85.30,6.03,48
428928,53616,3416.14,85.35,2.34,48
428928,53616,171.49,19.83,0.00,48
428928,53616,356.65,23.63,2.22,48
428928,53616,-24.64,23.32,12.97,48
428928,53616,613.04,23.13,0.00,48
429312,53664,2704.72,85.57,27.69,48
429312,53664,-320.93,85.46,361.35,48
429312,53664,3021.86,87.44,32.09,48
429312,53664,317.84,22.61,0.33,48
429312,53664,-1695.72,21.75,150.11,48
429312,53664,-1049.87,22.17,78.62,48
429312,53664,241.37,25.65,8.92,48
429312,53664,346.69,22.71,0.05,48
429696,53712,3533.38,85.28,2.38,48
429696,53712,383.42,25.54,0.00,48
429696,53712,2005.75,88.35,98.64,48
429696,53712,3446.72,89.05,5.22,48
429696,53712,-508.13,21.74,38.44,48
429696,53712,3432.98,83.23,2.86,48
429696,53712,-1878.73,24.20,158.65,48
429696,53712,-1416.75,23.71,116.00,48
430080,53760,3566.87,86.32,2.75,48
430080,53760,-123.36,88.19,351.29,48
430080,53760,1693.32,87.98,137.55,48
430080,53760,3763.50,89.24,3.96,48
430080,53760,2993.97,87.25,29.38,48
430080,53760,-95.96,87.51,350.95,48
430080,53760,2793.51,87.09,32.29,48
430080,53760,3641.32,87.34,0.84,48
430464,53808,3302.86,86.60,5.14,48
430464,53808,3499.32,84.84,3.86,48
430464,53808,3591.58,87.23,4.53,48
430464,53808,2946.03,85.25,16.84,48
430464,53808,-54.66,20.67,21.35,48
430464,53808,-1715.77,20.75,146.90,48
430464,53808,3280.19,87.03,12.04,48
430464,53808,3728.42,90.28,3.78,48
430848,53856,3601.34,89.11,7.26,48
430848,53856,227.24,25.22,14.29,48
430848,53856,-4688.08,20.03,493.59,48
430848,53856,3439.89,83.95,0.00,48
430848,53856,1726.30,89.61,152.73,48
430848,53856,-1822.40,24.12,157.83,48
430848,53856,122.57,22.37,6.57,48
430848,53856,3287.56,86.05,4.27,48
431232,53904,3617.50,88.67,4.00,48
431232,53904,2858.83,85.44,45.04,48
431232,53904,372.64,21.01,0.26,48
431232,53904,3292.28,88.00,14.62,48
431232,53904,3623.88,86.62,3.67,48
431232,53904,2737.96,86.14,23.54,48
431232,53904,1824.43,84.25,104.98,48
431232,53904,-261.45,23.46,36.47,48
431616,53952,8.35,85.40,316.45,48
431616,53952,3187.67,88.46,36.02,48
431616,53952,3574.26,87.83,7.95,48
431616,53952,3620.38,86.99,1.37,48
431616,53952,44.78,21.93,14.38,48
431616,53952,3250.63,85.76,30.24,48
431616,53952,-830.24,24.93,55.23,48
431616,53952,2492.29,84.67,40.66,48
432000,54000,1397.69,85.15,148.56,48
432000,54000,3755.24,87.87,0.23,48
432000,54000,1393.25,84.82,149.67,48
432000,54000,3146.81,83.87,8.61,48
432000,54000,285.25,18.91,2.76,48
432000,54000,-516.95,21.79,22.55,48
432000,54000,-1080.88,23.56,75.52,48
432000,54000,314.46,21.05,1.39,48
432384,54048,2327.54,87.17,77.78,48
432384,54048,-403.59,22.38,33.22,48
432384,54048,-241.73,24.00,22.94,48
432384,54048,3526.98,85.52,2.73,48
432384,54048,3652.51,86.62,1.14,48
432384,54048,-1846.30,20.33,149.84,48
432384,54048,3714.36,87.81,0.32,48
432384,54048,3757.58,86.74,0.01,48
432768,54096,3880.17,89.11,0.19,48
432768,54096,2692.06,87.79,52.69,48
432768,54096,3155.43,84.09,5.17,48
432768,54096,3427.48,86.52,5.56,48
432768,54096,395.43,22.00,0.98,48
432768,54096,3591.59,88.23,2.73,48
432768,54096,2908.77,86.54,38.86,48
432768,54096,216.97,21.62,4.83,48
433152,54144,3892.58,88.94,2.16,48
433152,54144,-314.67,22.88,43.06,48
433152,54144,3616.72,86.91,0.05,48
433152,54144,2607.04,86.20,42.60,48
433152,54144,1990.32,88.04,112.99,48
433152,54144,-527.75,23.03,37.12,48
433152,54144,3109.07,88.32,29.72,48
433152,54144,1412.25,84.05,133.42,48
433536,54192,3530.25,85.10,0.00,48
433536,54192,355.97,21.11,1.15,48
433536,54192,169.12,22.96,1.90,48
433536,54192,3842.03,89.60,8.84,48
433536,54192,3635.22,85.40,0.33,48
433536,54192,1867.79,88.70,130.11,48
433536,54192,3566.66,85.50,0.00,48
433536,54192,1575.12,86.96,146.16,48
433920,54240,3542.94,88.35,12.64,48
433920,54240,-1996.52,23.47,189.76,48
433920,54240,-1463.40,84.97,489.33,48
433920,54240,92.48,22.11,3.32,48
433920,54240,3478.59,88.35,8.37,48
433920,54240,2907.99,86.06,14.28,48
433920,54240,3746.99,88.99,1.01,48
433920,54240,1278.38,86.46,193.99,48
434304,54288,-1362.00,20.30,103.58,48
434304,54288,2321.05,90.85,103.31,48
434304,54288,3758.23,87.44,1.17,48
434304,54288,-890.01,24.64,59.39,48
434304,54288,3752.46,88.70,0.00,48
434304,54288,-2108.36,21.14,194.93,48
434304,54288,1495.37,86.04,149.08,48
434304,54288,2609.17,87.36,36.77,48
434688,54336,-115.73,88.17,356.10,48
434688,54336,2206.41,87.16,83.43,48
434688,54336,2741.65,87.60,39.65,48
434688,54336,-373.80,22.66,22.94,48
434688,54336,3621.37,87.03,0.86,48
434688,54336,1816.48,83.38,108.94,48
434688,54336,462.52,27.30,0.28,48
434688,54336,243.69,22.47,5.16,48
435072,54384,3344.23,85.19,1.28,48
435072,54384,495.35,25.07,0.32,48
435072,54384,3709.75,86.95,0.00,48
435072,54384,3739.86,89.46,4.97,48
435072,54384,1455.52,85.03,136.65,48
435072,54384,1475.96,87.97,164.24,48
435072,54384,3565.75,86.37,0.58,48
435072,54384,3506.05,86.82,6.68,48
435456,54432,617.34,24.15,1.54,48
435456,54432,-489.30,21.73,31.22,48
435456,54432,3471.87,84.40,0.33,48
435456,54432,426.27,24.03,0.31,48
435456,54432,3043.79,89.69,37.07,48
435456,54432,3688.11,87.06,0.57,48
435456,54432,-3409.40,21.00,321.79,48
435456,54432,3337.46,85.20,4.06,48
435840,54480,204.40,23.60,5.00,48
435840,54480,-1793.90,22.88,155.62,48
435840,54480,1950.06,86.02,97.04,48
435840,54480,-1146.89,19.57,79.82,48
435840,54480,510.89,25.73,0.35,48
435840,54480,-428.60,25.58,24.07,48
435840,54480,3706.14,87.73,0.79,48
435840,54480,2205.70,85.57,70.30,48
436224,54528,3275.39,85.03,3.66,48
436224,54528,3617.52,86.54,3.87,48
436224,54528,3537.84,85.64,1.14,48
436224,54528,3773.11,87.65,0.05,48
436224,54528,-207.15,20.46,20.06,48
436224,54528,3291.57,88.18,23.67,48
436224,54528,-1549.50,21.69,130.38,48
436224,54528,228.44,21.96,8.96,48
436608,54576,472.25,21.70,0.00,48
436608,54576,-1273.98,84.72,466.02,48
436608,54576,-141.66,22.70,34.83,48
436608,54576,271.20,24.20,3.39,48
436608,54576,293.22,85.80,289.31,48
436608,54576,2904.29,86.02,9.59,48
436608,54576,2754.95,88.41,47.05,48
436608,54576,3558.95,86.04,0.58,48
436992,54624,43.97,20.39,13.44,48
436992,54624,2449.47,86.49,62.47,48
436992,54624,94.03,23.62,15.30,48
436992,54624,299.03,23.25,4.10,48
436992,54624,416.25,23.52,1.49,48
436992,54624,3702.64,89.10,0.81,48
436992,54624,-828.23,17.01,34.87,48
436992,54624,-598.81,21.98,28.72,48
437376,54672,3536.43,85.98,0.31,48
437376,54672,146.23,18.82,0.00,48
437376,54672,2520.21,87.47,41.41,48
437376,54672,-1280.52,20.62,101.36,48
437376,54672,2103.69,84.72,68.19,48
437376,54672,2822.29,86.09,50.26,48
437376,54672,2767.65,86.30,45.32,48
437376,54672,2730.33,87.69,50.76,48
437760,54720,3530.28,86.38,0.19,48
437760,54720,2959.43,83.84,14.12,48
437760,54720,388.03,21.43,6.82,48
437760,54720,3694.83,87.24,0.05,48
437760,54720,2465.33,83.70,43.82,48
437760,54720,-766.22,22.86,48.22,48
437760,54720,3335.16,84.16,0.72,48
437760,54720,3616.60,90.30,12.28,48
438144,54768,1859.56,85.06,98.54,48
438144,54768,3131.55,87.04,18.76,48
438144,54768,3593.67,86.04,3.09,48
438144,54768,2070.48,84.81,76.33,48
438144,54768,3733.36,87.92,1.25,48
438144,54768,-156.17,21.97,21.60,48
438144,54768,-39.00,25.46,15.82,48
438144,54768,2966.16,87.13,34.28,48
438528,54816,353.98,23.28,0.38,48
438528,54816,3800.52,88.29,0.88,48
438528,54816,82.75,86.91,312.89,48
438528,54816,-1376.17,19.49,98.94,48
438528,54816,201.05,23.72,0.26,48
438528,54816,1977.48,86.79,102.49,48
438528,54816,3484.22,85.68,1.24,48
438528,54816,3673.08,86.18,0.00,48
438912,54864,3490.64,86.83,4.92,48
438912,54864,3592.95,85.72,0.58,48
438912,54864,206.89,88.81,328.96,48
438912,54864,3267.05,86.14,22.62,48
438912,54864,-58.89,22.23,18.42,48
438912,54864,3503.63,86.62,3.00,48
438912,54864,290.93,23.81,1.53,48
438912,54864,3271.10,84.53,5.40,48
439296,54912,374.37,23.32,3.27,48
439296,54912,2537.08,86.27,47.00,48
439296,54912,3736.96,89.00,4.16,48
439296,54912,486.80,21.86,1.17,48
439296,54912,3421.35,83.37,0.66,48
439296,54912,2426.56,87.46,81.00,48
439296,54912,3676.47,86.95,0.00,48
439296,54912,2963.17,87.48,8.88,48
439680,54960,2216.16,87.84,84.45,48
439680,54960,1956.93,88.58,114.60,48
439680,54960,2512.55,86.29,43.30,48
439680,54960,1848.71,86.95,124.27,48
439680,54960,-1478.22,19.26,101.61,48
439680,54960,163.45,21.15,1.18,48
439680,54960,1842.90,87.01,131.68,48
439680,54960,3591.14,86.58,0.00,48
440064,55008,-1407.51,20.15,94.22,48
440064,55008,2009.04,86.10,87.32,48
440064,55008,2992.85,86.43,26.20,48
440064,55008,3206.95,85.42,6.70,48
440064,55008,3391.97,86.76,2.44,48
440064,55008,1862.52,86.78,111.70,48
440064,55008,-946.04,20.42,60.48,48
440064,55008,3691.36,87.01,0.00,48
440448,55056,-242.83,19.05,11.30,48
440448,55056,3521.84,87.41,3.74,48
440448,55056,-920.38,23.94,74.31,48
440448,55056,2720.05,87.36,33.40,48
440448,55056,231.66,21.86,5.31,48
440448,55056,3337.22,85.97,17.96,48
440448,55056,3573.46,86.78,1.46,48
440448,55056,-2389.61,90.11,633.27,48
440832,55104,-800.45,23.63,39.27,48
440832,55104,-16.33,84.94,329.23,48
440832,55104,1698.41,87.20,126.88,48
440832,55104,333.77,21.10,4.00,48
440832,55104,-17.32,23.77,17.03,48
440832,55104,440.12,21.44,0.27,48
440832,55104,-1762.54,21.04,152.53,48
440832,55104,3399.19,84.94,1.03,48
441216,55152,2275.05,84.09,65.64,48
441216,55152,2880.42,87.59,26.30,48
441216,55152,2407.90,87.52,54.97,48
441216,55152,-1225.65,20.01,98.26,48
441216,55152,3737.60,87.77,6.66,48
441216,55152,-1583.53,22.54,136.36,48
441216,55152,2411.01,88.05,60.07,48
441216,55152,2753.10,89.30,45.38,48
441600,55200,1449.00,85.35,141.98,48
441600,55200,-215.13,23.73,22.20,48
441600,55200,-2055.71,23.24,187.27,48
441600,55200,-907.28,21.09,79.96,48
441600,55200,2830.54,86.76,45.66,48
441600,55200,1461.94,84.73,144.84,48
441600,55200,3228.89,87.77,30.39,48
441600,55200,-989.25,24.41,67.85,48
441984,55248,-68.89,20.97,18.53,48
441984,55248,246.86,21.00,0.78,48
441984,55248,2421.74,85.39,42.02,48
441984,55248,2837.69,88.05,53.48,48
441984,55248,3001.21,86.53,30.11,48
441984,55248,2692.75,89.80,48.15,48
441984,55248,2957.23,89.67,33.13,48
441984,55248,3464.05,87.28,7.62,48
442368,55296,104.71,21.57,8.46,48
442368,55296,1480.00,86.38,164.78,48
442368,55296,3854.37,88.46,0.61,48
442368,55296,3631.02,88.22,5.65,48
442368,55296,3708.12,86.95,0.00,48
442368,55296,3528.89,85.70,1.02,48
442368,55296,2623.09,85.33,36.24,48
442368,55296,-474.16,25.47,30.72,48
442752,55344,-1164.30,86.72,471.89,48
442752,55344,201.82,21.82,2.04,48
442752,55344,3319.37,84.79,2.51,48
442752,55344,-419.31,19.95,23.59,48
442752,55344,1404.06,83.54,133.30,48
442752,55344,3594.22,87.01,0.81,48
442752,55344,2375.81,88.62,71.09,48
442752,55344,3201.89,88.45,10.83,48
443136,55392,-760.90,25.58,70.52,48
443136,55392,1511.98,88.63,158.69,48
443136,55392,2914.05,85.83,33.58,48
443136,55392,-962.10,23.47,68.88,48
443136,55392,2274.57,87.74,68.70,48
443136,55392,1783.45,84.43,106.80,48
443136,55392,-302.44,20.87,13.46,48
443136,55392,-1521.27,24.24,140.70,48
443520,55440,-771.40,23.93,50.39,48
443520,55440,3049.19,86.02,30.78,48
443520,55440,3612.79,86.95,1.00,48
443520,55440,3091.51,86.35,17.27,48
443520,55440,-1175.92,25.24,78.46,48
443520,55440,3593.52,87.99,8.05,48
443520,55440,331.10,19.62,0.18,48
443520,55440,2484.74,87.38,56.33,48
443904,55488,-2260.04,21.73,195.79,48
443904,55488,151.40,24.03,9.75,48
443904,55488,2676.42,87.59,37.39,48
443904,55488,-564.29,21.19,31.30,48
443904,55488,244.76,20.63,1.00,48
443904,55488,3268.32,85.93,11.90,48
443904,55488,442.12,22.47,0.00,48
443904,55488,-1692.73,23.09,140.11,48
444288,55536,-444.51,24.14,24.82,48
444288,55536,3284.81,85.35,8.89,48
444288,55536,-832.92,24.13,47.88,48
444288,55536,3325.11,84.49,2.73,48
444288,55536,3784.29,88.64,0.68,48
444288,55536,3680.20,88.92,0.81,48
444288,55536,3615.01,85.59,0.00,48
444288,55536,-1765.05,22.29,142.95,48
444672,55584,3453.88,87.81,11.58,48
444672,55584,-1722.83,84.96,521.09,48
444672,55584,366.05,20.73,0.00,48
444672,55584,3704.95,88.39,7.32,48
444672,55584,3168.65,87.31,9.27,48
444672,55584,147.56,22.38,0.00,48
444672,55584,2178.11,84.76,66.06,48
444672,55584,3690.68,88.09,0.51,48
445056,55632,1774.17,86.25,112.85,48
445056,55632,2465.05,88.85,57.70,48
445056,55632,3299.56,84.98,5.13,48
445056,55632,-243.78,27.92,34.50,48
445056,55632,3663.43,87.29,1.83,48
445056,55632,-654.53,19.84,29.59,48
445056,55632,-463.86,21.24,37.74,48
445056,55632,453.43,88.39,304.80,48
445440,55680,-564.13,25.06,45.36,48
445440,55680,2666.21,87.44,36.64,48
445440,55680,3668.71,88.00,6.60,48
445440,55680,3620.97,86.86,0.00,48
445440,55680,3465.07,87.42,6.13,48
445440,55680,-1420.33,20.28,118.35,48
445440,55680,2250.01,86.39,91.16,48
445440,55680,3708.67,87.35,0.10,48
445824,55728,391.24,23.39,7.38,48
445824,55728,3592.13,87.91,0.57,48
445824,55728,-1383.31,22.46,109.26,48
445824,55728,430.97,25.11,1.52,48
445824,55728,3249.60,87.75,24.95,48
445824,55728,225.18,19.81,1.54,48
445824,55728,-285.06,23.99,34.43,48
445824,55728,-1043.79,22.24,63.77,48
446208,55776,-1393.33,21.75,117.58,48
446208,55776,3448.52,87.44,12.71,48
446208,55776,3240.66,86.95,23.92,48
446208,55776,3400.06,84.72,0.86,48
446208,55776,3678.69,86.23,1.22,48
446208,55776,3441.14,84.42,3.67,48
446208,55776,3013.18,85.12,32.52,48
446208,55776,3484.67,88.67,9.70,48
446592,55824,1823.01,88.97,126.41,48
446592,55824,2673.32,86.12,23.49,48
446592,55824,369.84,24.33,0.05,48
446592,55824,3567.02,86.77,3.41,48
446592,55824,1901.96,84.19,85.80,48
446592,55824,3550.53,86.61,6.32,48
446592,55824,2336.02,85.57,69.21,48
446592,55824,3164.82,89.17,15.55,48
446976,55872,-5.25,19.23,16.50,48
446976,55872,2509.76,87.45,51.48,48
446976,55872,354.48,22.98,2.39,48
446976,55872,3366.32,88.36,8.19,48
446976,55872,58.73,22.27,0.61,48
446976,55872,3880.28,89.66,0.90,48
446976,55872,1712.09,86.58,134.99,48
446976,55872,268.55,22.31,4.55,48
447360,55920,3033.94,86.29,17.21,48
447360,55920,3304.60,86.96,27.98,48
447360,55920,3400.53,86.11,3.91,48
447360,55920,3325.52,86.70,8.91,48
447360,55920,1259.54,87.48,188.55,48
447360,55920,3031.11,85.17,10.38,48
447360,55920,400.33,23.74,0.34,48
447360,55920,-693.67,20.55,52.54,48
447744,55968,2845.68,87.22,23.87,48
447744,55968,3591.61,85.90,0.00,48
447744,55968,3811.12,88.61,0.39,48
447744,55968,3742.10,87.41,1.34,48
447744,55968,3067.35,87.42,28.62,48
447744,55968,494.13,22.77,0.02,48
447744,55968,-1407.78,87.12,502.20,48
447744,55968,1553.60,89.08,164.50,48
448128,56016,-1448.05,21.48,97.98,48
448128,56016,-1533.89,21.78,134.96,48
448128,56016,-1050.48,24.85,78.26,48
448128,56016,2894.38,88.01,26.72,48
448128,56016,3388.77,87.57,12.29,48
448128,56016,2994.39,85.11,25.85,48
448128,56016,532.32,24.67,0.00,48
448128,56016,3579.73,84.80,0.72,48
448512,56064,2065.74,88.17,92.30,48
448512,56064,3709.60,87.13,0.00,48
448512,56064,369.71,23.90,0.00,48
448512,56064,-1337.26,20.63,106.71,48
448512,56064,3171.98,84.45,9.99,48
448512,56064,3681.63,87.25,1.46,48
448512,56064,-399.46,22.17,22.19,48
448512,56064,223.91,23.22,0.72,48
448896,56112,2015.20,88.98,118.02,48
448896,56112,3474.37,85.49,3.36,48
448896,56112,3499.65,88.96,6.71,48
448896,56112,107.26,23.34,2.90,48
448896,56112,3543.12,85.29,0.38,48
448896,56112,3713.79,87.40,0.00,48
448896,56112,3352.21,86.08,5.43,48
448896,56112,3250.78,87.64,8.38,48
449280,56160,2812.14,86.24,24.15,48
449280,56160,412.73,23.08,2.92,48
449280,56160,-557.50,19.83,21.83,48
449280,56160,3482.35,87.06,8.19,48
449280,56160,-159.95,22.38,30.87,48
449280,56160,3752.10,88.90,5.25,48
449280,56160,-1590.15,21.89,127.19,48
449280,56160,2598.83,85.53,40.27,48
449664,56208,92.40,19.87,10.34,48
449664,56208,3483.89,87.39,0.37,48
449664,56208,461.96,22.94,0.18,48
449664,56208,3110.44,85.98,9.73,48
449664,56208,349.52,24.25,0.00,48
449664,56208,-582.91,23.12,47.52,48
449664,56208,1247.13,89.44,197.62,48
449664,56208,3444.55,85.60,17.42,48
450048,56256,419.19,23.25,1.24,48
450048,56256,509.21,25.79,0.74,48
450048,56256,143.22,24.07,3.45,48
450048,56256,3538.17,86.76,1.01,48
450048,56256,-1598.63,21.44,140.08,48
450048,56256,2271.15,88.12,89.62,48
450048,56256,-1092.40,20.90,67.23,48
450048,56256,3690.88,89.82,12.26,48
450432,56304,3122.06,85.94,40.28,48
450432,56304,1266.91,88.87,185.78,48
450432,56304,3510.58,85.82,1.96,48
450432,56304,-159.97,22.54,23.68,48
450432,56304,-979.15,22.25,69.18,48
450432,56304,296.86,20.99,0.48,48
450432,56304,2630.12,85.70,32.34,48
450432,56304,3758.78,87.57,0.00,48
450816,56352,3180.84,87.83,29.76,48
450816,56352,3681.92,86.68,0.62,48
450816,56352,3748.23,87.04,0.00,48
450816,56352,2837.11,87.16,45.50,48
450816,56352,3080.80,84.97,18.11,48
450816,56352,3572.58,87.03,3.35,48
450816,56352,3501.66,85.59,0.00,48
450816,56352,373.34,20.40,0.90,48
451200,56400,2934.80,86.52,26.72,48
451200,56400,1566.24,85.47,130.95,48
451200,56400,-1715.55,24.88,156.00,48
451200,56400,3629.63,88.98,11.35,48
451200,56400,401.50,24.21,0.10,48
451200,56400,-3330.02,22.24,342.45,48
451200,56400,3829.24,89.95,1.96,48
451200,56400,1111.64,87.38,208.67,48
451584,56448,-664.82,22.24,49.53,48
451584,56448,-193.67,21.25,29.44,48
451584,56448,3248.44,86.98,7.94,48
451584,56448,3575.63,86.73,3.77,48
451584,56448,3830.70,90.07,0.61,48
451584,56448,-216.01,24.88,49.82,48
451584,56448,3246.08,87.48,22.93,48
451584,56448,3446.05,86.44,23.33,48
451968,56496,323.88,20.81,2.26,48
451968,56496,972.52,85.66,206.13,48
451968,56496,3655.05,87.72,4.93,48
451968,56496,2604.47,84.44,41.90,48
451968,56496,3780.82,87.87,0.61,48
451968,56496,2115.29,84.33,76.18,48
451968,56496,-265.77,22.35,21.78,48
451968,56496,-763.37,25.67,65.37,48
452352,56544,418.40,24.29,0.00,48
452352,56544,1408.66,84.61,153.42,48
452352,56544,-1726.45,21.53,151.82,48
452352,56544,3805.28,88.06,0.00,48
452352,56544,2760.49,87.10,54.24,48
452352,56544,1676.39,86.10,129.99,48
452352,56544,3247.29,84.69,13.40,48
452352,56544,3211.13,86.11,17.18,48
452736,56592,3316.42,87.18,8.07,48
452736,56592,3735.87,88.32,1.49,48
452736,56592,-1147.29,19.99,77.74,48
452736,56592,3370.07,88.18,15.96,48
452736,56592,-1654.58,22.21,170.10,48
452736,56592,491.86,21.45,1.01,48
452736,56592,332.25,20.19,0.00,48
452736,56592,1798.03,84.13,115.30,48
453120,56640,2899.50,86.32,25.16,48
453120,56640,1300.66,83.88,164.12,48
453120,56640,-1524.65,21.86,119.13,48
453120,56640,-799.08,19.89,59.97,48
453120,56640,3538.48,89.96,3.79,48
453120,56640,3031.36,86.53,37.71,48
453120,56640,3573.31,87.43,0.19,48
453120,56640,-35.96,22.55,32.20,48
453504,56688,3689.14,88.21,0.39,48
453504,56688,3643.19,86.61,1.01,48
453504,56688,3185.38,85.43,10.55,48
453504,56688,3322.47,88.48,12.58,48
453504,56688,2151.07,86.52,95.89,48
453504,56688,-3422.99,22.63,349.34,48
453504,56688,3268.63,88.89,28.23,48
453504,56688,-960.76,21.37,82.79,48
453888,56736,3280.29,84.72,13.14,48
453888,56736,-1369.04,85.17,474.76,48
453888,56736,-514.37,22.12,38.58,48
453888,56736,3599.09,84.99,1.34,48
453888,56736,2233.45,84.39,69.63,48
453888,56736,3430.74,86.69,2.65,48
453888,56736,419.12,21.22,0.00,48
453888,56736,2833.99,87.34,19.51,48
454272,56784,-526.17,19.55,39.68,48
454272,56784,-1328.60,20.65,106.42,48
454272,56784,-543.51,20.57,41.91,48
454272,56784,3491.61,85.74,0.43,48
454272,56784,3261.78,84.27,6.59,48
454272,56784,2317.53,85.80,63.73,48
454272,56784,155.39,22.30,1.64,48
454272,56784,3163.27,85.51,14.50,48
454656,56832,1948.83,83.20,76.79,48
454656,56832,-166.83,24.28,37.83,48
454656,56832,341.99,23.64,2.23,48
454656,56832,-178.07,20.89,13.36,48
454656,56832,3071.81,86.35,12.84,48
454656,56832,283.26,23.07,6.28,48
454656,56832,2135.50,88.01,90.72,48
454656,56832,-9.56,20.19,17.56,48
455040,56880,3719.00,87.76,2.94,48
455040,56880,285.69,23.36,0.43,48
455040,56880,3708.90,87.57,1.21,48
455040,56880,3697.39,87.10,0.57,48
455040,56880,-783.02,24.53,58.64,48
455040,56880,-2426.67,23.92,220.23,48
455040,56880,2063.34,87.75,88.83,48
455040,56880,-708.14,21.24,41.74,48
455424,56928,3117.51,86.28,6.69,48
455424,56928,180.62,22.01,8.61,48
455424,56928,1692.49,85.54,130.28,48
455424,56928,-426.13,24.12,54.86,48
455424,56928,-4334.58,19.15,445.97,48
455424,56928,-718.17,20.50,54.08,48
455424,56928,3075.44,87.52,28.00,48
455424,56928,3666.44,87.73,0.26,48
455808,56976,1251.03,83.96,154.99,48
455808,56976,1225.20,85.61,169.73,48
455808,56976,2913.87,85.48,13.54,48
455808,56976,3565.93,84.88,0.00,48
455808,56976,3454.24,86.58,2.22,48
455808,56976,3597.51,86.72,0.31,48
455808,56976,-1666.29,21.73,137.33,48
455808,56976,-640.76,21.88,26.61,48
456192,57024,-627.48,21.88,24.62,48
456192,57024,1894.29,87.90,104.87,48
456192,57024,383.01,24.42,7.38,48
456192,57024,3077.05,87.93,26.08,48
456192,57024,2603.20,88.68,50.21,48
456192,57024,2790.96,86.10,34.44,48
456192,57024,3037.75,84.24,33.92,48
456192,57024,-8.48,21.43,6.30,48
456576,57072,2365.95,85.01,58.15,48
456576,57072,3056.05,86.68,45.31,48
456576,57072,2649.68,86.48,42.65,48
456576,57072,-535.92,24.98,63.07,48
456576,57072,3669.86,85.89,0.00,48
456576,57072,262.94,23.16,1.43,48
456576,57072,3563.53,87.31,1.56,48
456576,57072,6.46,22.95,15.93,48
456960,57120,3502.35,86.38,1.63,48
456960,57120,3398.63,86.77,6.08,48
456960,57120,1828.01,84.77,98.05,48
456960,57120,-875.20,21.74,52.32,48
456960,57120,2633.10,87.70,40.31,48
456960,57120,1565.50,88.12,162.79,48
456960,57120,3076.81,86.44,20.20,48
456960,57120,2935.86,88.23,35.05,48
457344,57168,3606.27,87.54,3.27,48
457344,57168,3567.19,87.90,1.16,48
457344,57168,-1066.19,21.24,82.94,48
457344,57168,300.91,20.84,0.66,48
457344,57168,1786.83,86.11,109.69,48
457344,57168,3502.43,87.59,1.99,48
457344,57168,3779.32,89.05,0.00,48
457344,57168,3776.97,87.84,0.84,48
457728,57216,1721.20,85.21,105.56,48
457728,57216,3747.68,88.36,0.02,48
457728,57216,158.25,18.88,0.58,48
457728,57216,2438.10,87.47,56.54,48
457728,57216,3846.10,89.27,3.82,48
457728,57216,3093.82,85.58,10.22,48
457728,57216,3336.86,87.37,14.54,48
457728,57216,3574.36,86.32,5.71,48
458112,57264,173.95,22.98,11.64,48
458112,57264,264.36,21.39,0.61,48
458112,57264,1934.04,89.16,124.16,48
458112,57264,3652.58,87.77,0.61,48
458112,57264,3424.35,85.47,0.00,48
458112,57264,2750.32,85.21,22.70,48
458112,57264,3567.42,85.48,0.65,48
458112,57264,-817.92,24.74,48.92,48
458496,57312,3668.80,85.62,0.01,48
458496,57312,630.59,22.24,0.00,48
458496,57312,2785.80,86.67,18.83,48
458496,57312,3003.66,86.91,36.36,48
458496,57312,-248.51,19.53,20.67,48
458496,57312,-588.78,24.29,51.93,48
458496,57312,3081.04,88.71,46.40,48
458496,57312,-2077.74,21.89,174.37,48
458880,57360,2513.01,89.38,63.22,48
458880,57360,1768.60,85.29,114.86,48
458880,57360,2442.06,87.92,72.97,48
458880,57360,-197.20,21.57,25.72,48
458880,57360,3259.75,85.81,13.67,48
458880,57360,3458.99,86.74,14.07,48
458880,57360,300.49,22.61,8.93,48
458880,57360,165.57,22.44,30.84,48
459264,57408,3019.50,84.66,28.32,48
459264,57408,1954.91,89.04,129.26,48
459264,57408,3918.64,91.00,0.61,48
459264,57408,271.84,23.66,9.39,48
459264,57408,1607.34,86.19,150.86,48
459264,57408,2679.42,85.22,42.79,48
459264,57408,3727.78,87.26,1.29,48
459264,57408,-1014.27,21.87,75.80,48
459648,57456,3583.71,84.61,1.28,48
459648,57456,2201.22,87.37,81.23,48
459648,57456,-613.75,19.27,41.17,48
459648,57456,3251.53,84.48,5.76,48
459648,57456,1298.97,88.17,185.04,48
459648,57456,3506.58,85.89,2.25,48
459648,57456,-4284.01,19.78,437.55,48
459648,57456,3949.35,89.88,0.72,48
460032,57504,2616.63,86.70,36.52,48
460032,57504,-5059.19,23.28,564.13,48
460032,57504,3704.83,87.76,0.05,48
460032,57504,3610.25,86.10,0.60,48
460032,57504,3385.60,87.16,5.97,48
460032,57504,3668.04,88.37,1.00,48
460032,57504,3851.34,90.07,0.48,48
460032,57504,3688.62,86.58,0.00,48
460416,57552,283.75,19.77,0.76,48
460416,57552,3233.73,87.02,17.78,48
460416,57552,3060.40,87.68,18.79,48
460416,57552,2244.12,86.44,87.32,48
460416,57552,2783.52,86.49,38.11,48
460416,57552,410.37,23.11,1.42,48
460416,57552,3361.46,88.98,13.09,48
460416,57552,1327.18,87.50,188.18,48
460800,57600,2621.38,86.44,27.42,48
460800,57600,-2453.39,24.16,226.13,48
460800,57600,3473.86,87.57,9.20,48
460800,57600,3771.44,86.35,0.00,48
460800,57600,2638.55,87.22,68.93,48
460800,57600,3635.36,88.94,1.24,48
460800,57600,3630.50,88.54,2.18,48
460800,57600,3212.33,88.59,21.31,48
461184,57648,3661.27,86.83,1.70,48
461184,57648,3075.65,85.27,11.22,48
461184,57648,3533.43,84.62,1.01,48
461184,57648,137.28,22.57,2.45,48
461184,57648,1509.25,85.17,145.08,48
461184,57648,2856.81,87.53,22.94,48
461184,57648,186.80,24.98,12.10,48
461184,57648,-3049.43,18.85,287.11,48
461568,57696,2600.25,88.18,56.29,48
461568,57696,2397.91,85.59,54.13,48
461568,57696,3762.02,87.12,0.00,48
461568,57696,3532.13,87.23,7.70,48
461568,57696,1548.59,85.65,139.65,48
461568,57696,2559.45,88.00,62.27,48
461568,57696,3379.54,83.87,0.10,48
461568,57696,3881.84,89.24,0.26,48
461952,57744,156.56,23.29,15.29,48
461952,57744,3428.04,88.28,18.16,48
461952,57744,-646.43,20.44,27.87,48
461952,57744,183.19,22.18,5.36,48
461952,57744,2313.48,88.37,73.30,48
461952,57744,-1607.84,89.01,556.11,48
461952,57744,3444.05,86.02,8.55,48
461952,57744,129.10,21.79,13.17,48
462336,57792,3505.47,87.43,7.13,48
462336,57792,2664.87,87.49,30.59,48
462336,57792,3522.76,85.87,5.46,48
462336,57792,-1294.13,24.44,117.41,48
462336,57792,-1590.68,20.76,124.87,48
462336,57792,3614.18,86.63,0.00,48
462336,57792,1407.47,83.39,137.31,48
462336,57792,8.06,85.85,313.26,48
462720,57840,3657.36,86.40,0.47,48
462720,57840,3522.07,86.96,6.55,48
462720,57840,2601.87,86.70,30.29,48
462720,57840,-117.14,85.01,333.77,48
462720,57840,1326.20,88.22,183.42,48
462720,57840,520.14,25.62,2.48,48
462720,57840,384.90,22.29,0.50,48
462720,57840,1567.10,87.10,153.17,48
463104,57888,244.35,20.56,5.74,48
463104,57888,1846.48,88.93,128.64,48
463104,57888,-911.71,24.21,81.32,48
463104,57888,3412.09,85.79,1.73,48
463104,57888,-1824.76,22.45,165.35,48
463104,57888,-670.25,24.11,50.55,48
463104,57888,155.20,21.19,1.14,48
463104,57888,224.28,24.09,5.45,48
463488,57936,-265.90,23.57,18.15,48
463488,57936,3575.10,88.03,16.62,48
463488,57936,2616.36,85.46,46.15,48
463488,57936,3698.08,86.28,2.20,48
463488,57936,-223.76,22.12,23.76,48
463488,57936,296.87,20.62,1.22,48
463488,57936,-798.42,23.03,49.71,48
463488,57936,3274.73,88.29,11.64,48
463872,57984,3536.46,85.07,0.54,48
463872,57984,1493.89,87.59,150.39,48
463872,57984,3477.95,84.50,0.00,48
463872,57984,3503.17,86.97,11.89,48
463872,57984,326.23,20.81,1.94,48
463872,57984,509.85,23.93,0.18,48
463872,57984,3708.18,86.68,0.00,48
463872,57984,4.23,86.54,331.05,48
464256,58032,3161.93,88.59,32.55,48
464256,58032,361.40,23.23,3.24,48
464256,58032,1870.74,85.11,96.55,48
464256,58032,3608.42,87.21,1.44,48
464256,58032,2634.80,86.79,36.01,48
464256,58032,2056.63,86.00,95.62,48
464256,58032,-1473.37,20.18,114.09,48
464256,58032,3721.01,88.07,0.38,48
464640,58080,264.67,21.16,2.34,48
464640,58080,-1383.07,22.30,137.04,48
464640,58080,-1692.86,25.19,151.52,48
464640,58080,3067.84,86.98,35.20,48
464640,58080,181.04,23.86,15.10,48
464640,58080,1908.77,86.84,105.49,48
464640,58080,3468.77,87.78,21.17,48
464640,58080,3146.12,87.55,28.18,48
465024,58128,3561.78,87.08,2.13,48
465024,58128,-143.32,20.91,20.22,48
465024,58128,3658.48,86.31,0.38,48
465024,58128,141.05,21.28,1.76,48
465024,58128,3134.92,88.49,20.34,48
465024,58128,3733.48,90.12,5.18,48
465024,58128,3905.85,87.51,1.24,48
465024,58128,3051.78,88.23,15.69,48
465408,58176,-4.85,22.61,13.29,48
465408,58176,3565.80,87.11,3.66,48
465408,58176,144.22,19.10,1.30,48
465408,58176,2579.46,86.70,43.18,48
465408,58176,-1841.46,21.66,163.10,48
465408,58176,2858.26,86.77,32.75,48
465408,58176,3482.15,88.68,6.31,48
465408,58176,3730.24,88.99,2.16,48
465792,58224,3280.57,87.51,24.59,48
465792,58224,1594.82,87.19,148.02,48
465792,58224,-50.03,23.30,19.10,48
465792,58224,101.86,22.45,0.00,48
465792,58224,2348.49,86.47,58.48,48
465792,58224,3618.70,86.82,0.72,48
465792,58224,3691.68,85.92,0.00,48
465792,58224,3201.83,85.14,9.90,48
466176,58272,3333.42,86.24,11.73,48
466176,58272,489.12,23.55,0.00,48
466176,58272,-2035.81,20.30,172.71,48
466176,58272,188.75,24.83,10.39,48
466176,58272,3588.83,86.96,0.61,48
466176,58272,-819.02,20.97,47.76,48
466176,58272,-128.08,25.44,30.38,48
466176,58272,3643.30,86.23,0.43,48
466560,58320,3549.87,86.69,0.59,48
466560,58320,3701.75,88.14,0.05,48
466560,58320,2803.72,88.41,38.09,48
466560,58320,355.83,22.95,2.82,48
466560,58320,-1478.26,22.05,149.35,48
466560,58320,417.29,23.20,0.01,48
466560,58320,3625.28,86.43,0.00,48
466560,58320,2831.75,85.77,28.50,48
466944,58368,213.16,21.49,0.00,48
466944,58368,395.00,21.52,0.31,48
466944,58368,22.80,23.83,20.12,48
466944,58368,2724.77,87.01,56.57,48
466944,58368,2520.46,88.72,49.79,48
466944,58368,3113.90,86.51,17.54,48
466944,58368,212.10,23.03,16.94,48
466944,58368,1852.29,88.99,131.23,48
467328,58416,2200.28,88.52,87.68,48
467328,58416,3402.00,87.47,6.11,48
467328,58416,3549.97,85.51,1.24,48
467328,58416,3890.48,90.00,0.00,48
467328,58416,1858.62,88.78,139.97,48
467328,58416,3023.33,86.44,11.88,48
467328,58416,3713.83,86.74,0.35,48
467328,58416,1584.48,89.10,161.36,48
467712,58464,211.15,24.40,9.07,48
467712,58464,3659.70,86.16,0.28,48
467712,58464,-46.27,23.57,34.02,48
467712,58464,2065.16,86.34,99.20,48
467712,58464,3895.78,89.72,0.25,48
467712,58464,3572.14,88.50,4.35,48
467712,58464,47.91,21.36,7.08,48
467712,58464,1897.78,85.93,120.81,48
468096,58512,315.39,23.51,2.60,48
468096,58512,-1758.99,24.41,165.04,48
468096,58512,2869.62,88.10,36.27,48
468096,58512,-814.80,22.01,53.89,48
468096,58512,2747.17,85.62,20.03,48
468096,58512,3659.09,85.49,0.62,48
468096,58512,3511.65,87.12,0.65,48
468096,58512,1865.70,87.96,131.03,48
468480,58560,3276.52,89.39,37.95,48
468480,58560,-80.58,23.64,6.45,48
468480,58560,2238.90,88.45,82.90,48
468480,58560,2839.61,83.82,19.70,48
468480,58560,1951.49,88.99,125.60,48
468480,58560,206.37,22.93,1.70,48
468480,58560,3618.87,84.94,0.47,48
468480,58560,2790.62,86.90,44.51,48
468864,58608,3673.84,86.76,0.57,48
468864,58608,-1007.88,88.94,480.15,48
468864,58608,-1529.41,22.65,128.20,48
468864,58608,419.33,23.96,0.00,48
468864,58608,2532.16,85.67,39.02,48
468864,58608,535.93,24.63,0.00,48
468864,58608,2641.80,85.80,33.06,48
468864,58608,3747.29,88.51,0.81,48
469248,58656,3868.66,88.93,0.00,48
469248,58656,2253.22,85.07,52.24,48
469248,58656,2444.10,87.93,65.69,48
469248,58656,2556.84,85.30,29.67,48
469248,58656,3622.62,86.55,1.85,48
469248,58656,3702.25,89.27,3.59,48
469248,58656,516.49,85.56,257.64,48
469248,58656,3350.40,86.24,2.38,48
469632,58704,3667.56,85.79,0.66,48
469632,58704,116.91,21.86,2.29,48
469632,58704,3912.44,90.57,0.74,48
469632,58704,3635.56,89.84,7.78,48
469632,58704,2383.41,85.69,47.43,48
469632,58704,3312.94,87.25,26.76,48
469632,58704,3297.29,86.41,13.48,48
469632,58704,3788.55,86.93,1.49,48
470016,58752,440.34,24.53,0.00,48
470016,58752,2502.93,88.92,54.53,48
470016,58752,-1824.70,24.64,168.36,48
470016,58752,218.96,22.77,1.73,48
470016,58752,-1739.49,24.15,142.63,48
470016,58752,1486.60,86.53,156.75,48
470016,58752,-1672.28,20.55,141.98,48
470016,58752,349.60,21.39,2.76,48
470400,58800,1438.48,85.78,154.38,48
470400,58800,2583.87,85.75,47.93,48
470400,58800,2792.86,86.32,39.61,48
470400,58800,-127.66,24.46,18.99,48
470400,58800,3832.90,89.26,0.78,48
470400,58800,-512.76,23.73,40.98,48
470400,58800,3777.63,88.65,0.62,48
470400,58800,3744.83,86.77,0.39,48
470784,58848,3090.12,91.06,48.57,48
470784,58848,381.43,24.90,0.26,48
470784,58848,344.91,23.73,4.18,48
470784,58848,3203.18,85.22,17.16,48
470784,58848,2150.12,86.74,85.35,48
470784,58848,2814.40,89.89,50.17,48
470784,58848,3306.88,86.54,6.10,48
470784,58848,-1508.79,22.46,129.77,48
471168,58896,2625.24,84.34,38.53,48
471168,58896,2849.31,86.55,26.12,48
471168,58896,369.76,24.86,0.56,48
471168,58896,2736.38,86.24,32.36,48
471168,58896,393.68,24.92,0.47,48
471168,58896,2051.71,85.51,86.06,48
471168,58896,3662.00,87.41,0.81,48
471168,58896,-2091.90,22.33,197.15,48
471552,58944,450.95,23.16,0.38,48
471552,58944,281.30,22.36,3.50,48
471552,58944,3811.32,88.75,0.31,48
471552,58944,135.92,23.73,11.34,48
471552,58944,138.71,19.09,5.97,48
471552,58944,2862.18,87.11,25.84,48
471552,58944,1871.81,87.57,120.87,48
471552,58944,79.06,24.08,5.66,48
471936,58992,2830.78,82.57,23.56,48
471936,58992,2601.65,84.72,25.92,48
471936,58992,-42.22,23.55,9.56,48
471936,58992,289.45,20.77,2.30,48
471936,58992,2176.67,83.68,61.28,48
471936,58992,3138.51,86.70,32.96,48
471936,58992,3733.96,87.66,0.02,48
471936,58992,-626.01,19.67,32.48,48
472320,59040,3690.35,89.06,5.92,48
472320,59040,1385.15,88.53,169.58,48
472320,59040,360.41,21.74,0.04,48
472320,59040,3630.60,86.92,0.61,48
472320,59040,2757.21,88.01,30.58,48
472320,59040,2672.18,85.85,29.86,48
472320,59040,-792.00,23.81,56.22,48
472320,59040,3577.95,87.39,3.21,48
472704,59088,1727.83,87.94,137.02,48
472704,59088,3622.87,86.88,5.02,48
472704,59088,249.88,19.80,0.01,48
472704,59088,316.00,23.18,7.52,48
472704,59088,1895.11,89.51,132.04,48
472704,59088,3384.95,86.04,14.05,48
472704,59088,3464.32,85.48,17.47,48
472704,59088,2993.06,87.22,27.62,48
473088,59136,3384.13,87.01,3.56,48
473088,59136,-1982.95,23.50,178.12,48
473088,59136,296.80,23.46,0.43,48
473088,59136,3680.61,86.82,1.15,48
473088,59136,-649.78,21.94,53.45,48
473088,59136,2599.80,86.90,54.38,48
473088,59136,2717.86,88.36,43.16,48
473088,59136,3761.87,88.39,1.48,48
473472,59184,-1235.31,22.26,94.65,48
473472,59184,-81.12,22.92,22.86,48
473472,59184,3590.22,87.54,5.17,48
473472,59184,2659.94,90.29,57.27,48
473472,59184,22.79,21.23,8.86,48
473472,59184,3321.29,90.73,28.88,48
473472,59184,3609.78,86.56,0.38,48
473472,59184,3478.08,85.59,2.04,48
473856,59232,-231.51,22.70,13.73,48
473856,59232,-806.76,24.95,64.08,48
473856,59232,209.15,21.60,0.00,48
473856,59232,2505.44,85.88,56.74,48
473856,59232,249.49,24.16,3.87,48
473856,59232,-1617.47,20.44,136.87,48
473856,59232,-984.75,20.91,77.21,48
473856,59232,-2071.47,25.04,198.70,48
474240,59280,95.95,23.30,7.62,48
474240,59280,3649.43,86.84,0.58,48
474240,59280,2041.01,86.78,115.82,48
474240,59280,40.41,21.99,17.74,48
474240,59280,2867.26,88.02,21.56,48
474240,59280,397.01,25.89,2.15,48
474240,59280,-1508.07,22.89,129.42,48
474240,59280,1606.65,87.85,147.47,48
474624,59328,2825.99,85.67,20.37,48
474624,59328,3742.19,87.92,0.00,48
474624,59328,1791.66,84.98,112.52,48
474624,59328,1993.01,88.06,107.53,48
474624,59328,2998.56,88.45,30.29,48
474624,59328,1877.52,87.06,118.57,48
474624,59328,3564.48,86.89,2.48,48
474624,59328,-890.67,19.33,43.15,48
475008,59376,-1903.80,19.94,158.65,48
475008,59376,11.56,20.93,12.21,48
475008,59376,-311.24,22.12,26.43,48
475008,59376,3697.46,84.66,0.10,48
475008,59376,3764.27,88.45,1.00,48
475008,59376,458.82,24.83,3.22,48
475008,59376,3418.46,84.84,4.54,48
475008,59376,3470.95,86.51,16.09,48
475392,59424,369.35,20.79,0.00,48
475392,59424,3415.43,85.88,4.66,48
475392,59424,3844.58,88.99,0.74,48
475392,59424,2917.94,87.62,19.90,48
475392,59424,3431.25,87.87,1.38,48
475392,59424,2147.00,84.84,74.49,48
475392,59424,3549.47,84.38,0.31,48
475392,59424,341.77,21.57,2.09,48
475776,59472,485.69,23.75,1.29,48
475776,59472,2431.44,84.71,43.04,48
475776,59472,3614.85,89.20,9.99,48
475776,59472,272.65,24.49,1.34,48
475776,59472,-1561.31,22.58,140.11,48
475776,59472,3640.19,87.73,2.26,48
475776,59472,3398.84,87.65,20.07,48
475776,59472,2102.89,86.09,89.58,48
476160,59520,-1565.54,21.84,123.82,48
476160,59520,3084.15,88.36,18.58,48
476160,59520,1931.30,89.50,135.25,48
476160,59520,2234.36,87.89,80.81,48
476160,59520,2929.29,86.24,20.50,48
476160,59520,3594.37,87.09,1.28,48
476160,59520,3594.85,86.45,0.18,48
476160,59520,3701.95,85.26,0.00,48
476544,59568,-657.17,25.25,46.74,48
476544,59568,112.82,21.91,1.23,48
476544,59568,3159.66,85.90,21.71,48
476544,59568,70.77,21.07,2.12,48
476544,59568,3480.68,86.91,2.97,48
476544,59568,223.31,23.34,2.39,48
476544,59568,-663.97,21.35,42.22,48
476544,59568,-537.96,23.71,40.33,48
476928,59616,-792.06,83.85,407.17,48
476928,59616,255.65,22.29,6.23,48
476928,59616,301.25,21.03,0.01,48
476928,59616,3079.29,87.77,14.15,48
476928,59616,-918.93,21.14,52.82,48
476928,59616,-548.64,21.37,34.24,48
476928,59616,-99.98,21.72,13.61,48
476928,59616,3762.27,87.45,0.60,48
477312,59664,-46.33,26.18,9.59,48
477312,59664,3091.24,86.70,14.69,48
477312,59664,138.20,20.41,12.80,48
477312,59664,3715.17,87.91,0.62,48
477312,59664,2676.24,84.67,33.54,48
477312,59664,1692.04,83.68,97.85,48
477312,59664,-985.56,22.68,60.90,48
477312,59664,3735.29,88.16,0.00,48
477696,59712,3798.67,89.14,0.62,48
477696,59712,3726.19,88.69,2.57,48
477696,59712,3585.78,87.95,0.96,48
477696,59712,-1259.62,20.92,87.63,48
477696,59712,2160.69,87.97,92.60,48
477696,59712,364.13,24.44,2.61,48
477696,59712,-446.75,23.54,49.45,48
477696,59712,3640.31,87.09,2.88,48
478080,59760,3619.53,88.60,4.26,48
478080,59760,3585.42,86.60,0.32,48
478080,59760,1505.19,84.61,139.70,48
478080,59760,-1140.39,85.57,456.73,48
478080,59760,-597.22,18.58,36.84,48
478080,59760,1352.91,86.35,173.90,48
478080,59760,2041.93,86.41,84.53,48
478080,59760,1350.20,86.67,155.51,48
478464,59808,3465.64,87.25,16.39,48
478464,59808,3583.55,87.45,1.35,48
478464,59808,3147.91,84.13,11.17,48
478464,59808,1626.20,86.08,135.71,48
478464,59808,2505.71,84.82,33.02,48
478464,59808,3520.15,88.74,9.22,48
478464,59808,1835.27,85.39,110.85,48
478464,59808,-2973.03,18.58,263.74,48
478848,59856,1513.65,83.59,138.46,48
478848,59856,3229.44,88.91,29.75,48
478848,59856,368.24,25.12,0.35,48
478848,59856,2996.23,84.20,10.97,48
478848,59856,3028.28,87.73,25.89,48
478848,59856,-451.65,23.60,40.77,48
478848,59856,3719.24,86.67,0.76,48
478848,59856,3194.76,87.80,27.46,48
479232,59904,269.65,23.15,8.62,48
479232,59904,-27.52,22.34,13.82,48
479232,59904,-2148.85,25.14,195.31,48
479232,59904,3600.56,86.09,0.47,48
479232,59904,-250.08,22.00,16.50,48
479232,59904,3180.79,86.14,13.90,48
479232,59904,2632.44,89.84,54.04,48
479232,59904,2874.77,87.89,24.70,48
479616,59952,2921.84,87.07,27.22,48
479616,59952,203.44,24.13,2.45,48
479616,59952,-1296.49,19.78,98.26,48
479616,59952,-1098.99,22.72,71.46,48
479616,59952,3874.79,89.38,1.23,48
479616,59952,-446.35,22.13,26.21,48
479616,59952,2100.94,83.97,79.04,48
479616,59952,3379.27,84.26,0.31,48
480000,60000,3233.12,87.99,23.75,48
480000,60000,394.01,21.66,0.33,48
480000,60000,3893.37,89.66,0.57,48
480000,60000,450.62,24.88,0.32,48
480000,60000,2950.55,86.86,38.78,48
480000,60000,2334.86,86.89,58.13,48
480000,60000,1651.36,85.15,130.65,48
480000,60000,2510.23,85.90,50.42,48
480384,60048,3056.49,85.13,27.48,48
480384,60048,-1741.37,23.34,161.64,48
480384,60048,3226.50,88.15,31.19,48
480384,60048,1720.48,85.70,121.42,48
480384,60048,1521.67,85.52,146.09,48
480384,60048,3324.90,85.68,14.67,48
480384,60048,-681.11,20.77,27.75,48
480384,60048,148.87,21.08,8.51,48
480768,60096,3571.78,87.09,3.23,48
480768,60096,2739.65,88.04,32.67,48
480768,60096,258.31,22.23,6.76,48
480768,60096,636.76,24.05,0.00,48
480768,60096,257.59,19.33,0.95,48
480768,60096,3609.16,87.80,0.39,48
480768,60096,286.70,23.05,3.00,48
480768,60096,-175.51,23.03,25.68,48
481152,60144,3253.77,89.62,30.31,48
481152,60144,3682.40,87.04,1.21,48
481152,60144,-5279.50,23.16,570.16,48
481152,60144,-945.32,23.13,67.58,48
481152,60144,3840.01,88.24,0.05,48
481152,60144,-453.97,21.26,50.52,48
481152,60144,3404.36,84.85,1.32,48
481152,60144,1781.86,84.98,121.30,48
481536,60192,-440.49,19.09,40.40,48
481536,60192,1908.67,86.17,121.02,48
481536,60192,3631.68,86.07,0.00,48
481536,60192,341.17,20.97,0.00,48
481536,60192,3859.89,88.45,0.00,48
481536,60192,2834.03,86.31,32.29,48
481536,60192,1455.97,87.73,158.49,48
481536,60192,279.83,21.94,0.88,48
481920,60240,1560.54,88.85,162.96,48
481920,60240,2804.42,85.63,40.02,48
481920,60240,1493.85,87.24,163.41,48
481920,60240,65.47,85.74,325.30,48
481920,60240,3193.81,87.16,6.83,48
481920,60240,-647.12,23.00,44.74,48
481920,60240,2152.24,89.05,106.85,48
481920,60240,1979.46,87.93,105.71,48
482304,60288,-145.16,25.33,27.85,48
482304,60288,1911.65,86.18,110.86,48
482304,60288,3315.97,85.34,2.90,48
482304,60288,-1397.99,21.52,116.03,48
482304,60288,404.88,21.83,0.68,48
482304,60288,3083.25,87.20,27.55,48
482304,60288,3670.76,87.01,0.28,48
482304,60288,3384.95,85.75,6.83,48
482688,60336,1689.19,85.59,118.88,48
482688,60336,3721.78,88.72,1.44,48
482688,60336,3887.80,88.68,0.00,48
482688,60336,3258.55,89.92,29.74,48
482688,60336,3758.31,87.17,0.00,48
482688,60336,3171.44,89.36,39.68,48
482688,60336,-611.55,22.83,39.19,48
482688,60336,3519.68,87.91,21.26,48
483072,60384,426.65,23.27,0.26,48
483072,60384,402.87,21.68,0.00,48
483072,60384,2812.87,86.51,20.89,48
483072,60384,3581.70,87.22,0.71,48
483072,60384,2851.60,90.83,53.20,48
483072,60384,2388.16,85.98,57.96,48
483072,60384,2959.05,86.24,31.29,48
483072,60384,3160.86,86.97,29.04,48
483456,60432,-1623.32,20.86,143.73,48
483456,60432,3642.61,87.22,1.16,48
483456,60432,-4702.40,21.76,513.18,48
483456,60432,3387.84,83.29,0.02,48
483456,60432,2152.58,86.96,76.63,48
483456,60432,-1355.36,87.41,496.59,48
483456,60432,1996.49,88.61,114.45,48
483456,60432,1703.44,88.45,141.13,48
483840,60480,3864.95,89.20,0.78,48
483840,60480,3446.33,88.08,8.56,48
483840,60480,2579.65,85.32,37.37,48
483840,60480,3623.54,87.17,8.14,48
483840,60480,3795.14,88.94,0.31,48
483840,60480,3715.43,87.97,0.61,48
483840,60480,3583.06,84.76,0.61,48
483840,60480,2890.36,85.68,16.75,48
484224,60528,3452.39,86.07,3.02,48
484224,60528,3462.07,88.85,7.63,48
484224,60528,-413.06,22.18,30.49,48
484224,60528,-1041.39,20.27,72.83,48
484224,60528,2406.23,84.90,48.04,48
484224,60528,3077.91,88.84,31.33,48
484224,60528,3304.96,84.09,2.26,48
484224,60528,3416.40,86.12,3.80,48
484608,60576,-1295.89,21.62,114.41,48
484608,60576,-3432.50,24.55,378.97,48
484608,60576,42.41,24.89,22.98,48
484608,60576,2504.46,87.63,54.16,48
484608,60576,2092.80,87.80,105.30,48
484608,60576,2389.93,87.12,56.28,48
484608,60576,1604.20,85.57,144.27,48
484608,60576,3015.69,87.63,32.09,48
484992,60624,37.11,86.85,321.33,48
484992,60624,-1689.16,89.54,560.24,48
484992,60624,2655.65,87.51,49.27,48
484992,60624,1930.75,86.16,103.24,48
484992,60624,3925.37,89.37,0.65,48
484992,60624,3096.86,86.45,11.97,48
484992,60624,2102.83,85.63,82.06,48
484992,60624,-473.43,21.24,25.45,48
485376,60672,3630.29,88.02,3.76,48
485376,60672,3842.63,90.09,0.84,48
485376,60672,3115.86,86.64,16.96,48
485376,60672,2662.58,85.34,47.36,48
485376,60672,3099.04,86.90,15.69,48
485376,60672,2827.08,83.79,19.63,48
485376,60672,251.19,22.23,1.12,48
485376,60672,409.11,22.60,0.68,48
485760,60720,2930.59,88.88,21.18,48
485760,60720,164.88,20.04,2.15,48
485760,60720,150.43,23.11,7.75,48
485760,60720,3726.17,88.06,0.39,48
485760,60720,3720.43,88.68,1.15,48
485760,60720,-1413.41,20.65,107.37,48
485760,60720,1749.28,85.85,121.74,48
485760,60720,1333.88,87.83,185.66,48
486144,60768,3496.71,84.97,0.72,48
486144,60768,2864.00,86.30,35.60,48
486144,60768,3976.76,89.56,0.01,48
486144,60768,527.57,25.14,2.15,48
486144,60768,402.30,22.66,0.39,48
486144,60768,3692.40,89.07,3.65,48
486144,60768,2250.75,87.78,74.49,48
486144,60768,2854.63,86.37,30.10,48
486528,60816,1492.38,87.63,175.62,48
486528,60816,3322.30,87.95,14.29,48
486528,60816,3911.41,90.12,1.25,48
486528,60816,-3821.49,22.01,384.14,48
486528,60816,-478.81,19.91,39.88,48
486528,60816,1231.98,85.44,174.26,48
486528,60816,-276.01,24.34,49.82,48
486528,60816,3367.28,85.88,2.36,48
486912,60864,-1544.38,24.66,148.57,48
486912,60864,-852.21,24.23,60.44,48
486912,60864,3684.59,88.39,4.58,48
486912,60864,3405.52,83.17,0.74,48
486912,60864,3776.68,88.11,0.61,48
486912,60864,-1515.19,21.18,125.86,48
486912,60864,-1808.24,87.17,548.90,48
486912,60864,2292.30,88.19,92.89,48
487296,60912,3696.23,89.00,0.88,48
487296,60912,3394.63,90.61,39.54,48
487296,60912,-150.78,24.11,25.80,48
487296,60912,-2032.02,23.98,194.85,48
487296,60912,3673.87,88.49,0.01,48
487296,60912,-5076.23,23.46,564.53,48
487296,60912,-857.21,22.02,51.62,48
487296,60912,2635.28,87.16,44.90,48
487680,60960,-1098.58,86.30,458.03,48
487680,60960,3660.99,86.89,0.19,48
487680,60960,3643.12,88.65,8.81,48
487680,60960,4007.32,90.59,0.00,48
487680,60960,-1917.28,22.29,173.98,48
487680,60960,2573.03,88.40,55.78,48
487680,60960,3339.29,88.74,8.77,48
487680,60960,320.27,21.71,0.00,48
488064,61008,1618.28,86.37,134.84,48
488064,61008,480.12,23.33,0.56,48
488064,61008,-666.59,22.00,31.37,48
488064,61008,-1650.41,22.71,144.76,48
488064,61008,-1601.13,21.92,124.63,48
488064,61008,3585.93,87.03,6.49,48
488064,61008,3645.58,87.50,0.32,48
488064,61008,3762.22,88.58,0.51,48
488448,61056,319.08,22.84,10.09,48
488448,61056,3361.52,86.42,13.90,48
488448,61056,1996.71,88.03,106.37,48
488448,61056,3528.34,86.31,7.31,48
488448,61056,3598.24,87.16,3.15,48
488448,61056,-5148.94,22.65,561.92,48
488448,61056,3723.73,87.33,0.39,48
488448,61056,3783.54,88.01,0.62,48
488832,61104,341.18,23.24,1.35,48
488832,61104,3585.43,85.21,0.95,48
488832,61104,3814.91,88.99,0.31,48
488832,61104,3719.42,88.06,0.25,48
488832,61104,2973.91,85.87,33.23,48
488832,61104,3886.85,88.26,0.27,48
488832,61104,3498.37,88.10,6.45,48
488832,61104,3157.92,88.76,21.40,48
489216,61152,3541.96,87.48,4.03,48
489216,61152,2081.61,89.11,107.26,48
489216,61152,3557.24,87.14,6.41,48
489216,61152,285.24,21.50,2.86,48
489216,61152,1626.96,88.21,156.51,48
489216,61152,3420.03,84.21,0.60,48
489216,61152,3130.25,87.81,18.41,48
489216,61152,475.30,23.13,0.47,48
489600,61200,2082.21,86.10,76.63,48
489600,61200,336.35,23.18,1.99,48
489600,61200,3614.59,87.47,3.02,48
489600,61200,-2078.85,21.64,169.35,48
489600,61200,-2402.92,24.74,231.46,48
489600,61200,2197.40,85.01,76.45,48
489600,61200,1377.49,86.22,160.81,48
489600,61200,3649.07,88.84,1.51,48
489984,61248,3563.22,85.24,2.51,48
489984,61248,3679.04,87.72,0.81,48
489984,61248,1475.44,89.00,178.47,48
489984,61248,-194.25,21.25,20.64,48
489984,61248,3585.97,85.16,0.00,48
489984,61248,185.23,23.27,2.17,48
489984,61248,3489.98,85.33,2.35,48
489984,61248,603.61,27.90,0.76,48
490368,61296,-1397.41,85.61,492.91,48
490368,61296,3740.46,88.89,2.89,48
490368,61296,3064.24,84.97,17.53,48
490368,61296,391.68,19.58,0.00,48
490368,61296,-3468.76,20.97,336.59,48
490368,61296,-4329.21,26.40,469.96,48
490368,61296,3232.05,82.82,3.03,48
490368,61296,1726.54,86.58,128.00,48
490752,61344,2703.94,89.63,63.63,48
490752,61344,-359.36,21.74,18.54,48
490752,61344,3572.06,90.15,17.15,48
490752,61344,1940.05,86.33,89.92,48
490752,61344,50.24,19.03,6.15,48
490752,61344,1384.39,87.93,169.91,48
490752,61344,3750.09,89.69,2.15,48
490752,61344,3192.86,83.90,5.78,48
491136,61392,2045.57,84.72,77.60,48
491136,61392,3692.49,87.70,1.43,48
491136,61392,3589.89,87.74,1.19,48
491136,61392,3587.21,86.55,0.69,48
491136,61392,2700.49,86.76,40.24,48
491136,61392,3307.02,86.47,25.30,48
491136,61392,1389.31,89.85,191.28,48
491136,61392,173.95,20.00,12.43,48
491520,61440,3788.19,89.06,0.23,48
491520,61440,3727.61,88.39,3.17,48
491520,61440,-3543.40,23.09,363.35,48
491520,61440,2848.74,85.51,33.51,48
491520,61440,2353.66,83.99,77.25,48
491520,61440,3453.08,83.66,2.19,48
491520,61440,299.13,22.35,0.00,48
491520,61440,2463.54,84.51,46.28,48
491904,61488,3665.52,86.95,0.00,48
491904,61488,3734.93,89.39,4.48,48
491904,61488,3376.71,87.21,14.84,48
491904,61488,3554.65,85.71,2.72,48
491904,61488,24.83,24.31,12.80,48
491904,61488,3245.43,87.08,24.00,48
491904,61488,3003.45,87.20,25.76,48
491904,61488,-1522.22,22.86,130.27,48
492288,61536,3717.59,88.01,3.10,48
492288,61536,-660.58,24.09,46.08,48
492288,61536,2286.08,83.81,51.93,48
492288,61536,2533.98,85.52,40.67,48
492288,61536,-3386.19,22.27,339.13,48
492288,61536,2517.24,89.33,59.36,48
492288,61536,3152.32,88.05,17.06,48
492288,61536,-957.93,20.82,68.89,48
492672,61584,-366.95,22.36,59.79,48
492672,61584,538.72,24.34,0.00,48
492672,61584,3247.09,87.16,20.48,48
492672,61584,2172.11,85.39,81.56,48
492672,61584,3658.26,88.09,2.29,48
492672,61584,3160.88,85.80,6.93,48
492672,61584,3700.15,88.33,4.00,48
492672,61584,-986.41,24.32,80.86,48
493056,61632,-375.92,24.52,25.18,48
493056,61632,3668.97,87.23,1.71,48
493056,61632,-1416.79,21.18,115.73,48
493056,61632,134.20,23.34,7.51,48
493056,61632,3205.36,88.26,8.22,48
493056,61632,1567.44,86.19,151.87,48
493056,61632,249.82,23.12,15.10,48
493056,61632,3663.01,88.14,2.89,48
493440,61680,1370.88,88.65,185.26,48
493440,61680,3512.35,85.40,0.54,48
493440,61680,-1299.82,19.51,94.20,48
493440,61680,3688.21,87.09,0.26,48
493440,61680,3242.48,85.40,10.61,48
493440,61680,3518.63,84.48,1.16,48
493440,61680,-691.15,22.97,63.32,48
493440,61680,-1308.54,26.39,103.89,48
493824,61728,3683.65,86.08,0.10,48
493824,61728,3979.38,90.60,0.66,48
493824,61728,2557.91,87.83,64.20,48
493824,61728,-687.66,87.87,429.39,48
493824,61728,3660.97,87.57,1.54,48
493824,61728,-1292.01,20.88,91.37,48
493824,61728,2931.57,87.17,46.51,48
493824,61728,2302.61,84.34,65.90,48
494208,61776,1153.91,89.08,204.07,48
494208,61776,3631.56,89.33,7.07,48
494208,61776,-917.90,21.86,57.37,48
494208,61776,2954.31,86.48,13.27,48
494208,61776,456.93,22.24,0.31,48
494208,61776,3607.83,85.88,0.83,48
494208,61776,3648.78,89.20,5.13,48
494208,61776,-2072.19,87.81,583.81,48
494592,61824,-1468.89,87.34,503.63,48
494592,61824,2867.40,87.41,35.32,48
494592,61824,54.87,24.79,9.50,48
494592,61824,3185.21,87.68,12.00,48
494592,61824,3704.21,86.01,0.01,48
494592,61824,3672.99,87.31,0.50,48
494592,61824,-1041.65,19.94,74.76,48
494592,61824,3608.35,88.55,10.50,48
494976,61872,-5160.60,22.61,538.37,48
494976,61872,2040.21,86.17,95.96,48
494976,61872,2852.85,87.65,35.30,48
494976,61872,3615.93,85.05,0.10,48
494976,61872,447.98,23.43,0.43,48
494976,61872,-983.62,23.73,64.77,48
494976,61872,3684.79,87.98,4.46,48
494976,61872,3580.23,88.50,8.33,48
495360,61920,3043.92,87.33,20.05,48
495360,61920,-38.53,83.59,308.24,48
495360,61920,3417.52,85.74,15.71,48
495360,61920,-1921.09,89.05,570.30,48
495360,61920,3239.32,90.60,20.48,48
495360,61920,3732.79,88.19,0.00,48
495360,61920,511.24,22.70,0.26,48
495360,61920,3393.86,87.53,17.15,48
495744,61968,-998.85,20.83,61.02,48
495744,61968,3228.43,87.47,14.63,48
495744,61968,3284.11,85.68,3.78,48
495744,61968,1983.86,87.78,107.53,48
495744,61968,-595.03,22.42,39.38,48
495744,61968,3791.46,87.70,0.83,48
495744,61968,3871.92,89.78,0.62,48
495744,61968,3791.57,87.97,0.58,48
496128,62016,3592.75,87.47,1.86,48
496128,62016,236.84,22.80,4.96,48
496128,62016,339.87,19.33,0.61,48
496128,62016,108.82,21.09,8.11,48
496128,62016,1427.59,90.73,208.91,48
496128,62016,285.40,22.35,13.20,48
496128,62016,-6.73,86.25,330.66,48
496128,62016,3888.97,88.98,0.00,48
496512,62064,3737.06,87.66,0.83,48
496512,62064,3566.55,87.38,1.28,48
496512,62064,385.27,21.25,0.00,48
496512,62064,-880.70,24.35,73.06,48
496512,62064,-1584.57,86.19,523.82,48
496512,62064,3436.57,86.95,6.31,48
496512,62064,3154.84,86.57,17.55,48
496512,62064,3600.01,86.00,1.70,48
496896,62112,3592.38,87.67,9.24,48
496896,62112,3246.64,88.69,26.02,48
496896,62112,1775.44,88.46,137.92,48
496896,62112,1331.78,86.77,186.79,48
496896,62112,2289.00,87.66,72.52,48
496896,62112,284.42,23.29,0.66,48
496896,62112,3245.55,87.38,12.58,48
496896,62112,-195.79,23.05,41.97,48
497280,62160,-4644.38,20.75,486.88,48
497280,62160,1260.18,88.57,198.37,48
497280,62160,2039.81,87.25,107.26,48
497280,62160,2866.46,86.99,17.63,48
497280,62160,3915.05,89.01,1.00,48
497280,62160,-1633.79,25.36,157.94,48
497280,62160,3750.34,87.60,2.57,48
497280,62160,346.37,20.93,1.15,48
497664,62208,3400.90,86.48,1.24,48
497664,62208,3327.13,89.33,30.38,48
497664,62208,2947.38,88.65,22.93,48
497664,62208,1774.30,86.63,115.09,48
497664,62208,3872.81,88.01,0.00,48
497664,62208,3683.00,87.47,0.10,48
497664,62208,3614.62,87.23,5.03,48
497664,62208,3613.71,85.81,0.71,48
498048,62256,-5543.32,24.60,618.88,48
498048,62256,478.67,23.73,0.00,48
498048,62256,481.31,24.71,0.43,48
498048,62256,3604.92,86.10,0.32,48
498048,62256,-210.92,22.62,26.21,48
498048,62256,3432.68,85.17,3.28,48
498048,62256,3464.32,86.47,2.03,48
498048,62256,380.74,22.01,0.00,48
498432,62304,3646.75,87.11,3.10,48
498432,62304,2959.06,87.01,37.86,48
498432,62304,443.72,23.04,2.48,48
498432,62304,2849.68,89.08,31.94,48
498432,62304,3310.55,90.16,33.97,48
498432,62304,3069.11,89.79,32.78,48
498432,62304,1876.32,88.46,133.77,48
498432,62304,3848.69,88.47,0.43,48
498816,62352,428.40,23.30,2.15,48
498816,62352,3557.06,86.80,2.84,48
498816,62352,3456.50,85.33,0.31,48
498816,62352,2362.36,84.83,50.60,48
498816,62352,2006.74,89.82,119.04,48
498816,62352,3432.15,85.98,4.76,48
498816,62352,419.86,19.74,2.72,48
498816,62352,-689.35,20.90,52.27,48
499200,62400,2902.91,87.60,27.24,48
499200,62400,3507.25,84.29,0.00,48
499200,62400,2269.51,85.75,72.95,48
499200,62400,-4625.68,20.68,481.99,48
499200,62400,3800.89,88.81,0.33,48
499200,62400,3633.74,84.95,0.58,48
499200,62400,-1009.21,23.18,73.07,48
499200,62400,16.61,23.24,9.70,48
499584,62448,2885.16,87.70,49.36,48
499584,62448,2366.39,86.83,60.41,48
499584,62448,-807.31,25.29,63.57,48
499584,62448,3730.07,87.48,0.01,48
499584,62448,3545.48,84.41,0.00,48
499584,62448,2929.36,88.60,27.92,48
499584,62448,3215.58,88.00,8.36,48
499584,62448,1641.65,88.61,156.10,48
499968,62496,-3578.47,21.67,365.62,48
499968,62496,281.99,19.31,0.83,48
499968,62496,2463.70,86.12,50.68,48
499968,62496,-794.55,21.56,50.15,48
499968,62496,171.64,21.11,3.60,48
499968,62496,-940.56,22.77,61.16,48
499968,62496,366.76,19.97,0.58,48
499968,62496,2920.38,86.90,17.45,48
500352,62544,3555.59,85.84,0.00,48
500352,62544,3729.20,88.00,0.78,48
500352,62544,3630.31,86.79,3.27,48
500352,62544,435.81,25.55,7.70,48
500352,62544,2325.25,86.81,61.51,48
500352,62544,240.00,22.29,6.44,48
500352,62544,-218.58,23.43,28.23,48
500352,62544,1913.98,83.31,81.44,48
500736,62592,2717.82,85.15,37.64,48
500736,62592,225.89,21.46,2.26,48
500736,62592,3888.99,89.55,1.66,48
500736,62592,3861.77,89.78,4.80,48
500736,62592,3726.12,88.00,0.45,48
500736,62592,3704.36,88.25,2.31,48
500736,62592,3227.49,88.10,8.63,48
500736,62592,2434.40,87.01,50.94,48
501120,62640,3837.67,88.47,0.01,48
501120,62640,3613.21,86.04,0.58,48
501120,62640,2374.99,86.03,53.47,48
501120,62640,-532.97,22.00,32.03,48
501120,62640,351.85,23.45,1.82,48
501120,62640,-494.22,22.94,55.27,48
501120,62640,2876.38,87.09,26.60,48
501120,62640,3270.52,85.37,19.85,48
501504,62688,3657.70,87.15,0.19,48
501504,62688,-80.70,21.36,4.33,48
501504,62688,-594.76,86.02,403.25,48
501504,62688,-1131.88,19.07,88.08,48
501504,62688,3817.57,87.48,0.00,48
501504,62688,2670.56,87.91,42.07,48
501504,62688,3601.22,86.77,5.28,48
501504,62688,36.31,24.70,21.70,48
501888,62736,406.98,23.85,3.19,48
501888,62736,3606.88,86.95,2.93,48
501888,62736,1872.26,85.72,109.36,48
501888,62736,1476.69,87.14,172.54,48
501888,62736,2795.74,89.59,40.00,48
501888,62736,-1465.15,22.25,120.57,48
501888,62736,3658.51,86.91,0.43,48
501888,62736,3862.55,87.62,0.00,48
502272,62784,2838.39,86.99,26.75,48
502272,62784,3932.77,89.70,0.25,48
502272,62784,3718.53,88.02,0.62,48
502272,62784,39.22,84.13,312.27,48
502272,62784,1724.48,89.14,161.59,48
502272,62784,3552.62,87.48,12.20,48
502272,62784,328.17,21.70,3.67,48
502272,62784,3077.24,90.83,31.72,48
502656,62832,3785.76,86.79,0.00,48
502656,62832,3501.24,85.02,0.47,48
502656,62832,1689.06,85.42,129.80,48
502656,62832,-4798.12,21.90,505.84,48
502656,62832,1774.22,86.48,114.86,48
502656,62832,532.17,25.15,0.39,48
502656,62832,2913.33,88.23,41.62,48
502656,62832,496.97,25.03,0.99,48
503040,62880,3829.91,88.94,1.55,48
503040,62880,-122.15,21.22,19.49,48
503040,62880,3475.85,84.97,2.06,48
503040,62880,252.98,20.80,4.91,48
503040,62880,318.88,23.52,2.97,48
503040,62880,3611.36,85.54,1.59,48
503040,62880,3764.71,89.10,2.25,48
503040,62880,3629.46,85.96,0.00,48
503424,62928,355.05,23.71,1.56,48
503424,62928,3644.10,84.91,0.00,48
503424,62928,3122.49,86.34,8.17,48
503424,62928,2427.81,87.99,67.14,48
503424,62928,2602.54,86.42,28.14,48
503424,62928,-3784.56,23.98,392.85,48
503424,62928,1649.04,86.36,145.50,48
503424,62928,3837.55,90.08,0.00,48
503808,62976,3606.15,86.76,0.58,48
503808,62976,2127.95,87.98,108.44,48
503808,62976,1492.21,87.96,171.06,48
503808,62976,3102.72,87.31,35.59,48
503808,62976,3871.55,88.67,3.16,48
503808,62976,-458.90,22.37,24.32,48
503808,62976,573.16,23.75,0.00,48
503808,62976,358.05,22.93,0.56,48
504192,63024,-518.70,25.46,52.89,48
504192,63024,3633.25,88.12,1.41,48
504192,63024,1404.47,86.48,163.21,48
504192,63024,-227.26,23.76,39.95,48
504192,63024,2509.36,84.39,37.27,48
504192,63024,3436.03,85.29,0.61,48
504192,63024,3583.50,86.53,2.15,48
504192,63024,3121.87,87.23,37.09,48
504576,63072,535.00,25.59,0.81,48
504576,63072,1168.39,86.64,199.30,48
504576,63072,3895.12,90.11,0.76,48
504576,63072,-209.58,23.00,11.05,48
504576,63072,3592.05,87.15,4.92,48
504576,63072,-416.00,23.99,32.46,48
504576,63072,-2404.77,24.33,221.80,48
504576,63072,-1199.36,21.13,88.03,48
504960,63120,3649.68,84.23,0.00,48
504960,63120,3689.48,88.83,4.23,48
504960,63120,-744.37,20.82,45.62,48
504960,63120,2909.92,86.99,19.27,48
504960,63120,3185.24,85.74,20.97,48
504960,63120,1609.79,84.01,124.25,48
504960,63120,-1017.59,20.44,70.26,48
504960,63120,3809.61,88.84,0.58,48
505344,63168,3465.74,84.31,0.86,48
505344,63168,2620.36,85.41,37.88,48
505344,63168,3685.38,87.34,1.38,48
505344,63168,-2067.23,25.43,200.64,48
505344,63168,2078.85,87.18,93.19,48
505344,63168,2706.86,86.21,35.08,48
505344,63168,3261.30,86.61,17.96,48
505344,63168,-1050.45,24.83,78.85,48
505728,63216,3157.30,85.15,18.54,48
505728,63216,-1123.53,22.66,95.58,48
505728,63216,3082.55,89.99,36.82,48
505728,63216,2849.95,85.31,31.54,48
505728,63216,3715.04,87.74,1.17,48
505728,63216,2688.34,86.84,42.13,48
505728,63216,3009.08,86.21,29.64,48
505728,63216,2553.85,84.56,53.22,48
506112,63264,2474.70,84.90,47.76,48
506112,63264,2746.75,86.99,56.42,48
506112,63264,-3121.75,20.02,322.40,48
506112,63264,3578.98,89.75,18.19,48
506112,63264,-210.89,20.74,10.73,48
506112,63264,1718.84,85.84,105.59,48
506112,63264,2810.88,86.04,25.47,48
506112,63264,-3387.53,23.27,354.31,48
506496,63312,3831.34,88.91,1.01,48
506496,63312,3351.14,89.24,35.92,48
506496,63312,3450.90,87.61,7.25,48
506496,63312,2030.73,87.23,95.75,48
506496,63312,3600.99,86.73,0.66,48
506496,63312,-494.44,22.76,22.75,48
506496,63312,3341.00,87.71,14.45,48
506496,63312,2695.67,85.69,38.56,48
506880,63360,1996.67,86.34,96.29,48
506880,63360,-1390.39,87.21,515.98,48
506880,63360,3777.76,88.20,5.09,48
506880,63360,528.82,21.75,0.66,48
506880,63360,-1591.37,19.57,126.88,48
506880,63360,3591.29,85.96,0.01,48
506880,63360,3695.90,87.12,2.09,48
506880,63360,-295.68,24.18,19.50,48
507264,63408,-155.19,20.77,20.42,48
507264,63408,3350.20,86.55,7.11,48
507264,63408,3140.71,90.97,50.15,48
507264,63408,292.14,20.61,1.54,48
507264,63408,3156.92,87.15,41.95,48
507264,63408,2615.00,88.12,58.82,48
507264,63408,-2037.23,24.74,205.70,48
507264,63408,3569.22,86.65,1.24,48
507648,63456,3699.12,87.62,0.71,48
507648,63456,3726.70,88.30,1.48,48
507648,63456,-91.86,23.70,20.27,48
507648,63456,2787.52,86.97,38.07,48
507648,63456,444.54,21.17,0.00,48
507648,63456,3354.95,85.68,23.87,48
507648,63456,2646.08,86.44,35.20,48
507648,63456,104.78,21.38,4.37,48
508032,63504,310.95,22.75,0.74,48
508032,63504,148.90,24.23,10.08,48
508032,63504,3599.27,85.88,2.27,48
508032,63504,-3267.68,22.35,336.23,48
508032,63504,2644.08,88.11,31.25,48
508032,63504,3958.09,91.26,3.50,48
508032,63504,3466.42,86.43,4.55,48
508032,63504,3573.99,87.54,0.31,48
508416,63552,-571.55,21.61,36.17,48
508416,63552,2386.49,88.84,80.58,48
508416,63552,1578.97,85.99,130.13,48
508416,63552,3566.96,85.65,0.35,48
508416,63552,2015.93,85.03,85.27,48
508416,63552,2184.58,87.12,92.53,48
508416,63552,415.56,21.65,0.26,48
508416,63552,3874.70,88.53,0.00,48
508800,63600,3475.94,87.25,8.95,48
508800,63600,-958.90,85.96,450.07,48
508800,63600,-5036.71,22.57,554.37,48
508800,63600,-5072.72,23.50,561.01,48
508800,63600,3689.60,87.84,4.24,48
508800,63600,-43.27,23.92,16.60,48
508800,63600,2785.24,85.78,23.32,48
508800,63600,54.22,22.69,25.71,48
509184,63648,425.18,24.02,3.80,48
509184,63648,3483.04,85.26,0.61,48
509184,63648,301.17,18.07,2.38,48
509184,63648,3448.09,85.57,0.34,48
509184,63648,1278.33,84.99,166.24,48
509184,63648,-333.83,86.75,384.32,48
509184,63648,3416.83,86.18,1.66,48
509184,63648,3854.07,88.59,1.01,48
509568,63696,3586.94,87.02,0.00,48
509568,63696,2123.70,88.67,98.40,48
509568,63696,3216.38,84.01,13.59,48
509568,63696,1775.73,87.78,124.16,48
509568,63696,3487.38,87.95,4.78,48
509568,63696,2731.12,86.48,44.76,48
509568,63696,124.14,20.88,10.27,48
509568,63696,3806.67,86.38,0.43,48
509952,63744,2329.36,84.41,48.55,48
509952,63744,2893.88,84.21,11.97,48
509952,63744,-1495.15,21.69,116.56,48
509952,63744,2156.55,87.13,84.94,48
509952,63744,1419.40,86.14,165.38,48
509952,63744,-1693.79,25.12,137.86,48
509952,63744,199.52,23.31,6.29,48
509952,63744,3217.87,84.88,16.93,48
510336,63792,3418.09,85.69,8.34,48
510336,63792,3718.73,86.65,0.00,48
510336,63792,2531.91,85.67,26.77,48
510336,63792,2807.19,86.46,35.26,48
510336,63792,-333.75,23.28,16.90,48
510336,63792,2736.24,85.72,26.78,48
510336,63792,3942.89,89.34,0.92,48
510336,63792,2602.06,86.50,41.97,48
510720,63840,3829.87,87.86,0.81,48
510720,63840,3527.43,88.16,9.84,48
510720,63840,2087.28,88.15,102.09,48
510720,63840,3318.20,88.20,27.79,48
510720,63840,75.37,89.50,356.59,48
510720,63840,3815.37,88.03,0.00,48
510720,63840,485.29,22.67,0.00,48
510720,63840,322.09,23.87,0.80,48
511104,63888,3934.23,90.22,2.19,48
511104,63888,3115.86,86.70,31.30,48
511104,63888,2076.13,88.14,101.28,48
511104,63888,3770.73,88.96,0.32,48
511104,63888,485.09,25.14,1.34,48
511104,63888,-3045.19,19.98,292.05,48
511104,63888,3827.80,89.33,0.76,48
511104,63888,2732.18,89.60,51.01,48
511488,63936,3755.51,88.32,0.33,48
511488,63936,3852.73,88.51,0.27,48
511488,63936,3840.43,87.69,0.31,48
511488,63936,3934.19,90.29,2.19,48
511488,63936,2815.44,88.43,57.25,48
511488,63936,3721.75,87.28,0.39,48
511488,63936,-1479.37,23.73,133.06,48
511488,63936,-1534.90,19.62,125.84,48
511872,63984,-881.94,23.07,44.47,48
511872,63984,224.27,24.00,27.81,48
511872,63984,405.20,21.09,0.01,48
511872,63984,1756.87,87.02,137.17,48
511872,63984,3460.78,86.75,7.52,48
511872,63984,3819.77,90.21,19.39,48
511872,63984,1930.35,88.04,113.75,48
511872,63984,3645.74,88.24,2.13,48
512256,64032,-1051.64,23.15,78.38,48
512256,64032,488.07,23.00,0.33,48
512256,64032,3799.99,88.61,1.34,48
512256,64032,-28.72,21.20,20.48,48
512256,64032,-1183.93,23.87,98.86,48
512256,64032,-1193.13,20.76,85.38,48
512256,64032,2769.61,87.54,25.12,48
512256,64032,2012.51,85.65,88.82,48
512640,64080,3653.15,88.48,4.33,48
512640,64080,-1384.16,21.11,110.57,48
512640,64080,3728.09,86.49,0.00,48
512640,64080,1458.27,91.01,211.03,48
512640,64080,1243.51,87.72,192.93,48
512640,64080,2283.96,86.42,83.77,48
512640,64080,3688.42,87.82,2.96,48
512640,64080,306.74,21.76,0.41,48
513024,64128,2508.89,87.76,53.50,48
513024,64128,1375.60,88.76,187.23,48
513024,64128,3650.63,88.73,16.18,48
513024,64128,424.06,23.06,0.00,48
513024,64128,3933.09,89.40,0.00,48
513024,64128,2888.36,84.21,29.73,48
513024,64128,3747.55,87.18,0.00,48
513024,64128,3552.85,85.63,0.47,48
513408,64176,2769.19,87.37,34.98,48
513408,64176,2588.48,88.20,63.58,48
513408,64176,213.86,21.98,6.13,48
513408,64176,278.32,23.33,1.76,48
513408,64176,3758.83,88.26,0.26,48
513408,64176,-34.33,21.65,16.84,48
513408,64176,3057.53,85.68,11.32,48
513408,64176,2105.59,86.23,84.49,48
513792,64224,1688.13,86.65,142.74,48
513792,64224,3563.98,85.52,0.10,48
513792,64224,-1997.96,21.97,182.08,48
513792,64224,1649.61,87.28,137.79,48
513792,64224,3780.26,87.97,0.02,48
513792,64224,159.13,23.77,7.80,48
513792,64224,3877.55,89.46,0.10,48
513792,64224,3502.00,87.07,11.17,48
514176,64272,3534.76,86.31,2.58,48
514176,64272,-2083.02,24.24,204.53,48
514176,64272,3082.60,88.03,22.58,48
514176,64272,3760.04,88.10,0.39,48
514176,64272,-95.21,21.81,10.22,48
514176,64272,2754.29,87.62,40.88,48
514176,64272,1878.96,86.08,105.64,48
514176,64272,364.90,23.36,4.40,48
514560,64320,-1255.91,85.52,484.30,48
514560,64320,-1982.94,22.74,187.15,48
514560,64320,-650.33,23.63,55.46,48
514560,64320,3785.04,87.75,2.77,48
514560,64320,3473.88,85.36,3.05,48
514560,64320,3691.15,86.96,0.80,48
514560,64320,1545.64,87.02,155.76,48
514560,64320,3197.30,87.82,28.27,48
514944,64368,-1574.51,20.43,119.43,48
514944,64368,3145.56,89.04,19.19,48
514944,64368,3144.49,87.08,17.91,48
514944,64368,1446.03,87.34,158.26,48
514944,64368,-483.03,19.76,33.51,48
514944,64368,3435.29,88.16,9.18,48
514944,64368,2862.35,88.26,36.16,48
514944,64368,322.20,21.36,0.78,48
515328,64416,2694.17,86.42,40.84,48
515328,64416,-322.69,21.88,17.03,48
515328,64416,3145.92,88.66,19.13,48
515328,64416,-3347.15,22.06,331.34,48
515328,64416,3612.56,86.92,1.12,48
515328,64416,395.52,21.48,0.60,48
515328,64416,-743.09,21.81,55.81,48
515328,64416,3734.81,88.26,0.61,48
515712,64464,436.79,24.15,0.05,48
515712,64464,-179.62,20.78,19.53,48
515712,64464,398.06,22.81,0.00,48
515712,64464,3633.51,87.65,3.27,48
515712,64464,3885.71,89.04,0.10,48
515712,64464,264.18,22.99,1.16,48
515712,64464,2169.64,87.79,86.38,48
515712,64464,1049.48,85.88,193.14,48
516096,64512,-524.00,22.83,21.80,48
516096,64512,-1502.92,22.29,125.73,48
516096,64512,2172.92,87.80,76.92,48
516096,64512,3561.60,88.35,4.04,48
516096,64512,2989.37,85.52,40.04,48
516096,64512,209.72,85.36,287.63,48
516096,64512,3163.48,87.06,6.23,48
516096,64512,2466.60,87.16,53.51,48
516480,64560,-551.52,21.82,29.59,48
516480,64560,-390.41,24.18,25.64,48
516480,64560,1682.88,90.04,156.20,48
516480,64560,-71.10,22.12,20.67,48
516480,64560,3650.91,87.84,0.31,48
516480,64560,-1556.53,23.38,145.74,48
516480,64560,396.40,22.18,0.27,48
516480,64560,-740.77,22.00,61.09,48
516864,64608,-470.70,23.30,38.67,48
516864,64608,3477.15,85.10,3.59,48
516864,64608,1854.22,84.57,92.17,48
516864,64608,2604.24,89.89,46.46,48
516864,64608,-1310.51,22.17,100.31,48
516864,64608,-1310.64,20.51,89.73,48
516864,64608,2142.25,88.19,87.75,48
516864,64608,3717.96,87.70,0.00,48
517248,64656,1371.25,87.60,178.38,48
517248,64656,3655.06,87.31,1.03,48
517248,64656,3589.66,88.14,3.73,48
517248,64656,343.57,25.17,0.00,48
517248,64656,3019.11,85.67,25.22,48
517248,64656,-1063.19,18.82,72.43,48
517248,64656,3731.19,90.06,2.66,48
517248,64656,-866.95,20.20,67.57,48
517632,64704,189.51,88.06,328.00,48
517632,64704,1918.41,87.31,121.77,48
517632,64704,492.77,23.28,0.00,48
517632,64704,1663.53,89.03,152.62,48
517632,64704,2852.31,87.94,22.21,48
517632,64704,345.15,20.63,0.00,48
517632,64704,3340.73,88.07,19.58,48
517632,64704,514.56,23.71,0.19,48
518016,64752,3230.03,86.92,12.33,48
518016,64752,-635.67,20.71,41.84,48
518016,64752,2970.99,88.15,21.08,48
518016,64752,2888.39,89.79,45.89,48
518016,64752,-57.75,21.20,27.15,48
518016,64752,1975.28,84.28,83.32,48
518016,64752,-1116.39,24.77,84.25,48
518016,64752,3639.60,86.77,1.38,48
518400,64800,316.45,20.50,1.37,48
518400,64800,3490.32,89.18,5.02,48
518400,64800,328.83,21.62,1.24,48
518400,64800,119.79,85.88,313.48,48
518400,64800,3756.40,87.03,0.25,48
518400,64800,-342.71,22.47,19.53,48
518400,64800,3862.98,88.99,0.66,48
518400,64800,3788.08,89.58,1.21,48
518784,64848,1562.81,86.53,140.17,48
518784,64848,323.58,19.26,0.32,48
518784,64848,-721.68,21.40,47.33,48
518784,64848,-5188.99,23.48,555.84,48
518784,64848,499.93,25.07,0.10,48
518784,64848,3121.01,88.07,18.07,48
518784,64848,3197.07,85.58,13.31,48
518784,64848,2661.70,83.85,27.61,48
519168,64896,3321.18,88.08,33.61,48
519168,64896,-291.73,21.47,17.78,48
519168,64896,3620.17,87.67,2.99,48
519168,64896,469.98,22.67,0.00,48
519168,64896,3595.19,86.97,0.61,48
519168,64896,3600.66,87.06,7.65,48
519168,64896,2003.13,86.61,99.45,48
519168,64896,2983.61,84.20,20.87,48
519552,64944,3613.19,85.58,1.46,48
519552,64944,228.83,21.22,4.49,48
519552,64944,-1424.28,89.03,532.67,48
519552,64944,2460.26,87.19,55.97,48
519552,64944,2276.47,85.89,62.20,48
519552,64944,2256.92,85.27,78.31,48
519552,64944,1237.85,85.47,176.52,48
519552,64944,2167.01,86.78,85.59,48
519936,64992,42.25,21.00,4.03,48
519936,64992,-196.44,20.80,20.11,48
519936,64992,1964.64,88.45,109.82,48
519936,64992,3360.34,87.77,19.52,48
519936,64992,-2304.66,23.88,208.82,48
519936,64992,490.63,21.84,1.49,48
519936,64992,2446.32,84.06,39.98,48
519936,64992,576.27,23.55,0.00,48
520320,65040,3379.24,85.84,3.37,48
520320,65040,612.49,24.89,0.02,48
520320,65040,3761.02,87.83,0.00,48
520320,65040,-463.39,20.60,39.05,48
520320,65040,3709.98,87.11,0.00,48
520320,65040,3287.47,85.72,6.98,48
520320,65040,-1332.67,21.15,92.47,48
520320,65040,3649.82,86.16,0.26,48
520704,65088,2984.88,86.72,25.54,48
520704,65088,3925.16,88.43,0.61,48
520704,65088,-793.32,23.07,51.90,48
520704,65088,2001.67,85.07,77.29,48
520704,65088,155.25,22.94,14.08,48
520704,65088,3321.75,86.20,15.35,48
520704,65088,1375.03,85.47,155.57,48
520704,65088,3472.29,85.31,2.14,48
521088,65136,2662.03,88.17,58.72,48
521088,65136,-911.92,21.86,70.19,48
521088,65136,2144.03,88.26,88.08,48
521088,65136,2793.41,90.21,42.12,48
521088,65136,1427.09,88.84,186.06,48
521088,65136,387.56,20.48,0.01,48
521088,65136,3800.22,88.10,0.19,48
521088,65136,-4464.75,20.21,478.75,48
521472,65184,2530.03,83.38,30.85,48
521472,65184,-1729.16,25.73,174.09,48
521472,65184,3566.52,84.59,0.33,48
521472,65184,145.10,25.93,2.78,48
521472,65184,3483.08,87.71,12.25,48
521472,65184,3402.41,86.35,6.47,48
521472,65184,3795.49,89.03,0.00,48
521472,65184,193.07,22.50,0.62,48
521856,65232,3768.48,87.68,0.69,48
521856,65232,-937.95,23.78,74.15,48
521856,65232,3323.80,86.73,24.59,48
521856,65232,3731.63,87.97,0.00,48
521856,65232,2789.58,86.68,30.20,48
521856,65232,3135.76,86.24,35.01,48
521856,65232,3731.61,87.79,1.21,48
521856,65232,3559.27,86.65,3.71,48
522240,65280,1765.23,88.60,143.90,48
522240,65280,2811.49,86.62,29.41,48
522240,65280,2106.98,84.65,74.43,48
522240,65280,163.42,20.69,12.35,48
522240,65280,-74.51,20.02,26.38,48
522240,65280,3651.11,87.38,9.37,48
522240,65280,-1172.17,22.42,96.35,48
522240,65280,3760.50,88.14,0.58,48
522624,65328,2216.04,87.52,94.78,48
522624,65328,3644.47,88.38,1.98,48
522624,65328,3711.23,87.58,1.46,48
522624,65328,3511.34,87.20,3.40,48
522624,65328,-1461.67,20.21,110.10,48
522624,65328,3465.60,83.71,2.08,48
522624,65328,1815.87,86.39,115.32,48
522624,65328,-1004.16,85.03,447.70,48
523008,65376,-1957.26,23.27,192.97,48
523008,65376,1981.91,86.85,113.92,48
523008,65376,3609.90,86.30,0.69,48
523008,65376,1262.27,89.63,201.81,48
523008,65376,1889.03,84.22,88.93,48
523008,65376,1441.25,88.93,187.20,48
523008,65376,2712.11,86.40,39.53,48
523008,65376,2674.68,86.89,37.23,48
523392,65424,3840.48,88.67,0.28,48
523392,65424,-28.65,22.90,22.40,48
523392,65424,3508.00,85.43,0.26,48
523392,65424,-509.47,22.93,38.48,48
523392,65424,3661.51,87.10,1.92,48
523392,65424,-1963.83,24.46,193.87,48
523392,65424,205.71,21.59,6.45,48
523392,65424,-1124.32,23.48,78.72,48
523776,65472,3591.72,85.52,4.79,48
523776,65472,3846.50,89.03,0.65,48
523776,65472,-1728.80,23.94,174.28,48
523776,65472,3479.41,85.70,4.85,48
523776,65472,-716.52,23.43,45.03,48
523776,65472,1965.33,86.77,102.36,48
523776,65472,-1503.73,23.64,129.96,48
523776,65472,3317.94,86.97,14.37,48
524160,65520,3578.73,86.61,0.65,48
524160,65520,3210.40,86.90,22.15,48
524160,65520,-3249.97,19.41,320.05,48
524160,65520,2586.14,85.75,67.96,48
524160,65520,-1354.93,22.32,108.89,48
524160,65520,172.99,23.06,5.11,48
524160,65520,89.82,22.10,17.19,48
524160,65520,2779.55,89.13,61.37,48
524544,65568,3663.56,86.35,0.43,48
524544,65568,3049.72,87.06,33.73,48
524544,65568,-752.00,24.35,68.90,48
524544,65568,3607.96,85.05,0.02,48
524544,65568,2800.49,84.59,16.90,48
524544,65568,3187.36,86.83,43.90,48
524544,65568,2924.53,88.99,31.54,48
524544,65568,3478.56,87.41,2.47,48
524928,65616,3622.44,84.90,0.00,48
524928,65616,358.23,23.74,4.43,48
524928,65616,325.20,20.23,1.70,48
524928,65616,3635.91,85.71,0.43,48
524928,65616,1498.61,88.34,170.84,48
524928,65616,403.31,23.54,0.39,48
524928,65616,2884.48,87.98,32.78,48
524928,65616,3610.36,86.96,3.68,48
525312,65664,3655.23,87.02,0.00,48
525312,65664,-68.71,21.04,21.33,48
525312,65664,3246.67,85.44,3.40,48
525312,65664,1835.18,86.41,119.15,48
525312,65664,-1500.73,22.30,132.04,48
525312,65664,3520.70,85.72,1.28,48
525312,65664,-1598.26,23.26,141.43,48
525312,65664,3621.68,85.21,0.47,48
525696,65712,286.08,23.87,7.49,48
525696,65712,-1715.15,22.04,145.05,48
525696,65712,3097.94,88.96,34.91,48
525696,65712,-313.71,21.93,12.21,48
525696,65712,-1352.13,87.25,495.94,48
525696,65712,-1623.34,21.93,127.50,48
525696,65712,-1885.80,22.77,177.83,48
525696,65712,3681.93,86.88,1.79,48
526080,65760,2510.11,87.93,40.73,48
526080,65760,575.52,23.38,0.31,48
526080,65760,-308.15,23.48,26.76,48
526080,65760,3532.44,85.03,0.00,48
526080,65760,2804.34,87.03,22.49,48
526080,65760,-1356.34,26.23,118.82,48
526080,65760,3255.80,89.78,24.27,48
526080,65760,2435.05,85.28,72.09,48
526464,65808,-1218.96,88.29,490.51,48
526464,65808,-2112.25,24.09,192.21,48
526464,65808,3416.59,87.45,11.40,48
526464,65808,3890.09,90.20,1.37,48
526464,65808,2310.31,88.33,78.16,48
526464,65808,474.87,22.58,0.60,48
526464,65808,206.51,83.01,266.90,48
526464,65808,2539.55,84.76,32.39,48
526848,65856,-234.84,19.75,17.55,48
526848,65856,106.65,21.28,1.63,48
526848,65856,2932.25,86.46,14.30,48
526848,65856,2888.52,88.05,39.44,48
526848,65856,210.94,22.55,0.00,48
526848,65856,3279.60,89.25,20.68,48
526848,65856,-772.48,18.98,37.75,48
526848,65856,-322.87,22.42,25.24,48
527232,65904,-67.46,19.65,5.82,48
527232,65904,1370.01,90.39,198.17,48
527232,65904,3267.53,87.96,16.34,48
527232,65904,1366.14,84.81,147.19,48
527232,65904,3771.40,88.74,2.65,48
527232,65904,3024.92,86.43,13.54,48
527232,65904,2074.70,88.89,107.84,48
527232,65904,3184.35,88.41,19.21,48
527616,65952,-183.65,21.80,16.45,48
527616,65952,359.88,25.28,0.42,48
527616,65952,3604.98,85.42,0.69,48
527616,65952,3651.20,87.35,1.28,48
527616,65952,468.26,21.53,1.28,48
527616,65952,2711.31,87.18,23.43,48
527616,65952,3698.15,86.38,0.00,48
527616,65952,3730.88,87.93,0.45,48
528000,66000,3601.16,84.29,1.00,48
528000,66000,3146.73,85.93,49.10,48
528000,66000,2089.31,84.81,83.65,48
528000,66000,2863.52,88.26,37.82,48
528000,66000,-1762.21,23.63,167.70,48
528000,66000,3132.73,84.55,9.45,48
528000,66000,53.03,22.10,4.27,48
528000,66000,-757.17,84.59,409.59,48
528384,66048,-493.79,23.46,40.81,48
528384,66048,-1250.47,21.44,79.85,48
528384,66048,3647.70,85.62,0.43,48
528384,66048,1482.63,85.12,142.38,48
528384,66048,355.99,22.97,0.00,48
528384,66048,424.77,20.77,0.00,48
528384,66048,-531.78,22.91,43.09,48
528384,66048,3410.88,89.29,17.02,48
528768,66096,2333.28,86.04,58.62,48
528768,66096,2121.00,88.23,91.97,48
528768,66096,3545.52,86.47,1.01,48
528768,66096,103.61,24.49,9.55,48
528768,66096,3640.76,86.23,0.58,48
528768,66096,2885.28,89.33,53.49,48
528768,66096,-1350.44,21.95,114.24,48
528768,66096,-361.00,22.15,18.02,48
529152,66144,2768.48,87.24,38.85,48
529152,66144,-705.98,25.00,53.16,48
529152,66144,3147.55,85.30,28.66,48
529152,66144,3331.03,86.73,10.15,48
529152,66144,532.39,23.49,0.27,48
529152,66144,3384.96,86.12,8.57,48
529152,66144,3507.99,88.52,4.05,48
529152,66144,3018.64,86.16,40.51,48
529536,66192,3874.17,88.37,1.21,48
529536,66192,2185.50,86.63,77.17,48
529536,66192,3601.89,85.81,0.00,48
529536,66192,116.42,17.94,4.05,48
529536,66192,3206.82,88.29,17.38,48
529536,66192,274.92,23.12,1.48,48
529536,66192,3743.16,88.39,0.57,48
529536,66192,312.18,25.06,2.69,48
529920,66240,3771.94,89.10,0.00,48
529920,66240,1311.83,86.59,166.02,48
529920,66240,3177.26,86.28,33.76,48
529920,66240,138.96,23.11,8.72,48
529920,66240,1421.24,85.95,141.68,48
529920,66240,3375.85,89.93,15.37,48
529920,66240,-285.09,21.15,11.38,48
529920,66240,3440.73,86.06,2.41,48
530304,66288,-4851.30,21.93,519.75,48
530304,66288,1638.21,86.50,138.47,48
530304,66288,3171.26,85.30,6.24,48
530304,66288,379.82,20.81,0.19,48
530304,66288,-1662.01,24.16,154.89,48
530304,66288,2953.22,87.63,43.32,48
530304,66288,502.49,23.26,0.00,48
530304,66288,3625.97,88.12,3.94,48
530688,66336,-2366.61,24.95,228.68,48
530688,66336,3365.48,86.01,1.94,48
530688,66336,1667.91,86.96,135.10,48
530688,66336,2462.18,88.25,63.07,48
530688,66336,3893.30,89.24,0.28,48
530688,66336,3452.70,86.87,18.12,48
530688,66336,143.80,22.42,8.88,48
530688,66336,-936.91,22.18,74.72,48
531072,66384,2827.14,84.53,22.23,48
531072,66384,1730.67,88.09,145.88,48
531072,66384,2924.93,88.01,24.80,48
531072,66384,-249.73,21.32,14.28,48
531072,66384,456.04,21.02,0.01,48
531072,66384,2296.36,84.63,53.90,48
531072,66384,3364.54,85.77,4.43,48
531072,66384,-1087.36,88.55,484.05,48
531456,66432,2808.26,86.67,24.90,48
531456,66432,2902.07,87.51,31.33,48
531456,66432,3600.33,86.91,0.58,48
531456,66432,-2160.97,25.94,226.10,48
531456,66432,2917.10,85.00,15.97,48
531456,66432,3786.73,88.29,0.00,48
531456,66432,3546.80,85.61,0.31,48
531456,66432,3758.57,87.68,0.69,48
531840,66480,1382.77,84.67,133.57,48
531840,66480,3848.21,88.62,0.10,48
531840,66480,3584.36,86.21,0.00,48
531840,66480,3264.61,84.09,10.55,48
531840,66480,3721.13,86.93,0.43,48
531840,66480,3554.12,85.99,0.74,48
531840,66480,3878.42,89.46,0.00,48
531840,66480,232.06,21.48,0.43,48
532224,66528,2621.82,89.06,56.56,48
532224,66528,398.34,23.45,0.62,48
532224,66528,3267.77,87.51,25.63,48
532224,66528,3213.50,86.55,9.78,48
532224,66528,-2209.75,21.64,193.92,48
532224,66528,109.46,22.48,8.90,48
532224,66528,278.87,18.39,0.39,48
532224,66528,-1080.31,25.00,70.44,48
532608,66576,3665.55,86.33,0.66,48
532608,66576,1971.88,86.42,106.07,48
532608,66576,2362.47,86.38,58.33,48
532608,66576,3729.45,86.10,0.18,48
532608,66576,2846.84,88.90,37.03,48
532608,66576,-1500.82,20.13,114.11,48
532608,66576,139.90,22.14,16.83,48
532608,66576,-643.55,23.53,35.30,48
532992,66624,3516.62,89.33,13.99,48
532992,66624,-1900.17,22.81,179.09,48
532992,66624,3668.60,88.23,4.00,48
532992,66624,-458.27,19.05,32.49,48
532992,66624,837.21,89.19,264.83,48
532992,66624,-2027.54,88.60,601.43,48
532992,66624,2527.91,84.09,25.78,48
532992,66624,-1474.83,22.41,132.26,48
533376,66672,-127.09,24.33,36.74,48
533376,66672,-230.34,20.72,25.92,48
533376,66672,3688.94,87.88,3.27,48
533376,66672,-52.93,21.42,2.17,48
533376,66672,2682.58,85.73,27.97,48
533376,66672,3437.74,85.07,1.59,48
533376,66672,3389.11,88.43,21.46,48
533376,66672,-1347.02,20.58,114.05,48
533760,66720,15.46,22.60,20.22,48
533760,66720,3637.34,87.11,1.24,48
533760,66720,-660.56,87.35,420.07,48
533760,66720,1394.75,86.33,171.69,48
533760,66720,3321.44,85.40,3.47,48
533760,66720,-672.80,24.23,43.58,48
533760,66720,3082.35,87.35,26.56,48
533760,66720,411.17,22.46,3.05,48
534144,66768,3135.41,88.66,26.37,48
534144,66768,1851.73,86.54,116.00,48
534144,66768,3013.73,85.26,22.80,48
534144,66768,2268.97,85.44,77.64,48
534144,66768,3623.12,86.91,5.18,48
534144,66768,-24.94,24.78,14.46,48
534144,66768,3487.77,85.54,1.17,48
534144,66768,3329.31,85.43,5.29,48
534528,66816,3714.05,85.60,0.18,48
534528,66816,368.44,22.41,0.00,48
534528,66816,1578.81,87.85,148.35,48
534528,66816,355.27,23.34,2.25,48
534528,66816,3466.49,85.08,4.37,48
534528,66816,1896.21,86.59,101.38,48
534528,66816,3138.13,85.65,7.69,48
534528,66816,1795.44,86.44,121.24,48
534912,66864,2285.09,89.43,93.57,48
534912,66864,1289.66,90.52,209.05,48
534912,66864,-909.58,23.06,63.41,48
534912,66864,3422.48,90.09,30.53,48
534912,66864,114.94,22.08,2.78,48
534912,66864,-880.24,25.64,66.56,48
534912,66864,3541.53,87.75,2.47,48
534912,66864,1485.12,88.81,168.29,48
535296,66912,-268.86,20.06,33.76,48
535296,66912,3501.27,84.84,1.67,48
535296,66912,375.81,21.57,0.32,48
535296,66912,3915.48,88.92,0.00,48
535296,66912,2524.61,85.89,35.12,48
535296,66912,-142.62,23.90,7.34,48
535296,66912,3699.20,88.07,0.70,48
535296,66912,2839.92,85.32,32.88,48
535680,66960,276.26,23.63,1.29,48
535680,66960,3505.15,85.94,0.61,48
535680,66960,2048.74,84.62,100.20,48
535680,66960,3302.50,84.22,5.81,48
535680,66960,3631.33,87.83,2.48,48
535680,66960,1840.02,87.27,116.78,48
535680,66960,-40.77,25.15,27.77,48
535680,66960,1785.92,83.78,118.72,48
536064,67008,2763.25,88.29,31.54,48
536064,67008,-1012.64,22.04,69.13,48
536064,67008,3839.18,89.61,2.43,48
536064,67008,3005.45,85.30,13.89,48
536064,67008,3723.46,86.56,0.35,48
536064,67008,3746.53,88.43,14.75,48
536064,67008,2912.08,86.52,14.50,48
536064,67008,3847.34,88.57,0.10,48
536448,67056,2465.46,87.70,62.89,48
536448,67056,-44.90,87.88,339.35,48
536448,67056,3233.45,83.87,10.49,48
536448,67056,3735.31,87.28,0.65,48
536448,67056,3495.82,89.16,14.76,48
536448,67056,-1650.68,24.06,136.56,48
536448,67056,-562.60,83.93,363.59,48
536448,67056,3676.91,89.11,5.21,48
536832,67104,-1665.09,20.75,162.37,48
536832,67104,2068.79,88.53,119.51,48
536832,67104,1732.42,85.35,107.56,48
536832,67104,-1023.02,19.35,67.20,48
536832,67104,3479.42,85.87,0.31,48
536832,67104,3888.38,89.73,0.10,48
536832,67104,3624.26,85.74,3.51,48
536832,67104,-1078.40,20.54,78.14,48
537216,67152,1152.13,85.87,193.30,48
537216,67152,3811.71,87.70,0.27,48
537216,67152,3651.96,87.38,1.28,48
537216,67152,-356.68,21.92,36.11,48
537216,67152,3843.94,90.14,1.29,48
537216,67152,155.27,22.82,17.90,48
537216,67152,3466.03,88.04,4.86,48
537216,67152,271.00,19.69,1.19,48
537600,67200,2725.94,87.47,40.98,48
537600,67200,-99.16,23.59,28.22,48
537600,67200,-424.49,23.49,27.54,48
537600,67200,-543.58,20.27,21.00,48
537600,67200,2275.34,87.32,91.94,48
537600,67200,1477.07,85.17,141.51,48
537600,67200,-1862.53,22.90,154.03,48
537600,67200,2079.58,86.73,100.15,48
537984,67248,2070.05,84.80,78.97,48
537984,67248,-68.79,20.53,16.93,48
537984,67248,2825.26,84.11,20.02,48
537984,67248,3536.44,85.55,1.28,48
537984,67248,3229.04,86.03,13.44,48
537984,67248,3576.19,90.27,12.49,48
537984,67248,574.95,86.34,264.14,48
537984,67248,-153.40,24.53,32.25,48
538368,67296,-260.17,22.39,31.16,48
538368,67296,3236.21,87.31,14.29,48
538368,67296,-1357.39,21.27,110.99,48
538368,67296,2446.36,82.06,17.18,48
538368,67296,2465.81,87.64,69.72,48
538368,67296,306.57,20.65,4.49,48
538368,67296,3581.80,85.71,1.28,48
538368,67296,260.66,21.29,2.87,48
538752,67344,3783.30,89.80,13.72,48
538752,67344,3645.81,85.85,0.00,48
538752,67344,3770.54,87.80,0.00,48
538752,67344,1489.97,88.37,162.97,48
538752,67344,3655.40,90.12,3.86,48
538752,67344,3674.13,87.85,0.74,48
538752,67344,3539.79,85.65,1.26,48
538752,67344,-522.34,23.74,31.64,48
539136,67392,188.02,18.65,1.33,48
539136,67392,3768.15,89.59,6.70,48
539136,67392,1723.28,84.56,106.09,48
539136,67392,3969.84,89.60,0.61,48
539136,67392,376.34,22.49,1.63,48
539136,67392,373.25,21.37,0.01,48
539136,67392,2908.61,88.30,29.21,48
539136,67392,3495.12,89.07,9.99,48
539520,67440,1832.39,88.42,121.76,48
539520,67440,163.72,86.73,315.24,48
539520,67440,-1665.25,22.64,156.28,48
539520,67440,2814.90,89.26,44.48,48
539520,67440,2807.25,88.65,51.12,48
539520,67440,432.62,22.37,0.00,48
539520,67440,355.22,22.32,2.55,48
539520,67440,3642.41,86.78,1.06,48
539904,67488,3859.07,88.74,0.01,48
539904,67488,36.05,85.41,325.24,48
539904,67488,3358.84,88.94,17.31,48
539904,67488,371.64,22.23,1.22,48
539904,67488,1964.34,88.05,101.06,48
539904,67488,2868.48,86.74,36.56,48
539904,67488,1806.37,85.74,113.68,48
539904,67488,1860.09,84.56,101.25,48
540288,67536,3458.32,85.93,0.39,48
540288,67536,-4903.20,21.90,520.57,48
540288,67536,2684.11,88.38,53.84,48
540288,67536,132.71,17.42,1.94,48
540288,67536,3310.05,86.36,9.05,48
540288,67536,-239.38,21.93,17.86,48
540288,67536,2393.93,89.51,74.58,48
540288,67536,2034.44,85.43,86.80,48
540672,67584,3322.27,89.16,11.24,48
540672,67584,3645.57,88.19,1.82,48
540672,67584,3582.65,86.04,0.65,48
540672,67584,3171.52,87.08,15.61,48
540672,67584,3404.07,87.53,16.85,48
540672,67584,3725.97,87.04,0.00,48
540672,67584,-52.67,21.50,29.74,48
540672,67584,3855.52,89.01,0.71,48
541056,67632,-763.84,22.77,53.54,48
541056,67632,-1853.26,25.39,162.19,48
541056,67632,1939.96,84.20,92.95,48
541056,67632,3743.50,87.81,2.73,48
541056,67632,24.87,21.39,3.27,48
541056,67632,3608.69,86.01,0.83,48
541056,67632,2611.75,85.98,40.01,48
541056,67632,3217.83,88.93,42.84,48
541440,67680,393.46,20.78,0.81,48
541440,67680,1695.81,85.63,118.59,48
541440,67680,536.12,22.85,0.00,48
541440,67680,638.32,86.02,250.79,48
541440,67680,-1531.02,23.53,121.44,48
541440,67680,3244.38,89.98,22.67,48
541440,67680,2338.77,85.30,52.67,48
541440,67680,420.07,20.82,0.65,48
541824,67728,2871.70,85.94,32.46,48
541824,67728,2578.00,87.24,42.44,48
541824,67728,-431.03,20.90,35.22,48
541824,67728,3662.40,86.82,1.44,48
541824,67728,373.48,21.23,1.37,48
541824,67728,-1012.92,22.71,87.98,48
541824,67728,3164.59,86.98,5.93,48
541824,67728,-524.91,19.87,30.97,48
542208,67776,21.17,17.26,9.68,48
542208,67776,2479.96,84.37,30.62,48
542208,67776,-1483.53,22.44,126.68,48
542208,67776,3598.72,86.63,1.24,48
542208,67776,-2453.27,25.99,244.30,48
542208,67776,2131.09,86.56,89.26,48
542208,67776,2784.37,87.30,44.90,48
542208,67776,-1811.46,22.94,153.14,48
542592,67824,33.36,20.99,1.78,48
542592,67824,3493.23,83.48,0.61,48
542592,67824,-388.35,22.69,16.41,48
542592,67824,-2258.24,23.68,207.76,48
542592,67824,-1311.48,89.69,523.84,48
542592,67824,2061.67,84.85,78.43,48
542592,67824,3703.67,89.03,2.38,48
542592,67824,3495.33,85.63,4.05,48
542976,67872,3264.04,87.05,10.77,48
542976,67872,3386.28,87.19,3.02,48
542976,67872,-1143.07,19.51,60.51,48
542976,67872,2672.07,85.89,38.12,48
542976,67872,3096.19,85.44,7.41,48
542976,67872,327.51,20.86,2.69,48
542976,67872,-5168.07,24.35,573.05,48
542976,67872,-1662.56,21.36,135.98,48
543360,67920,206.86,22.44,0.10,48
543360,67920,3716.23,86.73,0.61,48
543360,67920,3135.58,90.22,35.70,48
543360,67920,-2094.11,23.31,206.58,48
543360,67920,3702.79,88.80,2.65,48
543360,67920,3312.71,87.84,15.46,48
543360,67920,317.89,23.51,3.97,48
543360,67920,203.45,23.09,8.63,48
543744,67968,3685.27,86.36,0.32,48
543744,67968,3724.18,87.72,0.19,48
543744,67968,45.87,24.51,8.78,48
543744,67968,2794.90,88.81,45.28,48
543744,67968,2690.88,86.32,29.08,48
543744,67968,-187.77,20.32,24.66,48
543744,67968,2750.94,88.56,55.33,48
543744,67968,3839.53,89.06,0.39,48
544128,68016,3344.42,83.47,2.31,48
544128,68016,-1642.83,22.80,130.83,48
544128,68016,362.31,26.00,4.63,48
544128,68016,-1739.45,20.94,142.32,48
544128,68016,593.03,23.96,0.00,48
544128,68016,3182.62,89.59,12.70,48
544128,68016,2632.39,86.91,51.55,48
544128,68016,349.39,22.60,1.52,48
544512,68064,1973.55,89.12,122.76,48
544512,68064,3738.64,87.07,0.28,48
544512,68064,1998.24,83.79,83.82,48
544512,68064,-903.81,21.01,45.62,48
544512,68064,3632.45,87.11,0.00,48
544512,68064,-2091.98,22.84,187.03,48
544512,68064,-1283.36,18.30,87.10,48
544512,68064,-1552.03,20.98,118.22,48
544896,68112,274.44,19.85,2.14,48
544896,68112,282.23,19.23,0.18,48
544896,68112,3687.27,86.48,0.19,48
544896,68112,-1494.41,20.57,124.34,48
544896,68112,3043.19,86.31,25.10,48
544896,68112,127.22,21.64,1.46,48
544896,68112,376.11,85.00,285.64,48
544896,68112,-544.72,24.55,33.69,48
545280,68160,3482.72,86.92,2.15,48
545280,68160,3768.27,87.94,1.64,48
545280,68160,3103.44,87.87,13.02,48
545280,68160,3581.39,87.08,2.22,48
545280,68160,1574.07,85.69,135.81,48
545280,68160,-681.32,24.62,40.93,48
545280,68160,348.79,21.23,0.23,48
545280,68160,3578.42,85.82,0.66,48
545664,68208,-1370.42,22.85,113.67,48
545664,68208,2529.77,87.54,38.57,48
545664,68208,397.29,23.51,1.33,48
545664,68208,3623.47,85.90,0.58,48
545664,68208,378.80,24.59,4.70,48
545664,68208,1349.91,87.49,176.39,48
545664,68208,3454.45,86.59,10.70,48
545664,68208,2482.37,85.94,47.09,48
546048,68256,2190.28,88.59,88.74,48
546048,68256,3117.20,85.71,21.65,48
546048,68256,-1099.96,23.50,100.64,48
546048,68256,103.55,22.44,0.62,48
546048,68256,-335.60,19.60,27.38,48
546048,68256,-467.82,23.14,39.55,48
546048,68256,3593.77,86.59,0.10,48
546048,68256,3649.56,88.91,6.35,48
546432,68304,-1840.47,22.49,174.82,48
546432,68304,-20.03,21.23,12.71,48
546432,68304,3720.75,86.45,1.24,48
546432,68304,3499.00,85.83,1.24,48
546432,68304,3919.84,89.56,0.31,48
546432,68304,3472.50,86.06,5.83,48
546432,68304,3615.68,85.30,0.00,48
546432,68304,1963.36,88.52,108.42,48
546816,68352,276.34,22.19,5.13,48
546816,68352,3622.92,88.66,11.81,48
546816,68352,3818.88,88.29,0.21,48
546816,68352,1980.98,89.27,123.08,48
546816,68352,226.60,20.26,1.70,48
546816,68352,3173.83,85.92,6.75,48
546816,68352,3836.28,89.20,0.19,48
546816,68352,-170.25,22.46,19.55,48
547200,68400,-138.45,20.38,12.44,48
547200,68400,3265.04,88.80,21.22,48
547200,68400,134.03,23.72,13.69,48
547200,68400,-1718.86,20.09,141.88,48
547200,68400,1015.34,88.49,228.11,48
547200,68400,-997.75,25.30,82.56,48
547200,68400,-744.32,21.67,48.46,48
547200,68400,289.09,21.62,5.49,48
547584,68448,1873.53,88.10,117.41,48
547584,68448,1579.26,86.91,145.07,48
547584,68448,3612.54,88.68,3.75,48
547584,68448,-13.72,20.61,7.46,48
547584,68448,-982.18,87.04,445.66,48
547584,68448,-564.55,25.87,48.82,48
547584,68448,3965.04,89.53,0.01,48
547584,68448,3565.59,87.57,10.43,48
547968,68496,-164.00,20.37,17.62,48
547968,68496,2705.84,88.19,34.10,48
547968,68496,3388.98,90.79,35.82,48
547968,68496,2268.25,88.55,87.59,48
547968,68496,1590.42,88.87,157.66,48
547968,68496,-1981.84,25.61,184.49,48
547968,68496,3418.79,86.94,6.30,48
547968,68496,352.60,21.57,0.05,48
548352,68544,-2177.00,24.29,206.18,48
548352,68544,3713.51,89.38,2.26,48
548352,68544,2595.71,84.90,54.75,48
548352,68544,3766.23,89.13,1.70,48
548352,68544,-898.19,24.12,54.22,48
548352,68544,2044.52,86.19,97.32,48
548352,68544,-1416.68,21.46,107.82,48
548352,68544,3501.28,86.21,8.53,48
548736,68592,302.72,20.43,0.76,48
548736,68592,2893.04,88.04,45.68,48
548736,68592,3222.23,87.27,12.28,48
548736,68592,3599.02,89.79,5.06,48
548736,68592,3884.94,90.21,0.00,48
548736,68592,450.81,22.65,0.95,48
548736,68592,442.14,20.61,0.18,48
548736,68592,2485.34,86.43,73.63,48
549120,68640,3135.23,88.55,18.69,48
549120,68640,-920.87,23.99,60.45,48
549120,68640,3517.37,84.54,2.26,48
549120,68640,321.17,22.88,2.42,48
549120,68640,2479.91,88.59,69.23,48
549120,68640,3158.74,82.98,9.06,48
549120,68640,3605.90,87.16,1.87,48
549120,68640,-688.35,20.70,36.23,48
549504,68688,-1186.07,84.10,454.22,48
549504,68688,3755.05,88.21,0.26,48
549504,68688,1673.49,85.87,120.14,48
549504,68688,3310.53,88.76,17.64,48
549504,68688,3139.75,87.32,13.01,48
549504,68688,3411.56,88.15,8.34,48
549504,68688,1898.10,85.47,109.14,48
549504,68688,3131.01,87.97,31.38,48
549888,68736,1143.35,87.06,191.49,48
549888,68736,-453.39,23.05,38.92,48
549888,68736,3046.07,85.28,18.83,48
549888,68736,1905.46,89.76,155.30,48
549888,68736,2395.30,85.93,47.51,48
549888,68736,37.87,19.02,8.43,48
549888,68736,3710.07,88.71,0.83,48
549888,68736,2936.39,89.40,32.51,48
550272,68784,1740.25,84.94,107.94,48
550272,68784,3579.67,90.00,18.34,48
550272,68784,3692.43,88.16,2.39,48
550272,68784,488.77,22.72,0.00,48
550272,68784,3790.69,87.77,0.05,48
550272,68784,3489.90,85.69,4.66,48
550272,68784,3336.18,86.00,1.48,48
550272,68784,3505.57,84.70,2.53,48
550656,68832,3700.27,87.30,0.27,48
550656,68832,3780.05,87.69,0.19,48
550656,68832,1629.47,88.02,148.12,48
550656,68832,1843.53,87.67,120.28,48
550656,68832,-2048.61,21.35,176.40,48
550656,68832,3368.71,85.68,3.63,48
550656,68832,-875.87,19.94,60.77,48
550656,68832,-1331.88,86.43,495.53,48
551040,68880,353.84,21.96,0.00,48
551040,68880,3609.41,85.33,2.39,48
551040,68880,-36.38,24.51,24.41,48
551040,68880,7.00,23.00,12.56,48
551040,68880,2423.46,88.56,68.04,48
551040,68880,-2.62,19.60,1.61,48
551040,68880,-1457.55,20.36,106.44,48
551040,68880,3445.67,88.46,15.25,48
551424,68928,1817.91,86.21,113.86,48
551424,68928,-418.21,19.69,31.61,48
551424,68928,3606.50,87.75,1.54,48
551424,68928,951.12,87.95,241.56,48
551424,68928,3567.35,85.53,5.44,48
551424,68928,3781.32,88.54,0.19,48
551424,68928,3379.82,87.37,15.45,48
551424,68928,3604.78,88.42,1.84,48
551808,68976,2737.76,88.12,41.30,48
551808,68976,2803.54,84.97,27.05,48
551808,68976,108.05,20.67,4.49,48
551808,68976,3576.95,86.23,0.00,48
551808,68976,3635.43,87.49,0.00,48
551808,68976,1914.79,85.98,98.79,48
551808,68976,1833.86,85.34,99.43,48
551808,68976,-3297.87,20.20,302.81,48
552192,69024,3337.45,89.02,17.57,48
552192,69024,3796.35,89.04,0.31,48
552192,69024,-1774.27,23.43,147.28,48
552192,69024,378.73,24.55,1.31,48
552192,69024,2345.29,84.93,53.79,48
552192,69024,346.52,22.13,1.01,48
552192,69024,1499.05,88.25,168.75,48
552192,69024,3393.93,88.36,17.17,48
552576,69072,2949.66,83.51,5.52,48
552576,69072,3110.55,88.06,14.75,48
552576,69072,3136.27,88.32,10.83,48
552576,69072,3498.07,85.54,0.62,48
552576,69072,-735.01,21.02,44.63,48
552576,69072,-5247.03,23.21,557.98,48
552576,69072,-1173.76,22.79,76.69,48
552576,69072,3185.77,84.63,13.84,48
552960,69120,2744.12,86.60,28.70,48
552960,69120,3325.36,88.22,12.37,48
552960,69120,1481.72,86.12,142.91,48
552960,69120,3825.84,89.75,2.26,48
552960,69120,3732.38,88.87,0.86,48
552960,69120,-268.54,25.77,30.55,48
552960,69120,-1787.14,26.35,179.79,48
552960,69120,-1127.80,17.86,49.31,48
553344,69168,2952.16,87.87,29.13,48
553344,69168,-303.51,24.64,24.35,48
553344,69168,2544.14,85.44,27.55,48
553344,69168,3545.33,88.36,2.30,48
553344,69168,3463.59,86.13,4.71,48
553344,69168,2733.61,88.18,43.25,48
553344,69168,2244.68,84.07,58.19,48
553344,69168,259.95,24.82,3.36,48
553728,69216,1554.16,83.04,137.38,48
553728,69216,-1750.87,21.05,168.05,48
553728,69216,1967.71,84.36,87.51,48
553728,69216,-799.82,20.96,56.12,48
553728,69216,2743.79,87.23,50.86,48
553728,69216,3511.16,86.10,5.39,48
553728,69216,2604.05,86.11,40.95,48
553728,69216,-1879.32,22.61,153.25,48
554112,69264,2457.62,87.80,66.35,48
554112,69264,-1326.46,24.39,109.13,48
554112,69264,-1394.51,22.55,115.73,48
554112,69264,456.31,22.19,0.00,48
554112,69264,3529.08,84.57,0.00,48
554112,69264,1636.68,87.32,144.80,48
554112,69264,-3700.43,23.25,375.04,48
554112,69264,3678.72,86.69,0.86,48
554496,69312,3281.34,86.30,17.68,48
554496,69312,3771.61,87.81,7.47,48
554496,69312,2356.86,88.12,68.22,48
554496,69312,3547.83,86.05,1.31,48
554496,69312,-1432.37,85.27,503.67,48
554496,69312,2252.68,87.47,80.06,48
554496,69312,103.21,23.60,13.08,48
554496,69312,3587.80,87.65,1.53,48
554880,69360,3337.82,86.31,6.51,48
554880,69360,420.72,23.87,0.61,48
554880,69360,-401.71,22.10,48.14,48
554880,69360,3454.03,85.31,4.92,48
554880,69360,3668.14,86.45,0.00,48
554880,69360,3664.91,85.47,0.00,48
554880,69360,3382.20,83.75,2.14,48
554880,69360,3513.37,87.01,9.28,48
555264,69408,3643.18,85.98,0.01,48
555264,69408,3721.78,86.46,0.00,48
555264,69408,2969.13,87.42,19.39,48
555264,69408,3814.18,88.44,0.66,48
555264,69408,3623.64,88.71,4.88,48
555264,69408,-1586.09,87.26,534.00,48
555264,69408,1346.00,90.48,211.22,48
555264,69408,3343.74,84.81,6.83,48
555648,69456,-5043.40,22.44,538.01,48
555648,69456,2558.21,86.97,51.83,48
555648,69456,161.22,23.78,4.27,48
555648,69456,3928.88,89.89,2.26,48
555648,69456,2388.47,88.45,69.40,48
555648,69456,1818.07,85.78,101.24,48
555648,69456,-379.32,20.17,19.54,48
555648,69456,3875.66,89.45,0.18,48
556032,69504,3923.26,89.61,0.00,48
556032,69504,-719.51,22.26,42.59,48
556032,69504,1730.67,85.11,141.97,48
556032,69504,3694.31,89.06,10.00,48
556032,69504,3319.34,90.24,18.75,48
556032,69504,-664.82,21.39,45.74,48
556032,69504,1984.10,88.26,111.11,48
556032,69504,3699.72,88.32,0.56,48
556416,69552,1998.78,86.93,104.02,48
556416,69552,391.36,22.08,0.19,48
556416,69552,451.02,20.89,1.37,48
556416,69552,-1934.14,22.46,175.08,48
556416,69552,-715.50,23.65,54.96,48
556416,69552,74.18,19.56,2.04,48
556416,69552,3775.20,87.19,0.00,48
556416,69552,3309.52,89.08,20.81,48
556800,69600,3209.00,85.83,15.49,48
556800,69600,-1639.26,21.19,152.68,48
556800,69600,-758.05,25.23,61.34,48
556800,69600,-237.39,89.69,387.80,48
556800,69600,2260.90,87.11,63.81,48
556800,69600,3724.73,86.53,3.77,48
556800,69600,3366.30,89.00,21.20,48
556800,69600,-547.95,20.24,46.06,48
557184,69648,-1547.15,21.76,128.02,48
557184,69648,89.54,20.99,5.95,48
557184,69648,2868.34,88.42,35.32,48
557184,69648,3734.21,88.50,1.54,48
557184,69648,2019.18,85.25,86.62,48
557184,69648,3507.03,89.67,11.16,48
557184,69648,3596.21,84.59,1.28,48
557184,69648,3492.18,85.60,0.86,48
557568,69696,24.30,23.49,26.49,48
557568,69696,2783.91,90.14,42.47,48
557568,69696,3521.12,87.57,8.97,48
557568,69696,-1574.01,23.57,130.20,48
557568,69696,3623.02,89.16,6.49,48
557568,69696,-765.48,22.61,35.30,48
557568,69696,3286.08,86.63,13.34,48
557568,69696,2968.98,89.89,50.38,48
557952,69744,277.93,21.20,0.88,48
557952,69744,2814.52,86.54,23.20,48
557952,69744,-26.37,22.26,6.48,48
557952,69744,-861.66,21.68,71.32,48
557952,69744,2371.49,88.70,81.80,48
557952,69744,3293.66,89.43,21.23,48
557952,69744,524.40,23.54,0.01,48
557952,69744,2679.95,88.23,48.44,48
558336,69792,-829.18,25.62,66.78,48
558336,69792,-645.58,20.08,23.43,48
558336,69792,-2091.59,21.96,188.42,48
558336,69792,3787.56,89.23,0.01,48
558336,69792,3577.63,89.64,8.99,48
558336,69792,2435.77,88.75,74.70,48
558336,69792,-106.03,20.71,27.75,48
558336,69792,3504.43,87.09,4.00,48
558720,69840,3349.74,89.80,19.70,48
558720,69840,3767.60,88.02,1.45,48
558720,69840,615.07,23.37,0.66,48
558720,69840,2421.40,84.40,31.72,48
558720,69840,3710.54,88.61,0.00,48
558720,69840,3885.50,89.59,1.53,48
558720,69840,-5188.13,23.53,557.34,48
558720,69840,238.82,22.90,3.28,48
559104,69888,2358.88,88.54,89.08,48
559104,69888,-2267.16,23.57,205.23,48
559104,69888,3090.26,86.51,46.33,48
559104,69888,3670.46,86.45,0.00,48
559104,69888,-529.26,20.22,35.36,48
559104,69888,3870.96,88.35,0.00,48
559104,69888,291.75,22.25,0.27,48
559104,69888,2288.06,84.72,56.15,48
559488,69936,2896.13,85.96,31.43,48
559488,69936,3559.05,89.69,12.49,48
559488,69936,3837.79,90.40,5.11,48
559488,69936,2778.18,89.07,47.14,48
559488,69936,3202.74,84.49,6.16,48
559488,69936,3599.98,85.58,0.00,48
559488,69936,3570.76,88.23,5.36,48
559488,69936,3636.87,89.48,6.31,48
559872,69984,3677.39,86.23,0.18,48
559872,69984,3405.58,89.05,25.88,48
559872,69984,-4640.21,19.67,477.04,48
559872,69984,365.16,21.87,1.20,48
559872,69984,3355.28,88.55,13.75,48
559872,69984,3338.12,86.53,8.26,48
559872,69984,2225.65,87.38,67.44,48
559872,69984,3409.48,88.73,10.59,48
560256,70032,3528.42,87.57,2.37,48
560256,70032,3087.88,88.55,23.04,48
560256,70032,2696.52,88.57,41.80,48
560256,70032,3599.05,86.57,5.90,48
560256,70032,3485.94,85.58,0.72,48
560256,70032,-487.20,23.38,25.28,48
560256,70032,3652.92,88.82,0.19,48
560256,70032,3144.14,88.36,20.51,48
560640,70080,3431.20,89.26,22.66,48
560640,70080,2558.60,87.34,41.82,48
560640,70080,2226.84,91.16,119.94,48
560640,70080,2623.11,87.20,62.35,48
560640,70080,3880.28,89.17,2.19,48
560640,70080,3711.66,89.65,6.06,48
560640,70080,2856.32,86.56,49.84,48
560640,70080,3877.83,89.31,1.80,48
561024,70128,297.28,21.73,0.71,48
561024,70128,2956.91,88.80,55.51,48
561024,70128,595.81,22.77,1.14,48
561024,70128,442.83,23.97,0.18,48
561024,70128,-2197.33,25.72,224.31,48
561024,70128,3726.60,89.76,5.20,48
561024,70128,-741.44,22.55,49.24,48
561024,70128,-191.89,22.08,12.50,48
561408,70176,2458.61,85.69,36.37,48
561408,70176,-244.10,22.25,50.18,48
561408,70176,1977.40,86.34,97.51,48
561408,70176,1547.67,86.32,150.35,48
561408,70176,3198.00,86.07,23.89,48
561408,70176,3295.03,90.85,37.34,48
561408,70176,-2178.05,22.71,192.51,48
561408,70176,3155.98,89.75,19.40,48
561792,70224,237.79,20.55,4.18,48
561792,70224,-1403.36,25.39,153.18,48
561792,70224,2461.36,87.22,58.46,48
561792,70224,2492.61,86.08,42.88,48
561792,70224,3745.64,89.28,2.69,48
561792,70224,3506.22,87.34,1.51,48
561792,70224,-283.12,23.90,31.90,48
561792,70224,1556.41,88.97,178.79,48
562176,70272,3586.48,88.71,12.39,48
562176,70272,-2324.38,23.72,219.40,48
562176,70272,1366.58,85.42,152.14,48
562176,70272,3914.07,88.41,0.00,48
562176,70272,1715.86,90.72,170.18,48
562176,70272,-546.11,25.79,40.49,48
562176,70272,-1573.53,20.17,114.26,48
562176,70272,-1857.15,22.40,164.11,48
562560,70320,121.79,21.84,10.98,48
562560,70320,3836.67,90.21,3.08,48
562560,70320,304.91,21.99,5.01,48
562560,70320,3651.26,85.77,4.67,48
562560,70320,3545.46,87.02,5.89,48
562560,70320,3623.10,87.61,5.28,48
562560,70320,3868.65,89.34,0.10,48
562560,70320,156.60,25.25,7.17,48
562944,70368,1682.76,85.26,139.09,48
562944,70368,2484.70,88.44,61.79,48
562944,70368,3583.64,86.68,2.69,48
562944,70368,-1071.94,27.59,88.31,48
562944,70368,3833.15,88.49,0.00,48
562944,70368,2151.62,88.42,94.69,48
562944,70368,3711.86,87.22,0.83,48
562944,70368,2832.06,89.11,49.22,48
563328,70416,2546.54,87.49,58.01,48
563328,70416,3624.80,87.93,1.78,48
563328,70416,3461.15,88.66,7.87,48
563328,70416,1913.53,87.31,127.68,48
563328,70416,3738.43,88.52,0.60,48
563328,70416,45.29,23.47,34.78,48
563328,70416,-1364.65,23.23,111.33,48
563328,70416,1997.96,86.02,91.60,48
563712,70464,2159.80,87.17,96.48,48
563712,70464,128.70,21.37,11.11,48
563712,70464,-495.40,22.02,25.90,48
563712,70464,-354.71,20.91,28.67,48
563712,70464,3697.73,87.87,0.00,48
563712,70464,-398.62,22.70,37.35,48
563712,70464,1993.15,84.66,98.19,48
563712,70464,3632.04,90.80,9.99,48
564096,70512,1937.82,86.69,89.50,48
564096,70512,-943.25,22.23,57.97,48
564096,70512,-546.83,24.05,54.62,48
564096,70512,-125.47,23.63,15.31,48
564096,70512,-411.83,23.42,42.66,48
564096,70512,-2104.96,24.81,210.58,48
564096,70512,2808.37,86.11,15.46,48
564096,70512,3136.43,86.09,29.13,48
564480,70560,3554.27,86.40,3.96,48
564480,70560,1123.03,86.82,197.58,48
564480,70560,-1945.91,21.97,178.55,48
564480,70560,183.61,23.83,2.81,48
564480,70560,-464.35,22.24,34.58,48
564480,70560,-1457.02,21.77,113.86,48
564480,70560,184.36,23.60,3.13,48
564480,70560,3927.72,89.75,1.83,48
564864,70608,3585.35,86.13,0.57,48
564864,70608,3560.30,87.87,2.77,48
564864,70608,79.00,21.05,1.24,48
564864,70608,1649.76,87.75,147.75,48
564864,70608,2749.88,87.36,40.92,48
564864,70608,413.56,23.07,0.00,48
564864,70608,4014.33,90.88,2.59,48
564864,70608,3699.18,88.62,4.33,48
565248,70656,-1370.18,20.11,110.99,48
565248,70656,3520.18,85.17,2.15,48
565248,70656,-1257.96,22.41,91.51,48
565248,70656,2038.23,87.67,108.17,48
565248,70656,3751.86,86.93,0.00,48
565248,70656,3730.83,90.20,7.80,48
565248,70656,1508.08,88.76,189.62,48
565248,70656,1603.02,84.98,131.69,48
565632,70704,-4644.20,21.60,513.86,48
565632,70704,1451.11,87.93,184.20,48
565632,70704,2256.22,88.04,81.29,48
565632,70704,1505.98,84.63,157.76,48
565632,70704,236.95,26.07,0.54,48
565632,70704,3855.23,91.09,3.29,48
565632,70704,-430.80,87.21,370.67,48
565632,70704,3774.86,89.05,0.00,48
566016,70752,3690.57,90.79,8.69,48
566016,70752,3543.88,86.20,1.58,48
566016,70752,3841.24,89.24,2.80,48
566016,70752,2666.90,88.36,43.59,48
566016,70752,2587.33,88.86,54.34,48
566016,70752,426.58,24.76,1.39,48
566016,70752,-1549.67,87.01,515.68,48
566016,70752,1335.96,90.00,202.65,48
566400,70800,3028.91,89.74,39.09,48
566400,70800,3583.05,87.77,0.31,48
566400,70800,224.26,21.34,3.40,48
566400,70800,-19.95,23.36,11.30,48
566400,70800,322.40,21.49,4.05,48
566400,70800,3578.24,85.34,0.23,48
566400,70800,-29.12,21.85,25.99,48
566400,70800,1362.58,86.34,171.04,48
566784,70848,3175.73,89.20,18.86,48
566784,70848,2084.86,84.87,83.04,48
566784,70848,2010.27,86.29,89.97,48
566784,70848,2858.88,87.54,20.17,48
566784,70848,3747.90,87.55,0.61,48
566784,70848,3539.93,86.18,7.18,48
566784,70848,3761.05,88.63,3.06,48
566784,70848,2001.06,89.37,116.81,48
567168,70896,3664.94,86.86,0.54,48
567168,70896,3916.69,89.95,0.43,48
567168,70896,2838.31,88.26,24.84,48
567168,70896,-4224.31,23.90,440.27,48
567168,70896,1631.37,85.79,142.82,48
567168,70896,3522.17,86.27,2.81,48
567168,70896,3964.20,90.67,0.01,48
567168,70896,-1339.10,23.78,118.06,48
567552,70944,3449.63,87.63,6.03,48
567552,70944,1718.70,88.23,143.55,48
567552,70944,3828.10,89.62,0.05,48
567552,70944,3433.99,85.77,1.64,48
567552,70944,3424.77,87.12,4.34,48
567552,70944,-52.55,27.51,42.56,48
567552,70944,2423.41,88.51,63.60,48
567552,70944,3727.97,87.41,0.00,48
567936,70992,1562.15,87.97,155.06,48
567936,70992,-1496.97,87.44,511.00,48
567936,70992,3735.32,87.71,0.38,48
567936,70992,-373.76,89.07,400.21,48
567936,70992,3682.09,87.27,0.00,48
567936,70992,3766.32,88.61,0.69,48
567936,70992,3792.41,89.70,0.81,48
567936,70992,3748.52,88.74,10.47,48
568320,71040,-1.02,23.05,13.88,48
568320,71040,-222.51,21.88,13.56,48
568320,71040,2659.25,87.10,42.25,48
568320,71040,-946.94,24.40,80.17,48
568320,71040,3582.02,84.25,1.46,48
568320,71040,276.08,24.57,3.46,48
568320,71040,3613.81,87.97,2.03,48
568320,71040,2898.59,86.69,17.07,48
568704,71088,3472.23,88.92,17.07,48
568704,71088,2506.06,87.21,61.67,48
568704,71088,-1482.41,23.85,127.54,48
568704,71088,2026.38,88.42,105.53,48
568704,71088,3523.71,88.30,4.46,48
568704,71088,-612.48,22.66,46.14,48
568704,71088,-3802.29,21.78,384.53,48
568704,71088,3740.71,85.74,0.88,48
569088,71136,2507.16,90.70,67.63,48
569088,71136,3859.95,89.10,1.49,48
569088,71136,3512.51,88.31,8.64,48
569088,71136,3227.51,88.29,13.84,48
569088,71136,3267.91,89.28,21.28,48
569088,71136,3673.27,87.48,0.00,48
569088,71136,3876.88,89.27,0.58,48
569088,71136,671.76,23.96,0.00,48
569472,71184,3737.08,88.07,2.26,48
569472,71184,2029.42,86.93,100.69,48
569472,71184,1560.32,85.97,145.42,48
569472,71184,3817.33,89.51,0.10,48
569472,71184,1374.20,88.38,179.36,48
569472,71184,3650.80,87.17,0.10,48
569472,71184,-1634.63,21.03,143.25,48
569472,71184,3159.29,89.10,12.32,48
569856,71232,245.91,21.51,13.36,48
569856,71232,-1465.32,22.03,130.15,48
569856,71232,3716.91,87.06,1.38,48
569856,71232,340.80,21.73,0.00,48
569856,71232,3235.09,84.59,2.47,48
569856,71232,-1825.40,24.01,166.64,48
569856,71232,-5498.56,24.08,597.87,48
569856,71232,2882.32,88.22,47.81,48
570240,71280,3650.88,85.89,3.24,48
570240,71280,2756.91,88.69,48.01,48
570240,71280,3870.94,89.60,0.19,48
570240,71280,1487.23,87.99,170.53,48
570240,71280,3813.07,87.50,0.00,48
570240,71280,1824.22,87.18,113.10,48
570240,71280,-1295.92,23.50,109.23,48
570240,71280,3743.94,87.02,0.61,48
570624,71328,-195.31,21.97,14.67,48
570624,71328,623.37,23.33,0.26,48
570624,71328,1917.56,86.47,106.23,48
570624,71328,3006.74,86.63,37.15,48
570624,71328,1897.39,87.16,119.00,48
570624,71328,-146.85,21.41,11.98,48
570624,71328,2021.92,86.97,105.15,48
570624,71328,3047.85,87.77,31.25,48
571008,71376,98.72,24.34,11.00,48
571008,71376,3635.81,87.55,0.10,48
571008,71376,2672.17,90.06,48.80,48
571008,71376,1690.86,84.12,107.16,48
571008,71376,2426.43,89.88,82.10,48
571008,71376,3740.90,88.48,0.28,48
571008,71376,1455.15,87.83,160.21,48
571008,71376,1910.33,87.02,114.76,48
571392,71424,211.68,21.30,3.08,48
571392,71424,-4875.24,23.37,548.35,48
571392,71424,3703.75,87.03,0.00,48
571392,71424,3610.47,86.46,0.62,48
571392,71424,-1555.25,24.73,136.81,48
571392,71424,2936.33,87.41,24.23,48
571392,71424,1839.65,87.84,130.96,48
571392,71424,1725.90,84.94,112.45,48
571776,71472,-836.48,25.64,57.39,48
571776,71472,3557.83,84.83,0.00,48
571776,71472,1643.83,86.63,135.58,48
571776,71472,3492.85,86.28,2.04,48
571776,71472,3984.50,90.70,0.39,48
571776,71472,1400.61,87.47,157.53,48
571776,71472,1777.98,88.09,128.14,48
571776,71472,3584.66,87.22,0.88,48
572160,71520,3787.83,89.49,2.37,48
572160,71520,2167.10,90.15,109.44,48
572160,71520,3523.31,87.96,7.26,48
572160,71520,-1817.88,24.18,163.08,48
572160,71520,2751.87,87.93,24.10,48
572160,71520,1578.98,88.27,141.62,48
572160,71520,2004.90,86.41,92.68,48
572160,71520,219.03,21.09,2.78,48
572544,71568,349.55,23.03,4.45,48
572544,71568,3501.85,86.24,2.78,48
572544,71568,3658.29,87.94,5.42,48
572544,71568,3542.39,87.47,1.51,48
572544,71568,350.19,22.68,0.60,48
572544,71568,3527.50,86.18,1.96,48
572544,71568,240.95,23.51,3.83,48
572544,71568,3710.65,88.04,2.19,48
572928,71616,3698.95,87.91,0.92,48
572928,71616,-1853.88,87.53,560.80,48
572928,71616,2670.67,86.64,44.42,48
572928,71616,1720.43,86.36,129.54,48
572928,71616,3682.24,87.59,1.57,48
572928,71616,-956.07,21.32,69.61,48
572928,71616,-74.90,23.35,22.09,48
572928,71616,2450.75,83.79,35.30,48
573312,71664,70.55,21.76,5.29,48
573312,71664,-2077.50,22.64,187.45,48
573312,71664,3781.93,87.30,0.00,48
573312,71664,-357.18,24.94,41.71,48
573312,71664,-795.45,23.92,69.73,48
573312,71664,2388.62,89.71,77.48,48
573312,71664,-47.06,88.02,360.30,48
573312,71664,1684.81,89.17,156.04,48
573696,71712,-897.08,21.30,52.45,48
573696,71712,3467.39,86.04,2.93,48
573696,71712,3605.98,88.43,2.36,48
573696,71712,392.99,21.81,0.00,48
573696,71712,3717.58,87.81,1.47,48
573696,71712,-421.01,22.04,26.94,48
573696,71712,3834.87,89.38,1.00,48
573696,71712,315.26,21.54,0.00,48
574080,71760,3586.40,88.39,0.82,48
574080,71760,-1048.93,21.11,71.62,48
574080,71760,3722.86,89.56,2.94,48
574080,71760,3704.65,85.71,0.00,48
574080,71760,2738.50,86.55,30.52,48
574080,71760,2833.59,86.19,41.66,48
574080,71760,3307.45,87.42,34.10,48
574080,71760,3542.27,87.09,0.72,48
574464,71808,3817.76,89.02,0.32,48
574464,71808,-675.72,24.53,62.40,48
574464,71808,2823.60,85.79,33.26,48
574464,71808,3806.30,87.31,0.00,48
574464,71808,3176.63,86.91,29.19,48
574464,71808,3652.14,89.46,10.63,48
574464,71808,185.33,24.47,8.44,48
574464,71808,1996.29,88.27,112.46,48
574848,71856,3691.62,88.50,3.60,48
574848,71856,-766.55,23.00,52.99,48
574848,71856,437.49,24.20,1.00,48
574848,71856,-1195.24,22.39,103.90,48
574848,71856,123.63,23.70,3.52,48
574848,71856,1686.50,87.23,140.39,48
574848,71856,2872.53,87.97,34.81,48
574848,71856,3972.18,90.76,0.61,48
575232,71904,2812.63,84.54,17.89,48
575232,71904,3904.44,89.78,0.19,48
575232,71904,-1458.37,21.20,119.18,48
575232,71904,3664.15,87.50,0.61,48
575232,71904,3194.85,86.09,28.32,48
575232,71904,2528.04,87.75,72.02,48
575232,71904,2616.41,88.00,55.65,48
575232,71904,-1176.02,88.13,482.84,48
575616,71952,3547.84,85.18,0.00,48
575616,71952,-1731.44,19.03,131.02,48
575616,71952,1652.06,86.42,158.45,48
575616,71952,3195.92,87.46,12.92,48
575616,71952,-4773.35,21.72,510.54,48
575616,71952,2275.20,85.85,68.15,48
575616,71952,4001.97,90.76,1.34,48
575616,71952,3354.74,85.79,14.22,48
576000,72000,1834.40,87.03,114.85,48
576000,72000,3716.67,87.36,0.00,48
576000,72000,3797.03,88.25,0.19,48
576000,72000,2414.31,87.61,60.43,48
576000,72000,3137.08,85.86,11.33,48
576000,72000,-1753.97,21.29,154.14,48
576000,72000,241.70,23.49,1.38,48
576000,72000,3511.62,87.22,21.69,48
576384,72048,3519.97,87.54,5.14,48
576384,72048,3410.53,90.17,19.39,48
576384,72048,1701.43,85.96,121.35,48
576384,72048,3265.84,88.75,11.84,48
576384,72048,431.91,87.31,295.32,48
576384,72048,3494.65,86.76,0.00,48
576384,72048,2999.55,86.34,17.20,48
576384,72048,2071.15,86.55,92.39,48
576768,72096,3849.73,89.33,1.48,48
576768,72096,194.90,19.73,2.30,48
576768,72096,-827.28,22.54,75.84,48
576768,72096,-163.55,21.69,13.86,48
576768,72096,3213.82,86.81,27.53,48
576768,72096,-863.69,89.03,463.56,48
576768,72096,3265.42,90.79,17.28,48
576768,72096,-261.41,23.02,23.05,48
577152,72144,2327.48,89.31,105.43,48
577152,72144,3500.71,84.85,1.37,48
577152,72144,3737.74,89.10,2.26,48
577152,72144,2039.50,86.46,104.90,48
577152,72144,3170.77,86.68,18.28,48
577152,72144,1695.06,86.86,138.22,48
577152,72144,3512.80,85.22,0.38,48
577152,72144,62.97,20.21,3.06,48
577536,72192,3419.70,89.87,20.04,48
577536,72192,1606.81,86.70,137.87,48
577536,72192,2544.95,85.25,34.35,48
577536,72192,-1396.58,22.03,114.44,48
577536,72192,2990.23,88.64,14.29,48
577536,72192,225.63,21.93,7.33,48
577536,72192,2879.69,89.41,41.96,48
577536,72192,3360.59,90.25,19.54,48
577920,72240,-53.20,24.76,41.71,48
577920,72240,-590.61,24.13,31.75,48
577920,72240,399.28,24.25,0.01,48
577920,72240,3554.11,88.36,3.39,48
577920,72240,3862.38,88.66,0.38,48
577920,72240,1895.46,88.31,122.33,48
577920,72240,-2102.15,25.86,196.06,48
577920,72240,-324.92,22.40,14.06,48
578304,72288,-791.49,24.21,55.39,48
578304,72288,333.20,22.95,0.05,48
578304,72288,216.68,21.97,1.33,48
578304,72288,-1713.33,22.38,170.20,48
578304,72288,3570.06,88.75,8.10,48
578304,72288,3852.41,89.37,0.78,48
578304,72288,3707.30,89.03,10.24,48
578304,72288,3107.94,84.71,10.58,48
578688,72336,-1540.73,20.17,113.39,48
578688,72336,1657.87,86.24,146.07,48
578688,72336,-277.05,22.05,26.33,48
578688,72336,-400.13,22.75,46.35,48
578688,72336,3676.00,86.62,0.00,48
578688,72336,2365.32,87.01,65.18,48
578688,72336,3894.04,90.04,0.00,48
578688,72336,357.13,20.67,0.34,48
579072,72384,3701.88,87.29,0.01,48
579072,72384,-1480.40,27.26,128.64,48
579072,72384,2809.19,87.40,45.67,48
579072,72384,3723.41,87.15,0.21,48
579072,72384,2551.11,86.30,31.43,48
579072,72384,3138.32,89.95,37.44,48
579072,72384,3480.84,86.54,2.28,48
579072,72384,2191.05,90.34,104.73,48
579456,72432,3481.75,87.98,14.58,48
579456,72432,2112.37,87.31,94.39,48
579456,72432,3573.70,86.98,4.19,48
579456,72432,3416.06,85.19,2.64,48
579456,72432,2658.68,89.38,60.04,48
579456,72432,3599.99,87.73,7.06,48
579456,72432,126.60,21.63,13.40,48
579456,72432,3640.85,86.33,1.92,48
579840,72480,2696.42,86.14,35.81,48
579840,72480,3832.24,89.26,0.33,48
579840,72480,2933.50,88.21,21.62,48
579840,72480,3376.67,87.14,17.44,48
579840,72480,1616.21,86.36,169.85,48
579840,72480,2751.02,88.40,29.81,48
579840,72480,-151.35,25.58,31.71,48
579840,72480,2946.22,85.55,36.88,48
580224,72528,-48.94,24.09,13.07,48
580224,72528,200.19,23.12,5.98,48
580224,72528,367.83,22.35,2.48,48
580224,72528,-920.22,22.95,66.88,48
580224,72528,3219.36,86.08,15.39,48
580224,72528,3504.36,86.11,0.81,48
580224,72528,424.69,21.66,1.44,48
580224,72528,2167.04,87.67,91.60,48
580608,72576,3654.09,86.07,0.61,48
580608,72576,-2111.34,87.35,577.17,48
580608,72576,-2005.81,21.31,157.37,48
580608,72576,-427.95,23.10,21.15,48
580608,72576,258.03,22.43,0.27,48
580608,72576,366.56,20.47,2.78,48
580608,72576,2640.09,89.30,50.20,48
580608,72576,3588.35,88.87,10.49,48
580992,72624,3552.37,85.91,0.51,48
580992,72624,-1487.54,22.16,120.83,48
580992,72624,3483.83,87.83,3.32,48
580992,72624,3230.74,85.75,7.73,48
580992,72624,319.52,22.64,5.87,48
580992,72624,3626.11,85.79,2.26,48
580992,72624,3558.84,89.01,8.04,48
580992,72624,3611.03,87.15,2.26,48
581376,72672,2436.58,87.64,62.45,48
581376,72672,490.49,25.31,2.39,48
581376,72672,504.30,27.06,2.26,48
581376,72672,3576.42,89.37,3.01,48
581376,72672,3929.56,89.56,1.01,48
581376,72672,2686.98,85.38,31.40,48
581376,72672,3715.57,87.33,1.00,48
581376,72672,2606.98,89.59,61.39,48
581760,72720,3594.73,86.23,1.83,48
581760,72720,3699.24,88.09,0.31,48
581760,72720,3630.91,86.99,0.66,48
581760,72720,1195.91,88.39,200.61,48
581760,72720,386.64,22.96,3.68,48
581760,72720,230.87,21.91,1.21,48
581760,72720,1671.64,84.00,116.47,48
581760,72720,2610.84,88.38,45.59,48
582144,72768,2195.95,86.23,84.47,48
582144,72768,3879.08,88.19,0.00,48
582144,72768,3790.68,88.49,0.71,48
582144,72768,3458.56,86.12,2.15,48
582144,72768,-390.62,21.95,26.94,48
582144,72768,389.74,26.57,7.53,48
582144,72768,308.47,22.79,4.29,48
582144,72768,3689.49,89.29,2.15,48
582528,72816,2083.81,85.54,80.26,48
582528,72816,3272.24,88.65,19.25,48
582528,72816,2792.27,88.50,34.96,48
582528,72816,3206.71,89.14,26.58,48
582528,72816,3471.62,89.70,11.43,48
582528,72816,3124.99,89.18,30.62,48
582528,72816,3043.78,88.20,17.01,48
582528,72816,864.81,89.49,245.47,48
582912,72864,-601.62,24.82,58.96,48
582912,72864,-784.44,21.84,56.88,48
582912,72864,1837.41,86.79,106.28,48
582912,72864,2122.65,89.46,109.96,48
582912,72864,-940.51,24.35,72.87,48
582912,72864,3614.90,86.66,0.00,48
582912,72864,1860.89,89.29,139.36,48
582912,72864,548.42,26.20,0.00,48
583296,72912,-1701.88,20.10,140.97,48
583296,72912,2965.19,87.12,19.33,48
583296,72912,3723.18,85.99,0.57,48
583296,72912,3730.00,88.56,5.07,48
583296,72912,514.81,23.74,1.43,48
583296,72912,2875.31,87.84,34.42,48
583296,72912,-557.16,26.30,53.63,48
583296,72912,-50.78,22.30,18.58,48
583680,72960,1759.44,89.68,147.29,48
583680,72960,3731.82,88.69,2.94,48
583680,72960,3841.99,89.34,0.25,48
583680,72960,3145.10,84.70,11.26,48
583680,72960,2128.98,88.55,96.54,48
583680,72960,-477.48,19.93,22.63,48
583680,72960,175.26,22.35,3.44,48
583680,72960,487.49,24.68,9.55,48
584064,73008,3521.36,84.98,0.61,48
584064,73008,424.27,87.70,286.59,48
584064,73008,-25.13,23.34,22.01,48
584064,73008,3730.38,86.92,0.69,48
584064,73008,201.67,22.80,4.56,48
584064,73008,244.43,21.37,3.51,48
584064,73008,3744.58,88.14,0.00,48
584064,73008,219.90,19.59,8.15,48
584448,73056,1703.60,90.50,166.35,48
584448,73056,-366.30,23.11,25.36,48
584448,73056,-442.91,23.96,47.27,48
584448,73056,3682.11,87.87,5.56,48
584448,73056,2641.59,85.96,31.73,48
584448,73056,1855.11,86.41,120.98,48
584448,73056,2645.58,89.05,60.75,48
584448,73056,-913.26,21.96,54.57,48
584832,73104,437.24,24.88,1.29,48
584832,73104,446.00,24.29,0.38,48
584832,73104,2834.25,88.59,34.83,48
584832,73104,3124.77,88.32,17.97,48
584832,73104,3687.65,90.20,5.60,48
584832,73104,531.13,24.26,0.96,48
584832,73104,2152.16,89.65,93.86,48
584832,73104,-1954.47,25.44,201.36,48
585216,73152,-292.05,19.86,35.68,48
585216,73152,3814.83,89.56,3.82,48
585216,73152,3846.17,88.84,0.00,48
585216,73152,3872.48,89.77,1.83,48
585216,73152,1641.98,86.47,140.44,48
585216,73152,2499.83,87.50,55.19,48
585216,73152,3548.31,89.53,6.81,48
585216,73152,3746.75,88.80,0.00,48
585600,73200,3849.45,89.33,1.55,48
585600,73200,2145.00,86.40,69.52,48
585600,73200,-1063.40,25.66,92.74,48
585600,73200,2303.08,89.86,93.70,48
585600,73200,-1373.62,85.75,492.43,48
585600,73200,1473.52,85.40,150.53,48
585600,73200,87.79,85.90,305.94,48
585600,73200,664.43,24.57,0.78,48
585984,73248,-161.00,23.61,26.47,48
585984,73248,2043.90,88.12,109.28,48
585984,73248,3486.05,87.20,4.16,48
585984,73248,-241.80,25.17,33.61,48
585984,73248,1286.17,86.69,169.67,48
585984,73248,3374.18,87.20,22.92,48
585984,73248,3009.85,88.02,33.77,48
585984,73248,3204.17,85.75,23.10,48
586368,73296,2495.90,89.77,59.41,48
586368,73296,468.49,23.39,0.25,48
586368,73296,3203.71,88.33,17.31,48
586368,73296,-309.26,22.46,30.03,48
586368,73296,3539.14,85.46,2.15,48
586368,73296,564.58,26.45,1.29,48
586368,73296,3790.04,88.28,0.00,48
586368,73296,-1581.44,22.72,135.16,48
586752,73344,2520.84,86.10,46.20,48
586752,73344,-1527.60,87.40,515.24,48
586752,73344,309.17,18.44,0.31,48
586752,73344,-1476.77,19.19,96.40,48
586752,73344,3844.53,88.77,0.00,48
586752,73344,461.70,23.18,0.62,48
586752,73344,3213.99,88.09,21.80,48
586752,73344,-1293.35,22.32,110.15,48
587136,73392,3559.69,86.64,1.68,48
587136,73392,463.92,23.68,1.24,48
587136,73392,2680.46,86.62,54.64,48
587136,73392,1753.35,88.22,125.68,48
587136,73392,3773.75,87.45,0.31,48
587136,73392,144.87,22.58,6.38,48
587136,73392,3828.22,88.37,0.43,48
587136,73392,1701.61,89.29,153.13,48
587520,73440,1508.03,85.22,139.08,48
587520,73440,3585.92,86.14,0.60,48
587520,73440,3248.53,88.91,31.63,48
587520,73440,3095.01,86.91,15.05,48
587520,73440,3861.58,90.33,0.58,48
587520,73440,191.51,21.85,7.56,48
587520,73440,3292.15,87.39,11.78,48
587520,73440,407.62,26.25,2.34,48
587904,73488,2927.90,88.79,24.21,48
587904,73488,3746.99,88.16,0.23,48
587904,73488,-1514.71,90.05,549.11,48
587904,73488,-1888.28,24.12,173.16,48
587904,73488,-935.81,25.47,53.78,48
587904,73488,370.03,20.93,0.96,48
587904,73488,3013.26,89.27,40.45,48
587904,73488,2120.64,89.85,116.14,48
588288,73536,-2327.86,23.83,212.06,48
588288,73536,2838.67,86.14,25.66,48
588288,73536,2445.87,84.99,35.62,48
588288,73536,2125.71,87.68,92.68,48
588288,73536,3639.51,88.21,4.00,48
588288,73536,3921.56,90.21,0.89,48
588288,73536,2893.51,88.94,29.79,48
588288,73536,3681.61,87.63,0.10,48
588672,73584,3729.20,90.00,4.21,48
588672,73584,218.46,21.87,0.85,48
588672,73584,3546.88,88.33,7.97,48
588672,73584,3731.05,87.09,0.00,48
588672,73584,3721.31,88.25,0.05,48
588672,73584,3416.41,84.53,2.86,48
588672,73584,4057.16,90.74,1.83,48
588672,73584,291.00,19.94,2.81,48
589056,73632,325.94,19.93,0.09,48
589056,73632,94.38,21.30,4.53,48
589056,73632,1884.53,86.76,106.85,48
589056,73632,1854.46,89.19,148.97,48
589056,73632,179.92,25.23,1.01,48
589056,73632,2778.17,87.69,40.05,48
589056,73632,2518.70,87.04,47.12,48
589056,73632,3056.90,87.52,23.66,48
589440,73680,-1431.63,21.89,108.91,48
589440,73680,3793.63,86.81,0.00,48
589440,73680,3594.80,86.38,10.95,48
589440,73680,2966.31,88.26,42.43,48
589440,73680,1795.02,88.53,136.58,48
589440,73680,3591.18,88.44,3.62,48
589440,73680,3505.01,85.49,0.74,48
589440,73680,3576.87,85.05,0.27,48
589824,73728,3133.04,85.49,6.58,48
589824,73728,384.42,24.39,2.34,48
589824,73728,3461.18,87.42,7.88,48
589824,73728,2324.35,84.88,47.57,48
589824,73728,-828.03,21.26,49.66,48
589824,73728,1016.49,87.61,212.81,48
589824,73728,-1777.56,21.10,141.65,48
589824,73728,2530.89,87.68,57.12,48
590208,73776,3772.64,88.61,0.25,48
590208,73776,1521.27,87.57,161.59,48
590208,73776,1803.51,89.53,151.30,48
590208,73776,-386.39,23.26,22.28,48
590208,73776,266.89,21.36,0.80,48
590208,73776,3626.44,90.66,9.03,48
590208,73776,3439.97,88.89,4.78,48
590208,73776,-908.96,21.66,75.04,48
590592,73824,2485.72,89.01,70.45,48
590592,73824,1495.17,87.49,156.64,48
590592,73824,-208.09,23.65,31.40,48
590592,73824,3412.81,86.77,10.80,48
590592,73824,2224.78,88.55,89.59,48
590592,73824,3788.24,88.33,0.71,48
590592,73824,2740.91,89.47,61.98,48
590592,73824,241.47,22.84,4.92,48
590976,73872,2948.72,91.39,44.76,48
590976,73872,3935.93,89.13,0.25,48
590976,73872,-1094.99,23.44,85.76,48
590976,73872,-334.89,21.58,11.79,48
590976,73872,55.57,84.03,292.70,48
590976,73872,3627.20,88.11,8.42,48
590976,73872,3442.60,89.26,30.98,48
590976,73872,2251.44,85.82,70.82,48
591360,73920,2866.46,88.60,52.33,48
591360,73920,-999.40,22.99,56.48,48
591360,73920,3975.18,89.02,0.05,48
591360,73920,-402.08,86.58,378.14,48
591360,73920,3710.64,88.36,1.90,48
591360,73920,-661.00,23.52,47.85,48
591360,73920,387.73,22.87,3.76,48
591360,73920,3171.86,87.45,37.32,48
591744,73968,124.96,85.45,303.23,48
591744,73968,242.08,21.72,9.33,48
591744,73968,2416.78,88.55,88.71,48
591744,73968,578.78,22.32,2.59,48
591744,73968,1831.00,86.31,108.54,48
591744,73968,2961.33,89.39,27.17,48
591744,73968,3600.84,86.97,0.39,48
591744,73968,2304.54,88.22,80.30,48
592128,74016,2843.54,86.97,21.42,48
592128,74016,3643.53,87.24,3.16,48
592128,74016,-350.98,24.25,24.97,48
592128,74016,3143.46,87.86,29.54,48
592128,74016,-54.94,20.77,11.88,48
592128,74016,3328.17,88.54,28.29,48
592128,74016,3547.09,86.93,8.19,48
592128,74016,2186.44,89.85,103.03,48
592512,74064,1395.78,87.41,168.02,48
592512,74064,-1820.99,28.47,177.81,48
592512,74064,3050.18,88.68,20.17,48
592512,74064,3835.74,88.87,0.76,48
592512,74064,2336.28,88.00,68.12,48
592512,74064,-454.90,22.42,46.74,48
592512,74064,122.78,89.23,342.86,48
592512,74064,-833.94,21.41,51.41,48
592896,74112,3777.63,88.29,3.45,48
592896,74112,3678.45,87.34,0.65,48
592896,74112,2452.76,87.65,61.39,48
592896,74112,2599.29,88.76,65.06,48
592896,74112,-1298.91,23.96,136.87,48
592896,74112,2923.02,87.04,29.02,48
592896,74112,398.70,21.62,0.57,48
592896,74112,1274.22,89.59,210.89,48
593280,74160,3590.23,88.71,8.71,48
593280,74160,2758.63,86.36,44.09,48
593280,74160,2471.31,89.04,77.44,48
593280,74160,3895.95,88.64,0.00,48
593280,74160,2905.42,86.24,27.99,48
593280,74160,3479.52,85.60,13.30,48
593280,74160,2091.16,86.64,87.10,48
593280,74160,2289.89,89.20,104.46,48
593664,74208,3895.49,89.00,0.60,48
593664,74208,2567.77,87.38,42.72,48
593664,74208,545.58,24.74,0.23,48
593664,74208,3485.06,89.24,9.65,48
593664,74208,3821.57,89.76,5.65,48
593664,74208,1513.99,88.37,174.73,48
593664,74208,2384.00,87.86,76.80,48
593664,74208,-241.46,20.98,9.02,48
594048,74256,185.06,24.32,6.95,48
594048,74256,3484.56,86.37,0.25,48
594048,74256,2806.37,89.30,34.23,48
594048,74256,-1052.32,22.28,65.45,48
594048,74256,459.92,23.72,0.00,48
594048,74256,3828.65,89.21,1.37,48
594048,74256,-456.52,23.66,33.29,48
594048,74256,1457.74,89.75,187.72,48
594432,74304,494.42,25.24,1.46,48
594432,74304,-4894.27,23.84,544.43,48
594432,74304,3805.11,90.95,1.55,48
594432,74304,-480.59,22.28,29.04,48
594432,74304,3700.78,90.25,4.76,48
594432,74304,1642.65,88.02,172.17,48
594432,74304,2713.49,88.85,35.71,48
594432,74304,198.10,20.19,3.32,48
594816,74352,1687.76,87.95,138.95,48
594816,74352,389.35,23.73,6.17,48
594816,74352,3835.01,87.50,0.32,48
594816,74352,3662.18,87.82,1.48,48
594816,74352,-264.51,23.46,14.70,48
594816,74352,3069.65,85.22,25.85,48
594816,74352,-1621.17,26.36,153.49,48
594816,74352,2761.44,88.53,40.23,48
595200,74400,3570.11,87.37,18.46,48
595200,74400,2557.95,87.57,51.95,48
595200,74400,3013.11,88.39,15.09,48
595200,74400,-669.23,20.37,43.74,48
595200,74400,202.39,20.70,4.16,48
595200,74400,321.38,21.64,0.32,48
595200,74400,-220.53,23.95,18.94,48
595200,74400,3729.74,86.59,0.81,48
595584,74448,3141.62,87.50,27.25,48
595584,74448,3576.45,87.32,2.11,48
595584,74448,3684.32,89.16,4.18,48
595584,74448,3246.34,91.22,26.59,48
595584,74448,3771.61,86.61,0.00,48
595584,74448,391.95,22.50,2.90,48
595584,74448,-505.39,23.13,46.00,48
595584,74448,70.29,23.18,20.17,48
595968,74496,2754.12,86.58,26.29,48
595968,74496,-895.69,21.41,47.47,48
595968,74496,2255.03,87.97,69.92,48
595968,74496,1518.06,84.97,138.21,48
595968,74496,-1717.12,22.83,167.51,48
595968,74496,3499.27,87.18,5.12,48
595968,74496,3722.93,87.25,0.00,48
595968,74496,2987.54,86.32,19.91,48
596352,74544,3625.46,87.72,6.35,48
596352,74544,-1418.24,23.19,131.17,48
596352,74544,2617.02,87.97,55.65,48
596352,74544,-2004.99,23.80,190.70,48
596352,74544,-289.76,24.12,24.58,48
596352,74544,-1744.10,22.38,166.46,48
596352,74544,2810.38,89.66,58.96,48
596352,74544,3717.49,88.75,3.12,48
596736,74592,390.89,22.02,0.61,48
596736,74592,21.88,21.34,27.14,48
596736,74592,-384.28,22.00,36.85,48
596736,74592,2351.30,87.82,71.36,48
596736,74592,3319.24,87.99,29.52,48
596736,74592,3786.53,87.46,0.18,48
596736,74592,54.04,21.23,5.12,48
596736,74592,2741.49,89.23,46.29,48
597120,74640,212.01,23.81,4.35,48
597120,74640,1792.19,86.08,116.31,48
597120,74640,3574.95,84.39,0.00,48
597120,74640,-521.72,20.35,15.62,48
597120,74640,2564.01,86.82,28.03,48
597120,74640,3121.80,88.46,44.14,48
597120,74640,-1462.77,87.22,526.43,48
597120,74640,2290.63,85.38,68.83,48
597504,74688,-722.58,23.68,69.16,48
597504,74688,-3332.46,22.36,362.13,48
597504,74688,1637.51,87.33,142.60,48
597504,74688,2898.77,88.23,32.51,48
597504,74688,2556.81,87.62,61.25,48
597504,74688,-1044.21,24.07,91.39,48
597504,74688,3570.86,87.66,2.35,48
597504,74688,2935.44,87.18,29.07,48
597888,74736,1876.98,91.09,160.59,48
597888,74736,-378.62,22.54,25.85,48
597888,74736,2628.58,90.47,69.95,48
597888,74736,-1414.96,89.15,524.40,48
597888,74736,3423.76,86.33,1.48,48
597888,74736,3350.69,86.25,9.20,48
597888,74736,2601.83,91.70,63.81,48
597888,74736,-1656.70,86.17,527.25,48
598272,74784,374.12,23.13,2.20,48
598272,74784,1575.72,89.78,163.24,48
598272,74784,2286.91,89.10,91.31,48
598272,74784,4070.53,90.66,0.00,48
598272,74784,3513.40,88.22,19.75,48
598272,74784,-949.84,24.72,75.50,48
598272,74784,-2018.42,23.66,188.08,48
598272,74784,3738.17,87.18,0.66,48
598656,74832,3851.22,88.73,5.51,48
598656,74832,3801.37,90.37,10.25,48
598656,74832,126.48,19.04,0.10,48
598656,74832,243.84,87.84,313.67,48
598656,74832,2485.11,86.24,60.50,48
598656,74832,386.87,24.30,2.58,48
598656,74832,3494.57,85.89,6.95,48
598656,74832,2822.91,88.15,28.64,48
599040,74880,3880.36,88.90,0.11,48
599040,74880,-147.96,24.16,48.15,48
599040,74880,196.87,24.65,14.03,48
599040,74880,621.15,24.46,0.45,48
599040,74880,-490.80,23.37,26.10,48
599040,74880,3554.39,85.90,4.90,48
599040,74880,1532.86,87.49,149.28,48
599040,74880,-1663.64,21.98,146.80,48
599424,74928,3765.66,89.53,6.62,48
599424,74928,112.16,23.22,6.07,48
599424,74928,3535.72,88.10,10.22,48
599424,74928,678.96,26.29,0.68,48
599424,74928,1961.45,88.20,108.71,48
599424,74928,2415.68,88.21,77.19,48
599424,74928,1471.28,87.68,167.58,48
599424,74928,-1144.22,24.56,85.02,48
599808,74976,240.24,23.70,3.50,48
599808,74976,1343.10,89.60,200.15,48
599808,74976,2767.18,90.98,64.90,48
599808,74976,-274.25,22.03,16.68,48
599808,74976,-1804.04,22.36,172.58,48
599808,74976,3568.67,89.52,10.92,48
599808,74976,3753.06,87.64,0.69,48
599808,74976,1815.32,84.67,96.63,48
600192,75024,-818.03,24.08,58.31,48
600192,75024,3739.12,87.47,0.28,48
600192,75024,3882.32,89.25,0.02,48
600192,75024,2781.93,86.39,16.53,48
600192,75024,3802.92,88.81,2.18,48
600192,75024,3595.88,88.59,4.13,48
600192,75024,-1095.48,23.20,87.77,48
600192,75024,1888.83,85.66,98.74,48
600576,75072,3277.39,89.39,20.73,48
600576,75072,1876.28,86.47,110.71,48
600576,75072,1720.87,84.82,117.76,48
600576,75072,258.24,26.71,6.40,48
600576,75072,3567.96,89.39,16.43,48
600576,75072,-453.80,21.24,26.01,48
600576,75072,3711.41,87.74,1.24,48
600576,75072,2856.88,87.74,23.34,48
600960,75120,2790.45,90.82,47.20,48
600960,75120,3835.14,88.84,0.21,48
600960,75120,3692.16,88.19,0.09,48
600960,75120,2123.32,88.26,95.00,48
600960,75120,3534.81,89.70,40.59,48
600960,75120,3573.04,86.01,0.26,48
600960,75120,3241.25,88.45,17.81,48
600960,75120,-618.97,24.44,46.89,48
601344,75168,3192.93,86.97,29.57,48
601344,75168,2527.59,86.89,49.63,48
601344,75168,3830.94,89.34,1.20,48
601344,75168,3817.90,88.08,1.40,48
601344,75168,1781.34,89.15,139.66,48
601344,75168,3388.41,85.11,7.37,48
601344,75168,455.30,24.04,0.47,48
601344,75168,2609.04,90.11,63.73,48
601728,75216,2354.03,89.72,83.49,48
601728,75216,3792.62,90.36,0.34,48
601728,75216,98.01,21.62,20.46,48
601728,75216,3470.39,89.01,12.45,48
601728,75216,-453.05,25.03,34.20,48
601728,75216,594.97,25.65,0.00,48
601728,75216,-1266.85,22.75,104.71,48
601728,75216,3504.60,85.90,3.84,48
602112,75264,3307.65,87.12,9.26,48
602112,75264,1910.35,86.12,109.15,48
602112,75264,3521.43,87.90,2.04,48
602112,75264,3736.38,89.81,5.26,48
602112,75264,3722.91,88.55,1.43,48
602112,75264,-538.63,24.82,39.93,48
602112,75264,1400.98,88.62,168.03,48
602112,75264,230.36,23.52,12.27,48
602496,75312,1817.49,87.48,134.85,48
602496,75312,3794.45,88.85,1.31,48
602496,75312,2138.28,89.74,105.07,48
602496,75312,3731.42,90.82,2.90,48
602496,75312,3691.20,88.34,3.43,48
602496,75312,20.92,23.24,33.38,48
602496,75312,1888.31,87.09,113.17,48
602496,75312,-1285.03,88.21,506.49,48
602880,75360,1929.88,87.24,107.07,48
602880,75360,3859.51,89.40,0.00,48
602880,75360,3246.10,86.53,9.16,48
602880,75360,2557.00,85.75,43.41,48
602880,75360,-347.61,24.74,50.62,48
602880,75360,3695.28,87.50,0.25,48
602880,75360,2851.44,89.37,45.83,48
602880,75360,-1378.76,19.15,98.81,48
603264,75408,236.87,22.60,24.23,48
603264,75408,48.29,22.22,5.87,48
603264,75408,-129.62,18.84,18.74,48
603264,75408,411.57,22.68,0.42,48
603264,75408,3930.35,90.03,0.56,48
603264,75408,1425.67,88.02,180.42,48
603264,75408,3724.84,87.94,0.00,48
603264,75408,3731.22,89.43,5.96,48
603648,75456,2065.25,88.80,114.60,48
603648,75456,2494.40,87.14,54.35,48
603648,75456,3479.33,87.54,10.31,48
603648,75456,3572.15,88.60,2.15,48
603648,75456,364.07,22.39,1.83,48
603648,75456,3068.45,87.96,31.56,48
603648,75456,7.76,21.25,9.46,48
603648,75456,1893.63,90.56,147.63,48
604032,75504,1880.94,89.13,136.03,48
604032,75504,212.17,24.07,29.21,48
604032,75504,3970.07,92.00,0.38,48
604032,75504,3706.34,88.58,0.19,48
604032,75504,3725.51,87.95,1.01,48
604032,75504,3512.37,85.74,1.63,48
604032,75504,2980.94,85.70,11.15,48
604032,75504,378.73,23.02,0.31,48
604416,75552,371.68,24.13,1.63,48
604416,75552,86.73,22.39,0.26,48
604416,75552,2629.77,86.36,36.16,48
604416,75552,3768.17,89.10,0.66,48
604416,75552,2557.08,86.70,45.56,48
604416,75552,2098.51,89.31,96.27,48
604416,75552,1393.85,84.37,148.97,48
604416,75552,1793.94,86.97,120.82,48
604800,75600,395.23,24.67,0.00,48
604800,75600,3924.36,90.70,4.65,48
604800,75600,3432.93,90.73,16.68,48
604800,75600,2370.95,87.10,75.22,48
604800,75600,4027.32,91.56,1.34,48
604800,75600,2027.93,90.09,120.80,48
604800,75600,3452.46,86.34,0.32,48
604800,75600,343.23,25.12,0.27,48
605184,75648,3698.65,87.47,4.18,48
605184,75648,28.54,22.10,11.69,48
605184,75648,-316.31,24.74,20.61,48
605184,75648,-1458.71,20.01,134.56,48
605184,75648,2530.95,89.03,52.60,48
605184,75648,3687.58,88.11,1.28,48
605184,75648,2618.21,85.86,35.00,48
605184,75648,3768.45,87.51,0.00,48
605568,75696,417.35,20.09,0.00,48
605568,75696,2580.71,87.28,53.81,48
605568,75696,2219.77,87.59,91.35,48
605568,75696,3642.14,89.01,6.57,48
605568,75696,2594.58,89.64,56.64,48
605568,75696,3853.88,88.91,0.00,48
605568,75696,387.94,22.60,2.64,48
605568,75696,2794.47,88.90,40.42,48
605952,75744,1653.11,88.35,154.94,48
605952,75744,462.46,23.51,0.83,48
605952,75744,-779.13,25.29,61.81,48
605952,75744,2895.31,87.86,27.11,48
605952,75744,3679.77,86.28,0.12,48
605952,75744,2989.67,86.28,11.00,48
605952,75744,-1487.20,24.47,125.77,48
605952,75744,3640.33,90.40,4.74,48
606336,75792,2332.01,85.44,57.92,48
606336,75792,-585.96,23.11,54.53,48
606336,75792,-198.40,23.78,20.68,48
606336,75792,-168.90,24.42,40.14,48
606336,75792,-828.86,22.54,80.69,48
606336,75792,-1926.10,22.23,174.72,48
606336,75792,3456.08,88.38,27.82,48
606336,75792,1415.31,85.33,150.95,48
606720,75840,1397.84,89.43,192.38,48
606720,75840,3722.51,86.61,0.62,48
606720,75840,461.03,23.61,0.00,48
606720,75840,1470.02,83.99,135.24,48
606720,75840,2268.96,87.48,75.06,48
606720,75840,3806.71,89.25,1.64,48
606720,75840,3970.52,90.40,0.66,48
606720,75840,3818.90,88.57,3.40,48
607104,75888,3052.00,86.53,10.49,48
607104,75888,3705.89,87.22,0.71,48
607104,75888,3534.90,87.52,10.31,48
607104,75888,3561.53,86.37,0.01,48
607104,75888,3533.40,89.02,2.30,48
607104,75888,2330.33,89.30,86.24,48
607104,75888,-2126.41,23.31,200.06,48
607104,75888,244.81,21.02,1.75,48
607488,75936,-814.03,24.05,85.11,48
607488,75936,1247.80,89.05,204.07,48
607488,75936,3984.73,89.45,0.00,48
607488,75936,3530.83,88.96,2.02,48
607488,75936,1941.69,88.99,125.08,48
607488,75936,2363.27,85.55,46.02,48
607488,75936,-1295.66,20.55,89.43,48
607488,75936,620.28,25.47,0.19,48
607872,75984,-251.97,26.56,30.83,48
607872,75984,2641.32,87.52,36.64,48
607872,75984,-2145.09,21.73,180.28,48
607872,75984,-1375.50,25.22,129.31,48
607872,75984,3299.48,87.92,39.38,48
607872,75984,3744.70,89.87,10.01,48
607872,75984,383.68,23.93,1.71,48
607872,75984,-594.28,22.02,29.35,48
608256,76032,-473.99,23.27,40.64,48
608256,76032,2625.42,87.51,52.83,48
608256,76032,2165.23,85.86,78.16,48
608256,76032,3664.49,89.93,5.21,48
608256,76032,2965.04,90.36,38.90,48
608256,76032,-384.52,23.27,30.59,48
608256,76032,-883.89,21.69,56.11,48
608256,76032,2642.15,88.58,43.82,48
608640,76080,3585.30,86.23,0.42,48
608640,76080,-679.57,24.10,47.64,48
608640,76080,127.03,22.78,5.01,48
608640,76080,322.57,25.39,4.30,48
608640,76080,-1251.39,22.65,99.13,48
608640,76080,1285.62,87.19,183.37,48
608640,76080,3463.97,85.76,0.47,48
608640,76080,3297.30,86.27,3.06,48
609024,76128,3323.38,88.80,17.71,48
609024,76128,-333.04,22.71,24.01,48
609024,76128,-558.26,22.04,24.99,48
609024,76128,3453.83,86.07,5.66,48
609024,76128,3488.01,86.84,6.33,48
609024,76128,-1022.87,84.82,443.68,48
609024,76128,-744.84,21.26,39.92,48
609024,76128,3659.21,88.49,9.43,48
609408,76176,3402.76,87.03,9.93,48
609408,76176,3814.57,90.17,4.54,48
609408,76176,3675.96,88.88,3.30,48
609408,76176,3446.43,89.52,16.57,48
609408,76176,3287.45,86.42,25.66,48
609408,76176,3765.09,88.03,0.02,48
609408,76176,1670.21,86.73,132.67,48
609408,76176,2212.20,89.17,89.19,48
609792,76224,3712.32,88.49,1.43,48
609792,76224,318.17,20.74,1.47,48
609792,76224,-1102.54,24.35,84.78,48
609792,76224,2033.59,86.79,91.85,48
609792,76224,3570.30,89.87,12.10,48
609792,76224,-767.93,20.83,48.90,48
609792,76224,3548.50,85.41,0.60,48
609792,76224,3525.19,90.19,15.30,48
610176,76272,3806.54,87.30,1.24,48
610176,76272,3066.40,88.61,27.94,48
610176,76272,533.25,22.64,1.02,48
610176,76272,781.47,87.06,251.67,48
610176,76272,3991.21,90.66,1.00,48
610176,76272,3619.26,87.18,1.09,48
610176,76272,3729.71,88.84,3.10,48
610176,76272,-1311.04,20.80,100.99,48
610560,76320,73.58,22.83,9.59,48
610560,76320,2556.06,88.43,45.01,48
610560,76320,1688.55,86.27,138.54,48
610560,76320,2507.32,88.42,69.96,48
610560,76320,3629.31,89.98,10.85,48
610560,76320,1635.60,89.17,159.53,48
610560,76320,3829.61,89.16,0.60,48
610560,76320,3844.29,88.16,0.32,48
610944,76368,3608.31,88.09,0.12,48
610944,76368,592.65,24.63,0.00,48
610944,76368,1335.30,89.52,193.14,48
610944,76368,1735.49,89.33,154.02,48
610944,76368,1875.74,89.10,130.15,48
610944,76368,3619.40,90.85,4.53,48
610944,76368,1381.18,87.84,169.95,48
610944,76368,-5616.45,26.37,637.53,48
611328,76416,-948.28,23.81,83.62,48
611328,76416,235.98,26.43,8.21,48
611328,76416,3867.56,89.78,0.01,48
611328,76416,-1096.68,21.28,89.22,48
611328,76416,2437.56,86.61,67.49,48
611328,76416,1128.90,86.33,194.00,48
611328,76416,-2095.70,89.13,606.91,48
611328,76416,-1365.20,21.27,98.03,48
611712,76464,3785.70,88.74,1.64,48
611712,76464,-410.91,22.50,31.27,48
611712,76464,-798.11,23.86,76.82,48
611712,76464,2706.53,89.69,50.45,48
611712,76464,-1331.67,25.84,137.78,48
611712,76464,3542.37,86.78,1.01,48
611712,76464,-1894.14,24.07,163.01,48
611712,76464,3668.32,86.98,0.78,48
612096,76512,3580.55,87.42,3.45,48
612096,76512,1792.43,87.32,125.42,48
612096,76512,-1816.88,22.27,158.82,48
612096,76512,3789.86,88.68,0.58,48
612096,76512,3118.80,86.43,19.02,48
612096,76512,3637.81,88.45,8.29,48
612096,76512,3993.88,90.09,0.33,48
612096,76512,2661.66,86.39,31.05,48
612480,76560,-1636.89,20.89,139.97,48
612480,76560,2705.00,85.45,28.86,48
612480,76560,1341.67,88.81,194.47,48
612480,76560,-1285.76,87.84,493.28,48
612480,76560,322.35,21.11,0.57,48
612480,76560,2675.04,90.41,62.04,48
612480,76560,2746.96,89.09,45.87,48
612480,76560,3768.34,88.61,0.65,48
612864,76608,3218.09,88.64,15.46,48
612864,76608,3640.08,86.81,0.54,48
612864,76608,584.13,26.43,0.02,48
612864,76608,3655.77,89.09,4.45,48
612864,76608,2288.82,88.10,71.30,48
612864,76608,3885.84,89.45,0.02,48
612864,76608,2122.42,88.92,103.22,48
612864,76608,23.23,24.70,28.85,48
613248,76656,3875.22,89.59,1.38,48
613248,76656,3575.78,85.74,3.37,48
613248,76656,2922.61,89.70,37.54,48
613248,76656,-2060.36,23.29,186.99,48
613248,76656,2598.66,87.96,36.98,48
613248,76656,3343.06,87.67,20.05,48
613248,76656,-1520.62,21.83,131.61,48
613248,76656,1808.66,89.04,143.11,48
613632,76704,3405.57,89.98,33.90,48
613632,76704,-1074.62,19.17,85.00,48
613632,76704,2050.30,87.74,113.74,48
613632,76704,3597.72,89.93,3.90,48
613632,76704,2072.37,88.66,113.61,48
613632,76704,199.86,22.66,2.09,48
613632,76704,1774.20,86.62,121.66,48
613632,76704,2946.53,85.14,10.96,48
614016,76752,2341.62,88.18,66.14,48
614016,76752,3515.09,85.87,2.32,48
614016,76752,2378.71,88.09,67.18,48
614016,76752,463.05,22.89,0.18,48
614016,76752,3820.61,90.49,8.59,48
614016,76752,557.90,24.26,0.58,48
614016,76752,3174.67,89.25,24.23,48
614016,76752,2763.29,87.24,39.46,48
614400,76800,4002.83,91.08,0.58,48
614400,76800,343.02,19.83,1.08,48
614400,76800,415.50,22.52,0.00,48
614400,76800,3778.11,90.05,1.15,48
614400,76800,-979.88,86.20,449.00,48
614400,76800,3677.78,88.45,2.48,48
614400,76800,3194.30,88.29,19.48,48
614400,76800,2189.72,89.33,91.72,48
614784,76848,1763.46,87.02,113.62,48
614784,76848,242.70,22.37,0.37,48
614784,76848,-836.00,23.84,68.28,48
614784,76848,3506.76,88.57,16.31,48
614784,76848,3155.68,86.98,10.89,48
614784,76848,-329.37,86.83,377.91,48
614784,76848,2697.47,87.17,34.21,48
614784,76848,2077.71,87.30,98.14,48
615168,76896,1481.80,86.76,164.86,48
615168,76896,272.66,23.48,2.86,48
615168,76896,1605.85,87.71,146.94,48
615168,76896,480.08,22.18,2.18,48
615168,76896,599.55,25.50,1.89,48
615168,76896,3855.33,88.88,0.19,48
615168,76896,-306.26,22.49,21.00,48
615168,76896,3680.42,90.87,19.76,48
615552,76944,-450.19,24.89,43.25,48
615552,76944,2076.00,88.58,102.94,48
615552,76944,2608.12,89.84,71.61,48
615552,76944,2495.75,86.31,44.59,48
615552,76944,1817.55,88.09,127.08,48
615552,76944,3261.35,86.69,28.44,48
615552,76944,1881.27,88.73,123.46,48
615552,76944,-930.32,25.37,89.52,48
615936,76992,-684.42,23.14,48.22,48
615936,76992,455.42,23.97,0.58,48
615936,76992,2799.85,87.48,17.60,48
615936,76992,3776.98,87.48,0.00,48
615936,76992,2380.00,87.84,57.11,48
615936,76992,646.65,24.34,0.39,48
615936,76992,1865.90,88.89,123.59,48
615936,76992,-773.34,86.50,426.50,48
616320,77040,1524.47,84.65,140.98,48
616320,77040,475.87,23.56,0.32,48
616320,77040,3631.27,87.50,1.31,48
616320,77040,-4893.55,22.07,533.63,48
616320,77040,-15.82,19.66,9.26,48
616320,77040,3046.51,88.22,46.12,48
616320,77040,2125.45,85.27,80.96,48
616320,77040,-1525.09,88.38,529.65,48
616704,77088,1679.17,90.72,175.61,48
616704,77088,250.21,25.60,8.03,48
616704,77088,1869.69,88.79,138.37,48
616704,77088,442.47,22.03,0.01,48
616704,77088,-3638.44,24.10,378.71,48
616704,77088,3942.66,90.53,0.69,48
616704,77088,-470.49,88.87,402.83,48
616704,77088,2864.06,86.42,24.21,48
617088,77136,3849.18,89.30,0.00,48
617088,77136,2683.52,89.58,54.06,48
617088,77136,1615.44,85.11,132.89,48
617088,77136,3382.50,86.69,3.60,48
617088,77136,3670.39,88.09,5.74,48
617088,77136,2735.45,91.38,56.79,48
617088,77136,3628.15,88.23,1.54,48
617088,77136,248.37,85.81,298.42,48
617472,77184,2026.78,87.59,91.15,48
617472,77184,2387.89,88.39,75.28,48
617472,77184,3964.32,90.36,0.25,48
617472,77184,-640.40,20.60,32.25,48
617472,77184,3471.30,86.68,2.62,48
617472,77184,600.45,22.54,1.94,48
617472,77184,3721.64,89.90,18.87,48
617472,77184,-343.86,24.86,26.96,48
617856,77232,1373.20,86.36,170.25,48
617856,77232,1499.35,86.42,156.80,48
617856,77232,2694.31,87.26,24.50,48
617856,77232,3388.08,88.16,17.81,48
617856,77232,363.97,89.33,313.96,48
617856,77232,391.89,24.21,5.86,48
617856,77232,3589.54,86.76,0.00,48
617856,77232,3842.18,88.71,0.03,48
618240,77280,3274.62,86.53,5.48,48
618240,77280,382.51,24.56,1.44,48
618240,77280,2110.78,89.92,107.15,48
618240,77280,-106.37,21.38,13.16,48
618240,77280,3898.43,89.48,0.31,48
618240,77280,1927.85,87.46,102.97,48
618240,77280,-72.66,20.71,25.34,48
618240,77280,3474.45,85.78,1.94,48
618624,77328,3005.91,87.05,20.13,48
618624,77328,207.81,22.80,2.41,48
618624,77328,3165.24,90.40,42.72,48
618624,77328,3605.78,86.81,4.53,48
618624,77328,2031.62,88.22,106.64,48
618624,77328,3967.03,90.55,0.00,48
618624,77328,-1311.95,22.32,119.10,48
618624,77328,-1724.70,22.16,148.65,48
619008,77376,1254.49,87.60,199.78,48
619008,77376,3786.95,88.75,1.39,48
619008,77376,3470.96,89.59,12.73,48
619008,77376,201.19,23.71,28.92,48
619008,77376,-1424.76,22.11,126.44,48
619008,77376,1267.80,90.00,206.90,48
619008,77376,978.96,89.14,236.20,48
619008,77376,2462.15,86.93,44.99,48
619392,77424,3681.91,90.82,8.90,48
619392,77424,2187.71,88.22,92.63,48
619392,77424,3879.91,89.33,1.39,48
619392,77424,372.70,21.19,1.00,48
619392,77424,428.09,23.95,0.47,48
619392,77424,83.02,24.99,13.79,48
619392,77424,415.15,24.90,1.87,48
619392,77424,-1018.59,18.61,63.37,48
619776,77472,3668.59,86.78,2.57,48
619776,77472,3125.87,87.93,24.12,48
619776,77472,3521.22,88.31,15.15,48
619776,77472,-1116.70,87.61,467.76,48
619776,77472,320.03,23.85,2.62,48
619776,77472,3629.88,86.60,0.00,48
619776,77472,3456.62,87.23,5.70,48
619776,77472,2907.75,90.75,34.91,48
620160,77520,2326.19,86.25,67.33,48
620160,77520,338.32,22.77,2.84,48
620160,77520,-4149.19,23.83,456.21,48
620160,77520,602.02,24.59,2.26,48
620160,77520,435.99,21.94,0.72,48
620160,77520,3568.02,85.39,0.00,48
620160,77520,3588.10,89.42,4.72,48
620160,77520,439.56,25.65,2.41,48
620544,77568,-79.50,24.33,31.95,48
620544,77568,3149.73,89.97,30.38,48
620544,77568,-124.84,23.10,26.86,48
620544,77568,3491.01,88.27,3.67,48
620544,77568,3161.63,88.41,10.92,48
620544,77568,1702.94,88.21,145.83,48
620544,77568,3109.23,86.98,32.11,48
620544,77568,2101.18,86.89,85.10,48
620928,77616,165.57,21.59,4.90,48
620928,77616,2772.75,86.37,20.17,48
620928,77616,2609.09,91.51,89.97,48
620928,77616,-231.65,23.27,22.31,48
620928,77616,329.40,22.85,0.57,48
620928,77616,3885.09,90.04,0.78,48
620928,77616,3346.62,88.51,41.14,48
620928,77616,-114.66,23.28,23.91,48
621312,77664,3172.45,86.80,20.77,48
621312,77664,3577.05,87.62,3.05,48
621312,77664,-1632.24,21.35,152.44,48
621312,77664,-1597.40,23.73,169.98,48
621312,77664,3923.13,90.08,0.86,48
621312,77664,2793.81,89.65,32.35,48
621312,77664,3383.04,88.11,9.83,48
621312,77664,-294.34,21.83,28.72,48
621696,77712,263.98,27.81,6.21,48
621696,77712,2881.14,86.68,28.93,48
621696,77712,3732.78,90.18,6.81,48
621696,77712,2416.65,87.77,63.27,48
621696,77712,-938.47,25.02,73.59,48
621696,77712,-183.02,21.77,57.17,48
621696,77712,3359.82,87.75,12.09,48
621696,77712,100.56,23.00,9.65,48
622080,77760,413.76,21.92,0.25,48
622080,77760,3351.37,85.52,10.25,48
622080,77760,3837.39,88.59,0.02,48
622080,77760,3465.50,87.80,15.39,48
622080,77760,619.94,24.86,0.31,48
622080,77760,-781.92,85.02,416.54,48
622080,77760,3449.32,86.93,0.82,48
622080,77760,3515.64,87.45,3.87,48
622464,77808,139.74,24.76,23.72,48
622464,77808,3762.77,90.17,1.39,48
622464,77808,3623.84,87.64,0.56,48
622464,77808,2188.47,85.18,62.76,48
622464,77808,2688.75,90.85,56.84,48
622464,77808,3010.81,87.32,18.16,48
622464,77808,3830.24,89.66,0.71,48
622464,77808,2837.46,88.75,33.51,48
622848,77856,538.17,24.13,0.31,48
622848,77856,3871.81,88.88,0.32,48
622848,77856,3448.92,86.17,8.59,48
622848,77856,-229.97,21.76,15.24,48
622848,77856,441.20,24.11,0.00,48
622848,77856,2481.27,86.40,45.81,48
622848,77856,2347.89,88.75,84.05,48
622848,77856,3891.29,88.30,0.95,48
623232,77904,3675.56,87.74,1.49,48
623232,77904,65.04,23.18,42.34,48
623232,77904,3487.47,88.50,9.66,48
623232,77904,2520.82,89.03,76.07,48
623232,77904,-1733.66,21.33,153.09,48
623232,77904,-1472.08,24.34,135.27,48
623232,77904,3824.53,87.32,1.37,48
623232,77904,3865.39,88.15,0.00,48
623616,77952,3649.87,86.04,0.60,48
623616,77952,-280.37,20.29,19.53,48
623616,77952,269.53,20.41,1.82,48
623616,77952,3936.41,89.49,0.92,48
623616,77952,3919.01,90.46,0.01,48
623616,77952,-894.56,24.26,80.11,48
623616,77952,461.08,22.52,0.01,48
623616,77952,3576.34,89.69,18.90,48
624000,78000,-4906.54,23.71,541.50,48
624000,78000,-3508.75,21.21,349.01,48
624000,78000,101.02,24.16,4.89,48
624000,78000,530.43,29.20,0.28,48
624000,78000,3302.23,84.64,10.62,48
624000,78000,-1005.03,86.31,467.01,48
624000,78000,3717.21,88.16,0.02,48
624000,78000,-4907.05,22.62,522.98,48
624384,78048,-1219.48,23.80,103.87,48
624384,78048,2417.74,88.14,71.22,48
624384,78048,3177.61,87.40,19.76,48
624384,78048,3608.25,87.18,0.41,48
624384,78048,3368.75,89.42,19.87,48
624384,78048,2149.10,86.65,92.03,48
624384,78048,-780.59,23.15,53.24,48
624384,78048,-1277.85,20.31,94.69,48
624768,78096,-3535.62,21.30,359.45,48
624768,78096,2482.18,91.48,83.40,48
624768,78096,3020.85,84.26,6.73,48
624768,78096,3757.31,87.98,0.38,48
624768,78096,287.14,21.40,0.00,48
624768,78096,-1182.40,23.58,94.60,48
624768,78096,3032.34,84.86,24.20,48
624768,78096,3319.83,88.06,6.74,48
625152,78144,-590.85,26.45,54.33,48
625152,78144,1664.49,85.94,141.67,48
625152,78144,-469.32,22.11,31.11,48
625152,78144,460.29,23.25,1.09,48
625152,78144,2249.05,87.41,73.02,48
625152,78144,2044.41,86.13,86.28,48
625152,78144,179.81,22.69,10.13,48
625152,78144,2595.25,87.56,43.83,48
625536,78192,163.25,24.38,17.77,48
625536,78192,1905.74,86.81,116.12,48
625536,78192,2809.42,86.75,45.18,48
625536,78192,1887.78,86.52,109.18,48
625536,78192,3730.64,85.69,0.81,48
625536,78192,-455.79,88.35,410.93,48
625536,78192,-887.04,22.40,70.44,48
625536,78192,3825.76,90.95,2.11,48
625920,78240,3559.66,84.88,0.27,48
625920,78240,3460.88,88.92,10.78,48
625920,78240,145.43,22.65,15.70,48
625920,78240,2377.08,84.50,46.34,48
625920,78240,-1296.86,23.45,97.34,48
625920,78240,3651.69,86.46,0.88,48
625920,78240,354.54,25.53,1.75,48
625920,78240,3587.20,87.69,3.26,48
626304,78288,3415.06,86.58,19.45,48
626304,78288,2852.57,85.56,23.03,48
626304,78288,574.14,24.18,0.66,48
626304,78288,2373.22,90.60,89.60,48
626304,78288,2272.01,84.58,59.58,48
626304,78288,3704.40,88.95,0.82,48
626304,78288,1540.59,84.22,131.34,48
626304,78288,3552.10,87.26,4.36,48
626688,78336,451.18,22.05,0.00,48
626688,78336,17.59,24.18,18.41,48
626688,78336,133.89,22.02,4.25,48
626688,78336,4006.11,90.91,1.01,48
626688,78336,3593.82,86.94,0.01,48
626688,78336,3664.40,89.71,4.28,48
626688,78336,499.76,22.25,1.38,48
626688,78336,60.73,22.42,3.28,48
627072,78384,-118.69,22.33,37.05,48
627072,78384,2628.85,88.67,60.50,48
627072,78384,3680.48,87.93,2.47,48
627072,78384,3099.89,88.07,15.56,48
627072,78384,1843.67,85.27,115.32,48
627072,78384,1769.63,89.57,146.54,48
627072,78384,-338.89,21.72,24.61,48
627072,78384,3719.48,87.71,0.00,48
627456,78432,3456.65,88.11,23.61,48
627456,78432,266.01,24.56,10.83,48
627456,78432,3726.45,89.15,5.97,48
627456,78432,1650.88,89.36,170.16,48
627456,78432,3823.11,89.50,0.68,48
627456,78432,-67.06,21.52,14.77,48
627456,78432,308.51,24.31,6.41,48
627456,78432,3677.18,85.87,0.19,48
627840,78480,1526.30,85.36,147.48,48
627840,78480,338.37,24.71,3.21,48
627840,78480,2542.05,85.98,44.85,48
627840,78480,2113.33,87.99,91.44,48
627840,78480,369.04,20.04,0.32,48
627840,78480,2537.53,86.79,50.64,48
627840,78480,2849.72,87.60,26.24,48
627840,78480,3526.34,88.01,13.20,48
628224,78528,-94.47,26.32,34.78,48
628224,78528,2811.80,87.83,32.24,48
628224,78528,393.73,21.34,0.00,48
628224,78528,3524.25,89.12,10.14,48
628224,78528,427.82,21.80,0.00,48
628224,78528,-1029.35,25.58,91.57,48
628224,78528,2894.90,87.90,31.68,48
628224,78528,2325.53,87.57,66.67,48
628608,78576,2936.92,89.23,20.53,48
628608,78576,2682.16,89.54,69.11,48
628608,78576,3719.22,87.18,0.10,48
628608,78576,3415.27,89.09,12.13,48
628608,78576,1533.55,86.68,149.93,48
628608,78576,3692.55,87.20,0.10,48
628608,78576,3174.74,86.77,20.23,48
628608,78576,3542.73,88.59,15.77,48
628992,78624,2229.17,86.91,68.74,48
628992,78624,3916.58,89.61,1.84,48
628992,78624,2179.29,89.90,107.86,48
628992,78624,172.82,23.63,4.85,48
628992,78624,4086.37,91.63,0.27,48
628992,78624,3258.68,86.67,15.57,48
628992,78624,3547.77,89.03,1.61,48
628992,78624,-344.93,22.11,32.32,48
629376,78672,2707.89,87.54,51.25,48
629376,78672,1429.03,86.12,162.12,48
629376,78672,2259.48,87.75,87.26,48
629376,78672,3933.67,90.11,0.00,48
629376,78672,2636.64,88.14,48.68,48
629376,78672,3562.95,86.27,5.82,48
629376,78672,3499.55,84.01,0.21,48
629376,78672,-963.82,24.84,87.48,48
629760,78720,3371.50,87.73,15.79,48
629760,78720,3786.28,87.42,1.39,48
629760,78720,3701.61,90.50,4.68,48
629760,78720,2704.36,88.68,38.55,48
629760,78720,2514.33,85.12,31.80,48
629760,78720,451.03,23.93,1.78,48
629760,78720,2816.39,86.82,21.42,48
629760,78720,2716.36,88.29,32.01,48
630144,78768,-760.11,23.78,60.68,48
630144,78768,3324.03,84.61,4.53,48
630144,78768,1936.61,88.34,130.50,48
630144,78768,281.87,20.85,0.19,48
630144,78768,3588.46,85.57,1.43,48
630144,78768,3726.60,87.74,0.10,48
630144,78768,23.58,23.39,5.94,48
630144,78768,3627.72,87.55,7.17,48
630528,78816,1966.88,87.59,112.35,48
630528,78816,-867.89,22.00,63.22,48
630528,78816,-4347.58,21.25,475.87,48
630528,78816,420.57,22.67,0.83,48
630528,78816,231.47,21.11,2.62,48
630528,78816,3815.42,88.98,2.39,48
630528,78816,2856.37,87.93,20.91,48
630528,78816,3714.46,90.15,15.94,48
630912,78864,-998.86,22.80,69.51,48
630912,78864,-1819.45,18.82,148.75,48
630912,78864,2925.75,88.70,25.94,48
630912,78864,3653.34,86.22,0.58,48
630912,78864,-189.52,22.38,33.17,48
630912,78864,3762.10,87.84,0.00,48
630912,78864,2156.46,88.53,98.54,48
630912,78864,-405.14,20.76,37.66,48
631296,78912,450.76,21.13,0.76,48
631296,78912,3688.31,89.07,5.99,48
631296,78912,2838.75,92.21,63.89,48
631296,78912,367.02,22.89,29.21,48
631296,78912,1793.05,85.46,117.75,48
631296,78912,2898.03,87.53,25.31,48
631296,78912,484.75,23.54,0.02,48
631296,78912,-2061.86,21.69,188.53,48
631680,78960,2159.51,88.58,103.94,48
631680,78960,2556.68,87.22,39.13,48
631680,78960,3632.56,86.31,0.62,48
631680,78960,974.70,89.26,238.89,48
631680,78960,2925.67,89.13,25.83,48
631680,78960,-5326.45,24.17,592.67,48
631680,78960,571.56,21.74,0.00,48
631680,78960,3709.39,87.38,1.17,48
632064,79008,531.82,25.35,2.39,48
632064,79008,-971.25,24.66,76.72,48
632064,79008,3899.13,90.19,0.66,48
632064,79008,-3643.74,23.84,382.24,48
632064,79008,-1003.21,21.94,66.01,48
632064,79008,-658.54,21.96,41.14,48
632064,79008,13.46,26.34,11.67,48
632064,79008,3671.49,90.86,14.41,48
632448,79056,334.22,21.59,1.92,48
632448,79056,3725.54,86.88,0.58,48
632448,79056,3864.28,89.37,1.63,48
632448,79056,2047.39,84.91,88.92,48
632448,79056,-997.08,85.72,441.76,48
632448,79056,3713.18,88.16,0.60,48
632448,79056,146.41,24.79,7.38,48
632448,79056,-1955.26,21.98,175.80,48
632832,79104,1243.58,87.74,196.75,48
632832,79104,-5588.71,25.12,625.84,48
632832,79104,3637.90,87.74,2.20,48
632832,79104,339.54,23.13,4.53,48
632832,79104,3749.35,87.38,1.43,48
632832,79104,3278.77,91.20,27.56,48
632832,79104,3309.01,89.36,17.95,48
632832,79104,2182.79,87.67,70.37,48
633216,79152,2566.71,91.17,84.39,48
633216,79152,2569.27,85.49,42.75,48
633216,79152,2782.90,87.19,28.54,48
633216,79152,-909.48,20.41,55.23,48
633216,79152,3892.84,89.55,1.01,48
633216,79152,-501.95,22.75,55.76,48
633216,79152,2824.98,86.37,22.09,48
633216,79152,3168.70,89.54,10.05,48
633600,79200,-181.13,22.58,21.51,48
633600,79200,3404.80,87.59,4.60,48
633600,79200,-1479.27,22.87,128.94,48
633600,79200,-658.81,22.45,48.67,48
633600,79200,3661.63,86.26,1.00,48
633600,79200,3905.11,89.91,1.76,48
633600,79200,2910.34,87.65,17.35,48
633600,79200,2994.04,86.05,9.00,48
633984,79248,119.75,88.39,326.24,48
633984,79248,2515.45,88.10,73.72,48
633984,79248,3617.69,87.09,4.67,48
633984,79248,-3306.20,20.05,305.11,48
633984,79248,-197.73,22.99,24.52,48
633984,79248,3561.89,85.77,0.19,48
633984,79248,2564.23,87.78,47.13,48
633984,79248,215.26,20.97,8.50,48
634368,79296,1306.66,87.39,179.41,48
634368,79296,168.24,22.59,9.93,48
634368,79296,85.07,23.67,14.42,48
634368,79296,571.89,22.63,1.28,48
634368,79296,3737.53,89.30,0.34,48
634368,79296,-1101.50,19.87,75.67,48
634368,79296,3771.45,89.89,1.02,48
634368,79296,195.46,21.13,1.68,48
634752,79344,3776.74,87.72,0.76,48
634752,79344,1739.09,91.13,167.67,48
634752,79344,-558.05,24.64,42.21,48
634752,79344,524.57,24.13,0.71,48
634752,79344,1510.48,88.58,165.37,48
634752,79344,3514.98,86.84,8.49,48
634752,79344,2339.47,87.63,68.33,48
634752,79344,2169.85,89.14,104.10,48
635136,79392,3529.60,85.32,0.47,48
635136,79392,3346.07,87.68,8.49,48
635136,79392,3583.11,87.25,1.97,48
635136,79392,3797.00,90.76,3.58,48
635136,79392,-733.52,20.17,36.60,48
635136,79392,338.22,24.13,0.19,48
635136,79392,-1976.49,22.96,174.84,48
635136,79392,1484.63,89.16,182.44,48
635520,79440,-296.91,22.90,14.89,48
635520,79440,3661.64,86.65,0.58,48
635520,79440,2813.70,88.76,35.91,48
635520,79440,1541.41,88.02,157.88,48
635520,79440,3774.95,88.54,0.58,48
635520,79440,-115.21,24.32,13.69,48
635520,79440,-1298.06,21.25,97.55,48
635520,79440,388.24,25.18,1.76,48
635904,79488,1856.68,89.48,141.33,48
635904,79488,402.57,88.14,301.34,48
635904,79488,3778.71,88.07,1.06,48
635904,79488,3527.72,86.62,4.23,48
635904,79488,518.72,24.58,0.81,48
635904,79488,160.73,22.78,9.28,48
635904,79488,225.52,21.39,1.87,48
635904,79488,-4822.90,22.09,505.85,48
636288,79536,3308.22,89.63,24.42,48
636288,79536,2602.61,89.14,50.51,48
636288,79536,3738.09,86.92,0.00,48
636288,79536,491.47,22.08,0.00,48
636288,79536,2762.28,87.91,40.25,48
636288,79536,2608.94,86.38,51.07,48
636288,79536,2350.16,85.58,57.88,48
636288,79536,2450.88,87.87,61.38,48
636672,79584,3249.58,88.97,21.52,48
636672,79584,-974.89,22.71,81.53,48
636672,79584,-1071.43,24.71,84.08,48
636672,79584,1937.13,87.66,113.40,48
636672,79584,3870.95,87.48,0.00,48
636672,79584,3731.22,85.59,0.00,48
636672,79584,-5229.38,23.96,583.44,48
636672,79584,27.39,23.59,7.77,48
637056,79632,2375.34,86.78,71.47,48
637056,79632,508.24,26.48,6.80,48
637056,79632,199.09,21.80,3.51,48
637056,79632,1293.02,88.22,191.29,48
637056,79632,-1483.41,19.81,94.87,48
637056,79632,3399.40,88.06,31.83,48
637056,79632,1835.48,88.18,123.94,48
637056,79632,3483.38,87.61,2.70,48
637440,79680,1585.37,90.13,176.99,48
637440,79680,1715.05,84.14,135.34,48
637440,79680,-1636.86,21.00,108.25,48
637440,79680,1444.76,86.52,153.33,48
637440,79680,2821.25,87.16,15.23,48
637440,79680,1439.83,85.88,159.51,48
637440,79680,3167.27,85.16,19.26,48
637440,79680,1739.86,86.72,130.08,48
637824,79728,3613.42,86.58,3.01,48
637824,79728,3144.86,86.92,5.43,48
637824,79728,-1488.91,23.27,110.74,48
637824,79728,1670.69,87.27,129.20,48
637824,79728,-562.13,20.56,26.85,48
637824,79728,1877.10,86.35,118.11,48
637824,79728,3522.23,86.60,2.36,48
637824,79728,-593.80,22.98,40.60,48
638208,79776,3197.12,86.83,26.04,48
638208,79776,1648.99,86.36,136.78,48
638208,79776,2481.29,88.03,69.84,48
638208,79776,3859.74,89.58,0.00,48
638208,79776,133.17,23.15,5.51,48
638208,79776,-1538.34,20.77,107.50,48
638208,79776,3316.67,88.65,30.84,48
638208,79776,-1744.42,20.97,157.37,48
638592,79824,260.96,22.60,2.17,48
638592,79824,369.06,21.35,0.69,48
638592,79824,2924.55,87.08,28.32,48
638592,79824,407.47,24.49,1.33,48
638592,79824,2527.11,86.39,46.58,48
638592,79824,2224.01,87.22,76.59,48
638592,79824,523.89,24.04,0.43,48
638592,79824,331.21,22.37,3.96,48
638976,79872,470.23,24.70,0.83,48
638976,79872,55.37,23.34,20.23,48
638976,79872,3908.32,89.93,1.70,48
638976,79872,2178.83,88.58,96.48,48
638976,79872,-4472.39,20.19,469.34,48
638976,79872,3686.24,88.78,2.56,48
638976,79872,3301.31,86.83,19.49,48
638976,79872,3043.48,86.07,6.00,48
639360,79920,-3561.30,23.63,367.13,48
639360,79920,3764.20,87.95,0.01,48
639360,79920,2587.11,84.81,30.15,48
639360,79920,284.40,22.82,0.74,48
639360,79920,648.54,85.66,241.77,48
639360,79920,3831.65,88.14,0.00,48
639360,79920,-346.83,21.72,27.77,48
639360,79920,2835.92,89.14,45.37,48
639744,79968,3154.53,89.35,15.31,48
639744,79968,3770.86,89.36,1.49,48
639744,79968,-679.29,21.76,33.92,48
639744,79968,3152.76,85.35,24.14,48
639744,79968,3567.31,90.30,12.64,48
639744,79968,3589.41,90.75,8.00,48
639744,79968,173.05,86.02,304.88,48
639744,79968,3271.48,86.76,12.29,48
640128,80016,3598.32,86.41,4.20,48
640128,80016,-475.14,21.80,31.09,48
640128,80016,-335.14,22.24,18.45,48
640128,80016,3603.01,85.46,0.02,48
640128,80016,2320.46,86.07,58.69,48
640128,80016,2856.98,88.81,44.67,48
640128,80016,2659.85,84.25,30.49,48
640128,80016,2954.86,87.37,23.62,48
640512,80064,2039.59,87.72,99.10,48
640512,80064,-368.54,24.09,60.21,48
640512,80064,-1893.13,21.13,153.51,48
640512,80064,2527.31,90.42,72.06,48
640512,80064,485.43,23.03,0.00,48
640512,80064,3708.13,87.51,0.00,48
640512,80064,3391.19,86.52,11.97,48
640512,80064,3355.30,86.77,6.11,48
640896,80112,3177.39,85.97,19.58,48
640896,80112,368.67,25.15,6.02,48
640896,80112,3494.21,88.87,9.12,48
640896,80112,3670.88,86.70,0.92,48
640896,80112,-1032.96,22.19,81.92,48
640896,80112,3890.56,88.92,1.70,48
640896,80112,3841.23,88.07,0.00,48
640896,80112,2878.08,88.23,25.51,48
641280,80160,-80.46,24.30,38.51,48
641280,80160,3388.68,87.90,11.44,48
641280,80160,72.34,24.88,17.11,48
641280,80160,2787.54,84.93,33.66,48
641280,80160,-9.59,20.91,15.17,48
641280,80160,40.46,23.83,18.09,48
641280,80160,2934.69,87.40,32.47,48
641280,80160,3567.56,90.03,17.37,48
641664,80208,3284.86,90.72,29.91,48
641664,80208,-455.39,26.05,40.20,48
641664,80208,-107.21,90.26,383.68,48
641664,80208,1529.06,86.49,151.64,48
641664,80208,3194.76,87.50,12.92,48
641664,80208,-592.32,21.37,27.81,48
641664,80208,-105.94,22.74,27.30,48
641664,80208,1619.87,88.18,166.80,48
642048,80256,1776.69,84.00,101.53,48
642048,80256,282.46,23.41,1.01,48
642048,80256,12.84,23.30,8.46,48
642048,80256,94.77,22.28,4.83,48
642048,80256,3588.43,85.19,2.90,48
642048,80256,2741.84,87.10,41.61,48
642048,80256,50.81,87.75,336.72,48
642048,80256,-1437.32,23.85,117.21,48
642432,80304,2102.13,87.64,95.41,48
642432,80304,3519.12,86.31,0.00,48
642432,80304,3894.11,88.68,0.35,48
642432,80304,-886.61,19.63,63.64,48
642432,80304,1321.34,85.58,165.66,48
642432,80304,2282.46,86.80,88.70,48
642432,80304,-285.50,22.07,15.47,48
642432,80304,3042.05,85.46,35.11,48
642816,80352,1897.98,88.91,122.24,48
642816,80352,2265.42,86.65,67.16,48
642816,80352,-684.87,22.34,48.93,48
642816,80352,-1248.63,86.03,481.42,48
642816,80352,-3422.91,20.49,354.64,48
642816,80352,1498.52,87.87,160.38,48
642816,80352,2803.59,89.62,41.42,48
642816,80352,3706.49,88.39,0.34,48
643200,80400,2627.80,85.30,51.74,48
643200,80400,3574.03,86.23,1.29,48
643200,80400,2656.08,87.39,39.45,48
643200,80400,3052.10,84.58,29.81,48
643200,80400,3102.61,84.94,14.59,48
643200,80400,262.01,21.20,3.76,48
643200,80400,3887.95,90.28,1.43,48
643200,80400,1086.62,87.86,215.02,48
643584,80448,3335.65,88.14,16.00,48
643584,80448,3781.57,87.95,2.26,48
643584,80448,3039.24,85.28,15.29,48
643584,80448,3598.67,87.25,8.73,48
643584,80448,3415.01,86.52,3.72,48
643584,80448,1703.52,88.25,136.78,48
643584,80448,101.42,21.92,6.04,48
643584,80448,2920.47,89.78,42.27,48
643968,80496,3374.23,89.16,13.39,48
643968,80496,2864.49,85.79,27.36,48
643968,80496,3456.50,87.31,9.93,48
643968,80496,3116.90,85.64,33.46,48
643968,80496,467.46,21.83,0.01,48
643968,80496,185.97,23.93,3.58,48
643968,80496,369.69,25.23,2.94,48
643968,80496,3222.47,89.45,19.32,48
644352,80544,365.15,22.87,0.91,48
644352,80544,-1565.90,23.00,138.28,48
644352,80544,3443.19,84.77,2.37,48
644352,80544,3500.54,85.08,0.00,48
644352,80544,-2238.96,25.81,208.29,48
644352,80544,1737.70,87.74,132.77,48
644352,80544,153.58,22.75,0.84,48
644352,80544,3667.57,86.88,0.57,48
644736,80592,-1252.74,85.79,486.01,48
644736,80592,-956.86,86.77,451.71,48
644736,80592,3850.20,87.83,1.28,48
644736,80592,3569.24,89.68,6.57,48
644736,80592,1694.56,86.58,116.40,48
644736,80592,-538.63,21.98,41.53,48
644736,80592,1625.52,89.09,151.48,48
644736,80592,-1721.77,22.07,160.65,48
645120,80640,-1751.86,26.68,169.09,48
645120,80640,2185.26,90.59,112.27,48
645120,80640,3454.33,85.58,3.96,48
645120,80640,2286.34,87.38,66.75,48
645120,80640,3383.69,88.77,15.57,48
645120,80640,318.57,22.63,1.21,48
645120,80640,-3541.06,23.11,360.94,48
645120,80640,3408.22,83.27,1.97,48
645504,80688,2793.54,89.12,42.09,48
645504,80688,2374.27,86.73,82.21,48
645504,80688,3601.54,85.21,0.66,48
645504,80688,2856.49,88.93,18.73,48
645504,80688,2765.17,87.54,54.61,48
645504,80688,2180.64,87.10,78.74,48
645504,80688,3674.93,86.28,0.19,48
645504,80688,3717.77,89.99,5.96,48
645888,80736,2937.61,86.34,17.84,48
645888,80736,250.00,86.07,282.39,48
645888,80736,1311.52,85.54,154.89,48
645888,80736,2216.79,90.33,114.87,48
645888,80736,4046.01,90.94,0.01,48
645888,80736,3480.91,89.18,12.79,48
645888,80736,3975.59,89.50,0.00,48
645888,80736,246.65,88.60,314.99,48
646272,80784,-357.25,20.21,35.55,48
646272,80784,2587.76,87.85,40.37,48
646272,80784,1772.82,87.77,132.81,48
646272,80784,-1248.03,24.00,92.66,48
646272,80784,3755.53,88.51,1.37,48
646272,80784,3328.45,87.17,9.93,48
646272,80784,169.76,21.02,0.61,48
646272,80784,34.58,24.33,18.08,48
646656,80832,3886.75,88.91,0.10,48
646656,80832,-772.44,21.85,51.86,48
646656,80832,3526.14,82.19,0.00,48
646656,80832,3710.62,88.76,1.34,48
646656,80832,3539.67,85.85,0.54,48
646656,80832,195.44,20.58,2.76,48
646656,80832,3907.25,90.48,0.57,48
646656,80832,2394.54,86.70,62.74,48
647040,80880,-925.75,25.88,87.01,48
647040,80880,3771.84,87.52,3.29,48
647040,80880,24.93,24.42,26.14,48
647040,80880,2601.51,86.66,45.38,48
647040,80880,2879.40,87.31,24.69,48
647040,80880,3433.03,88.58,12.36,48
647040,80880,2342.05,87.22,57.80,48
647040,80880,2562.78,87.69,67.78,48
647424,80928,3420.12,88.97,29.52,48
647424,80928,3028.52,89.97,24.46,48
647424,80928,3532.46,90.14,14.67,48
647424,80928,2545.27,83.18,38.77,48
647424,80928,1628.60,83.37,116.04,48
647424,80928,3127.75,87.09,35.37,48
647424,80928,-1327.50,21.97,98.90,48
647424,80928,3520.91,86.27,1.94,48
647808,80976,3842.69,88.10,0.00,48
647808,80976,3575.58,86.82,0.47,48
647808,80976,2596.25,87.32,38.79,48
647808,80976,-95.71,24.49,35.68,48
647808,80976,3757.14,87.97,1.28,48
647808,80976,2828.58,88.48,31.58,48
647808,80976,334.56,23.63,5.36,48
647808,80976,3340.74,86.70,6.99,48
648192,81024,400.89,22.06,2.31,48
648192,81024,-894.57,20.58,85.50,48
648192,81024,2353.74,89.58,84.23,48
648192,81024,3072.02,85.41,30.34,48
648192,81024,345.66,21.99,0.40,48
648192,81024,3826.48,89.98,2.09,48
648192,81024,3647.96,87.02,1.49,48
648192,81024,2718.13,87.44,31.47,48
648576,81072,368.44,22.68,0.00,48
648576,81072,27.28,21.92,13.28,48
648576,81072,2101.06,87.49,104.34,48
648576,81072,2813.18,86.04,34.52,48
648576,81072,278.86,22.36,3.02,48
648576,81072,2726.60,88.40,38.67,48
648576,81072,3789.78,89.20,0.84,48
648576,81072,224.03,21.55,4.95,48
648960,81120,419.79,24.35,1.45,48
648960,81120,3591.80,87.18,0.26,48
648960,81120,88.92,20.80,5.65,48
648960,81120,3832.16,88.02,0.28,48
648960,81120,-815.95,25.98,70.06,48
648960,81120,3538.92,87.98,6.78,48
648960,81120,2778.09,84.60,26.51,48
648960,81120,3921.65,90.08,1.37,48
649344,81168,2623.80,85.50,39.68,48
649344,81168,1609.30,89.92,169.23,48
649344,81168,-1081.74,83.89,444.19,48
649344,81168,3732.01,88.77,0.85,48
649344,81168,-337.34,20.30,15.67,48
649344,81168,3113.63,89.86,30.00,48
649344,81168,141.72,19.90,6.45,48
649344,81168,1684.49,85.46,130.52,48
649728,81216,2873.70,85.29,17.42,48
649728,81216,3392.07,83.79,0.00,48
649728,81216,365.53,23.91,2.64,48
649728,81216,2424.46,85.84,49.43,48
649728,81216,2574.00,87.76,52.07,48
649728,81216,3522.41,85.22,2.03,48
649728,81216,330.70,23.95,2.73,48
649728,81216,3022.82,84.47,7.87,48
650112,81264,3801.39,89.10,2.90,48
650112,81264,3316.84,88.03,7.01,48
650112,81264,-722.20,23.17,46.79,48
650112,81264,3457.85,86.73,3.52,48
650112,81264,-1869.87,26.06,185.57,48
650112,81264,3770.47,90.30,5.24,48
650112,81264,-1965.01,23.07,182.88,48
650112,81264,3105.53,89.20,12.69,48
650496,81312,410.59,25.09,3.78,48
650496,81312,3215.87,89.76,16.42,48
650496,81312,-813.84,19.89,31.23,48
650496,81312,402.10,22.10,0.91,48
650496,81312,-139.65,21.60,14.62,48
650496,81312,314.41,21.90,2.39,48
650496,81312,3494.02,87.02,10.64,48
650496,81312,3260.61,87.58,16.37,48
650880,81360,3350.46,88.23,16.85,48
650880,81360,-549.52,23.52,29.40,48
650880,81360,2028.30,85.94,97.78,48
650880,81360,333.58,23.48,0.83,48
650880,81360,3849.75,89.35,0.00,48
650880,81360,3575.45,86.27,1.28,48
650880,81360,3134.61,88.54,52.98,48
650880,81360,1657.64,89.10,172.67,48
651264,81408,3753.09,88.97,2.53,48
651264,81408,3477.14,85.56,3.92,48
651264,81408,456.79,24.65,2.69,48
651264,81408,1752.86,85.44,141.84,48
651264,81408,1849.43,88.97,123.40,48
651264,81408,171.16,22.05,7.82,48
651264,81408,-778.08,21.32,41.57,48
651264,81408,3550.32,86.08,0.00,48
651648,81456,3757.60,88.27,0.43,48
651648,81456,3057.42,89.04,12.40,48
651648,81456,-859.59,22.56,66.44,48
651648,81456,2422.70,89.10,84.75,48
651648,81456,501.64,26.38,9.24,48
651648,81456,3336.11,88.93,21.37,48
651648,81456,2356.81,87.31,56.14,48
651648,81456,2397.05,86.05,61.73,48
652032,81504,2791.86,87.69,65.59,48
652032,81504,101.96,27.48,30.86,48
652032,81504,3621.35,86.55,1.24,48
652032,81504,-116.56,19.11,48.32,48
652032,81504,646.71,25.84,0.69,48
652032,81504,230.77,22.99,5.75,48
652032,81504,-1068.89,25.43,77.30,48
652032,81504,1981.93,87.31,116.88,48
652416,81552,-590.98,23.85,45.92,48
652416,81552,3602.38,86.94,0.80,48
652416,81552,2718.25,89.33,49.82,48
652416,81552,1762.86,85.71,111.31,48
652416,81552,443.50,23.20,3.29,48
652416,81552,3640.40,86.72,2.72,48
652416,81552,3791.88,88.45,2.36,48
652416,81552,3839.08,88.72,0.19,48
652800,81600,2729.35,84.82,38.33,48
652800,81600,3613.65,86.62,1.96,48
652800,81600,3561.44,86.48,1.24,48
652800,81600,63.49,27.55,6.05,48
652800,81600,-1374.54,23.58,117.65,48
652800,81600,-1043.79,88.26,471.02,48
652800,81600,3803.49,88.13,0.00,48
652800,81600,-76.11,19.95,14.72,48
653184,81648,-1463.16,89.32,532.69,48
653184,81648,-32.67,22.97,13.57,48
653184,81648,2814.40,86.94,40.89,48
653184,81648,3745.73,87.94,0.10,48
653184,81648,-1562.27,23.19,127.30,48
653184,81648,1464.49,88.90,174.47,48
653184,81648,3901.36,89.21,0.10,48
653184,81648,-294.77,22.86,27.74,48
653568,81696,3613.42,87.61,3.33,48
653568,81696,134.11,22.40,2.46,48
653568,81696,388.04,23.26,0.19,48
653568,81696,597.66,24.30,1.83,48
653568,81696,-3118.52,19.91,312.34,48
653568,81696,-233.51,25.06,32.15,48
653568,81696,2251.52,85.40,76.91,48
653568,81696,1423.56,87.57,168.76,48
653952,81744,-1329.29,19.99,92.76,48
653952,81744,1611.23,86.14,132.35,48
653952,81744,1534.43,86.79,155.60,48
653952,81744,-492.90,23.06,37.00,48
653952,81744,3815.59,88.22,0.61,48
653952,81744,-1505.43,26.00,150.64,48
653952,81744,3065.55,90.06,50.07,48
653952,81744,3546.36,88.85,7.99,48
654336,81792,3466.59,87.85,9.18,48
654336,81792,3562.81,85.91,0.32,48
654336,81792,1922.30,87.13,114.99,48
654336,81792,56.76,21.47,6.73,48
654336,81792,3625.01,89.04,3.48,48
654336,81792,-17.99,22.94,11.52,48
654336,81792,3749.40,89.85,7.44,48
654336,81792,3982.49,89.93,0.10,48
654720,81840,3601.83,86.23,2.09,48
654720,81840,2780.07,89.48,45.55,48
654720,81840,-1325.64,21.57,105.13,48
654720,81840,-991.70,87.28,466.95,48
654720,81840,3540.02,86.67,3.39,48
654720,81840,3495.66,89.74,14.21,48
654720,81840,-578.82,24.10,29.21,48
654720,81840,3490.51,84.93,3.57,48
655104,81888,286.76,22.76,1.21,48
655104,81888,3856.44,87.24,0.00,48
655104,81888,2027.03,88.91,106.81,48
655104,81888,2349.34,88.15,100.41,48
655104,81888,-1511.19,24.36,144.78,48
655104,81888,3786.89,89.17,0.00,48
655104,81888,2909.39,88.16,24.90,48
655104,81888,1331.70,87.40,180.98,48
655488,81936,-1431.21,85.68,489.91,48
655488,81936,3879.49,88.94,0.56,48
655488,81936,3522.94,87.56,11.01,48
655488,81936,-4864.91,21.70,522.90,48
655488,81936,1667.27,88.17,146.65,48
655488,81936,3824.27,89.21,0.65,48
655488,81936,3725.86,89.59,5.31,48
655488,81936,-1473.26,19.66,107.98,48
655872,81984,-328.00,86.59,372.17,48
655872,81984,2241.63,90.61,118.78,48
655872,81984,3334.45,88.25,14.96,48
655872,81984,1712.78,87.06,130.50,48
655872,81984,2631.17,88.81,45.50,48
655872,81984,2912.58,87.71,43.37,48
655872,81984,3467.21,85.89,2.88,48
655872,81984,2559.08,85.56,49.31,48
656256,82032,511.51,22.59,0.58,48
656256,82032,2577.62,85.63,38.40,48
656256,82032,-3236.02,21.76,327.34,48
656256,82032,3600.27,88.52,29.94,48
656256,82032,3001.52,85.25,23.90,48
656256,82032,-1492.48,24.70,152.88,48
656256,82032,-1543.85,20.11,115.71,48
656256,82032,2266.01,89.51,123.15,48
656640,82080,-623.84,22.31,50.27,48
656640,82080,-1705.12,89.14,559.24,48
656640,82080,2881.31,88.58,37.21,48
656640,82080,-90.13,22.67,8.06,48
656640,82080,289.76,88.54,311.55,48
656640,82080,1856.59,89.48,140.70,48
656640,82080,3955.54,89.91,0.18,48
656640,82080,2270.87,88.97,76.94,48
657024,82128,492.77,23.57,0.00,48
657024,82128,-165.26,26.11,47.23,48
657024,82128,3479.63,88.17,11.50,48
657024,82128,358.01,20.87,0.74,48
657024,82128,-2902.67,19.54,276.83,48
657024,82128,3189.49,86.73,23.37,48
657024,82128,1717.98,86.94,130.07,48
657024,82128,-1716.54,20.90,154.32,48
657408,82176,1409.59,87.90,176.24,48
657408,82176,-501.37,90.31,425.95,48
657408,82176,-711.16,20.75,46.93,48
657408,82176,3870.54,90.38,2.41,48
657408,82176,-459.28,24.50,35.57,48
657408,82176,3320.35,87.74,22.94,48
657408,82176,3164.02,87.73,19.21,48
657408,82176,-1293.52,20.78,93.51,48
657792,82224,-514.03,24.34,54.07,48
657792,82224,527.86,24.99,3.78,48
657792,82224,2624.27,87.86,42.50,48
657792,82224,173.61,24.58,20.12,48
657792,82224,3405.25,88.34,5.58,48
657792,82224,3724.13,88.10,1.67,48
657792,82224,148.41,22.55,8.78,48
657792,82224,486.37,23.40,0.00,48
658176,82272,3949.67,90.21,1.28,48
658176,82272,3917.74,90.19,0.61,48
658176,82272,355.68,23.18,0.00,48
658176,82272,3522.58,87.14,3.40,48
658176,82272,3124.71,85.50,19.28,48
658176,82272,669.62,25.97,0.62,48
658176,82272,2755.08,86.08,29.29,48
658176,82272,3644.78,87.15,0.74,48
658560,82320,1373.66,84.83,161.93,48
658560,82320,221.90,22.29,4.30,48
658560,82320,1897.42,89.30,128.76,48
658560,82320,375.88,22.10,0.23,48
658560,82320,3813.29,88.69,1.01,48
658560,82320,3824.64,88.53,1.38,48
658560,82320,-1435.64,88.73,515.58,48
658560,82320,204.00,23.09,6.72,48
658944,82368,3503.64,87.34,4.94,48
658944,82368,-4718.33,21.14,495.05,48
658944,82368,-355.75,22.07,20.23,48
658944,82368,-627.98,24.36,31.12,48
658944,82368,-1318.78,88.42,505.98,48
658944,82368,3641.89,86.65,0.61,48
658944,82368,495.55,22.70,0.31,48
658944,82368,-1193.64,86.23,476.44,48
659328,82416,3704.57,88.19,3.92,48
659328,82416,1963.42,87.44,98.66,48
659328,82416,2553.02,86.79,46.35,48
659328,82416,3456.64,89.44,18.93,48
659328,82416,3680.20,89.61,8.30,48
659328,82416,2795.48,86.80,27.92,48
659328,82416,3420.64,85.38,3.16,48
659328,82416,1966.65,86.06,101.68,48
659712,82464,400.92,21.29,2.15,48
659712,82464,2616.28,85.18,25.43,48
659712,82464,343.48,23.00,4.36,48
659712,82464,1987.31,88.25,109.91,48
659712,82464,3203.42,91.14,35.68,48
659712,82464,1200.15,87.30,186.37,48
659712,82464,1543.52,86.29,157.73,48
659712,82464,1691.72,88.43,150.25,48
660096,82512,-278.73,23.41,20.23,48
660096,82512,2417.60,87.90,52.65,48
660096,82512,3191.14,87.26,28.17,48
660096,82512,-1421.73,23.57,124.55,48
660096,82512,1511.42,86.94,148.11,48
660096,82512,2550.69,86.76,58.51,48
660096,82512,3681.54,87.33,2.15,48
660096,82512,2358.28,84.67,55.38,48
660480,82560,327.65,22.19,3.62,48
660480,82560,400.62,23.80,2.34,48
660480,82560,3829.12,87.53,0.43,48
660480,82560,3651.72,86.69,0.26,48
660480,82560,-1734.09,22.63,167.00,48
660480,82560,3738.39,87.78,0.28,48
660480,82560,3659.65,87.88,0.00,48
660480,82560,2572.09,86.25,61.25,48
660864,82608,-757.41,20.71,41.53,48
660864,82608,1482.78,85.90,149.55,48
660864,82608,-4664.63,22.43,506.22,48
660864,82608,-165.49,23.24,29.40,48
660864,82608,-706.47,21.01,41.07,48
660864,82608,-761.02,22.51,72.32,48
660864,82608,3657.77,86.28,3.10,48
660864,82608,2877.07,87.84,32.31,48
661248,82656,-183.58,22.45,18.35,48
661248,82656,3292.63,84.60,6.71,48
661248,82656,3116.14,85.55,20.36,48
661248,82656,2615.33,88.22,50.93,48
661248,82656,1579.87,89.16,166.76,48
661248,82656,319.07,85.82,295.13,48
661248,82656,2401.70,86.82,52.21,48
661248,82656,1613.50,86.62,130.59,48
661632,82704,2624.37,87.61,40.68,48
661632,82704,3167.76,84.47,9.96,48
661632,82704,2159.80,83.58,54.43,48
661632,82704,3576.22,86.52,6.59,48
661632,82704,282.32,25.07,5.48,48
661632,82704,447.19,22.77,0.00,48
661632,82704,3634.15,89.04,6.65,48
661632,82704,-751.60,21.35,39.82,48
662016,82752,2936.33,89.10,39.61,48
662016,82752,2462.60,88.46,65.88,48
662016,82752,2841.85,87.84,36.31,48
662016,82752,251.52,20.86,0.47,48
662016,82752,3732.86,87.71,0.43,48
662016,82752,3499.17,88.49,3.16,48
662016,82752,-1013.55,24.03,97.50,48
662016,82752,2826.17,89.37,31.68,48
662400,82800,3096.46,86.97,10.22,48
662400,82800,-190.68,88.22,379.35,48
662400,82800,-1849.17,22.59,169.61,48
662400,82800,-600.75,23.56,68.96,48
662400,82800,578.99,25.15,2.41,48
662400,82800,3594.96,88.42,5.20,48
662400,82800,3627.65,87.74,3.03,48
662400,82800,-1020.30,21.73,74.74,48
662784,82848,3780.77,88.47,0.50,48
662784,82848,2837.87,88.31,30.92,48
662784,82848,182.60,22.53,3.35,48
662784,82848,-832.86,86.70,438.60,48
662784,82848,3818.11,88.16,0.00,48
662784,82848,2111.95,89.94,111.40,48
662784,82848,3765.59,88.16,2.91,48
662784,82848,3124.18,85.63,7.48,48
663168,82896,1234.17,85.39,167.34,48
663168,82896,3211.45,84.87,4.88,48
663168,82896,3600.09,86.86,0.01,48
663168,82896,2475.50,87.54,54.36,48
663168,82896,-1547.65,24.47,149.56,48
663168,82896,1577.85,90.56,183.24,48
663168,82896,1333.47,88.81,190.69,48
663168,82896,-283.26,22.79,24.52,48
663552,82944,-255.35,22.47,29.78,48
663552,82944,411.02,22.29,2.18,48
663552,82944,2861.44,86.27,23.99,48
663552,82944,2855.38,84.21,22.34,48
663552,82944,3763.25,86.55,0.00,48
663552,82944,3554.94,85.52,4.67,48
663552,82944,-28.10,21.22,18.95,48
663552,82944,3447.31,91.40,8.71,48
663936,82992,3713.64,88.26,0.00,48
663936,82992,3331.04,88.32,9.07,48
663936,82992,-2067.65,21.56,177.02,48
663936,82992,3649.19,88.03,8.36,48
663936,82992,-132.93,23.06,25.61,48
663936,82992,-682.10,21.92,41.17,48
663936,82992,1592.00,85.77,130.08,48
663936,82992,2849.04,88.59,28.63,48
664320,83040,406.86,24.85,0.81,48
664320,83040,3848.56,89.73,0.19,48
664320,83040,1521.66,86.71,165.59,48
664320,83040,2891.66,90.43,40.58,48
664320,83040,389.78,22.61,0.05,48
664320,83040,3373.24,88.25,6.69,48
664320,83040,-174.44,24.37,21.74,48
664320,83040,-1792.53,21.57,157.54,48
664704,83088,2615.17,86.68,28.87,48
664704,83088,3549.65,86.95,7.24,48
664704,83088,3820.11,87.30,0.01,48
664704,83088,3851.14,89.73,2.09,48
664704,83088,499.17,23.64,2.28,48
664704,83088,3408.98,88.07,34.90,48
664704,83088,3731.60,87.37,0.47,48
664704,83088,3663.29,87.53,0.62,48
665088,83136,268.43,21.04,0.47,48
665088,83136,-519.70,23.55,34.76,48
665088,83136,378.29,24.70,7.01,48
665088,83136,3853.96,89.36,0.81,48
665088,83136,3788.01,88.87,0.39,48
665088,83136,162.35,21.20,12.91,48
665088,83136,-946.92,23.15,64.54,48
665088,83136,1653.30,85.04,124.11,48
665472,83184,3189.55,87.58,28.00,48
665472,83184,2839.70,87.69,36.05,48
665472,83184,3933.41,89.10,0.00,48
665472,83184,336.54,21.02,0.19,48
665472,83184,2502.50,89.53,70.67,48
665472,83184,3339.45,88.59,16.13,48
665472,83184,3518.79,85.02,1.94,48
665472,83184,2697.80,88.66,57.19,48
665856,83232,3099.39,85.50,17.30,48
665856,83232,3266.96,86.98,3.74,48
665856,83232,3108.08,86.15,13.04,48
665856,83232,3806.25,88.27,0.18,48
665856,83232,264.92,22.11,3.16,48
665856,83232,-195.23,84.43,334.76,48
665856,83232,3401.82,87.51,4.62,48
665856,83232,863.31,86.52,234.72,48
666240,83280,2652.48,88.29,41.89,48
666240,83280,-1761.10,27.23,176.29,48
666240,83280,2719.15,88.17,38.91,48
666240,83280,237.56,20.19,2.63,48
666240,83280,3490.20,90.07,24.05,48
666240,83280,3848.31,89.82,1.82,48
666240,83280,498.71,23.99,0.00,48
666240,83280,-1147.25,20.45,74.59,48
666624,83328,3238.15,84.73,21.16,48
666624,83328,-4886.84,22.44,534.76,48
666624,83328,-269.25,22.86,11.84,48
666624,83328,3299.83,89.49,10.52,48
666624,83328,3567.62,88.69,10.75,48
666624,83328,-1922.85,88.50,561.21,48
666624,83328,3639.87,85.24,0.00,48
666624,83328,2745.33,87.70,22.51,48
667008,83376,1976.30,86.13,99.57,48
667008,83376,2757.07,86.55,33.07,48
667008,83376,1883.79,86.95,103.47,48
667008,83376,-616.97,20.43,32.71,48
667008,83376,-673.58,21.71,47.24,48
667008,83376,2812.51,87.05,28.98,48
667008,83376,3573.73,86.00,0.10,48
667008,83376,159.24,23.09,10.76,48
667392,83424,3834.96,88.84,0.00,48
667392,83424,-1255.02,21.23,84.16,48
667392,83424,3311.17,87.82,14.85,48
667392,83424,3594.35,86.76,1.60,48
667392,83424,426.10,23.85,0.32,48
667392,83424,1562.52,90.34,178.16,48
667392,83424,-2379.63,85.77,601.65,48
667392,83424,-268.26,21.89,14.90,48
667776,83472,71.92,22.77,5.42,48
667776,83472,-4434.28,21.16,485.71,48
667776,83472,-1634.64,25.04,150.28,48
667776,83472,3678.73,87.76,0.61,48
667776,83472,11.71,21.26,11.84,48
667776,83472,-1595.20,21.55,125.03,48
667776,83472,-1177.14,86.76,473.83,48
667776,83472,-488.01,20.29,30.23,48
668160,83520,1948.71,86.75,91.19,48
668160,83520,3206.79,89.91,25.87,48
668160,83520,3848.63,87.66,1.39,48
668160,83520,-5045.40,24.68,573.77,48
668160,83520,3830.56,89.26,0.88,48
668160,83520,3555.80,88.08,6.03,48
668160,83520,-1109.49,89.07,494.68,48
668160,83520,554.90,23.75,0.47,48
668544,83568,3712.73,88.75,4.00,48
668544,83568,407.05,21.82,0.66,48
668544,83568,223.96,21.61,11.20,48
668544,83568,547.45,22.96,0.10,48
668544,83568,-3102.20,20.34,304.63,48
668544,83568,3289.40,81.91,2.30,48
668544,83568,2150.79,87.16,80.53,48
668544,83568,319.04,23.01,3.24,48
668928,83616,2163.63,85.80,78.41,48
668928,83616,3584.56,88.92,8.03,48
668928,83616,3936.17,90.73,1.57,48
668928,83616,477.12,21.77,0.00,48
668928,83616,2937.48,85.85,10.58,48
668928,83616,-5094.46,22.92,557.03,48
668928,83616,-564.53,21.10,28.72,48
668928,83616,3114.41,86.03,11.50,48
669312,83664,3556.21,88.93,21.05,48
669312,83664,-870.47,87.86,457.59,48
669312,83664,-1433.01,20.65,129.70,48
669312,83664,-1576.72,21.41,142.16,48
669312,83664,3932.31,90.00,0.75,48
669312,83664,3133.03,84.66,41.25,48
669312,83664,3094.70,88.26,9.90,48
669312,83664,103.97,22.24,14.58,48
669696,83712,-50.95,23.82,27.99,48
669696,83712,-555.71,23.69,33.57,48
669696,83712,500.56,23.85,0.09,48
669696,83712,1683.58,87.44,140.98,48
669696,83712,2286.45,85.32,61.63,48
669696,83712,3749.40,88.32,0.69,48
669696,83712,3286.58,90.06,31.86,48
669696,83712,1812.02,89.70,144.06,48
670080,83760,3615.51,87.93,3.96,48
670080,83760,2559.56,88.81,51.51,48
670080,83760,348.07,22.27,1.46,48
670080,83760,3210.51,87.16,11.78,48
670080,83760,3778.98,88.11,0.43,48
670080,83760,3282.93,86.66,22.34,48
670080,83760,-1704.84,21.36,141.17,48
670080,83760,-1911.35,22.55,177.58,48
670464,83808,2442.34,90.12,84.32,48
670464,83808,3535.59,85.60,0.00,48
670464,83808,-2107.43,23.68,195.20,48
670464,83808,3512.42,86.78,0.57,48
670464,83808,-85.00,30.58,20.89,48
670464,83808,385.40,22.08,0.19,48
670464,83808,-1255.33,23.05,113.95,48
670464,83808,-590.84,23.96,47.74,48
670848,83856,2927.47,87.12,20.66,48
670848,83856,1880.91,87.72,115.93,48
670848,83856,3649.80,86.77,0.19,48
670848,83856,3654.51,87.29,0.72,48
670848,83856,-1841.63,23.43,182.28,48
670848,83856,300.54,23.36,1.43,48
670848,83856,2680.07,85.32,30.33,48
670848,83856,476.48,23.22,2.31,48
671232,83904,3749.36,89.88,1.94,48
671232,83904,-1954.00,24.42,197.45,48
671232,83904,-180.89,21.44,17.16,48
671232,83904,2815.77,86.64,71.30,48
671232,83904,3893.38,89.95,0.71,48
671232,83904,1290.80,86.90,175.11,48
671232,83904,286.32,23.36,4.39,48
671232,83904,-2125.11,21.31,185.25,48
671616,83952,-626.65,23.33,43.52,48
671616,83952,3362.38,88.71,11.69,48
671616,83952,-136.49,24.37,27.43,48
671616,83952,3635.25,87.19,0.56,48
671616,83952,-1182.41,21.19,88.84,48
671616,83952,3502.10,86.86,1.42,48
671616,83952,2662.06,85.26,42.22,48
671616,83952,-428.93,23.98,72.30,48
672000,84000,1991.52,86.42,92.33,48
672000,84000,-36.92,22.22,19.16,48
672000,84000,2826.64,85.39,39.85,48
672000,84000,2940.85,86.80,50.12,48
672000,84000,3854.69,90.21,5.60,48
672000,84000,-884.00,22.76,47.07,48
672000,84000,1968.51,85.57,93.92,48
672000,84000,3220.82,86.61,17.67,48
672384,84048,3775.48,88.10,0.00,48
672384,84048,3720.49,88.13,1.17,48
672384,84048,2610.30,88.73,72.10,48
672384,84048,328.99,23.70,5.91,48
672384,84048,468.25,22.91,0.61,48
672384,84048,-988.57,21.10,64.20,48
672384,84048,3299.65,87.48,14.65,48
672384,84048,3724.65,86.54,3.40,48
672768,84096,1973.20,86.83,89.42,48
672768,84096,-1469.00,21.93,116.64,48
672768,84096,-1478.23,23.73,136.18,48
672768,84096,353.69,23.94,6.00,48
672768,84096,-818.12,21.84,57.11,48
672768,84096,-1380.79,23.43,109.47,48
672768,84096,3541.07,84.69,0.02,48
672768,84096,2241.70,88.28,80.32,48
673152,84144,3529.79,86.69,1.63,48
673152,84144,3900.76,90.16,0.74,48
673152,84144,4093.74,91.43,0.02,48
673152,84144,3934.65,89.91,0.00,48
673152,84144,-607.56,22.70,41.58,48
673152,84144,511.43,25.39,0.10,48
673152,84144,2105.70,85.05,83.84,48
673152,84144,3312.66,85.18,7.41,48
673536,84192,480.02,21.90,0.72,48
673536,84192,302.42,25.26,3.15,48
673536,84192,2861.00,85.27,33.39,48
673536,84192,3188.06,88.45,20.03,48
673536,84192,3524.23,86.48,5.58,48
673536,84192,3716.65,86.29,0.02,48
673536,84192,3529.57,87.95,5.48,48
673536,84192,-3689.99,23.23,400.23,48
673920,84240,-365.71,24.84,48.02,48
673920,84240,2988.97,88.16,73.26,48
673920,84240,3387.27,88.95,20.86,48
673920,84240,591.00,24.27,1.29,48
673920,84240,-698.72,23.44,45.92,48
673920,84240,3726.67,87.33,0.28,48
673920,84240,-2079.06,20.46,185.00,48
673920,84240,3515.70,86.41,1.60,48
674304,84288,3148.52,87.50,17.17,48
674304,84288,-143.98,20.81,8.53,48
674304,84288,-1550.01,20.05,134.99,48
674304,84288,3563.79,85.61,1.93,48
674304,84288,161.99,26.22,17.03,48
674304,84288,3369.89,87.05,5.11,48
674304,84288,1938.95,88.95,119.89,48
674304,84288,-1310.81,22.53,103.99,48
674688,84336,253.13,22.50,5.95,48
674688,84336,449.23,23.77,4.41,48
674688,84336,2997.96,86.19,17.03,48
674688,84336,3565.22,88.35,10.17,48
674688,84336,3853.51,89.46,0.41,48
674688,84336,2706.64,89.80,66.01,48
674688,84336,3613.17,87.48,1.82,48
674688,84336,3713.59,86.46,0.00,48
675072,84384,3412.32,85.38,0.00,48
675072,84384,-4112.91,25.26,456.09,48
675072,84384,3008.67,90.00,21.34,48
675072,84384,-728.60,25.48,46.62,48
675072,84384,3604.09,86.60,1.24,48
675072,84384,223.49,24.00,12.03,48
675072,84384,3529.62,86.92,1.71,48
675072,84384,-1735.39,21.22,160.38,48
675456,84432,3079.61,88.81,13.93,48
675456,84432,176.01,22.33,7.79,48
675456,84432,-233.39,20.59,9.21,48
675456,84432,2454.85,89.29,63.16,48
675456,84432,1795.71,87.55,119.70,48
675456,84432,1672.14,88.32,160.96,48
675456,84432,3505.12,86.78,2.38,48
675456,84432,3640.27,85.85,1.53,48
675840,84480,3148.91,85.87,13.58,48
675840,84480,3194.32,84.05,13.71,48
675840,84480,406.90,23.93,0.01,48
675840,84480,1827.79,83.46,100.77,48
675840,84480,-255.83,24.67,36.98,48
675840,84480,-364.92,19.32,26.26,48
675840,84480,3606.07,85.29,0.00,48
675840,84480,405.60,23.58,0.38,48
676224,84528,4004.60,90.95,0.61,48
676224,84528,1904.61,86.01,110.40,48
676224,84528,228.74,22.90,0.78,48
676224,84528,3888.03,87.76,0.00,48
676224,84528,3806.80,90.39,10.59,48
676224,84528,3811.48,88.58,1.70,48
676224,84528,3653.56,87.46,0.74,48
676224,84528,3553.51,88.26,6.37,48
676608,84576,-368.75,20.09,28.45,48
676608,84576,3640.31,85.45,0.25,48
676608,84576,3429.67,84.14,0.00,48
676608,84576,3794.50,89.33,1.21,48
676608,84576,-967.40,20.36,70.36,48
676608,84576,1988.85,86.33,108.86,48
676608,84576,2612.02,87.30,67.28,48
676608,84576,3520.15,85.93,1.79,48
676992,84624,2016.59,87.05,99.21,48
676992,84624,378.88,21.36,0.35,48
676992,84624,-1659.52,24.05,151.19,48
676992,84624,2137.24,84.04,77.54,48
676992,84624,3824.54,89.47,1.24,48
676992,84624,2671.96,86.81,50.18,48
676992,84624,3234.12,89.81,19.63,48
676992,84624,-127.32,23.76,18.55,48
677376,84672,2237.16,87.00,72.85,48
677376,84672,3941.52,90.32,0.10,48
677376,84672,2966.76,86.23,23.13,48
677376,84672,3619.59,86.62,1.79,48
677376,84672,-192.71,23.73,11.90,48
677376,84672,3707.53,87.32,0.54,48
677376,84672,142.44,20.76,3.22,48
677376,84672,3511.63,85.66,0.00,48
677760,84720,2491.80,88.24,73.84,48
677760,84720,3840.43,89.20,0.47,48
677760,84720,3626.17,87.66,7.80,48
677760,84720,2418.03,86.51,65.74,48
677760,84720,3593.47,85.89,0.00,48
677760,84720,3893.93,90.04,0.62,48
677760,84720,2781.81,86.49,27.01,48
677760,84720,-744.52,23.31,37.02,48
678144,84768,3349.56,86.60,14.20,48
678144,84768,3646.63,88.31,13.77,48
678144,84768,3127.74,87.37,22.94,48
678144,84768,-1640.92,88.26,549.88,48
678144,84768,3698.66,87.64,3.49,48
678144,84768,3639.61,86.52,1.06,48
678144,84768,2868.50,86.97,22.72,48
678144,84768,-1930.34,85.63,551.27,48
678528,84816,2114.42,87.98,95.14,48
678528,84816,2703.83,87.28,50.67,48
678528,84816,44.84,19.42,8.21,48
678528,84816,166.06,22.57,2.87,48
678528,84816,2856.99,88.80,35.02,48
678528,84816,363.06,20.66,0.80,48
678528,84816,1896.84,88.92,130.12,48
678528,84816,297.44,21.69,3.77,48
678912,84864,2548.68,89.45,52.88,48
678912,84864,3336.19,84.93,5.30,48
678912,84864,1659.30,86.41,135.98,48
678912,84864,3464.48,85.66,7.60,48
678912,84864,3880.88,90.10,0.00,48
678912,84864,1957.26,85.34,89.39,48
678912,84864,2221.47,87.92,77.07,48
678912,84864,-1155.67,24.14,101.69,48
679296,84912,2043.45,88.99,107.88,48
679296,84912,-1357.98,21.66,113.05,48
679296,84912,2584.40,87.07,38.92,48
679296,84912,410.27,25.46,2.64,48
679296,84912,3318.60,87.50,2.92,48
679296,84912,479.27,22.05,0.00,48
679296,84912,3270.33,85.76,7.55,48
679296,84912,-946.29,25.70,65.72,48
679680,84960,167.95,86.49,307.57,48
679680,84960,3548.82,85.39,0.72,48
679680,84960,-1833.79,23.12,159.76,48
679680,84960,3778.79,87.77,0.00,48
679680,84960,3799.28,89.14,1.34,48
679680,84960,3868.27,88.52,0.27,48
679680,84960,3101.67,88.05,31.15,48
679680,84960,1402.11,85.99,148.80,48
680064,85008,3462.43,86.69,2.84,48
680064,85008,-441.48,23.48,31.38,48
680064,85008,-426.28,19.32,22.43,48
680064,85008,3733.16,88.94,4.18,48
680064,85008,2114.28,89.75,108.68,48
680064,85008,3732.14,87.48,0.48,48
680064,85008,2900.13,87.20,45.54,48
680064,85008,3838.86,89.50,1.37,48
680448,85056,1702.48,89.76,160.91,48
680448,85056,3354.67,85.33,14.69,48
680448,85056,2075.97,85.23,83.95,48
680448,85056,422.17,18.94,1.57,48
680448,85056,3448.90,85.30,0.53,48
680448,85056,3187.70,89.31,28.95,48
680448,85056,281.55,21.48,6.91,48
680448,85056,1729.90,86.93,125.84,48
680832,85104,-131.22,88.87,356.01,48
680832,85104,-126.64,25.01,14.35,48
680832,85104,306.06,22.85,3.06,48
680832,85104,279.50,21.12,1.08,48
680832,85104,1517.42,83.95,129.88,48
680832,85104,3871.60,88.77,0.00,48
680832,85104,3024.09,88.23,33.45,48
680832,85104,2877.75,86.87,32.10,48
681216,85152,-937.90,21.36,66.12,48
681216,85152,3533.90,89.43,13.92,48
681216,85152,3066.83,86.58,21.85,48
681216,85152,3217.09,86.69,6.80,48
681216,85152,3705.20,87.52,0.28,48
681216,85152,-12.07,87.40,333.23,48
681216,85152,455.45,23.85,1.48,48
681216,85152,3394.17,89.81,27.23,48
681600,85200,3666.05,86.63,0.19,48
681600,85200,2736.41,86.81,39.84,48
681600,85200,1787.25,86.77,129.98,48
681600,85200,3316.68,86.73,17.54,48
681600,85200,-2292.28,25.24,227.06,48
681600,85200,-3787.47,23.12,402.26,48
681600,85200,3577.42,84.62,1.24,48
681600,85200,2755.11,88.39,50.62,48
681984,85248,2239.21,88.45,84.64,48
681984,85248,-380.73,21.67,21.67,48
681984,85248,2512.65,86.57,32.02,48
681984,85248,3784.23,89.51,5.23,48
681984,85248,2802.63,85.25,16.49,48
681984,85248,-260.32,25.03,36.50,48
681984,85248,1514.89,85.76,162.69,48
681984,85248,3138.22,87.19,12.27,48
682368,85296,2879.22,87.94,36.42,48
682368,85296,3013.76,85.82,42.29,48
682368,85296,2464.27,85.47,62.18,48
682368,85296,3883.34,89.28,0.71,48
682368,85296,3483.10,90.16,25.11,48
682368,85296,3724.12,88.35,0.05,48
682368,85296,-693.96,23.24,44.47,48
682368,85296,-60.61,25.13,22.39,48
682752,85344,2833.62,84.92,38.72,48
682752,85344,-154.56,24.88,12.88,48
682752,85344,3548.52,90.73,22.76,48
682752,85344,3804.07,89.00,0.31,48
682752,85344,3847.53,88.67,0.00,48
682752,85344,2531.84,87.87,41.93,48
682752,85344,2460.90,85.79,48.58,48
682752,85344,3537.43,88.32,17.68,48
683136,85392,1807.11,86.47,118.61,48
683136,85392,3644.89,87.70,1.46,48
683136,85392,257.86,21.20,1.46,48
683136,85392,2635.85,88.91,43.08,48
683136,85392,423.83,22.21,0.39,48
683136,85392,292.97,19.32,0.05,48
683136,85392,3530.48,87.43,3.05,48
683136,85392,3387.98,89.01,30.53,48
683520,85440,-470.72,23.73,44.97,48
683520,85440,3749.84,89.10,3.62,48
683520,85440,3169.70,88.88,33.99,48
683520,85440,3004.48,86.88,52.53,48
683520,85440,3406.59,88.84,14.12,48
683520,85440,-327.76,25.10,42.60,48
683520,85440,-3228.75,19.12,305.97,48
683520,85440,-1829.34,21.42,166.46,48
683904,85488,267.83,20.14,1.31,48
683904,85488,3844.97,90.74,0.69,48
683904,85488,2176.41,87.09,81.70,48
683904,85488,3677.11,88.63,10.83,48
683904,85488,3881.62,88.73,0.01,48
683904,85488,3057.29,87.61,31.19,48
683904,85488,2856.54,86.09,20.30,48
683904,85488,-4459.15,20.16,474.02,48
684288,85536,3897.66,90.11,1.46,48
684288,85536,3318.14,85.81,11.31,48
684288,85536,1588.54,88.78,153.25,48
684288,85536,-1208.66,22.55,101.30,48
684288,85536,-1487.40,20.69,121.75,48
684288,85536,-2114.28,25.81,215.95,48
684288,85536,3422.57,87.52,24.99,48
684288,85536,3561.42,87.27,3.70,48
684672,85584,2296.79,87.20,57.91,48
684672,85584,351.07,22.44,0.01,48
684672,85584,-498.95,21.14,37.95,48
684672,85584,3334.38,90.79,29.06,48
684672,85584,2647.68,85.61,46.43,48
684672,85584,3648.31,86.21,0.00,48
684672,85584,-1181.16,22.18,82.95,48
684672,85584,2245.40,85.14,75.60,48
685056,85632,-1273.06,87.47,483.04,48
685056,85632,-927.88,24.91,82.56,48
685056,85632,293.10,22.76,0.00,48
685056,85632,3011.11,87.53,23.84,48
685056,85632,-362.48,25.06,22.95,48
685056,85632,297.75,22.52,3.36,48
685056,85632,545.12,24.82,0.28,48
685056,85632,3464.24,85.06,0.00,48
685440,85680,2167.56,86.39,93.67,48
685440,85680,2370.12,89.04,78.29,48
685440,85680,1757.00,85.95,121.45,48
685440,85680,3635.62,86.61,6.61,48
685440,85680,-332.81,21.83,34.75,48
685440,85680,2991.20,87.22,33.86,48
685440,85680,3834.08,88.39,0.00,48
685440,85680,1918.11,86.66,100.29,48
685824,85728,450.77,22.84,1.24,48
685824,85728,1748.91,84.96,114.64,48
685824,85728,382.29,23.38,0.79,48
685824,85728,2566.22,85.21,32.46,48
685824,85728,3378.54,88.78,23.86,48
685824,85728,3625.66,89.72,5.15,48
685824,85728,-687.72,21.96,47.34,48
685824,85728,2357.94,86.50,59.85,48
686208,85776,-2006.50,22.31,183.16,48
686208,85776,2721.34,87.12,32.37,48
686208,85776,3682.72,85.23,0.00,48
686208,85776,-608.71,21.87,51.03,48
686208,85776,2731.78,89.98,58.44,48
686208,85776,1471.66,85.10,153.91,48
686208,85776,2869.66,85.21,12.60,48
686208,85776,3514.39,87.93,4.02,48
686592,85824,2547.91,86.75,59.43,48
686592,85824,2140.44,88.28,91.65,48
686592,85824,-727.66,20.85,60.23,48
686592,85824,-488.91,23.08,42.91,48
686592,85824,3398.63,84.28,5.59,48
686592,85824,-557.76,22.85,51.74,48
686592,85824,-1661.22,21.19,141.98,48
686592,85824,1359.75,87.53,172.08,48
686976,85872,392.24,23.26,0.88,48
686976,85872,3401.32,84.12,5.69,48
686976,85872,3619.58,89.95,3.41,48
686976,85872,425.22,24.86,3.79,48
686976,85872,1798.68,87.20,124.18,48
686976,85872,3752.94,86.87,0.34,48
686976,85872,-1363.78,23.89,117.66,48
686976,85872,-1730.08,19.98,143.16,48
687360,85920,-873.71,24.94,65.26,48
687360,85920,3852.59,88.65,1.54,48
687360,85920,1830.79,89.00,130.31,48
687360,85920,3327.89,85.27,7.51,48
687360,85920,381.45,22.51,0.00,48
687360,85920,-648.54,21.54,36.66,48
687360,85920,-354.96,23.74,30.41,48
687360,85920,3670.20,87.83,9.26,48
687744,85968,-1113.98,21.80,75.62,48
687744,85968,3416.20,87.35,11.20,48
687744,85968,531.21,24.63,0.26,48
687744,85968,2818.70,89.52,45.79,48
687744,85968,2657.29,88.70,46.51,48
687744,85968,3130.04,86.06,23.95,48
687744,85968,3354.20,86.86,6.55,48
687744,85968,-390.99,25.70,50.26,48
688128,86016,3595.89,86.00,0.92,48
688128,86016,3562.27,86.67,0.28,48
688128,86016,-324.61,21.92,19.71,48
688128,86016,-256.41,20.04,29.72,48
688128,86016,-1362.33,85.22,479.34,48
688128,86016,-1541.62,22.61,133.99,48
688128,86016,3635.26,86.65,2.03,48
688128,86016,3277.99,86.24,18.36,48
688512,86064,2523.99,88.91,65.49,48
688512,86064,3227.95,84.95,15.62,48
688512,86064,3473.55,86.47,1.80,48
688512,86064,2441.98,87.64,81.21,48
688512,86064,-1479.43,24.92,134.00,48
688512,86064,2498.12,87.71,54.31,48
688512,86064,1639.34,86.09,126.08,48
688512,86064,3434.59,87.25,25.30,48
688896,86112,2217.33,89.91,101.48,48
688896,86112,3253.66,84.83,15.09,48
688896,86112,372.24,23.35,1.49,48
688896,86112,-4983.70,23.25,556.07,48
688896,86112,3684.88,89.16,1.97,48
688896,86112,-30.87,20.02,7.52,48
688896,86112,3015.69,84.30,4.06,48
688896,86112,-346.18,22.24,25.32,48
689280,86160,3700.48,87.21,4.25,48
689280,86160,513.33,24.51,0.57,48
689280,86160,3401.65,88.66,13.99,48
689280,86160,306.26,19.22,2.41,48
689280,86160,1566.82,85.57,137.55,48
689280,86160,3576.17,87.26,6.25,48
689280,86160,3674.61,87.16,0.58,48
689280,86160,-2622.47,26.19,248.75,48
689664,86208,1985.15,86.00,91.91,48
689664,86208,2878.33,87.51,27.47,48
689664,86208,3631.95,86.31,1.29,48
689664,86208,492.74,22.74,1.21,48
689664,86208,1283.50,85.28,172.66,48
689664,86208,3754.15,87.85,3.15,48
689664,86208,3714.10,87.47,0.56,48
689664,86208,-1560.73,24.91,132.73,48
690048,86256,3775.13,87.84,0.00,48
690048,86256,-273.91,19.24,13.32,48
690048,86256,3752.30,86.31,0.00,48
690048,86256,2724.84,86.67,30.72,48
690048,86256,415.97,21.85,0.01,48
690048,86256,-489.87,22.39,15.84,48
690048,86256,260.89,23.91,2.52,48
690048,86256,2707.81,88.55,58.99,48
690432,86304,214.90,25.36,16.62,48
690432,86304,2994.18,85.15,11.34,48
690432,86304,3680.39,87.05,1.47,48
690432,86304,534.16,24.50,0.00,48
690432,86304,2148.16,84.15,81.20,48
690432,86304,3306.87,86.71,25.13,48
690432,86304,2432.79,84.78,38.12,48
690432,86304,2267.38,85.00,52.41,48
690816,86352,1538.25,89.33,164.96,48
690816,86352,1797.58,89.15,139.32,48
690816,86352,3748.89,87.58,0.66,48
690816,86352,518.23,22.86,0.57,48
690816,86352,-172.52,23.47,34.99,48
690816,86352,3707.10,87.90,0.56,48
690816,86352,3552.85,87.15,4.16,48
690816,86352,3455.94,84.23,1.08,48
691200,86400,1932.64,85.50,86.27,48
691200,86400,3623.79,87.64,4.16,48
691200,86400,2339.66,89.60,86.84,48
691200,86400,245.92,20.10,0.27,48
691200,86400,2580.71,86.60,36.71,48
691200,86400,3382.93,87.32,3.90,48
691200,86400,3725.27,86.31,0.00,48
691200,86400,-210.85,22.38,21.64,48
691584,86448,3594.98,85.70,0.00,48
691584,86448,-367.73,23.91,34.98,48
691584,86448,-1694.38,87.02,535.50,48
691584,86448,3176.42,90.37,30.89,48
691584,86448,-645.05,21.97,41.97,48
691584,86448,-1194.63,19.58,75.15,48
691584,86448,325.54,21.30,2.03,48
691584,86448,3614.32,88.36,2.99,48
691968,86496,572.29,24.04,0.00,48
691968,86496,2967.94,82.80,14.58,48
691968,86496,-194.92,23.93,38.93,48
691968,86496,3759.62,86.80,3.40,48
691968,86496,3437.58,88.94,12.72,48
691968,86496,2850.45,85.36,28.84,48
691968,86496,-1919.06,21.27,152.32,48
691968,86496,-24.55,20.42,8.95,48
692352,86544,240.40,20.42,0.66,48
692352,86544,3006.63,88.73,28.44,48
692352,86544,2019.84,89.01,110.86,48
692352,86544,310.66,22.66,0.57,48
692352,86544,2315.89,90.16,86.15,48
692352,86544,2395.56,84.51,46.32,48
692352,86544,3530.43,87.67,3.73,48
692352,86544,2088.56,85.86,84.44,48
692736,86592,3571.25,84.65,0.98,48
692736,86592,491.73,22.56,0.00,48
692736,86592,3444.36,87.92,3.45,48
692736,86592,3666.03,87.88,0.10,48
692736,86592,2354.47,87.90,70.56,48
692736,86592,3425.64,88.96,11.90,48
692736,86592,-1638.78,25.65,162.20,48
692736,86592,2720.96,88.72,50.81,48
693120,86640,-1180.30,21.27,91.71,48
693120,86640,-1069.84,20.12,66.46,48
693120,86640,1509.56,85.14,136.54,48
693120,86640,3545.18,85.23,1.00,48
693120,86640,-194.07,86.86,361.45,48
693120,86640,3586.39,85.70,0.00,48
693120,86640,1772.33,87.96,131.93,48
693120,86640,-1490.88,18.58,92.51,48
693504,86688,2928.23,85.69,24.17,48
693504,86688,3494.08,88.37,1.39,48
693504,86688,2672.58,87.77,82.34,48
693504,86688,3768.65,86.95,0.61,48
693504,86688,3560.13,89.01,3.64,48
693504,86688,3676.96,86.78,1.22,48
693504,86688,2066.30,84.71,80.78,48
693504,86688,-1850.35,20.91,155.24,48
693888,86736,2499.66,85.89,36.34,48
693888,86736,1442.03,87.70,165.58,48
693888,86736,3801.07,89.58,0.93,48
693888,86736,3888.64,90.29,0.19,48
693888,86736,3855.88,89.37,0.00,48
693888,86736,2246.30,87.32,79.74,48
693888,86736,3790.31,89.77,1.24,48
693888,86736,2254.62,87.57,86.30,48
694272,86784,3772.73,89.33,15.40,48
694272,86784,3894.18,89.81,1.56,48
694272,86784,3892.09,89.78,0.47,48
694272,86784,3933.03,89.99,0.00,48
694272,86784,2278.97,86.92,68.50,48
694272,86784,304.72,20.94,1.56,48
694272,86784,-1846.27,24.00,151.95,48
694272,86784,2937.94,86.85,37.70,48
694656,86832,2850.99,88.47,38.56,48
694656,86832,-1056.05,23.36,61.38,48
694656,86832,-261.40,20.69,31.34,48
694656,86832,-1413.69,22.67,112.83,48
694656,86832,340.51,23.55,1.33,48
694656,86832,303.93,21.95,0.21,48
694656,86832,400.00,22.45,0.28,48
694656,86832,2471.89,88.43,78.07,48
695040,86880,3705.51,87.73,3.82,48
695040,86880,-2050.42,20.73,175.02,48
695040,86880,-1622.04,21.50,150.45,48
695040,86880,3584.65,89.00,1.97,48
695040,86880,3511.22,85.39,0.00,48
695040,86880,3868.88,89.00,0.10,48
695040,86880,-141.52,21.21,24.49,48
695040,86880,3843.02,89.14,0.88,48
695424,86928,3588.84,87.47,1.88,48
695424,86928,3461.44,89.46,32.31,48
695424,86928,3780.78,88.53,2.52,48
695424,86928,-977.18,21.81,54.09,48
695424,86928,2467.89,90.35,77.41,48
695424,86928,-1985.45,24.29,197.01,48
695424,86928,100.80,19.42,7.93,48
695424,86928,3599.48,87.50,8.25,48
695808,86976,-1749.40,90.28,578.76,48
695808,86976,3564.45,85.78,0.27,48
695808,86976,2182.46,88.36,94.83,48
695808,86976,3926.40,89.74,0.92,48
695808,86976,15.70,25.83,13.64,48
695808,86976,2651.10,85.95,44.50,48
695808,86976,3713.58,87.78,0.62,48
695808,86976,2385.15,88.82,76.72,48
696192,87024,1948.30,89.65,140.24,48
696192,87024,3004.14,85.91,45.62,48
696192,87024,2522.43,88.06,56.16,48
696192,87024,411.30,25.59,3.43,48
696192,87024,184.70,20.89,1.07,48
696192,87024,-5461.71,24.55,597.66,48
696192,87024,467.02,25.85,12.19,48
696192,87024,-1143.98,20.60,73.39,48
696576,87072,2764.57,85.30,24.26,48
696576,87072,-1004.26,24.32,94.26,48
696576,87072,3281.01,86.55,17.98,48
696576,87072,-5312.70,23.18,585.06,48
696576,87072,3460.11,86.15,18.08,48
696576,87072,3440.01,86.84,2.03,48
696576,87072,2931.98,88.97,33.68,48
696576,87072,3425.68,86.56,2.62,48
696960,87120,1994.80,84.69,98.29,48
696960,87120,324.80,22.55,0.00,48
696960,87120,103.23,21.96,14.63,48
696960,87120,2295.35,89.29,91.28,48
696960,87120,-614.36,23.55,42.23,48
696960,87120,3288.72,89.65,24.83,48
696960,87120,-162.88,20.65,11.96,48
696960,87120,32.11,22.75,11.33,48
697344,87168,3667.85,86.77,1.09,48
697344,87168,3547.38,86.29,0.83,48
697344,87168,3589.93,86.37,2.80,48
697344,87168,3893.22,89.24,0.92,48
697344,87168,-790.23,24.62,57.42,48
697344,87168,3727.55,87.62,1.21,48
697344,87168,2910.15,86.03,35.04,48
697344,87168,259.71,19.93,0.21,48
697728,87216,2136.89,85.73,86.93,48
697728,87216,279.30,22.52,1.34,48
697728,87216,2709.49,88.62,49.20,48
697728,87216,-88.68,24.37,26.50,48
697728,87216,2663.27,85.49,26.45,48
697728,87216,2132.93,86.78,82.20,48
697728,87216,3611.17,87.72,4.47,48
697728,87216,-1149.18,20.30,84.30,48
698112,87264,1493.65,87.74,164.18,48
698112,87264,-1326.76,88.15,505.54,48
698112,87264,3835.64,88.86,0.00,48
698112,87264,1752.90,87.16,128.30,48
698112,87264,-162.42,24.79,40.74,48
698112,87264,-2.34,22.77,16.70,48
698112,87264,3554.56,87.00,0.10,48
698112,87264,2941.38,84.61,16.18,48
698496,87312,3233.38,87.51,13.39,48
698496,87312,3722.15,87.67,0.38,48
698496,87312,3750.92,88.28,0.25,48
698496,87312,2024.88,88.19,103.18,48
698496,87312,3506.61,86.63,6.97,48
698496,87312,2519.52,87.40,34.38,48
698496,87312,-258.60,18.77,15.53,48
698496,87312,-961.54,23.60,71.24,48
698880,87360,2106.78,85.72,74.85,48
698880,87360,1654.44,87.85,138.68,48
698880,87360,2259.56,86.83,82.09,48
698880,87360,2987.35,87.28,32.69,48
698880,87360,485.80,24.75,0.19,48
698880,87360,-230.96,21.33,29.43,48
698880,87360,2473.26,88.71,87.01,48
698880,87360,2886.24,85.69,37.30,48
699264,87408,3724.73,88.57,0.62,48
699264,87408,3767.88,88.05,0.00,48
699264,87408,3598.23,87.14,4.14,48
699264,87408,-1094.11,20.65,65.73,48
699264,87408,3669.44,87.44,0.00,48
699264,87408,2396.13,87.64,66.32,48
699264,87408,1316.69,86.08,174.77,48
699264,87408,3638.33,88.36,2.57,48
699648,87456,930.81,87.13,226.27,48
699648,87456,622.62,86.29,260.85,48
699648,87456,594.14,25.22,1.46,48
699648,87456,2916.01,84.61,21.01,48
699648,87456,2894.61,88.26,25.68,48
699648,87456,2663.89,89.82,57.08,48
699648,87456,2573.00,84.08,26.02,48
699648,87456,3291.84,87.17,18.15,48
700032,87504,3464.74,85.80,2.18,48
700032,87504,665.89,22.93,0.81,48
700032,87504,3594.43,86.87,1.42,48
700032,87504,3783.63,88.48,0.78,48
700032,87504,3300.54,85.84,3.66,48
700032,87504,217.53,21.33,1.54,48
700032,87504,3670.62,87.44,0.00,48
700032,87504,3620.53,88.77,7.14,48
700416,87552,2164.78,86.79,98.21,48
700416,87552,-1042.06,20.12,67.09,48
700416,87552,3624.42,88.91,3.99,48
700416,87552,256.73,20.30,0.39,48
700416,87552,2803.75,86.89,40.20,48
700416,87552,-1603.01,21.72,114.05,48
700416,87552,3499.52,85.10,1.92,48
700416,87552,-816.35,21.52,45.02,48
700800,87600,3792.12,89.54,1.70,48
700800,87600,2660.99,89.41,47.95,48
700800,87600,57.02,21.52,18.23,48
700800,87600,488.19,23.87,0.00,48
700800,87600,2473.11,88.03,71.10,48
700800,87600,206.27,22.83,13.38,48
700800,87600,3169.60,87.51,17.19,48
700800,87600,3298.48,89.05,22.82,48
701184,87648,-1010.91,20.43,63.23,48
701184,87648,2303.55,86.89,74.86,48
701184,87648,3341.81,89.54,8.80,48
701184,87648,3793.13,88.13,0.43,48
701184,87648,3619.36,86.55,1.15,48
701184,87648,1806.91,86.15,118.80,48
701184,87648,2486.41,87.32,44.23,48
701184,87648,3400.06,87.44,6.27,48
701568,87696,3881.46,89.93,0.75,48
701568,87696,3834.25,89.58,1.46,48
701568,87696,-3417.40,22.50,340.40,48
701568,87696,3164.21,87.19,20.41,48
701568,87696,3598.87,86.59,2.69,48
701568,87696,3628.17,87.01,0.92,48
701568,87696,2767.98,88.57,38.84,48
701568,87696,2816.93,87.15,22.05,48
701952,87744,3880.22,89.16,1.01,48
701952,87744,-1318.84,22.70,113.14,48
701952,87744,144.77,19.38,14.63,48
701952,87744,3563.78,85.62,0.51,48
701952,87744,-1695.89,89.77,562.35,48
701952,87744,3528.60,89.03,10.21,48
701952,87744,1695.29,84.95,119.75,48
701952,87744,2939.99,88.16,25.17,48
702336,87792,3514.33,84.83,0.19,48
702336,87792,3822.79,88.63,0.00,48
702336,87792,-353.89,20.33,35.07,48
702336,87792,-363.29,24.77,49.92,48
702336,87792,2869.35,88.29,39.06,48
702336,87792,3826.92,89.74,3.77,48
702336,87792,1643.58,85.78,130.87,48
702336,87792,3688.32,86.43,1.61,48
702720,87840,1645.14,86.96,152.25,48
702720,87840,-1816.12,23.43,155.94,48
702720,87840,3743.05,88.57,0.39,48
702720,87840,-1021.72,20.89,60.90,48
702720,87840,2278.72,87.60,81.69,48
702720,87840,2795.79,87.42,55.91,48
702720,87840,2923.28,86.68,19.12,48
702720,87840,2901.82,86.61,25.00,48
703104,87888,3508.56,85.98,1.37,48
703104,87888,3562.18,88.62,5.54,48
703104,87888,1185.65,84.96,176.91,48
703104,87888,3851.05,88.80,0.00,48
703104,87888,527.95,25.31,0.02,48
703104,87888,3404.39,88.58,15.38,48
703104,87888,3342.28,87.41,2.14,48
703104,87888,1885.07,82.81,87.98,48
703488,87936,3732.80,87.53,1.21,48
703488,87936,3463.31,86.42,2.54,48
703488,87936,3854.76,88.95,0.32,48
703488,87936,268.40,20.50,0.23,48
703488,87936,-340.17,22.19,19.06,48
703488,87936,3709.26,87.32,0.05,48
703488,87936,-1104.18,23.63,98.34,48
703488,87936,3152.97,87.61,9.95,48
703872,87984,2575.06,86.67,53.54,48
703872,87984,356.93,22.60,1.50,48
703872,87984,1355.97,86.22,165.05,48
703872,87984,3492.28,87.86,6.37,48
703872,87984,-457.00,22.16,36.81,48
703872,87984,3271.55,84.44,1.63,48
703872,87984,-736.19,23.28,75.11,48
703872,87984,3208.88,84.77,15.70,48
704256,88032,3751.24,90.40,0.40,48
704256,88032,2853.61,86.47,18.21,48
704256,88032,-801.84,19.70,49.54,48
704256,88032,3012.85,87.61,33.78,48
704256,88032,3391.42,86.37,1.24,48
704256,88032,1907.99,87.97,129.86,48
704256,88032,-1233.14,20.07,90.18,48
704256,88032,2270.13,85.57,72.27,48
704640,88080,2142.52,89.85,105.29,48
704640,88080,2031.66,88.16,100.07,48
704640,88080,3601.27,88.17,6.08,48
704640,88080,-780.48,24.71,50.74,48
704640,88080,1930.10,86.66,95.17,48
704640,88080,3584.49,88.00,7.91,48
704640,88080,2533.93,87.75,72.81,48
704640,88080,124.25,21.12,7.30,48
705024,88128,461.64,22.18,1.78,48
705024,88128,198.08,26.59,26.47,48
705024,88128,-785.61,20.92,53.73,48
705024,88128,2354.64,85.77,75.17,48
705024,88128,3116.22,88.47,43.74,48
705024,88128,266.62,20.81,0.88,48
705024,88128,-81.76,88.81,382.01,48
705024,88128,2393.27,87.19,71.84,48
705408,88176,348.62,24.38,4.98,48
705408,88176,3744.04,89.23,1.94,48
705408,88176,1553.84,88.05,163.39,48
705408,88176,3566.78,87.38,0.72,48
705408,88176,-755.17,23.10,59.56,48
705408,88176,-317.89,24.48,27.69,48
705408,88176,3478.41,87.71,8.79,48
705408,88176,3453.53,87.18,7.24,48
705792,88224,-398.34,23.70,32.02,48
705792,88224,1655.36,87.89,145.28,48
705792,88224,241.46,25.55,17.24,48
705792,88224,3899.35,89.83,0.72,48
705792,88224,223.58,20.11,2.27,48
705792,88224,-1688.65,24.11,137.32,48
705792,88224,-296.06,22.41,40.09,48
705792,88224,309.50,21.47,5.99,48
706176,88272,96.12,24.32,0.72,48
706176,88272,3844.76,87.76,0.62,48
706176,88272,3583.04,85.94,0.77,48
706176,88272,1719.01,87.80,138.31,48
706176,88272,2481.95,84.39,56.32,48
706176,88272,2847.12,85.95,21.13,48
706176,88272,3545.56,87.63,1.39,48
706176,88272,3605.73,86.93,0.27,48
706560,88320,3749.19,90.91,4.43,48
706560,88320,2861.72,89.31,24.59,48
706560,88320,1548.63,87.11,152.08,48
706560,88320,1606.74,87.34,149.35,48
706560,88320,-232.35,23.89,19.94,48
706560,88320,3391.04,86.34,10.62,48
706560,88320,-1220.99,22.33,118.62,48
706560,88320,256.97,23.68,1.49,48
706944,88368,3388.95,86.03,7.16,48
706944,88368,3285.63,85.55,4.11,48
706944,88368,-547.88,23.09,22.11,48
706944,88368,2103.45,88.71,105.56,48
706944,88368,2790.89,83.58,27.75,48
706944,88368,1679.70,86.57,135.90,48
706944,88368,3588.84,86.92,0.01,48
706944,88368,3258.27,86.65,17.94,48
707328,88416,-225.58,22.88,8.04,48
707328,88416,-4243.64,19.09,444.12,48
707328,88416,3173.60,87.19,25.86,48
707328,88416,3847.56,88.59,0.00,48
707328,88416,1818.92,84.71,109.24,48
707328,88416,3363.97,87.79,24.94,48
707328,88416,-23.14,22.91,20.73,48
707328,88416,-5059.28,23.81,544.78,48
707712,88464,2562.17,86.21,40.57,48
707712,88464,3694.87,88.81,2.15,48
707712,88464,3267.11,84.92,19.60,48
707712,88464,306.61,23.87,0.12,48
707712,88464,3762.17,88.48,0.62,48
707712,88464,-5067.84,22.57,551.82,48
707712,88464,471.44,21.51,0.00,48
707712,88464,206.71,24.90,8.28,48
708096,88512,1267.35,89.43,200.06,48
708096,88512,2087.05,86.07,75.67,48
708096,88512,2462.38,85.55,55.42,48
708096,88512,14.75,85.59,318.05,48
708096,88512,2314.58,87.60,70.71,48
708096,88512,3564.64,86.21,0.61,48
708096,88512,3804.30,86.45,0.28,48
708096,88512,2171.65,85.66,69.08,48
708480,88560,-1770.18,86.58,552.75,48
708480,88560,-1740.08,21.35,149.50,48
708480,88560,315.68,21.99,10.47,48
708480,88560,-846.33,21.04,65.47,48
708480,88560,2953.42,83.90,2.61,48
708480,88560,1959.42,88.61,123.48,48
708480,88560,3390.39,87.20,17.38,48
708480,88560,2767.38,88.53,37.82,48
708864,88608,3750.59,87.97,0.01,48
708864,88608,2667.76,86.98,39.51,48
708864,88608,2721.86,84.29,25.28,48
708864,88608,-2055.95,23.61,191.95,48
708864,88608,2580.24,86.35,51.80,48
708864,88608,1838.72,86.41,105.99,48
708864,88608,-1561.48,22.34,130.87,48
708864,88608,3937.35,90.52,0.71,48
709248,88656,3965.26,90.61,0.43,48
709248,88656,2701.25,87.46,40.30,48
709248,88656,3596.38,87.02,1.17,48
709248,88656,3860.54,88.79,0.28,48
709248,88656,-983.20,21.97,62.34,48
709248,88656,-455.07,22.21,28.87,48
709248,88656,-1665.81,90.23,571.24,48
709248,88656,3848.43,89.31,0.26,48
709632,88704,3266.83,88.29,36.44,48
709632,88704,-219.56,22.25,41.73,48
709632,88704,1442.25,84.76,146.65,48
709632,88704,-36.52,22.91,27.39,48
709632,88704,2060.92,89.16,110.26,48
709632,88704,3858.81,89.65,0.57,48
709632,88704,301.34,22.56,2.53,48
709632,88704,2646.58,86.18,39.69,48
710016,88752,1787.59,85.04,115.24,48
710016,88752,-1065.30,20.76,72.57,48
710016,88752,3114.40,84.47,14.13,48
710016,88752,2739.26,87.32,30.22,48
710016,88752,2449.18,87.32,75.32,48
710016,88752,3857.39,89.49,1.43,48
710016,88752,2237.30,88.29,85.54,48
710016,88752,3744.43,87.33,0.19,48
710400,88800,-78.48,23.06,20.13,48
710400,88800,3173.69,86.82,14.57,48
710400,88800,3569.91,88.24,2.45,48
710400,88800,2486.52,87.63,57.55,48
710400,88800,3609.14,87.74,12.37,48
710400,88800,2405.03,84.55,35.56,48
710400,88800,3676.18,85.69,0.23,48
710400,88800,3680.95,88.07,1.37,48
710784,88848,2728.43,89.64,59.41,48
710784,88848,-68.80,19.87,17.55,48
710784,88848,180.01,21.48,4.26,48
710784,88848,1348.28,85.45,146.40,48
710784,88848,2686.64,88.07,48.22,48
710784,88848,3155.15,85.67,18.49,48
710784,88848,2867.34,86.23,27.28,48
710784,88848,3691.34,85.83,0.62,48
711168,88896,2947.21,87.51,14.07,48
711168,88896,319.60,20.91,0.72,48
711168,88896,2699.38,83.01,19.54,48
711168,88896,447.81,24.15,0.80,48
711168,88896,-975.65,21.63,66.73,48
711168,88896,3657.89,87.61,0.83,48
711168,88896,-1345.17,87.01,513.62,48
711168,88896,2259.49,86.70,76.32,48
711552,88944,258.88,25.08,6.92,48
711552,88944,3563.46,85.95,1.94,48
711552,88944,3782.01,89.30,2.04,48
711552,88944,2898.16,87.48,30.42,48
711552,88944,2739.38,89.03,48.59,48
711552,88944,-568.39,18.76,29.79,48
711552,88944,-1223.26,85.98,482.68,48
711552,88944,3558.78,85.86,0.65,48
711936,88992,3150.16,88.78,37.29,48
711936,88992,2675.52,90.30,82.51,48
711936,88992,387.02,19.85,0.80,48
711936,88992,2277.78,88.14,75.74,48
711936,88992,3768.75,87.59,0.43,48
711936,88992,3848.26,89.18,0.74,48
711936,88992,-118.37,21.61,15.60,48
711936,88992,-575.17,21.68,39.06,48
712320,89040,3709.97,89.72,9.44,48
712320,89040,276.75,21.94,1.17,48
712320,89040,1648.79,88.27,142.56,48
712320,89040,1285.51,87.52,182.47,48
712320,89040,364.07,84.65,272.68,48
712320,89040,-487.69,22.40,47.10,48
712320,89040,-934.21,21.41,105.55,48
712320,89040,3475.09,86.84,2.77,48
712704,89088,-412.33,20.29,42.19,48
712704,89088,573.70,24.04,1.92,48
712704,89088,3348.77,87.08,9.68,48
712704,89088,480.02,24.08,2.24,48
712704,89088,3222.77,88.43,44.60,48
712704,89088,300.73,24.69,10.35,48
712704,89088,3315.64,84.96,7.11,48
712704,89088,3734.69,88.76,4.00,48
713088,89136,2909.82,84.25,16.49,48
713088,89136,3555.17,87.58,6.48,48
713088,89136,-158.07,19.79,19.01,48
713088,89136,-1775.55,26.34,148.07,48
713088,89136,-42.82,26.07,13.13,48
713088,89136,1510.85,85.31,148.81,48
713088,89136,3281.38,88.09,21.06,48
713088,89136,3891.30,89.43,0.39,48
713472,89184,3285.50,86.46,7.06,48
713472,89184,3385.63,83.62,0.10,48
713472,89184,3749.62,87.38,1.46,48
713472,89184,1941.53,87.90,107.25,48
713472,89184,3731.93,88.71,3.70,48
713472,89184,1710.17,87.70,133.48,48
713472,89184,-1641.27,23.67,139.42,48
713472,89184,3107.91,89.00,28.10,48
713856,89232,-547.34,23.72,49.24,48
713856,89232,3500.65,86.97,1.71,48
713856,89232,3209.23,90.06,34.31,48
713856,89232,3744.16,86.92,0.18,48
713856,89232,198.09,22.07,3.75,48
713856,89232,2635.22,89.57,53.15,48
713856,89232,2899.02,86.40,13.96,48
713856,89232,1152.00,83.59,162.09,48
714240,89280,3741.80,88.05,0.62,48
714240,89280,2954.25,89.65,38.20,48
714240,89280,334.80,24.83,2.10,48
714240,89280,3428.08,86.56,0.19,48
714240,89280,1596.04,84.94,124.60,48
714240,89280,316.78,24.26,0.50,48
714240,89280,3577.47,86.17,0.61,48
714240,89280,-197.44,21.00,11.83,48
714624,89328,3476.09,86.59,4.39,48
714624,89328,-305.94,24.42,33.73,48
714624,89328,3134.59,83.63,13.06,48
714624,89328,-1121.09,87.84,474.51,48
714624,89328,1856.01,85.99,100.40,48
714624,89328,-148.22,23.24,17.19,48
714624,89328,3805.85,90.27,0.98,48
714624,89328,3646.23,86.87,1.01,48
715008,89376,2760.22,88.36,31.50,48
715008,89376,3456.55,86.11,2.03,48
715008,89376,-376.21,21.97,23.13,48
715008,89376,-1076.72,19.67,74.96,48
715008,89376,287.14,21.25,11.79,48
715008,89376,2687.08,86.76,40.54,48
715008,89376,-1649.97,90.19,563.44,48
715008,89376,3934.82,90.72,0.31,48
715392,89424,3667.23,87.46,1.28,48
715392,89424,2097.71,88.41,105.79,48
715392,89424,2067.65,85.60,80.73,48
715392,89424,3694.97,87.54,0.01,48
715392,89424,3728.43,88.27,0.88,48
715392,89424,2702.10,89.43,43.48,48
715392,89424,3598.88,89.50,14.17,48
715392,89424,3384.14,83.45,0.81,48
715776,89472,-554.52,21.41,23.71,48
715776,89472,2237.96,88.18,98.73,48
715776,89472,3629.75,88.24,0.88,48
715776,89472,-2001.50,25.07,200.67,48
715776,89472,242.76,84.46,281.37,48
715776,89472,232.26,21.43,1.98,48
715776,89472,-494.79,22.45,30.93,48
715776,89472,-2057.40,88.44,588.95,48
716160,89520,3570.16,85.47,0.32,48
716160,89520,-1787.21,24.24,164.93,48
716160,89520,2869.64,88.60,33.54,48
716160,89520,-1707.25,22.23,144.89,48
716160,89520,2172.25,86.95,89.68,48
716160,89520,3875.18,88.22,0.00,48
716160,89520,2874.46,88.34,51.62,48
716160,89520,-752.01,24.44,59.06,48
716544,89568,3741.96,88.42,0.00,48
716544,89568,562.03,26.20,2.79,48
716544,89568,3493.85,86.61,2.50,48
716544,89568,-1695.50,18.53,139.12,48
716544,89568,-380.93,24.75,45.55,48
716544,89568,3006.46,86.14,29.16,48
716544,89568,3523.06,85.38,1.55,48
716544,89568,403.50,24.23,2.31,48
716928,89616,3546.19,87.14,2.88,48
716928,89616,2833.29,87.56,35.19,48
716928,89616,290.15,22.54,0.00,48
716928,89616,2570.43,87.02,27.73,48
716928,89616,627.41,24.69,0.19,48
716928,89616,3375.70,87.69,7.58,48
716928,89616,3628.37,86.45,0.61,48
716928,89616,3778.29,87.99,0.61,48
717312,89664,3288.98,84.82,5.74,48
717312,89664,3623.09,85.97,0.60,48
717312,89664,-863.02,20.69,70.37,48
717312,89664,2797.75,85.63,18.02,48
717312,89664,4059.51,90.49,0.39,48
717312,89664,3526.44,87.97,3.69,48
717312,89664,3104.58,84.29,8.83,48
717312,89664,3810.55,87.73,2.39,48
717696,89712,3593.72,86.95,0.43,48
717696,89712,-4809.53,19.71,488.62,48
717696,89712,-784.19,18.42,53.34,48
717696,89712,3051.51,87.95,43.72,48
717696,89712,-1299.14,23.32,100.63,48
717696,89712,3493.49,84.56,0.00,48
717696,89712,-292.21,21.86,27.92,48
717696,89712,-1846.29,88.67,562.72,48
718080,89760,-0.88,19.79,17.03,48
718080,89760,169.40,22.86,10.24,48
718080,89760,3269.04,84.82,10.65,48
718080,89760,2924.31,87.22,23.25,48
718080,89760,16.24,23.34,26.12,48
718080,89760,480.72,20.86,0.00,48
718080,89760,445.88,20.80,1.56,48
718080,89760,3541.92,86.17,5.39,48
718464,89808,1553.99,87.30,166.57,48
718464,89808,-161.90,22.46,12.14,48
718464,89808,296.48,23.10,2.82,48
718464,89808,511.57,22.67,0.25,48
718464,89808,84.54,19.31,4.55,48
718464,89808,3446.89,85.23,0.32,48
718464,89808,3481.61,89.37,5.08,48
718464,89808,-754.07,20.78,53.48,48
718848,89856,-1699.98,19.56,135.35,48
718848,89856,2179.10,89.30,88.09,48
718848,89856,424.55,19.09,0.35,48
718848,89856,1834.96,86.93,108.40,48
718848,89856,-1044.10,19.87,79.63,48
718848,89856,3448.52,86.06,11.38,48
718848,89856,3761.79,88.80,2.76,48
718848,89856,243.18,23.37,1.27,48
719232,89904,3019.07,84.50,13.51,48
719232,89904,3636.84,89.67,9.81,48
719232,89904,1359.92,85.11,180.89,48
719232,89904,3450.72,87.76,28.73,48
719232,89904,-785.88,86.01,419.42,48
719232,89904,-1365.85,21.38,115.13,48
719232,89904,4028.76,90.28,0.26,48
719232,89904,3259.38,90.15,53.49,48
719616,89952,2649.56,89.47,50.16,48
719616,89952,-100.52,20.10,7.46,48
719616,89952,3161.60,84.15,7.12,48
719616,89952,2972.79,88.09,22.91,48
719616,89952,3444.13,86.40,3.02,48
719616,89952,-1498.85,22.66,116.73,48
719616,89952,215.55,21.34,1.89,48
719616,89952,2609.39,88.25,48.48,48
720000,90000,374.04,21.58,2.36,48
720000,90000,3833.38,87.75,0.00,48
720000,90000,-294.09,24.53,30.74,48
720000,90000,3272.19,86.25,11.01,48
720000,90000,336.73,24.71,1.22,48
720000,90000,3419.40,86.41,11.98,48
720000,90000,1948.57,88.99,116.97,48
720000,90000,3570.27,87.64,5.62,48
720384,90048,2175.14,88.65,83.54,48
720384,90048,3592.69,85.54,0.38,48
720384,90048,-428.97,23.10,21.21,48
720384,90048,3415.98,83.47,1.24,48
720384,90048,3644.37,86.96,0.19,48
720384,90048,2949.44,85.99,24.95,48
720384,90048,2551.51,85.24,69.01,48
720384,90048,3016.36,90.05,24.60,48
720768,90096,-115.78,22.17,16.85,48
720768,90096,3039.95,84.57,13.98,48
720768,90096,-1302.97,20.52,109.83,48
720768,90096,-45.41,20.46,6.71,48
720768,90096,3729.32,88.03,1.18,48
720768,90096,3382.21,89.32,15.35,48
720768,90096,1839.73,86.58,134.06,48
720768,90096,3738.56,87.91,0.19,48
721152,90144,3331.80,87.50,20.68,48
721152,90144,3823.83,89.92,1.21,48
721152,90144,1697.98,85.60,128.61,48
721152,90144,1659.00,89.17,144.99,48
721152,90144,1935.31,88.88,134.41,48
721152,90144,2721.90,88.95,48.12,48
721152,90144,3723.01,88.83,1.00,48
721152,90144,3374.23,84.02,5.97,48
721536,90192,-1529.01,21.24,132.03,48
721536,90192,3254.88,84.78,2.51,48
721536,90192,3063.41,85.77,28.15,48
721536,90192,464.06,22.58,0.00,48
721536,90192,2935.88,85.13,29.40,48
721536,90192,-903.55,24.57,72.16,48
721536,90192,-137.75,20.54,9.01,48
721536,90192,3687.89,87.54,0.21,48
721920,90240,-495.07,19.92,33.49,48
721920,90240,1591.30,86.04,136.57,48
721920,90240,565.55,24.89,0.00,48
721920,90240,3619.78,87.41,1.70,48
721920,90240,-285.67,89.97,386.63,48
721920,90240,3483.48,89.85,15.93,48
721920,90240,-786.38,22.51,53.68,48
721920,90240,2265.14,89.07,91.44,48
722304,90288,3418.15,87.63,7.17,48
722304,90288,2913.97,86.18,21.29,48
722304,90288,242.64,23.16,3.56,48
722304,90288,3311.28,87.07,5.06,48
722304,90288,-94.29,25.39,41.04,48
722304,90288,2517.46,86.43,52.55,48
722304,90288,-653.90,22.28,38.86,48
722304,90288,437.78,26.22,2.61,48
722688,90336,1242.64,89.18,201.47,48
722688,90336,2186.97,86.60,86.91,48
722688,90336,2393.54,85.47,55.08,48
722688,90336,-1590.13,20.24,129.63,48
722688,90336,-597.04,23.43,51.62,48
722688,90336,2046.12,85.49,90.22,48
722688,90336,3605.51,86.94,3.10,48
722688,90336,3453.85,85.07,2.16,48
723072,90384,3566.89,86.27,0.19,48
723072,90384,-220.50,24.19,16.74,48
723072,90384,-1796.78,85.89,532.99,48
723072,90384,-1038.90,23.09,80.23,48
723072,90384,-724.78,21.44,63.59,48
723072,90384,3869.72,89.65,0.00,48
723072,90384,3192.84,86.69,18.54,48
723072,90384,-1791.77,20.32,152.96,48
723456,90432,345.54,23.24,2.68,48
723456,90432,2075.95,84.95,73.80,48
723456,90432,3596.39,87.11,0.23,48
723456,90432,3756.02,88.12,2.28,48
723456,90432,1533.82,87.92,151.44,48
723456,90432,3969.19,90.43,0.79,48
723456,90432,3649.50,87.02,0.31,48
723456,90432,441.65,23.06,0.19,48
723840,90480,3685.84,88.14,1.29,48
723840,90480,2224.35,87.44,79.70,48
723840,90480,3620.78,85.59,1.42,48
723840,90480,-102.93,22.30,11.11,48
723840,90480,3347.14,87.67,13.42,48
723840,90480,763.92,87.09,247.95,48
723840,90480,-1235.93,23.28,104.70,48
723840,90480,2206.61,85.72,69.39,48
724224,90528,3903.91,89.95,0.19,48
724224,90528,3798.52,89.19,0.81,48
724224,90528,1557.57,84.79,129.55,48
724224,90528,1208.67,86.27,175.92,48
724224,90528,159.78,24.38,1.92,48
724224,90528,-746.44,22.04,62.56,48
724224,90528,3519.13,87.57,5.81,48
724224,90528,2431.88,86.01,41.69,48
724608,90576,-1592.54,26.39,150.47,48
724608,90576,464.14,23.56,2.65,48
724608,90576,-956.56,21.87,81.97,48
724608,90576,3578.06,87.03,5.54,48
724608,90576,458.12,24.89,1.24,48
724608,90576,2653.89,88.42,36.99,48
724608,90576,347.08,23.56,0.00,48
724608,90576,374.29,23.69,1.01,48
724992,90624,2702.08,87.12,33.92,48
724992,90624,2873.70,85.97,26.86,48
724992,90624,1970.48,84.39,92.49,48
724992,90624,2206.73,82.72,61.51,48
724992,90624,1318.57,87.52,184.36,48
724992,90624,1670.97,87.44,142.41,48
724992,90624,3572.84,87.90,2.99,48
724992,90624,2529.89,85.78,43.40,48
725376,90672,3446.44,86.09,5.54,48
725376,90672,-1166.16,23.58,98.96,48
725376,90672,3693.42,90.15,3.38,48
725376,90672,3217.89,84.06,20.57,48
725376,90672,2357.17,84.93,42.44,48
725376,90672,3268.34,86.81,36.28,48
725376,90672,3597.53,88.84,1.55,48
725376,90672,429.99,23.40,1.38,48
725760,90720,-549.03,21.21,59.35,48
725760,90720,246.88,19.84,0.00,48
725760,90720,-505.72,22.04,22.23,48
725760,90720,151.45,23.74,7.82,48
725760,90720,-191.19,21.32,17.43,48
725760,90720,3417.12,87.52,25.69,48
725760,90720,3624.99,87.45,0.95,48
725760,90720,3283.12,84.34,6.85,48
726144,90768,-559.50,19.88,47.81,48
726144,90768,2774.70,86.74,46.16,48
726144,90768,312.26,26.99,7.83,48
726144,90768,-65.84,22.38,5.36,48
726144,90768,1505.01,86.26,157.53,48
726144,90768,3826.56,89.75,4.08,48
726144,90768,3425.13,85.98,0.81,48
726144,90768,-5077.05,24.77,581.71,48
726528,90816,3316.52,85.89,7.71,48
726528,90816,370.85,22.89,1.20,48
726528,90816,1725.33,84.68,125.46,48
726528,90816,3860.83,89.83,0.00,48
726528,90816,2599.47,85.23,32.76,48
726528,90816,3607.75,87.24,2.79,48
726528,90816,-1824.43,23.15,177.07,48
726528,90816,-702.04,23.58,67.96,48
726912,90864,-1639.03,20.94,130.33,48
726912,90864,3636.53,85.55,0.10,48
726912,90864,1669.09,86.67,129.48,48
726912,90864,3658.92,87.39,1.37,48
726912,90864,2894.70,85.27,31.12,48
726912,90864,3780.40,88.14,0.72,48
726912,90864,3524.37,88.49,9.63,48
726912,90864,-644.44,25.25,49.15,48
727296,90912,3335.39,84.71,12.13,48
727296,90912,3492.38,86.41,3.73,48
727296,90912,3110.68,85.96,34.76,48
727296,90912,-477.86,22.91,27.98,48
727296,90912,3694.10,87.11,0.00,48
727296,90912,349.39,22.16,1.75,48
727296,90912,3189.00,87.19,7.30,48
727296,90912,3786.71,87.18,1.11,48
727680,90960,239.32,22.34,5.89,48
727680,90960,3760.99,88.57,1.46,48
727680,90960,-1858.21,23.55,175.74,48
727680,90960,271.83,21.77,1.31,48
727680,90960,3068.60,87.63,34.31,48
727680,90960,-809.10,22.11,37.97,48
727680,90960,491.74,24.29,0.00,48
727680,90960,2281.95,84.09,60.11,48
728064,91008,2289.61,84.19,74.53,48
728064,91008,3716.68,88.47,0.43,48
728064,91008,2679.03,84.35,32.95,48
728064,91008,-926.84,19.63,41.98,48
728064,91008,3764.59,88.77,0.19,48
728064,91008,117.04,22.31,5.33,48
728064,91008,-3684.94,20.95,356.48,48
728064,91008,2063.86,86.95,102.37,48
728448,91056,-1275.63,21.45,114.54,48
728448,91056,291.76,19.22,0.00,48
728448,91056,-137.41,22.39,29.04,48
728448,91056,-615.02,25.29,51.05,48
728448,91056,3382.36,85.86,7.98,48
728448,91056,3497.29,85.80,0.71,48
728448,91056,315.96,22.84,1.17,48
728448,91056,417.66,20.73,0.60,48
728832,91104,2092.52,85.29,65.99,48
728832,91104,3768.09,88.52,0.10,48
728832,91104,3531.75,85.14,0.81,48
728832,91104,2196.03,85.99,70.34,48
728832,91104,3752.04,89.33,0.35,48
728832,91104,3596.61,88.77,2.15,48
728832,91104,-407.69,22.17,45.31,48
728832,91104,3752.53,90.01,16.14,48
729216,91152,-2102.95,89.46,618.15,48
729216,91152,3337.36,88.25,15.26,48
729216,91152,3614.10,86.57,0.75,48
729216,91152,-233.82,20.66,22.16,48
729216,91152,2655.28,86.04,43.48,48
729216,91152,-2515.93,27.72,266.07,48
729216,91152,-1571.29,19.88,124.47,48
729216,91152,-1428.69,22.79,112.87,48
729600,91200,2368.97,89.43,88.48,48
729600,91200,-73.78,88.90,350.26,48
729600,91200,2850.36,86.29,23.74,48
729600,91200,-2060.91,23.74,184.70,48
729600,91200,2531.01,89.43,63.88,48
729600,91200,2689.03,88.19,37.93,48
729600,91200,3660.09,87.83,0.27,48
729600,91200,3575.78,87.70,1.63,48
729984,91248,2059.00,85.62,80.48,48
729984,91248,1981.03,89.75,120.20,48
729984,91248,-1858.00,21.44,157.97,48
729984,91248,3441.64,85.51,2.01,48
729984,91248,2324.66,85.26,55.80,48
729984,91248,-943.00,23.86,67.09,48
729984,91248,3330.83,84.94,0.99,48
729984,91248,3317.63,86.99,10.27,48
730368,91296,-1524.76,23.47,120.89,48
730368,91296,-1749.99,26.37,167.49,48
730368,91296,2481.28,83.62,35.70,48
730368,91296,407.13,22.80,3.77,48
730368,91296,1816.42,88.34,126.27,48
730368,91296,3637.61,87.45,0.81,48
730368,91296,2413.92,89.97,83.93,48
730368,91296,-809.05,25.96,63.42,48
730752,91344,2518.31,85.69,32.40,48
730752,91344,3211.31,85.74,29.48,48
730752,91344,3716.25,87.16,0.00,48
730752,91344,-971.52,88.26,465.35,48
730752,91344,470.66,20.99,0.00,48
730752,91344,2679.16,88.42,40.93,48
730752,91344,3766.05,90.23,2.65,48
730752,91344,-1714.20,19.12,132.64,48
731136,91392,3642.74,88.13,3.79,48
731136,91392,3085.78,87.05,28.60,48
731136,91392,3749.48,87.41,0.88,48
731136,91392,2562.24,87.93,51.86,48
731136,91392,499.31,26.71,2.84,48
731136,91392,1980.15,87.08,107.20,48
731136,91392,3860.72,89.44,0.00,48
731136,91392,3815.50,88.65,0.10,48
731520,91440,44.18,20.26,4.56,48
731520,91440,3787.71,89.16,0.39,48
731520,91440,3219.42,86.96,10.06,48
731520,91440,-1582.09,88.81,540.18,48
731520,91440,1391.17,88.38,196.44,48
731520,91440,2856.31,86.43,25.37,48
731520,91440,2900.00,85.00,29.55,48
731520,91440,1484.78,86.09,151.04,48
731904,91488,2845.82,85.26,29.01,48
731904,91488,186.55,22.79,6.41,48
731904,91488,472.76,24.85,0.01,48
731904,91488,3259.85,84.58,3.44,48
731904,91488,3478.13,88.07,5.52,48
731904,91488,1505.15,86.17,143.36,48
731904,91488,-43.87,21.10,7.43,48
731904,91488,3617.59,86.00,4.66,48
732288,91536,3001.92,87.76,32.27,48
732288,91536,1881.44,84.73,108.98,48
732288,91536,3402.88,87.61,20.46,48
732288,91536,3549.27,89.39,11.80,48
732288,91536,1843.11,86.63,117.81,48
732288,91536,-530.35,22.68,41.08,48
732288,91536,-1932.19,87.35,576.68,48
732288,91536,-513.39,20.60,28.06,48
732672,91584,3408.52,88.22,16.06,48
732672,91584,1882.06,90.02,134.09,48
732672,91584,3733.24,88.00,2.71,48
732672,91584,-676.45,21.48,48.44,48
732672,91584,3526.01,89.01,19.33,48
732672,91584,-19.94,21.83,10.04,48
732672,91584,2918.07,87.81,33.61,48
732672,91584,3707.67,89.54,3.50,48
733056,91632,3166.55,87.19,19.70,48
733056,91632,2850.73,87.62,32.02,48
733056,91632,3706.13,86.40,0.26,48
733056,91632,277.30,24.32,12.03,48
733056,91632,3746.38,88.88,0.00,48
733056,91632,3055.83,85.03,7.35,48
733056,91632,3256.85,88.58,15.20,48
733056,91632,2463.26,88.62,54.96,48
733440,91680,387.79,24.75,3.82,48
733440,91680,-5059.36,21.99,542.60,48
733440,91680,2844.43,84.99,11.68,48
733440,91680,3757.03,87.54,1.17,48
733440,91680,1498.05,88.36,165.01,48
733440,91680,234.78,83.56,277.48,48
733440,91680,3312.72,87.37,16.39,48
733440,91680,590.49,25.34,1.57,48
733824,91728,1949.16,87.91,110.93,48
733824,91728,3715.49,86.56,0.77,48
733824,91728,-1194.17,21.99,95.04,48
733824,91728,-329.33,22.06,19.43,48
733824,91728,-167.14,91.53,405.12,48
733824,91728,453.81,24.05,0.00,48
733824,91728,417.13,23.81,0.81,48
733824,91728,3626.29,86.40,2.15,48
734208,91776,3646.63,86.99,1.43,48
734208,91776,3413.19,84.22,0.71,48
734208,91776,2744.25,88.35,49.50,48
734208,91776,3758.53,86.42,0.00,48
734208,91776,2879.13,89.59,25.57,48
734208,91776,325.85,20.50,0.00,48
734208,91776,-270.45,86.78,372.13,48
734208,91776,3664.34,88.13,4.39,48
734592,91824,-1159.04,84.49,453.43,48
734592,91824,633.18,86.60,244.05,48
734592,91824,92.70,22.24,5.58,48
734592,91824,-631.12,22.46,45.81,48
734592,91824,84.18,24.11,5.74,48
734592,91824,2007.35,86.21,91.08,48
734592,91824,410.55,22.46,1.28,48
734592,91824,3534.26,86.94,3.75,48
734976,91872,3332.01,87.84,5.13,48
734976,91872,2529.99,86.04,41.67,48
734976,91872,3533.26,85.92,0.10,48
734976,91872,1696.17,84.94,120.57,48
734976,91872,2078.61,90.99,112.91,48
734976,91872,-1816.18,20.39,152.60,48
734976,91872,1598.22,85.29,133.15,48
734976,91872,-138.19,20.93,39.37,48
735360,91920,3661.35,86.96,1.46,48
735360,91920,-286.00,24.21,17.20,48
735360,91920,3127.41,86.23,28.65,48
735360,91920,-1567.74,21.95,128.02,48
735360,91920,239.80,22.02,8.43,48
735360,91920,3027.49,84.21,13.39,48
735360,91920,319.07,21.13,3.06,48
735360,91920,269.88,22.68,6.08,48
735744,91968,1394.92,87.88,182.26,48
735744,91968,3315.26,86.19,14.72,48
735744,91968,1978.19,88.23,108.42,48
735744,91968,2424.27,87.05,70.55,48
735744,91968,321.56,23.85,0.43,48
735744,91968,3489.28,85.37,2.06,48
735744,91968,3282.34,88.11,19.92,48
735744,91968,3525.67,86.16,0.00,48
736128,92016,2163.86,88.11,93.52,48
736128,92016,2751.59,88.39,36.26,48
736128,92016,1628.40,90.05,167.43,48
736128,92016,1485.42,88.43,166.28,48
736128,92016,2036.55,87.73,98.38,48
736128,92016,3610.80,85.96,0.00,48
736128,92016,3872.74,90.68,6.79,48
736128,92016,3650.57,90.05,14.01,48
736512,92064,2062.47,88.68,107.40,48
736512,92064,3848.71,89.01,0.00,48
736512,92064,2754.92,88.77,47.28,48
736512,92064,-1535.41,90.04,547.42,48
736512,92064,3179.21,87.56,22.41,48
736512,92064,3745.14,88.53,0.64,48
736512,92064,-1095.66,22.75,67.85,48
736512,92064,3821.08,88.43,1.96,48
736896,92112,2231.19,87.06,81.69,48
736896,92112,-166.73,17.62,8.02,48
736896,92112,2981.21,88.98,37.09,48
736896,92112,1592.10,90.38,195.10,48
736896,92112,3103.84,89.20,15.70,48
736896,92112,2922.85,87.46,24.64,48
736896,92112,3321.73,86.03,7.93,48
736896,92112,3684.71,87.78,0.00,48
737280,92160,2495.53,86.13,83.39,48
737280,92160,2115.59,88.22,97.81,48
737280,92160,-951.74,22.75,85.68,48
737280,92160,-795.14,23.54,57.65,48
737280,92160,575.83,24.79,0.60,48
737280,92160,299.36,20.46,0.00,48
737280,92160,3729.44,86.89,0.00,48
737280,92160,2965.32,86.44,19.35,48
737664,92208,1870.16,88.69,134.88,48
737664,92208,3333.44,85.21,4.30,48
737664,92208,255.62,22.45,0.88,48
737664,92208,1933.09,89.20,150.11,48
737664,92208,3181.74,85.03,21.85,48
737664,92208,154.96,23.73,11.24,48
737664,92208,3615.18,87.21,0.00,48
737664,92208,609.76,23.33,0.38,48
738048,92256,2459.00,89.66,77.87,48
738048,92256,3664.39,86.97,5.59,48
738048,92256,3540.71,87.86,0.28,48
738048,92256,-458.58,20.83,28.08,48
738048,92256,3895.59,91.01,1.29,48
738048,92256,-26.87,86.66,337.00,48
738048,92256,2871.90,88.29,24.78,48
738048,92256,3221.74,87.87,23.25,48
738432,92304,50.98,23.88,13.36,48
738432,92304,351.95,25.21,14.56,48
738432,92304,503.33,22.84,0.00,48
738432,92304,-1619.99,88.90,542.05,48
738432,92304,3586.07,86.34,0.00,48
738432,92304,-1645.71,21.53,130.07,48
738432,92304,3833.97,89.56,3.10,48
738432,92304,-549.86,23.29,33.85,48
738816,92352,-1454.38,21.27,97.21,48
738816,92352,1687.86,88.45,135.84,48
738816,92352,3729.13,87.76,0.25,48
738816,92352,3075.63,88.60,24.59,48
738816,92352,1700.31,85.73,130.90,48
738816,92352,3335.81,89.20,14.69,48
738816,92352,373.97,19.36,0.31,48
738816,92352,3679.25,87.43,0.10,48
739200,92400,1979.46,88.59,140.59,48
739200,92400,3663.54,85.29,0.54,48
739200,92400,575.53,25.01,0.95,48
739200,92400,3769.49,87.61,0.00,48
739200,92400,152.93,20.79,3.21,48
739200,92400,2217.74,83.00,49.93,48
739200,92400,197.75,23.62,3.95,48
739200,92400,2912.12,86.28,16.63,48
739584,92448,3501.41,85.22,3.93,48
739584,92448,1926.36,85.03,102.06,48
739584,92448,3505.81,84.65,0.02,48
739584,92448,304.29,22.64,9.99,48
739584,92448,3632.19,87.85,0.60,48
739584,92448,3485.50,88.05,9.45,48
739584,92448,1594.72,84.36,109.15,48
739584,92448,-937.74,22.61,54.51,48
739968,92496,3409.95,87.35,19.72,48
739968,92496,-2987.64,18.56,283.57,48
739968,92496,3451.25,85.79,15.63,48
739968,92496,2902.71,88.69,46.13,48
739968,92496,2216.74,86.80,80.56,48
739968,92496,3282.46,87.22,7.93,48
739968,92496,1473.90,89.06,181.41,48
739968,92496,3012.97,87.58,18.73,48
740352,92544,-518.99,21.59,43.15,48
740352,92544,1481.22,83.74,131.01,48
740352,92544,-194.67,89.48,378.47,48
740352,92544,359.41,21.65,0.54,48
740352,92544,331.18,88.10,301.58,48
740352,92544,147.84,23.83,1.01,48
740352,92544,3412.09,85.96,8.47,48
740352,92544,3725.00,87.90,0.69,48
740736,92592,3061.83,89.04,23.66,48
740736,92592,1633.23,87.40,149.65,48
740736,92592,3619.49,84.91,0.00,48
740736,92592,3867.67,89.63,0.34,48
740736,92592,103.65,21.52,10.28,48
740736,92592,3829.07,88.97,0.35,48
740736,92592,3688.94,87.63,0.72,48
740736,92592,2666.29,87.66,40.76,48
741120,92640,402.18,21.12,1.28,48
741120,92640,365.43,23.96,1.68,48
741120,92640,-320.40,23.51,25.07,48
741120,92640,99.14,23.93,6.58,48
741120,92640,3672.78,88.83,3.51,48
741120,92640,3061.55,83.95,8.13,48
741120,92640,3708.98,87.36,0.58,48
741120,92640,1418.14,87.45,165.18,48
741504,92688,591.35,24.52,0.62,48
741504,92688,3667.88,89.15,2.96,48
741504,92688,-730.26,21.44,40.48,48
741504,92688,-531.25,23.51,35.60,48
741504,92688,2487.54,86.16,68.51,48
741504,92688,-106.43,22.59,24.82,48
741504,92688,3456.80,85.92,5.34,48
741504,92688,3532.15,85.47,1.00,48
741888,92736,3404.87,85.78,0.45,48
741888,92736,559.71,25.22,2.61,48
741888,92736,131.68,86.46,321.86,48
741888,92736,2929.36,83.77,13.69,48
741888,92736,3117.09,86.62,21.14,48
741888,92736,-1996.85,22.48,177.58,48
741888,92736,1507.45,87.48,151.23,48
741888,92736,382.34,20.94,0.00,48
742272,92784,2663.48,84.98,26.84,48
742272,92784,310.61,22.43,6.03,48
742272,92784,2704.21,85.81,55.77,48
742272,92784,1751.47,89.92,146.31,48
742272,92784,3026.32,87.22,21.46,48
742272,92784,2876.23,85.76,26.37,48
742272,92784,3641.93,86.84,1.01,48
742272,92784,133.90,22.35,0.66,48
742656,92832,3334.21,88.81,42.27,48
742656,92832,-500.68,23.60,38.11,48
742656,92832,302.26,22.54,2.09,48
742656,92832,3078.13,87.46,30.48,48
742656,92832,3728.53,87.30,1.21,48
742656,92832,3418.57,86.75,7.62,48
742656,92832,222.37,86.66,299.25,48
742656,92832,3611.27,88.23,2.99,48
743040,92880,3557.47,87.08,6.74,48
743040,92880,3092.19,87.30,23.79,48
743040,92880,3258.93,84.83,4.10,48
743040,92880,1504.34,86.79,151.21,48
743040,92880,263.88,17.60,0.77,48
743040,92880,2604.22,83.20,37.11,48
743040,92880,376.44,20.36,0.33,48
743040,92880,3323.89,90.18,16.74,48
743424,92928,3858.84,89.63,1.38,48
743424,92928,2709.68,85.06,44.90,48
743424,92928,3093.23,89.91,26.80,48
743424,92928,1880.93,88.13,112.86,48
743424,92928,377.47,24.54,0.05,48
743424,92928,104.38,21.27,11.81,48
743424,92928,448.31,22.76,1.24,48
743424,92928,3911.44,90.22,2.48,48
743808,92976,-1954.46,22.21,175.83,48
743808,92976,-1327.58,24.65,114.43,48
743808,92976,3787.97,88.52,0.83,48
743808,92976,-561.78,21.32,48.24,48
743808,92976,2770.45,86.85,25.34,48
743808,92976,3535.11,86.59,1.01,48
743808,92976,3270.49,89.61,19.27,48
743808,92976,3668.68,85.23,0.57,48
744192,93024,-569.75,18.74,23.76,48
744192,93024,1542.89,87.60,177.12,48
744192,93024,95.54,24.57,19.33,48
744192,93024,2236.53,86.23,63.79,48
744192,93024,-2200.93,27.37,224.82,48
744192,93024,2040.38,88.19,119.61,48
744192,93024,2149.99,87.65,90.93,48
744192,93024,3115.51,87.79,23.41,48
744576,93072,3886.36,89.77,0.32,48
744576,93072,525.17,23.30,0.71,48
744576,93072,1885.34,89.72,139.38,48
744576,93072,1655.61,88.43,154.49,48
744576,93072,2066.40,87.43,101.11,48
744576,93072,506.68,24.83,0.10,48
744576,93072,2546.40,86.75,57.74,48
744576,93072,-1173.76,85.40,464.85,48
744960,93120,2318.56,89.70,98.73,48
744960,93120,3606.95,88.10,3.10,48
744960,93120,-1015.43,21.34,86.80,48
744960,93120,3192.46,86.23,24.21,48
744960,93120,-1639.44,23.92,128.81,48
744960,93120,-1605.27,22.60,134.55,48
744960,93120,268.39,22.99,0.00,48
744960,93120,1383.87,87.59,161.87,48
745344,93168,3674.47,89.14,2.96,48
745344,93168,1859.88,85.92,108.61,48
745344,93168,2757.92,86.57,46.34,48
745344,93168,2929.81,88.60,18.07,48
745344,93168,-310.62,20.73,27.01,48
745344,93168,3234.32,89.14,30.46,48
745344,93168,1536.28,85.08,138.37,48
745344,93168,2208.99,85.84,66.96,48
745728,93216,2592.80,88.12,51.42,48
745728,93216,3282.15,88.36,6.84,48
745728,93216,3663.08,86.99,0.01,48
745728,93216,3601.69,85.64,0.01,48
745728,93216,27.81,22.24,13.38,48
745728,93216,-783.20,23.31,51.84,48
745728,93216,-204.71,20.34,10.12,48
745728,93216,-1286.21,21.35,104.53,48
746112,93264,2593.12,89.35,55.30,48
746112,93264,3183.00,85.76,8.00,48
746112,93264,3469.11,89.03,7.57,48
746112,93264,3555.01,86.39,0.61,48
746112,93264,3551.09,87.63,4.70,48
746112,93264,3832.48,88.83,0.39,48
746112,93264,322.12,24.11,1.79,48
746112,93264,3629.22,84.88,0.43,48
746496,93312,129.56,23.69,2.69,48
746496,93312,3742.43,86.86,0.72,48
746496,93312,-1720.38,21.93,133.86,48
746496,93312,1589.29,85.44,139.35,48
746496,93312,3550.28,84.49,0.10,48
746496,93312,3283.11,89.91,15.18,48
746496,93312,3452.64,87.23,8.84,48
746496,93312,3702.29,87.51,0.47,48
746880,93360,-1084.79,23.87,112.51,48
746880,93360,1800.83,87.56,123.15,48
746880,93360,3436.43,86.34,11.71,48
746880,93360,3772.33,91.47,8.30,48
746880,93360,3522.31,89.80,12.20,48
746880,93360,-0.51,19.61,11.93,48
746880,93360,-1277.97,84.57,464.53,48
746880,93360,1183.39,86.91,193.32,48
747264,93408,456.90,24.27,3.82,48
747264,93408,3313.23,87.54,11.90,48
747264,93408,3662.94,88.08,1.83,48
747264,93408,3398.41,89.10,17.66,48
747264,93408,1798.73,85.67,117.55,48
747264,93408,1852.97,86.57,116.17,48
747264,93408,-1598.38,23.08,139.18,48
747264,93408,3936.08,90.63,0.72,48
747648,93456,2444.88,87.90,62.09,48
747648,93456,3670.53,88.81,8.10,48
747648,93456,-321.31,22.26,21.26,48
747648,93456,3639.66,88.97,7.15,48
747648,93456,373.94,22.19,8.51,48
747648,93456,2841.05,88.82,51.36,48
747648,93456,1674.80,88.28,142.79,48
747648,93456,3902.65,90.29,0.00,48
748032,93504,3357.30,85.16,11.87,48
748032,93504,459.01,22.38,0.00,48
748032,93504,-1296.21,22.19,106.08,48
748032,93504,3761.31,88.29,0.00,48
748032,93504,3007.56,86.14,17.77,48
748032,93504,2314.57,87.97,107.97,48
748032,93504,3785.36,88.86,0.32,48
748032,93504,3365.21,84.77,4.47,48
748416,93552,-1070.31,23.04,97.51,48
748416,93552,3651.32,85.20,0.00,48
748416,93552,2570.49,86.62,44.05,48
748416,93552,3597.99,85.93,1.17,48
748416,93552,-342.54,25.77,41.42,48
748416,93552,3710.67,87.61,2.19,48
748416,93552,-226.47,23.44,19.16,48
748416,93552,1646.22,85.36,124.69,48
748800,93600,459.16,26.47,0.18,48
748800,93600,3876.70,88.37,0.00,48
748800,93600,-674.44,20.41,41.49,48
748800,93600,3645.48,87.80,3.27,48
748800,93600,2906.22,88.32,18.39,48
748800,93600,1273.62,89.32,192.92,48
748800,93600,3475.21,86.94,4.09,48
748800,93600,3417.36,84.10,0.66,48
749184,93648,-22.11,21.46,30.81,48
749184,93648,2714.58,86.96,47.93,48
749184,93648,395.04,22.66,0.00,48
749184,93648,3434.97,84.66,2.36,48
749184,93648,3436.29,85.69,2.60,48
749184,93648,151.41,27.55,13.61,48
749184,93648,2271.73,88.49,87.54,48
749184,93648,2485.37,87.68,51.96,48
749568,93696,-159.50,24.47,27.09,48
749568,93696,3544.63,86.69,0.00,48
749568,93696,2872.13,87.37,32.15,48
749568,93696,3346.69,87.71,15.72,48
749568,93696,3648.67,87.53,0.10,48
749568,93696,3585.68,87.12,1.37,48
749568,93696,-1425.26,21.69,115.89,48
749568,93696,-913.28,20.55,64.78,48
749952,93744,36.59,24.70,12.98,48
749952,93744,2008.43,87.39,92.11,48
749952,93744,3076.38,86.81,13.11,48
749952,93744,341.14,21.80,0.75,48
749952,93744,-60.39,21.67,15.50,48
749952,93744,379.09,22.92,1.01,48
749952,93744,2430.09,86.72,84.37,48
749952,93744,-1969.13,22.84,180.92,48
750336,93792,441.92,23.87,0.00,48
750336,93792,3493.92,84.79,2.47,48
750336,93792,3565.01,87.49,0.72,48
750336,93792,3380.50,87.94,9.44,48
750336,93792,355.69,21.32,1.46,48
750336,93792,1868.14,87.41,117.13,48
750336,93792,3211.87,89.47,26.33,48
750336,93792,2518.94,89.14,78.15,48
750720,93840,2233.60,88.57,85.91,48
750720,93840,-1708.87,23.01,162.67,48
750720,93840,1921.04,86.82,111.87,48
750720,93840,429.17,22.80,0.00,48
750720,93840,467.04,24.15,0.00,48
750720,93840,2702.24,85.04,25.66,48
750720,93840,233.70,24.56,8.33,48
750720,93840,1707.65,87.91,130.15,48
751104,93888,511.39,25.92,0.00,48
751104,93888,3657.51,87.00,0.32,48
751104,93888,3574.19,86.87,1.84,48
751104,93888,3708.21,88.47,5.36,48
751104,93888,-1987.75,22.21,186.77,48
751104,93888,1450.48,88.28,170.65,48
751104,93888,291.70,22.31,4.11,48
751104,93888,-567.56,22.24,28.52,48
751488,93936,3494.75,88.77,4.92,48
751488,93936,3769.48,88.55,0.88,48
751488,93936,-1600.08,23.21,138.41,48
751488,93936,1689.28,87.89,150.09,48
751488,93936,1712.10,88.05,150.02,48
751488,93936,3700.40,89.29,0.83,48
751488,93936,3562.37,88.50,2.62,48
751488,93936,-1433.49,85.49,490.86,48
751872,93984,-1168.74,20.67,90.10,48
751872,93984,3347.75,88.46,19.48,48
751872,93984,167.05,21.95,13.61,48
751872,93984,3528.54,87.27,5.51,48
751872,93984,3695.75,89.77,11.42,48
751872,93984,-418.26,21.48,34.72,48
751872,93984,-992.82,23.87,58.36,48
751872,93984,2917.89,86.66,14.90,48
752256,94032,2329.54,89.68,90.97,48
752256,94032,284.06,84.91,296.05,48
752256,94032,3222.68,88.96,24.15,48
752256,94032,250.82,19.14,0.38,48
752256,94032,3644.07,87.14,0.00,48
752256,94032,3480.92,89.43,12.52,48
752256,94032,-1789.27,22.39,178.98,48
752256,94032,-659.84,20.32,43.33,48
752640,94080,3788.21,89.13,0.78,48
752640,94080,-1820.87,20.68,154.69,48
752640,94080,1468.51,86.97,157.50,48
752640,94080,3756.36,88.80,1.13,48
752640,94080,2576.19,85.99,43.82,48
752640,94080,-37.37,21.77,15.51,48
752640,94080,3573.16,85.98,0.75,48
752640,94080,3796.59,88.01,0.31,48
753024,94128,3075.54,87.79,27.96,48
753024,94128,-4109.45,24.73,420.68,48
753024,94128,84.00,25.81,7.25,48
753024,94128,2870.68,85.89,29.43,48
753024,94128,2328.79,86.89,60.87,48
753024,94128,3174.61,87.96,11.07,48
753024,94128,3236.97,86.89,13.59,48
753024,94128,12.37,85.89,325.38,48
753408,94176,2575.82,85.93,44.61,48
753408,94176,-2244.22,22.66,191.37,48
753408,94176,3691.96,88.00,0.00,48
753408,94176,297.09,25.31,1.94,48
753408,94176,-1535.99,22.51,141.82,48
753408,94176,604.24,24.03,0.72,48
753408,94176,215.94,21.63,1.65,48
753408,94176,492.33,24.67,3.05,48
753792,94224,2573.58,86.30,39.37,48
753792,94224,3881.50,90.39,4.82,48
753792,94224,-948.30,22.73,77.24,48
753792,94224,3469.37,83.60,0.10,48
753792,94224,-1376.99,23.76,102.76,48
753792,94224,-2662.69,86.12,628.17,48
753792,94224,-625.83,22.59,36.16,48
753792,94224,455.06,22.10,0.19,48
754176,94272,2436.31,89.46,64.50,48
754176,94272,1907.06,89.93,127.71,48
754176,94272,445.46,22.94,0.21,48
754176,94272,3611.69,86.81,0.10,48
754176,94272,3605.54,87.20,8.61,48
754176,94272,-1385.85,20.84,102.86,48
754176,94272,3428.57,86.01,12.77,48
754176,94272,2523.79,87.76,41.08,48
754560,94320,3637.90,87.31,2.18,48
754560,94320,-113.93,22.30,20.33,48
754560,94320,3523.08,86.41,0.43,48
754560,94320,2276.87,86.94,92.18,48
754560,94320,3529.01,84.66,0.38,48
754560,94320,181.66,21.79,0.41,48
754560,94320,1525.64,86.93,157.80,48
754560,94320,1593.38,86.45,145.16,48
754944,94368,389.43,22.91,0.88,48
754944,94368,1269.45,86.88,180.65,48
754944,94368,-719.23,21.60,40.96,48
754944,94368,3096.42,87.67,36.93,48
754944,94368,2063.97,85.59,77.48,48
754944,94368,2246.36,87.16,84.06,48
754944,94368,-1215.91,86.86,492.46,48
754944,94368,2151.88,88.97,96.92,48
755328,94416,1554.51,89.75,174.43,48
755328,94416,-1090.54,25.52,84.20,48
755328,94416,3570.91,86.22,0.02,48
755328,94416,407.49,23.62,0.00,48
755328,94416,3480.69,88.36,12.84,48
755328,94416,2454.69,85.74,48.32,48
755328,94416,-1815.93,22.29,162.93,48
755328,94416,3086.76,84.50,8.96,48
755712,94464,3349.90,85.17,6.56,48
755712,94464,95.10,23.99,7.29,48
755712,94464,-594.71,19.89,31.78,48
755712,94464,3691.88,86.73,0.00,48
755712,94464,2882.76,88.48,20.66,48
755712,94464,428.13,22.43,0.00,48
755712,94464,3435.83,82.93,0.26,48
755712,94464,3204.39,87.31,15.17,48
756096,94512,-778.23,21.05,63.16,48
756096,94512,3756.28,88.81,3.67,48
756096,94512,-1118.39,17.78,66.47,48
756096,94512,1932.13,89.38,124.26,48
756096,94512,3261.80,84.46,16.77,48
756096,94512,-1523.89,23.99,121.46,48
756096,94512,3742.41,87.06,1.24,48
756096,94512,-86.53,24.89,5.71,48
756480,94560,3511.93,87.54,4.57,48
756480,94560,3560.12,87.96,1.57,48
756480,94560,-1609.70,20.89,146.95,48
756480,94560,2647.54,86.91,47.29,48
756480,94560,2574.67,85.97,51.60,48
756480,94560,3764.60,88.89,0.81,48
756480,94560,3259.61,88.10,21.33,48
756480,94560,3490.82,89.20,9.20,48
756864,94608,3731.27,86.88,0.58,48
756864,94608,3789.02,88.78,0.00,48
756864,94608,3298.28,84.76,7.00,48
756864,94608,3979.63,89.98,0.00,48
756864,94608,3583.05,89.52,8.94,48
756864,94608,3195.03,86.07,5.17,48
756864,94608,168.05,21.80,4.63,48
756864,94608,1732.87,86.60,110.89,48
757248,94656,164.30,22.81,1.55,48
757248,94656,-137.10,24.49,40.22,48
757248,94656,3912.61,91.20,2.18,48
757248,94656,3707.32,88.96,10.62,48
757248,94656,-48.01,24.12,19.66,48
757248,94656,3763.07,87.23,0.00,48
757248,94656,3734.83,87.83,3.18,48
757248,94656,268.57,20.82,1.83,48
757632,94704,-911.46,87.99,464.14,48
757632,94704,2984.47,88.05,28.33,48
757632,94704,151.56,23.56,5.13,48
757632,94704,284.48,21.84,0.57,48
757632,94704,3609.43,87.99,0.99,48
757632,94704,2741.41,85.95,28.03,48
757632,94704,563.65,22.43,0.01,48
757632,94704,-1558.26,23.84,139.43,48
758016,94752,2044.03,85.70,81.88,48
758016,94752,-1253.45,25.54,123.14,48
758016,94752,3667.59,86.46,0.32,48
758016,94752,-1435.44,23.49,135.85,48
758016,94752,1584.03,86.63,150.30,48
758016,94752,1459.86,88.25,173.29,48
758016,94752,3157.49,86.04,11.23,48
758016,94752,3319.06,87.09,6.77,48
758400,94800,2970.21,83.31,14.02,48
758400,94800,363.27,19.22,0.35,48
758400,94800,3650.09,86.49,0.82,48
758400,94800,3268.93,87.87,12.88,48
758400,94800,2745.26,85.15,28.95,48
758400,94800,-570.23,23.79,52.00,48
758400,94800,3802.09,89.08,0.01,48
758400,94800,-282.40,24.99,30.28,48
758784,94848,194.44,21.19,0.00,48
758784,94848,3694.40,87.87,0.00,48
758784,94848,-295.76,86.63,365.58,48
758784,94848,1530.86,86.97,152.08,48
758784,94848,2612.96,85.58,29.25,48
758784,94848,3687.13,88.98,7.03,48
758784,94848,3603.43,86.57,0.05,48
758784,94848,3588.72,86.64,0.00,48
759168,94896,3622.65,87.18,0.76,48
759168,94896,3728.40,87.87,0.00,48
759168,94896,3637.59,88.93,2.77,48
759168,94896,3556.56,86.27,5.81,48
759168,94896,3698.13,87.38,0.65,48
759168,94896,-1946.59,22.48,168.80,48
759168,94896,3845.25,89.30,0.72,48
759168,94896,1223.07,83.99,158.63,48
759552,94944,3527.48,87.15,8.99,48
759552,94944,3658.50,85.79,1.14,48
759552,94944,1579.90,86.36,141.30,48
759552,94944,208.62,24.78,2.88,48
759552,94944,3065.98,85.34,14.46,48
759552,94944,3279.37,85.73,30.65,48
759552,94944,1954.61,84.98,92.15,48
759552,94944,3160.99,86.41,13.24,48
759936,94992,-1349.84,23.09,109.95,48
759936,94992,2245.28,88.22,88.16,48
759936,94992,230.18,24.53,1.89,48
759936,94992,-343.36,89.76,406.91,48
759936,94992,1797.96,88.33,130.27,48
759936,94992,3206.86,87.09,1.10,48
759936,94992,2838.35,84.47,6.02,48
759936,94992,3890.80,89.30,0.00,48
760320,95040,3107.06,85.80,15.25,48
760320,95040,2896.70,88.70,24.05,48
760320,95040,2914.09,87.96,35.03,48
760320,95040,-380.86,25.19,46.00,48
760320,95040,3832.51,90.61,0.81,48
760320,95040,3547.95,87.68,4.30,48
760320,95040,-1062.55,24.13,95.94,48
760320,95040,3801.95,89.42,1.21,48
760704,95088,1642.39,85.75,122.85,48
760704,95088,2853.74,87.64,32.27,48
760704,95088,3502.23,86.34,2.16,48
760704,95088,1925.59,89.52,131.72,48
760704,95088,52.50,23.86,2.72,48
760704,95088,1268.75,87.52,185.30,48
760704,95088,3608.24,88.03,6.73,48
760704,95088,1824.78,87.13,123.90,48
761088,95136,-2305.29,24.08,216.97,48
761088,95136,2872.28,88.54,40.48,48
761088,95136,3437.92,89.44,31.43,48
761088,95136,133.22,20.88,1.25,48
761088,95136,2189.30,85.95,70.59,48
761088,95136,3561.81,85.69,1.61,48
761088,95136,-365.41,26.55,43.44,48
761088,95136,3653.35,87.43,0.10,48
761472,95184,3709.42,88.15,0.00,48
761472,95184,2020.24,86.94,89.06,48
761472,95184,3092.52,88.24,29.37,48
761472,95184,-1068.49,85.27,454.82,48
761472,95184,-178.50,21.48,19.62,48
761472,95184,3805.67,88.43,0.79,48
761472,95184,1487.69,88.43,168.06,48
761472,95184,3536.59,87.19,2.33,48
761856,95232,-476.41,20.44,50.04,48
761856,95232,1321.30,86.98,172.78,48
761856,95232,211.00,24.49,6.46,48
761856,95232,79.92,88.69,343.98,48
761856,95232,3403.63,87.19,2.77,48
761856,95232,3043.33,87.43,20.95,48
761856,95232,3793.80,87.69,0.10,48
761856,95232,246.06,26.45,6.68,48
762240,95280,1578.66,87.96,147.41,48
762240,95280,-3991.26,17.97,403.12,48
762240,95280,3721.32,87.34,0.00,48
762240,95280,1871.57,87.35,127.00,48
762240,95280,1748.25,85.13,110.45,48
762240,95280,3803.97,89.42,1.57,48
762240,95280,3397.48,87.50,5.53,48
762240,95280,3793.93,89.42,3.78,48
762624,95328,-576.91,22.09,42.42,48
762624,95328,82.06,20.89,8.17,48
762624,95328,418.87,21.70,0.00,48
762624,95328,3680.98,87.44,1.01,48
762624,95328,154.65,24.05,5.27,48
762624,95328,-2047.40,88.26,583.05,48
762624,95328,3518.70,86.06,0.61,48
762624,95328,-1333.39,90.43,541.83,48
763008,95376,-81.74,26.57,21.61,48
763008,95376,3632.05,87.83,6.10,48
763008,95376,-592.43,20.32,25.42,48
763008,95376,-737.15,22.14,47.95,48
763008,95376,3811.22,88.82,1.16,48
763008,95376,-797.76,21.29,45.44,48
763008,95376,2665.26,87.24,23.06,48
763008,95376,529.73,22.18,0.39,48
763392,95424,3812.45,88.69,0.23,48
763392,95424,2788.08,88.30,48.21,48
763392,95424,1834.43,84.26,95.03,48
763392,95424,2750.42,88.29,55.41,48
763392,95424,2808.40,85.74,32.21,48
763392,95424,-1084.30,20.14,76.98,48
763392,95424,-1830.60,22.02,164.43,48
763392,95424,3413.32,83.84,1.28,48
763776,95472,3240.78,83.35,8.97,48
763776,95472,2939.27,85.77,28.30,48
763776,95472,2926.34,87.69,25.21,48
763776,95472,2176.86,84.07,66.30,48
763776,95472,2528.22,85.25,54.47,48
763776,95472,3810.45,89.29,0.00,48
763776,95472,1458.95,85.88,149.19,48
763776,95472,3581.01,87.34,7.19,48
764160,95520,-941.62,22.80,84.14,48
764160,95520,1959.17,86.83,97.55,48
764160,95520,3366.37,89.69,9.71,48
764160,95520,1555.49,87.14,153.88,48
764160,95520,-534.32,22.54,34.47,48
764160,95520,3174.47,85.82,13.98,48
764160,95520,-882.19,27.20,73.51,48
764160,95520,3623.28,88.06,1.96,48
764544,95568,1288.55,85.47,171.56,48
764544,95568,3385.03,89.09,22.13,48
764544,95568,3077.44,85.60,21.86,48
764544,95568,1818.57,89.73,141.82,48
764544,95568,3652.88,87.93,0.48,48
764544,95568,1779.70,88.54,135.55,48
764544,95568,3541.81,87.90,5.42,48
764544,95568,3639.27,86.21,0.27,48
764928,95616,2460.69,87.67,59.23,48
764928,95616,3366.06,84.99,4.90,48
764928,95616,3614.00,86.37,0.31,48
764928,95616,3564.56,86.50,0.00,48
764928,95616,4010.82,91.15,0.39,48
764928,95616,3521.20,86.92,3.24,48
764928,95616,-1001.27,25.27,82.14,48
764928,95616,311.87,21.17,3.15,48
765312,95664,336.90,22.92,2.03,48
765312,95664,1785.76,85.60,111.91,48
765312,95664,-176.38,22.61,12.12,48
765312,95664,2961.05,88.37,23.11,48
765312,95664,284.72,23.46,3.65,48
765312,95664,3464.11,86.17,20.21,48
765312,95664,-641.78,21.29,57.53,48
765312,95664,1572.88,85.54,140.77,48
765696,95712,392.17,24.13,0.61,48
765696,95712,3612.91,88.00,2.44,48
765696,95712,3866.54,89.29,0.00,48
765696,95712,303.19,27.15,38.55,48
765696,95712,3742.66,88.92,1.41,48
765696,95712,3768.82,88.38,0.00,48
765696,95712,3875.80,89.53,0.28,48
765696,95712,2216.76,90.74,112.82,48
766080,95760,86.34,21.33,1.46,48
766080,95760,1230.49,89.44,214.52,48
766080,95760,3296.39,86.95,21.72,48
766080,95760,-1912.63,23.35,164.06,48
766080,95760,3950.91,90.42,0.48,48
766080,95760,3504.76,87.77,2.86,48
766080,95760,-1938.35,22.98,184.01,48
766080,95760,-5017.33,21.45,532.66,48
766464,95808,2168.50,87.58,91.37,48
766464,95808,-1697.14,21.27,155.16,48
766464,95808,-1840.40,21.93,156.05,48
766464,95808,1328.48,86.62,169.18,48
766464,95808,3700.04,86.91,0.00,48
766464,95808,68.26,25.04,17.63,48
766464,95808,623.87,23.64,0.00,48
766464,95808,11.43,23.01,8.47,48
766848,95856,-276.48,23.77,22.05,48
766848,95856,2406.52,82.52,58.92,48
766848,95856,3835.50,88.19,1.37,48
766848,95856,3505.91,86.47,1.29,48
766848,95856,3104.33,87.97,17.31,48
766848,95856,3840.87,89.91,0.74,48
766848,95856,3565.83,87.96,2.61,48
766848,95856,1907.45,88.05,111.59,48
767232,95904,2979.14,90.01,34.36,48
767232,95904,-1697.61,86.21,529.80,48
767232,95904,2938.20,85.64,13.60,48
767232,95904,3867.33,89.29,0.19,48
767232,95904,3457.23,84.79,0.00,48
767232,95904,-222.54,85.66,367.34,48
767232,95904,3713.86,88.05,0.00,48
767232,95904,220.78,82.25,291.25,48
767616,95952,1455.33,88.02,171.73,48
767616,95952,2879.77,87.00,19.84,48
767616,95952,-502.02,21.95,19.98,48
767616,95952,-685.12,24.17,49.26,48
767616,95952,3455.73,85.24,1.06,48
767616,95952,-1865.42,24.65,168.68,48
767616,95952,-1898.22,22.36,170.54,48
767616,95952,2701.20,87.64,35.68,48
768000,96000,-696.11,21.52,45.66,48
768000,96000,-575.45,19.86,45.97,48
768000,96000,3182.28,85.65,15.16,48
768000,96000,3844.63,88.79,0.71,48
768000,96000,2494.31,84.59,38.72,48
768000,96000,3679.78,89.53,1.75,48
768000,96000,2791.78,87.07,32.35,48
768000,96000,1735.51,84.88,93.65,48
768384,96048,2888.62,87.25,23.20,48
768384,96048,2332.31,88.44,80.60,48
768384,96048,-1674.79,23.48,144.47,48
768384,96048,3663.55,86.67,0.81,48
768384,96048,-1754.32,22.42,145.08,48
768384,96048,1978.13,88.36,114.21,48
768384,96048,-464.37,23.28,50.94,48
768384,96048,2572.63,86.17,62.16,48
768768,96096,2741.34,88.05,40.29,48
768768,96096,-1464.05,24.42,137.54,48
768768,96096,298.76,25.19,1.71,48
768768,96096,2990.01,85.90,25.35,48
768768,96096,316.95,22.22,0.00,48
768768,96096,234.44,23.90,2.20,48
768768,96096,-797.24,20.99,39.88,48
768768,96096,3847.04,90.21,5.10,48
769152,96144,2850.39,89.17,69.18,48
769152,96144,1667.78,84.31,104.05,48
769152,96144,-1223.33,23.23,94.15,48
769152,96144,3068.70,88.78,27.78,48
769152,96144,3688.42,88.06,2.53,48
769152,96144,3821.27,88.98,0.00,48
769152,96144,3697.62,88.04,0.56,48
769152,96144,-353.60,23.59,27.86,48
769536,96192,2675.41,84.27,44.12,48
769536,96192,370.01,23.19,2.48,48
769536,96192,3058.02,89.46,35.57,48
769536,96192,3671.89,87.37,1.01,48
769536,96192,3239.39,86.40,4.09,48
769536,96192,3380.68,88.58,10.28,48
769536,96192,1963.47,86.69,105.07,48
769536,96192,-1145.07,83.54,446.89,48
769920,96240,3251.56,86.00,13.42,48
769920,96240,2039.21,88.70,112.34,48
769920,96240,3477.72,85.43,1.54,48
769920,96240,1897.96,86.07,104.51,48
769920,96240,-370.60,25.22,46.11,48
769920,96240,1907.31,87.94,106.88,48
769920,96240,3517.23,85.88,1.46,48
769920,96240,3025.14,87.92,34.68,48
770304,96288,269.58,25.39,0.83,48
770304,96288,73.36,21.17,14.38,48
770304,96288,138.41,20.83,8.14,48
770304,96288,-3214.19,22.63,336.70,48
770304,96288,1617.09,87.51,171.67,48
770304,96288,3646.92,87.77,0.61,48
770304,96288,3610.68,87.77,6.42,48
770304,96288,3256.74,87.57,33.40,48
770688,96336,371.94,23.61,0.62,48
770688,96336,-153.98,22.84,31.54,48
770688,96336,2210.24,85.81,64.85,48
770688,96336,3151.09,83.81,2.12,48
770688,96336,411.91,23.14,1.49,48
770688,96336,-291.51,21.29,18.35,48
770688,96336,2108.95,87.89,92.36,48
770688,96336,3670.66,87.60,0.32,48
771072,96384,1202.05,86.05,178.33,48
771072,96384,1961.40,88.35,112.11,48
771072,96384,2314.83,88.51,81.83,48
771072,96384,1419.92,82.37,146.15,48
771072,96384,177.32,20.91,5.74,48
771072,96384,3367.42,87.54,9.07,48
771072,96384,-1215.67,21.98,84.17,48
771072,96384,2611.96,87.86,52.39,48
771456,96432,-410.86,20.30,34.28,48
771456,96432,-685.65,21.18,42.58,48
771456,96432,1498.64,87.60,150.64,48
771456,96432,2048.02,89.07,113.61,48
771456,96432,-1496.65,25.31,137.31,48
771456,96432,1926.77,82.65,76.67,48
771456,96432,3510.30,85.02,0.00,48
771456,96432,3953.74,90.79,0.66,48
771840,96480,2174.54,87.55,95.78,48
771840,96480,2063.56,87.48,105.02,48
771840,96480,3148.79,89.33,27.57,48
771840,96480,243.41,21.80,7.65,48
771840,96480,2021.86,86.60,94.45,48
771840,96480,-225.78,21.51,6.23,48
771840,96480,3155.01,84.98,13.96,48
771840,96480,1771.57,86.63,125.98,48
772224,96528,-3285.91,20.18,340.49,48
772224,96528,389.87,20.93,0.00,48
772224,96528,3553.01,87.13,6.09,48
772224,96528,202.45,20.56,0.27,48
772224,96528,-873.54,23.92,72.97,48
772224,96528,1251.61,88.80,201.61,48
772224,96528,301.13,24.41,1.43,48
772224,96528,3537.03,88.87,9.91,48
772608,96576,3684.06,86.90,0.25,48
772608,96576,-2105.82,23.56,198.42,48
772608,96576,2739.60,86.09,31.99,48
772608,96576,3554.59,90.16,7.39,48
772608,96576,-1227.89,19.10,100.60,48
772608,96576,-390.75,23.11,25.21,48
772608,96576,2282.69,86.35,71.36,48
772608,96576,1618.14,85.51,126.55,48
772992,96624,-1300.28,17.66,95.77,48
772992,96624,-814.76,22.39,46.86,48
772992,96624,3879.33,89.09,0.62,48
772992,96624,1801.91,88.34,115.90,48
772992,96624,3752.55,88.91,1.17,48
772992,96624,-2178.42,23.61,192.28,48
772992,96624,3450.06,87.92,9.73,48
772992,96624,2428.23,86.55,63.67,48
773376,96672,-265.08,86.83,359.44,48
773376,96672,3448.37,87.60,12.59,48
773376,96672,-1591.44,24.79,131.15,48
773376,96672,91.00,22.30,7.36,48
773376,96672,2582.15,86.83,46.13,48
773376,96672,3556.94,87.25,16.15,48
773376,96672,3260.60,87.35,14.81,48
773376,96672,-1136.92,22.28,86.83,48
773760,96720,3567.55,86.77,3.99,48
773760,96720,3631.25,87.70,0.23,48
773760,96720,-1266.67,17.69,103.77,48
773760,96720,1734.93,89.90,152.85,48
773760,96720,3133.03,89.13,18.10,48
773760,96720,3433.18,85.90,3.03,48
773760,96720,94.18,87.46,317.71,48
773760,96720,3611.28,88.07,4.35,48
774144,96768,3921.29,90.14,2.20,48
774144,96768,3116.11,85.59,39.53,48
774144,96768,3666.40,86.03,0.05,48
774144,96768,3615.72,89.72,3.88,48
774144,96768,3358.66,85.46,1.86,48
774144,96768,-762.39,24.37,76.94,48
774144,96768,-589.87,23.57,51.05,48
774144,96768,-1040.74,21.32,77.25,48
774528,96816,-3850.64,23.85,410.14,48
774528,96816,2626.45,89.91,62.40,48
774528,96816,466.17,23.75,0.00,48
774528,96816,2362.60,87.64,63.93,48
774528,96816,3467.20,86.20,0.56,48
774528,96816,3571.51,86.42,2.72,48
774528,96816,1376.76,89.58,192.24,48
774528,96816,3078.06,89.65,33.44,48
774912,96864,3371.62,86.06,15.30,48
774912,96864,-1790.45,21.06,175.56,48
774912,96864,280.53,20.79,1.83,48
774912,96864,3704.86,89.65,5.83,48
774912,96864,-323.12,23.04,31.34,48
774912,96864,-270.53,23.72,44.51,48
774912,96864,-126.68,22.73,12.79,48
774912,96864,445.35,23.42,0.00,48
775296,96912,-331.47,24.38,38.63,48
775296,96912,2540.31,85.33,36.95,48
775296,96912,-212.58,21.11,18.06,48
775296,96912,-15.96,87.25,337.13,48
775296,96912,-169.98,26.32,31.66,48
775296,96912,3023.66,89.91,15.68,48
775296,96912,-1247.99,20.03,95.73,48
775296,96912,3850.99,89.30,0.47,48
775680,96960,-349.47,86.68,371.41,48
775680,96960,3066.43,86.14,22.17,48
775680,96960,3142.79,83.96,10.48,48
775680,96960,1618.81,86.13,145.88,48
775680,96960,3613.15,86.07,1.37,48
775680,96960,-1204.97,22.74,106.99,48
775680,96960,2864.70,88.56,39.93,48
775680,96960,731.71,87.51,241.81,48
776064,97008,3085.93,85.63,24.71,48
776064,97008,1674.99,85.86,139.22,48
776064,97008,3475.53,86.82,8.50,48
776064,97008,356.77,21.75,0.56,48
776064,97008,3006.99,87.71,20.34,48
776064,97008,-736.09,22.93,58.14,48
776064,97008,-1588.46,24.82,159.56,48
776064,97008,3808.85,89.84,3.50,48
776448,97056,3554.13,89.89,10.47,48
776448,97056,-121.57,21.31,11.27,48
776448,97056,3761.96,87.14,0.02,48
776448,97056,3408.65,89.30,16.84,48
776448,97056,1685.66,86.42,146.03,48
776448,97056,3771.85,90.00,1.00,48
776448,97056,609.30,25.96,0.00,48
776448,97056,1713.29,83.26,94.65,48
776832,97104,2617.86,87.81,34.16,48
776832,97104,3351.91,89.01,15.46,48
776832,97104,3405.89,87.57,9.73,48
776832,97104,3675.60,85.80,0.00,48
776832,97104,-1119.57,19.30,73.10,48
776832,97104,3582.54,88.23,17.10,48
776832,97104,3200.61,87.12,31.44,48
776832,97104,-165.48,19.99,5.09,48
777216,97152,1655.65,88.10,157.65,48
777216,97152,1573.47,88.46,150.17,48
777216,97152,233.06,20.59,0.48,48
777216,97152,3853.26,88.64,0.00,48
777216,97152,2920.77,85.61,13.57,48
777216,97152,2177.77,88.63,92.32,48
777216,97152,187.88,22.97,3.66,48
777216,97152,3345.04,88.46,8.38,48
777600,97200,-1765.17,22.88,154.25,48
777600,97200,282.35,22.65,0.66,48
777600,97200,3869.58,88.68,1.34,48
777600,97200,-883.80,22.41,81.78,48
777600,97200,509.96,24.91,0.00,48
777600,97200,-75.55,24.81,26.67,48
777600,97200,3886.87,88.55,0.00,48
777600,97200,93.61,22.10,13.10,48
777984,97248,2019.65,87.27,106.55,48
777984,97248,3572.42,86.55,2.40,48
777984,97248,3608.08,87.99,0.93,48
777984,97248,3719.80,88.88,1.56,48
777984,97248,3469.67,87.65,7.31,48
777984,97248,2804.54,89.39,33.12,48
777984,97248,3662.26,87.81,0.02,48
777984,97248,3679.26,88.81,1.94,48
778368,97296,365.14,21.29,0.57,48
778368,97296,1358.57,90.67,200.68,48
778368,97296,-1159.83,23.26,96.69,48
778368,97296,3360.75,86.20,8.74,48
778368,97296,3540.41,84.32,1.38,48
778368,97296,3223.40,86.31,12.91,48
778368,97296,-35.06,20.27,13.19,48
778368,97296,3374.07,86.82,7.83,48
778752,97344,-1171.62,84.51,451.94,48
778752,97344,-694.10,22.44,53.73,48
778752,97344,-1611.71,90.63,571.36,48
778752,97344,3027.37,87.38,23.88,48
778752,97344,3041.57,89.65,36.35,48
778752,97344,-2182.95,25.61,212.60,48
778752,97344,2982.19,87.13,19.63,48
778752,97344,1410.39,87.10,164.89,48
779136,97392,1813.96,88.10,125.44,48
779136,97392,3165.83,88.28,11.52,48
779136,97392,-367.45,23.28,35.52,48
779136,97392,2700.19,85.32,41.90,48
779136,97392,357.92,22.43,0.01,48
779136,97392,1363.65,85.86,172.85,48
779136,97392,3404.21,85.01,1.96,48
779136,97392,3490.69,86.09,10.76,48
779520,97440,3272.97,86.50,0.84,48
779520,97440,3506.24,87.99,3.94,48
779520,97440,2088.76,86.98,86.78,48
779520,97440,3903.46,89.33,0.04,48
779520,97440,2780.68,89.03,38.94,48
779520,97440,380.53,22.42,0.35,48
779520,97440,300.24,88.19,308.64,48
779520,97440,3135.91,88.73,42.34,48
779904,97488,85.25,24.72,3.77,48
779904,97488,1705.30,86.60,134.20,48
779904,97488,199.97,88.42,320.15,48
779904,97488,-1802.21,20.98,174.11,48
779904,97488,-1529.28,23.02,127.97,48
779904,97488,2855.70,86.91,22.31,48
779904,97488,433.85,22.45,1.37,48
779904,97488,3493.61,88.00,16.15,48
780288,97536,1786.06,87.58,134.37,48
780288,97536,2625.10,85.92,29.95,48
780288,97536,3741.00,86.52,0.62,48
780288,97536,3362.04,89.48,15.57,48
780288,97536,3727.16,88.48,0.43,48
780288,97536,425.49,25.93,0.05,48
780288,97536,79.29,24.56,15.31,48
780288,97536,2514.00,85.90,43.74,48
780672,97584,420.88,21.91,0.18,48
780672,97584,3806.38,90.30,1.70,48
780672,97584,2035.02,86.43,95.97,48
780672,97584,3544.64,84.31,2.03,48
780672,97584,3622.97,86.34,5.04,48
780672,97584,2492.40,86.18,43.75,48
780672,97584,2538.79,85.99,36.35,48
780672,97584,3698.52,87.62,0.00,48
781056,97632,3062.46,87.43,15.15,48
781056,97632,-2003.44,89.16,579.63,48
781056,97632,3805.01,88.95,2.19,48
781056,97632,-5208.65,23.28,567.57,48
781056,97632,1722.60,85.66,120.17,48
781056,97632,-12.57,20.04,23.80,48
781056,97632,424.03,23.38,3.24,48
781056,97632,357.15,21.95,3.40,48
781440,97680,382.74,23.58,2.20,48
781440,97680,1923.76,90.35,143.83,48
781440,97680,299.87,23.88,5.53,48
781440,97680,2360.91,87.97,73.15,48
781440,97680,-4020.65,24.71,445.82,48
781440,97680,3567.12,88.00,5.48,48
781440,97680,3059.72,87.87,21.80,48
781440,97680,3932.96,90.42,0.33,48
781824,97728,40.82,22.43,10.76,48
781824,97728,102.67,21.72,13.15,48
781824,97728,-2478.40,27.57,256.63,48
781824,97728,397.31,20.35,0.00,48
781824,97728,2754.70,88.52,50.36,48
781824,97728,2565.06,88.35,59.27,48
781824,97728,1860.03,86.41,97.83,48
781824,97728,272.06,24.40,9.42,48
782208,97776,141.85,22.50,0.64,48
782208,97776,-84.73,21.90,14.05,48
782208,97776,3091.80,85.13,16.85,48
782208,97776,3808.73,88.00,0.72,48
782208,97776,3568.08,86.25,1.32,48
782208,97776,3382.67,88.03,11.02,48
782208,97776,-1100.79,19.68,69.69,48
782208,97776,-1162.04,22.89,87.08,48
782592,97824,372.40,22.18,6.92,48
782592,97824,2586.94,87.63,40.07,48
782592,97824,3859.02,88.71,0.60,48
782592,97824,-664.74,23.06,41.91,48
782592,97824,349.59,22.76,0.74,48
782592,97824,-78.08,24.20,17.79,48
782592,97824,3306.79,87.18,5.60,48
782592,97824,1548.29,88.73,167.93,48
782976,97872,3141.13,89.06,20.03,48
782976,97872,2944.32,86.01,18.38,48
782976,97872,-1359.24,86.71,488.63,48
782976,97872,-227.67,22.26,20.52,48
782976,97872,161.38,86.21,317.53,48
782976,97872,3579.45,88.12,8.33,48
782976,97872,-4636.26,20.44,499.70,48
782976,97872,1527.77,86.92,154.85,48
783360,97920,3733.73,87.94,0.00,48
783360,97920,-166.75,21.44,9.26,48
783360,97920,-1269.63,22.68,101.84,48
783360,97920,-1978.21,25.07,183.36,48
783360,97920,3973.92,91.35,4.92,48
783360,97920,2158.41,84.75,70.45,48
783360,97920,3090.65,87.11,16.83,48
783360,97920,3784.64,90.12,0.00,48
783744,97968,3457.49,85.44,1.16,48
783744,97968,4035.09,91.38,1.21,48
783744,97968,1851.87,86.15,95.23,48
783744,97968,2547.04,90.02,71.52,48
783744,97968,2802.82,87.38,45.38,48
783744,97968,3817.35,88.78,1.17,48
783744,97968,2257.67,88.72,87.25,48
783744,97968,3009.41,88.33,16.24,48
784128,98016,1394.51,86.80,162.34,48
784128,98016,-653.93,23.54,42.10,48
784128,98016,2475.52,86.47,53.66,48
784128,98016,3658.77,87.11,0.72,48
784128,98016,-942.37,23.19,79.17,48
784128,98016,-56.83,20.55,11.59,48
784128,98016,1533.33,88.20,164.91,48
784128,98016,3280.74,83.98,9.08,48
784512,98064,2606.24,87.51,44.19,48
784512,98064,2073.30,88.30,102.89,48
784512,98064,3943.40,89.92,0.00,48
784512,98064,-712.57,23.22,32.30,48
784512,98064,3590.25,88.32,2.20,48
784512,98064,1479.66,86.64,155.06,48
784512,98064,-550.64,21.00,32.43,48
784512,98064,2183.67,87.75,76.03,48
784896,98112,3666.89,88.28,0.61,48
784896,98112,3577.68,86.17,2.48,48
784896,98112,-1390.28,21.47,117.48,48
784896,98112,3510.23,90.49,12.72,48
784896,98112,-1400.41,87.47,490.37,48
784896,98112,1770.48,85.74,98.94,48
784896,98112,2036.54,89.76,115.80,48
784896,98112,-2080.39,23.41,181.76,48
785280,98160,48.49,22.66,8.41,48
785280,98160,-1557.57,22.94,123.61,48
785280,98160,-1269.06,23.17,112.31,48
785280,98160,1338.47,85.00,155.11,48
785280,98160,87.30,83.88,301.84,48
785280,98160,1874.19,85.88,112.36,48
785280,98160,323.44,22.40,0.10,48
785280,98160,3842.32,90.07,0.25,48
785664,98208,2819.52,89.14,47.55,48
785664,98208,1678.33,87.08,149.54,48
785664,98208,3166.90,84.54,10.58,48
785664,98208,-618.14,20.70,43.02,48
785664,98208,-1236.86,22.66,90.99,48
785664,98208,3746.11,88.58,2.15,48
785664,98208,3006.17,87.21,16.37,48
785664,98208,3621.85,87.80,6.34,48
786048,98256,-172.35,19.22,22.07,48
786048,98256,429.65,24.05,0.00,48
786048,98256,2018.77,88.94,113.29,48
786048,98256,3324.46,86.26,5.59,48
786048,98256,3328.65,86.86,7.01,48
786048,98256,-368.95,23.47,21.81,48
786048,98256,310.11,23.77,6.80,48
786048,98256,-582.85,23.36,36.07,48
786432,98304,2179.03,87.37,86.18,48
786432,98304,334.81,25.75,2.00,48
786432,98304,2745.21,88.33,45.38,48
786432,98304,-899.53,20.26,61.35,48
786432,98304,1900.85,87.21,118.27,48
786432,98304,3340.57,86.05,10.38,48
786432,98304,-4781.18,22.06,525.31,48
786432,98304,3651.32,86.09,2.19,48
786816,98352,3652.04,90.86,32.58,48
786816,98352,-250.13,24.72,31.45,48
786816,98352,3533.41,88.79,5.83,48
786816,98352,2117.52,88.40,120.46,48
786816,98352,2261.78,88.52,79.80,48
786816,98352,302.27,18.65,0.00,48
786816,98352,-271.26,26.44,34.59,48
786816,98352,1700.66,86.98,145.16,48
787200,98400,4.83,22.18,10.34,48
787200,98400,-534.23,22.38,43.71,48
787200,98400,1651.03,85.51,134.88,48
787200,98400,2084.38,86.20,85.17,48
787200,98400,2697.30,86.86,29.19,48
787200,98400,-875.78,24.05,65.07,48
787200,98400,3770.73,88.39,0.88,48
787200,98400,-1682.92,26.55,155.21,48
787584,98448,-1043.81,20.90,78.07,48
787584,98448,3837.09,90.03,1.48,48
787584,98448,1552.55,87.36,167.32,48
787584,98448,3716.68,87.58,1.63,48
787584,98448,3104.01,90.18,22.56,48
787584,98448,22.03,25.76,18.01,48
787584,98448,1483.58,86.70,156.46,48
787584,98448,3076.18,85.00,5.34,48
787968,98496,1995.00,83.02,67.59,48
787968,98496,3568.19,85.77,0.05,48
787968,98496,3463.19,89.29,9.93,48
787968,98496,3655.24,88.49,3.13,48
787968,98496,1739.90,85.37,113.34,48
787968,98496,-64.01,22.70,15.92,48
787968,98496,3730.30,87.58,0.33,48
787968,98496,-358.24,24.16,47.53,48
788352,98544,1862.60,86.25,122.81,48
788352,98544,3980.49,90.47,0.18,48
788352,98544,3345.62,86.62,2.30,48
788352,98544,1849.29,88.67,118.88,48
788352,98544,3871.97,90.52,3.57,48
788352,98544,3843.21,88.68,0.00,48
788352,98544,2543.79,88.64,51.42,48
788352,98544,3771.49,88.81,2.90,48
788736,98592,-95.23,26.36,21.17,48
788736,98592,1306.18,88.62,191.68,48
788736,98592,-667.47,23.07,36.23,48
788736,98592,3718.54,87.15,1.48,48
788736,98592,2605.26,88.82,72.48,48
788736,98592,270.90,23.62,9.49,48
788736,98592,3366.86,88.72,10.79,48
788736,98592,2545.14,84.49,42.12,48
789120,98640,3657.69,86.89,4.72,48
789120,98640,3753.81,88.14,0.61,48
789120,98640,2793.85,86.12,42.92,48
789120,98640,2813.71,84.95,27.85,48
789120,98640,322.96,22.55,1.54,48
789120,98640,1965.05,88.00,105.59,48
789120,98640,-2867.64,20.22,283.89,48
789120,98640,-972.13,25.04,73.90,48
789504,98688,-1157.41,19.75,82.48,48
789504,98688,-2097.07,21.30,187.36,48
789504,98688,3721.12,86.83,0.56,48
789504,98688,2976.78,86.59,32.91,48
789504,98688,3620.04,88.40,8.49,48
789504,98688,3461.56,86.11,2.33,48
789504,98688,187.31,22.44,15.73,48
789504,98688,1514.75,86.50,153.76,48
789888,98736,3014.46,87.73,23.93,48
789888,98736,324.49,23.67,1.54,48
789888,98736,2551.90,90.86,71.29,48
789888,98736,2848.25,87.61,33.47,48
789888,98736,3744.94,87.14,0.54,48
789888,98736,2991.33,87.70,16.31,48
789888,98736,620.34,24.99,0.00,48
789888,98736,-4685.14,21.15,493.71,48
790272,98784,1612.99,89.90,163.49,48
790272,98784,2531.76,86.10,44.64,48
790272,98784,1718.76,86.94,140.33,48
790272,98784,2941.48,86.74,25.00,48
790272,98784,-1357.39,21.95,115.33,48
790272,98784,-970.11,21.54,72.67,48
790272,98784,2208.49,85.91,69.66,48
790272,98784,3017.56,86.34,14.95,48
790656,98832,3695.57,87.55,0.23,48
790656,98832,-1528.94,21.17,105.83,48
790656,98832,334.01,23.60,4.11,48
790656,98832,3083.51,84.22,9.87,48
790656,98832,3366.24,86.04,7.76,48
790656,98832,1826.05,86.72,100.74,48
790656,98832,1713.28,85.37,112.61,48
790656,98832,225.35,24.56,8.07,48
791040,98880,416.34,22.31,3.30,48
791040,98880,3508.65,89.43,29.10,48
791040,98880,3212.72,86.69,24.21,48
791040,98880,2842.47,89.01,50.62,48
791040,98880,3919.40,89.03,0.60,48
791040,98880,-1084.62,24.38,81.99,48
791040,98880,3710.49,86.75,0.78,48
791040,98880,-95.36,22.92,20.51,48
791424,98928,2251.75,87.82,86.09,48
791424,98928,414.59,24.73,2.26,48
791424,98928,3598.20,87.48,5.14,48
791424,98928,3865.02,89.23,0.61,48
791424,98928,-1158.02,87.45,481.19,48
791424,98928,3566.32,86.66,0.00,48
791424,98928,-323.92,20.24,18.67,48
791424,98928,-2117.94,20.51,176.21,48
791808,98976,2555.01,87.54,71.24,48
791808,98976,-158.48,20.73,23.78,48
791808,98976,340.63,20.93,1.87,48
791808,98976,2766.79,87.88,42.74,48
791808,98976,1836.53,85.64,102.18,48
791808,98976,3840.07,89.65,0.00,48
791808,98976,128.92,21.12,14.42,48
791808,98976,1853.71,84.71,114.28,48
792192,99024,3668.12,88.29,0.12,48
792192,99024,3601.45,86.47,1.43,48
792192,99024,265.56,25.13,2.82,48
792192,99024,-3010.33,18.53,298.72,48
792192,99024,3776.09,87.45,0.00,48
792192,99024,3575.03,85.91,0.10,48
792192,99024,1484.68,85.32,147.23,48
792192,99024,2092.92,83.12,78.90,48
792576,99072,-393.10,21.37,21.93,48
792576,99072,-1208.92,20.67,86.50,48
792576,99072,3502.74,84.20,0.19,48
792576,99072,3444.43,86.58,4.85,48
792576,99072,157.76,20.96,3.78,48
792576,99072,-1591.49,85.48,516.28,48
792576,99072,2468.63,88.12,58.60,48
792576,99072,2895.05,88.96,23.28,48
792960,99120,1557.12,86.47,157.60,48
792960,99120,3369.59,86.79,8.45,48
792960,99120,-240.92,21.61,8.84,48
792960,99120,3926.05,90.42,0.61,48
792960,99120,3455.65,88.37,2.98,48
792960,99120,-910.53,22.40,66.91,48
792960,99120,2140.36,83.75,68.71,48
792960,99120,3607.04,86.56,0.58,48
793344,99168,-242.15,20.09,13.75,48
793344,99168,-1351.73,87.03,507.31,48
793344,99168,3139.03,86.56,15.88,48
793344,99168,608.46,27.03,0.76,48
793344,99168,-1157.18,23.52,88.53,48
793344,99168,-783.49,22.78,55.98,48
793344,99168,-828.93,21.29,54.32,48
793344,99168,-319.93,26.02,46.63,48
793728,99216,-4915.64,22.52,524.69,48
793728,99216,3708.50,89.23,4.24,48
793728,99216,2872.15,87.76,23.33,48
793728,99216,3709.56,87.40,0.05,48
793728,99216,2361.13,86.60,64.38,48
793728,99216,-1864.01,23.58,177.27,48
793728,99216,348.38,25.06,0.10,48
793728,99216,3655.56,87.73,1.38,48
794112,99264,-1704.18,20.41,143.06,48
794112,99264,470.11,22.19,0.21,48
794112,99264,3384.57,88.36,10.25,48
794112,99264,-1433.21,20.86,139.76,48
794112,99264,2906.68,89.21,61.46,48
794112,99264,-261.03,83.29,328.68,48
794112,99264,3886.23,88.03,0.00,48
794112,99264,-25.68,22.21,0.99,48
794496,99312,2772.26,85.63,51.68,48
794496,99312,3033.13,86.85,13.26,48
794496,99312,2661.48,86.86,49.89,48
794496,99312,230.77,23.08,1.73,48
794496,99312,399.32,21.20,0.00,48
794496,99312,-1828.41,25.41,171.76,48
794496,99312,3325.48,86.86,12.12,48
794496,99312,3650.25,88.37,6.28,48
794880,99360,2166.05,86.26,80.77,48
794880,99360,3226.38,86.94,16.81,48
794880,99360,2877.18,87.03,22.21,48
794880,99360,-49.49,21.79,4.02,48
794880,99360,-1665.25,24.07,157.21,48
794880,99360,-1200.87,22.13,90.71,48
794880,99360,-2017.40,21.04,169.72,48
794880,99360,3620.54,88.44,6.87,48
795264,99408,-886.61,19.68,51.10,48
795264,99408,2893.66,84.96,33.49,48
795264,99408,2780.79,88.86,30.26,48
795264,99408,171.55,22.31,1.24,48
795264,99408,3638.07,86.96,0.00,48
795264,99408,-958.19,21.45,58.12,48
795264,99408,-478.61,22.14,50.73,48
795264,99408,427.13,23.88,0.00,48
795648,99456,3139.82,88.15,23.60,48
795648,99456,-3556.38,23.20,369.97,48
795648,99456,2377.19,86.90,92.41,48
795648,99456,3600.54,87.53,0.43,48
795648,99456,3024.03,89.10,14.95,48
795648,99456,3555.72,86.98,6.11,48
795648,99456,-1308.55,25.19,132.07,48
795648,99456,3696.26,86.82,0.81,48
796032,99504,3426.72,85.69,5.97,48
796032,99504,-665.29,22.32,62.45,48
796032,99504,1263.16,83.51,154.16,48
796032,99504,3604.53,86.63,0.10,48
796032,99504,2582.08,86.73,47.75,48
796032,99504,2679.80,87.53,49.56,48
796032,99504,2920.10,85.45,19.89,48
796032,99504,2376.87,87.43,73.79,48
796416,99552,2886.80,86.54,32.08,48
796416,99552,3849.63,89.22,0.33,48
796416,99552,3456.12,85.18,3.08,48
796416,99552,3376.99,87.44,13.93,48
796416,99552,3377.59,85.44,4.55,48
796416,99552,-674.24,25.06,32.93,48
796416,99552,3562.20,86.86,1.29,48
796416,99552,2310.20,89.19,90.09,48
796800,99600,1628.71,86.68,133.27,48
796800,99600,1218.45,86.37,181.50,48
796800,99600,361.97,22.43,1.06,48
796800,99600,3459.83,84.59,3.74,48
796800,99600,3790.47,87.66,1.33,48
796800,99600,2827.87,84.53,13.53,48
796800,99600,3657.80,87.96,3.29,48
796800,99600,1715.23,85.50,116.27,48
797184,99648,2550.23,86.63,35.10,48
797184,99648,387.84,18.79,0.00,48
797184,99648,-1160.65,22.09,81.58,48
797184,99648,3507.84,84.79,2.39,48
797184,99648,3660.79,86.07,1.57,48
797184,99648,-1442.30,21.03,121.89,48
797184,99648,3074.93,86.56,16.87,48
797184,99648,439.47,21.90,0.00,48
797568,99696,3549.25,85.04,0.18,48
797568,99696,-31.70,21.30,13.27,48
797568,99696,1992.77,89.39,117.20,48
797568,99696,3769.40,87.48,0.00,48
797568,99696,3799.72,89.05,0.68,48
797568,99696,1111.86,86.64,188.81,48
797568,99696,-765.94,21.57,48.89,48
797568,99696,280.42,24.51,3.26,48
797952,99744,447.12,23.49,1.23,48
797952,99744,-1066.51,86.99,460.68,48
797952,99744,1355.99,86.20,163.09,48
797952,99744,3773.61,88.06,2.15,48
797952,99744,2680.57,88.88,50.27,48
797952,99744,4061.84,91.55,0.00,48
797952,99744,3424.14,87.58,9.11,48
797952,99744,2168.44,87.96,86.66,48
798336,99792,2135.45,87.96,89.62,48
798336,99792,2280.47,85.83,66.41,48
798336,99792,2432.34,87.19,68.54,48
798336,99792,-793.73,19.28,67.41,48
798336,99792,3533.51,85.60,0.10,48
798336,99792,150.51,22.96,5.76,48
798336,99792,2802.08,86.84,26.46,48
798336,99792,-2206.26,22.90,194.09,48
798720,99840,3705.82,89.11,7.39,48
798720,99840,3470.78,88.81,18.68,48
798720,99840,2580.77,86.17,41.15,48
798720,99840,3543.11,86.87,2.31,48
798720,99840,3598.58,84.81,1.18,48
798720,99840,377.50,22.24,0.00,48
798720,99840,2873.93,85.11,28.81,48
798720,99840,-3828.27,26.32,423.61,48
799104,99888,-1274.95,21.34,92.61,48
799104,99888,-155.66,18.22,4.69,48
799104,99888,-1130.47,85.05,461.39,48
799104,99888,3807.33,89.39,3.62,48
799104,99888,-1150.62,22.32,89.67,48
799104,99888,3738.00,89.18,0.33,48
799104,99888,3888.48,90.11,0.95,48
799104,99888,-52.75,21.20,5.92,48
799488,99936,3277.23,86.85,23.45,48
799488,99936,491.29,24.70,1.37,48
799488,99936,-3898.56,22.47,406.64,48
799488,99936,2510.34,84.52,28.86,48
799488,99936,453.85,25.15,0.60,48
799488,99936,467.90,25.32,0.18,48
799488,99936,15.75,19.61,9.03,48
799488,99936,269.35,21.78,4.22,48
799872,99984,2822.26,87.61,38.50,48
799872,99984,-943.42,22.99,60.03,48
799872,99984,3502.24,84.44,1.29,48
799872,99984,3501.13,85.35,0.00,48
799872,99984,3698.22,88.58,2.39,48
799872,99984,1538.74,88.26,170.35,48
799872,99984,2425.99,86.17,46.93,48
799872,99984,3771.10,87.59,1.28,48
800256,100032,338.49,23.68,0.25,48
800256,100032,131.60,23.85,21.79,48
800256,100032,3173.26,84.69,8.98,48
800256,100032,2332.60,86.87,100.82,48
800256,100032,2088.07,89.60,116.12,48
800256,100032,160.89,19.04,1.59,48
800256,100032,1865.04,85.39,111.01,48
800256,100032,1671.31,85.52,124.31,48
800640,100080,3520.43,85.91,2.39,48
800640,100080,3484.83,87.81,2.31,48
800640,100080,3893.10,89.87,0.95,48
800640,100080,-90.37,19.43,26.54,48
800640,100080,-496.23,18.62,36.30,48
800640,100080,3440.96,87.43,6.86,48
800640,100080,148.78,21.49,7.94,48
800640,100080,2239.81,87.54,72.51,48
801024,100128,3040.53,87.67,19.34,48
801024,100128,3656.78,86.83,0.00,48
801024,100128,-52.61,21.37,20.13,48
801024,100128,3575.54,86.39,2.41,48
801024,100128,-181.71,23.39,15.04,48
801024,100128,1868.16,84.97,100.05,48
801024,100128,3139.83,83.43,19.15,48
801024,100128,3266.07,88.76,33.39,48
801408,100176,1098.18,84.32,185.08,48
801408,100176,3715.70,89.09,2.77,48
801408,100176,3613.50,86.90,0.38,48
801408,100176,445.54,24.04,0.26,48
801408,100176,3577.62,85.27,0.01,48
801408,100176,3110.92,87.98,17.70,48
801408,100176,2104.77,87.48,107.28,48
801408,100176,2919.54,91.41,44.90,48
801792,100224,3381.11,84.88,7.39,48
801792,100224,-139.83,23.09,19.24,48
801792,100224,2417.67,86.99,69.60,48
801792,100224,1468.36,85.74,144.88,48
801792,100224,3711.96,89.03,4.17,48
801792,100224,2205.39,87.48,82.52,48
801792,100224,-863.59,23.59,61.64,48
801792,100224,2332.29,84.87,75.61,48
802176,100272,-339.67,25.28,31.59,48
802176,100272,-108.02,22.94,17.89,48
802176,100272,2455.43,86.61,59.39,48
802176,100272,3337.33,88.10,9.57,48
802176,100272,2375.46,89.84,98.90,48
802176,100272,379.06,21.90,0.01,48
802176,100272,-1571.87,85.85,519.34,48
802176,100272,-1096.04,22.39,81.10,48
802560,100320,105.31,21.80,3.98,48
802560,100320,3841.11,87.93,0.00,48
802560,100320,-1160.64,20.24,91.25,48
802560,100320,-860.28,21.74,52.17,48
802560,100320,3615.03,88.03,4.92,48
802560,100320,3283.63,84.73,8.01,48
802560,100320,3576.12,85.57,0.78,48
802560,100320,3108.69,85.99,19.06,48
802944,100368,2331.34,88.01,70.28,48
802944,100368,3307.61,89.26,31.45,48
802944,100368,54.64,22.56,7.18,48
802944,100368,-36.11,21.23,11.73,48
802944,100368,3353.12,84.40,6.94,48
802944,100368,425.10,20.34,0.18,48
802944,100368,3351.63,88.27,18.88,48
802944,100368,-2004.03,21.91,174.62,48
803328,100416,3252.99,89.52,9.63,48
803328,100416,2363.36,87.45,83.07,48
803328,100416,483.08,24.64,0.00,48
803328,100416,3759.08,88.55,0.28,48
803328,100416,-336.52,24.99,43.83,48
803328,100416,3553.13,86.96,2.43,48
803328,100416,-1508.91,24.08,130.31,48
803328,100416,1653.53,89.46,154.57,48
803712,100464,2957.49,85.11,28.00,48
803712,100464,2287.98,86.27,80.13,48
803712,100464,-1767.42,24.25,168.00,48
803712,100464,3582.55,90.05,16.90,48
803712,100464,3719.82,88.81,0.00,48
803712,100464,353.23,24.74,6.78,48
803712,100464,3712.46,87.37,2.53,48
803712,100464,3425.26,88.09,5.70,48
804096,100512,-1651.82,19.61,134.38,48
804096,100512,415.04,22.98,0.76,48
804096,100512,-2167.57,22.79,198.69,48
804096,100512,551.30,23.59,0.00,48
804096,100512,3502.63,84.25,0.00,48
804096,100512,3511.58,87.47,3.08,48
804096,100512,-1175.77,21.00,94.69,48
804096,100512,2455.93,85.30,40.38,48
804480,100560,572.78,84.34,237.42,48
804480,100560,-429.58,23.68,31.31,48
804480,100560,3789.38,87.65,0.19,48
804480,100560,2805.68,85.83,36.81,48
804480,100560,377.85,21.57,0.28,48
804480,100560,1897.05,85.69,100.57,48
804480,100560,3620.04,86.84,10.83,48
804480,100560,3376.09,84.77,6.97,48
804864,100608,2717.53,88.02,26.59,48
804864,100608,-5830.02,26.51,659.90,48
804864,100608,3552.12,87.16,4.51,48
804864,100608,3608.55,86.99,2.03,48
804864,100608,3694.63,88.22,1.23,48
804864,100608,354.28,21.39,1.38,48
804864,100608,576.15,26.45,0.71,48
804864,100608,3256.78,86.87,13.49,48
805248,100656,3218.54,90.56,22.57,48
805248,100656,421.99,22.80,1.24,48
805248,100656,2891.92,87.47,27.52,48
805248,100656,-656.68,23.38,40.52,48
805248,100656,3768.29,87.78,0.00,48
805248,100656,3474.16,84.58,0.58,48
805248,100656,3757.42,89.07,0.81,48
805248,100656,191.54,23.01,2.67,48
805632,100704,3859.87,89.33,0.62,48
805632,100704,3598.68,90.32,7.63,48
805632,100704,457.89,25.20,3.17,48
805632,100704,1402.21,84.61,144.50,48
805632,100704,3584.42,86.77,3.32,48
805632,100704,2979.53,87.65,18.68,48
805632,100704,3715.83,88.02,3.96,48
805632,100704,3684.62,87.39,2.53,48
806016,100752,1588.66,85.04,124.11,48
806016,100752,406.35,23.09,0.00,48
806016,100752,-636.96,24.81,46.82,48
806016,100752,361.15,21.07,0.18,48
806016,100752,2834.61,85.50,22.63,48
806016,100752,-873.75,21.22,44.82,48
806016,100752,-1636.38,85.05,510.24,48
806016,100752,3566.10,86.52,0.05,48
806400,100800,2880.23,88.65,35.71,48
806400,100800,-3523.32,19.66,353.49,48
806400,100800,3661.22,87.67,0.00,48
806400,100800,1650.81,85.46,124.87,48
806400,100800,3014.99,86.91,19.31,48
806400,100800,3789.47,86.83,0.00,48
806400,100800,1425.96,86.72,157.43,48
806400,100800,451.52,23.48,0.61,48
806784,100848,383.63,23.47,8.23,48
806784,100848,3189.56,87.07,32.24,48
806784,100848,2648.30,85.03,45.98,48
806784,100848,3084.25,88.47,42.79,48
806784,100848,2841.49,88.18,59.85,48
806784,100848,-294.58,20.28,12.92,48
806784,100848,2347.13,87.58,69.82,48
806784,100848,3497.56,87.62,22.24,48
807168,100896,3676.36,88.97,4.07,48
807168,100896,3955.48,90.56,0.33,48
807168,100896,2755.01,86.39,41.41,48
807168,100896,3547.07,86.07,1.59,48
807168,100896,453.61,24.45,0.76,48
807168,100896,2488.98,86.18,64.85,48
807168,100896,2605.30,84.46,25.33,48
807168,100896,3272.32,85.74,5.71,48
807552,100944,3563.63,88.06,6.66,48
807552,100944,3605.46,85.96,0.05,48
807552,100944,2567.63,87.10,51.79,48
807552,100944,397.58,23.51,0.18,48
807552,100944,-1148.19,83.97,446.49,48
807552,100944,2245.27,89.23,94.31,48
807552,100944,4004.85,91.70,0.00,48
807552,100944,-1685.66,24.98,150.43,48
807936,100992,-697.24,24.96,52.57,48
807936,100992,1775.07,85.86,128.94,48
807936,100992,2246.08,87.38,71.53,48
807936,100992,3739.71,87.51,0.23,48
807936,100992,-1579.40,86.79,531.25,48
807936,100992,2051.99,89.96,128.87,48
807936,100992,3275.63,82.32,2.08,48
807936,100992,338.14,22.05,0.00,48
808320,101040,176.77,20.17,0.82,48
808320,101040,3786.59,88.57,0.88,48
808320,101040,999.92,88.16,221.77,48
808320,101040,1389.76,86.85,157.94,48
808320,101040,3240.69,85.99,7.39,48
808320,101040,3389.30,86.78,21.77,48
808320,101040,3193.94,87.25,14.73,48
808320,101040,1803.75,87.27,108.28,48
808704,101088,20.74,21.83,8.22,48
808704,101088,2823.40,87.71,38.31,48
808704,101088,3816.16,88.97,0.00,48
808704,101088,2437.63,85.95,71.29,48
808704,101088,1966.08,85.75,105.69,48
808704,101088,3353.68,87.20,13.16,48
808704,101088,3799.84,89.27,1.34,48
808704,101088,-692.64,23.52,38.34,48
809088,101136,3161.33,86.83,9.89,48
809088,101136,3506.24,86.00,1.14,48
809088,101136,2807.66,86.51,28.85,48
809088,101136,517.44,24.16,0.00,48
809088,101136,3639.96,87.52,1.64,48
809088,101136,3149.87,86.31,34.26,48
809088,101136,-695.94,22.43,46.68,48
809088,101136,1268.97,89.21,197.61,48
809472,101184,3318.27,86.41,10.56,48
809472,101184,3161.77,86.11,15.56,48
809472,101184,2078.37,84.54,69.11,48
809472,101184,2286.43,85.50,61.04,48
809472,101184,-1320.73,23.37,108.37,48
809472,101184,-1400.51,21.76,109.31,48
809472,101184,2894.37,88.16,58.63,48
809472,101184,-210.18,22.68,29.39,48
809856,101232,3596.94,85.34,1.14,48
809856,101232,513.66,24.16,0.00,48
809856,101232,-288.63,24.42,21.36,48
809856,101232,1491.07,87.37,167.72,48
809856,101232,3456.40,89.50,12.10,48
809856,101232,3355.92,85.28,6.32,48
809856,101232,3651.86,90.91,7.47,48
809856,101232,3027.23,90.35,42.90,48
810240,101280,-5349.78,24.38,596.87,48
810240,101280,1567.91,87.15,147.80,48
810240,101280,3107.76,85.20,3.49,48
810240,101280,387.60,23.75,2.61,48
810240,101280,3529.04,86.52,2.20,48
810240,101280,3682.37,86.73,0.00,48
810240,101280,3759.40,87.11,0.00,48
810240,101280,3971.83,88.58,0.00,48
810624,101328,-1064.64,21.84,77.20,48
810624,101328,3490.16,85.32,1.43,48
810624,101328,245.43,18.56,1.27,48
810624,101328,2741.50,87.93,40.34,48
810624,101328,3186.67,88.67,11.69,48
810624,101328,3540.98,86.72,1.24,48
810624,101328,3376.97,86.61,8.24,48
810624,101328,-134.36,23.54,33.13,48
811008,101376,3600.62,88.46,1.24,48
811008,101376,2898.28,84.18,12.42,48
811008,101376,3074.92,84.53,28.65,48
811008,101376,-934.18,23.85,71.65,48
811008,101376,-2111.76,25.28,185.68,48
811008,101376,434.59,21.12,0.39,48
811008,101376,3159.22,85.95,9.51,48
811008,101376,-1893.35,24.07,164.07,48
811392,101424,173.08,22.51,1.63,48
811392,101424,-7.32,21.83,6.74,48
811392,101424,2418.91,84.83,44.64,48
811392,101424,2138.69,89.91,112.15,48
811392,101424,492.59,22.93,0.47,48
811392,101424,-425.18,85.63,374.78,48
811392,101424,1490.53,84.99,154.89,48
811392,101424,3269.90,86.64,14.61,48
811776,101472,-173.26,22.14,16.60,48
811776,101472,2200.46,85.73,62.81,48
811776,101472,3140.77,86.29,26.47,48
811776,101472,3324.82,84.76,7.62,48
811776,101472,3273.24,86.79,9.39,48
811776,101472,-595.96,22.81,31.19,48
811776,101472,389.39,22.39,2.41,48
811776,101472,3296.32,86.12,5.10,48
812160,101520,3344.68,90.68,54.39,48
812160,101520,1833.84,86.80,115.86,48
812160,101520,3624.30,88.94,3.62,48
812160,101520,2472.59,85.49,61.02,48
812160,101520,554.04,24.49,0.81,48
812160,101520,-837.84,22.28,60.41,48
812160,101520,3465.13,89.29,21.71,48
812160,101520,166.42,87.69,328.38,48
812544,101568,1873.29,84.94,101.21,48
812544,101568,3418.16,87.96,7.27,48
812544,101568,1430.81,87.87,159.62,48
812544,101568,3703.34,87.24,1.57,48
812544,101568,3833.13,88.78,0.00,48
812544,101568,3278.14,89.62,16.33,48
812544,101568,3619.74,86.15,0.58,48
812544,101568,2084.35,87.76,100.54,48
812928,101616,-919.37,20.76,65.34,48
812928,101616,1912.64,89.77,138.22,48
812928,101616,3717.21,87.05,0.00,48
812928,101616,3433.39,88.28,33.55,48
812928,101616,-1150.72,23.18,79.74,48
812928,101616,3779.45,88.55,0.35,48
812928,101616,3893.45,89.52,1.37,48
812928,101616,525.04,23.14,1.38,48
813312,101664,2791.23,85.16,37.57,48
813312,101664,2952.57,87.58,22.34,48
813312,101664,-1556.49,20.75,129.52,48
813312,101664,-1345.70,23.60,116.03,48
813312,101664,2738.40,86.91,39.07,48
813312,101664,1747.69,86.09,117.94,48
813312,101664,1924.24,85.46,100.67,48
813312,101664,-1249.37,24.07,94.74,48
813696,101712,1906.95,87.87,128.01,48
813696,101712,248.34,21.16,0.98,48
813696,101712,2296.27,86.70,66.72,48
813696,101712,2733.66,85.00,30.18,48
813696,101712,3977.83,90.81,0.43,48
813696,101712,2388.28,88.16,65.49,48
813696,101712,2159.27,85.72,73.25,48
813696,101712,-1502.35,19.55,107.67,48
814080,101760,3644.13,86.96,0.62,48
814080,101760,3939.98,89.95,0.00,48
814080,101760,2616.23,86.65,41.23,48
814080,101760,2492.28,88.86,88.41,48
814080,101760,-584.77,22.57,48.02,48
814080,101760,3737.83,87.05,0.00,48
814080,101760,3358.17,86.01,6.72,48
814080,101760,2177.69,90.75,107.34,48
814464,101808,1342.02,85.90,163.60,48
814464,101808,3523.62,88.93,19.88,48
814464,101808,2892.76,88.23,24.09,48
814464,101808,1595.70,87.15,144.45,48
814464,101808,3649.52,85.95,0.00,48
814464,101808,1492.65,85.58,139.94,48
814464,101808,-87.57,26.25,14.44,48
814464,101808,3384.91,89.18,27.44,48
814848,101856,3857.55,88.21,0.00,48
814848,101856,1175.53,88.11,206.88,48
814848,101856,-831.91,24.48,51.74,48
814848,101856,1484.42,85.92,149.42,48
814848,101856,3325.64,88.50,34.07,48
814848,101856,2834.60,87.98,25.07,48
814848,101856,3491.25,86.34,0.31,48
814848,101856,3454.49,87.54,12.92,48
815232,101904,2605.37,87.26,43.21,48
815232,101904,-1234.67,88.51,495.33,48
815232,101904,2258.86,86.95,73.08,48
815232,101904,3675.69,85.82,0.00,48
815232,101904,3344.26,84.72,4.11,48
815232,101904,2651.48,90.56,64.74,48
815232,101904,3435.77,89.44,23.11,48
815232,101904,-334.37,24.42,22.33,48
815616,101952,2641.32,89.58,45.09,48
815616,101952,2988.56,85.35,18.96,48
815616,101952,-586.58,24.95,46.77,48
815616,101952,3733.55,90.81,9.95,48
815616,101952,-2.48,22.54,17.76,48
815616,101952,3104.89,85.37,24.46,48
815616,101952,-342.51,20.91,37.08,48
815616,101952,3033.52,88.36,22.50,48
816000,102000,2663.05,85.91,30.75,48
816000,102000,335.51,20.47,0.38,48
816000,102000,723.66,26.01,0.31,48
816000,102000,2944.79,87.94,29.43,48
816000,102000,2977.17,86.29,20.13,48
816000,102000,5.23,85.15,328.44,48
816000,102000,2993.88,86.14,20.11,48
816000,102000,3390.79,90.02,23.83,48
816384,102048,-3610.48,15.87,339.11,48
816384,102048,2829.63,88.29,40.71,48
816384,102048,-813.75,21.41,45.12,48
816384,102048,3611.57,88.42,0.33,48
816384,102048,2941.77,86.34,19.55,48
816384,102048,3495.35,88.06,2.77,48
816384,102048,3426.79,87.97,4.29,48
816384,102048,1193.70,84.45,157.61,48
816768,102096,-400.92,18.80,28.08,48
816768,102096,529.01,22.12,0.00,48
816768,102096,-1606.38,21.68,126.72,48
816768,102096,457.77,23.01,0.31,48
816768,102096,442.04,25.30,4.39,48
816768,102096,2942.80,86.11,9.46,48
816768,102096,-1039.50,24.32,77.92,48
816768,102096,3740.13,88.90,0.60,48
817152,102144,3128.46,88.71,39.54,48
817152,102144,3386.63,85.57,2.33,48
817152,102144,3099.79,85.31,5.36,48
817152,102144,3430.91,87.48,5.89,48
817152,102144,2854.05,86.13,25.44,48
817152,102144,-1956.40,22.70,188.22,48
817152,102144,-91.97,87.46,340.31,48
817152,102144,2515.72,87.22,62.06,48
817536,102192,-331.85,21.76,27.72,48
817536,102192,-49.99,24.60,20.61,48
817536,102192,-1888.66,20.05,161.53,48
817536,102192,3493.23,85.70,2.97,48
817536,102192,-423.62,23.15,40.52,48
817536,102192,-528.81,24.42,29.37,48
817536,102192,2706.53,87.38,22.77,48
817536,102192,142.93,23.20,6.27,48
817920,102240,1590.43,87.29,138.73,48
817920,102240,612.61,25.46,0.00,48
817920,102240,3364.90,89.40,18.80,48
817920,102240,-336.43,21.37,39.54,48
817920,102240,397.65,24.11,1.20,48
817920,102240,3814.46,87.90,0.61,48
817920,102240,1027.95,87.88,212.23,48
817920,102240,-1651.82,25.18,144.48,48
818304,102288,3959.62,89.63,0.00,48
818304,102288,-5289.13,22.75,572.21,48
818304,102288,-726.28,87.72,426.15,48
818304,102288,2363.10,85.76,59.76,48
818304,102288,3129.25,88.26,14.72,48
818304,102288,391.92,24.02,1.51,48
818304,102288,-950.64,24.02,75.27,48
818304,102288,-1237.66,24.87,107.89,48
818688,102336,3460.77,86.47,6.63,48
818688,102336,3643.63,86.84,0.00,48
818688,102336,986.17,87.54,212.83,48
818688,102336,2145.79,87.29,90.20,48
818688,102336,-1362.27,18.91,90.01,48
818688,102336,2686.15,86.70,28.64,48
818688,102336,74.13,22.62,17.85,48
818688,102336,3858.83,88.61,0.00,48
819072,102384,3909.04,89.71,0.31,48
819072,102384,-914.31,23.57,70.28,48
819072,102384,-1811.24,22.79,154.25,48
819072,102384,1136.26,86.14,189.30,48
819072,102384,300.99,24.46,15.62,48
819072,102384,3558.35,88.38,9.74,48
819072,102384,1548.91,87.91,156.15,48
819072,102384,2275.65,86.31,61.25,48
