step,episode_count,avg_reward,avg_vmaf,avg_rebuffer_rate,episode_length
384,48,2724.42,91.20,294.77,48
384,48,3262.17,90.58,158.05,48
384,48,3333.07,89.39,103.51,48
384,48,3181.07,89.80,167.64,48
384,48,3382.65,87.43,57.35,48
384,48,2558.29,90.28,316.30,48
384,48,3437.55,84.66,4.05,48
384,48,3594.24,90.93,83.03,48
768,96,2527.24,90.68,326.04,48
768,96,3148.40,86.68,107.58,48
768,96,3242.94,86.73,47.26,48
768,96,3589.12,87.21,18.58,48
768,96,3540.55,90.61,85.32,48
768,96,3715.74,88.57,27.27,48
768,96,2073.38,88.23,336.57,48
768,96,3762.91,89.84,18.80,48
1152,144,3608.82,87.34,5.88,48
1152,144,3238.85,88.29,102.81,48
1152,144,2770.11,89.25,248.96,48
1152,144,3276.83,90.11,120.26,48
1152,144,2372.83,90.56,358.80,48
1152,144,2698.75,86.22,218.72,48
1152,144,3172.42,88.88,121.58,48
1152,144,2375.93,85.85,288.54,48
1536,192,2235.93,89.92,371.84,48
1536,192,3680.23,89.40,0.02,48
1536,192,3101.80,91.52,189.47,48
1536,192,3536.22,89.42,79.45,48
1536,192,3294.85,88.18,97.29,48
1536,192,3506.35,88.60,22.80,48
1536,192,2700.86,88.10,237.37,48
1536,192,3406.36,85.01,16.22,48
1920,240,2372.18,90.03,342.00,48
1920,240,3615.72,89.58,1.39,48
1920,240,3448.04,89.09,61.21,48
1920,240,3738.15,88.76,0.31,48
1920,240,3596.12,88.45,30.10,48
1920,240,3196.15,88.67,92.50,48
1920,240,3182.45,89.91,143.40,48
1920,240,3404.34,89.58,120.84,48
2304,288,3563.25,90.70,88.03,48
2304,288,2513.16,89.07,293.30,48
2304,288,3445.39,87.90,66.91,48
2304,288,3250.06,90.18,134.90,48
2304,288,3301.79,90.05,117.19,48
2304,288,3384.96,86.76,12.19,48
2304,288,2538.41,88.35,256.94,48
2304,288,2151.80,88.15,361.04,48
2688,336,3310.71,88.39,70.11,48
2688,336,3361.97,88.51,87.55,48
2688,336,2910.61,87.05,139.75,48
2688,336,2659.50,89.42,300.94,48
2688,336,2552.42,91.38,348.35,48
2688,336,2416.63,91.94,382.85,48
2688,336,3771.58,91.64,59.73,48
2688,336,3036.12,87.02,128.55,48
3072,384,3339.53,87.18,74.70,48
3072,384,3314.20,89.36,123.71,48
3072,384,3490.00,88.46,49.20,48
3072,384,1101.88,90.51,667.82,48
3072,384,3723.66,88.37,14.10,48
3072,384,1414.97,89.36,599.58,48
3072,384,3307.27,91.43,158.38,48
3072,384,2761.47,87.09,184.88,48
3456,432,3590.01,88.90,42.93,48
3456,432,2894.36,91.70,276.48,48
3456,432,1742.33,89.24,509.73,48
3456,432,3414.42,88.16,44.57,48
3456,432,3128.48,90.17,170.07,48
3456,432,2587.40,89.64,314.74,48
3456,432,2105.73,88.82,415.78,48
3456,432,3278.81,88.55,115.49,48
3840,480,2627.32,87.93,252.97,48
3840,480,2942.41,88.72,171.18,48
3840,480,3514.57,90.76,83.04,48
3840,480,3354.01,88.09,81.51,48
3840,480,3496.31,86.72,6.01,48
3840,480,2296.91,90.52,396.50,48
3840,480,2490.19,91.05,328.00,48
3840,480,3225.11,88.62,89.92,48
4224,528,3482.71,92.36,151.14,48
4224,528,2972.27,88.15,179.89,48
4224,528,2309.05,90.19,385.82,48
4224,528,3768.17,88.28,0.00,48
4224,528,3741.04,90.21,19.14,48
4224,528,3376.34,89.79,118.45,48
4224,528,3642.05,89.68,21.66,48
4224,528,3519.55,88.98,43.25,48
4608,576,3763.46,90.54,26.98,48
4608,576,3230.23,91.72,186.62,48
4608,576,3122.53,86.94,70.87,48
4608,576,2797.28,92.09,312.39,48
4608,576,3518.80,89.88,82.74,48
4608,576,2456.00,88.69,270.19,48
4608,576,3539.86,89.96,84.08,48
4608,576,2343.87,87.70,335.86,48
4992,624,3394.53,86.15,28.07,48
4992,624,3843.77,90.28,16.49,48
4992,624,3429.87,90.17,113.56,48
4992,624,3236.22,88.46,129.67,48
4992,624,3089.13,90.93,206.56,48
4992,624,3204.81,91.68,169.15,48
4992,624,3208.26,91.23,151.27,48
4992,624,3509.20,86.24,0.00,48
5376,672,3305.17,89.36,114.07,48
5376,672,3443.01,85.81,4.88,48
5376,672,3969.01,92.47,12.68,48
5376,672,3622.00,90.07,70.44,48
5376,672,2597.74,90.17,331.98,48
5376,672,3522.25,89.62,65.51,48
5376,672,643.20,92.87,862.38,48
5376,672,2493.27,88.18,270.93,48
5760,720,3721.49,90.24,0.31,48
5760,720,3769.41,89.65,11.25,48
5760,720,3207.01,87.30,80.78,48
5760,720,3493.00,90.68,98.81,48
5760,720,3310.65,90.32,132.96,48
5760,720,2998.33,89.41,195.06,48
5760,720,3493.30,89.14,39.92,48
5760,720,3195.82,85.92,71.51,48
6144,768,2040.12,90.01,443.23,48
6144,768,3625.50,87.94,3.03,48
6144,768,3543.81,87.44,25.95,48
6144,768,2842.01,86.70,189.08,48
6144,768,3431.15,90.21,102.03,48
6144,768,1447.04,88.79,582.25,48
6144,768,3262.26,88.90,143.51,48
6144,768,3377.70,90.97,133.85,48
6528,816,3249.37,87.52,97.01,48
6528,816,3430.99,85.72,17.12,48
6528,816,3110.94,85.50,83.33,48
6528,816,3804.14,91.57,61.11,48
6528,816,3126.66,88.89,153.83,48
6528,816,3594.29,90.09,38.28,48
6528,816,2705.47,90.28,275.00,48
6528,816,2055.32,88.07,389.59,48
6912,864,3214.64,88.09,101.77,48
6912,864,2500.44,86.94,284.84,48
6912,864,3601.98,88.36,0.95,48
6912,864,3474.68,92.11,107.57,48
6912,864,3305.43,88.90,83.90,48
6912,864,2539.46,86.80,258.70,48
6912,864,3210.72,87.13,104.89,48
6912,864,3475.57,89.00,70.69,48
7296,912,717.97,90.85,774.03,48
7296,912,3280.61,90.77,123.41,48
7296,912,3397.08,87.93,40.56,48
7296,912,3404.97,90.73,105.84,48
7296,912,3045.86,90.88,237.98,48
7296,912,3245.03,88.01,101.95,48
7296,912,3804.95,89.57,18.18,48
7296,912,3719.59,88.84,5.31,48
7680,960,3446.42,90.38,89.19,48
7680,960,3416.58,88.65,68.02,48
7680,960,3705.74,89.52,10.25,48
7680,960,3525.57,87.89,26.42,48
7680,960,3678.49,88.34,0.31,48
7680,960,3704.28,90.89,40.54,48
7680,960,3807.01,88.73,3.64,48
7680,960,3420.44,88.40,43.63,48
8064,1008,3112.25,86.81,83.05,48
8064,1008,3503.25,90.59,107.39,48
8064,1008,3624.23,88.47,17.21,48
8064,1008,2679.32,89.32,244.45,48
8064,1008,3313.31,88.03,84.51,48
8064,1008,2604.37,88.64,253.78,48
8064,1008,3430.50,86.92,20.63,48
8064,1008,3000.49,89.10,160.36,48
8448,1056,1172.49,87.07,593.66,48
8448,1056,2439.68,87.23,293.91,48
8448,1056,2560.64,89.92,285.96,48
8448,1056,3232.05,86.66,57.35,48
8448,1056,1360.13,86.79,547.67,48
8448,1056,2865.32,86.90,175.44,48
8448,1056,3352.60,87.48,19.97,48
8448,1056,3112.64,88.88,176.20,48
8832,1104,3060.37,90.07,190.78,48
8832,1104,3379.25,91.79,152.39,48
8832,1104,3266.78,90.77,149.25,48
8832,1104,3788.09,90.51,24.61,48
8832,1104,2321.68,88.32,327.91,48
8832,1104,3656.60,89.08,17.28,48
8832,1104,2699.06,88.66,236.43,48
8832,1104,2790.84,89.45,281.40,48
9216,1152,3405.35,87.82,33.47,48
9216,1152,3001.69,92.10,240.36,48
9216,1152,3651.64,90.62,34.31,48
9216,1152,3309.99,90.79,105.64,48
9216,1152,2517.04,89.87,292.12,48
9216,1152,3219.40,89.35,118.20,48
9216,1152,3558.52,89.43,47.50,48
9216,1152,3153.62,86.73,97.94,48
9600,1200,3429.95,88.57,50.05,48
9600,1200,2472.76,87.40,303.75,48
9600,1200,3309.31,89.60,118.76,48
9600,1200,2742.64,88.76,209.43,48
9600,1200,3189.68,88.15,129.46,48
9600,1200,3227.24,89.92,148.66,48
9600,1200,2942.10,91.21,247.32,48
9600,1200,2964.63,92.22,262.26,48
9984,1248,1074.93,89.16,682.16,48
9984,1248,3024.66,87.32,111.73,48
9984,1248,3659.80,89.77,41.50,48
9984,1248,3056.06,91.07,199.72,48
9984,1248,3656.29,87.57,17.43,48
9984,1248,2918.10,90.68,246.77,48
9984,1248,3335.04,87.21,77.48,48
9984,1248,2726.11,91.19,299.42,48
10368,1296,2209.95,90.69,417.42,48
10368,1296,3839.79,91.51,52.94,48
10368,1296,3549.13,87.57,16.76,48
10368,1296,2510.87,89.88,337.11,48
10368,1296,3164.87,92.34,194.89,48
10368,1296,3452.04,89.52,52.25,48
10368,1296,3374.52,87.52,61.36,48
10368,1296,3580.36,91.11,64.56,48
10752,1344,3704.90,88.48,5.27,48
10752,1344,3446.98,91.62,114.90,48
10752,1344,3637.74,89.66,15.36,48
10752,1344,3108.20,88.93,152.55,48
10752,1344,3435.36,89.26,82.32,48
10752,1344,3541.54,88.58,45.25,48
10752,1344,3612.80,88.88,17.19,48
10752,1344,2633.83,90.47,286.05,48
11136,1392,1365.99,89.64,602.45,48
11136,1392,3623.07,90.98,81.02,48
11136,1392,3378.76,90.63,116.58,48
11136,1392,3563.62,91.49,89.47,48
11136,1392,3528.26,88.79,37.78,48
11136,1392,2598.95,86.16,201.42,48
11136,1392,3672.06,89.32,17.07,48
11136,1392,3077.50,87.12,163.19,48
11520,1440,3487.42,88.91,75.48,48
11520,1440,3218.42,91.77,196.07,48
11520,1440,2932.27,90.40,238.08,48
11520,1440,3100.22,85.59,73.54,48
11520,1440,2697.35,89.50,254.17,48
11520,1440,2743.96,88.13,241.43,48
11520,1440,3769.25,89.50,5.81,48
11520,1440,3430.70,89.12,44.81,48
11904,1488,3266.89,90.87,163.62,48
11904,1488,3415.36,92.28,169.03,48
11904,1488,2672.46,87.85,220.56,48
11904,1488,3041.51,89.22,203.87,48
11904,1488,2844.10,89.00,238.36,48
11904,1488,2545.63,89.79,294.81,48
11904,1488,3480.22,88.99,67.35,48
11904,1488,3953.78,90.31,0.81,48
12288,1536,3642.33,89.59,19.43,48
12288,1536,3137.86,91.74,207.67,48
12288,1536,3144.37,89.28,141.85,48
12288,1536,3120.88,89.39,167.50,48
12288,1536,3100.75,89.82,170.93,48
12288,1536,3119.04,91.85,223.49,48
12288,1536,2574.15,86.51,191.26,48
12288,1536,3328.79,89.50,107.13,48
12672,1584,3215.27,89.70,126.16,48
12672,1584,2348.84,90.26,385.32,48
12672,1584,3801.77,89.81,2.29,48
12672,1584,1447.59,90.01,562.06,48
12672,1584,3830.43,89.99,1.48,48
12672,1584,3973.90,91.56,0.02,48
12672,1584,2248.02,88.51,365.08,48
12672,1584,3372.59,89.87,110.98,48
13056,1632,359.62,89.27,788.14,48
13056,1632,3570.73,88.57,30.85,48
13056,1632,3398.68,85.10,0.93,48
13056,1632,3496.13,88.20,40.80,48
13056,1632,3062.60,91.50,201.58,48
13056,1632,3417.45,88.04,65.87,48
13056,1632,3646.71,88.14,17.20,48
13056,1632,3259.80,86.95,82.20,48
13440,1680,3059.64,86.98,109.52,48
13440,1680,2854.16,89.59,210.82,48
13440,1680,3293.36,87.83,109.11,48
13440,1680,3779.21,91.50,48.86,48
13440,1680,3301.65,90.21,136.72,48
13440,1680,3773.42,90.61,19.45,48
13440,1680,3584.87,90.89,67.84,48
13440,1680,2853.25,89.49,227.28,48
13824,1728,1541.24,92.04,620.20,48
13824,1728,3379.67,88.09,47.70,48
13824,1728,3551.97,90.12,76.85,48
13824,1728,2961.37,88.49,135.04,48
13824,1728,2913.86,87.41,178.50,48
13824,1728,2328.03,90.12,387.38,48
13824,1728,3711.74,90.79,28.39,48
13824,1728,3641.58,90.09,53.34,48
14208,1776,3334.94,87.51,62.73,48
14208,1776,3178.95,85.98,87.38,48
14208,1776,3793.56,91.75,36.70,48
14208,1776,2849.18,90.40,257.17,48
14208,1776,3715.07,90.91,56.70,48
14208,1776,3070.53,89.74,171.74,48
14208,1776,3480.17,88.05,8.48,48
14208,1776,3112.21,89.58,171.64,48
14592,1824,902.48,86.36,634.46,48
14592,1824,2588.00,87.03,266.88,48
14592,1824,599.30,90.61,809.78,48
14592,1824,3782.26,89.50,7.52,48
14592,1824,2868.41,90.31,225.09,48
14592,1824,3720.64,91.91,50.97,48
14592,1824,3309.81,90.95,141.59,48
14592,1824,3012.59,91.96,250.18,48
14976,1872,3817.27,89.93,18.99,48
14976,1872,2556.75,84.85,207.21,48
14976,1872,3653.21,91.49,55.24,48
14976,1872,3256.88,89.08,109.21,48
14976,1872,2032.12,89.75,471.57,48
14976,1872,3460.86,91.14,91.44,48
14976,1872,3051.43,86.83,113.26,48
14976,1872,2556.50,86.67,270.54,48
15360,1920,3459.34,93.01,162.68,48
15360,1920,3740.47,88.60,13.26,48
15360,1920,3655.42,88.98,19.65,48
15360,1920,3034.47,90.02,191.79,48
15360,1920,3507.71,89.00,47.94,48
15360,1920,3787.91,90.63,23.99,48
15360,1920,3592.89,89.28,13.91,48
15360,1920,3470.41,89.84,71.49,48
15744,1968,3249.59,90.82,161.03,48
15744,1968,3577.32,90.54,64.60,48
15744,1968,3120.98,86.88,94.68,48
15744,1968,3419.58,88.25,59.30,48
15744,1968,3582.24,87.44,10.96,48
15744,1968,427.87,88.42,813.69,48
15744,1968,3609.71,88.97,13.76,48
15744,1968,3721.99,90.63,52.09,48
16128,2016,2307.19,89.04,370.21,48
16128,2016,3793.02,90.62,39.68,48
16128,2016,3477.25,87.05,4.70,48
16128,2016,3133.84,90.32,162.78,48
16128,2016,3479.19,85.60,2.15,48
16128,2016,2798.99,90.20,256.80,48
16128,2016,2885.03,88.38,197.56,48
16128,2016,3589.53,93.15,127.52,48
16512,2064,2145.88,88.57,382.10,48
16512,2064,3609.69,86.73,0.02,48
16512,2064,3236.69,88.18,76.88,48
16512,2064,3457.58,88.59,56.76,48
16512,2064,3432.71,89.60,97.32,48
16512,2064,3230.01,88.04,97.13,48
16512,2064,2647.18,89.31,259.02,48
16512,2064,3260.40,88.71,141.58,48
16896,2112,3874.57,90.29,0.00,48
16896,2112,3481.95,87.04,29.84,48
16896,2112,2420.17,89.88,349.65,48
16896,2112,3588.78,90.11,78.93,48
16896,2112,2990.52,88.86,167.75,48
16896,2112,2847.10,91.08,279.82,48
16896,2112,3353.38,86.64,33.59,48
16896,2112,3088.38,86.60,116.68,48
17280,2160,3654.13,91.26,81.13,48
17280,2160,3670.30,88.99,28.96,48
17280,2160,3544.72,88.99,58.72,48
17280,2160,3154.21,85.16,41.06,48
17280,2160,3338.35,88.12,93.72,48
17280,2160,3774.10,89.23,1.37,48
17280,2160,3688.95,89.93,25.52,48
17280,2160,3284.78,91.20,167.54,48
17664,2208,3440.06,90.37,91.01,48
17664,2208,2474.85,88.28,288.38,48
17664,2208,3043.87,89.83,201.21,48
17664,2208,3839.42,90.46,31.42,48
17664,2208,3100.83,87.72,111.32,48
17664,2208,3844.69,91.39,33.09,48
17664,2208,2640.76,90.09,284.82,48
17664,2208,3234.87,86.06,50.82,48
18048,2256,3722.54,88.22,9.79,48
18048,2256,2467.12,89.60,338.02,48
18048,2256,3464.17,88.98,77.49,48
18048,2256,3139.35,90.30,148.24,48
18048,2256,2433.98,89.49,319.42,48
18048,2256,2628.04,90.76,300.88,48
18048,2256,3912.86,90.71,2.18,48
18048,2256,3457.89,89.94,74.60,48
18432,2304,831.41,88.69,728.64,48
18432,2304,1128.02,89.16,629.50,48
18432,2304,3649.93,90.27,39.58,48
18432,2304,3204.39,88.26,107.56,48
18432,2304,2810.38,88.30,210.83,48
18432,2304,3745.86,89.90,4.65,48
18432,2304,709.51,89.55,764.03,48
18432,2304,3330.19,90.99,143.84,48
18816,2352,3687.24,88.05,1.82,48
18816,2352,2512.66,86.17,262.38,48
18816,2352,2889.56,88.07,202.20,48
18816,2352,2317.65,88.52,343.26,48
18816,2352,2971.14,89.94,222.17,48
18816,2352,3339.34,91.42,157.23,48
18816,2352,3628.56,88.23,16.40,48
18816,2352,3441.39,92.56,146.18,48
19200,2400,3587.92,89.70,49.77,48
19200,2400,2279.41,91.29,380.61,48
19200,2400,3556.79,86.88,10.08,48
19200,2400,1205.40,89.81,623.01,48
19200,2400,3135.90,87.39,102.65,48
19200,2400,3135.35,89.19,162.37,48
19200,2400,3381.11,86.38,50.28,48
19200,2400,3757.64,92.01,45.03,48
19584,2448,3277.95,88.68,87.85,48
19584,2448,2556.68,92.05,351.04,48
19584,2448,3712.94,88.73,3.57,48
19584,2448,3527.19,86.99,10.83,48
19584,2448,3524.66,87.43,9.36,48
19584,2448,3410.23,87.76,53.24,48
19584,2448,3688.59,89.11,4.40,48
19584,2448,2115.66,90.20,402.97,48
19968,2496,3739.93,89.09,1.00,48
19968,2496,2717.00,88.77,245.12,48
19968,2496,3351.83,87.93,62.19,48
19968,2496,3728.72,91.20,42.40,48
19968,2496,3316.40,90.26,123.74,48
19968,2496,3921.92,91.22,7.74,48
19968,2496,3048.60,88.05,111.01,48
19968,2496,3198.92,88.08,123.83,48
20352,2544,3035.66,87.99,166.02,48
20352,2544,3080.67,90.41,209.06,48
20352,2544,3730.34,91.68,51.93,48
20352,2544,3032.39,90.59,179.98,48
20352,2544,3639.35,89.31,30.50,48
20352,2544,3273.32,89.72,135.80,48
20352,2544,3686.51,87.23,3.98,48
20352,2544,3296.45,87.64,83.36,48
20736,2592,3819.24,90.69,21.98,48
20736,2592,3576.19,87.43,4.35,48
20736,2592,2888.61,87.63,211.03,48
20736,2592,3537.65,89.30,36.68,48
20736,2592,2680.19,89.61,267.99,48
20736,2592,3152.20,91.15,193.60,48
20736,2592,3165.23,88.14,131.77,48
20736,2592,3542.03,86.59,2.86,48
21120,2640,3227.24,89.64,161.90,48
21120,2640,3657.74,87.98,12.24,48
21120,2640,3805.66,90.50,25.67,48
21120,2640,3098.73,84.39,74.53,48
21120,2640,3412.87,90.30,128.87,48
21120,2640,3333.44,86.88,41.59,48
21120,2640,3252.00,88.39,124.98,48
21120,2640,3026.53,91.33,215.43,48
21504,2688,3575.32,88.26,13.96,48
21504,2688,2745.90,90.30,293.18,48
21504,2688,3078.57,86.43,143.56,48
21504,2688,3560.43,90.14,53.30,48
21504,2688,795.50,88.55,725.89,48
21504,2688,3628.46,89.46,38.70,48
21504,2688,2376.33,89.77,335.54,48
21504,2688,3446.42,88.18,61.01,48
21888,2736,2331.90,91.08,385.26,48
21888,2736,3235.93,90.62,153.34,48
21888,2736,2666.28,88.77,223.80,48
21888,2736,3626.96,90.26,32.40,48
21888,2736,3621.51,91.12,58.09,48
21888,2736,3775.61,89.52,19.58,48
21888,2736,3399.19,88.98,73.28,48
21888,2736,3304.13,88.35,90.73,48
22272,2784,3681.80,87.93,6.25,48
22272,2784,3411.06,86.56,70.85,48
22272,2784,3643.32,90.66,54.81,48
22272,2784,2360.87,88.92,314.93,48
22272,2784,3499.13,89.66,53.01,48
22272,2784,3519.48,91.29,121.08,48
22272,2784,3603.36,89.28,23.07,48
22272,2784,2433.66,88.64,332.71,48
22656,2832,3176.12,87.37,123.81,48
22656,2832,3655.08,88.73,4.14,48
22656,2832,2949.44,90.07,207.34,48
22656,2832,3557.13,91.18,82.29,48
22656,2832,3558.87,88.79,44.16,48
22656,2832,2608.20,88.64,261.96,48
22656,2832,3364.71,88.77,84.34,48
22656,2832,2676.74,89.81,292.08,48
23040,2880,3284.32,85.94,45.14,48
23040,2880,3201.00,90.69,148.32,48
23040,2880,2617.89,91.45,340.42,48
23040,2880,2727.84,87.26,212.81,48
23040,2880,3516.74,87.97,41.40,48
23040,2880,3241.77,87.55,83.06,48
23040,2880,3566.42,90.65,91.70,48
23040,2880,3377.76,88.49,50.43,48
23424,2928,3570.15,88.27,21.71,48
23424,2928,1856.66,88.06,458.30,48
23424,2928,3245.89,85.57,15.32,48
23424,2928,3193.84,88.27,121.97,48
23424,2928,2152.08,88.95,376.55,48
23424,2928,3659.33,87.99,5.89,48
23424,2928,3113.26,87.57,145.56,48
23424,2928,3311.23,90.25,116.59,48
23808,2976,3642.31,89.86,49.41,48
23808,2976,2208.38,88.49,339.56,48
23808,2976,3002.21,87.02,125.15,48
23808,2976,3367.27,88.26,83.92,48
23808,2976,3575.75,90.03,58.43,48
23808,2976,2560.92,88.46,280.46,48
23808,2976,2757.84,88.62,251.48,48
23808,2976,544.52,90.57,808.27,48
24192,3024,3752.20,89.02,1.39,48
24192,3024,3610.47,89.76,39.32,48
24192,3024,2265.26,89.42,328.89,48
24192,3024,3968.80,90.55,3.81,48
24192,3024,3163.74,89.24,138.35,48
24192,3024,2597.45,86.22,217.65,48
24192,3024,3514.42,86.17,5.18,48
24192,3024,2403.99,90.02,346.51,48
24576,3072,3137.89,89.17,178.38,48
24576,3072,3144.49,88.77,151.63,48
24576,3072,2091.06,86.46,341.49,48
24576,3072,3048.82,87.71,121.13,48
24576,3072,804.18,87.77,689.47,48
24576,3072,2977.50,89.10,169.55,48
24576,3072,3411.29,86.96,48.86,48
24576,3072,3308.03,86.29,29.78,48
24960,3120,2648.47,87.34,225.91,48
24960,3120,3399.50,88.89,78.12,48
24960,3120,3514.82,89.54,78.40,48
24960,3120,2301.96,90.41,364.75,48
24960,3120,3745.22,89.28,14.78,48
24960,3120,3767.36,90.09,18.87,48
24960,3120,3280.99,88.10,101.03,48
24960,3120,3797.79,89.40,9.78,48
25344,3168,3211.37,89.50,120.25,48
25344,3168,2558.79,91.39,344.18,48
25344,3168,3343.09,87.54,84.17,48
25344,3168,3424.76,90.42,96.16,48
25344,3168,3190.69,88.70,128.67,48
25344,3168,3144.55,89.57,137.14,48
25344,3168,3715.00,89.99,12.99,48
25344,3168,3308.21,85.78,46.94,48
25728,3216,3711.73,91.02,53.97,48
25728,3216,3539.51,88.47,11.16,48
25728,3216,3792.37,91.50,16.67,48
25728,3216,3995.26,91.77,19.83,48
25728,3216,3298.24,88.35,76.64,48
25728,3216,3560.96,88.93,46.93,48
25728,3216,3696.71,90.64,37.80,48
25728,3216,2584.70,90.61,332.74,48
26112,3264,3586.90,88.01,30.29,48
26112,3264,3686.54,89.74,15.32,48
26112,3264,3512.51,88.27,43.20,48
26112,3264,2956.78,89.09,187.60,48
26112,3264,2636.41,89.70,278.82,48
26112,3264,3354.37,87.80,83.76,48
26112,3264,2618.05,91.39,315.56,48
26112,3264,2469.69,88.87,311.83,48
26496,3312,3300.76,85.57,36.03,48
26496,3312,3243.53,88.17,76.32,48
26496,3312,3207.52,91.14,153.13,48
26496,3312,3137.04,86.94,74.08,48
26496,3312,3662.04,90.13,47.74,48
26496,3312,3579.50,90.53,37.39,48
26496,3312,2515.10,88.87,284.04,48
26496,3312,2972.26,89.20,176.93,48
26880,3360,3553.80,91.14,94.10,48
26880,3360,2685.16,90.02,300.69,48
26880,3360,3731.87,88.54,4.28,48
26880,3360,2854.76,89.03,211.18,48
26880,3360,3583.50,89.37,49.89,48
26880,3360,3346.66,88.21,66.61,48
26880,3360,3441.93,88.03,29.69,48
26880,3360,3656.51,88.58,16.02,48
27264,3408,2022.95,89.84,427.63,48
27264,3408,3519.98,89.50,66.97,48
27264,3408,2739.60,87.83,232.17,48
27264,3408,3353.80,87.49,53.50,48
27264,3408,1620.80,87.70,513.60,48
27264,3408,3148.65,89.15,144.06,48
27264,3408,3140.83,90.11,178.02,48
27264,3408,1281.81,91.30,627.61,48
27648,3456,2548.43,87.89,294.20,48
27648,3456,3543.60,91.61,98.04,48
27648,3456,3844.95,89.50,0.02,48
27648,3456,3741.89,91.03,38.76,48
27648,3456,3523.92,89.61,66.20,48
27648,3456,3782.90,90.47,10.74,48
27648,3456,3347.49,85.31,0.19,48
27648,3456,2945.79,86.97,147.75,48
28032,3504,3434.41,87.66,55.66,48
28032,3504,2669.41,88.05,196.45,48
28032,3504,3437.10,87.03,64.97,48
28032,3504,2640.37,89.48,266.89,48
28032,3504,3647.86,89.14,0.00,48
28032,3504,2953.40,89.60,180.36,48
28032,3504,2945.81,90.61,208.64,48
28032,3504,3251.36,89.23,101.10,48
28416,3552,2652.76,88.55,288.89,48
28416,3552,3389.43,87.37,57.32,48
28416,3552,3670.83,88.98,6.40,48
28416,3552,3824.62,91.38,33.66,48
28416,3552,3164.42,88.49,121.84,48
28416,3552,3342.01,89.66,79.21,48
28416,3552,2649.89,87.06,249.34,48
28416,3552,3023.05,88.34,170.78,48
28800,3600,3627.36,87.44,24.48,48
28800,3600,3392.29,87.91,31.94,48
28800,3600,3381.77,83.68,1.38,48
28800,3600,3540.63,90.07,87.87,48
28800,3600,2773.90,90.41,242.23,48
28800,3600,3035.23,86.96,152.59,48
28800,3600,3531.34,92.37,116.29,48
28800,3600,2506.21,89.48,329.57,48
29184,3648,3001.88,85.67,102.85,48
29184,3648,2593.79,85.66,215.30,48
29184,3648,3669.14,89.80,32.09,48
29184,3648,3443.72,87.76,41.92,48
29184,3648,3872.17,90.99,8.07,48
29184,3648,3203.72,89.45,113.95,48
29184,3648,3283.08,87.34,97.69,48
29184,3648,3488.26,91.27,91.27,48
29568,3696,1711.07,87.85,486.28,48
29568,3696,3579.36,91.41,80.67,48
29568,3696,3617.10,88.60,3.18,48
29568,3696,3227.24,89.79,133.45,48
29568,3696,2479.15,87.28,282.95,48
29568,3696,2798.31,89.05,224.95,48
29568,3696,3389.62,87.62,84.00,48
29568,3696,3544.16,89.69,63.15,48
29952,3744,2918.62,91.43,261.91,48
29952,3744,2674.27,90.28,287.57,48
29952,3744,3573.20,88.84,57.48,48
29952,3744,3449.99,90.93,112.47,48
29952,3744,3609.99,87.93,11.30,48
29952,3744,3747.95,88.80,1.81,48
29952,3744,3787.24,91.25,36.94,48
29952,3744,2646.78,90.53,309.11,48
30336,3792,3861.49,90.13,2.38,48
30336,3792,3422.62,89.99,78.58,48
30336,3792,3988.73,92.80,19.65,48
30336,3792,3287.84,87.41,103.22,48
30336,3792,3450.55,90.64,102.12,48
30336,3792,3576.15,88.43,14.17,48
30336,3792,3112.71,89.78,168.92,48
30336,3792,3534.81,91.02,101.09,48
30720,3840,3590.92,87.91,6.31,48
30720,3840,3056.55,86.50,89.35,48
30720,3840,3462.50,91.08,88.79,48
30720,3840,2880.11,89.72,220.98,48
30720,3840,2305.63,92.90,445.12,48
30720,3840,2697.32,90.48,278.70,48
30720,3840,2341.13,86.41,288.09,48
30720,3840,2925.30,89.98,210.37,48
31104,3888,3416.30,88.69,88.47,48
31104,3888,3529.40,86.91,33.52,48
31104,3888,3844.38,90.42,5.00,48
31104,3888,2312.22,92.83,436.39,48
31104,3888,2891.03,87.88,176.65,48
31104,3888,3273.07,90.52,125.96,48
31104,3888,2815.50,85.34,145.58,48
31104,3888,733.00,86.14,682.00,48
31488,3936,3421.88,90.34,88.93,48
31488,3936,3323.38,90.56,120.29,48
31488,3936,3173.31,89.94,190.35,48
31488,3936,3587.07,87.00,26.91,48
31488,3936,2485.97,88.03,272.85,48
31488,3936,2260.40,87.67,336.91,48
31488,3936,3864.70,90.97,25.44,48
31488,3936,3572.78,90.09,94.59,48
31872,3984,3035.76,90.54,212.57,48
31872,3984,2692.07,90.73,310.16,48
31872,3984,3080.56,86.45,129.11,48
31872,3984,3440.56,87.33,39.88,48
31872,3984,3791.46,90.82,23.75,48
31872,3984,3373.10,89.55,100.64,48
31872,3984,2365.55,91.28,382.89,48
31872,3984,3468.28,88.72,61.11,48
32256,4032,3246.51,88.67,118.36,48
32256,4032,3916.24,91.96,18.56,48
32256,4032,2996.99,91.04,224.65,48
32256,4032,3638.10,89.32,18.43,48
32256,4032,2157.40,89.65,384.57,48
32256,4032,3176.65,91.07,170.98,48
32256,4032,3519.80,89.61,64.23,48
32256,4032,3608.94,86.23,4.81,48
32640,4080,2646.23,90.06,265.90,48
32640,4080,3431.93,90.36,84.10,48
32640,4080,2723.86,87.29,210.57,48
32640,4080,3100.01,85.86,92.86,48
32640,4080,2377.66,88.51,349.40,48
32640,4080,3201.93,89.38,144.82,48
32640,4080,3584.61,87.43,17.95,48
32640,4080,3029.93,86.07,99.60,48
33024,4128,2965.23,88.88,177.84,48
33024,4128,3391.96,88.30,61.77,48
33024,4128,2845.03,89.15,247.01,48
33024,4128,3617.75,88.65,23.96,48
33024,4128,3306.53,89.23,117.36,48
33024,4128,3485.52,90.65,103.93,48
33024,4128,3540.90,90.74,106.29,48
33024,4128,3065.83,88.93,149.89,48
33408,4176,3766.67,89.22,19.06,48
33408,4176,3876.20,90.39,7.68,48
33408,4176,2844.22,88.54,214.88,48
33408,4176,3785.22,89.30,2.50,48
33408,4176,3753.51,89.42,1.49,48
33408,4176,3473.65,91.78,138.42,48
33408,4176,3701.90,88.80,30.88,48
33408,4176,3709.55,90.41,51.43,48
33792,4224,2319.17,86.85,288.37,48
33792,4224,3793.33,89.71,10.69,48
33792,4224,3496.11,87.40,32.77,48
33792,4224,3834.93,90.27,18.32,48
33792,4224,3315.24,87.64,64.09,48
33792,4224,3049.95,89.38,166.98,48
33792,4224,3641.04,90.42,55.55,48
33792,4224,2813.48,88.69,248.11,48
34176,4272,3295.14,91.88,183.57,48
34176,4272,3580.97,90.66,79.80,48
34176,4272,2404.86,89.98,336.08,48
34176,4272,2848.65,90.01,228.72,48
34176,4272,3216.00,89.52,160.54,48
34176,4272,3158.50,90.45,185.05,48
34176,4272,3329.47,87.45,85.41,48
34176,4272,3534.67,91.17,122.60,48
34560,4320,3074.01,87.78,139.77,48
34560,4320,3446.80,89.22,99.73,48
34560,4320,3452.00,88.96,53.50,48
34560,4320,3979.14,91.22,12.00,48
34560,4320,3473.85,89.29,67.55,48
34560,4320,3695.89,91.83,61.94,48
34560,4320,3569.65,89.81,65.59,48
34560,4320,3746.42,91.87,61.91,48
34944,4368,3439.92,89.18,82.05,48
34944,4368,3641.73,87.99,3.80,48
34944,4368,2907.94,90.23,249.20,48
34944,4368,3893.02,91.18,8.60,48
34944,4368,3786.44,89.44,5.63,48
34944,4368,2372.70,92.51,437.44,48
34944,4368,2713.49,89.31,263.35,48
34944,4368,3791.56,92.92,68.98,48
35328,4416,3718.87,89.57,1.19,48
35328,4416,1872.71,89.19,468.68,48
35328,4416,3691.53,89.10,1.70,48
35328,4416,3917.34,93.36,54.65,48
35328,4416,3179.34,88.94,139.74,48
35328,4416,3560.66,89.36,44.80,48
35328,4416,2870.30,87.57,176.25,48
35328,4416,3915.02,91.77,0.31,48
35712,4464,3452.09,90.38,99.85,48
35712,4464,3110.89,87.84,107.33,48
35712,4464,2663.59,90.05,269.55,48
35712,4464,1008.85,88.31,675.05,48
35712,4464,3279.56,87.57,105.97,48
35712,4464,4088.38,92.67,11.64,48
35712,4464,3196.62,87.98,100.38,48
35712,4464,3504.03,91.24,129.45,48
36096,4512,3937.43,90.43,0.33,48
36096,4512,3878.38,91.03,10.67,48
36096,4512,3097.55,88.95,126.32,48
36096,4512,3879.95,91.29,21.69,48
36096,4512,3750.08,90.74,26.08,48
36096,4512,3662.71,90.79,57.95,48
36096,4512,3322.00,91.13,180.74,48
36096,4512,2963.73,90.59,222.19,48
36480,4560,3434.65,91.57,137.34,48
36480,4560,3743.35,91.18,52.68,48
36480,4560,3282.34,91.07,155.53,48
36480,4560,2861.29,89.48,214.86,48
36480,4560,3415.22,88.22,71.98,48
36480,4560,3447.56,90.08,92.56,48
36480,4560,3361.55,87.61,87.92,48
36480,4560,2738.44,89.92,266.98,48
36864,4608,3161.70,90.65,164.75,48
36864,4608,2576.68,92.31,344.68,48
36864,4608,3453.15,89.65,71.07,48
36864,4608,3300.55,87.12,90.99,48
36864,4608,3312.46,86.91,62.67,48
36864,4608,3337.20,88.15,77.78,48
36864,4608,3177.67,86.80,88.76,48
36864,4608,3773.53,89.25,17.54,48
37248,4656,2336.68,88.05,337.00,48
37248,4656,3318.25,90.27,105.45,48
37248,4656,3174.94,88.86,168.37,48
37248,4656,3379.65,90.72,127.83,48
37248,4656,4010.55,92.44,21.25,48
37248,4656,3771.56,89.60,0.00,48
37248,4656,3717.66,90.43,3.28,48
37248,4656,3624.81,87.59,11.44,48
37632,4704,3484.36,88.45,52.42,48
37632,4704,3269.15,91.99,186.64,48
37632,4704,3406.28,90.16,96.08,48
37632,4704,3812.91,88.91,3.50,48
37632,4704,3403.16,87.66,57.45,48
37632,4704,4010.65,91.39,10.79,48
37632,4704,3535.60,92.87,127.78,48
37632,4704,2971.64,91.35,230.14,48
38016,4752,3273.06,92.34,185.45,48
38016,4752,3619.22,87.77,0.00,48
38016,4752,3629.19,87.96,1.37,48
38016,4752,2174.53,88.54,374.65,48
38016,4752,2835.12,89.46,232.11,48
38016,4752,2894.17,90.83,271.52,48
38016,4752,3866.30,89.07,10.52,48
38016,4752,2964.46,91.86,257.71,48
38400,4800,4148.99,93.41,15.61,48
38400,4800,2562.69,90.37,315.49,48
38400,4800,3888.24,90.48,9.42,48
38400,4800,3164.76,89.89,173.68,48
38400,4800,3774.79,92.08,78.12,48
38400,4800,3431.61,90.54,102.45,48
38400,4800,2682.85,88.77,267.36,48
38400,4800,3996.34,90.70,1.84,48
38784,4848,3309.23,89.05,114.87,48
38784,4848,3467.14,88.46,47.18,48
38784,4848,2849.01,87.82,216.34,48
38784,4848,3398.04,89.96,134.36,48
38784,4848,3276.38,89.05,123.76,48
38784,4848,3719.52,92.03,64.85,48
38784,4848,2451.78,89.07,286.03,48
38784,4848,3624.63,89.17,51.29,48
39168,4896,3500.91,89.40,51.65,48
39168,4896,3706.18,88.94,6.80,48
39168,4896,2863.74,90.48,255.22,48
39168,4896,3768.35,90.23,51.24,48
39168,4896,3666.41,88.25,9.41,48
39168,4896,3419.34,90.19,74.97,48
39168,4896,3888.67,89.74,0.00,48
39168,4896,3554.33,90.06,84.56,48
39552,4944,2391.12,90.30,370.52,48
39552,4944,3197.65,88.92,136.09,48
39552,4944,3741.93,89.71,15.14,48
39552,4944,2762.09,90.79,279.03,48
39552,4944,3398.56,90.29,115.07,48
39552,4944,2824.67,91.78,279.61,48
39552,4944,2533.07,90.59,323.32,48
39552,4944,2896.88,89.96,254.74,48
39936,4992,3582.10,88.11,31.05,48
39936,4992,3062.88,89.23,163.18,48
39936,4992,3178.34,86.77,87.80,48
39936,4992,3006.98,90.18,173.36,48
39936,4992,3632.19,92.16,101.03,48
39936,4992,3573.20,91.41,85.50,48
39936,4992,3299.49,89.85,118.83,48
39936,4992,3533.94,90.03,85.23,48
40320,5040,1675.89,87.83,491.33,48
40320,5040,3712.54,89.37,40.52,48
40320,5040,2884.68,93.09,311.12,48
40320,5040,2998.78,88.30,149.26,48
40320,5040,3135.17,88.23,130.02,48
40320,5040,3702.58,89.68,40.76,48
40320,5040,3542.35,89.68,77.04,48
40320,5040,3030.98,91.05,225.62,48
40704,5088,3489.40,87.92,17.25,48
40704,5088,3298.20,90.56,160.38,48
40704,5088,3438.27,91.68,137.76,48
40704,5088,3487.53,87.76,19.39,48
40704,5088,2833.70,89.11,229.63,48
40704,5088,3711.14,89.73,20.82,48
40704,5088,2647.11,91.06,332.35,48
40704,5088,3719.28,90.23,10.06,48
41088,5136,2582.53,89.81,317.16,48
41088,5136,3378.77,89.82,116.40,48
41088,5136,3688.48,90.46,41.18,48
41088,5136,2932.68,88.07,174.22,48
41088,5136,3026.75,92.73,262.58,48
41088,5136,3807.11,89.05,3.68,48
41088,5136,3507.10,87.74,49.64,48
41088,5136,2701.98,88.41,236.04,48
41472,5184,2368.43,93.86,467.38,48
41472,5184,2806.71,88.46,207.64,48
41472,5184,3552.54,90.36,81.33,48
41472,5184,3847.77,90.34,11.44,48
41472,5184,3445.53,90.32,104.10,48
41472,5184,3875.46,91.21,1.95,48
41472,5184,3324.16,92.70,198.53,48
41472,5184,3363.82,89.90,84.25,48
41856,5232,3405.61,90.47,112.62,48
41856,5232,3829.84,89.09,5.09,48
41856,5232,3990.44,91.41,0.00,48
41856,5232,3031.74,87.26,101.21,48
41856,5232,3349.88,91.14,134.09,48
41856,5232,3665.57,91.67,71.37,48
41856,5232,3961.33,90.47,0.31,48
41856,5232,3020.68,86.35,124.68,48
42240,5280,3164.22,89.06,137.01,48
42240,5280,3274.62,87.63,82.10,48
42240,5280,3634.10,89.11,40.36,48
42240,5280,3442.73,90.81,120.22,48
42240,5280,2699.43,90.98,299.75,48
42240,5280,2796.33,92.89,324.17,48
42240,5280,981.72,90.16,694.23,48
42240,5280,3739.99,90.07,9.15,48
42624,5328,3656.03,91.36,77.70,48
42624,5328,3397.06,86.52,22.61,48
42624,5328,3195.50,88.39,131.26,48
42624,5328,2504.65,92.84,384.21,48
42624,5328,3509.39,90.84,102.91,48
42624,5328,3773.45,91.00,45.03,48
42624,5328,2641.99,88.61,267.79,48
42624,5328,2957.23,88.10,156.15,48
43008,5376,2966.89,88.82,160.59,48
43008,5376,3291.20,88.89,131.67,48
43008,5376,2877.84,87.77,186.82,48
43008,5376,3517.23,89.15,25.99,48
43008,5376,4060.08,93.32,31.07,48
43008,5376,3447.96,88.90,60.36,48
43008,5376,2337.68,90.21,368.33,48
43008,5376,3635.82,86.43,7.34,48
43392,5424,3967.47,90.88,5.08,48
43392,5424,3711.17,92.31,103.85,48
43392,5424,3626.32,89.48,41.75,48
43392,5424,1679.88,91.31,583.04,48
43392,5424,3297.59,90.89,144.09,48
43392,5424,2991.45,88.47,199.20,48
43392,5424,3104.77,87.62,120.50,48
43392,5424,3221.32,89.44,163.10,48
43776,5472,1641.59,89.25,523.40,48
43776,5472,3046.40,86.92,116.26,48
43776,5472,3780.52,89.82,12.33,48
43776,5472,2817.96,89.29,215.71,48
43776,5472,1345.71,89.63,617.25,48
43776,5472,3663.29,91.93,88.41,48
43776,5472,2770.51,88.30,219.59,48
43776,5472,3621.94,87.81,39.56,48
44160,5520,3238.74,87.78,144.97,48
44160,5520,3393.73,89.66,96.93,48
44160,5520,3212.27,88.42,140.85,48
44160,5520,3535.09,89.92,55.42,48
44160,5520,3308.96,88.97,105.94,48
44160,5520,3749.19,91.18,60.90,48
44160,5520,3401.33,89.57,110.66,48
44160,5520,2579.87,92.07,369.73,48
44544,5568,3515.29,91.77,110.18,48
44544,5568,3964.95,92.65,23.11,48
44544,5568,3652.29,93.54,140.48,48
44544,5568,2340.06,89.57,359.93,48
44544,5568,3391.38,90.49,137.43,48
44544,5568,3467.65,89.10,60.87,48
44544,5568,2507.27,91.28,352.77,48
44544,5568,3492.67,89.35,85.14,48
44928,5616,3733.11,89.32,21.67,48
44928,5616,3560.86,91.42,105.49,48
44928,5616,3822.51,91.10,15.44,48
44928,5616,3712.18,91.75,64.88,48
44928,5616,3517.95,91.40,103.04,48
44928,5616,3298.24,90.68,161.06,48
44928,5616,2838.20,90.18,257.66,48
44928,5616,3976.39,91.60,0.76,48
45312,5664,3924.37,91.91,25.39,48
45312,5664,3463.96,89.38,70.89,48
45312,5664,3588.15,88.39,50.13,48
45312,5664,1448.69,92.33,640.68,48
45312,5664,3479.23,88.48,47.45,48
45312,5664,2896.37,91.92,271.45,48
45312,5664,2970.54,88.14,168.25,48
45312,5664,2832.01,90.50,254.11,48
45696,5712,2570.60,88.54,270.36,48
45696,5712,3697.95,91.01,80.14,48
45696,5712,2545.45,90.36,294.62,48
45696,5712,3377.08,87.11,39.47,48
45696,5712,3678.80,91.58,57.50,48
45696,5712,3662.71,87.94,15.44,48
45696,5712,3354.86,88.27,69.48,48
45696,5712,3912.60,91.86,21.31,48
46080,5760,2948.93,89.46,189.84,48
46080,5760,3572.43,87.98,0.43,48
46080,5760,3428.84,86.88,27.79,48
46080,5760,2893.70,91.44,260.21,48
46080,5760,3570.00,89.99,66.48,48
46080,5760,3205.55,87.50,92.49,48
46080,5760,3611.58,90.79,82.29,48
46080,5760,3584.66,89.45,45.66,48
46464,5808,3674.87,90.30,57.08,48
46464,5808,3549.44,91.25,112.04,48
46464,5808,2766.32,90.30,270.65,48
46464,5808,3348.63,89.94,99.95,48
46464,5808,3377.45,90.06,116.49,48
46464,5808,3815.67,89.11,0.00,48
46464,5808,2480.54,88.98,326.42,48
46464,5808,3527.13,89.39,37.42,48
46848,5856,2562.75,89.73,314.90,48
46848,5856,3786.62,90.43,25.80,48
46848,5856,3711.31,88.24,13.90,48
46848,5856,2601.31,89.60,268.87,48
46848,5856,3609.47,91.66,75.49,48
46848,5856,2801.72,85.46,191.09,48
46848,5856,2997.18,88.10,183.37,48
46848,5856,3585.47,91.33,94.97,48
47232,5904,3055.12,91.23,210.19,48
47232,5904,3335.90,89.10,99.03,48
47232,5904,3236.86,87.63,91.66,48
47232,5904,3726.73,91.27,65.13,48
47232,5904,3867.25,91.27,6.68,48
47232,5904,3697.15,89.52,41.53,48
47232,5904,3967.65,92.37,22.30,48
47232,5904,3791.96,91.18,31.81,48
47616,5952,3063.86,92.01,221.78,48
47616,5952,3731.63,89.95,24.47,48
47616,5952,2906.39,89.69,221.42,48
47616,5952,2939.90,85.58,115.08,48
47616,5952,3690.85,89.88,52.05,48
47616,5952,3333.95,91.03,147.24,48
47616,5952,2692.13,86.74,205.50,48
47616,5952,3884.51,91.17,21.46,48
48000,6000,3759.79,88.76,7.07,48
48000,6000,3358.18,89.20,71.46,48
48000,6000,3087.40,90.12,194.15,48
48000,6000,2341.11,88.93,333.28,48
48000,6000,2289.08,88.85,364.05,48
48000,6000,2801.07,90.45,274.01,48
48000,6000,3514.39,87.70,36.48,48
48000,6000,2713.54,90.16,279.57,48
48384,6048,3794.42,92.31,60.65,48
48384,6048,3730.10,90.27,68.82,48
48384,6048,1681.85,88.16,496.27,48
48384,6048,3649.71,90.33,46.68,48
48384,6048,3768.39,88.88,3.75,48
48384,6048,3224.50,88.30,106.09,48
48384,6048,2480.61,87.35,258.67,48
48384,6048,2603.52,89.85,290.99,48
48768,6096,2465.27,90.56,360.11,48
48768,6096,3141.15,86.97,126.19,48
48768,6096,3467.08,91.01,105.88,48
48768,6096,2401.11,88.22,287.88,48
48768,6096,3855.54,91.99,47.06,48
48768,6096,3120.57,89.64,146.32,48
48768,6096,2537.35,90.83,337.89,48
48768,6096,3520.01,89.99,68.00,48
49152,6144,3953.87,92.02,2.44,48
49152,6144,3696.67,88.60,3.83,48
49152,6144,3978.91,93.48,45.98,48
49152,6144,3891.47,92.30,25.98,48
49152,6144,2886.15,88.05,195.51,48
49152,6144,3566.62,89.31,48.51,48
49152,6144,2995.67,90.87,235.75,48
49152,6144,2829.58,87.09,202.38,48
49536,6192,3133.33,91.43,203.92,48
49536,6192,2974.90,89.15,224.75,48
49536,6192,3509.68,87.34,18.50,48
49536,6192,3847.90,88.79,0.01,48
49536,6192,3669.12,87.84,0.60,48
49536,6192,3008.14,90.20,210.76,48
49536,6192,3463.93,89.82,97.37,48
49536,6192,3249.76,88.09,104.96,48
49920,6240,3167.74,88.85,135.37,48
49920,6240,3109.70,86.36,99.22,48
49920,6240,2319.61,90.75,381.93,48
49920,6240,3866.90,90.77,0.68,48
49920,6240,3500.15,89.50,102.64,48
49920,6240,3339.13,90.16,124.79,48
49920,6240,3769.61,90.92,17.56,48
49920,6240,2769.22,87.71,241.46,48
50304,6288,3310.26,89.77,110.78,48
50304,6288,3177.46,87.81,107.17,48
50304,6288,2505.71,87.69,272.84,48
50304,6288,3447.87,90.10,106.27,48
50304,6288,2776.69,88.72,239.30,48
50304,6288,3610.12,87.40,14.75,48
50304,6288,3016.19,85.58,137.88,48
50304,6288,3288.98,86.88,88.50,48
50688,6336,3353.66,86.57,57.21,48
50688,6336,3735.13,91.43,44.01,48
50688,6336,3692.17,90.88,70.48,48
50688,6336,3034.53,87.04,129.44,48
50688,6336,1429.43,89.28,566.22,48
50688,6336,1780.64,90.39,519.47,48
50688,6336,3308.90,90.28,163.01,48
50688,6336,3518.19,89.49,67.11,48
51072,6384,2263.95,86.84,304.35,48
51072,6384,4097.43,91.54,9.11,48
51072,6384,3540.61,89.54,42.95,48
51072,6384,3904.18,90.84,0.72,48
51072,6384,3744.54,90.98,42.38,48
51072,6384,2801.64,90.65,283.65,48
51072,6384,3674.72,90.68,52.26,48
51072,6384,2943.63,90.56,227.86,48
51456,6432,3363.31,90.16,104.17,48
51456,6432,3430.09,91.60,117.95,48
51456,6432,3737.30,92.33,62.29,48
51456,6432,2754.47,86.92,240.94,48
51456,6432,3954.11,91.07,0.28,48
51456,6432,3539.59,91.23,104.47,48
51456,6432,3763.79,87.90,0.00,48
51456,6432,3913.22,90.46,5.33,48
51840,6480,3299.77,91.75,184.78,48
51840,6480,3115.63,86.90,114.45,48
51840,6480,3121.31,89.25,166.22,48
51840,6480,3760.94,91.86,78.87,48
51840,6480,3556.58,90.68,92.50,48
51840,6480,3652.46,88.22,21.35,48
51840,6480,3847.61,89.90,1.19,48
51840,6480,3373.17,88.02,57.74,48
52224,6528,3855.35,89.60,17.11,48
52224,6528,3541.14,88.12,33.04,48
52224,6528,3439.80,91.23,122.55,48
52224,6528,3435.34,88.30,78.26,48
52224,6528,2426.01,89.10,333.99,48
52224,6528,2381.56,89.17,338.90,48
52224,6528,2623.21,90.07,299.41,48
52224,6528,2676.04,91.44,319.93,48
52608,6576,3491.41,88.20,67.70,48
52608,6576,3806.36,90.61,28.65,48
52608,6576,3123.55,89.85,167.38,48
52608,6576,2890.75,89.38,240.22,48
52608,6576,2526.58,91.56,352.49,48
52608,6576,2899.86,90.76,251.92,48
52608,6576,3870.58,90.71,13.26,48
52608,6576,3590.22,88.16,29.72,48
52992,6624,3436.51,88.50,81.48,48
52992,6624,3909.82,90.73,2.51,48
52992,6624,3617.63,90.10,55.25,48
52992,6624,2975.70,85.88,128.24,48
52992,6624,2641.37,90.41,324.88,48
52992,6624,1332.95,90.50,609.56,48
52992,6624,2819.58,89.77,261.62,48
52992,6624,3337.51,90.15,148.37,48
53376,6672,2609.31,89.50,308.72,48
53376,6672,3436.68,89.67,89.43,48
53376,6672,3950.60,91.69,11.66,48
53376,6672,1268.05,90.94,657.34,48
53376,6672,2989.88,88.62,197.71,48
53376,6672,3624.98,91.79,84.49,48
53376,6672,3863.03,90.88,16.84,48
53376,6672,3902.16,90.70,2.30,48
53760,6720,3623.24,91.96,101.42,48
53760,6720,3879.84,90.40,22.27,48
53760,6720,3364.63,88.83,76.73,48
53760,6720,3199.34,88.68,122.29,48
53760,6720,3702.12,88.19,5.93,48
53760,6720,2291.86,90.77,382.23,48
53760,6720,3573.04,89.89,62.89,48
53760,6720,3251.11,89.59,141.13,48
54144,6768,3406.70,87.90,102.41,48
54144,6768,2846.11,89.56,251.03,48
54144,6768,2795.20,90.18,250.75,48
54144,6768,3570.30,87.79,2.36,48
54144,6768,3725.96,91.88,90.35,48
54144,6768,3158.81,89.25,150.68,48
54144,6768,3325.46,88.65,87.86,48
54144,6768,2794.80,91.64,300.11,48
54528,6816,3915.55,90.28,14.65,48
54528,6816,3387.76,88.57,66.20,48
54528,6816,3410.52,90.30,100.51,48
54528,6816,2568.74,91.73,347.24,48
54528,6816,2905.59,90.62,218.26,48
54528,6816,2885.82,91.07,234.45,48
54528,6816,3043.76,90.18,190.42,48
54528,6816,3766.17,89.69,16.73,48
54912,6864,3021.83,87.40,149.72,48
54912,6864,2627.79,88.73,272.57,48
54912,6864,3445.51,90.80,108.01,48
54912,6864,2790.60,90.20,237.13,48
54912,6864,3840.21,91.13,48.78,48
54912,6864,2706.97,88.34,242.85,48
54912,6864,3362.21,87.05,44.43,48
54912,6864,3619.86,87.67,8.16,48
55296,6912,3807.20,91.36,45.19,48
55296,6912,3107.75,87.03,121.60,48
55296,6912,2768.01,90.46,266.25,48
55296,6912,3737.28,88.57,0.26,48
55296,6912,2668.88,89.87,280.86,48
55296,6912,3070.32,84.93,77.20,48
55296,6912,3692.16,90.36,53.36,48
55296,6912,3223.46,87.42,81.59,48
55680,6960,3907.55,90.79,8.68,48
55680,6960,3215.85,87.99,129.15,48
55680,6960,3641.79,88.11,1.01,48
55680,6960,4007.46,92.23,3.37,48
55680,6960,3340.79,89.17,77.33,48
55680,6960,3392.93,91.17,161.42,48
55680,6960,3387.06,90.65,137.89,48
55680,6960,3757.49,89.35,2.01,48
56064,7008,3939.09,92.02,12.88,48
56064,7008,3399.86,91.76,133.67,48
56064,7008,2463.95,89.50,310.90,48
56064,7008,3581.55,91.01,93.01,48
56064,7008,3561.51,87.80,13.73,48
56064,7008,3739.87,91.20,55.10,48
56064,7008,3449.61,90.68,104.06,48
56064,7008,3377.48,92.01,152.53,48
56448,7056,3328.09,89.08,107.32,48
56448,7056,2891.87,89.14,226.97,48
56448,7056,3158.34,87.44,89.40,48
56448,7056,2815.16,89.86,250.75,48
56448,7056,2965.41,86.82,133.67,48
56448,7056,3691.63,88.83,27.01,48
56448,7056,2610.15,90.09,300.07,48
56448,7056,3614.65,88.52,35.09,48
56832,7104,3799.40,89.60,9.99,48
56832,7104,3945.47,91.10,2.83,48
56832,7104,3797.08,90.35,9.98,48
56832,7104,3740.03,88.31,0.26,48
56832,7104,3817.67,89.03,0.10,48
56832,7104,3637.80,90.18,53.19,48
56832,7104,2819.72,92.41,315.36,48
56832,7104,3350.63,86.92,104.59,48
57216,7152,3549.49,88.62,65.02,48
57216,7152,3180.21,90.94,175.54,48
57216,7152,3622.72,91.51,79.54,48
57216,7152,2524.51,89.86,315.53,48
57216,7152,3504.93,90.71,109.97,48
57216,7152,3823.78,90.56,35.11,48
57216,7152,3344.68,89.60,98.49,48
57216,7152,3510.62,87.43,45.52,48
57600,7200,2934.06,86.35,139.01,48
57600,7200,3151.61,91.00,185.05,48
57600,7200,3453.45,89.14,79.97,48
57600,7200,3498.91,86.34,11.92,48
57600,7200,1268.44,92.97,694.44,48
57600,7200,3419.54,85.11,0.00,48
57600,7200,3441.16,90.04,108.07,48
57600,7200,2578.95,90.10,314.51,48
57984,7248,2773.91,87.44,196.09,48
57984,7248,3375.60,88.86,92.86,48
57984,7248,3612.74,90.46,46.26,48
57984,7248,3692.86,88.42,8.92,48
57984,7248,579.21,90.76,831.82,48
57984,7248,3748.66,88.73,2.57,48
57984,7248,3526.67,88.34,42.63,48
57984,7248,3870.83,90.35,8.03,48
58368,7296,3486.06,88.33,35.12,48
58368,7296,3312.94,89.08,85.87,48
58368,7296,3420.28,89.55,84.76,48
58368,7296,3205.62,89.49,125.44,48
58368,7296,1595.45,87.82,544.78,48
58368,7296,3918.96,91.54,20.43,48
58368,7296,3520.99,88.92,53.43,48
58368,7296,2891.33,92.11,256.10,48
58752,7344,3499.08,90.46,78.99,48
58752,7344,2321.84,87.63,341.37,48
58752,7344,3277.52,90.52,138.53,48
58752,7344,3353.21,90.90,141.40,48
58752,7344,3750.38,91.38,75.60,48
58752,7344,3623.03,89.04,22.38,48
58752,7344,3897.49,90.58,0.72,48
58752,7344,2541.61,88.82,283.24,48
59136,7392,3602.37,91.05,72.43,48
59136,7392,3635.27,87.52,0.00,48
59136,7392,3695.63,91.33,73.34,48
59136,7392,3592.13,90.66,78.62,48
59136,7392,3823.67,90.46,17.20,48
59136,7392,3367.48,90.75,114.28,48
59136,7392,3947.85,92.24,12.45,48
59136,7392,3031.01,89.38,176.55,48
59520,7440,3706.95,91.40,76.91,48
59520,7440,3747.70,92.36,74.86,48
59520,7440,2378.84,88.41,322.16,48
59520,7440,3383.84,90.41,110.07,48
59520,7440,3684.03,88.92,0.01,48
59520,7440,1254.29,89.39,636.64,48
59520,7440,3401.38,89.37,83.57,48
59520,7440,3487.66,91.65,95.31,48
59904,7488,3792.53,89.53,12.24,48
59904,7488,3854.22,90.49,4.76,48
59904,7488,3236.88,92.05,192.09,48
59904,7488,3395.90,91.97,150.04,48
59904,7488,3845.71,89.89,6.17,48
59904,7488,3180.45,89.71,144.40,48
59904,7488,2688.98,90.53,286.88,48
59904,7488,3163.41,88.61,130.45,48
60288,7536,3626.60,88.72,28.16,48
60288,7536,3448.25,89.51,99.38,48
60288,7536,3326.50,87.38,113.08,48
60288,7536,3679.37,88.47,27.14,48
60288,7536,3492.20,89.53,75.65,48
60288,7536,3356.94,85.60,15.37,48
60288,7536,2930.77,88.67,211.73,48
60288,7536,3791.33,88.92,1.98,48
60672,7584,3688.62,89.16,10.03,48
60672,7584,3473.88,89.78,102.09,48
60672,7584,3253.32,88.54,100.00,48
60672,7584,2632.13,88.08,258.37,48
60672,7584,2323.26,88.35,335.21,48
60672,7584,3178.29,90.78,192.29,48
60672,7584,3345.90,89.99,97.51,48
60672,7584,1094.75,87.44,644.83,48
61056,7632,3616.22,88.89,35.39,48
61056,7632,3242.98,89.07,129.67,48
61056,7632,3127.19,90.15,201.39,48
61056,7632,3691.50,89.65,19.06,48
61056,7632,3385.35,87.03,34.79,48
61056,7632,3369.08,89.87,96.00,48
61056,7632,3265.37,89.88,149.39,48
61056,7632,3753.63,89.61,32.27,48
61440,7680,3524.67,89.84,80.24,48
61440,7680,1856.25,87.30,417.04,48
61440,7680,3182.33,88.91,125.19,48
61440,7680,2617.55,87.63,251.36,48
61440,7680,3102.97,87.77,131.99,48
61440,7680,3294.11,90.18,137.72,48
61440,7680,3875.06,91.20,21.85,48
61440,7680,2807.30,89.46,263.33,48
61824,7728,2624.01,92.67,363.95,48
61824,7728,3594.50,92.30,111.98,48
61824,7728,554.18,89.65,807.33,48
61824,7728,3568.14,89.19,43.22,48
61824,7728,3640.68,90.53,71.80,48
61824,7728,3317.43,89.57,111.45,48
61824,7728,3601.51,88.76,31.07,48
61824,7728,3329.09,90.20,158.35,48
62208,7776,3840.85,92.29,52.13,48
62208,7776,3612.41,88.71,20.40,48
62208,7776,769.50,88.61,699.23,48
62208,7776,3746.12,89.90,9.54,48
62208,7776,3146.12,88.63,136.68,48
62208,7776,3656.11,87.44,0.62,48
62208,7776,3856.88,91.57,17.19,48
62208,7776,3684.04,87.41,0.00,48
62592,7824,3663.63,90.57,45.75,48
62592,7824,3298.45,88.91,129.01,48
62592,7824,3617.38,89.21,7.99,48
62592,7824,2769.16,89.97,261.71,48
62592,7824,1884.21,88.24,443.09,48
62592,7824,3484.56,90.94,98.77,48
62592,7824,3412.24,89.02,100.61,48
62592,7824,3449.96,87.66,65.02,48
62976,7872,3968.17,91.17,4.44,48
62976,7872,3635.62,87.74,35.11,48
62976,7872,3564.30,92.09,103.19,48
62976,7872,2464.28,89.89,317.10,48
62976,7872,3808.02,90.41,0.72,48
62976,7872,3459.45,89.49,58.19,48
62976,7872,3581.20,91.95,87.42,48
62976,7872,3722.00,87.44,0.95,48
63360,7920,3363.38,87.36,81.69,48
63360,7920,2943.61,88.67,179.76,48
63360,7920,1167.11,89.70,633.18,48
63360,7920,3883.14,91.43,24.82,48
63360,7920,3401.58,90.06,103.53,48
63360,7920,2543.20,89.95,305.82,48
63360,7920,3680.67,87.63,0.75,48
63360,7920,3687.92,88.98,4.70,48
63744,7968,2895.88,89.68,228.62,48
63744,7968,2447.38,89.66,346.80,48
63744,7968,3177.21,92.72,237.60,48
63744,7968,2898.66,87.80,187.09,48
63744,7968,3413.39,89.10,91.09,48
63744,7968,2795.95,91.48,302.87,48
63744,7968,3206.65,91.61,190.57,48
63744,7968,3332.28,89.09,105.84,48
64128,8016,3661.54,89.69,60.71,48
64128,8016,3704.53,90.64,48.50,48
64128,8016,3756.58,90.26,32.22,48
64128,8016,3881.51,90.08,3.24,48
64128,8016,3599.68,89.96,59.16,48
64128,8016,3513.32,93.06,179.73,48
64128,8016,3399.99,90.84,134.72,48
64128,8016,2457.79,89.46,331.10,48
64512,8064,3590.95,89.19,64.16,48
64512,8064,3554.17,89.11,2.34,48
64512,8064,3534.79,89.29,66.07,48
64512,8064,3496.43,93.16,171.34,48
64512,8064,3290.02,88.79,131.99,48
64512,8064,3433.10,87.70,47.67,48
64512,8064,3088.94,92.30,231.24,48
64512,8064,3447.77,88.72,92.19,48
64896,8112,3855.77,92.60,50.10,48
64896,8112,3238.29,88.78,117.38,48
64896,8112,2825.65,91.50,278.38,48
64896,8112,2790.47,89.45,256.45,48
64896,8112,2851.02,90.75,259.62,48
64896,8112,2655.98,87.26,243.96,48
64896,8112,3450.12,89.29,71.85,48
64896,8112,3669.88,91.10,83.41,48
65280,8160,3648.75,92.06,103.32,48
65280,8160,3154.57,89.04,158.43,48
65280,8160,2774.94,90.98,283.47,48
65280,8160,3271.08,92.46,185.45,48
65280,8160,3697.13,90.18,18.02,48
65280,8160,2291.72,89.14,348.96,48
65280,8160,3551.11,88.17,26.34,48
65280,8160,3395.34,89.16,104.33,48
65664,8208,3274.45,91.43,168.86,48
65664,8208,3530.55,88.69,66.24,48
65664,8208,2273.15,89.42,382.33,48
65664,8208,2614.49,92.49,366.20,48
65664,8208,3970.65,91.08,9.09,48
65664,8208,4121.72,92.87,1.19,48
65664,8208,3812.32,92.70,76.68,48
65664,8208,3549.48,89.10,47.55,48
66048,8256,2925.80,89.07,236.48,48
66048,8256,3465.37,90.67,89.51,48
66048,8256,4022.96,92.00,2.59,48
66048,8256,3026.80,87.27,177.07,48
66048,8256,3484.27,91.46,108.48,48
66048,8256,3154.83,91.03,233.53,48
66048,8256,3872.79,90.90,28.45,48
66048,8256,2657.89,90.56,318.88,48
66432,8304,3982.11,90.91,4.48,48
66432,8304,3957.68,92.24,19.24,48
66432,8304,2913.99,88.99,211.45,48
66432,8304,3222.79,86.76,99.54,48
66432,8304,3584.05,92.43,141.70,48
66432,8304,3294.42,91.17,161.52,48
66432,8304,3599.24,88.22,12.22,48
66432,8304,1048.04,90.56,718.56,48
66816,8352,3272.80,91.37,163.66,48
66816,8352,2947.52,90.56,241.91,48
66816,8352,3580.87,89.43,47.82,48
66816,8352,3835.80,91.74,33.99,48
66816,8352,3910.59,92.72,59.51,48
66816,8352,3479.89,88.62,49.75,48
66816,8352,3487.00,91.72,128.91,48
66816,8352,3599.39,92.70,120.67,48
67200,8400,3699.46,89.11,34.61,48
67200,8400,3739.80,90.14,8.72,48
67200,8400,3579.19,87.57,19.22,48
67200,8400,3968.34,91.08,2.76,48
67200,8400,3577.36,90.19,62.80,48
67200,8400,3648.46,90.92,79.27,48
67200,8400,3499.81,89.17,44.55,48
67200,8400,3710.38,91.72,68.19,48
67584,8448,3871.39,90.44,10.30,48
67584,8448,1664.38,92.11,612.59,48
67584,8448,3035.02,89.93,192.45,48
67584,8448,3792.06,88.48,1.40,48
67584,8448,2666.82,90.37,305.67,48
67584,8448,3911.27,92.42,39.43,48
67584,8448,3531.06,89.20,76.47,48
67584,8448,3988.95,91.89,13.59,48
67968,8496,3513.46,92.21,140.43,48
67968,8496,3851.76,90.90,25.85,48
67968,8496,3665.94,89.40,50.07,48
67968,8496,3636.07,88.15,31.02,48
67968,8496,3839.46,90.74,22.00,48
67968,8496,3708.96,89.55,0.78,48
67968,8496,3128.00,87.82,123.50,48
67968,8496,3384.64,90.79,114.14,48
68352,8544,3155.83,90.14,192.56,48
68352,8544,2727.34,88.35,248.67,48
68352,8544,2563.13,87.77,275.63,48
68352,8544,3767.47,90.31,27.38,48
68352,8544,3881.72,91.59,29.62,48
68352,8544,3753.29,88.96,6.22,48
68352,8544,3782.42,88.85,9.49,48
68352,8544,2909.34,87.37,151.25,48
68736,8592,3977.46,90.87,0.00,48
68736,8592,3932.64,90.35,1.21,48
68736,8592,2520.02,91.80,375.87,48
68736,8592,3451.34,91.49,127.28,48
68736,8592,3967.55,91.61,0.10,48
68736,8592,3521.80,89.49,66.90,48
68736,8592,2727.76,88.27,202.91,48
68736,8592,3837.44,91.66,46.12,48
69120,8640,3454.94,89.40,69.37,48
69120,8640,3800.72,92.32,62.63,48
69120,8640,561.35,92.91,874.46,48
69120,8640,3709.03,90.14,32.31,48
69120,8640,3584.05,89.64,73.70,48
69120,8640,3548.04,92.66,134.00,48
69120,8640,3619.27,91.21,77.95,48
69120,8640,3662.36,87.98,6.77,48
69504,8688,2822.23,89.95,260.12,48
69504,8688,3591.00,90.17,78.51,48
69504,8688,850.15,89.73,727.74,48
69504,8688,3668.57,91.15,66.13,48
69504,8688,3622.41,88.97,27.76,48
69504,8688,3088.86,90.42,171.02,48
69504,8688,3810.07,91.21,45.94,48
69504,8688,3149.97,88.11,140.28,48
69888,8736,3364.73,90.24,141.84,48
69888,8736,3701.51,90.05,28.40,48
69888,8736,3637.37,90.68,45.47,48
69888,8736,3637.58,91.18,89.57,48
69888,8736,3858.77,90.35,4.18,48
69888,8736,3602.50,90.61,71.75,48
69888,8736,3135.40,88.58,147.06,48
69888,8736,3618.36,88.65,42.55,48
70272,8784,3906.06,91.87,27.73,48
70272,8784,3976.35,92.58,42.04,48
70272,8784,3654.24,88.71,13.25,48
70272,8784,3838.03,90.77,36.02,48
70272,8784,2504.83,89.14,313.82,48
70272,8784,2929.49,89.50,216.33,48
70272,8784,1628.82,89.50,542.63,48
70272,8784,3477.14,91.92,125.00,48
70656,8832,3732.55,91.71,74.59,48
70656,8832,3825.91,90.02,0.10,48
70656,8832,2630.24,88.29,283.06,48
70656,8832,3410.94,88.17,85.90,48
70656,8832,3461.58,89.60,72.06,48
70656,8832,3609.22,89.33,21.19,48
70656,8832,3000.68,88.69,180.61,48
70656,8832,3379.99,92.70,187.30,48
71040,8880,3050.16,91.89,239.49,48
71040,8880,3286.24,90.66,153.57,48
71040,8880,3245.45,88.73,117.30,48
71040,8880,3200.89,90.66,180.74,48
71040,8880,3478.95,85.36,14.99,48
71040,8880,2499.00,90.17,361.31,48
71040,8880,3681.80,90.71,46.36,48
71040,8880,3782.23,89.75,14.16,48
71424,8928,2818.39,89.49,239.53,48
71424,8928,2938.88,90.57,255.65,48
71424,8928,2528.33,91.51,351.88,48
71424,8928,3944.34,90.51,0.00,48
71424,8928,2911.95,90.07,235.83,48
71424,8928,3124.40,90.69,172.40,48
71424,8928,3160.08,88.98,153.49,48
71424,8928,3577.90,86.45,27.75,48
71808,8976,3774.51,89.99,17.28,48
71808,8976,2849.76,90.09,225.14,48
71808,8976,3914.38,91.85,24.91,48
71808,8976,3778.70,88.39,8.53,48
71808,8976,2846.71,92.34,324.18,48
71808,8976,3642.81,92.88,126.78,48
71808,8976,3341.40,92.57,180.45,48
71808,8976,3778.66,88.72,0.28,48
72192,9024,3033.18,89.31,205.03,48
72192,9024,2941.40,90.47,265.58,48
72192,9024,3305.11,87.52,73.38,48
72192,9024,3406.82,91.42,147.57,48
72192,9024,3209.63,90.51,174.53,48
72192,9024,3370.89,90.00,128.74,48
72192,9024,3878.15,92.42,49.75,48
72192,9024,2882.81,89.25,205.73,48
72576,9072,3500.72,87.99,45.32,48
72576,9072,3862.77,88.87,10.71,48
72576,9072,3956.35,91.99,2.65,48
72576,9072,3416.21,91.29,165.01,48
72576,9072,3556.19,90.76,70.63,48
72576,9072,2277.40,89.92,383.00,48
72576,9072,2111.30,92.20,459.30,48
72576,9072,3435.89,88.36,38.44,48
72960,9120,3529.40,89.14,70.01,48
72960,9120,2521.37,90.59,343.89,48
72960,9120,3843.65,91.77,25.73,48
72960,9120,3121.91,91.53,233.71,48
72960,9120,2638.38,88.92,260.99,48
72960,9120,3085.01,91.45,213.36,48
72960,9120,2838.73,90.43,281.95,48
72960,9120,3600.01,92.42,105.45,48
73344,9168,2706.99,92.00,323.93,48
73344,9168,3164.41,87.65,124.70,48
73344,9168,2731.80,87.24,247.11,48
73344,9168,3482.13,89.84,93.83,48
73344,9168,3970.45,93.12,55.66,48
73344,9168,3751.32,90.78,45.08,48
73344,9168,3947.29,90.47,3.59,48
73344,9168,3905.32,91.71,20.78,48
73728,9216,3528.18,89.35,71.49,48
73728,9216,3453.27,87.55,28.17,48
73728,9216,2603.31,89.19,301.83,48
73728,9216,3804.11,90.85,61.49,48
73728,9216,3910.81,92.50,41.86,48
73728,9216,3553.28,91.05,105.15,48
73728,9216,2268.57,89.20,357.37,48
73728,9216,3851.42,91.01,15.44,48
74112,9264,4075.38,92.69,14.93,48
74112,9264,3840.22,90.54,13.68,48
74112,9264,3552.39,87.25,8.52,48
74112,9264,3737.97,89.99,44.86,48
74112,9264,3809.87,89.13,8.28,48
74112,9264,3615.42,90.47,40.88,48
74112,9264,1735.29,89.59,535.24,48
74112,9264,3488.79,87.22,32.83,48
74496,9312,3957.08,91.13,0.72,48
74496,9312,3367.26,89.11,90.77,48
74496,9312,3863.45,90.67,16.55,48
74496,9312,3560.91,89.85,77.07,48
74496,9312,3682.89,89.99,29.78,48
74496,9312,3500.98,90.85,122.77,48
74496,9312,3246.46,86.09,61.24,48
74496,9312,3776.44,91.65,56.66,48
74880,9360,3910.71,90.63,1.16,48
74880,9360,3840.97,93.31,90.22,48
74880,9360,3251.79,90.87,159.87,48
74880,9360,3220.48,91.09,169.39,48
74880,9360,3543.97,89.18,32.53,48
74880,9360,2894.70,89.46,239.23,48
74880,9360,3028.00,91.76,252.50,48
74880,9360,3509.93,90.80,90.11,48
75264,9408,3649.78,90.70,61.78,48
75264,9408,3973.30,92.33,29.82,48
75264,9408,3243.06,87.81,122.11,48
75264,9408,3720.09,91.35,65.56,48
75264,9408,3335.33,90.94,153.47,48
75264,9408,3887.20,90.67,31.13,48
75264,9408,4121.80,92.65,1.28,48
75264,9408,3806.57,89.29,1.37,48
75648,9456,3865.98,89.22,0.88,48
75648,9456,3533.34,90.61,85.94,48
75648,9456,3765.64,88.62,5.91,48
75648,9456,3667.06,91.40,71.03,48
75648,9456,2768.94,90.35,269.01,48
75648,9456,3442.57,87.81,51.22,48
75648,9456,3899.36,90.33,7.35,48
75648,9456,3605.74,89.17,62.74,48
76032,9504,3274.50,89.18,105.26,48
76032,9504,2594.59,92.38,358.32,48
76032,9504,2311.25,88.85,363.69,48
76032,9504,3713.90,91.94,87.85,48
76032,9504,3806.16,92.41,88.26,48
76032,9504,3477.81,90.18,67.27,48
76032,9504,3957.57,92.34,28.78,48
76032,9504,3861.64,91.49,33.80,48
76416,9552,2674.90,88.12,251.69,48
76416,9552,3298.03,87.77,112.11,48
76416,9552,2727.57,90.56,282.79,48
76416,9552,3845.53,90.67,10.47,48
76416,9552,711.42,91.18,787.34,48
76416,9552,3621.17,90.26,54.18,48
76416,9552,3990.19,91.99,28.34,48
76416,9552,3390.42,92.32,143.84,48
76800,9600,3078.98,90.35,209.64,48
76800,9600,3483.15,91.06,126.02,48
76800,9600,3746.90,90.35,17.13,48
76800,9600,3429.98,88.55,90.63,48
76800,9600,3487.91,91.15,116.20,48
76800,9600,4038.12,91.95,10.45,48
76800,9600,2505.64,93.16,400.17,48
76800,9600,3722.16,89.26,29.92,48
77184,9648,3747.62,89.26,17.80,48
77184,9648,3735.43,90.47,17.29,48
77184,9648,2924.22,90.31,245.53,48
77184,9648,3553.57,89.53,64.73,48
77184,9648,2881.34,90.41,228.12,48
77184,9648,2657.40,91.73,329.04,48
77184,9648,3320.12,91.24,142.29,48
77184,9648,3661.69,88.92,6.40,48
77568,9696,3876.28,89.97,10.22,48
77568,9696,855.32,89.28,744.72,48
77568,9696,2818.74,90.40,286.47,48
77568,9696,3388.81,90.62,131.18,48
77568,9696,1607.14,86.27,478.51,48
77568,9696,3545.50,89.36,33.99,48
77568,9696,3559.43,94.36,171.25,48
77568,9696,3402.63,89.68,107.81,48
77952,9744,3446.15,88.12,60.26,48
77952,9744,3231.39,90.76,177.54,48
77952,9744,3656.55,88.98,47.07,48
77952,9744,2545.17,91.79,371.35,48
77952,9744,3728.12,90.23,25.11,48
77952,9744,3921.62,90.73,12.56,48
77952,9744,3599.04,89.89,71.41,48
77952,9744,857.79,91.29,750.90,48
78336,9792,3859.88,92.11,46.10,48
78336,9792,3145.74,87.33,99.79,48
78336,9792,3769.82,88.41,20.00,48
78336,9792,3039.40,87.61,157.69,48
78336,9792,2571.90,93.51,392.93,48
78336,9792,3693.83,88.79,6.39,48
78336,9792,3576.45,91.85,114.56,48
78336,9792,3231.02,90.30,169.96,48
78720,9840,3791.02,89.18,12.59,48
78720,9840,2946.32,89.49,236.80,48
78720,9840,3616.76,88.06,41.73,48
78720,9840,2709.36,89.36,264.62,48
78720,9840,2839.31,89.77,246.92,48
78720,9840,3105.71,90.44,214.92,48
78720,9840,3928.98,91.75,19.05,48
78720,9840,4032.17,92.47,1.48,48
79104,9888,3512.25,88.40,26.83,48
79104,9888,2881.04,91.71,274.68,48
79104,9888,3566.21,90.59,73.42,48
79104,9888,3470.64,90.07,97.99,48
79104,9888,3538.18,89.77,48.47,48
79104,9888,3062.80,86.18,118.14,48
79104,9888,3110.71,90.28,187.94,48
79104,9888,3793.11,89.99,9.13,48
79488,9936,3696.17,89.04,18.31,48
79488,9936,3300.68,88.08,95.00,48
79488,9936,3173.97,90.18,169.11,48
79488,9936,4036.00,92.34,30.62,48
79488,9936,2696.15,88.72,278.60,48
79488,9936,2854.29,87.73,182.71,48
79488,9936,3386.81,92.68,169.74,48
79488,9936,3682.81,92.20,100.55,48
79872,9984,2502.70,92.68,399.13,48
79872,9984,3264.03,89.86,143.32,48
79872,9984,3555.74,89.47,46.19,48
79872,9984,3739.48,91.15,53.06,48
79872,9984,3791.07,91.16,45.58,48
79872,9984,3937.43,93.01,54.70,48
79872,9984,3471.61,87.74,37.75,48
79872,9984,3870.92,90.47,25.37,48
80256,10032,3780.19,89.70,19.30,48
80256,10032,3673.55,87.73,4.79,48
80256,10032,4003.28,93.80,59.35,48
80256,10032,3900.28,90.98,5.97,48
80256,10032,3776.15,93.75,102.35,48
80256,10032,3232.72,91.87,202.74,48
80256,10032,3471.61,89.41,83.04,48
80256,10032,3713.57,89.57,6.88,48
80640,10080,3774.52,89.96,21.49,48
80640,10080,3037.46,87.12,111.81,48
80640,10080,3374.78,91.56,163.62,48
80640,10080,3652.85,91.87,94.08,48
80640,10080,2836.91,92.08,290.15,48
80640,10080,3127.79,90.70,197.42,48
80640,10080,2642.31,90.80,321.47,48
80640,10080,3206.71,91.32,183.56,48
81024,10128,3800.13,93.27,109.60,48
81024,10128,3485.94,89.51,97.47,48
81024,10128,3304.57,88.97,99.90,48
81024,10128,3292.40,88.14,82.57,48
81024,10128,3800.99,88.76,13.65,48
81024,10128,3930.49,90.68,6.31,48
81024,10128,3517.25,90.81,93.19,48
81024,10128,3266.40,88.97,112.20,48
81408,10176,4029.26,91.85,15.00,48
81408,10176,3502.89,90.97,107.91,48
81408,10176,3387.37,88.49,87.03,48
81408,10176,3443.72,90.11,123.23,48
81408,10176,3626.98,88.34,17.49,48
81408,10176,3536.30,90.37,96.38,48
81408,10176,3780.25,89.93,22.97,48
81408,10176,3820.74,89.11,2.59,48
81792,10224,4070.13,92.09,7.84,48
81792,10224,1516.65,89.32,551.85,48
81792,10224,3717.44,89.28,9.10,48
81792,10224,3816.59,90.94,21.50,48
81792,10224,3682.04,89.08,29.84,48
81792,10224,3650.68,89.61,68.55,48
81792,10224,3799.31,91.00,28.15,48
81792,10224,2763.10,90.14,256.20,48
82176,10272,3896.41,91.96,58.45,48
82176,10272,3440.99,90.72,124.04,48
82176,10272,3574.57,89.65,82.13,48
82176,10272,3770.81,90.89,37.28,48
82176,10272,3091.45,90.84,205.47,48
82176,10272,4056.31,92.07,30.19,48
82176,10272,3778.14,89.58,15.28,48
82176,10272,3336.18,89.60,113.50,48
82560,10320,3430.21,90.17,91.87,48
82560,10320,2410.75,92.06,406.76,48
82560,10320,2864.66,90.73,247.06,48
82560,10320,2821.30,87.94,203.59,48
82560,10320,3161.57,90.23,175.57,48
82560,10320,3368.05,88.35,85.58,48
82560,10320,3920.70,92.16,47.00,48
82560,10320,3583.26,90.89,112.73,48
82944,10368,3967.09,91.27,5.62,48
82944,10368,3683.14,91.64,85.07,48
82944,10368,3799.54,91.51,33.87,48
82944,10368,3901.31,91.45,34.90,48
82944,10368,3366.02,88.89,88.64,48
82944,10368,3859.88,92.66,61.66,48
82944,10368,4046.75,93.81,54.61,48
82944,10368,3492.92,89.87,99.37,48
83328,10416,1848.77,89.29,499.27,48
83328,10416,3884.02,90.42,4.01,48
83328,10416,3441.63,89.03,95.93,48
83328,10416,3325.53,91.45,167.53,48
83328,10416,3672.51,90.45,67.82,48
83328,10416,3503.27,89.10,89.53,48
83328,10416,2980.32,91.50,235.74,48
83328,10416,3685.34,90.04,48.56,48
83712,10464,2577.19,90.92,362.19,48
83712,10464,3364.11,89.97,80.83,48
83712,10464,1926.04,90.56,488.61,48
83712,10464,3318.61,93.33,219.31,48
83712,10464,3996.19,92.66,20.84,48
83712,10464,3355.47,89.14,104.13,48
83712,10464,3812.58,90.01,6.51,48
83712,10464,3742.00,89.71,13.79,48
84096,10512,987.92,91.76,747.04,48
84096,10512,2607.06,92.13,362.71,48
84096,10512,2791.16,91.37,308.64,48
84096,10512,3693.69,89.84,39.72,48
84096,10512,3433.53,90.05,108.26,48
84096,10512,3089.09,88.86,156.70,48
84096,10512,3059.27,86.96,137.15,48
84096,10512,3282.34,90.35,160.36,48
84480,10560,3931.79,89.81,0.10,48
84480,10560,3601.40,87.77,42.45,48
84480,10560,3391.80,92.88,170.39,48
84480,10560,3963.57,90.45,2.03,48
84480,10560,3857.75,90.84,20.05,48
84480,10560,2903.26,87.83,183.50,48
84480,10560,3036.96,89.60,183.67,48
84480,10560,3617.78,86.96,18.30,48
84864,10608,3510.40,87.55,15.65,48
84864,10608,3807.74,91.60,53.22,48
84864,10608,3830.93,90.60,13.83,48
84864,10608,3410.99,88.99,81.53,48
84864,10608,3263.07,87.24,108.53,48
84864,10608,2775.13,87.40,204.98,48
84864,10608,3485.03,89.11,61.31,48
84864,10608,3697.21,88.47,0.45,48
85248,10656,3296.27,90.49,152.31,48
85248,10656,3380.86,91.02,148.19,48
85248,10656,3695.50,91.22,81.04,48
85248,10656,3674.26,91.86,83.60,48
85248,10656,3630.08,92.27,110.92,48
85248,10656,3913.29,90.92,7.74,48
85248,10656,3746.79,89.50,0.72,48
85248,10656,3933.49,90.67,27.50,48
85632,10704,3898.97,91.01,20.08,48
85632,10704,3879.09,91.30,38.94,48
85632,10704,2498.33,88.15,272.67,48
85632,10704,3600.86,91.55,112.17,48
85632,10704,3648.73,91.47,65.13,48
85632,10704,2951.27,89.64,205.70,48
85632,10704,3627.55,89.68,68.26,48
85632,10704,3304.84,88.55,126.27,48
86016,10752,3732.18,91.80,53.53,48
86016,10752,3388.17,93.05,188.05,48
86016,10752,2727.68,90.58,282.75,48
86016,10752,3662.24,89.78,35.22,48
86016,10752,3245.56,90.15,131.36,48
86016,10752,2963.74,89.64,226.46,48
86016,10752,3649.71,88.26,20.22,48
86016,10752,3825.66,92.56,78.72,48
86400,10800,3635.27,92.96,144.53,48
86400,10800,3348.02,89.05,113.82,48
86400,10800,3589.66,92.75,132.69,48
86400,10800,3830.54,90.54,17.47,48
86400,10800,3536.75,88.92,33.91,48
86400,10800,3830.62,90.17,19.51,48
86400,10800,3635.91,90.48,54.35,48
86400,10800,2639.06,91.13,324.65,48
86784,10848,3897.15,90.58,1.34,48
86784,10848,3317.66,91.32,155.04,48
86784,10848,3842.09,90.91,18.52,48
86784,10848,3989.04,91.43,1.56,48
86784,10848,3726.87,89.81,15.58,48
86784,10848,3067.92,89.48,208.81,48
86784,10848,3527.45,88.35,62.26,48
86784,10848,3463.89,89.52,73.46,48
87168,10896,2868.72,87.38,176.82,48
87168,10896,3595.08,89.15,65.32,48
87168,10896,3957.06,90.98,4.88,48
87168,10896,3088.16,92.61,250.89,48
87168,10896,3154.11,90.53,185.84,48
87168,10896,2475.12,88.92,336.31,48
87168,10896,3305.31,90.90,171.98,48
87168,10896,3517.16,90.99,103.98,48
87552,10944,3024.04,89.46,197.37,48
87552,10944,1767.03,90.70,523.46,48
87552,10944,3882.88,91.97,34.96,48
87552,10944,3915.96,90.50,17.21,48
87552,10944,3417.21,91.12,109.31,48
87552,10944,3646.95,91.56,84.77,48
87552,10944,3840.00,89.67,3.60,48
87552,10944,3332.28,91.48,176.26,48
87936,10992,3744.79,92.17,75.31,48
87936,10992,3848.01,90.29,26.76,48
87936,10992,3701.82,88.19,16.85,48
87936,10992,3093.20,88.64,169.92,48
87936,10992,3649.79,89.72,38.29,48
87936,10992,3661.54,90.33,50.11,48
87936,10992,2801.72,88.41,223.34,48
87936,10992,3485.38,88.59,67.95,48
88320,11040,2736.52,88.76,259.58,48
88320,11040,3525.23,90.33,89.59,48
88320,11040,3759.65,88.22,10.98,48
88320,11040,3872.99,89.94,17.24,48
88320,11040,3587.15,91.13,87.67,48
88320,11040,4036.24,92.82,15.83,48
88320,11040,2667.83,90.98,309.00,48
88320,11040,4123.21,91.93,1.92,48
88704,11088,3856.34,91.11,31.01,48
88704,11088,3651.94,92.15,98.18,48
88704,11088,3315.79,88.48,113.46,48
88704,11088,2717.26,89.57,251.92,48
88704,11088,3556.99,90.31,107.63,48
88704,11088,4037.41,92.26,16.06,48
88704,11088,3744.01,88.59,18.41,48
88704,11088,2974.80,89.65,222.21,48
89088,11136,3825.70,90.60,44.56,48
89088,11136,3646.39,89.05,19.01,48
89088,11136,3884.84,90.27,15.41,48
89088,11136,3402.13,92.35,176.73,48
89088,11136,4145.68,94.20,44.65,48
89088,11136,3571.03,91.22,73.74,48
89088,11136,2910.24,89.41,242.77,48
89088,11136,3801.53,89.87,19.40,48
89472,11184,3813.63,90.80,11.02,48
89472,11184,3406.78,87.22,57.72,48
89472,11184,3698.44,89.88,35.97,48
89472,11184,3416.61,89.94,111.76,48
89472,11184,3694.00,90.48,53.48,48
89472,11184,3072.09,88.58,156.43,48
89472,11184,2627.58,89.75,303.95,48
89472,11184,4037.53,92.00,2.26,48
89856,11232,3751.12,89.23,6.25,48
89856,11232,3984.25,92.29,16.54,48
89856,11232,3861.63,92.37,64.10,48
89856,11232,2864.22,89.25,243.80,48
89856,11232,3620.72,91.72,96.87,48
89856,11232,3961.40,93.44,61.74,48
89856,11232,3891.72,92.21,42.65,48
89856,11232,3359.64,88.94,99.94,48
90240,11280,2498.08,90.35,346.34,48
90240,11280,3485.09,91.96,111.56,48
90240,11280,3762.68,90.93,45.68,48
90240,11280,2854.48,90.61,277.92,48
90240,11280,3674.56,87.95,13.96,48
90240,11280,3786.71,91.00,35.97,48
90240,11280,3912.64,90.29,25.13,48
90240,11280,3773.25,92.42,80.59,48
90624,11328,3402.94,89.88,106.36,48
90624,11328,3735.51,90.11,27.77,48
90624,11328,3977.02,92.98,64.52,48
90624,11328,2876.87,89.01,236.48,48
90624,11328,3551.91,89.59,73.72,48
90624,11328,3893.47,90.36,9.81,48
90624,11328,2931.09,91.16,236.74,48
90624,11328,3310.48,92.51,204.98,48
91008,11376,3909.88,90.62,28.10,48
91008,11376,3948.35,89.93,0.68,48
91008,11376,3367.49,91.86,151.16,48
91008,11376,2942.29,89.85,214.59,48
91008,11376,4058.26,91.78,3.64,48
91008,11376,3460.29,91.06,123.62,48
91008,11376,3783.82,90.10,7.02,48
91008,11376,4005.97,91.82,1.46,48
91392,11424,4011.76,91.89,12.84,48
91392,11424,2703.79,90.55,282.40,48
91392,11424,3640.17,87.96,21.65,48
91392,11424,3721.03,90.08,21.87,48
91392,11424,3604.31,89.99,92.06,48
91392,11424,3196.69,90.77,178.71,48
91392,11424,3430.46,90.44,113.27,48
91392,11424,2548.08,89.84,312.79,48
91776,11472,3384.93,87.17,85.62,48
91776,11472,3515.17,89.74,80.45,48
91776,11472,3457.78,88.97,92.94,48
91776,11472,3670.89,90.44,35.86,48
91776,11472,2576.81,92.45,362.43,48
91776,11472,3886.32,90.75,2.85,48
91776,11472,2873.61,90.24,246.61,48
91776,11472,3752.59,89.02,18.45,48
92160,11520,2833.66,91.78,287.13,48
92160,11520,3809.07,90.84,27.70,48
92160,11520,2542.45,87.76,254.77,48
92160,11520,3703.65,88.47,1.82,48
92160,11520,2744.62,90.32,261.27,48
92160,11520,3957.09,90.26,7.02,48
92160,11520,3374.50,90.49,115.64,48
92160,11520,3467.21,84.75,1.63,48
92544,11568,3674.55,90.74,45.95,48
92544,11568,3922.86,93.30,57.88,48
92544,11568,2687.10,89.94,264.05,48
92544,11568,3008.45,91.12,232.54,48
92544,11568,3601.73,88.39,35.49,48
92544,11568,2797.67,90.32,281.71,48
92544,11568,2444.49,89.21,332.51,48
92544,11568,3015.55,90.82,224.72,48
92928,11616,3777.32,89.17,2.30,48
92928,11616,3432.63,89.34,78.04,48
92928,11616,2907.10,91.93,273.08,48
92928,11616,3950.35,91.77,20.25,48
92928,11616,3544.19,91.72,92.95,48
92928,11616,3543.82,90.88,99.92,48
92928,11616,3712.18,90.56,36.74,48
92928,11616,3890.48,92.14,26.16,48
93312,11664,3040.19,91.27,241.45,48
93312,11664,2814.28,90.64,258.28,48
93312,11664,1275.81,89.19,621.06,48
93312,11664,3048.62,90.04,205.26,48
93312,11664,3550.55,89.98,58.91,48
93312,11664,3810.81,89.97,39.61,48
93312,11664,3323.74,89.58,125.03,48
93312,11664,3004.22,93.16,287.17,48
93696,11712,3704.55,91.33,69.02,48
93696,11712,3859.45,91.37,21.39,48
93696,11712,2925.94,90.41,208.92,48
93696,11712,3070.44,88.79,146.92,48
93696,11712,3552.67,89.72,59.30,48
93696,11712,3667.66,88.76,15.59,48
93696,11712,3904.63,91.30,1.34,48
93696,11712,1684.61,91.60,576.19,48
94080,11760,3820.33,90.04,8.39,48
94080,11760,3299.86,87.65,63.89,48
94080,11760,3650.87,90.94,82.90,48
94080,11760,3106.22,89.55,173.55,48
94080,11760,3928.94,89.15,3.24,48
94080,11760,3772.29,88.31,0.60,48
94080,11760,3570.08,90.58,83.99,48
94080,11760,3708.61,92.84,99.88,48
94464,11808,3401.87,89.39,107.03,48
94464,11808,3213.75,91.24,161.74,48
94464,11808,3755.11,90.62,15.63,48
94464,11808,2969.00,93.14,281.95,48
94464,11808,3273.75,87.06,59.18,48
94464,11808,3347.18,90.02,106.68,48
94464,11808,3683.14,89.60,15.83,48
94464,11808,3831.67,91.89,47.75,48
94848,11856,3738.84,92.00,65.57,48
94848,11856,3422.77,88.85,109.28,48
94848,11856,3330.82,90.87,173.39,48
94848,11856,3449.52,89.16,78.10,48
94848,11856,3572.48,90.63,80.29,48
94848,11856,3347.04,89.32,92.53,48
94848,11856,3750.21,90.40,23.38,48
94848,11856,3694.55,91.09,73.78,48
95232,11904,3156.68,90.91,153.84,48
95232,11904,3892.77,91.22,15.07,48
95232,11904,3679.06,89.47,28.53,48
95232,11904,3738.21,91.90,88.24,48
95232,11904,3390.48,88.00,79.31,48
95232,11904,3700.14,88.51,14.68,48
95232,11904,4012.90,91.96,2.64,48
95232,11904,3781.29,89.96,25.17,48
95616,11952,3727.14,90.26,44.24,48
95616,11952,3532.20,89.12,67.44,48
95616,11952,3848.63,90.59,8.27,48
95616,11952,4017.80,91.10,1.14,48
95616,11952,2476.44,88.29,301.41,48
95616,11952,3109.90,90.55,186.43,48
95616,11952,3394.11,90.44,148.40,48
95616,11952,2125.05,89.19,404.00,48
96000,12000,3533.25,88.36,46.78,48
96000,12000,3841.69,89.73,12.33,48
96000,12000,2827.42,91.64,311.63,48
96000,12000,2473.65,91.44,343.53,48
96000,12000,3757.37,89.25,6.77,48
96000,12000,4085.59,92.16,0.43,48
96000,12000,3635.64,86.85,3.75,48
96000,12000,4024.24,92.59,11.46,48
96384,12048,3695.37,88.19,3.29,48
96384,12048,3525.10,92.32,135.88,48
96384,12048,2953.69,92.09,257.88,48
96384,12048,3840.84,90.29,1.88,48
96384,12048,3843.12,92.16,78.08,48
96384,12048,3702.40,88.75,8.48,48
96384,12048,3688.83,89.85,23.59,48
96384,12048,2707.19,88.71,258.72,48
96768,12096,3888.56,91.92,30.67,48
96768,12096,1561.69,87.05,503.79,48
96768,12096,3558.42,88.61,29.76,48
96768,12096,2169.92,91.04,448.28,48
96768,12096,3873.74,89.03,1.55,48
96768,12096,1598.45,89.17,527.51,48
96768,12096,3088.19,89.83,175.59,48
96768,12096,3514.22,90.40,109.94,48
97152,12144,3712.78,91.87,78.58,48
97152,12144,3923.38,90.80,0.79,48
97152,12144,3834.63,90.32,36.16,48
97152,12144,3673.12,87.98,32.24,48
97152,12144,3769.92,89.64,4.99,48
97152,12144,3783.83,89.83,0.26,48
97152,12144,3868.73,91.41,7.66,48
97152,12144,3344.92,90.00,104.19,48
97536,12192,2909.22,88.12,198.83,48
97536,12192,3322.44,88.48,119.97,48
97536,12192,3636.95,92.20,95.48,48
97536,12192,3600.48,92.99,139.22,48
97536,12192,2919.18,91.28,258.27,48
97536,12192,3961.36,90.34,6.81,48
97536,12192,2711.40,88.40,259.03,48
97536,12192,3485.32,89.35,64.31,48
97920,12240,3452.05,91.92,115.61,48
97920,12240,3176.72,88.12,121.90,48
97920,12240,2648.59,90.91,312.26,48
97920,12240,3769.77,89.45,1.19,48
97920,12240,3930.71,92.64,33.01,48
97920,12240,3808.49,89.82,28.54,48
97920,12240,2574.44,90.02,313.03,48
97920,12240,3218.89,90.13,153.17,48
98304,12288,3894.90,93.49,62.91,48
98304,12288,3668.58,88.78,28.35,48
98304,12288,3400.18,92.25,155.86,48
98304,12288,3572.48,86.55,8.44,48
98304,12288,3679.74,88.15,1.97,48
98304,12288,3599.30,87.87,7.42,48
98304,12288,1748.00,90.63,552.17,48
98304,12288,3290.66,88.21,77.54,48
98688,12336,3718.64,89.44,44.50,48
98688,12336,1076.58,90.29,711.63,48
98688,12336,3923.87,91.32,11.39,48
98688,12336,3924.62,91.21,39.09,48
98688,12336,3438.84,90.44,128.96,48
98688,12336,4039.42,93.57,33.06,48
98688,12336,969.62,90.48,744.47,48
98688,12336,3890.32,90.70,18.50,48
99072,12384,2738.46,89.82,287.22,48
99072,12384,3957.93,91.44,23.95,48
99072,12384,3944.47,90.26,4.13,48
99072,12384,1969.78,89.65,474.87,48
99072,12384,3274.07,88.39,105.68,48
99072,12384,3241.44,89.85,157.30,48
99072,12384,3452.26,91.76,137.23,48
99072,12384,3784.73,91.22,39.25,48
99456,12432,2380.36,88.48,297.72,48
99456,12432,3746.23,91.18,51.30,48
99456,12432,3604.18,91.58,110.36,48
99456,12432,3652.59,90.79,57.69,48
99456,12432,3967.53,90.67,0.28,48
99456,12432,2605.23,91.31,331.27,48
99456,12432,3562.86,92.05,115.44,48
99456,12432,3237.31,91.98,204.36,48
99840,12480,3557.67,91.80,118.94,48
99840,12480,3852.35,89.88,0.93,48
99840,12480,3794.78,89.31,4.82,48
99840,12480,2851.97,91.82,294.45,48
99840,12480,3710.44,92.47,96.25,48
99840,12480,3682.18,91.44,96.41,48
99840,12480,4154.29,92.88,0.25,48
99840,12480,3038.75,91.72,248.02,48
100224,12528,3966.27,90.86,3.24,48
100224,12528,3305.54,90.48,142.26,48
100224,12528,3736.34,89.34,4.42,48
100224,12528,3540.84,90.46,67.81,48
100224,12528,4102.76,92.77,0.60,48
100224,12528,3679.69,90.74,60.18,48
100224,12528,3430.39,86.53,38.06,48
100224,12528,3318.01,90.67,152.37,48
100608,12576,4085.61,92.00,0.31,48
100608,12576,3736.56,89.80,26.71,48
100608,12576,3584.51,90.17,86.79,48
100608,12576,4081.06,92.12,1.17,48
100608,12576,3537.91,88.63,81.09,48
100608,12576,3659.01,91.14,83.84,48
100608,12576,2670.53,89.03,263.00,48
100608,12576,1837.31,89.70,477.87,48
100992,12624,3838.96,88.31,0.61,48
100992,12624,3540.38,90.81,103.98,48
100992,12624,3055.57,93.70,303.80,48
100992,12624,3003.30,91.83,247.12,48
100992,12624,3216.00,92.85,250.77,48
100992,12624,3922.05,91.14,13.56,48
100992,12624,3727.56,89.15,22.15,48
100992,12624,3780.93,91.22,44.69,48
101376,12672,3933.14,90.97,18.74,48
101376,12672,3362.57,90.62,112.47,48
101376,12672,3074.73,89.64,176.01,48
101376,12672,3628.06,91.55,89.15,48
101376,12672,3870.42,90.84,41.09,48
101376,12672,3562.94,90.00,77.83,48
101376,12672,3958.66,91.86,42.66,48
101376,12672,3797.78,91.54,65.44,48
101760,12720,3178.30,89.07,145.21,48
101760,12720,3477.33,92.71,162.62,48
101760,12720,3140.02,90.35,203.84,48
101760,12720,3896.23,90.38,0.83,48
101760,12720,3992.70,92.34,4.95,48
101760,12720,3306.33,89.23,113.34,48
101760,12720,3140.28,92.23,234.48,48
101760,12720,2680.89,90.29,281.60,48
102144,12768,3986.59,91.94,10.11,48
102144,12768,3915.63,90.07,6.95,48
102144,12768,3749.73,90.85,24.20,48
102144,12768,3556.58,93.39,140.30,48
102144,12768,2655.54,90.68,332.98,48
102144,12768,3854.41,91.01,26.45,48
102144,12768,3761.98,88.97,0.00,48
102144,12768,3790.84,89.51,17.08,48
102528,12816,2407.81,90.40,357.77,48
102528,12816,2606.13,89.63,299.05,48
102528,12816,3497.83,87.56,37.91,48
102528,12816,3839.15,89.47,10.08,48
102528,12816,3395.22,91.51,151.09,48
102528,12816,3417.31,90.95,148.55,48
102528,12816,3751.12,90.12,34.18,48
102528,12816,2570.40,89.48,296.60,48
102912,12864,3965.79,90.50,0.28,48
102912,12864,3811.12,90.97,39.82,48
102912,12864,3771.81,89.97,26.94,48
102912,12864,3662.87,89.31,34.29,48
102912,12864,3557.44,88.94,56.26,48
102912,12864,3060.71,89.93,213.98,48
102912,12864,2819.15,90.73,276.50,48
102912,12864,1496.98,89.88,563.44,48
103296,12912,3658.02,90.70,60.93,48
103296,12912,3787.31,90.78,57.69,48
103296,12912,2903.49,90.87,279.60,48
103296,12912,3519.72,90.31,110.89,48
103296,12912,2592.54,89.66,307.59,48
103296,12912,3700.50,90.54,49.95,48
103296,12912,3170.55,91.36,197.34,48
103296,12912,3797.31,90.95,29.57,48
103680,12960,3548.25,90.81,98.18,48
103680,12960,3798.64,89.39,0.05,48
103680,12960,3709.11,90.16,62.56,48
103680,12960,3982.02,92.37,9.19,48
103680,12960,3685.37,92.28,102.77,48
103680,12960,2909.10,92.01,295.51,48
103680,12960,3320.66,90.28,134.39,48
103680,12960,3977.44,91.09,0.31,48
104064,13008,3464.86,89.90,89.05,48
104064,13008,3415.14,90.21,122.42,48
104064,13008,2841.38,92.95,317.90,48
104064,13008,3432.63,89.46,84.93,48
104064,13008,3571.73,88.97,61.37,48
104064,13008,2814.96,90.98,299.72,48
104064,13008,3614.60,92.80,142.57,48
104064,13008,3589.55,90.21,57.15,48
104448,13056,4009.22,92.13,18.36,48
104448,13056,3566.44,91.39,92.89,48
104448,13056,3888.02,91.28,7.78,48
104448,13056,3449.31,88.09,73.58,48
104448,13056,3386.84,91.08,154.58,48
104448,13056,3658.57,87.82,7.63,48
104448,13056,4003.10,91.97,16.24,48
104448,13056,3073.87,90.04,233.53,48
104832,13104,3559.13,89.87,71.51,48
104832,13104,3379.36,89.66,137.19,48
104832,13104,1705.91,92.06,579.32,48
104832,13104,3557.45,91.38,101.50,48
104832,13104,3531.59,90.92,99.54,48
104832,13104,2833.31,89.77,234.07,48
104832,13104,3881.07,90.37,27.41,48
104832,13104,3599.86,91.01,95.02,48
105216,13152,4211.01,93.54,0.28,48
105216,13152,4103.75,94.16,49.72,48
105216,13152,3912.73,90.87,0.02,48
105216,13152,3246.09,90.09,147.62,48
105216,13152,2464.95,89.57,318.08,48
105216,13152,2918.63,91.99,264.17,48
105216,13152,3559.16,88.98,83.10,48
105216,13152,3685.25,91.25,65.97,48
105600,13200,3558.54,90.52,102.04,48
105600,13200,3862.58,91.95,60.35,48
105600,13200,3913.37,89.63,19.84,48
105600,13200,3735.85,89.58,4.63,48
105600,13200,2765.15,90.10,273.74,48
105600,13200,1551.39,90.33,556.41,48
105600,13200,2983.34,93.62,300.32,48
105600,13200,2635.75,91.80,358.10,48
105984,13248,3763.60,89.79,15.05,48
105984,13248,2997.16,91.39,236.23,48
105984,13248,3874.57,92.40,52.79,48
105984,13248,3658.35,92.04,104.01,48
105984,13248,3231.82,93.00,234.38,48
105984,13248,3893.64,91.20,0.76,48
105984,13248,3597.62,88.33,21.91,48
105984,13248,3768.71,91.64,59.09,48
106368,13296,3932.66,90.21,14.25,48
106368,13296,4023.46,91.67,1.52,48
106368,13296,3155.32,90.21,188.53,48
106368,13296,3621.98,89.35,52.84,48
106368,13296,3624.21,89.18,28.66,48
106368,13296,3055.98,92.62,266.77,48
106368,13296,2568.33,90.43,320.66,48
106368,13296,3305.06,87.37,68.43,48
106752,13344,2909.19,91.00,277.10,48
106752,13344,3661.39,92.33,116.26,48
106752,13344,3901.66,90.39,1.39,48
106752,13344,4019.13,91.80,27.58,48
106752,13344,2610.12,93.11,383.63,48
106752,13344,4039.38,91.34,0.99,48
106752,13344,3919.56,89.95,2.18,48
106752,13344,3654.99,92.66,110.70,48
107136,13392,1281.40,90.79,663.20,48
107136,13392,2744.46,90.38,284.62,48
107136,13392,3870.06,90.10,15.67,48
107136,13392,3751.15,91.04,44.35,48
107136,13392,3475.20,91.39,118.73,48
107136,13392,3232.02,91.47,200.58,48
107136,13392,3595.72,88.96,58.51,48
107136,13392,4113.47,91.57,0.60,48
107520,13440,3951.04,91.01,12.74,48
107520,13440,3740.37,89.14,0.58,48
107520,13440,3571.73,90.74,87.60,48
107520,13440,3719.33,91.18,50.12,48
107520,13440,3845.37,90.73,15.03,48
107520,13440,2810.31,91.05,311.53,48
107520,13440,3557.05,91.38,93.15,48
107520,13440,2861.44,90.79,257.61,48
107904,13488,2624.59,87.17,239.94,48
107904,13488,3914.44,91.30,9.15,48
107904,13488,3904.66,90.95,17.63,48
107904,13488,2766.76,91.88,327.77,48
107904,13488,2749.70,91.82,317.98,48
107904,13488,3656.23,89.09,11.39,48
107904,13488,3440.04,89.85,110.56,48
107904,13488,2656.74,94.10,399.81,48
108288,13536,3551.48,90.72,90.78,48
108288,13536,3409.12,89.50,86.63,48
108288,13536,3754.38,91.56,65.58,48
108288,13536,3741.64,90.20,13.86,48
108288,13536,3791.23,92.81,80.24,48
108288,13536,2716.09,89.84,282.01,48
108288,13536,3612.77,88.27,26.88,48
108288,13536,3873.36,91.13,31.53,48
108672,13584,3175.91,90.80,202.46,48
108672,13584,1576.12,91.68,623.32,48
108672,13584,2942.55,89.75,222.19,48
108672,13584,1081.17,87.30,649.44,48
108672,13584,3541.99,89.46,67.24,48
108672,13584,3465.95,89.16,83.23,48
108672,13584,3655.95,88.69,34.71,48
108672,13584,3962.59,91.98,19.51,48
109056,13632,4016.71,91.86,6.98,48
109056,13632,3395.33,89.27,59.74,48
109056,13632,980.32,88.83,689.00,48
109056,13632,4047.24,91.74,8.23,48
109056,13632,2650.00,90.82,306.98,48
109056,13632,3948.40,91.59,25.53,48
109056,13632,3493.16,92.93,149.47,48
109056,13632,3774.69,90.31,23.46,48
109440,13680,3658.19,89.52,44.24,48
109440,13680,2714.02,91.45,321.67,48
109440,13680,3807.88,90.87,50.97,48
109440,13680,3949.65,90.47,12.47,48
109440,13680,3446.76,89.03,74.60,48
109440,13680,3526.26,89.63,91.00,48
109440,13680,3600.37,87.31,12.89,48
109440,13680,3068.74,88.92,165.13,48
109824,13728,3739.51,88.72,28.58,48
109824,13728,2910.89,91.77,264.56,48
109824,13728,3345.69,89.91,117.79,48
109824,13728,2825.54,89.58,230.79,48
109824,13728,3227.25,92.49,205.43,48
109824,13728,3739.37,92.94,99.02,48
109824,13728,2849.06,89.29,236.73,48
109824,13728,3817.55,92.45,72.25,48
110208,13776,3122.30,92.10,248.35,48
110208,13776,3433.62,89.84,92.43,48
110208,13776,3866.14,92.51,61.14,48
110208,13776,3342.30,89.30,130.74,48
110208,13776,3867.91,91.66,30.71,48
110208,13776,3527.99,90.66,74.90,48
110208,13776,3637.24,88.97,5.74,48
110208,13776,3853.84,89.49,7.22,48
110592,13824,3771.72,92.57,85.77,48
110592,13824,2905.11,91.70,276.27,48
110592,13824,3520.21,88.37,69.60,48
110592,13824,3411.63,91.77,155.14,48
110592,13824,3734.47,88.46,0.00,48
110592,13824,2495.68,89.42,312.63,48
110592,13824,4052.46,92.29,19.65,48
110592,13824,3649.84,92.03,120.50,48
110976,13872,3853.58,92.70,76.45,48
110976,13872,2180.32,90.50,435.10,48
110976,13872,3190.08,90.12,181.61,48
110976,13872,3801.73,91.04,28.43,48
110976,13872,1040.29,89.89,725.65,48
110976,13872,2850.91,91.15,283.95,48
110976,13872,3673.17,91.13,61.97,48
110976,13872,3864.30,90.30,16.65,48
111360,13920,4097.69,91.84,9.95,48
111360,13920,904.98,87.76,678.99,48
111360,13920,1158.81,90.26,680.82,48
111360,13920,2746.57,88.80,254.68,48
111360,13920,4065.94,92.76,8.50,48
111360,13920,3936.30,92.08,34.10,48
111360,13920,4032.25,91.72,4.23,48
111360,13920,2991.90,91.42,267.21,48
111744,13968,3963.50,91.53,13.55,48
111744,13968,3992.98,90.78,8.27,48
111744,13968,3298.89,90.30,144.57,48
111744,13968,3024.44,92.72,273.03,48
111744,13968,3793.27,89.84,12.01,48
111744,13968,3542.81,92.31,127.78,48
111744,13968,3225.83,93.95,251.68,48
111744,13968,3754.76,89.24,13.52,48
112128,14016,3149.42,88.48,143.75,48
112128,14016,1694.46,91.71,567.52,48
112128,14016,4029.51,91.48,0.78,48
112128,14016,3827.72,89.67,5.20,48
112128,14016,2699.72,91.25,294.25,48
112128,14016,3751.26,88.19,19.35,48
112128,14016,3857.63,90.74,27.48,48
112128,14016,4213.63,93.29,5.46,48
112512,14064,3063.07,89.70,197.28,48
112512,14064,3653.54,92.30,103.92,48
112512,14064,3370.51,88.20,81.18,48
112512,14064,4085.84,93.63,21.38,48
112512,14064,3452.13,92.39,149.96,48
112512,14064,3429.17,88.68,88.86,48
112512,14064,3180.54,89.70,155.64,48
112512,14064,4062.51,92.08,6.95,48
112896,14112,3443.22,90.29,115.79,48
112896,14112,3709.27,91.21,67.94,48
112896,14112,3743.27,91.67,54.65,48
112896,14112,2696.47,88.69,262.83,48
112896,14112,3981.98,92.80,28.25,48
112896,14112,4047.86,92.00,0.31,48
112896,14112,3927.45,90.67,6.13,48
112896,14112,3517.02,90.12,89.90,48
113280,14160,3703.60,90.82,58.11,48
113280,14160,4095.52,92.78,9.11,48
113280,14160,3881.99,92.42,62.97,48
113280,14160,3587.46,90.67,78.85,48
113280,14160,3717.49,92.62,117.43,48
113280,14160,3495.73,89.70,79.08,48
113280,14160,3136.65,92.62,248.03,48
113280,14160,3462.91,90.45,125.03,48
113664,14208,3879.18,89.93,5.76,48
113664,14208,3762.43,90.66,54.39,48
113664,14208,3924.80,91.43,14.48,48
113664,14208,3454.54,90.12,130.13,48
113664,14208,3849.19,90.29,2.57,48
113664,14208,3652.48,91.40,81.43,48
113664,14208,3705.02,89.27,9.94,48
113664,14208,3868.50,90.10,16.96,48
114048,14256,3698.29,90.81,68.73,48
114048,14256,3378.73,92.68,188.29,48
114048,14256,1910.96,91.90,531.20,48
114048,14256,3660.51,89.61,82.99,48
114048,14256,3443.45,91.91,160.95,48
114048,14256,3733.04,91.12,60.64,48
114048,14256,3741.59,91.37,71.59,48
114048,14256,1875.80,89.80,477.60,48
114432,14304,3974.91,93.71,73.87,48
114432,14304,3031.10,89.20,191.75,48
114432,14304,3329.16,90.46,153.63,48
114432,14304,3676.25,92.00,105.40,48
114432,14304,4104.83,92.03,0.00,48
114432,14304,3857.36,91.61,51.94,48
114432,14304,3286.60,88.17,68.72,48
114432,14304,3251.79,91.43,183.64,48
114816,14352,3910.76,90.74,0.95,48
114816,14352,3577.73,88.82,14.18,48
114816,14352,2897.17,93.31,321.45,48
114816,14352,2919.03,89.96,233.36,48
114816,14352,3858.81,90.14,28.73,48
114816,14352,2849.97,89.76,257.78,48
114816,14352,3354.42,93.11,218.05,48
114816,14352,2886.66,89.89,240.90,48
115200,14400,4138.14,92.45,2.23,48
115200,14400,3388.51,91.48,137.26,48
115200,14400,2744.82,90.97,295.60,48
115200,14400,3268.31,88.78,120.32,48
115200,14400,3997.99,91.05,0.39,48
115200,14400,3826.48,90.19,38.83,48
115200,14400,2626.49,93.35,388.46,48
115200,14400,3912.60,91.93,22.83,48
115584,14448,2786.22,92.85,338.29,48
115584,14448,3767.62,88.48,0.25,48
115584,14448,3478.36,91.94,135.56,48
115584,14448,3830.92,91.27,67.72,48
115584,14448,3651.32,92.77,100.15,48
115584,14448,2741.69,91.46,322.87,48
115584,14448,3292.02,89.82,147.08,48
115584,14448,3461.21,90.89,110.69,48
115968,14496,2431.35,90.57,367.62,48
115968,14496,3811.65,89.03,4.82,48
115968,14496,3144.30,93.39,257.16,48
115968,14496,3951.26,91.36,8.58,48
115968,14496,3349.59,87.11,78.98,48
115968,14496,3007.71,89.91,218.01,48
115968,14496,4115.11,93.88,36.84,48
115968,14496,3725.50,88.71,0.39,48
116352,14544,3723.31,89.67,44.61,48
116352,14544,3652.82,91.30,91.50,48
116352,14544,3902.79,90.79,21.02,48
116352,14544,3456.22,91.12,150.41,48
116352,14544,3847.09,92.31,58.03,48
116352,14544,3047.50,89.26,194.85,48
116352,14544,3676.90,89.96,25.25,48
116352,14544,3853.64,91.25,37.86,48
116736,14592,3276.51,90.85,161.52,48
116736,14592,3745.43,91.50,55.90,48
116736,14592,3378.11,86.43,61.42,48
116736,14592,3637.47,89.91,54.53,48
116736,14592,3065.97,91.01,239.35,48
116736,14592,905.16,89.65,695.09,48
116736,14592,2758.24,91.27,301.95,48
116736,14592,3770.39,89.82,33.70,48
117120,14640,4010.69,93.48,58.52,48
117120,14640,2859.14,90.68,267.58,48
117120,14640,2779.25,92.77,329.39,48
117120,14640,1333.20,90.80,633.58,48
117120,14640,3248.16,88.19,111.99,48
117120,14640,3724.89,92.79,97.56,48
117120,14640,2899.09,88.77,227.04,48
117120,14640,3840.33,92.23,60.92,48
117504,14688,2698.07,92.33,323.35,48
117504,14688,3174.30,92.89,234.06,48
117504,14688,3850.53,91.71,28.60,48
117504,14688,3553.93,90.26,115.16,48
117504,14688,3225.68,89.58,133.19,48
117504,14688,2837.48,91.72,283.73,48
117504,14688,3671.38,90.21,75.51,48
117504,14688,3072.28,89.92,192.68,48
117888,14736,3707.05,89.07,7.54,48
117888,14736,3627.00,88.70,42.03,48
117888,14736,970.84,89.12,681.32,48
117888,14736,3889.08,90.51,18.04,48
117888,14736,3620.67,88.37,36.96,48
117888,14736,3899.10,90.85,16.07,48
117888,14736,4046.40,91.27,0.25,48
117888,14736,3845.88,91.51,49.45,48
118272,14784,3819.01,90.27,22.42,48
118272,14784,3709.80,89.22,27.56,48
118272,14784,3586.17,91.53,117.86,48
118272,14784,3847.73,91.34,23.25,48
118272,14784,2797.42,90.27,267.53,48
118272,14784,3394.50,92.72,183.42,48
118272,14784,3985.14,92.53,29.40,48
118272,14784,3520.05,90.47,67.83,48
118656,14832,3710.79,90.03,31.71,48
118656,14832,3335.31,91.82,167.47,48
118656,14832,3230.37,89.57,135.02,48
118656,14832,3865.01,92.09,53.61,48
118656,14832,3315.82,86.35,45.68,48
118656,14832,3680.58,90.22,50.07,48
118656,14832,3724.24,89.82,55.10,48
118656,14832,3569.03,90.70,104.88,48
119040,14880,3293.91,87.82,78.44,48
119040,14880,3729.25,90.74,75.42,48
119040,14880,4053.10,93.33,26.86,48
119040,14880,3704.69,91.66,71.36,48
119040,14880,2775.07,93.87,364.41,48
119040,14880,3156.00,89.22,148.78,48
119040,14880,3993.49,90.88,3.37,48
119040,14880,2744.56,92.21,334.85,48
119424,14928,3998.30,92.43,35.96,48
119424,14928,3814.32,88.77,0.94,48
119424,14928,3778.08,91.05,56.00,48
119424,14928,3673.07,92.97,118.27,48
119424,14928,3424.84,92.39,154.12,48
119424,14928,3143.35,92.28,235.66,48
119424,14928,3903.53,91.40,26.90,48
119424,14928,3758.18,88.76,12.30,48
119808,14976,3508.24,89.28,45.92,48
119808,14976,4204.95,93.08,0.28,48
119808,14976,3917.56,90.67,3.18,48
119808,14976,3800.28,89.91,4.18,48
119808,14976,3101.76,88.58,181.02,48
119808,14976,3672.78,90.49,51.68,48
119808,14976,3654.81,87.72,0.00,48
119808,14976,3993.48,92.27,17.53,48
120192,15024,3388.10,88.99,96.79,48
120192,15024,3436.95,92.70,165.47,48
120192,15024,3607.54,90.24,80.03,48
120192,15024,4070.18,92.50,2.20,48
120192,15024,3030.34,91.10,237.57,48
120192,15024,1970.92,91.88,514.38,48
120192,15024,3737.76,90.80,37.63,48
120192,15024,3171.04,92.22,217.40,48
120576,15072,2803.24,90.38,288.34,48
120576,15072,3089.46,90.87,199.44,48
120576,15072,3838.45,90.98,5.87,48
120576,15072,3503.10,91.00,121.86,48
120576,15072,3531.39,89.60,63.99,48
120576,15072,3854.47,91.01,47.84,48
120576,15072,3992.64,90.81,10.10,48
120576,15072,2666.45,90.92,321.63,48
120960,15120,2964.24,90.52,255.04,48
120960,15120,3588.64,90.87,75.80,48
120960,15120,3778.53,89.09,6.59,48
120960,15120,3486.60,88.71,50.31,48
120960,15120,3512.53,89.40,94.53,48
120960,15120,2902.00,90.01,212.95,48
120960,15120,3888.42,91.47,23.22,48
120960,15120,3773.74,92.50,84.82,48
121344,15168,1006.93,93.43,799.73,48
121344,15168,945.18,91.43,747.16,48
121344,15168,2712.96,89.96,285.06,48
121344,15168,3839.81,91.01,44.15,48
121344,15168,3767.64,89.74,17.22,48
121344,15168,3058.95,91.10,226.47,48
121344,15168,3644.08,89.95,51.18,48
121344,15168,3477.11,91.39,115.65,48
121728,15216,3381.33,91.74,155.45,48
121728,15216,3723.04,91.37,75.31,48
121728,15216,3566.14,87.64,23.28,48
121728,15216,4038.11,91.33,4.77,48
121728,15216,2925.97,91.93,294.10,48
121728,15216,2996.22,90.44,248.59,48
121728,15216,3337.99,91.15,143.71,48
121728,15216,3677.72,89.41,50.64,48
122112,15264,3673.05,86.74,1.49,48
122112,15264,3849.72,89.97,8.76,48
122112,15264,3813.19,89.44,16.89,48
122112,15264,3941.37,90.98,3.50,48
122112,15264,3472.43,88.61,65.05,48
122112,15264,3149.37,93.46,255.45,48
122112,15264,3825.35,91.30,40.17,48
122112,15264,3657.85,89.43,48.11,48
122496,15312,3707.35,89.00,7.99,48
122496,15312,4191.99,93.83,7.26,48
122496,15312,3583.35,87.36,3.37,48
122496,15312,3892.05,90.62,5.09,48
122496,15312,4014.63,91.30,12.21,48
122496,15312,3944.72,91.62,17.55,48
122496,15312,3690.30,89.07,31.05,48
122496,15312,3748.70,92.05,81.58,48
122880,15360,3338.44,89.02,93.61,48
122880,15360,3116.98,93.02,259.23,48
122880,15360,1468.23,91.96,634.92,48
122880,15360,4071.04,92.88,17.65,48
122880,15360,3708.94,90.10,63.02,48
122880,15360,4037.23,92.47,44.63,48
122880,15360,2714.23,91.88,315.88,48
122880,15360,3144.78,91.86,206.28,48
123264,15408,3492.65,90.15,80.44,48
123264,15408,3977.57,92.09,9.30,48
123264,15408,4188.02,93.21,8.60,48
123264,15408,3930.35,90.44,0.28,48
123264,15408,3827.24,90.14,5.30,48
123264,15408,4034.86,92.40,0.68,48
123264,15408,3955.91,90.68,10.50,48
123264,15408,3146.40,90.69,208.50,48
123648,15456,3069.20,91.97,241.12,48
123648,15456,3451.18,88.80,91.39,48
123648,15456,3679.60,92.54,110.62,48
123648,15456,2381.03,90.66,395.71,48
123648,15456,3379.69,90.39,146.62,48
123648,15456,3534.07,87.77,37.58,48
123648,15456,2940.36,87.67,191.37,48
123648,15456,3361.82,89.86,115.44,48
124032,15504,3838.28,90.48,2.91,48
124032,15504,3807.31,90.62,27.47,48
124032,15504,3782.74,88.90,18.49,48
124032,15504,3801.63,89.98,26.61,48
124032,15504,3570.09,90.16,82.76,48
124032,15504,3584.34,90.01,67.70,48
124032,15504,3570.67,87.23,5.82,48
124032,15504,3707.23,88.61,13.27,48
124416,15552,3698.61,92.14,81.01,48
124416,15552,3246.37,91.13,167.66,48
124416,15552,3732.57,89.58,6.83,48
124416,15552,3105.84,91.41,214.70,48
124416,15552,3158.56,92.79,235.70,48
124416,15552,3949.98,89.83,0.28,48
124416,15552,3394.16,93.16,184.49,48
124416,15552,3913.95,89.89,0.31,48
124800,15600,3641.69,92.60,120.57,48
124800,15600,3562.80,93.05,151.28,48
124800,15600,3181.57,91.80,211.54,48
124800,15600,3690.42,90.57,39.03,48
124800,15600,3558.64,91.11,89.22,48
124800,15600,3945.30,90.24,4.99,48
124800,15600,3775.93,92.94,100.53,48
124800,15600,3348.68,91.16,161.83,48
125184,15648,3861.74,90.03,21.08,48
125184,15648,3929.05,91.76,17.75,48
125184,15648,3130.83,91.01,209.86,48
125184,15648,3508.69,89.62,68.25,48
125184,15648,3760.06,90.38,37.32,48
125184,15648,3617.18,90.30,67.85,48
125184,15648,4235.74,93.83,15.40,48
125184,15648,2849.34,91.81,288.21,48
125568,15696,3843.00,90.52,10.17,48
125568,15696,3727.14,89.07,32.61,48
125568,15696,2962.90,91.79,255.15,48
125568,15696,3708.85,90.25,55.01,48
125568,15696,3791.37,89.18,0.26,48
125568,15696,3746.57,90.76,29.52,48
125568,15696,3486.52,89.35,63.16,48
125568,15696,3280.38,92.31,192.92,48
125952,15744,3900.67,90.61,13.33,48
125952,15744,3732.81,88.60,12.29,48
125952,15744,4015.41,91.33,7.85,48
125952,15744,3332.79,91.17,166.73,48
125952,15744,3542.03,90.69,72.68,48
125952,15744,2643.41,89.56,292.88,48
125952,15744,2738.15,91.65,317.95,48
125952,15744,4083.58,92.04,5.86,48
126336,15792,3415.18,88.43,70.50,48
126336,15792,3053.74,89.72,225.97,48
126336,15792,3319.42,88.69,117.09,48
126336,15792,3679.74,89.69,77.84,48
126336,15792,3675.83,91.88,98.26,48
126336,15792,3288.41,89.53,121.01,48
126336,15792,3539.18,92.18,139.29,48
126336,15792,2763.81,90.49,295.06,48
126720,15840,3496.40,92.22,135.21,48
126720,15840,4027.40,92.46,24.34,48
126720,15840,3744.25,92.39,84.41,48
126720,15840,3540.04,89.91,74.05,48
126720,15840,1348.83,92.50,693.85,48
126720,15840,3030.38,92.76,274.31,48
126720,15840,3836.73,89.21,9.93,48
126720,15840,3702.54,92.59,117.14,48
127104,15888,3279.43,89.60,155.25,48
127104,15888,3897.19,90.74,5.93,48
127104,15888,3732.78,91.26,49.67,48
127104,15888,3534.89,88.02,56.87,48
127104,15888,4108.71,92.39,12.89,48
127104,15888,4021.56,91.89,7.24,48
127104,15888,3560.81,87.64,29.57,48
127104,15888,4002.86,92.38,31.47,48
127488,15936,3768.95,89.01,22.36,48
127488,15936,3830.74,90.70,12.97,48
127488,15936,3791.81,88.97,0.66,48
127488,15936,3676.95,88.01,14.13,48
127488,15936,3681.25,89.99,39.27,48
127488,15936,3761.50,89.33,6.30,48
127488,15936,3087.11,89.67,187.69,48
127488,15936,3736.17,90.27,34.04,48
127872,15984,3190.04,89.38,140.25,48
127872,15984,3436.51,90.79,120.94,48
127872,15984,3890.81,90.91,37.16,48
127872,15984,3672.15,89.58,15.56,48
127872,15984,2728.93,91.27,292.49,48
127872,15984,1613.08,88.46,506.62,48
127872,15984,2963.84,91.37,231.07,48
127872,15984,3681.01,92.58,103.16,48
128256,16032,3205.83,90.87,179.20,48
128256,16032,2951.20,89.39,247.40,48
128256,16032,3310.62,91.61,177.34,48
128256,16032,3904.41,89.18,0.00,48
128256,16032,1963.16,92.82,539.92,48
128256,16032,3763.49,90.80,52.25,48
128256,16032,3391.12,90.18,117.55,48
128256,16032,3954.20,91.87,31.55,48
128640,16080,3993.93,92.88,39.84,48
128640,16080,3139.68,91.40,201.77,48
128640,16080,3692.63,90.07,27.66,48
128640,16080,3838.80,90.02,14.37,48
128640,16080,4013.49,92.50,31.25,48
128640,16080,3756.46,90.74,54.95,48
128640,16080,3623.54,90.25,83.71,48
128640,16080,4066.55,91.79,8.71,48
129024,16128,3190.16,92.63,226.91,48
129024,16128,2990.40,90.60,226.35,48
129024,16128,3732.68,91.66,76.79,48
129024,16128,3136.05,88.47,175.33,48
129024,16128,3810.48,92.14,56.85,48
129024,16128,3043.66,89.86,202.41,48
129024,16128,3085.33,89.47,187.44,48
129024,16128,3848.83,91.53,45.94,48
129408,16176,3122.04,86.67,112.92,48
129408,16176,3950.30,90.74,2.76,48
129408,16176,3722.78,92.79,99.58,48
129408,16176,3696.52,88.87,5.46,48
129408,16176,2998.29,90.32,229.45,48
129408,16176,1339.98,85.60,537.96,48
129408,16176,3578.25,90.80,85.20,48
129408,16176,2011.20,91.26,511.24,48
129792,16224,3911.32,91.92,38.56,48
129792,16224,2431.40,93.13,423.08,48
129792,16224,3096.00,91.12,188.70,48
129792,16224,3923.75,90.81,23.11,48
129792,16224,2772.80,87.94,232.00,48
129792,16224,3827.92,90.05,1.24,48
129792,16224,3595.75,89.73,57.53,48
129792,16224,3759.67,91.93,66.95,48
130176,16272,4079.43,93.16,17.28,48
130176,16272,3620.49,87.98,14.23,48
130176,16272,3442.60,90.10,107.51,48
130176,16272,3291.50,90.90,152.41,48
130176,16272,2658.47,89.48,295.04,48
130176,16272,2706.65,91.17,295.93,48
130176,16272,3679.22,90.14,62.45,48
130176,16272,2950.09,91.95,266.44,48
130560,16320,1243.16,89.26,671.17,48
130560,16320,3388.71,91.25,146.75,48
130560,16320,3134.30,90.77,198.15,48
130560,16320,3945.19,90.60,12.46,48
130560,16320,3517.89,90.52,113.10,48
130560,16320,4051.13,91.89,5.22,48
130560,16320,3592.88,91.37,113.91,48
130560,16320,3764.57,91.61,50.44,48
130944,16368,3993.43,92.08,8.17,48
130944,16368,4074.68,92.16,4.01,48
130944,16368,3775.22,88.91,0.00,48
130944,16368,4085.10,93.07,9.86,48
130944,16368,3883.05,90.88,35.06,48
130944,16368,3668.11,90.20,60.65,48
130944,16368,3622.17,92.28,95.53,48
130944,16368,3380.91,91.15,150.09,48
131328,16416,3879.44,89.30,0.38,48
131328,16416,3902.07,89.92,15.16,48
131328,16416,3859.58,92.40,62.81,48
131328,16416,3760.78,92.15,85.50,48
131328,16416,2937.39,93.06,318.05,48
131328,16416,3698.11,89.06,25.74,48
131328,16416,3693.15,92.73,122.46,48
131328,16416,3687.17,89.24,1.55,48
131712,16464,2966.92,91.98,264.89,48
131712,16464,4063.44,92.00,11.47,48
131712,16464,3716.64,92.62,124.68,48
131712,16464,4003.97,91.22,25.58,48
131712,16464,3610.32,93.56,147.20,48
131712,16464,4159.53,92.92,11.36,48
131712,16464,4022.04,94.19,68.66,48
131712,16464,3718.23,91.24,64.17,48
132096,16512,3873.00,91.95,35.82,48
132096,16512,3375.73,90.74,160.57,48
132096,16512,3343.60,89.70,126.41,48
132096,16512,3979.23,90.92,17.26,48
132096,16512,3706.78,91.41,88.98,48
132096,16512,4164.85,93.54,11.31,48
132096,16512,4193.49,93.07,2.69,48
132096,16512,1937.32,93.49,566.16,48
132480,16560,1174.27,90.64,675.46,48
132480,16560,2938.54,90.27,229.88,48
132480,16560,3374.48,89.46,102.13,48
132480,16560,4013.51,92.27,0.02,48
132480,16560,3838.35,90.30,20.51,48
132480,16560,3723.19,88.54,9.95,48
132480,16560,3939.95,91.63,37.25,48
132480,16560,3914.66,91.43,15.11,48
132864,16608,3934.22,90.00,2.02,48
132864,16608,3747.98,93.79,125.89,48
132864,16608,3853.40,91.15,41.59,48
132864,16608,3630.97,89.73,69.46,48
132864,16608,3768.54,89.39,27.73,48
132864,16608,3110.51,92.62,249.96,48
132864,16608,3832.70,90.73,55.18,48
132864,16608,3846.36,93.00,74.81,48
133248,16656,4210.67,92.95,0.02,48
133248,16656,2886.63,92.58,301.33,48
133248,16656,4094.60,91.54,5.82,48
133248,16656,4320.83,93.39,1.24,48
133248,16656,3528.06,89.60,95.62,48
133248,16656,3419.01,90.91,153.79,48
133248,16656,3566.86,86.74,1.30,48
133248,16656,3863.56,91.25,50.24,48
133632,16704,3253.40,91.05,190.33,48
133632,16704,4075.87,91.59,1.39,48
133632,16704,3672.32,89.88,52.08,48
133632,16704,3791.63,91.23,48.54,48
133632,16704,3836.33,89.25,6.19,48
133632,16704,3235.40,93.03,241.05,48
133632,16704,3413.48,92.37,153.37,48
133632,16704,3052.44,89.60,197.73,48
134016,16752,3505.37,91.87,143.21,48
134016,16752,2605.18,91.05,316.12,48
134016,16752,3856.10,90.30,36.47,48
134016,16752,3414.08,91.72,169.61,48
134016,16752,3621.39,89.95,66.92,48
134016,16752,3428.85,90.91,133.26,48
134016,16752,3956.59,91.28,13.97,48
134016,16752,3697.96,93.81,133.26,48
134400,16800,3818.16,91.37,51.50,48
134400,16800,3462.64,88.85,90.72,48
134400,16800,3588.79,90.83,94.00,48
134400,16800,4087.90,92.12,1.56,48
134400,16800,3573.52,91.67,119.30,48
134400,16800,3614.52,90.90,98.36,48
134400,16800,3274.29,91.32,204.55,48
134400,16800,3599.64,91.55,127.62,48
134784,16848,3140.99,89.70,164.45,48
134784,16848,3704.37,90.94,78.73,48
134784,16848,4030.65,92.21,25.34,48
134784,16848,1233.58,92.74,730.27,48
134784,16848,2192.82,88.61,392.09,48
134784,16848,4015.10,90.67,0.31,48
134784,16848,3702.01,89.64,32.19,48
134784,16848,3446.32,92.14,155.70,48
135168,16896,2956.36,90.16,218.31,48
135168,16896,3937.33,93.07,53.70,48
135168,16896,3537.30,92.30,132.45,48
135168,16896,3012.51,92.78,299.90,48
135168,16896,3259.11,92.38,197.44,48
135168,16896,3179.01,88.18,110.73,48
135168,16896,3732.73,90.16,35.88,48
135168,16896,3907.89,91.08,25.09,48
135552,16944,3602.96,87.94,22.59,48
135552,16944,3928.21,91.26,29.98,48
135552,16944,1935.31,91.69,509.95,48
135552,16944,3884.30,89.79,14.23,48
135552,16944,3780.55,92.68,81.69,48
135552,16944,4042.93,91.26,6.98,48
135552,16944,4099.03,92.85,4.70,48
135552,16944,3926.80,91.25,13.89,48
135936,16992,3494.57,90.10,93.51,48
135936,16992,3021.05,90.43,211.68,48
135936,16992,3067.94,88.47,175.84,48
135936,16992,4016.00,92.71,31.92,48
135936,16992,3739.11,93.13,100.64,48
135936,16992,3561.41,90.56,111.75,48
135936,16992,2988.15,90.37,242.95,48
135936,16992,4255.18,94.01,1.33,48
136320,17040,2912.33,90.76,253.52,48
136320,17040,3897.67,90.98,23.21,48
136320,17040,3552.58,87.95,50.76,48
136320,17040,4202.83,92.92,1.55,48
136320,17040,3842.42,89.87,10.97,48
136320,17040,3636.20,89.31,62.08,48
136320,17040,4013.37,90.92,0.62,48
136320,17040,4136.89,92.87,0.69,48
136704,17088,3980.67,92.66,55.59,48
136704,17088,3887.47,90.86,23.92,48
136704,17088,2820.55,91.48,302.48,48
136704,17088,4157.78,92.89,10.99,48
136704,17088,4105.17,93.34,37.31,48
136704,17088,4101.36,92.01,0.68,48
136704,17088,3891.38,90.02,2.82,48
136704,17088,3134.47,90.44,196.76,48
137088,17136,2768.42,93.21,364.05,48
137088,17136,4031.35,93.35,42.58,48
137088,17136,3828.73,88.60,1.48,48
137088,17136,3943.07,91.48,4.41,48
137088,17136,1854.10,93.67,583.68,48
137088,17136,3401.83,88.61,92.45,48
137088,17136,3016.31,88.62,194.35,48
137088,17136,3944.06,91.29,10.50,48
137472,17184,3667.54,92.33,107.78,48
137472,17184,3922.62,91.17,17.20,48
137472,17184,4015.10,91.45,14.00,48
137472,17184,3893.02,90.17,2.57,48
137472,17184,3472.69,90.41,96.73,48
137472,17184,3415.52,92.94,184.51,48
137472,17184,4123.40,93.30,21.39,48
137472,17184,3098.74,92.89,265.17,48
137856,17232,3119.42,90.97,218.04,48
137856,17232,4185.13,93.56,9.55,48
137856,17232,2763.61,90.69,280.48,48
137856,17232,3655.48,87.75,0.00,48
137856,17232,3964.39,91.14,0.71,48
137856,17232,3399.90,90.70,140.06,48
137856,17232,3822.10,88.77,2.99,48
137856,17232,3645.16,91.07,87.94,48
138240,17280,3489.39,89.24,72.59,48
138240,17280,3978.42,91.27,25.44,48
138240,17280,3607.23,90.52,73.73,48
138240,17280,3777.93,91.29,58.90,48
138240,17280,3980.76,91.33,19.97,48
138240,17280,3785.46,90.61,19.69,48
138240,17280,3550.73,88.68,52.28,48
138240,17280,2937.25,92.73,304.61,48
138624,17328,3532.38,90.07,97.51,48
138624,17328,3915.41,90.38,20.72,48
138624,17328,3586.51,91.24,99.76,48
138624,17328,3618.77,91.31,98.81,48
138624,17328,4060.83,91.59,5.33,48
138624,17328,3593.89,90.70,90.60,48
138624,17328,3681.53,89.78,13.00,48
138624,17328,3987.11,91.38,0.28,48
139008,17376,3325.22,92.21,196.33,48
139008,17376,3347.76,91.41,156.62,48
139008,17376,4115.65,92.19,4.83,48
139008,17376,3655.86,90.51,62.78,48
139008,17376,3758.38,88.37,0.47,48
139008,17376,2880.35,89.88,236.10,48
139008,17376,3369.25,91.52,170.36,48
139008,17376,3915.85,91.85,41.75,48
139392,17424,1972.24,94.38,585.18,48
139392,17424,3869.69,89.64,17.88,48
139392,17424,4138.17,91.80,0.10,48
139392,17424,3985.66,89.45,2.65,48
139392,17424,4006.29,92.97,42.09,48
139392,17424,1036.82,90.48,710.66,48
139392,17424,3652.11,91.95,94.99,48
139392,17424,3829.02,92.58,79.96,48
139776,17472,3861.35,90.88,39.05,48
139776,17472,4098.47,92.58,9.33,48
139776,17472,3906.42,90.54,0.01,48
139776,17472,3783.79,90.76,37.38,48
139776,17472,4009.12,90.62,0.60,48
139776,17472,3846.23,91.35,47.44,48
139776,17472,2337.98,89.55,364.14,48
139776,17472,3909.91,89.98,30.24,48
140160,17520,3764.07,89.94,42.86,48
140160,17520,3303.34,91.31,165.53,48
140160,17520,3666.09,91.29,97.22,48
140160,17520,3871.39,92.52,68.72,48
140160,17520,3914.96,92.55,62.31,48
140160,17520,3803.29,89.07,22.54,48
140160,17520,3824.59,91.98,58.68,48
140160,17520,4127.42,92.64,1.78,48
140544,17568,1649.66,92.57,594.54,48
140544,17568,3386.96,91.98,176.84,48
140544,17568,3801.97,91.78,72.53,48
140544,17568,4197.61,93.23,20.90,48
140544,17568,3204.01,91.24,200.32,48
140544,17568,3288.09,88.58,113.62,48
140544,17568,4153.46,93.69,17.11,48
140544,17568,4107.57,92.68,1.78,48
140928,17616,3846.09,90.09,0.57,48
140928,17616,3929.29,91.20,20.77,48
140928,17616,2894.95,90.85,263.01,48
140928,17616,3757.69,89.77,17.93,48
140928,17616,3976.61,89.76,7.98,48
140928,17616,3663.88,92.77,118.48,48
140928,17616,3584.16,89.21,73.92,48
140928,17616,3813.23,91.19,59.41,48
141312,17664,3585.24,90.08,60.30,48
141312,17664,3989.72,91.44,11.24,48
141312,17664,3433.56,92.24,167.84,48
141312,17664,3665.31,89.57,29.52,48
141312,17664,4167.02,93.63,32.83,48
141312,17664,4078.32,91.71,15.20,48
141312,17664,4121.09,92.54,19.98,48
141312,17664,4009.07,91.45,0.90,48
141696,17712,3142.72,91.47,215.61,48
141696,17712,3731.18,90.95,69.73,48
141696,17712,4145.98,91.50,2.53,48
141696,17712,981.53,90.85,736.58,48
141696,17712,3574.80,88.43,32.76,48
141696,17712,3962.42,91.23,11.22,48
141696,17712,4150.60,92.78,0.72,48
141696,17712,3552.84,91.96,117.83,48
142080,17760,1895.36,89.34,465.43,48
142080,17760,3686.41,91.33,74.49,48
142080,17760,4093.45,92.73,8.99,48
142080,17760,3074.07,90.77,200.63,48
142080,17760,3811.73,88.93,3.24,48
142080,17760,3795.39,89.92,16.37,48
142080,17760,3772.75,90.81,26.15,48
142080,17760,3158.25,89.50,192.10,48
142464,17808,3650.49,93.31,147.42,48
142464,17808,3772.45,91.74,66.54,48
142464,17808,3441.44,89.29,108.52,48
142464,17808,3973.50,89.46,1.28,48
142464,17808,3666.92,90.57,45.09,48
142464,17808,3944.91,89.73,13.46,48
142464,17808,2838.85,89.85,243.73,48
142464,17808,3349.08,92.85,178.24,48
142848,17856,3683.17,91.79,92.42,48
142848,17856,3825.54,92.89,79.55,48
142848,17856,3972.09,91.51,0.88,48
142848,17856,4092.96,92.04,0.25,48
142848,17856,3163.56,90.31,210.85,48
142848,17856,3655.48,90.69,62.26,48
142848,17856,3723.11,90.98,67.60,48
142848,17856,3780.80,92.33,80.60,48
143232,17904,3666.39,91.78,96.47,48
143232,17904,3182.50,89.96,170.41,48
143232,17904,3469.37,91.47,136.56,48
143232,17904,3759.59,91.67,69.33,48
143232,17904,4064.11,91.73,9.06,48
143232,17904,3669.11,90.26,65.88,48
143232,17904,3570.60,89.93,74.64,48
143232,17904,3607.97,93.17,142.37,48
143616,17952,2444.92,90.45,397.42,48
143616,17952,2833.99,90.63,281.80,48
143616,17952,3635.79,90.77,88.26,48
143616,17952,764.13,91.36,808.97,48
143616,17952,3830.93,89.88,30.05,48
143616,17952,3286.82,90.81,172.82,48
143616,17952,3954.33,91.28,3.50,48
143616,17952,2921.22,92.39,300.41,48
144000,18000,4066.07,93.09,30.92,48
144000,18000,3562.98,90.61,85.41,48
144000,18000,3974.92,91.49,30.78,48
144000,18000,3763.93,88.75,2.31,48
144000,18000,3965.33,93.01,45.89,48
144000,18000,3775.52,90.94,58.46,48
144000,18000,3089.71,92.56,267.42,48
144000,18000,3839.03,90.90,50.22,48
144384,18048,1206.16,92.61,732.01,48
144384,18048,4123.96,93.73,26.24,48
144384,18048,4005.71,90.76,0.72,48
144384,18048,3347.86,92.59,182.91,48
144384,18048,3169.58,91.56,201.47,48
144384,18048,3839.58,88.30,0.00,48
144384,18048,1895.50,89.61,486.59,48
144384,18048,3991.54,92.75,39.50,48
144768,18096,3703.54,89.22,20.63,48
144768,18096,3746.80,90.58,52.10,48
144768,18096,3019.01,92.10,253.22,48
144768,18096,3818.06,94.37,124.25,48
144768,18096,1850.74,90.56,509.25,48
144768,18096,2861.92,92.01,313.48,48
144768,18096,1786.78,90.86,529.40,48
144768,18096,3811.57,92.11,69.16,48
145152,18144,2766.79,90.63,275.29,48
145152,18144,3639.44,90.77,79.77,48
145152,18144,3855.31,92.20,73.42,48
145152,18144,4167.29,92.54,7.22,48
145152,18144,3155.44,91.44,220.35,48
145152,18144,3971.58,90.56,0.05,48
145152,18144,3753.48,91.45,75.09,48
145152,18144,3731.00,91.05,68.43,48
145536,18192,3970.77,91.41,8.02,48
145536,18192,3848.53,92.35,80.36,48
145536,18192,3868.29,93.41,91.69,48
145536,18192,3364.70,92.42,201.25,48
145536,18192,3663.80,89.47,36.35,48
145536,18192,3914.14,92.01,37.60,48
145536,18192,3900.99,91.94,42.33,48
145536,18192,2893.55,91.76,301.35,48
145920,18240,3925.94,89.85,10.20,48
145920,18240,3953.96,90.90,7.73,48
145920,18240,3818.44,92.28,79.74,48
145920,18240,4070.95,92.00,0.76,48
145920,18240,4031.22,91.69,0.88,48
145920,18240,3536.48,92.60,146.19,48
145920,18240,3559.46,89.56,53.75,48
145920,18240,3783.67,90.40,50.25,48
146304,18288,2789.85,90.38,279.41,48
146304,18288,3924.40,91.67,27.41,48
146304,18288,3747.47,90.52,46.22,48
146304,18288,2888.84,90.60,263.82,48
146304,18288,3653.67,92.33,93.11,48
146304,18288,3875.90,92.56,48.72,48
146304,18288,3203.41,91.27,211.19,48
146304,18288,3782.78,91.55,64.22,48
146688,18336,4090.99,91.83,0.39,48
146688,18336,4095.05,92.45,7.65,48
146688,18336,986.29,93.34,789.87,48
146688,18336,3342.72,92.87,210.11,48
146688,18336,1698.92,90.59,548.13,48
146688,18336,2815.87,90.25,258.48,48
146688,18336,4253.24,93.49,0.31,48
146688,18336,4101.83,91.68,5.43,48
147072,18384,3725.90,92.47,106.32,48
147072,18384,3710.70,92.62,115.13,48
147072,18384,3780.21,89.62,14.88,48
147072,18384,3596.21,90.16,45.64,48
147072,18384,3980.06,92.53,31.31,48
147072,18384,3584.84,89.98,66.99,48
147072,18384,4057.72,92.31,34.86,48
147072,18384,2896.08,89.81,247.70,48
147456,18432,3678.34,92.67,103.71,48
147456,18432,3921.26,91.39,23.07,48
147456,18432,3009.81,92.14,270.40,48
147456,18432,3817.10,89.33,5.64,48
147456,18432,3699.97,90.56,74.63,48
147456,18432,3911.57,91.45,44.83,48
147456,18432,3863.50,94.20,109.83,48
147456,18432,3948.13,91.22,3.03,48
147840,18480,2725.39,89.80,310.96,48
147840,18480,3227.54,88.44,149.01,48
147840,18480,3981.47,91.45,7.70,48
147840,18480,3596.12,88.57,21.75,48
147840,18480,4001.28,92.47,43.24,48
147840,18480,3363.38,88.69,121.51,48
147840,18480,4068.72,91.50,10.58,48
147840,18480,3733.16,91.28,91.71,48
148224,18528,3384.74,91.20,162.29,48
148224,18528,2001.78,91.16,497.33,48
148224,18528,3101.02,89.29,199.32,48
148224,18528,3735.98,92.43,104.10,48
148224,18528,3633.34,90.95,103.95,48
148224,18528,3711.65,91.72,88.60,48
148224,18528,4015.86,91.30,8.45,48
148224,18528,3069.13,91.30,239.29,48
148608,18576,3570.04,91.26,86.71,48
148608,18576,3803.65,92.36,73.67,48
148608,18576,4091.46,93.97,46.80,48
148608,18576,3915.30,92.97,62.45,48
148608,18576,3770.23,91.76,82.29,48
148608,18576,3972.36,90.10,1.46,48
148608,18576,3697.95,92.69,111.18,48
148608,18576,3538.62,91.08,133.66,48
148992,18624,4115.15,92.79,13.93,48
148992,18624,4008.91,93.81,65.63,48
148992,18624,4054.42,91.97,2.48,48
148992,18624,3230.35,93.84,255.55,48
148992,18624,3491.82,90.06,107.14,48
148992,18624,4138.53,92.67,1.41,48
148992,18624,2501.43,89.67,321.79,48
148992,18624,3805.24,91.79,52.41,48
149376,18672,2953.18,91.56,273.01,48
149376,18672,3739.72,89.77,19.45,48
149376,18672,3614.01,91.68,116.64,48
149376,18672,3749.30,90.81,46.42,48
149376,18672,3981.37,92.48,35.00,48
149376,18672,3860.15,92.24,52.04,48
149376,18672,4033.03,91.76,8.79,48
149376,18672,3397.04,91.12,143.37,48
149760,18720,3390.18,89.73,144.49,48
149760,18720,3596.66,90.28,52.11,48
149760,18720,4025.15,91.14,2.20,48
149760,18720,3385.50,91.47,128.91,48
149760,18720,3435.15,91.02,131.37,48
149760,18720,4162.00,93.68,12.49,48
149760,18720,4033.25,92.55,29.70,48
149760,18720,3930.72,90.06,0.87,48
150144,18768,3607.06,89.62,65.56,48
150144,18768,3905.73,90.29,26.80,48
150144,18768,3191.37,91.31,198.56,48
150144,18768,3393.54,90.42,110.21,48
150144,18768,4097.76,93.03,5.57,48
150144,18768,3057.68,90.31,197.04,48
150144,18768,2446.92,92.74,412.90,48
150144,18768,3692.11,92.90,115.45,48
150528,18816,3272.62,92.16,202.11,48
150528,18816,3560.53,90.32,104.86,48
150528,18816,3862.98,89.29,0.72,48
150528,18816,3789.79,90.33,38.12,48
150528,18816,3817.02,89.01,0.00,48
150528,18816,3287.66,92.68,218.10,48
150528,18816,3765.93,91.36,64.80,48
150528,18816,3920.64,90.41,9.17,48
150912,18864,3798.71,93.28,107.34,48
150912,18864,3550.04,91.97,138.52,48
150912,18864,3963.94,91.81,17.58,48
150912,18864,3823.66,92.82,81.65,48
150912,18864,1936.84,90.64,502.30,48
150912,18864,3925.33,90.20,0.00,48
150912,18864,4143.25,91.41,8.69,48
150912,18864,3591.68,92.12,118.21,48
151296,18912,4050.55,91.49,1.14,48
151296,18912,3495.20,91.32,139.25,48
151296,18912,3769.47,91.89,62.34,48
151296,18912,3901.70,89.86,4.29,48
151296,18912,3886.01,89.55,0.39,48
151296,18912,3524.89,91.18,108.05,48
151296,18912,3980.59,91.46,0.79,48
151296,18912,4136.58,94.25,34.46,48
151680,18960,3569.78,88.72,56.68,48
151680,18960,3445.73,92.57,151.96,48
151680,18960,3881.73,94.05,103.59,48
151680,18960,3828.08,92.70,85.73,48
151680,18960,3433.13,89.82,100.36,48
151680,18960,4010.78,89.89,2.80,48
151680,18960,3430.60,88.33,71.10,48
151680,18960,4098.31,91.86,7.81,48
152064,19008,3396.04,87.38,82.03,48
152064,19008,3844.17,89.29,1.21,48
152064,19008,3791.81,91.71,56.02,48
152064,19008,4022.90,91.52,10.28,48
152064,19008,3580.36,90.42,91.69,48
152064,19008,3876.28,89.12,0.69,48
152064,19008,4093.43,93.33,22.06,48
152064,19008,3764.11,93.48,97.30,48
152448,19056,3928.98,91.34,26.50,48
152448,19056,4245.83,93.90,9.65,48
152448,19056,1563.74,91.41,613.24,48
152448,19056,3684.06,92.81,113.21,48
152448,19056,3897.54,92.98,70.98,48
152448,19056,3451.77,89.03,98.64,48
152448,19056,3816.43,88.13,0.39,48
152448,19056,3688.89,90.30,58.38,48
152832,19104,3579.38,93.13,153.32,48
152832,19104,2748.68,92.46,344.88,48
152832,19104,3347.15,90.80,155.03,48
152832,19104,2872.73,90.33,242.69,48
152832,19104,2966.15,91.48,261.59,48
152832,19104,3551.63,87.15,25.54,48
152832,19104,3997.59,92.55,45.62,48
152832,19104,2729.53,91.98,307.77,48
153216,19152,4009.36,91.87,12.06,48
153216,19152,3514.04,91.58,123.81,48
153216,19152,4091.61,94.75,60.42,48
153216,19152,3026.12,88.48,193.70,48
153216,19152,3999.37,91.25,0.35,48
153216,19152,2684.35,90.97,324.48,48
153216,19152,3630.94,90.46,70.79,48
153216,19152,3424.02,93.03,182.44,48
153600,19200,2837.15,93.40,339.36,48
153600,19200,4003.93,90.83,0.33,48
153600,19200,3619.65,91.48,93.82,48
153600,19200,4108.84,93.44,29.35,48
153600,19200,3931.53,90.70,20.58,48
153600,19200,3057.04,90.81,233.08,48
153600,19200,3797.04,89.64,37.67,48
153600,19200,3820.94,91.34,53.83,48
153984,19248,3993.24,91.27,7.03,48
153984,19248,3257.29,90.23,157.65,48
153984,19248,3786.87,89.71,9.78,48
153984,19248,3902.41,93.35,73.91,48
153984,19248,3763.59,92.40,100.30,48
153984,19248,3687.04,90.70,55.00,48
153984,19248,3984.19,90.56,0.60,48
153984,19248,3130.99,92.38,245.19,48
154368,19296,4010.34,91.57,12.78,48
154368,19296,3452.60,92.66,168.93,48
154368,19296,3617.68,89.56,57.08,48
154368,19296,3901.61,92.14,41.92,48
154368,19296,2092.21,92.14,512.32,48
154368,19296,4083.32,92.89,16.36,48
154368,19296,4027.45,92.14,14.54,48
154368,19296,2639.99,91.78,315.88,48
154752,19344,4226.57,93.11,1.24,48
154752,19344,3348.14,89.53,110.38,48
154752,19344,3852.24,90.51,13.43,48
154752,19344,3821.23,89.31,7.00,48
154752,19344,4109.25,93.35,12.08,48
154752,19344,3228.42,90.25,160.10,48
154752,19344,1306.78,87.62,594.56,48
154752,19344,3476.03,90.73,100.76,48
155136,19392,3780.19,91.34,60.51,48
155136,19392,2512.14,91.50,356.89,48
155136,19392,3870.65,91.05,19.04,48
155136,19392,4066.67,91.43,1.56,48
155136,19392,3199.02,92.76,235.57,48
155136,19392,3693.20,90.85,62.18,48
155136,19392,3558.83,87.17,34.29,48
155136,19392,3872.76,91.23,5.87,48
155520,19440,925.26,91.79,786.09,48
155520,19440,3707.91,89.77,51.56,48
155520,19440,3609.08,91.50,105.58,48
155520,19440,3880.08,91.16,37.24,48
155520,19440,3525.80,90.28,96.53,48
155520,19440,3153.15,93.75,274.47,48
155520,19440,3922.94,89.45,5.44,48
155520,19440,2761.97,90.07,288.40,48
155904,19488,3787.33,92.82,95.62,48
155904,19488,3850.65,89.85,12.41,48
155904,19488,3650.52,91.33,87.48,48
155904,19488,3058.30,89.19,169.51,48
155904,19488,3820.00,89.99,13.91,48
155904,19488,3706.25,88.85,16.38,48
155904,19488,3758.82,90.10,10.34,48
155904,19488,1592.00,89.95,577.98,48
156288,19536,4211.86,93.45,0.68,48
156288,19536,3696.39,91.17,60.60,48
156288,19536,3824.31,90.12,1.19,48
156288,19536,3902.71,92.85,61.75,48
156288,19536,3743.61,90.86,76.11,48
156288,19536,2876.31,94.39,352.35,48
156288,19536,3923.30,92.53,44.25,48
156288,19536,3283.92,91.04,170.93,48
156672,19584,3795.30,91.62,59.27,48
156672,19584,3101.09,92.50,252.82,48
156672,19584,3739.31,89.86,67.44,48
156672,19584,3677.29,92.24,95.64,48
156672,19584,3662.39,90.20,58.35,48
156672,19584,3016.87,90.38,221.64,48
156672,19584,3929.09,91.65,43.63,48
156672,19584,2037.80,90.65,457.45,48
157056,19632,4131.48,92.27,0.00,48
157056,19632,3715.97,93.76,144.30,48
157056,19632,4021.10,93.15,48.19,48
157056,19632,3688.67,92.80,127.63,48
157056,19632,3517.26,90.54,123.71,48
157056,19632,2699.25,93.20,356.43,48
157056,19632,4047.97,91.82,10.75,48
157056,19632,3905.10,90.91,36.16,48
157440,19680,2416.98,90.59,341.42,48
157440,19680,3714.44,93.71,139.57,48
157440,19680,3255.66,90.90,200.79,48
157440,19680,3516.17,94.83,208.46,48
157440,19680,3730.59,89.50,33.45,48
157440,19680,3822.27,92.05,59.60,48
157440,19680,4040.43,91.32,1.86,48
157440,19680,3981.83,91.32,5.65,48
157824,19728,3751.93,90.88,65.21,48
157824,19728,4256.78,93.52,0.88,48
157824,19728,3548.65,92.94,145.45,48
157824,19728,3737.81,91.30,85.02,48
157824,19728,3782.61,91.69,76.92,48
157824,19728,3947.99,89.81,4.59,48
157824,19728,3692.94,91.27,93.96,48
157824,19728,3856.29,89.85,3.50,48
158208,19776,3680.01,91.67,80.77,48
158208,19776,3131.78,89.36,188.19,48
158208,19776,4017.07,91.50,0.00,48
158208,19776,2981.23,93.19,290.48,48
158208,19776,2140.85,90.41,447.82,48
158208,19776,3965.40,91.02,6.33,48
158208,19776,3733.72,89.75,29.41,48
158208,19776,3716.07,88.39,6.19,48
158592,19824,2210.17,91.69,451.09,48
158592,19824,3513.35,90.25,120.80,48
158592,19824,4252.36,93.81,7.53,48
158592,19824,3534.52,92.77,156.17,48
158592,19824,3877.22,90.44,1.48,48
158592,19824,2909.10,91.26,260.08,48
158592,19824,3878.18,92.11,39.84,48
158592,19824,3741.75,89.38,17.96,48
158976,19872,3429.65,92.39,170.62,48
158976,19872,3677.72,88.24,38.50,48
158976,19872,3576.76,90.38,66.79,48
158976,19872,3638.95,90.41,39.15,48
158976,19872,3443.08,93.16,179.63,48
158976,19872,3790.19,90.80,52.77,48
158976,19872,3813.58,92.26,57.24,48
158976,19872,3660.79,89.68,58.81,48
159360,19920,3198.61,91.08,203.01,48
159360,19920,4154.33,93.19,17.14,48
159360,19920,3990.10,90.95,0.39,48
159360,19920,3335.45,92.89,207.77,48
159360,19920,3803.48,88.18,8.94,48
159360,19920,3926.97,90.90,23.98,48
159360,19920,4126.92,92.43,9.27,48
159360,19920,4201.90,92.88,1.21,48
159744,19968,3319.57,90.15,145.18,48
159744,19968,2779.08,88.39,244.38,48
159744,19968,3768.12,89.38,13.04,48
159744,19968,3910.00,92.72,42.67,48
159744,19968,3754.03,92.04,79.45,48
159744,19968,3740.84,90.54,37.25,48
159744,19968,3878.14,90.25,14.99,48
159744,19968,2063.39,90.93,469.87,48
160128,20016,4066.30,93.09,33.48,48
160128,20016,3759.10,93.12,103.70,48
160128,20016,3663.58,93.18,121.67,48
160128,20016,3089.66,90.43,225.69,48
160128,20016,3571.00,92.39,150.55,48
160128,20016,3138.03,92.04,227.20,48
160128,20016,3323.27,87.51,84.81,48
160128,20016,3761.11,89.43,35.06,48
160512,20064,3639.54,90.80,95.17,48
160512,20064,3771.81,90.21,47.72,48
160512,20064,3161.41,90.60,196.56,48
160512,20064,3977.87,91.73,2.60,48
160512,20064,4074.69,90.74,1.37,48
160512,20064,3686.93,92.53,105.90,48
160512,20064,3538.05,91.65,118.12,48
160512,20064,3729.04,90.27,43.81,48
160896,20112,3052.86,91.10,223.64,48
160896,20112,3322.79,91.33,170.29,48
160896,20112,3860.56,91.53,41.60,48
160896,20112,3938.85,91.50,26.47,48
160896,20112,3885.32,90.84,30.61,48
160896,20112,3822.73,91.12,29.78,48
160896,20112,3538.07,93.31,151.32,48
160896,20112,3751.11,94.22,147.02,48
161280,20160,3504.66,90.95,105.14,48
161280,20160,3875.78,90.17,35.07,48
161280,20160,3925.31,91.52,4.88,48
161280,20160,1324.49,89.08,634.99,48
161280,20160,3295.22,92.00,189.09,48
161280,20160,4269.95,94.51,22.11,48
161280,20160,3176.08,93.22,259.09,48
161280,20160,3969.60,89.96,0.63,48
161664,20208,3794.16,90.37,25.92,48
161664,20208,4105.74,92.59,11.31,48
161664,20208,3920.93,91.48,18.63,48
161664,20208,3392.62,91.43,176.76,48
161664,20208,3554.54,90.17,88.45,48
161664,20208,3794.93,87.43,0.69,48
161664,20208,1294.62,89.25,648.19,48
161664,20208,3517.02,89.47,90.38,48
162048,20256,3703.94,93.45,131.68,48
162048,20256,3402.34,90.07,128.49,48
162048,20256,4075.81,91.77,9.04,48
162048,20256,2858.34,91.99,328.70,48
162048,20256,3809.51,89.15,0.69,48
162048,20256,3616.51,91.48,103.84,48
162048,20256,3990.77,91.99,24.92,48
162048,20256,3266.37,91.86,206.38,48
162432,20304,4026.80,92.22,47.15,48
162432,20304,3258.47,90.73,172.50,48
162432,20304,3572.91,91.76,120.65,48
162432,20304,3455.80,88.32,66.74,48
162432,20304,4155.78,92.77,6.39,48
162432,20304,3553.22,90.99,124.30,48
162432,20304,4036.16,92.80,29.28,48
162432,20304,3817.39,90.20,22.34,48
162816,20352,3831.46,90.52,29.07,48
162816,20352,3832.78,90.80,43.02,48
162816,20352,3839.23,88.63,7.25,48
162816,20352,3961.24,91.58,22.20,48
162816,20352,3793.98,91.47,77.66,48
162816,20352,3545.87,90.13,99.56,48
162816,20352,4120.23,94.17,43.71,48
162816,20352,3567.65,90.00,104.49,48
163200,20400,3700.59,92.74,111.57,48
163200,20400,3907.99,90.76,8.06,48
163200,20400,3899.93,90.20,0.95,48
163200,20400,3588.26,91.18,99.80,48
163200,20400,4064.85,91.89,7.14,48
163200,20400,4081.14,92.21,0.66,48
163200,20400,3991.06,90.45,10.82,48
163200,20400,4103.41,92.64,7.30,48
163584,20448,1190.10,89.73,659.32,48
163584,20448,3732.65,89.10,0.98,48
163584,20448,848.46,92.27,805.03,48
163584,20448,3968.35,90.23,1.21,48
163584,20448,3861.91,91.17,44.09,48
163584,20448,3734.75,91.87,59.92,48
163584,20448,3990.12,91.92,29.40,48
163584,20448,2827.02,90.46,278.48,48
163968,20496,4157.71,91.71,4.14,48
163968,20496,3953.79,90.06,1.57,48
163968,20496,2755.58,91.44,294.06,48
163968,20496,3965.25,91.79,29.67,48
163968,20496,3887.20,91.12,40.89,48
163968,20496,2059.76,92.85,521.17,48
163968,20496,2723.77,91.41,307.72,48
163968,20496,3264.86,93.57,246.30,48
164352,20544,3539.82,91.23,122.16,48
164352,20544,3867.05,92.80,67.48,48
164352,20544,4062.60,90.95,1.37,48
164352,20544,4199.40,94.30,26.39,48
164352,20544,3644.91,89.70,53.81,48
164352,20544,4084.34,92.29,8.83,48
164352,20544,2999.16,93.45,309.98,48
164352,20544,3964.25,93.04,69.66,48
164736,20592,3166.96,90.11,183.88,48
164736,20592,3504.05,92.17,154.74,48
164736,20592,3409.37,92.94,187.52,48
164736,20592,3004.32,89.98,227.84,48
164736,20592,3771.23,89.39,36.64,48
164736,20592,3754.81,91.20,81.24,48
164736,20592,3897.50,93.55,82.49,48
164736,20592,4000.25,90.49,0.31,48
165120,20640,4010.16,92.35,30.84,48
165120,20640,3326.86,93.26,207.99,48
165120,20640,4011.94,91.20,2.78,48
165120,20640,3044.04,91.06,253.58,48
165120,20640,2097.74,91.09,468.46,48
165120,20640,3436.69,92.15,164.16,48
165120,20640,4084.05,92.36,32.43,48
165120,20640,3693.08,90.55,73.07,48
165504,20688,4157.61,93.45,14.39,48
165504,20688,3649.16,91.18,101.02,48
165504,20688,4144.79,92.70,9.40,48
165504,20688,3775.30,90.41,45.68,48
165504,20688,3499.93,92.94,162.05,48
165504,20688,3626.12,91.63,109.24,48
165504,20688,4108.94,92.16,3.84,48
165504,20688,3854.27,90.20,33.56,48
165888,20736,3504.88,90.29,103.35,48
165888,20736,1161.22,90.32,704.37,48
165888,20736,4102.14,92.98,38.24,48
165888,20736,3801.03,91.79,63.08,48
165888,20736,3509.29,90.74,100.39,48
165888,20736,3777.92,91.27,69.41,48
165888,20736,3757.67,91.16,89.72,48
165888,20736,1248.95,93.49,752.31,48
166272,20784,4110.88,93.43,33.98,48
166272,20784,3905.48,92.31,65.66,48
166272,20784,1240.09,90.73,692.69,48
166272,20784,4120.19,92.22,5.10,48
166272,20784,3078.04,92.88,280.61,48
166272,20784,3691.40,90.23,70.27,48
166272,20784,4029.41,93.46,62.05,48
166272,20784,3833.28,91.23,43.61,48
166656,20832,3950.61,90.98,6.58,48
166656,20832,4060.17,93.67,51.39,48
166656,20832,3468.47,93.56,197.20,48
166656,20832,4123.26,92.38,6.22,48
166656,20832,3852.35,89.39,5.16,48
166656,20832,3335.14,93.40,223.17,48
166656,20832,3593.69,89.15,74.68,48
166656,20832,2943.41,90.62,258.29,48
167040,20880,3732.86,92.07,110.55,48
167040,20880,3960.83,92.18,44.18,48
167040,20880,3288.56,90.32,154.79,48
167040,20880,4040.24,91.27,11.28,48
167040,20880,3732.64,93.62,130.22,48
167040,20880,3796.64,91.26,66.01,48
167040,20880,3657.01,88.56,18.43,48
167040,20880,3767.52,91.62,58.91,48
167424,20928,4045.38,91.55,23.17,48
167424,20928,4294.76,94.07,0.10,48
167424,20928,3850.41,90.03,24.25,48
167424,20928,3794.47,91.00,55.76,48
167424,20928,2913.21,90.65,229.43,48
167424,20928,3822.60,92.01,65.31,48
167424,20928,3981.88,90.83,0.74,48
167424,20928,4050.97,91.36,0.00,48
167808,20976,2999.51,86.69,145.09,48
167808,20976,3951.59,91.90,39.62,48
167808,20976,3534.66,92.23,145.54,48
167808,20976,3691.32,90.55,68.55,48
167808,20976,3201.32,92.51,222.61,48
167808,20976,4058.45,91.16,0.31,48
167808,20976,3433.71,91.14,137.98,48
167808,20976,4129.42,93.27,33.69,48
168192,21024,4001.38,92.89,43.87,48
168192,21024,3655.08,92.17,120.31,48
168192,21024,3603.50,87.25,2.64,48
168192,21024,3539.61,89.43,79.23,48
168192,21024,4121.33,92.51,5.15,48
168192,21024,3417.13,90.49,144.17,48
168192,21024,3925.69,90.21,25.56,48
168192,21024,4140.95,92.36,4.44,48
168576,21072,3775.40,89.23,21.91,48
168576,21072,3942.27,91.33,39.32,48
168576,21072,3979.16,90.30,3.12,48
168576,21072,3958.20,90.52,1.53,48
168576,21072,3729.42,88.99,21.69,48
168576,21072,2751.20,89.45,278.41,48
168576,21072,3839.39,91.06,36.80,48
168576,21072,3963.67,91.81,49.11,48
168960,21120,4052.16,92.73,47.64,48
168960,21120,3653.68,91.59,83.01,48
168960,21120,3880.07,90.39,3.79,48
168960,21120,3880.63,92.96,74.69,48
168960,21120,4156.00,91.87,0.05,48
168960,21120,3894.40,89.10,4.92,48
168960,21120,4086.11,91.85,15.25,48
168960,21120,3503.01,92.21,154.84,48
169344,21168,760.57,91.26,802.64,48
169344,21168,4017.00,91.55,7.57,48
169344,21168,3745.12,89.21,47.73,48
169344,21168,4302.56,93.96,0.00,48
169344,21168,4121.38,92.65,5.44,48
169344,21168,3687.67,90.70,75.16,48
169344,21168,4141.74,93.09,41.00,48
169344,21168,4062.03,93.40,46.70,48
169728,21216,3840.99,90.27,33.89,48
169728,21216,3958.69,92.50,41.86,48
169728,21216,3699.94,88.92,45.89,48
169728,21216,3340.50,89.75,140.84,48
169728,21216,3924.09,92.19,51.07,48
169728,21216,3891.78,91.40,30.38,48
169728,21216,3771.91,90.19,0.43,48
169728,21216,4056.46,92.55,22.22,48
170112,21264,3812.53,91.91,66.55,48
170112,21264,3502.83,91.08,129.80,48
170112,21264,3116.04,93.69,285.73,48
170112,21264,3200.08,90.72,197.35,48
170112,21264,3840.21,91.83,82.27,48
170112,21264,2907.72,91.77,299.74,48
170112,21264,3626.97,90.82,88.99,48
170112,21264,3870.69,92.51,46.29,48
170496,21312,4089.59,91.74,0.00,48
170496,21312,3500.47,92.87,182.17,48
170496,21312,3835.29,91.08,43.75,48
170496,21312,3298.18,91.05,171.12,48
170496,21312,3713.20,92.10,103.23,48
170496,21312,3782.77,92.36,89.75,48
170496,21312,3762.34,88.96,32.92,48
170496,21312,3613.53,91.61,104.79,48
170880,21360,3853.19,91.69,44.62,48
170880,21360,3908.55,90.21,14.85,48
170880,21360,3782.56,90.49,43.56,48
170880,21360,3862.88,90.20,18.89,48
170880,21360,3617.01,91.66,127.53,48
170880,21360,3874.05,91.30,56.51,48
170880,21360,3467.73,92.89,170.47,48
170880,21360,4022.58,90.97,7.86,48
171264,21408,4207.92,93.55,4.30,48
171264,21408,4178.57,92.96,1.37,48
171264,21408,3608.97,90.41,80.19,48
171264,21408,3353.70,91.53,175.90,48
171264,21408,3362.44,92.82,204.31,48
171264,21408,4004.81,92.52,31.82,48
171264,21408,3410.54,90.30,141.49,48
171264,21408,4089.35,92.24,16.33,48
171648,21456,1159.16,93.61,771.79,48
171648,21456,4020.47,92.27,33.07,48
171648,21456,2650.24,89.03,296.16,48
171648,21456,3548.92,89.66,106.34,48
171648,21456,3695.62,91.48,89.04,48
171648,21456,3466.16,91.20,127.91,48
171648,21456,3670.19,91.61,88.80,48
171648,21456,3946.77,94.15,91.48,48
172032,21504,4166.10,92.33,4.70,48
172032,21504,4162.29,93.04,2.34,48
172032,21504,4110.00,91.59,1.37,48
172032,21504,3990.02,90.51,0.23,48
172032,21504,3379.84,92.76,196.83,48
172032,21504,4051.99,92.01,24.00,48
172032,21504,3790.86,92.30,71.15,48
172032,21504,3752.79,91.16,39.71,48
172416,21552,3681.25,93.62,149.47,48
172416,21552,3844.12,90.34,13.99,48
172416,21552,4079.58,91.75,0.02,48
172416,21552,3104.72,92.14,243.92,48
172416,21552,3701.76,91.08,84.04,48
172416,21552,4113.52,91.26,9.60,48
172416,21552,3294.76,91.26,206.09,48
172416,21552,4279.94,93.97,3.63,48
172800,21600,3353.52,90.69,157.06,48
172800,21600,4049.10,91.65,1.49,48
172800,21600,3944.93,89.57,9.23,48
172800,21600,3906.98,89.94,30.08,48
172800,21600,4111.73,92.78,30.69,48
172800,21600,3914.57,91.66,51.97,48
172800,21600,3312.35,92.02,185.45,48
172800,21600,3385.37,92.25,192.59,48
173184,21648,3766.10,90.44,42.21,48
173184,21648,3602.70,89.72,73.65,48
173184,21648,3006.26,90.57,229.95,48
173184,21648,3772.10,90.93,63.06,48
173184,21648,4135.72,92.29,8.07,48
173184,21648,3582.05,91.15,98.04,48
173184,21648,3648.53,88.36,9.87,48
173184,21648,4142.72,93.17,13.90,48
173568,21696,2032.26,92.74,528.11,48
173568,21696,4124.06,91.95,15.44,48
173568,21696,3901.29,91.05,38.20,48
173568,21696,3087.30,93.50,290.12,48
173568,21696,3535.51,92.63,152.14,48
173568,21696,4168.83,92.65,0.23,48
173568,21696,3684.94,90.84,92.18,48
173568,21696,3663.44,91.11,69.00,48
173952,21744,4175.23,92.36,2.45,48
173952,21744,3718.11,93.71,144.65,48
173952,21744,3980.28,91.16,17.90,48
173952,21744,2896.94,92.21,303.10,48
173952,21744,3379.87,91.28,171.33,48
173952,21744,3321.19,93.12,219.72,48
173952,21744,3804.15,91.01,71.29,48
173952,21744,3878.06,89.31,4.56,48
174336,21792,3814.74,89.38,18.61,48
174336,21792,3305.82,92.24,194.47,48
174336,21792,4075.05,91.89,4.65,48
174336,21792,3362.89,93.49,205.68,48
174336,21792,3087.38,91.99,243.08,48
174336,21792,3914.85,90.67,5.70,48
174336,21792,3665.73,90.91,64.62,48
174336,21792,3743.96,92.89,118.20,48
174720,21840,3992.95,90.08,0.00,48
174720,21840,3921.71,91.90,39.48,48
174720,21840,3888.83,90.88,21.26,48
174720,21840,3737.49,91.09,77.19,48
174720,21840,3478.40,89.75,123.94,48
174720,21840,4199.29,92.62,1.54,48
174720,21840,2992.80,90.76,243.71,48
174720,21840,3984.79,91.23,13.88,48
175104,21888,4063.94,93.67,59.96,48
175104,21888,2903.72,90.47,274.99,48
175104,21888,3577.40,92.21,152.26,48
175104,21888,4179.43,93.52,18.41,48
175104,21888,3903.88,89.74,3.84,48
175104,21888,3444.33,93.98,214.37,48
175104,21888,4000.56,91.29,4.13,48
175104,21888,3883.41,91.22,25.51,48
175488,21936,4162.24,92.67,16.76,48
175488,21936,3097.14,91.43,228.52,48
175488,21936,3980.37,91.13,3.96,48
175488,21936,3945.14,91.51,53.12,48
175488,21936,4062.13,92.07,19.69,48
175488,21936,3035.00,90.74,258.65,48
175488,21936,3740.38,89.08,24.37,48
175488,21936,4086.14,91.62,2.25,48
175872,21984,3919.87,91.36,22.40,48
175872,21984,4003.82,91.36,10.61,48
175872,21984,3704.59,90.00,49.77,48
175872,21984,3170.39,91.08,187.68,48
175872,21984,3775.98,89.02,14.90,48
175872,21984,3674.35,89.27,65.72,48
175872,21984,3993.32,90.29,1.77,48
175872,21984,4169.07,91.93,10.52,48
176256,22032,3125.32,90.66,224.29,48
176256,22032,3522.72,93.51,157.90,48
176256,22032,3774.97,92.25,86.85,48
176256,22032,3994.17,92.76,38.09,48
176256,22032,3656.72,93.78,155.67,48
176256,22032,3895.87,90.46,19.98,48
176256,22032,4078.95,91.07,0.33,48
176256,22032,3377.11,88.30,92.12,48
176640,22080,3787.99,89.93,40.31,48
176640,22080,3662.69,90.88,68.29,48
176640,22080,4253.85,93.85,8.40,48
176640,22080,3861.89,90.95,50.13,48
176640,22080,3507.41,91.58,142.69,48
176640,22080,3999.09,89.98,3.73,48
176640,22080,3762.45,90.62,60.89,48
176640,22080,929.00,89.63,725.58,48
177024,22128,3863.65,90.05,14.16,48
177024,22128,3677.74,92.43,111.79,48
177024,22128,3922.59,90.23,28.92,48
177024,22128,2987.27,91.28,250.82,48
177024,22128,4149.23,93.88,39.71,48
177024,22128,3553.29,92.05,158.58,48
177024,22128,3790.90,91.82,89.78,48
177024,22128,3146.43,90.67,212.06,48
177408,22176,3654.71,90.37,78.76,48
177408,22176,4281.24,93.87,14.22,48
177408,22176,2978.06,89.24,204.29,48
177408,22176,3879.09,91.46,32.73,48
177408,22176,3826.30,92.78,88.87,48
177408,22176,3519.79,94.32,199.97,48
177408,22176,3830.97,90.58,32.66,48
177408,22176,4187.62,93.33,1.38,48
177792,22224,3829.15,94.13,123.71,48
177792,22224,3905.16,89.23,0.33,48
177792,22224,4005.57,91.43,26.08,48
177792,22224,3733.72,91.61,81.85,48
177792,22224,3887.50,91.09,51.00,48
177792,22224,3988.93,90.69,0.00,48
177792,22224,3244.42,92.85,251.15,48
177792,22224,3913.19,91.70,34.20,48
178176,22272,4294.48,93.83,0.10,48
178176,22272,3912.07,91.74,47.10,48
178176,22272,4180.18,92.50,0.19,48
178176,22272,3971.18,90.83,2.84,48
178176,22272,3081.00,92.42,266.75,48
178176,22272,4325.38,94.09,3.56,48
178176,22272,3565.44,90.43,83.54,48
178176,22272,3766.24,89.49,12.04,48
178560,22320,3783.59,91.97,65.21,48
178560,22320,3951.53,91.76,22.08,48
178560,22320,4172.25,92.76,4.07,48
178560,22320,3869.50,90.21,24.13,48
178560,22320,3959.48,92.60,58.60,48
178560,22320,3684.76,89.84,55.49,48
178560,22320,3820.93,90.48,53.31,48
178560,22320,3993.67,90.00,8.68,48
178944,22368,2937.42,91.12,269.83,48
178944,22368,4054.10,91.95,0.28,48
178944,22368,3912.62,90.65,32.43,48
178944,22368,3065.73,89.16,217.74,48
178944,22368,2164.51,92.59,494.04,48
178944,22368,3598.55,93.11,146.25,48
178944,22368,3385.42,91.69,176.81,48
178944,22368,3450.99,90.40,147.29,48
179328,22416,3987.36,90.97,1.87,48
179328,22416,3219.63,91.97,219.08,48
179328,22416,3874.40,90.94,13.18,48
179328,22416,3989.04,92.33,33.12,48
179328,22416,3882.83,91.80,56.66,48
179328,22416,3954.46,90.13,10.16,48
179328,22416,3863.81,90.61,30.89,48
179328,22416,2897.38,92.74,305.68,48
179712,22464,3983.76,90.85,0.79,48
179712,22464,3747.12,88.53,1.38,48
179712,22464,3968.25,92.32,42.16,48
179712,22464,4097.36,92.09,3.60,48
179712,22464,3698.68,92.14,91.25,48
179712,22464,3558.23,91.27,134.92,48
179712,22464,3991.16,90.94,5.10,48
179712,22464,3754.33,91.02,65.99,48
180096,22512,3162.74,91.09,221.90,48
180096,22512,3121.60,90.96,204.24,48
180096,22512,3498.79,88.77,62.04,48
180096,22512,1075.15,93.33,775.23,48
180096,22512,3832.91,90.06,35.00,48
180096,22512,3909.33,92.41,53.19,48
180096,22512,3075.58,91.33,253.91,48
180096,22512,3940.90,91.74,20.80,48
180480,22560,3707.55,92.95,134.13,48
180480,22560,4148.82,93.33,17.44,48
180480,22560,3254.56,90.31,181.87,48
180480,22560,3647.40,92.04,122.64,48
180480,22560,3947.43,91.18,27.43,48
180480,22560,3859.14,91.58,70.05,48
180480,22560,4026.84,91.16,1.79,48
180480,22560,1278.95,92.33,704.58,48
180864,22608,3956.51,90.71,1.54,48
180864,22608,4219.97,92.93,2.15,48
180864,22608,3598.24,90.16,88.59,48
180864,22608,4059.95,90.68,0.10,48
180864,22608,4071.12,91.72,3.06,48
180864,22608,3799.58,93.87,129.93,48
180864,22608,3635.24,92.37,134.19,48
180864,22608,4086.25,91.28,5.11,48
181248,22656,3647.27,91.72,92.08,48
181248,22656,3890.92,90.24,9.47,48
181248,22656,2762.91,88.42,255.35,48
181248,22656,4097.13,91.77,9.41,48
181248,22656,3896.30,90.68,21.20,48
181248,22656,3568.30,91.67,119.43,48
181248,22656,3423.79,91.85,157.33,48
181248,22656,4034.36,91.06,1.65,48
181632,22704,3873.74,91.97,40.26,48
181632,22704,3985.76,90.69,7.70,48
181632,22704,3937.30,89.71,12.17,48
181632,22704,3938.68,92.73,68.58,48
181632,22704,2083.56,91.12,498.72,48
181632,22704,4049.30,91.04,8.59,48
181632,22704,3926.92,89.45,0.95,48
181632,22704,3873.43,90.74,13.71,48
182016,22752,3350.13,90.22,146.21,48
182016,22752,3298.07,92.06,205.54,48
182016,22752,3963.91,91.61,24.93,48
182016,22752,2913.67,89.93,235.36,48
182016,22752,4098.75,92.99,30.13,48
182016,22752,3645.42,90.96,88.59,48
182016,22752,4068.17,92.49,17.24,48
182016,22752,3789.68,93.47,118.92,48
182400,22800,3904.30,91.77,52.73,48
182400,22800,4355.47,94.58,1.39,48
182400,22800,3038.46,92.00,258.97,48
182400,22800,3928.72,91.27,24.11,48
182400,22800,3082.65,91.44,244.15,48
182400,22800,3961.45,92.30,30.77,48
182400,22800,4019.86,90.54,0.00,48
182400,22800,3850.08,90.30,27.45,48
182784,22848,2992.22,89.96,242.50,48
182784,22848,3620.32,90.21,89.67,48
182784,22848,3777.42,89.61,50.92,48
182784,22848,4043.55,92.49,17.58,48
182784,22848,3248.72,92.32,211.51,48
182784,22848,3827.75,92.56,72.65,48
182784,22848,3808.09,88.39,0.19,48
182784,22848,4053.32,93.03,24.31,48
183168,22896,3742.65,91.61,74.03,48
183168,22896,3990.23,92.32,28.55,48
183168,22896,3955.89,89.85,4.50,48
183168,22896,3045.05,89.84,197.72,48
183168,22896,3812.42,89.14,4.44,48
183168,22896,4017.89,91.57,12.95,48
183168,22896,4185.96,93.39,1.18,48
183168,22896,3879.18,93.19,71.83,48
183552,22944,4080.25,92.75,0.26,48
183552,22944,3227.45,92.70,243.89,48
183552,22944,4017.03,91.53,25.90,48
183552,22944,3065.92,90.17,198.97,48
183552,22944,3009.16,93.23,308.13,48
183552,22944,3663.40,91.40,99.15,48
183552,22944,4029.29,90.93,8.56,48
183552,22944,3911.47,93.78,97.90,48
183936,22992,3880.91,91.73,45.74,48
183936,22992,3496.27,91.27,131.59,48
183936,22992,4075.57,91.91,1.21,48
183936,22992,3926.69,89.77,0.31,48
183936,22992,3889.87,91.95,52.32,48
183936,22992,3407.39,90.91,165.26,48
183936,22992,3257.56,91.20,183.05,48
183936,22992,3878.60,89.24,0.26,48
184320,23040,1069.90,93.89,788.56,48
184320,23040,3922.37,93.78,93.61,48
184320,23040,4016.31,93.83,62.30,48
184320,23040,3816.93,90.17,51.51,48
184320,23040,3838.33,89.41,19.69,48
184320,23040,4202.86,94.25,34.78,48
184320,23040,3288.95,91.82,200.25,48
184320,23040,4008.20,92.70,28.23,48
184704,23088,4048.85,90.28,0.60,48
184704,23088,3910.04,91.11,35.85,48
184704,23088,3974.03,90.98,0.68,48
184704,23088,2996.67,90.08,241.73,48
184704,23088,3766.85,92.00,85.97,48
184704,23088,3222.80,91.34,191.78,48
184704,23088,3997.67,90.78,5.80,48
184704,23088,2108.12,92.02,496.48,48
185088,23136,3921.36,90.51,6.80,48
185088,23136,3614.51,92.91,148.18,48
185088,23136,4100.50,92.29,0.19,48
185088,23136,3861.88,91.01,42.00,48
185088,23136,3781.43,91.29,80.12,48
185088,23136,2993.41,89.88,244.37,48
185088,23136,4025.18,93.40,50.95,48
185088,23136,3074.16,92.36,261.07,48
185472,23184,3160.95,90.75,210.58,48
185472,23184,3433.27,90.19,119.68,48
185472,23184,3922.09,91.46,36.85,48
185472,23184,3666.00,92.39,136.96,48
185472,23184,3990.71,91.22,6.06,48
185472,23184,3618.95,90.20,65.86,48
185472,23184,3945.78,89.61,0.28,48
185472,23184,3970.31,91.31,19.13,48
185856,23232,3758.96,91.33,86.10,48
185856,23232,3814.98,91.96,80.54,48
185856,23232,3622.33,92.46,131.29,48
185856,23232,3982.21,90.42,4.31,48
185856,23232,3742.05,90.28,83.69,48
185856,23232,3995.81,90.94,8.70,48
185856,23232,2787.71,89.80,275.27,48
185856,23232,3890.56,92.58,50.83,48
186240,23280,1322.96,91.15,699.72,48
186240,23280,3943.65,91.22,36.03,48
186240,23280,3199.00,91.74,218.64,48
186240,23280,3559.22,92.76,157.88,48
186240,23280,3538.06,91.11,130.49,48
186240,23280,3745.11,88.64,9.05,48
186240,23280,3377.36,91.06,167.69,48
186240,23280,3300.67,93.05,240.77,48
186624,23328,3904.47,89.05,8.81,48
186624,23328,3810.71,90.91,36.75,48
186624,23328,3968.33,91.44,4.81,48
186624,23328,3916.23,89.75,6.04,48
186624,23328,3618.46,91.30,117.62,48
186624,23328,2905.47,90.67,257.82,48
186624,23328,3975.96,91.44,24.28,48
186624,23328,3427.21,91.90,158.36,48
187008,23376,3251.73,92.80,216.04,48
187008,23376,3345.53,91.84,191.38,48
187008,23376,4149.32,91.96,9.39,48
187008,23376,3417.80,90.90,132.57,48
187008,23376,1051.67,92.66,759.44,48
187008,23376,3366.13,90.97,148.90,48
187008,23376,3653.27,88.85,46.92,48
187008,23376,3036.51,93.44,303.97,48
187392,23424,2938.91,90.81,259.51,48
187392,23424,3908.57,91.59,27.52,48
187392,23424,3829.93,92.56,91.38,48
187392,23424,3767.04,90.51,63.63,48
187392,23424,3334.66,90.93,191.47,48
187392,23424,3966.57,91.56,29.87,48
187392,23424,3900.40,91.67,30.24,48
187392,23424,3691.59,92.71,130.08,48
187776,23472,4180.49,92.48,0.00,48
187776,23472,3916.50,91.05,32.33,48
187776,23472,4040.38,93.42,56.18,48
187776,23472,3695.47,91.22,78.61,48
187776,23472,3440.64,91.53,129.34,48
187776,23472,3925.05,91.12,29.79,48
187776,23472,3763.94,90.24,41.01,48
187776,23472,3622.48,90.58,99.17,48
188160,23520,3640.78,91.22,106.46,48
188160,23520,3416.92,89.89,116.78,48
188160,23520,4079.08,92.49,19.44,48
188160,23520,3207.24,91.89,212.27,48
188160,23520,3756.21,92.03,80.66,48
188160,23520,3879.09,90.19,17.11,48
188160,23520,3798.66,92.48,79.36,48
188160,23520,4053.51,91.08,9.45,48
188544,23568,3795.40,91.50,62.88,48
188544,23568,2948.08,91.62,284.72,48
188544,23568,3859.21,90.98,46.65,48
188544,23568,3953.74,89.57,2.95,48
188544,23568,4314.24,93.95,0.00,48
188544,23568,3416.75,91.48,167.84,48
188544,23568,2849.41,88.01,221.08,48
188544,23568,3929.56,90.21,13.44,48
188928,23616,3979.75,91.38,1.38,48
188928,23616,3806.30,91.44,66.98,48
188928,23616,4029.10,91.34,4.14,48
188928,23616,3701.71,92.99,120.94,48
188928,23616,4054.85,93.22,38.20,48
188928,23616,3894.73,89.57,2.05,48
188928,23616,3507.59,92.49,163.84,48
188928,23616,4001.30,93.51,51.76,48
189312,23664,3880.82,93.12,81.00,48
189312,23664,3937.82,90.41,6.98,48
189312,23664,1153.55,91.97,720.54,48
189312,23664,1188.41,91.12,716.18,48
189312,23664,3634.09,90.55,70.36,48
189312,23664,3822.02,89.21,4.45,48
189312,23664,3171.75,92.60,239.63,48
189312,23664,4042.65,92.74,36.16,48
189696,23712,4109.17,92.03,24.52,48
189696,23712,4114.40,92.62,3.77,48
189696,23712,3708.59,88.04,17.48,48
189696,23712,3780.17,91.63,60.11,48
189696,23712,4078.76,91.84,1.37,48
189696,23712,3131.91,90.30,198.65,48
189696,23712,1164.33,90.37,689.54,48
189696,23712,4106.29,90.78,0.05,48
190080,23760,3500.33,93.49,178.48,48
190080,23760,4143.79,92.20,5.36,48
190080,23760,3954.63,93.48,83.86,48
190080,23760,3093.24,93.14,285.02,48
190080,23760,1316.05,90.31,672.33,48
190080,23760,3142.20,92.38,249.65,48
190080,23760,3691.48,93.39,136.74,48
190080,23760,3852.43,93.31,107.28,48
190464,23808,4094.00,91.95,1.37,48
190464,23808,4207.47,92.98,1.43,48
190464,23808,1095.93,92.59,747.21,48
190464,23808,4046.18,92.07,23.80,48
190464,23808,3755.54,91.33,83.74,48
190464,23808,2230.15,92.26,476.59,48
190464,23808,3961.14,90.20,0.43,48
190464,23808,2200.69,93.49,506.76,48
190848,23856,3726.61,92.34,87.29,48
190848,23856,4132.47,92.98,32.13,48
190848,23856,3483.07,92.48,171.62,48
190848,23856,2886.88,91.22,259.92,48
190848,23856,4145.98,93.31,24.88,48
190848,23856,3998.47,92.40,24.54,48
190848,23856,3900.02,91.34,42.82,48
190848,23856,3972.42,92.43,53.27,48
191232,23904,3671.94,91.97,108.60,48
191232,23904,4283.98,93.56,6.98,48
191232,23904,4189.85,91.56,2.70,48
191232,23904,4100.49,92.15,8.78,48
191232,23904,3976.61,90.81,6.62,48
191232,23904,3674.98,90.33,68.97,48
191232,23904,3715.65,91.16,91.48,48
191232,23904,4057.88,91.37,5.51,48
191616,23952,3881.43,90.23,9.88,48
191616,23952,4194.82,93.47,14.10,48
191616,23952,3446.67,91.43,148.31,48
191616,23952,3913.81,92.80,60.33,48
191616,23952,3871.75,92.26,56.08,48
191616,23952,3437.89,91.42,133.71,48
191616,23952,3298.44,89.84,140.52,48
191616,23952,3942.78,91.76,21.57,48
192000,24000,3692.62,91.09,90.78,48
192000,24000,2133.08,91.19,459.81,48
192000,24000,2649.40,90.83,339.26,48
192000,24000,4065.12,91.58,2.65,48
192000,24000,3874.22,91.39,52.34,48
192000,24000,3797.76,91.51,81.08,48
192000,24000,4047.98,89.81,4.36,48
192000,24000,3326.08,91.63,179.97,48
192384,24048,3459.29,89.24,98.37,48
192384,24048,3165.65,90.76,219.03,48
192384,24048,3717.17,89.75,38.76,48
192384,24048,4052.25,91.97,0.83,48
192384,24048,3919.35,89.84,0.71,48
192384,24048,3794.25,93.10,92.34,48
192384,24048,3865.18,93.02,83.45,48
192384,24048,3541.17,91.88,116.81,48
192768,24096,3331.11,91.36,178.99,48
192768,24096,3471.92,89.60,87.66,48
192768,24096,4136.68,90.97,0.19,48
192768,24096,3940.33,90.76,19.27,48
192768,24096,3741.54,91.23,78.03,48
192768,24096,3868.08,89.56,13.09,48
192768,24096,3613.87,91.46,86.47,48
192768,24096,3955.73,92.73,60.90,48
193152,24144,3528.61,89.99,80.32,48
193152,24144,3702.98,90.31,33.81,48
193152,24144,3940.51,92.62,52.91,48
193152,24144,3818.30,92.21,77.58,48
193152,24144,3314.15,90.68,163.55,48
193152,24144,3943.44,90.12,1.28,48
193152,24144,3578.32,91.70,127.50,48
193152,24144,3944.44,90.80,43.40,48
193536,24192,3457.26,90.57,145.11,48
193536,24192,4041.07,92.33,21.53,48
193536,24192,3591.06,92.70,133.84,48
193536,24192,3164.55,89.35,170.59,48
193536,24192,4042.99,93.06,40.57,48
193536,24192,3145.51,90.24,200.36,48
193536,24192,4128.48,92.36,1.80,48
193536,24192,3038.80,91.44,262.40,48
193920,24240,4216.98,93.64,0.68,48
193920,24240,4197.25,93.24,3.96,48
193920,24240,3908.78,93.92,84.54,48
193920,24240,3050.80,92.74,288.65,48
193920,24240,4093.78,92.37,0.19,48
193920,24240,4200.21,93.42,21.49,48
193920,24240,3888.17,91.84,48.87,48
193920,24240,4084.62,92.37,5.30,48
194304,24288,3577.68,91.26,119.03,48
194304,24288,3263.43,93.46,252.46,48
194304,24288,3338.82,92.93,215.04,48
194304,24288,4051.38,92.54,21.75,48
194304,24288,3530.65,90.87,106.11,48
194304,24288,3705.26,90.47,67.03,48
194304,24288,4088.14,92.09,4.65,48
194304,24288,3960.75,90.47,13.26,48
194688,24336,4079.23,94.10,59.39,48
194688,24336,3866.82,91.39,55.52,48
194688,24336,3871.90,91.00,24.64,48
194688,24336,4161.76,92.08,7.05,48
194688,24336,3826.10,92.04,84.88,48
194688,24336,3847.10,90.92,53.46,48
194688,24336,2703.77,92.11,325.16,48
194688,24336,3888.56,90.18,0.00,48
195072,24384,3923.67,92.34,33.40,48
195072,24384,3601.71,91.39,130.81,48
195072,24384,3824.53,90.20,16.42,48
195072,24384,2995.28,89.85,225.78,48
195072,24384,3485.10,90.38,132.95,48
195072,24384,3908.89,91.04,35.74,48
195072,24384,3828.42,90.72,17.95,48
195072,24384,3305.24,91.97,200.79,48
195456,24432,4130.08,92.40,3.39,48
195456,24432,3226.02,91.66,201.62,48
195456,24432,3241.08,91.01,183.56,48
195456,24432,3687.61,90.52,89.61,48
195456,24432,3014.77,92.96,284.86,48
195456,24432,3374.42,89.51,156.42,48
195456,24432,4120.34,91.93,3.63,48
195456,24432,4015.46,91.02,0.28,48
195840,24480,3327.50,90.53,156.61,48
195840,24480,2950.16,89.67,236.02,48
195840,24480,3827.07,91.47,54.46,48
195840,24480,3552.93,90.12,77.84,48
195840,24480,4199.96,92.76,0.02,48
195840,24480,3668.71,92.21,110.11,48
195840,24480,4103.70,92.37,18.48,48
195840,24480,4053.75,91.61,5.78,48
196224,24528,3844.03,92.11,54.61,48
196224,24528,3615.80,92.22,122.64,48
196224,24528,3055.92,89.89,219.09,48
196224,24528,3129.64,88.68,178.10,48
196224,24528,3586.10,90.51,69.03,48
196224,24528,3911.20,93.52,82.46,48
196224,24528,3411.60,92.04,167.52,48
196224,24528,3771.22,90.55,39.28,48
196608,24576,4092.43,92.94,30.98,48
196608,24576,1715.59,91.22,584.70,48
196608,24576,4103.42,92.21,19.03,48
196608,24576,2116.69,88.42,408.79,48
196608,24576,4100.14,92.74,15.04,48
196608,24576,4015.89,90.77,1.48,48
196608,24576,3688.72,92.50,120.55,48
196608,24576,3099.98,88.05,179.11,48
196992,24624,3969.23,93.22,75.50,48
196992,24624,3918.07,91.12,31.28,48
196992,24624,3782.12,92.97,102.30,48
196992,24624,4020.27,91.92,53.22,48
196992,24624,4039.75,92.15,21.60,48
196992,24624,4376.37,94.93,7.29,48
196992,24624,3940.99,91.15,38.52,48
196992,24624,3562.98,92.61,150.36,48
197376,24672,3834.49,93.34,86.60,48
197376,24672,3706.92,93.02,132.71,48
197376,24672,3995.08,92.78,56.63,48
197376,24672,3047.42,91.94,251.36,48
197376,24672,1938.60,92.47,540.79,48
197376,24672,3623.30,91.43,122.68,48
197376,24672,4001.81,91.67,2.39,48
197376,24672,3256.90,91.11,203.86,48
197760,24720,4047.06,90.95,12.00,48
197760,24720,4305.94,93.82,0.33,48
197760,24720,3971.89,90.03,9.26,48
197760,24720,3824.18,93.20,89.38,48
197760,24720,3983.19,93.16,67.47,48
197760,24720,3825.15,90.69,69.39,48
197760,24720,3089.71,91.18,243.11,48
197760,24720,3886.59,93.37,83.42,48
198144,24768,3592.09,90.33,85.31,48
198144,24768,2046.33,91.44,497.72,48
198144,24768,3772.13,90.85,48.91,48
198144,24768,3959.19,90.35,1.24,48
198144,24768,4171.58,92.26,2.22,48
198144,24768,3516.00,90.70,118.26,48
198144,24768,3905.73,92.47,73.91,48
198144,24768,4068.09,91.26,2.34,48
198528,24816,4083.51,93.72,35.28,48
198528,24816,4178.94,93.95,28.86,48
198528,24816,4309.56,94.56,22.00,48
198528,24816,3946.57,90.22,4.92,48
198528,24816,3458.00,92.85,177.20,48
198528,24816,3466.30,93.36,193.10,48
198528,24816,3805.23,91.45,58.84,48
198528,24816,3882.61,89.80,0.88,48
198912,24864,3476.40,91.39,161.48,48
198912,24864,4089.98,92.72,2.41,48
198912,24864,3405.64,92.91,195.07,48
198912,24864,3585.40,91.07,117.37,48
198912,24864,3877.49,92.42,47.76,48
198912,24864,3704.85,93.95,131.83,48
198912,24864,4224.45,93.09,2.26,48
198912,24864,4143.22,93.13,24.19,48
199296,24912,3946.87,90.35,9.05,48
199296,24912,3766.87,92.45,113.12,48
199296,24912,3857.60,91.36,41.98,48
199296,24912,4078.13,93.23,51.50,48
199296,24912,4052.13,92.14,28.59,48
199296,24912,2194.25,89.18,412.22,48
199296,24912,3341.96,90.87,144.54,48
199296,24912,3530.04,91.47,149.57,48
199680,24960,4005.71,90.60,15.48,48
199680,24960,3706.75,91.72,88.91,48
199680,24960,4149.66,91.87,4.10,48
199680,24960,3895.74,90.44,13.63,48
199680,24960,3826.08,92.50,88.93,48
199680,24960,3299.10,92.72,219.65,48
199680,24960,2912.89,91.32,287.44,48
199680,24960,1149.31,93.14,755.47,48
200064,25008,4075.26,91.65,19.61,48
200064,25008,3804.24,90.88,60.84,48
200064,25008,3951.26,91.36,20.12,48
200064,25008,3994.73,91.36,0.71,48
200064,25008,3938.51,91.06,37.59,48
200064,25008,4093.60,91.27,3.88,48
200064,25008,3881.06,92.98,79.58,48
200064,25008,3870.21,93.30,96.81,48
200448,25056,4090.53,91.13,0.72,48
200448,25056,3578.77,90.62,93.81,48
200448,25056,3017.81,91.73,251.77,48
200448,25056,4289.41,93.48,0.00,48
200448,25056,4085.35,91.23,7.36,48
200448,25056,3679.52,92.88,131.99,48
200448,25056,3481.81,92.82,186.16,48
200448,25056,4018.50,90.97,17.64,48
200832,25104,3847.50,92.41,80.40,48
200832,25104,4010.87,91.02,3.88,48
200832,25104,3898.09,91.67,46.44,48
200832,25104,3739.16,90.93,52.46,48
200832,25104,3996.29,93.29,66.10,48
200832,25104,2129.81,91.86,496.49,48
200832,25104,3968.56,90.12,0.00,48
200832,25104,3252.45,92.78,232.32,48
201216,25152,3987.09,91.44,9.55,48
201216,25152,4152.38,92.89,18.01,48
201216,25152,3881.93,90.09,34.29,48
201216,25152,3765.18,92.01,89.58,48
201216,25152,3656.62,92.56,131.35,48
201216,25152,4029.42,90.27,15.12,48
201216,25152,3602.85,90.03,91.40,48
201216,25152,3972.86,90.42,6.47,48
201600,25200,3832.30,91.09,37.06,48
201600,25200,3317.12,92.36,221.92,48
201600,25200,4056.74,93.38,62.79,48
201600,25200,4114.05,94.02,59.60,48
201600,25200,1938.99,91.17,525.63,48
201600,25200,3907.43,90.23,2.26,48
201600,25200,3985.00,91.57,27.01,48
201600,25200,3397.37,92.07,187.38,48
201984,25248,3184.63,93.26,261.75,48
201984,25248,3464.54,92.75,190.14,48
201984,25248,3775.13,91.27,69.01,48
201984,25248,3971.79,92.88,64.56,48
201984,25248,3886.24,92.06,63.83,48
201984,25248,4154.65,93.43,31.07,48
201984,25248,3880.50,90.81,26.69,48
201984,25248,3931.29,92.24,54.05,48
202368,25296,3520.60,91.61,132.53,48
202368,25296,3852.95,91.13,50.40,48
202368,25296,3804.72,93.00,91.41,48
202368,25296,3053.08,91.19,247.87,48
202368,25296,4156.51,93.52,19.19,48
202368,25296,3836.51,92.96,99.97,48
202368,25296,4138.70,92.45,10.04,48
202368,25296,3864.42,92.96,93.83,48
202752,25344,4274.02,93.61,0.69,48
202752,25344,2280.24,90.94,442.95,48
202752,25344,4195.59,93.33,23.95,48
202752,25344,2852.05,91.57,303.25,48
202752,25344,4291.80,93.82,1.80,48
202752,25344,4043.42,90.45,0.68,48
202752,25344,3096.52,93.44,282.23,48
202752,25344,4189.10,93.25,11.47,48
203136,25392,4097.81,91.39,5.09,48
203136,25392,3702.16,91.54,83.16,48
203136,25392,3945.39,92.53,64.83,48
203136,25392,3871.62,90.09,23.85,48
203136,25392,3186.44,92.25,230.01,48
203136,25392,3016.31,91.48,261.50,48
203136,25392,3950.74,91.13,39.89,48
203136,25392,3469.83,93.72,197.99,48
203520,25440,4273.54,93.94,6.44,48
203520,25440,3801.39,93.29,117.22,48
203520,25440,3939.41,93.76,95.04,48
203520,25440,4163.80,93.23,2.65,48
203520,25440,3412.06,90.94,138.55,48
203520,25440,3162.36,93.72,288.11,48
203520,25440,3793.30,93.04,102.92,48
203520,25440,4206.25,92.69,13.13,48
203904,25488,4258.41,93.76,7.78,48
203904,25488,4135.51,92.78,5.47,48
203904,25488,2871.75,90.80,291.24,48
203904,25488,3879.03,93.08,78.55,48
203904,25488,3695.11,92.67,122.25,48
203904,25488,4316.96,93.71,0.32,48
203904,25488,4018.15,91.15,3.79,48
203904,25488,3455.08,93.17,195.16,48
204288,25536,3731.21,88.62,6.35,48
204288,25536,4003.53,92.43,36.10,48
204288,25536,3928.52,90.31,19.32,48
204288,25536,3510.98,91.78,143.22,48
204288,25536,2924.00,92.08,302.41,48
204288,25536,3482.42,91.18,129.85,48
204288,25536,3782.37,90.57,58.87,48
204288,25536,2966.39,89.88,237.54,48
204672,25584,3257.71,91.07,188.66,48
204672,25584,3850.75,93.71,108.27,48
204672,25584,3454.12,93.43,188.44,48
204672,25584,2923.69,89.34,211.37,48
204672,25584,4027.07,92.87,55.26,48
204672,25584,4343.29,94.05,1.37,48
204672,25584,3806.37,92.88,100.53,48
204672,25584,4001.54,91.66,29.35,48
205056,25632,3539.73,92.96,168.14,48
205056,25632,4071.59,93.56,53.64,48
205056,25632,3135.88,92.53,263.57,48
205056,25632,4130.44,90.45,0.00,48
205056,25632,4065.84,91.54,7.33,48
205056,25632,4129.73,91.97,0.26,48
205056,25632,3646.97,91.74,125.24,48
205056,25632,3927.00,92.27,40.22,48
205440,25680,2123.96,92.70,507.54,48
205440,25680,3285.31,93.79,257.22,48
205440,25680,4219.39,93.27,0.00,48
205440,25680,3904.97,91.87,34.16,48
205440,25680,3801.14,94.29,124.31,48
205440,25680,4088.89,92.18,24.07,48
205440,25680,4186.81,94.37,43.55,48
205440,25680,3872.34,90.72,11.31,48
205824,25728,1338.50,92.46,699.08,48
205824,25728,3739.09,89.08,62.16,48
205824,25728,4052.70,92.76,33.71,48
205824,25728,3224.97,91.47,212.50,48
205824,25728,2088.28,91.05,495.27,48
205824,25728,3435.53,90.78,123.86,48
205824,25728,4245.91,93.72,12.49,48
205824,25728,4042.78,92.21,45.00,48
206208,25776,3867.12,88.06,0.00,48
206208,25776,4195.64,92.54,7.09,48
206208,25776,3571.78,91.93,131.69,48
206208,25776,4177.15,93.20,1.93,48
206208,25776,3610.55,90.52,86.48,48
206208,25776,3904.95,90.49,2.96,48
206208,25776,3976.04,90.51,12.64,48
206208,25776,3246.45,93.08,236.06,48
206592,25824,4006.45,89.64,1.41,48
206592,25824,3988.90,90.97,0.45,48
206592,25824,4392.54,94.48,2.59,48
206592,25824,4277.79,92.79,0.10,48
206592,25824,2054.50,91.36,489.73,48
206592,25824,3576.48,91.40,124.78,48
206592,25824,3744.33,92.23,74.11,48
206592,25824,4129.89,91.97,4.22,48
206976,25872,1059.18,91.83,729.08,48
206976,25872,3428.76,91.66,151.54,48
206976,25872,3971.91,90.03,0.79,48
206976,25872,3795.47,91.96,86.32,48
206976,25872,3962.77,89.97,1.37,48
206976,25872,3848.64,92.13,74.94,48
206976,25872,2062.38,91.16,490.56,48
206976,25872,3837.21,89.23,1.49,48
207360,25920,3620.72,90.40,88.87,48
207360,25920,3766.17,93.18,96.84,48
207360,25920,2852.81,91.58,277.27,48
207360,25920,2884.94,89.68,254.72,48
207360,25920,4193.58,92.57,8.19,48
207360,25920,3138.54,92.25,256.65,48
207360,25920,4079.43,92.13,36.87,48
207360,25920,3268.32,92.00,229.16,48
207744,25968,3807.12,93.15,98.11,48
207744,25968,4146.09,92.44,2.39,48
207744,25968,1366.93,90.30,637.27,48
207744,25968,3811.68,92.20,94.47,48
207744,25968,3811.01,90.23,48.88,48
207744,25968,3668.53,91.95,100.38,48
207744,25968,3523.67,90.13,116.04,48
207744,25968,2065.81,92.26,508.97,48
208128,26016,3960.72,91.96,29.25,48
208128,26016,3578.01,92.68,150.35,48
208128,26016,3995.13,90.47,13.56,48
208128,26016,3721.53,90.95,68.81,48
208128,26016,3898.38,90.11,0.10,48
208128,26016,3998.43,91.51,27.88,48
208128,26016,3645.54,90.98,104.77,48
208128,26016,4122.89,93.37,34.64,48
208512,26064,3544.55,88.75,54.69,48
208512,26064,4063.26,92.54,20.89,48
208512,26064,3848.20,91.61,59.81,48
208512,26064,824.30,95.27,885.86,48
208512,26064,4199.28,93.42,6.32,48
208512,26064,4067.77,90.92,0.19,48
208512,26064,3133.39,92.04,235.63,48
208512,26064,4098.46,91.29,0.47,48
208896,26112,3786.74,89.25,41.92,48
208896,26112,3738.93,91.94,92.05,48
208896,26112,3707.80,89.96,41.23,48
208896,26112,3583.85,93.00,142.90,48
208896,26112,3403.78,92.85,208.51,48
208896,26112,3916.44,89.93,1.83,48
208896,26112,3752.65,89.60,37.81,48
208896,26112,3756.70,90.19,56.20,48
209280,26160,3856.85,91.41,52.29,48
209280,26160,3413.80,92.49,170.05,48
209280,26160,4305.27,94.22,13.87,48
209280,26160,4008.06,91.73,6.62,48
209280,26160,1278.97,91.08,699.96,48
209280,26160,3893.98,90.75,29.23,48
209280,26160,3854.93,92.17,67.45,48
209280,26160,3855.10,91.65,67.36,48
209664,26208,3887.69,90.30,4.01,48
209664,26208,4157.74,93.29,23.52,48
209664,26208,3058.31,92.73,285.57,48
209664,26208,4178.29,92.71,0.79,48
209664,26208,3407.64,93.46,208.86,48
209664,26208,3343.13,93.25,228.08,48
209664,26208,4248.57,92.99,0.10,48
209664,26208,2600.41,89.08,284.07,48
210048,26256,3977.65,92.50,56.60,48
210048,26256,3166.98,92.61,256.13,48
210048,26256,3162.22,93.80,277.06,48
210048,26256,3118.03,91.86,244.25,48
210048,26256,3729.74,91.48,71.73,48
210048,26256,4093.25,92.53,12.39,48
210048,26256,3097.64,89.65,211.69,48
210048,26256,2745.28,92.17,343.80,48
210432,26304,3931.17,92.39,40.59,48
210432,26304,3724.42,92.51,87.29,48
210432,26304,4103.57,92.12,2.36,48
210432,26304,4150.48,93.03,16.46,48
210432,26304,4261.63,93.64,0.39,48
210432,26304,3994.86,92.32,32.91,48
210432,26304,4019.68,94.12,76.92,48
210432,26304,4161.17,92.69,1.37,48
210816,26352,2837.02,91.23,289.53,48
210816,26352,3528.87,92.37,150.97,48
210816,26352,3268.47,92.60,222.77,48
210816,26352,3906.05,92.56,76.04,48
210816,26352,3896.12,90.95,39.82,48
210816,26352,2378.67,92.49,446.05,48
210816,26352,4023.60,93.00,40.66,48
210816,26352,4019.97,90.49,1.38,48
211200,26400,3948.73,91.18,25.88,48
211200,26400,4024.94,91.61,26.26,48
211200,26400,4013.53,90.94,0.74,48
211200,26400,4004.55,92.55,35.15,48
211200,26400,1337.33,90.65,645.01,48
211200,26400,3724.74,88.44,21.40,48
211200,26400,4005.63,93.79,74.13,48
211200,26400,3563.94,92.49,146.71,48
211584,26448,2873.59,90.35,260.81,48
211584,26448,4064.08,91.37,18.44,48
211584,26448,3388.17,93.48,222.41,48
211584,26448,3975.57,93.63,57.86,48
211584,26448,3474.66,90.80,135.01,48
211584,26448,3136.55,90.42,214.20,48
211584,26448,3872.56,90.64,10.36,48
211584,26448,4068.90,90.89,0.69,48
211968,26496,4150.02,92.05,1.52,48
211968,26496,4075.09,91.34,6.74,48
211968,26496,4027.94,92.19,18.41,48
211968,26496,3999.63,92.77,46.81,48
211968,26496,3608.32,92.12,119.19,48
211968,26496,3205.81,92.42,236.33,48
211968,26496,3161.17,90.91,225.80,48
211968,26496,4296.68,93.41,1.00,48
212352,26544,3846.65,91.26,56.66,48
212352,26544,3886.55,91.65,26.93,48
212352,26544,3865.36,93.24,100.14,48
212352,26544,3183.61,92.05,223.86,48
212352,26544,3917.72,90.03,21.56,48
212352,26544,3823.05,91.40,61.47,48
212352,26544,4248.12,92.68,0.39,48
212352,26544,4136.24,91.75,2.30,48
212736,26592,3513.11,92.71,165.71,48
212736,26592,3560.57,92.48,159.43,48
212736,26592,3394.94,92.71,186.97,48
212736,26592,4125.03,91.79,12.74,48
212736,26592,4228.53,92.32,4.81,48
212736,26592,2943.28,93.11,305.04,48
212736,26592,3382.72,90.99,144.84,48
212736,26592,3733.00,91.87,78.62,48
213120,26640,4043.57,91.15,0.74,48
213120,26640,3157.49,91.78,245.53,48
213120,26640,4117.59,92.38,5.99,48
213120,26640,3489.73,91.12,138.41,48
213120,26640,4120.02,93.01,23.87,48
213120,26640,4182.39,92.80,9.49,48
213120,26640,3108.94,91.60,258.83,48
213120,26640,3989.57,90.07,8.88,48
213504,26688,3613.76,92.93,154.38,48
213504,26688,2023.67,90.45,483.44,48
213504,26688,3252.50,91.46,216.99,48
213504,26688,4104.70,92.03,0.23,48
213504,26688,4129.15,93.94,46.28,48
213504,26688,3838.21,90.99,54.61,48
213504,26688,3266.91,90.91,202.34,48
213504,26688,3066.28,91.85,250.81,48
213888,26736,4075.76,91.06,17.48,48
213888,26736,4051.19,91.37,4.73,48
213888,26736,4102.99,92.60,5.04,48
213888,26736,3900.64,91.54,60.70,48
213888,26736,3003.67,92.04,272.94,48
213888,26736,3969.81,92.04,34.16,48
213888,26736,3321.90,92.73,219.49,48
213888,26736,3061.81,91.59,261.38,48
214272,26784,4197.70,93.89,23.72,48
214272,26784,3739.56,90.32,60.32,48
214272,26784,4099.89,92.23,6.08,48
214272,26784,4113.55,91.52,2.63,48
214272,26784,3644.20,91.68,105.46,48
214272,26784,3860.04,91.97,61.89,48
214272,26784,4273.71,93.31,0.68,48
214272,26784,3815.13,93.60,101.19,48
214656,26832,4133.83,91.65,0.25,48
214656,26832,3725.46,90.20,65.62,48
214656,26832,4034.22,91.15,3.40,48
214656,26832,4126.11,91.75,2.39,48
214656,26832,1039.29,93.14,774.37,48
214656,26832,4001.21,91.18,7.38,48
214656,26832,3584.44,89.68,85.39,48
214656,26832,3451.60,92.76,191.60,48
215040,26880,3805.44,91.94,79.01,48
215040,26880,4057.39,92.12,17.44,48
215040,26880,3995.35,91.07,9.90,48
215040,26880,4174.14,93.04,8.10,48
215040,26880,4246.31,93.09,0.66,48
215040,26880,3877.25,90.91,7.78,48
215040,26880,3285.01,91.78,183.29,48
215040,26880,3288.95,93.58,250.72,48
215424,26928,4121.51,93.03,4.62,48
215424,26928,3985.45,90.41,3.17,48
215424,26928,4275.88,93.48,4.00,48
215424,26928,3105.42,92.96,274.78,48
215424,26928,3767.16,92.02,87.43,48
215424,26928,3952.45,92.03,36.24,48
215424,26928,3279.77,93.73,249.45,48
215424,26928,3048.05,90.88,257.45,48
215808,26976,4141.70,92.18,11.71,48
215808,26976,3479.54,92.81,184.54,48
215808,26976,3691.20,93.22,127.39,48
215808,26976,4068.25,93.18,28.26,48
215808,26976,3374.58,92.52,207.10,48
215808,26976,3077.73,90.63,234.49,48
215808,26976,3313.94,91.27,190.78,48
215808,26976,3829.49,92.60,92.32,48
216192,27024,4127.85,94.07,38.62,48
216192,27024,3939.77,92.73,76.72,48
216192,27024,3991.29,90.70,2.39,48
216192,27024,4031.85,91.40,4.34,48
216192,27024,2707.84,91.91,349.82,48
216192,27024,4106.51,91.08,0.19,48
216192,27024,4269.90,93.35,0.81,48
216192,27024,3378.44,91.75,166.05,48
216576,27072,4047.33,91.70,13.25,48
216576,27072,4181.45,92.03,0.39,48
216576,27072,2013.27,91.61,518.11,48
216576,27072,3926.82,91.51,31.14,48
216576,27072,3820.83,92.99,106.39,48
216576,27072,3480.58,89.91,101.59,48
216576,27072,4153.95,93.66,46.06,48
216576,27072,3359.31,91.12,149.90,48
216960,27120,3877.09,90.60,51.59,48
216960,27120,3766.84,92.46,104.26,48
216960,27120,4098.33,93.51,39.18,48
216960,27120,4284.97,93.11,0.26,48
216960,27120,3637.71,92.40,116.67,48
216960,27120,4188.04,92.03,12.25,48
216960,27120,3926.22,91.75,52.88,48
216960,27120,3458.86,92.70,181.15,48
217344,27168,3535.87,90.99,92.04,48
217344,27168,1342.75,92.71,699.20,48
217344,27168,3515.60,93.09,177.07,48
217344,27168,4208.88,92.91,5.22,48
217344,27168,1129.36,92.62,750.52,48
217344,27168,4142.35,92.39,9.29,48
217344,27168,4058.88,90.84,1.29,48
217344,27168,4070.18,90.36,3.56,48
217728,27216,3253.09,92.90,252.37,48
217728,27216,3955.62,90.41,0.28,48
217728,27216,4313.01,93.65,3.44,48
217728,27216,3840.45,91.55,70.23,48
217728,27216,3710.29,92.39,102.59,48
217728,27216,3710.45,89.92,41.13,48
217728,27216,3903.84,92.10,47.75,48
217728,27216,4129.61,91.63,5.90,48
218112,27264,3652.75,91.71,116.18,48
218112,27264,3940.10,91.62,56.97,48
218112,27264,3795.36,91.17,69.30,48
218112,27264,3680.81,91.42,78.99,48
218112,27264,3461.58,93.82,210.51,48
218112,27264,4268.94,93.93,7.74,48
218112,27264,3989.42,93.20,70.81,48
218112,27264,3940.94,90.70,25.92,48
218496,27312,3861.64,90.28,44.59,48
218496,27312,3769.52,91.51,89.92,48
218496,27312,3989.92,90.74,15.08,48
218496,27312,4040.93,92.22,22.26,48
218496,27312,3754.54,92.77,104.17,48
218496,27312,3838.17,91.33,58.85,48
218496,27312,3661.23,91.88,98.28,48
218496,27312,3709.97,90.97,63.03,48
218880,27360,3304.77,92.64,205.41,48
218880,27360,3590.70,91.12,110.16,48
218880,27360,4075.68,91.87,1.87,48
218880,27360,2938.62,91.19,256.97,48
218880,27360,3370.06,90.66,145.58,48
218880,27360,4011.69,90.15,0.69,48
218880,27360,3685.89,93.84,160.55,48
218880,27360,3563.03,92.85,138.06,48
219264,27408,3865.14,90.39,40.12,48
219264,27408,3981.38,93.25,70.45,48
219264,27408,3891.64,90.48,33.70,48
219264,27408,3490.81,91.12,127.81,48
219264,27408,4098.07,92.62,19.06,48
219264,27408,4252.23,93.42,8.11,48
219264,27408,3826.79,92.54,85.47,48
219264,27408,3818.85,93.25,105.26,48
219648,27456,3308.43,92.35,219.41,48
219648,27456,3875.25,90.70,10.80,48
219648,27456,4050.38,91.58,13.15,48
219648,27456,3950.67,92.60,51.16,48
219648,27456,3563.67,92.11,133.15,48
219648,27456,4075.92,91.62,1.85,48
219648,27456,3323.16,94.38,251.94,48
219648,27456,4010.13,90.75,4.62,48
220032,27504,4056.93,90.60,3.99,48
220032,27504,4138.90,91.78,7.85,48
220032,27504,1977.26,89.98,473.37,48
220032,27504,3836.29,91.69,61.08,48
220032,27504,4207.74,92.79,0.72,48
220032,27504,3691.56,90.70,54.15,48
220032,27504,4022.44,90.76,2.48,48
220032,27504,3765.77,92.85,111.09,48
220416,27552,4168.96,92.11,7.55,48
220416,27552,4144.17,91.75,1.34,48
220416,27552,3157.74,92.71,266.11,48
220416,27552,4053.13,91.83,11.89,48
220416,27552,3743.61,91.05,63.50,48
220416,27552,4154.25,92.86,5.41,48
220416,27552,4056.71,93.11,41.23,48
220416,27552,4148.23,92.73,4.43,48
220800,27600,3124.96,89.76,188.80,48
220800,27600,3357.72,89.07,114.54,48
220800,27600,3443.81,92.35,179.49,48
220800,27600,3744.37,92.81,121.34,48
220800,27600,3849.68,89.59,24.84,48
220800,27600,3897.50,90.58,4.40,48
220800,27600,4097.91,93.03,37.30,48
220800,27600,4064.28,92.84,29.96,48
221184,27648,3241.28,90.84,193.22,48
221184,27648,3317.70,92.22,224.22,48
221184,27648,3571.89,90.51,91.37,48
221184,27648,3977.17,90.58,8.32,48
221184,27648,3499.18,92.44,165.70,48
221184,27648,2244.61,90.49,444.96,48
221184,27648,1500.49,92.05,646.80,48
221184,27648,3880.10,90.11,26.47,48
221568,27696,3964.55,91.85,40.24,48
221568,27696,3637.97,91.60,98.07,48
221568,27696,4072.41,93.60,60.07,48
221568,27696,3559.74,89.10,73.55,48
221568,27696,4077.32,91.50,3.75,48
221568,27696,3905.60,90.94,24.41,48
221568,27696,3230.24,91.93,220.94,48
221568,27696,4049.97,91.57,2.20,48
221952,27744,3998.63,89.99,1.16,48
221952,27744,3932.14,93.62,77.89,48
221952,27744,3090.93,90.52,224.32,48
221952,27744,3876.60,92.28,74.01,48
221952,27744,3819.47,92.29,88.40,48
221952,27744,4109.29,92.93,17.41,48
221952,27744,3867.61,91.29,49.69,48
221952,27744,3639.63,89.19,63.68,48
222336,27792,3089.48,92.32,259.68,48
222336,27792,4150.97,92.11,1.39,48
222336,27792,3958.99,92.40,44.72,48
222336,27792,3631.03,90.87,97.48,48
222336,27792,3845.39,91.90,66.00,48
222336,27792,3380.38,90.70,170.33,48
222336,27792,3638.52,93.69,170.40,48
222336,27792,3978.83,90.95,1.16,48
222720,27840,1305.13,91.69,683.37,48
222720,27840,4017.98,91.11,1.24,48
222720,27840,3001.34,93.01,305.24,48
222720,27840,3471.29,91.54,163.42,48
222720,27840,2053.25,90.42,473.76,48
222720,27840,2858.23,89.49,242.08,48
222720,27840,3562.69,92.45,158.17,48
222720,27840,3954.45,91.97,53.51,48
223104,27888,3457.31,90.66,118.53,48
223104,27888,3062.41,89.96,222.20,48
223104,27888,4392.03,93.91,0.02,48
223104,27888,3693.82,92.45,120.82,48
223104,27888,4047.88,91.43,12.30,48
223104,27888,3848.68,89.92,33.80,48
223104,27888,2947.64,88.68,224.89,48
223104,27888,3052.31,92.60,262.21,48
223488,27936,3719.69,90.31,68.38,48
223488,27936,1260.77,93.30,735.17,48
223488,27936,3684.35,92.50,94.07,48
223488,27936,2245.92,91.76,457.55,48
223488,27936,4151.76,92.32,1.83,48
223488,27936,3396.14,91.39,158.66,48
223488,27936,4130.07,91.13,0.60,48
223488,27936,3226.59,91.57,206.04,48
223872,27984,3492.94,92.36,162.01,48
223872,27984,3915.03,92.27,43.61,48
223872,27984,3286.82,91.50,194.04,48
223872,27984,3584.44,90.90,110.83,48
223872,27984,3782.63,92.83,90.87,48
223872,27984,3760.39,91.16,59.74,48
223872,27984,3373.41,90.53,161.66,48
223872,27984,3335.17,91.64,183.04,48
224256,28032,4150.18,94.33,57.77,48
224256,28032,3870.73,92.42,51.26,48
224256,28032,3727.31,90.42,72.53,48
224256,28032,3940.90,90.34,7.82,48
224256,28032,3888.81,89.92,22.69,48
224256,28032,4078.21,91.19,2.65,48
224256,28032,3903.99,91.92,58.54,48
224256,28032,3947.10,90.42,0.26,48
224640,28080,3741.54,90.31,46.37,48
224640,28080,4036.25,90.67,11.60,48
224640,28080,4176.81,93.82,37.81,48
224640,28080,3533.46,92.28,133.99,48
224640,28080,3718.82,91.20,103.13,48
224640,28080,3730.57,91.41,73.50,48
224640,28080,1190.70,92.64,749.35,48
224640,28080,3776.77,91.76,77.12,48
225024,28128,3005.25,90.81,253.37,48
225024,28128,3680.85,92.86,128.34,48
225024,28128,3596.71,90.63,106.08,48
225024,28128,1141.99,90.61,715.56,48
225024,28128,4198.60,93.81,19.47,48
225024,28128,3076.78,91.92,264.72,48
225024,28128,4193.98,93.32,14.58,48
225024,28128,3907.75,92.93,61.88,48
225408,28176,3880.63,93.11,81.06,48
225408,28176,3925.10,92.03,51.80,48
225408,28176,3172.92,91.36,214.76,48
225408,28176,3827.02,90.58,25.69,48
225408,28176,3662.65,89.86,50.57,48
225408,28176,4169.79,93.89,31.01,48
225408,28176,2953.41,91.92,283.03,48
225408,28176,3330.58,92.73,209.32,48
225792,28224,3199.73,91.27,211.27,48
225792,28224,3544.24,89.92,115.17,48
225792,28224,4120.26,91.08,0.81,48
225792,28224,3858.31,92.13,54.24,48
225792,28224,4181.67,94.07,42.13,48
225792,28224,3967.45,91.42,29.56,48
225792,28224,4099.87,92.01,12.66,48
225792,28224,3926.73,91.44,54.93,48
226176,28272,3738.68,91.43,76.82,48
226176,28272,2876.84,89.46,235.66,48
226176,28272,3769.68,91.54,62.10,48
226176,28272,4056.98,93.76,55.40,48
226176,28272,3610.60,94.20,175.45,48
226176,28272,1377.88,92.45,683.34,48
226176,28272,3719.20,91.45,99.30,48
226176,28272,3878.42,92.38,60.98,48
226560,28320,4018.17,93.00,56.80,48
226560,28320,4080.99,92.59,29.60,48
226560,28320,3824.44,91.24,61.14,48
226560,28320,3747.81,90.94,73.34,48
226560,28320,2264.58,91.27,424.78,48
226560,28320,3926.24,90.91,2.34,48
226560,28320,3947.35,93.04,70.00,48
226560,28320,4042.97,91.54,12.81,48
226944,28368,3952.63,92.97,65.66,48
226944,28368,3441.35,89.21,90.81,48
226944,28368,2890.25,93.13,347.28,48
226944,28368,4102.23,91.97,0.68,48
226944,28368,2912.98,89.94,252.29,48
226944,28368,3916.87,89.68,4.16,48
226944,28368,3177.64,90.66,182.36,48
226944,28368,3541.99,90.44,122.93,48
227328,28416,4030.46,94.64,85.50,48
227328,28416,3772.67,91.51,65.88,48
227328,28416,3551.39,92.70,150.21,48
227328,28416,3029.31,90.10,236.55,48
227328,28416,4139.07,93.49,16.44,48
227328,28416,4167.01,93.10,16.20,48
227328,28416,3353.49,90.94,176.57,48
227328,28416,3510.15,91.25,135.99,48
227712,28464,3106.07,93.44,276.21,48
227712,28464,3754.19,93.45,125.22,48
227712,28464,3553.97,90.91,112.56,48
227712,28464,3952.50,89.63,2.04,48
227712,28464,3310.18,91.59,196.99,48
227712,28464,4160.11,92.90,7.17,48
227712,28464,4031.13,92.94,43.56,48
227712,28464,4019.46,92.12,16.93,48
228096,28512,4231.29,93.44,0.79,48
228096,28512,3686.86,92.74,121.06,48
228096,28512,3715.49,92.44,133.88,48
228096,28512,3977.14,91.51,9.39,48
228096,28512,4100.78,92.97,19.27,48
228096,28512,3286.16,92.24,212.39,48
228096,28512,3950.09,89.50,0.00,48
228096,28512,3973.68,91.61,61.37,48
228480,28560,3892.78,93.92,90.61,48
228480,28560,3765.96,93.63,127.04,48
228480,28560,3431.37,91.54,170.68,48
228480,28560,3808.79,89.90,41.39,48
228480,28560,1221.01,94.03,772.68,48
228480,28560,3804.95,91.29,61.61,48
228480,28560,4008.55,90.32,1.27,48
228480,28560,3519.94,91.86,155.51,48
228864,28608,3100.50,94.30,309.62,48
228864,28608,4149.61,92.32,1.00,48
228864,28608,3392.07,92.97,205.40,48
228864,28608,4063.86,90.87,0.57,48
228864,28608,3976.90,90.20,1.24,48
228864,28608,4081.90,92.92,46.56,48
228864,28608,4040.17,91.70,25.92,48
228864,28608,3830.10,92.55,76.13,48
229248,28656,3750.57,90.54,51.43,48
229248,28656,4140.23,91.45,0.10,48
229248,28656,3959.82,92.36,53.02,48
229248,28656,3776.41,90.94,83.62,48
229248,28656,3092.74,90.59,216.95,48
229248,28656,3958.54,89.97,0.79,48
229248,28656,3849.19,90.43,44.98,48
229248,28656,4088.74,92.15,22.82,48
229632,28704,3277.61,91.68,214.63,48
229632,28704,4298.78,93.39,6.97,48
229632,28704,3348.68,90.90,178.39,48
229632,28704,4077.94,91.76,16.86,48
229632,28704,4057.80,90.69,4.58,48
229632,28704,3573.79,93.03,164.96,48
229632,28704,3571.38,90.79,122.04,48
229632,28704,3844.21,90.67,28.21,48
230016,28752,3959.40,92.36,41.14,48
230016,28752,3849.89,92.67,89.41,48
230016,28752,4137.64,92.13,9.13,48
230016,28752,3795.37,90.98,70.36,48
230016,28752,4089.10,91.57,11.15,48
230016,28752,3847.76,91.15,42.91,48
230016,28752,4225.53,92.31,1.00,48
230016,28752,4186.91,92.11,3.70,48
230400,28800,3137.62,91.54,245.51,48
230400,28800,3329.93,91.68,195.66,48
230400,28800,3750.77,93.35,124.47,48
230400,28800,3531.76,91.91,141.58,48
230400,28800,3836.32,88.05,1.49,48
230400,28800,3971.09,94.05,85.26,48
230400,28800,3991.60,90.04,5.92,48
230400,28800,3112.00,91.71,234.26,48
230784,28848,4091.41,93.19,48.01,48
230784,28848,3831.14,92.88,106.13,48
230784,28848,3150.48,91.44,248.42,48
230784,28848,3576.76,90.98,112.83,48
230784,28848,4220.93,92.65,0.81,48
230784,28848,3338.57,91.18,192.73,48
230784,28848,3825.92,90.99,57.93,48
230784,28848,3834.94,92.36,77.25,48
231168,28896,3926.81,90.22,9.70,48
231168,28896,3935.62,90.85,38.24,48
231168,28896,3845.87,89.66,5.80,48
231168,28896,3485.37,91.30,150.18,48
231168,28896,3614.33,92.43,131.16,48
231168,28896,3633.40,91.69,111.93,48
231168,28896,3878.32,91.24,49.03,48
231168,28896,3941.18,90.23,0.02,48
231552,28944,3622.98,91.88,140.25,48
231552,28944,4176.67,92.99,0.33,48
231552,28944,4011.61,89.81,0.00,48
231552,28944,3681.81,90.80,87.87,48
231552,28944,4036.81,91.34,18.30,48
231552,28944,2177.09,93.02,500.30,48
231552,28944,3881.51,89.49,1.50,48
231552,28944,3603.56,90.17,97.82,48
231936,28992,3696.57,91.19,107.42,48
231936,28992,3808.59,89.98,37.86,48
231936,28992,3621.87,91.30,119.69,48
231936,28992,3591.67,91.89,128.47,48
231936,28992,4198.40,92.36,2.87,48
231936,28992,3716.22,90.71,78.06,48
231936,28992,3859.89,92.59,64.81,48
231936,28992,3429.88,90.19,138.66,48
232320,29040,3950.36,92.04,38.31,48
232320,29040,3738.71,91.19,81.19,48
232320,29040,4055.76,91.20,7.65,48
232320,29040,3012.93,92.92,298.92,48
232320,29040,4019.58,92.52,32.12,48
232320,29040,3643.23,93.31,162.93,48
232320,29040,3301.90,91.10,190.40,48
232320,29040,4268.45,93.23,1.13,48
232704,29088,3082.32,90.00,213.37,48
232704,29088,3421.86,94.27,230.35,48
232704,29088,3889.06,91.08,54.75,48
232704,29088,3116.53,90.48,229.03,48
232704,29088,4069.06,92.45,15.95,48
232704,29088,3489.64,89.50,126.94,48
232704,29088,4112.58,91.98,2.26,48
232704,29088,3593.78,90.49,112.04,48
233088,29136,3625.15,91.62,102.85,48
233088,29136,3981.28,93.43,72.45,48
233088,29136,4038.78,92.30,34.23,48
233088,29136,4127.48,91.80,8.68,48
233088,29136,3163.06,90.88,222.00,48
233088,29136,3822.85,90.30,48.48,48
233088,29136,4229.57,93.16,2.53,48
233088,29136,3971.79,93.78,82.41,48
233472,29184,4196.76,92.64,7.35,48
233472,29184,4097.59,91.29,5.17,48
233472,29184,4056.45,91.27,1.16,48
233472,29184,3374.07,91.91,192.18,48
233472,29184,3400.90,91.69,146.70,48
233472,29184,3959.11,93.03,60.05,48
233472,29184,3540.93,90.30,113.62,48
233472,29184,3364.90,91.29,191.95,48
233856,29232,3657.42,92.10,116.54,48
233856,29232,4070.36,90.81,0.27,48
233856,29232,4164.98,91.82,9.66,48
233856,29232,3404.03,91.15,166.98,48
233856,29232,4137.36,93.41,27.75,48
233856,29232,4138.43,93.36,53.89,48
233856,29232,3564.62,91.62,142.97,48
233856,29232,3512.78,91.62,162.42,48
234240,29280,3377.44,92.30,188.37,48
234240,29280,4146.10,91.64,4.26,48
234240,29280,4108.69,91.12,3.41,48
234240,29280,2312.17,92.71,470.81,48
234240,29280,1429.23,90.66,659.30,48
234240,29280,3795.89,93.15,107.63,48
234240,29280,3778.10,88.98,28.29,48
234240,29280,3690.72,91.19,106.72,48
234624,29328,4017.93,91.72,21.04,48
234624,29328,3693.65,91.45,102.98,48
234624,29328,3861.24,90.20,32.90,48
234624,29328,4294.94,93.62,0.69,48
234624,29328,4162.69,92.37,6.51,48
234624,29328,4211.65,92.81,0.28,48
234624,29328,3570.86,91.87,122.73,48
234624,29328,3905.90,92.60,69.30,48
235008,29376,4221.57,92.04,3.62,48
235008,29376,4042.28,91.12,26.48,48
235008,29376,3870.08,89.71,17.95,48
235008,29376,4141.82,92.05,0.02,48
235008,29376,4254.64,93.79,19.24,48
235008,29376,3456.13,90.45,141.39,48
235008,29376,3903.41,90.80,16.80,48
235008,29376,4013.06,92.51,24.77,48
235392,29424,3990.73,90.89,23.73,48
235392,29424,3819.18,89.70,0.74,48
235392,29424,1912.42,89.33,474.05,48
235392,29424,3339.93,90.77,178.50,48
235392,29424,3773.24,93.26,122.91,48
235392,29424,4115.74,90.73,0.39,48
235392,29424,3581.73,92.15,141.79,48
235392,29424,3892.55,91.93,55.14,48
235776,29472,3660.46,90.74,91.45,48
235776,29472,3952.44,90.87,39.06,48
235776,29472,3764.05,89.36,15.39,48
235776,29472,4256.55,93.10,0.33,48
235776,29472,4315.17,93.34,0.60,48
235776,29472,4025.27,92.22,33.02,48
235776,29472,3732.38,90.48,67.91,48
235776,29472,4145.71,92.19,1.44,48
236160,29520,4087.06,91.39,21.78,48
236160,29520,4158.87,92.21,0.19,48
236160,29520,3768.59,93.48,113.65,48
236160,29520,3627.86,92.40,126.45,48
236160,29520,4129.72,92.94,9.97,48
236160,29520,3890.55,93.27,88.87,48
236160,29520,3777.60,91.86,74.16,48
236160,29520,4070.50,91.94,4.37,48
236544,29568,4008.03,92.89,64.40,48
236544,29568,2579.16,93.05,429.29,48
236544,29568,3427.04,91.41,178.24,48
236544,29568,3465.87,90.41,126.37,48
236544,29568,4104.21,91.97,12.58,48
236544,29568,3701.47,91.36,98.22,48
236544,29568,3970.00,90.69,0.32,48
236544,29568,4093.82,91.41,0.98,48
236928,29616,4158.96,92.31,6.77,48
236928,29616,4127.65,91.64,2.73,48
236928,29616,4122.74,93.98,48.58,48
236928,29616,1484.18,90.79,610.20,48
236928,29616,3881.20,90.94,38.75,48
236928,29616,3675.50,91.92,121.42,48
236928,29616,3639.51,88.86,42.14,48
236928,29616,3644.79,92.89,144.41,48
237312,29664,3990.02,90.98,0.28,48
237312,29664,3960.65,90.02,1.21,48
237312,29664,3610.84,90.52,87.23,48
237312,29664,3773.82,88.95,48.72,48
237312,29664,3953.73,91.33,36.09,48
237312,29664,3672.12,91.72,102.63,48
237312,29664,4024.70,93.57,67.66,48
237312,29664,4104.81,91.90,1.47,48
237696,29712,4185.19,94.24,37.46,48
237696,29712,3661.06,90.88,106.88,48
237696,29712,3244.59,89.72,156.75,48
237696,29712,3856.17,93.74,118.33,48
237696,29712,4082.94,92.23,4.08,48
237696,29712,3710.76,93.31,144.07,48
237696,29712,3963.54,89.74,0.92,48
237696,29712,3799.40,92.49,93.86,48
238080,29760,3310.58,92.29,200.48,48
238080,29760,3683.39,93.45,143.73,48
238080,29760,2138.33,91.78,489.96,48
238080,29760,4099.64,91.62,5.31,48
238080,29760,3721.53,91.55,91.28,48
238080,29760,3793.44,91.81,96.48,48
238080,29760,3349.17,89.98,177.47,48
238080,29760,2114.34,90.58,465.21,48
238464,29808,4108.33,91.37,0.28,48
238464,29808,4252.82,93.00,9.26,48
238464,29808,3718.66,91.74,90.42,48
238464,29808,4122.44,92.23,14.86,48
238464,29808,3486.16,93.11,192.27,48
238464,29808,3318.37,89.67,148.08,48
238464,29808,3725.40,90.08,70.73,48
238464,29808,3527.09,91.86,139.48,48
238848,29856,3671.44,89.43,74.91,48
238848,29856,3970.01,91.08,8.29,48
238848,29856,4145.35,93.20,42.26,48
238848,29856,3904.40,92.40,58.99,48
238848,29856,3142.60,88.54,189.28,48
238848,29856,4006.43,92.27,35.87,48
238848,29856,4010.76,91.21,9.38,48
238848,29856,4216.57,92.22,1.38,48
239232,29904,1371.33,91.29,677.04,48
239232,29904,4179.97,93.55,25.56,48
239232,29904,4076.57,91.67,24.10,48
239232,29904,3782.71,89.41,38.60,48
239232,29904,4251.50,93.20,4.60,48
239232,29904,2912.41,92.32,317.82,48
239232,29904,4004.81,90.59,19.75,48
239232,29904,3784.92,94.15,144.56,48
239616,29952,3811.89,89.91,35.02,48
239616,29952,3820.29,91.11,78.58,48
239616,29952,3832.46,90.12,42.76,48
239616,29952,4120.88,92.67,17.71,48
239616,29952,3085.57,90.38,252.88,48
239616,29952,3441.08,92.17,161.66,48
239616,29952,2956.10,89.29,216.96,48
239616,29952,3058.95,93.15,288.14,48
240000,30000,3648.79,89.47,43.69,48
240000,30000,3943.17,90.32,33.96,48
240000,30000,3032.27,89.98,223.07,48
240000,30000,4158.40,91.62,0.26,48
240000,30000,3114.75,88.39,180.52,48
240000,30000,3944.24,92.76,62.10,48
240000,30000,3784.77,91.26,62.82,48
240000,30000,3484.59,91.40,145.80,48
240384,30048,3752.30,91.55,80.37,48
240384,30048,3831.14,91.33,50.21,48
240384,30048,3856.15,89.74,9.50,48
240384,30048,3909.81,91.01,49.09,48
240384,30048,4054.07,92.44,22.52,48
240384,30048,3786.36,88.97,22.10,48
240384,30048,3958.00,90.76,25.73,48
240384,30048,2878.09,92.06,322.44,48
240768,30096,4148.64,91.99,1.86,48
240768,30096,3810.42,91.64,77.04,48
240768,30096,3178.72,90.06,178.66,48
240768,30096,3830.25,91.19,65.14,48
240768,30096,3992.15,90.96,11.02,48
240768,30096,3960.84,92.91,66.80,48
240768,30096,4170.05,93.34,34.23,48
240768,30096,4141.94,93.37,26.40,48
241152,30144,3580.15,91.75,133.63,48
241152,30144,3863.33,89.94,34.59,48
241152,30144,4156.64,92.50,3.06,48
241152,30144,3824.82,88.91,29.55,48
241152,30144,3780.92,92.96,106.84,48
241152,30144,4077.03,92.46,22.77,48
241152,30144,4279.33,93.30,0.60,48
241152,30144,1215.55,92.30,738.55,48
241536,30192,3853.79,93.33,101.93,48
241536,30192,3311.08,91.66,196.74,48
241536,30192,4148.58,92.42,1.71,48
241536,30192,2895.57,88.85,244.65,48
241536,30192,3986.65,92.05,58.10,48
241536,30192,3935.68,92.38,59.93,48
241536,30192,3091.61,92.22,261.83,48
241536,30192,3397.68,88.95,123.41,48
241920,30240,3901.74,89.94,4.28,48
241920,30240,4232.76,93.20,9.17,48
241920,30240,3864.70,89.34,7.00,48
241920,30240,4348.85,94.32,1.95,48
241920,30240,3572.04,89.94,110.11,48
241920,30240,3722.99,91.88,110.55,48
241920,30240,2289.33,92.05,460.99,48
241920,30240,4122.30,92.35,10.47,48
242304,30288,3503.46,90.80,150.57,48
242304,30288,4034.16,91.06,18.00,48
242304,30288,4068.19,92.48,34.91,48
242304,30288,3911.22,92.04,55.65,48
242304,30288,3463.10,90.01,134.67,48
242304,30288,952.10,92.67,811.40,48
242304,30288,3825.02,91.79,91.96,48
242304,30288,3785.03,93.51,135.44,48
242688,30336,4017.60,90.50,10.79,48
242688,30336,4004.94,89.99,0.60,48
242688,30336,3620.82,92.80,156.85,48
242688,30336,2275.25,93.33,492.03,48
242688,30336,3548.83,89.69,112.00,48
242688,30336,3893.57,89.78,10.13,48
242688,30336,1434.21,93.92,720.93,48
242688,30336,3893.29,89.42,1.33,48
243072,30384,3824.87,89.81,31.36,48
243072,30384,2971.50,91.43,266.68,48
243072,30384,3238.30,89.70,177.38,48
243072,30384,4139.67,92.47,0.43,48
243072,30384,4019.02,91.11,6.02,48
243072,30384,3590.72,91.57,149.25,48
243072,30384,4305.49,94.00,9.51,48
243072,30384,4271.28,93.43,7.85,48
243456,30432,3993.21,91.62,21.31,48
243456,30432,4143.80,92.41,11.77,48
243456,30432,3511.59,91.15,135.84,48
243456,30432,3803.56,91.61,87.31,48
243456,30432,3948.51,89.18,0.33,48
243456,30432,3920.38,90.97,31.21,48
243456,30432,3742.92,92.85,127.43,48
243456,30432,3891.60,90.21,33.17,48
243840,30480,3630.03,89.84,79.02,48
243840,30480,3245.84,91.85,214.31,48
243840,30480,3867.88,92.90,86.24,48
243840,30480,3863.19,89.59,2.57,48
243840,30480,4170.84,92.57,8.43,48
243840,30480,3998.66,92.17,28.09,48
243840,30480,4086.70,91.96,3.06,48
243840,30480,3842.01,90.00,48.95,48
244224,30528,3881.01,93.62,80.97,48
244224,30528,3787.46,92.68,103.25,48
244224,30528,3933.75,92.75,55.91,48
244224,30528,4046.64,93.26,50.59,48
244224,30528,2866.55,91.73,289.51,48
244224,30528,3920.06,90.87,30.46,48
244224,30528,3946.35,89.19,2.28,48
244224,30528,3080.21,90.51,231.18,48
244608,30576,4108.22,91.96,3.03,48
244608,30576,4047.95,90.33,1.37,48
244608,30576,4117.53,90.83,1.74,48
244608,30576,4209.23,92.59,1.46,48
244608,30576,3376.14,89.77,144.00,48
244608,30576,3983.58,92.90,59.60,48
244608,30576,4063.87,93.43,50.37,48
244608,30576,4066.63,90.55,0.19,48
244992,30624,4255.94,93.51,1.63,48
244992,30624,3987.16,91.98,33.94,48
244992,30624,3761.94,91.76,73.76,48
244992,30624,3772.93,93.12,114.01,48
244992,30624,4201.88,92.72,0.26,48
244992,30624,4159.88,92.37,22.42,48
244992,30624,3906.58,92.42,59.49,48
244992,30624,3550.40,92.54,165.94,48
245376,30672,3898.71,92.26,71.27,48
245376,30672,4124.20,92.91,35.25,48
245376,30672,3734.44,89.97,44.37,48
245376,30672,3676.19,92.35,108.85,48
245376,30672,3690.73,93.71,140.18,48
245376,30672,4227.35,93.30,5.89,48
245376,30672,4067.57,93.55,52.66,48
245376,30672,3641.60,91.61,119.50,48
245760,30720,1348.38,91.79,696.89,48
245760,30720,4088.52,90.66,7.08,48
245760,30720,4003.61,91.04,18.36,48
245760,30720,4145.87,92.62,11.24,48
245760,30720,3592.45,92.75,164.64,48
245760,30720,4133.99,92.25,13.69,48
245760,30720,3488.07,90.03,134.18,48
245760,30720,3862.61,92.35,76.90,48
246144,30768,3963.43,91.53,32.50,48
246144,30768,3249.73,90.31,183.38,48
246144,30768,3729.66,89.03,51.00,48
246144,30768,3974.26,93.05,65.31,48
246144,30768,1307.09,92.97,708.43,48
246144,30768,2446.60,92.63,439.55,48
246144,30768,3692.04,91.06,75.63,48
246144,30768,3974.10,93.32,56.43,48
246528,30816,3857.94,89.34,10.32,48
246528,30816,3811.26,90.85,57.98,48
246528,30816,3771.61,93.12,115.72,48
246528,30816,3775.06,91.98,93.18,48
246528,30816,4030.89,91.35,6.60,48
246528,30816,4241.67,92.94,0.32,48
246528,30816,3142.39,91.51,233.05,48
246528,30816,3808.66,91.71,76.19,48
246912,30864,4054.96,90.47,0.72,48
246912,30864,3850.67,92.06,79.25,48
246912,30864,4153.06,92.18,6.49,48
246912,30864,3836.18,90.26,38.98,48
246912,30864,3640.42,91.19,97.56,48
246912,30864,3402.32,92.57,185.71,48
246912,30864,4010.56,92.46,46.93,48
246912,30864,3381.79,92.15,194.40,48
247296,30912,4187.80,94.12,37.37,48
247296,30912,3855.19,94.04,107.04,48
247296,30912,4031.45,92.20,38.88,48
247296,30912,3914.21,91.64,46.23,48
247296,30912,3973.88,89.73,10.24,48
247296,30912,4082.15,92.73,23.95,48
247296,30912,3405.24,89.94,156.25,48
247296,30912,3667.26,91.65,106.64,48
247680,30960,3156.98,93.26,284.13,48
247680,30960,4156.00,92.66,26.09,48
247680,30960,3479.89,92.65,186.63,48
247680,30960,4073.90,91.91,18.07,48
247680,30960,3942.42,93.07,74.26,48
247680,30960,4051.59,90.59,0.39,48
247680,30960,4136.63,92.00,5.91,48
247680,30960,4093.58,93.24,25.45,48
248064,31008,4181.93,92.73,5.25,48
248064,31008,3681.62,91.88,111.57,48
248064,31008,3778.19,92.15,100.60,48
248064,31008,3925.28,90.53,48.81,48
248064,31008,3954.16,92.86,58.78,48
248064,31008,3912.79,91.78,58.11,48
248064,31008,3159.64,90.51,208.12,48
248064,31008,3845.35,91.87,59.90,48
248448,31056,4080.07,91.02,1.28,48
248448,31056,3997.74,93.06,69.71,48
248448,31056,4187.09,92.29,0.68,48
248448,31056,3615.40,92.67,142.04,48
248448,31056,3949.18,90.02,18.69,48
248448,31056,3370.22,89.83,156.61,48
248448,31056,4028.09,91.17,36.84,48
248448,31056,3794.37,91.90,99.07,48
248832,31104,4181.77,92.51,0.33,48
248832,31104,3984.57,89.64,0.00,48
248832,31104,4278.22,92.86,0.80,48
248832,31104,3841.04,92.54,97.64,48
248832,31104,4075.33,91.24,0.33,48
248832,31104,4036.90,91.00,13.30,48
248832,31104,3559.54,92.61,162.80,48
248832,31104,3045.80,93.17,295.21,48
249216,31152,3968.79,90.94,32.71,48
249216,31152,3725.37,91.36,101.82,48
249216,31152,4048.31,91.63,4.76,48
249216,31152,4072.25,92.54,17.28,48
249216,31152,4201.45,92.94,4.17,48
249216,31152,4289.03,93.58,3.31,48
249216,31152,4159.16,92.34,1.29,48
249216,31152,3415.49,91.29,181.68,48
249600,31200,3744.33,90.54,69.66,48
249600,31200,4055.53,91.63,13.56,48
249600,31200,3888.12,89.60,6.90,48
249600,31200,3373.13,92.70,215.96,48
249600,31200,3900.51,89.38,27.46,48
249600,31200,1428.69,92.58,687.00,48
249600,31200,4051.09,92.38,22.64,48
249600,31200,3936.60,93.28,65.06,48
249984,31248,3758.69,91.41,69.95,48
249984,31248,3635.22,91.55,96.14,48
249984,31248,3229.46,93.65,269.26,48
249984,31248,3373.02,91.56,187.52,48
249984,31248,3829.73,90.54,54.81,48
249984,31248,3587.91,91.54,114.60,48
249984,31248,4023.86,91.83,3.85,48
249984,31248,4076.56,93.23,54.12,48
250368,31296,4261.99,93.47,7.70,48
250368,31296,3618.30,90.59,91.70,48
250368,31296,3957.70,91.76,50.46,48
250368,31296,3507.07,90.24,123.91,48
250368,31296,3592.20,93.09,165.84,48
250368,31296,3917.61,89.61,11.22,48
250368,31296,4265.56,93.61,11.39,48
250368,31296,4236.07,92.74,3.78,48
250752,31344,3149.63,90.59,225.34,48
250752,31344,4115.72,92.50,6.49,48
250752,31344,4117.34,92.31,11.44,48
250752,31344,4241.30,92.82,0.22,48
250752,31344,3535.18,90.62,128.89,48
250752,31344,3449.40,91.88,170.18,48
250752,31344,3802.58,90.40,63.25,48
250752,31344,4191.98,92.39,0.72,48
251136,31392,3696.02,90.90,103.30,48
251136,31392,4283.33,93.24,0.02,48
251136,31392,4082.42,92.11,20.02,48
251136,31392,3955.63,92.98,61.44,48
251136,31392,3754.31,92.81,102.03,48
251136,31392,3404.48,93.16,206.18,48
251136,31392,3958.85,90.34,28.46,48
251136,31392,4087.07,93.55,57.00,48
251520,31440,3097.99,91.55,255.11,48
251520,31440,3027.10,91.12,262.94,48
251520,31440,3446.53,89.00,97.53,48
251520,31440,4099.90,90.15,2.72,48
251520,31440,3769.05,90.03,56.64,48
251520,31440,4092.85,92.59,6.25,48
251520,31440,3991.30,90.16,3.96,48
251520,31440,3874.98,90.02,13.12,48
251904,31488,3296.96,92.49,228.49,48
251904,31488,4060.14,91.68,16.87,48
251904,31488,3940.78,90.44,21.38,48
251904,31488,4300.82,94.16,1.00,48
251904,31488,3327.67,91.31,174.22,48
251904,31488,3774.07,90.77,67.14,48
251904,31488,4082.84,92.51,43.71,48
251904,31488,4183.69,92.42,3.16,48
252288,31536,4126.48,92.30,5.28,48
252288,31536,3661.51,93.07,144.38,48
252288,31536,4096.60,90.99,0.69,48
252288,31536,4039.11,91.40,15.80,48
252288,31536,3899.77,90.31,23.23,48
252288,31536,3941.40,93.78,101.09,48
252288,31536,3944.32,90.17,5.36,48
252288,31536,3720.04,91.41,107.68,48
252672,31584,4047.14,92.01,1.37,48
252672,31584,2117.64,92.61,504.50,48
252672,31584,3062.96,92.90,282.81,48
252672,31584,3878.53,90.45,35.08,48
252672,31584,3757.86,90.35,66.35,48
252672,31584,4081.11,92.57,37.87,48
252672,31584,4023.76,92.28,13.58,48
252672,31584,3725.11,92.87,138.74,48
253056,31632,3048.03,90.13,249.02,48
253056,31632,3439.28,92.32,193.64,48
253056,31632,3663.93,92.67,139.62,48
253056,31632,4043.65,92.61,43.70,48
253056,31632,3682.07,91.54,101.36,48
253056,31632,4108.90,91.81,27.49,48
253056,31632,3732.68,91.68,87.52,48
253056,31632,4130.40,92.28,3.25,48
253440,31680,1415.53,90.41,643.02,48
253440,31680,4126.15,92.37,1.80,48
253440,31680,3708.97,90.31,65.52,48
253440,31680,3975.18,91.59,29.64,48
253440,31680,3256.74,92.37,221.30,48
253440,31680,3325.68,89.25,145.30,48
253440,31680,3935.44,89.77,6.36,48
253440,31680,4027.18,92.26,10.05,48
253824,31728,4182.77,92.14,0.19,48
253824,31728,3898.62,90.27,19.26,48
253824,31728,2340.28,93.55,480.76,48
253824,31728,4294.38,93.85,13.13,48
253824,31728,4090.97,91.65,5.00,48
253824,31728,3556.03,90.83,114.32,48
253824,31728,4053.31,92.95,44.39,48
253824,31728,4072.26,91.04,9.95,48
254208,31776,3864.37,92.13,89.31,48
254208,31776,3856.04,91.08,46.23,48
254208,31776,3010.52,90.21,240.86,48
254208,31776,3068.92,90.95,222.92,48
254208,31776,3911.66,89.99,32.42,48
254208,31776,3894.38,92.86,76.89,48
254208,31776,3969.81,90.39,4.02,48
254208,31776,2877.71,92.84,314.44,48
254592,31824,3763.37,93.29,113.36,48
254592,31824,3868.38,90.69,48.14,48
254592,31824,3597.78,90.58,85.13,48
254592,31824,4025.27,91.02,0.47,48
254592,31824,4010.88,91.95,23.70,48
254592,31824,3994.91,94.12,86.24,48
254592,31824,3376.03,89.32,117.05,48
254592,31824,1551.83,90.63,625.26,48
254976,31872,3808.96,92.48,80.10,48
254976,31872,3325.70,91.68,217.21,48
254976,31872,3121.99,90.05,226.36,48
254976,31872,3272.19,92.82,235.35,48
254976,31872,3546.00,93.36,176.46,48
254976,31872,4039.24,91.44,13.94,48
254976,31872,3124.62,93.72,287.51,48
254976,31872,3610.73,90.62,110.62,48
255360,31920,4136.78,93.20,37.62,48
255360,31920,4022.77,91.63,17.48,48
255360,31920,3817.97,91.60,59.27,48
255360,31920,4211.83,92.75,0.47,48
255360,31920,3938.70,89.41,3.32,48
255360,31920,4110.47,91.80,0.19,48
255360,31920,4190.02,93.76,27.87,48
255360,31920,3804.78,91.33,76.34,48
255744,31968,4049.99,92.49,30.38,48
255744,31968,3839.41,91.55,61.29,48
255744,31968,3703.73,90.96,87.07,48
255744,31968,3920.50,90.48,17.81,48
255744,31968,4274.88,93.65,5.78,48
255744,31968,4147.82,92.43,0.32,48
255744,31968,3394.54,90.38,149.19,48
255744,31968,4024.45,91.77,2.19,48
256128,32016,3440.30,91.89,181.87,48
256128,32016,4075.16,91.18,6.82,48
256128,32016,3795.16,92.71,98.74,48
256128,32016,3957.95,92.72,67.20,48
256128,32016,3479.27,93.32,202.63,48
256128,32016,4248.08,93.04,1.76,48
256128,32016,4243.38,93.42,0.28,48
256128,32016,3918.33,89.83,7.35,48
256512,32064,3954.47,90.85,14.19,48
256512,32064,3265.86,92.10,215.34,48
256512,32064,3733.70,93.28,123.20,48
256512,32064,4172.22,92.65,4.25,48
256512,32064,3954.35,91.71,54.93,48
256512,32064,3896.08,90.58,54.42,48
256512,32064,2178.72,91.27,471.28,48
256512,32064,4028.71,91.23,20.66,48
256896,32112,3777.19,92.16,87.07,48
256896,32112,3911.72,90.30,17.23,48
256896,32112,3956.87,89.80,1.75,48
256896,32112,4073.51,91.19,1.01,48
256896,32112,3901.14,93.89,100.61,48
256896,32112,3905.47,90.91,44.30,48
256896,32112,4132.39,93.24,31.11,48
256896,32112,4011.78,90.49,4.66,48
257280,32160,3393.32,91.22,137.21,48
257280,32160,3712.03,90.15,95.13,48
257280,32160,4204.84,92.86,3.63,48
257280,32160,3745.34,90.07,66.38,48
257280,32160,3549.99,92.10,123.38,48
257280,32160,4003.72,89.41,1.34,48
257280,32160,4286.78,92.96,1.19,48
257280,32160,3773.78,90.91,59.88,48
257664,32208,3776.37,92.75,103.26,48
257664,32208,3792.34,92.73,101.42,48
257664,32208,4006.50,93.23,63.88,48
257664,32208,3946.51,90.18,7.40,48
257664,32208,4177.16,92.89,27.76,48
257664,32208,3969.28,91.72,15.89,48
257664,32208,3886.90,90.04,34.63,48
257664,32208,3781.72,93.28,114.73,48
258048,32256,3940.39,90.99,24.07,48
258048,32256,3799.80,88.70,37.00,48
258048,32256,3852.45,93.21,98.04,48
258048,32256,3998.56,90.94,16.93,48
258048,32256,4009.24,90.41,0.19,48
258048,32256,4062.73,90.77,0.26,48
258048,32256,3463.60,90.88,139.28,48
258048,32256,4172.15,92.80,1.92,48
258432,32304,2942.66,91.50,266.98,48
258432,32304,3799.08,89.59,29.86,48
258432,32304,4130.02,92.43,15.74,48
258432,32304,3782.47,91.37,65.09,48
258432,32304,3722.88,91.30,87.41,48
258432,32304,3838.35,91.78,80.75,48
258432,32304,3746.55,90.83,68.88,48
258432,32304,4111.13,91.29,0.62,48
258816,32352,3615.99,91.23,108.81,48
258816,32352,3840.24,88.72,11.37,48
258816,32352,3948.15,90.18,2.30,48
258816,32352,4070.44,92.04,20.03,48
258816,32352,4073.04,90.24,1.64,48
258816,32352,4021.39,91.71,26.82,48
258816,32352,4147.19,91.97,6.40,48
258816,32352,3751.60,90.28,66.71,48
259200,32400,4149.81,92.03,0.10,48
259200,32400,3305.96,89.27,151.02,48
259200,32400,4019.44,92.83,53.03,48
259200,32400,3966.83,91.66,41.29,48
259200,32400,3248.18,90.37,187.21,48
259200,32400,3512.53,92.08,149.67,48
259200,32400,3813.72,92.97,106.99,48
259200,32400,4058.25,91.03,8.22,48
259584,32448,3877.93,90.64,27.10,48
259584,32448,3251.00,90.28,168.60,48
259584,32448,4048.80,90.86,0.35,48
259584,32448,3974.96,93.71,81.43,48
259584,32448,4245.22,93.45,6.16,48
259584,32448,4144.11,92.68,7.85,48
259584,32448,2105.02,93.35,530.81,48
259584,32448,2189.51,91.47,468.14,48
259968,32496,4111.09,92.07,9.49,48
259968,32496,4247.64,93.53,11.38,48
259968,32496,3198.83,93.89,272.51,48
259968,32496,3521.03,92.22,146.77,48
259968,32496,4086.07,93.24,49.45,48
259968,32496,3896.42,88.64,0.31,48
259968,32496,3975.93,90.85,36.02,48
259968,32496,4103.15,92.68,25.39,48
260352,32544,3583.97,91.18,130.38,48
260352,32544,3800.90,92.41,101.27,48
260352,32544,2082.96,92.28,517.40,48
260352,32544,3925.93,90.79,27.30,48
260352,32544,3716.37,92.95,121.35,48
260352,32544,3697.13,89.35,47.86,48
260352,32544,3999.03,90.61,2.92,48
260352,32544,4128.03,91.27,0.32,48
260736,32592,3805.16,91.36,83.49,48
260736,32592,3913.12,91.71,44.03,48
260736,32592,3773.36,91.26,87.90,48
260736,32592,1411.69,90.95,655.24,48
260736,32592,3593.48,92.16,131.96,48
260736,32592,3978.20,92.90,63.28,48
260736,32592,1346.88,92.44,689.50,48
260736,32592,3916.87,92.27,56.50,48
261120,32640,4107.27,92.97,26.17,48
261120,32640,4114.56,91.63,1.21,48
261120,32640,3887.88,91.71,79.49,48
261120,32640,4021.17,93.25,47.45,48
261120,32640,4100.12,91.75,0.32,48
261120,32640,3560.54,92.42,144.03,48
261120,32640,4002.65,89.21,0.31,48
261120,32640,3824.99,89.86,37.12,48
261504,32688,3455.33,89.72,113.81,48
261504,32688,4155.11,92.30,0.26,48
261504,32688,3962.56,91.46,24.93,48
261504,32688,4220.01,91.96,1.37,48
261504,32688,3255.30,91.54,204.55,48
261504,32688,3863.93,89.52,13.01,48
261504,32688,4193.79,93.26,25.54,48
261504,32688,3949.56,93.38,86.28,48
261888,32736,3980.29,91.89,43.55,48
261888,32736,4098.38,91.85,0.76,48
261888,32736,3969.59,92.56,51.59,48
261888,32736,4143.34,92.19,0.74,48
261888,32736,3863.35,90.97,45.65,48
261888,32736,3397.01,89.81,142.48,48
261888,32736,3182.74,90.83,183.75,48
261888,32736,3993.18,90.55,8.36,48
262272,32784,3724.08,90.99,74.69,48
262272,32784,3803.23,90.72,50.88,48
262272,32784,3763.09,90.87,71.70,48
262272,32784,4156.34,92.42,13.38,48
262272,32784,4291.60,93.74,2.39,48
262272,32784,3372.41,90.98,169.71,48
262272,32784,3389.72,93.31,226.60,48
262272,32784,3535.47,92.68,163.05,48
262656,32832,3738.01,93.93,158.20,48
262656,32832,3437.49,90.75,167.57,48
262656,32832,4134.86,92.11,0.33,48
262656,32832,4006.09,92.93,55.22,48
262656,32832,3649.88,88.90,48.40,48
262656,32832,4049.57,91.15,0.69,48
262656,32832,3921.05,90.77,38.67,48
262656,32832,4083.28,92.36,23.62,48
263040,32880,4129.73,91.82,10.95,48
263040,32880,3562.14,89.63,90.93,48
263040,32880,3981.83,91.75,34.84,48
263040,32880,3868.23,90.94,49.06,48
263040,32880,3697.11,92.91,121.14,48
263040,32880,3802.86,92.13,82.58,48
263040,32880,3085.32,91.61,256.02,48
263040,32880,3175.63,90.79,229.30,48
263424,32928,4249.40,93.84,26.99,48
263424,32928,4051.02,89.99,0.35,48
263424,32928,4028.61,90.23,0.10,48
263424,32928,3973.92,92.21,37.86,48
263424,32928,1539.98,91.05,636.28,48
263424,32928,4165.53,91.61,3.27,48
263424,32928,3701.65,90.47,67.18,48
263424,32928,1390.12,91.31,683.60,48
263808,32976,2942.88,90.83,266.48,48
263808,32976,3837.53,91.44,54.63,48
263808,32976,3346.80,90.91,176.93,48
263808,32976,3768.57,91.72,87.38,48
263808,32976,3784.57,92.16,81.30,48
263808,32976,4045.59,92.74,40.35,48
263808,32976,4136.56,92.30,2.65,48
263808,32976,4142.30,91.24,0.71,48
264192,33024,3988.22,92.03,39.39,48
264192,33024,4190.42,92.79,0.28,48
264192,33024,4091.73,91.90,7.16,48
264192,33024,4012.95,90.86,31.45,48
264192,33024,4217.78,92.73,4.01,48
264192,33024,4114.22,91.91,5.39,48
264192,33024,3260.75,91.14,205.73,48
264192,33024,3611.45,90.77,118.82,48
264576,33072,4062.93,91.11,11.80,48
264576,33072,4252.35,92.89,0.02,48
264576,33072,3807.81,92.69,100.93,48
264576,33072,2236.70,92.38,469.30,48
264576,33072,4299.05,93.22,2.81,48
264576,33072,3968.03,90.84,40.54,48
264576,33072,3598.79,89.31,73.41,48
264576,33072,3759.66,91.37,89.35,48
264960,33120,3099.60,90.80,232.89,48
264960,33120,3076.11,91.32,249.54,48
264960,33120,3856.59,90.41,55.00,48
264960,33120,3370.44,91.51,165.70,48
264960,33120,4166.08,93.56,37.64,48
264960,33120,4190.09,93.23,13.46,48
264960,33120,4101.58,91.24,23.87,48
264960,33120,3131.87,93.35,283.04,48
265344,33168,4235.83,92.60,0.00,48
265344,33168,4170.91,91.93,1.34,48
265344,33168,4090.77,93.24,46.13,48
265344,33168,3808.87,92.00,89.64,48
265344,33168,4268.79,93.39,0.72,48
265344,33168,3485.22,90.05,128.87,48
265344,33168,4138.42,92.75,22.92,48
265344,33168,3321.93,92.36,213.72,48
265728,33216,3891.30,89.38,24.87,48
265728,33216,3989.55,92.67,43.82,48
265728,33216,4082.57,90.89,2.02,48
265728,33216,3641.66,90.59,100.36,48
265728,33216,4037.18,91.12,5.87,48
265728,33216,4287.56,93.79,2.82,48
265728,33216,4306.52,93.31,0.47,48
265728,33216,3957.25,91.30,43.45,48
266112,33264,4111.15,91.51,15.75,48
266112,33264,3505.03,89.23,111.80,48
266112,33264,3824.24,92.12,61.74,48
266112,33264,4198.11,91.68,1.37,48
266112,33264,4034.00,93.71,71.38,48
266112,33264,3891.92,90.91,44.17,48
266112,33264,4069.72,91.65,22.20,48
266112,33264,4196.71,92.49,3.32,48
266496,33312,1676.16,92.14,620.63,48
266496,33312,1279.35,91.19,699.47,48
266496,33312,3224.10,90.36,191.01,48
266496,33312,3936.65,93.61,99.88,48
266496,33312,4052.84,91.04,18.62,48
266496,33312,3809.34,90.45,56.70,48
266496,33312,4091.98,91.70,0.90,48
266496,33312,4238.29,94.06,27.09,48
266880,33360,3970.03,89.56,4.99,48
266880,33360,4161.21,92.60,3.03,48
266880,33360,4065.23,92.71,40.01,48
266880,33360,3870.40,92.16,73.34,48
266880,33360,4259.87,93.35,6.39,48
266880,33360,3973.31,90.11,1.26,48
266880,33360,3744.21,90.06,57.21,48
266880,33360,3508.71,91.59,154.18,48
267264,33408,4057.76,91.43,23.73,48
267264,33408,4031.36,92.37,55.53,48
267264,33408,4015.33,90.68,5.62,48
267264,33408,3748.52,93.03,139.50,48
267264,33408,4285.26,92.52,0.39,48
267264,33408,3801.97,92.50,91.54,48
267264,33408,3806.52,90.05,54.93,48
267264,33408,2243.90,91.70,476.20,48
267648,33456,3535.93,92.21,147.84,48
267648,33456,3711.43,90.97,86.58,48
267648,33456,3846.18,90.48,58.89,48
267648,33456,3694.82,90.41,101.04,48
267648,33456,4290.16,93.73,2.49,48
267648,33456,3743.16,91.44,104.65,48
267648,33456,1256.02,89.48,653.35,48
267648,33456,3872.19,90.91,39.12,48
268032,33504,4189.26,92.70,17.48,48
268032,33504,3870.33,92.73,99.13,48
268032,33504,3981.08,91.58,40.46,48
268032,33504,4302.88,93.82,12.79,48
268032,33504,4146.95,92.50,8.91,48
268032,33504,3793.36,91.48,68.80,48
268032,33504,3301.91,92.01,211.84,48
268032,33504,2970.25,91.82,280.58,48
268416,33552,4032.15,90.59,4.28,48
268416,33552,3425.95,91.43,179.77,48
268416,33552,4059.49,92.04,25.12,48
268416,33552,3716.42,92.79,130.21,48
268416,33552,3862.11,92.56,63.04,48
268416,33552,4283.66,93.00,0.00,48
268416,33552,4332.05,93.58,0.60,48
268416,33552,4027.75,90.24,5.98,48
268800,33600,4151.64,91.89,0.39,48
268800,33600,4224.14,93.29,14.40,48
268800,33600,3848.46,89.99,28.73,48
268800,33600,4102.08,91.14,0.10,48
268800,33600,3457.86,89.43,109.01,48
268800,33600,4274.27,92.37,6.34,48
268800,33600,3711.34,92.16,131.03,48
268800,33600,3815.77,91.16,58.81,48
269184,33648,4130.96,90.84,0.39,48
269184,33648,1642.42,91.60,598.39,48
269184,33648,4295.31,93.61,1.97,48
269184,33648,4300.99,93.14,0.19,48
269184,33648,4066.80,91.49,5.03,48
269184,33648,4042.10,91.43,14.95,48
269184,33648,4074.70,92.28,34.51,48
269184,33648,3173.94,91.41,243.22,48
269568,33696,3733.74,92.38,113.80,48
269568,33696,4024.87,90.23,2.66,48
269568,33696,3184.42,90.86,216.32,48
269568,33696,3323.17,91.19,184.95,48
269568,33696,3809.71,91.37,50.57,48
269568,33696,2908.77,91.15,295.56,48
269568,33696,3740.10,90.42,67.50,48
269568,33696,3881.36,92.11,80.12,48
269952,33744,4119.50,91.45,0.72,48
269952,33744,3912.96,91.08,42.81,48
269952,33744,3957.21,90.43,30.98,48
269952,33744,3993.68,92.47,43.61,48
269952,33744,4142.91,92.81,12.53,48
269952,33744,4071.21,93.15,29.64,48
269952,33744,4070.10,90.66,4.94,48
269952,33744,4209.05,93.01,8.99,48
270336,33792,4312.20,93.99,8.95,48
270336,33792,4067.24,92.83,42.91,48
270336,33792,3972.19,92.52,53.83,48
270336,33792,4124.92,93.19,26.62,48
270336,33792,3697.17,90.57,81.74,48
270336,33792,4039.70,91.19,13.50,48
270336,33792,3656.53,90.51,87.67,48
270336,33792,3853.99,91.26,45.56,48
270720,33840,4088.73,93.31,44.83,48
270720,33840,4120.64,90.59,0.00,48
270720,33840,4229.47,92.16,1.21,48
270720,33840,4089.01,90.90,0.10,48
270720,33840,4255.94,92.60,1.00,48
270720,33840,4221.53,92.61,0.26,48
270720,33840,3787.94,91.74,95.84,48
270720,33840,3877.83,89.45,1.37,48
271104,33888,4043.50,93.56,64.71,48
271104,33888,2155.67,91.11,482.71,48
271104,33888,4074.01,93.06,42.31,48
271104,33888,3947.26,91.08,30.30,48
271104,33888,3209.35,89.39,165.59,48
271104,33888,4198.15,92.63,0.81,48
271104,33888,1107.13,91.85,754.48,48
271104,33888,3554.52,93.67,176.83,48
271488,33936,3110.75,91.18,248.31,48
271488,33936,4009.84,94.34,82.24,48
271488,33936,4023.37,90.46,16.14,48
271488,33936,3863.51,91.80,46.11,48
271488,33936,3986.47,91.95,56.94,48
271488,33936,3984.63,93.15,73.44,48
271488,33936,3818.53,92.89,90.08,48
271488,33936,3843.96,92.33,74.82,48
271872,33984,3724.49,89.74,54.02,48
271872,33984,3964.64,91.25,26.25,48
271872,33984,4256.47,93.21,1.37,48
271872,33984,3796.84,88.71,13.71,48
271872,33984,3830.44,92.98,103.54,48
271872,33984,4014.52,94.58,92.48,48
271872,33984,3705.17,93.24,136.76,48
271872,33984,3948.08,89.70,11.39,48
272256,34032,3981.72,91.99,27.42,48
272256,34032,3428.03,91.07,168.31,48
272256,34032,3929.77,91.23,49.71,48
272256,34032,4012.42,90.94,1.37,48
272256,34032,3635.91,91.48,127.73,48
272256,34032,3986.58,89.78,2.28,48
272256,34032,3966.75,91.53,19.84,48
272256,34032,4032.39,91.89,15.44,48
272640,34080,3189.44,92.20,239.40,48
272640,34080,3777.84,92.10,107.55,48
272640,34080,3391.93,91.95,192.74,48
272640,34080,3356.56,89.73,179.30,48
272640,34080,4000.41,91.04,16.02,48
272640,34080,3541.77,91.76,151.04,48
272640,34080,3211.17,91.75,218.44,48
272640,34080,4029.47,90.51,1.70,48
273024,34128,4046.11,91.89,36.76,48
273024,34128,4106.54,92.17,26.85,48
273024,34128,3974.29,93.01,62.10,48
273024,34128,3499.59,89.82,136.50,48
273024,34128,3978.99,89.57,2.35,48
273024,34128,3263.94,92.62,229.78,48
273024,34128,3948.07,91.82,66.24,48
273024,34128,4174.16,92.74,17.53,48
273408,34176,3926.58,92.52,73.57,48
273408,34176,3522.98,90.62,135.53,48
273408,34176,3575.25,91.33,144.28,48
273408,34176,4195.94,92.17,0.31,48
273408,34176,4161.95,92.90,15.30,48
273408,34176,3962.10,88.96,2.95,48
273408,34176,3772.74,91.80,110.03,48
273408,34176,4212.81,92.13,0.18,48
273792,34224,3340.32,91.63,196.22,48
273792,34224,4095.29,91.75,13.26,48
273792,34224,3422.15,90.49,127.59,48
273792,34224,4054.81,94.05,73.69,48
273792,34224,4192.77,92.52,7.10,48
273792,34224,3183.34,91.39,230.81,48
273792,34224,3435.44,90.86,136.73,48
273792,34224,3822.70,93.06,102.25,48
274176,34272,1005.57,90.32,727.40,48
274176,34272,3422.32,92.45,184.46,48
274176,34272,4183.36,92.60,0.56,48
274176,34272,3332.26,91.83,191.95,48
274176,34272,4114.86,91.11,1.76,48
274176,34272,1131.98,92.00,743.94,48
274176,34272,3436.94,91.26,160.65,48
274176,34272,4039.13,90.27,0.69,48
274560,34320,4305.36,92.83,0.62,48
274560,34320,4060.02,91.12,1.39,48
274560,34320,3982.77,90.72,7.49,48
274560,34320,4138.07,91.11,7.70,48
274560,34320,3294.72,90.79,199.19,48
274560,34320,4184.02,91.64,11.99,48
274560,34320,3442.60,92.42,192.40,48
274560,34320,4017.13,92.55,35.68,48
274944,34368,4095.94,91.47,0.76,48
274944,34368,4183.66,92.47,2.76,48
274944,34368,4220.24,92.82,6.78,48
274944,34368,3951.47,91.89,41.41,48
274944,34368,4054.55,93.68,53.93,48
274944,34368,3277.08,91.33,215.32,48
274944,34368,3587.19,91.43,112.61,48
274944,34368,3934.93,90.77,47.79,48
275328,34416,2237.75,90.35,446.78,48
275328,34416,4219.65,92.74,0.47,48
275328,34416,4289.65,92.96,0.88,48
275328,34416,4027.40,90.91,16.03,48
275328,34416,4212.27,92.70,2.49,48
275328,34416,4084.35,91.19,23.52,48
275328,34416,3218.85,91.64,207.77,48
275328,34416,4199.30,93.44,22.76,48
275712,34464,4243.03,92.41,0.32,48
275712,34464,4167.64,92.43,2.99,48
275712,34464,4288.16,93.01,0.26,48
275712,34464,3521.85,92.59,168.13,48
275712,34464,4084.94,94.19,62.25,48
275712,34464,3705.75,91.97,105.58,48
275712,34464,3484.90,90.16,148.49,48
275712,34464,4280.00,93.34,13.92,48
276096,34512,2389.15,92.35,439.76,48
276096,34512,3846.44,91.51,74.62,48
276096,34512,3069.01,93.59,302.73,48
276096,34512,4012.33,92.49,55.11,48
276096,34512,4124.65,92.59,2.99,48
276096,34512,4020.23,92.92,42.49,48
276096,34512,4269.74,93.94,20.19,48
276096,34512,3630.23,90.13,85.76,48
276480,34560,4056.04,90.62,9.38,48
276480,34560,3086.38,92.47,265.16,48
276480,34560,4213.22,92.90,3.24,48
276480,34560,4116.28,91.54,2.41,48
276480,34560,3816.99,89.36,17.06,48
276480,34560,3550.06,90.90,113.47,48
276480,34560,3897.54,89.85,5.80,48
276480,34560,4111.39,93.47,54.22,48
276864,34608,4193.66,92.17,5.14,48
276864,34608,3106.59,91.15,247.44,48
276864,34608,3404.40,91.64,174.88,48
276864,34608,4057.48,92.07,32.92,48
276864,34608,3967.02,92.79,64.30,48
276864,34608,4278.35,93.50,0.69,48
276864,34608,3758.18,90.55,83.79,48
276864,34608,3920.00,92.48,68.02,48
277248,34656,3883.06,92.85,83.47,48
277248,34656,3757.45,92.09,94.60,48
277248,34656,4160.34,92.67,14.96,48
277248,34656,4144.82,92.20,0.81,48
277248,34656,4055.76,93.93,67.68,48
277248,34656,4130.48,93.38,33.31,48
277248,34656,3759.79,91.89,108.42,48
277248,34656,4103.55,90.87,1.87,48
277632,34704,4230.06,93.44,12.22,48
277632,34704,4012.08,89.88,1.50,48
277632,34704,4213.18,93.19,17.73,48
277632,34704,3818.44,89.39,36.75,48
277632,34704,3513.26,92.90,182.76,48
277632,34704,3915.38,93.08,85.95,48
277632,34704,3983.01,92.08,37.22,48
277632,34704,3375.86,91.50,195.82,48
278016,34752,4244.42,92.92,3.06,48
278016,34752,4032.84,91.47,15.34,48
278016,34752,4230.94,92.72,6.94,48
278016,34752,3456.64,90.38,138.11,48
278016,34752,4053.58,91.01,13.41,48
278016,34752,3811.14,92.64,90.06,48
278016,34752,3598.97,91.75,142.06,48
278016,34752,4331.54,93.63,4.35,48
278400,34800,4283.72,93.25,4.51,48
278400,34800,4251.34,92.65,0.00,48
278400,34800,3131.14,93.80,288.83,48
278400,34800,3241.68,91.06,207.91,48
278400,34800,3952.85,91.78,41.02,48
278400,34800,2139.42,92.10,514.67,48
278400,34800,3813.63,88.92,26.39,48
278400,34800,3834.17,91.53,60.02,48
278784,34848,3994.52,90.17,5.57,48
278784,34848,4059.06,91.01,9.98,48
278784,34848,3127.46,92.28,259.90,48
278784,34848,3900.16,91.32,74.75,48
278784,34848,2312.08,89.41,410.72,48
278784,34848,3968.63,89.82,0.71,48
278784,34848,3739.79,89.97,64.86,48
278784,34848,3088.36,92.91,278.32,48
279168,34896,4173.60,92.07,1.28,48
279168,34896,3357.67,90.26,161.48,48
279168,34896,3554.76,92.31,152.77,48
279168,34896,4289.75,93.19,8.02,48
279168,34896,3455.48,93.70,207.89,48
279168,34896,3937.67,90.78,38.21,48
279168,34896,4191.40,92.09,4.56,48
279168,34896,4191.01,92.58,3.71,48
279552,34944,4062.03,92.08,28.10,48
279552,34944,4029.32,92.94,41.37,48
279552,34944,3708.57,90.61,87.60,48
279552,34944,3565.46,94.23,196.67,48
279552,34944,3549.84,91.75,136.25,48
279552,34944,4309.89,93.51,7.32,48
279552,34944,3993.73,89.65,2.24,48
279552,34944,4109.09,91.39,8.38,48
279936,34992,4091.89,91.08,3.77,48
279936,34992,3907.02,92.56,68.73,48
279936,34992,4143.14,92.11,5.12,48
279936,34992,4001.20,90.17,0.10,48
279936,34992,3778.24,90.31,36.03,48
279936,34992,4159.71,92.74,1.48,48
279936,34992,3579.83,91.79,142.83,48
279936,34992,4229.96,93.11,0.76,48
280320,35040,4178.77,92.60,5.95,48
280320,35040,4173.64,92.92,14.28,48
280320,35040,4128.39,90.83,3.74,48
280320,35040,3352.34,92.98,214.15,48
280320,35040,3067.82,91.12,228.98,48
280320,35040,4082.49,91.69,11.70,48
280320,35040,3918.12,90.79,34.77,48
280320,35040,4008.65,90.42,27.00,48
280704,35088,3438.97,92.03,175.21,48
280704,35088,4056.55,90.58,4.96,48
280704,35088,3832.11,90.06,48.20,48
280704,35088,3758.86,90.98,35.36,48
280704,35088,3790.69,93.40,118.99,48
280704,35088,4090.74,92.36,24.96,48
280704,35088,4091.18,91.54,9.70,48
280704,35088,4245.66,93.79,22.89,48
281088,35136,4130.95,93.21,31.35,48
281088,35136,3693.04,91.47,111.84,48
281088,35136,3758.64,92.23,86.27,48
281088,35136,4030.75,91.34,14.04,48
281088,35136,4108.24,90.67,9.23,48
281088,35136,4320.11,93.66,7.22,48
281088,35136,4099.62,93.13,42.64,48
281088,35136,3322.52,91.65,206.93,48
281472,35184,3640.06,90.89,117.83,48
281472,35184,3604.79,90.31,129.27,48
281472,35184,4145.69,91.75,1.35,48
281472,35184,4314.37,93.68,8.27,48
281472,35184,2170.32,92.30,504.88,48
281472,35184,3974.58,93.42,74.84,48
281472,35184,3933.32,92.52,56.81,48
281472,35184,4047.28,91.81,13.26,48
281856,35232,3735.39,91.71,88.24,48
281856,35232,4300.28,93.60,1.46,48
281856,35232,3249.87,92.16,248.99,48
281856,35232,4317.12,93.19,1.43,48
281856,35232,3971.26,90.90,15.38,48
281856,35232,3965.89,90.84,0.78,48
281856,35232,4027.91,93.90,70.62,48
281856,35232,3667.32,93.71,161.52,48
282240,35280,4085.32,91.83,20.77,48
282240,35280,3868.79,90.33,47.28,48
282240,35280,4019.56,89.99,1.28,48
282240,35280,3758.89,91.82,73.24,48
282240,35280,4209.35,94.04,33.91,48
282240,35280,3916.86,90.55,52.34,48
282240,35280,4231.60,93.29,11.65,48
282240,35280,3675.40,90.90,96.36,48
282624,35328,3112.01,90.05,217.23,48
282624,35328,2711.28,92.37,376.69,48
282624,35328,4194.80,92.13,14.14,48
282624,35328,4136.22,92.71,22.41,48
282624,35328,3845.99,91.49,76.34,48
282624,35328,3990.96,89.77,4.69,48
282624,35328,4093.96,92.56,19.34,48
282624,35328,3755.64,90.89,82.92,48
283008,35376,3914.32,90.52,44.06,48
283008,35376,3996.71,90.02,0.80,48
283008,35376,3953.02,92.38,69.42,48
283008,35376,4142.04,92.29,0.56,48
283008,35376,3546.27,92.99,168.08,48
283008,35376,2182.16,91.95,510.57,48
283008,35376,3833.00,89.85,40.45,48
283008,35376,3942.72,89.96,20.70,48
283392,35424,1432.40,91.40,678.94,48
283392,35424,3378.14,90.44,170.67,48
283392,35424,3934.84,92.19,50.76,48
283392,35424,4194.84,92.20,12.40,48
283392,35424,3684.16,91.09,117.05,48
283392,35424,4177.45,93.38,32.93,48
283392,35424,4005.43,90.61,8.31,48
283392,35424,3958.77,89.46,0.23,48
283776,35472,4166.60,92.92,10.61,48
283776,35472,3892.91,90.52,46.13,48
283776,35472,4063.82,91.94,29.65,48
283776,35472,4137.79,91.12,1.24,48
283776,35472,4286.69,93.29,0.66,48
283776,35472,3983.74,93.33,81.36,48
283776,35472,4105.15,93.19,45.61,48
283776,35472,3969.54,89.61,9.32,48
284160,35520,4108.19,93.24,44.43,48
284160,35520,3151.65,91.88,263.89,48
284160,35520,3992.42,91.72,44.51,48
284160,35520,4077.33,92.31,41.67,48
284160,35520,3500.70,93.32,202.05,48
284160,35520,3985.67,93.21,74.50,48
284160,35520,4129.59,92.24,18.68,48
284160,35520,3573.50,92.49,161.81,48
284544,35568,3806.82,92.94,107.57,48
284544,35568,3604.50,90.47,111.91,48
284544,35568,4201.50,92.54,0.69,48
284544,35568,3850.75,93.06,103.28,48
284544,35568,3452.41,90.41,130.34,48
284544,35568,3929.72,93.50,82.29,48
284544,35568,3640.14,92.37,144.13,48
284544,35568,3874.82,90.65,39.75,48
284928,35616,3918.75,90.87,38.02,48
284928,35616,4111.16,92.60,16.86,48
284928,35616,3954.44,92.39,61.42,48
284928,35616,3379.78,92.32,216.11,48
284928,35616,4106.71,92.55,25.52,48
284928,35616,4124.67,92.80,24.09,48
284928,35616,4004.15,93.44,77.14,48
284928,35616,4027.94,90.63,11.20,48
285312,35664,4016.90,91.08,21.86,48
285312,35664,4157.91,91.05,2.39,48
285312,35664,3983.76,92.48,65.77,48
285312,35664,3811.75,93.98,123.10,48
285312,35664,3834.51,90.24,51.44,48
285312,35664,3912.17,91.51,59.25,48
285312,35664,3875.31,91.92,70.74,48
285312,35664,3797.51,90.61,81.33,48
285696,35712,4085.94,91.71,0.39,48
285696,35712,4106.15,90.90,0.57,48
285696,35712,4063.22,90.87,3.40,48
285696,35712,4048.09,90.13,2.36,48
285696,35712,3884.16,90.98,56.65,48
285696,35712,4055.47,91.77,5.96,48
285696,35712,3906.00,90.86,63.67,48
285696,35712,3530.49,91.58,147.01,48
286080,35760,3609.76,90.72,110.60,48
286080,35760,3539.00,89.64,105.64,48
286080,35760,3925.59,89.36,16.15,48
286080,35760,4282.06,92.92,0.56,48
286080,35760,3907.72,90.38,15.95,48
286080,35760,3721.77,90.45,82.59,48
286080,35760,3909.01,93.05,74.85,48
286080,35760,3534.31,91.30,149.71,48
286464,35808,3204.56,91.34,224.58,48
286464,35808,3542.59,90.44,123.67,48
286464,35808,2314.52,92.66,475.87,48
286464,35808,3715.30,92.35,138.03,48
286464,35808,4067.15,92.11,38.31,48
286464,35808,3925.17,93.17,70.61,48
286464,35808,3283.02,91.64,221.47,48
286464,35808,4181.14,91.33,1.94,48
286848,35856,3963.11,90.87,36.80,48
286848,35856,3192.67,90.69,202.28,48
286848,35856,3070.04,90.62,241.94,48
286848,35856,4228.64,93.28,10.87,48
286848,35856,4082.65,90.93,9.70,48
286848,35856,4225.09,94.00,17.23,48
286848,35856,3986.27,90.06,0.47,48
286848,35856,3984.44,91.00,7.71,48
287232,35904,3788.52,88.63,17.87,48
287232,35904,3475.12,92.38,163.83,48
287232,35904,4062.21,91.74,4.34,48
287232,35904,4185.78,93.02,8.30,48
287232,35904,3977.56,92.02,69.37,48
287232,35904,4066.93,91.28,16.18,48
287232,35904,4024.07,90.16,5.26,48
287232,35904,4300.27,92.87,0.69,48
287616,35952,3693.47,90.94,101.71,48
287616,35952,3924.61,92.57,56.37,48
287616,35952,4010.93,91.13,26.57,48
287616,35952,3672.94,89.48,74.16,48
287616,35952,3525.59,91.01,140.44,48
287616,35952,3154.44,92.40,243.89,48
287616,35952,4023.39,91.93,37.17,48
287616,35952,3990.05,90.48,12.99,48
288000,36000,4009.35,92.25,45.16,48
288000,36000,3734.52,91.61,105.62,48
288000,36000,3991.68,90.09,0.26,48
288000,36000,1724.93,92.43,622.15,48
288000,36000,3133.31,93.12,255.21,48
288000,36000,3489.67,91.58,160.13,48
288000,36000,3508.04,92.75,173.85,48
288000,36000,3980.30,92.60,60.80,48
288384,36048,4098.57,90.90,0.10,48
288384,36048,4090.56,91.18,16.88,48
288384,36048,3767.26,91.28,90.41,48
288384,36048,4209.03,93.54,26.34,48
288384,36048,3751.57,90.49,64.05,48
288384,36048,3308.31,92.13,214.21,48
288384,36048,4252.84,92.60,0.71,48
288384,36048,2964.30,90.65,264.55,48
288768,36096,3910.25,92.35,66.54,48
288768,36096,3783.98,90.56,48.55,48
288768,36096,3835.84,92.17,79.44,48
288768,36096,4144.00,91.10,0.28,48
288768,36096,3939.85,93.46,88.68,48
288768,36096,3949.54,91.36,51.44,48
288768,36096,3905.68,90.09,31.34,48
288768,36096,4114.25,90.97,9.84,48
289152,36144,4288.08,93.85,0.02,48
289152,36144,3731.74,92.55,121.46,48
289152,36144,3439.16,91.11,169.64,48
289152,36144,4159.82,92.55,5.79,48
289152,36144,3596.96,93.36,177.69,48
289152,36144,3705.69,89.28,57.35,48
289152,36144,4037.52,90.93,8.70,48
289152,36144,3390.96,90.98,155.72,48
289536,36192,4129.12,91.04,0.26,48
289536,36192,3569.72,89.68,107.81,48
289536,36192,3410.88,89.56,152.62,48
289536,36192,3779.27,89.14,28.01,48
289536,36192,4092.20,91.46,0.70,48
289536,36192,4188.76,93.08,11.03,48
289536,36192,3547.94,92.21,169.51,48
289536,36192,3672.60,91.44,113.15,48
289920,36240,4272.59,93.02,0.28,48
289920,36240,4044.24,89.89,0.00,48
289920,36240,3969.89,90.73,18.56,48
289920,36240,3622.37,90.01,90.03,48
289920,36240,3797.65,89.82,42.82,48
289920,36240,3632.10,91.09,110.57,48
289920,36240,4130.88,92.39,11.52,48
289920,36240,4140.88,91.14,0.83,48
290304,36288,4139.81,93.76,44.47,48
290304,36288,3686.99,92.86,152.76,48
290304,36288,4015.23,91.72,38.02,48
290304,36288,3833.67,91.57,48.04,48
290304,36288,3740.86,91.30,64.56,48
290304,36288,4104.72,93.24,44.73,48
290304,36288,3056.27,91.88,249.04,48
290304,36288,3843.40,91.58,83.35,48
290688,36336,4036.08,90.51,0.60,48
290688,36336,4078.23,91.49,11.92,48
290688,36336,3870.87,90.53,39.08,48
290688,36336,4245.36,93.04,0.74,48
290688,36336,3438.71,91.84,160.77,48
290688,36336,3864.19,90.10,22.08,48
290688,36336,4015.98,90.22,0.57,48
290688,36336,3943.12,92.49,53.07,48
291072,36384,3094.19,92.23,257.98,48
291072,36384,3309.65,93.24,225.41,48
291072,36384,4147.79,92.99,16.64,48
291072,36384,3910.33,91.30,38.80,48
291072,36384,4077.90,93.41,50.45,48
291072,36384,3273.26,92.33,219.23,48
291072,36384,4008.69,93.67,74.47,48
291072,36384,4127.47,91.69,0.39,48
291456,36432,4137.61,91.33,0.76,48
291456,36432,4080.45,91.61,22.09,48
291456,36432,3952.59,91.30,32.91,48
291456,36432,4147.13,93.23,20.49,48
291456,36432,3714.36,90.72,72.33,48
291456,36432,3489.84,90.09,137.24,48
291456,36432,3356.33,92.77,227.38,48
291456,36432,3808.64,88.74,21.96,48
291840,36480,3965.65,90.84,17.15,48
291840,36480,3976.07,91.51,24.73,48
291840,36480,4109.67,90.51,2.37,48
291840,36480,3813.89,92.44,121.04,48
291840,36480,3968.02,92.83,67.91,48
291840,36480,3947.22,90.69,18.97,48
291840,36480,3831.76,91.84,69.56,48
291840,36480,3948.76,93.65,88.23,48
292224,36528,2914.38,92.96,317.69,48
292224,36528,4005.06,94.10,76.55,48
292224,36528,3804.84,90.77,69.36,48
292224,36528,3104.53,92.77,262.19,48
292224,36528,2373.45,93.01,468.36,48
292224,36528,3935.80,89.74,7.47,48
292224,36528,4199.78,93.60,25.27,48
292224,36528,3848.06,89.14,29.22,48
292608,36576,4053.46,90.44,4.98,48
292608,36576,3821.47,92.91,91.12,48
292608,36576,4201.99,92.09,5.83,48
292608,36576,3907.61,91.54,60.97,48
292608,36576,3844.30,92.92,103.02,48
292608,36576,3864.36,93.28,95.31,48
292608,36576,3595.14,92.73,142.23,48
292608,36576,4274.22,93.26,0.10,48
292992,36624,4133.07,92.66,24.58,48
292992,36624,3531.24,90.40,104.55,48
292992,36624,4094.98,91.88,0.90,48
292992,36624,4021.48,92.89,52.92,48
292992,36624,4050.12,92.38,39.54,48
292992,36624,4268.40,93.39,7.21,48
292992,36624,4084.02,92.66,36.97,48
292992,36624,3947.35,93.27,76.77,48
293376,36672,3825.62,91.43,64.98,48
293376,36672,3737.58,92.40,102.56,48
293376,36672,4175.03,91.54,4.40,48
293376,36672,3970.96,90.94,23.62,48
293376,36672,3937.71,91.86,38.60,48
293376,36672,4072.51,90.45,4.44,48
293376,36672,3738.85,89.21,37.69,48
293376,36672,3988.35,89.62,0.28,48
293760,36720,3454.41,91.37,164.18,48
293760,36720,4175.08,92.89,14.84,48
293760,36720,3679.47,91.05,114.47,48
293760,36720,4187.83,92.21,0.69,48
293760,36720,4335.78,93.67,0.00,48
293760,36720,4199.07,92.47,0.28,48
293760,36720,4096.71,91.29,0.76,48
293760,36720,4234.04,93.24,20.04,48
294144,36768,4098.79,91.89,18.49,48
294144,36768,3717.56,92.14,99.86,48
294144,36768,2295.08,91.47,431.77,48
294144,36768,4299.34,93.77,0.33,48
294144,36768,3442.03,91.55,172.87,48
294144,36768,4208.07,91.15,0.88,48
294144,36768,3943.36,90.61,8.08,48
294144,36768,4134.76,92.19,0.27,48
294528,36816,3389.40,89.80,152.90,48
294528,36816,4126.51,93.72,30.16,48
294528,36816,3809.20,89.00,14.49,48
294528,36816,4017.65,91.93,38.84,48
294528,36816,3529.22,92.37,163.96,48
294528,36816,3764.67,90.80,67.68,48
294528,36816,3321.87,91.43,193.08,48
294528,36816,3946.64,90.80,18.74,48
294912,36864,4089.88,91.66,13.69,48
294912,36864,3802.04,93.39,126.23,48
294912,36864,4196.99,93.09,5.86,48
294912,36864,3853.44,92.58,85.96,48
294912,36864,4152.03,92.32,7.04,48
294912,36864,4129.56,93.79,58.19,48
294912,36864,3916.83,92.95,93.98,48
294912,36864,1368.41,90.92,644.97,48
295296,36912,4083.14,92.82,52.75,48
295296,36912,3851.07,92.91,89.35,48
295296,36912,3877.16,91.39,50.63,48
295296,36912,4182.21,91.08,0.71,48
295296,36912,4332.74,93.85,3.20,48
295296,36912,3282.06,92.55,223.76,48
295296,36912,2414.91,93.11,455.29,48
295296,36912,3826.03,90.62,73.80,48
295680,36960,3604.86,90.75,100.15,48
295680,36960,4009.36,91.26,22.62,48
295680,36960,3596.62,93.47,177.37,48
295680,36960,4021.35,93.05,51.89,48
295680,36960,4086.67,90.59,2.57,48
295680,36960,3900.60,92.77,81.07,48
295680,36960,4058.43,92.06,23.90,48
295680,36960,4150.05,91.96,25.50,48
296064,37008,4077.09,91.76,2.31,48
296064,37008,4056.89,93.25,48.99,48
296064,37008,3211.08,89.15,187.01,48
296064,37008,4024.23,90.91,20.15,48
296064,37008,3965.48,91.08,38.15,48
296064,37008,3935.27,89.31,0.69,48
296064,37008,4013.03,90.72,22.72,48
296064,37008,3270.15,90.87,198.74,48
296448,37056,4252.91,93.53,6.29,48
296448,37056,4024.99,89.66,0.39,48
296448,37056,4063.86,93.29,55.39,48
296448,37056,4284.27,92.92,2.53,48
296448,37056,3934.94,91.02,32.67,48
296448,37056,3425.41,90.92,163.21,48
296448,37056,4054.68,92.58,36.49,48
296448,37056,3299.56,92.11,208.44,48
296832,37104,4030.63,90.10,2.27,48
296832,37104,4009.86,93.13,72.65,48
296832,37104,3789.72,93.20,107.16,48
296832,37104,3490.48,90.80,148.91,48
296832,37104,4270.00,92.90,3.24,48
296832,37104,4111.52,92.43,0.02,48
296832,37104,3264.76,89.74,172.23,48
296832,37104,2456.18,92.98,442.75,48
297216,37152,4307.27,93.28,1.43,48
297216,37152,3813.86,91.56,63.52,48
297216,37152,3920.79,88.37,1.21,48
297216,37152,3659.37,92.28,133.86,48
297216,37152,4222.20,92.55,0.62,48
297216,37152,4009.09,93.02,58.91,48
297216,37152,4268.13,93.01,2.20,48
297216,37152,3894.03,91.15,61.39,48
297600,37200,3857.56,89.92,52.21,48
297600,37200,3963.33,91.93,68.28,48
297600,37200,3847.04,92.46,69.33,48
297600,37200,3955.65,92.06,39.49,48
297600,37200,3686.42,90.68,95.80,48
297600,37200,3950.31,90.76,31.73,48
297600,37200,4257.69,93.56,5.05,48
297600,37200,2009.84,92.32,535.15,48
297984,37248,4181.19,92.30,1.88,48
297984,37248,3216.85,92.47,245.30,48
297984,37248,4170.52,91.84,4.51,48
297984,37248,2164.05,92.97,509.19,48
297984,37248,3584.16,90.02,89.28,48
297984,37248,3498.57,93.56,193.45,48
297984,37248,1443.38,90.14,643.56,48
297984,37248,4237.23,91.90,0.00,48
298368,37296,3805.52,91.48,82.31,48
298368,37296,3567.31,90.65,118.83,48
298368,37296,3864.48,91.94,42.31,48
298368,37296,4138.48,93.78,52.19,48
298368,37296,3781.32,90.94,83.35,48
298368,37296,4174.70,91.37,1.28,48
298368,37296,3980.01,91.71,44.18,48
298368,37296,4121.57,91.34,10.96,48
298752,37344,3921.25,90.65,44.09,48
298752,37344,4267.46,93.32,1.43,48
298752,37344,3613.32,91.29,119.83,48
298752,37344,3429.02,92.34,199.11,48
298752,37344,4180.73,92.72,1.83,48
298752,37344,4066.89,92.53,31.40,48
298752,37344,3661.92,91.82,116.63,48
298752,37344,3757.61,91.04,66.52,48
299136,37392,3959.86,89.51,20.78,48
299136,37392,3309.20,90.27,189.85,48
299136,37392,3992.60,90.42,18.58,48
299136,37392,4095.75,92.95,40.59,48
299136,37392,4076.00,90.94,4.65,48
299136,37392,3465.79,91.20,146.34,48
299136,37392,3370.78,90.54,190.47,48
299136,37392,4221.06,92.66,2.39,48
299520,37440,4162.84,92.38,9.77,48
299520,37440,2188.54,89.77,444.13,48
299520,37440,3360.91,90.48,155.31,48
299520,37440,4299.69,93.13,0.00,48
299520,37440,4320.77,93.08,0.88,48
299520,37440,4232.84,92.64,14.85,48
299520,37440,3869.99,91.60,70.88,48
299520,37440,3482.33,92.42,186.37,48
299904,37488,4022.48,90.65,21.38,48
299904,37488,4188.10,92.75,14.29,48
299904,37488,3717.13,90.80,107.95,48
299904,37488,4327.47,93.73,2.10,48
299904,37488,4087.37,90.18,3.82,48
299904,37488,3790.86,92.46,99.50,48
299904,37488,4261.21,92.03,3.16,48
299904,37488,4001.46,91.12,48.19,48
300288,37536,4033.95,91.50,31.46,48
300288,37536,3167.54,89.28,177.37,48
300288,37536,4346.51,93.72,0.60,48
300288,37536,3353.75,90.71,172.86,48
300288,37536,4067.96,92.75,45.05,48
300288,37536,3950.01,92.41,60.62,48
300288,37536,2488.69,93.37,450.89,48
300288,37536,3749.09,91.15,91.45,48
300672,37584,4208.28,92.27,1.37,48
300672,37584,3836.11,90.90,57.47,48
300672,37584,3318.23,90.52,166.64,48
300672,37584,3661.25,93.02,129.93,48
300672,37584,3992.50,90.00,27.97,48
300672,37584,4055.22,90.31,1.43,48
300672,37584,4243.16,92.13,3.61,48
300672,37584,3877.23,91.08,49.44,48
301056,37632,3101.08,90.97,238.12,48
301056,37632,4157.05,93.84,45.91,48
301056,37632,4078.67,91.01,6.94,48
301056,37632,3628.98,89.03,65.10,48
301056,37632,3899.06,89.77,20.51,48
301056,37632,2665.34,92.33,386.48,48
301056,37632,3905.46,93.30,88.86,48
301056,37632,3972.59,91.90,45.54,48
301440,37680,3687.84,91.43,119.55,48
301440,37680,4032.46,90.27,3.74,48
301440,37680,3332.22,93.63,237.15,48
301440,37680,4069.02,92.78,38.79,48
301440,37680,3843.01,92.34,74.32,48
301440,37680,4187.37,91.67,0.19,48
301440,37680,4011.18,90.18,14.19,48
301440,37680,4094.95,90.27,0.19,48
301824,37728,3205.38,89.42,176.12,48
301824,37728,3974.82,89.86,1.97,48
301824,37728,4194.58,92.62,0.47,48
301824,37728,3969.58,90.14,0.43,48
301824,37728,3936.17,92.76,74.52,48
301824,37728,4183.57,91.99,16.22,48
301824,37728,3280.10,90.69,199.54,48
301824,37728,3860.55,91.43,64.84,48
302208,37776,3641.52,90.70,107.63,48
302208,37776,3960.00,90.34,33.71,48
302208,37776,3912.56,91.62,63.19,48
302208,37776,3890.22,92.41,88.64,48
302208,37776,4041.64,90.98,20.13,48
302208,37776,4037.94,90.81,10.49,48
302208,37776,3715.69,90.06,70.18,48
302208,37776,3141.79,92.59,259.52,48
302592,37824,3830.55,90.65,47.66,48
302592,37824,4244.10,92.75,1.15,48
302592,37824,4108.25,90.94,0.23,48
302592,37824,3809.42,93.32,110.19,48
302592,37824,3820.43,91.68,98.38,48
302592,37824,3986.84,91.55,23.71,48
302592,37824,3650.68,92.65,146.59,48
302592,37824,3079.59,90.32,224.13,48
302976,37872,4227.91,92.04,0.72,48
302976,37872,4045.50,92.72,54.33,48
302976,37872,4148.52,93.31,38.53,48
302976,37872,3520.11,92.69,172.33,48
302976,37872,4030.64,90.50,11.49,48
302976,37872,3878.84,89.92,28.04,48
302976,37872,3977.25,90.10,2.46,48
302976,37872,4219.79,92.95,11.32,48
303360,37920,3830.53,91.37,87.29,48
303360,37920,3743.42,91.82,108.09,48
303360,37920,3842.65,91.16,64.12,48
303360,37920,3883.91,91.29,64.46,48
303360,37920,3292.55,92.07,218.92,48
303360,37920,3495.15,90.20,113.75,48
303360,37920,3809.06,89.94,47.67,48
303360,37920,4227.45,92.20,0.54,48
303744,37968,4041.71,91.66,44.59,48
303744,37968,3958.79,91.58,36.28,48
303744,37968,3259.75,91.46,214.74,48
303744,37968,4262.05,92.81,0.23,48
303744,37968,3710.93,90.26,88.87,48
303744,37968,4054.05,90.76,3.08,48
303744,37968,4219.14,92.56,1.28,48
303744,37968,4064.10,90.77,11.84,48
304128,38016,4139.86,92.14,6.81,48
304128,38016,4120.98,91.14,3.29,48
304128,38016,4180.33,92.67,0.31,48
304128,38016,4056.99,91.86,20.74,48
304128,38016,4062.71,90.93,2.59,48
304128,38016,3060.10,90.95,246.59,48
304128,38016,4024.80,92.39,25.36,48
304128,38016,3936.79,89.71,19.70,48
304512,38064,4067.30,89.71,5.33,48
304512,38064,4153.47,92.94,13.70,48
304512,38064,2387.60,91.78,428.36,48
304512,38064,3949.73,92.11,66.58,48
304512,38064,4268.93,92.88,1.89,48
304512,38064,3994.72,93.88,81.06,48
304512,38064,3989.52,91.04,33.54,48
304512,38064,4129.07,91.69,0.00,48
304896,38112,4126.90,91.88,1.37,48
304896,38112,3999.54,92.32,25.92,48
304896,38112,2292.49,91.68,458.87,48
304896,38112,3322.49,89.81,170.46,48
304896,38112,4343.58,94.12,5.10,48
304896,38112,4239.14,93.84,28.58,48
304896,38112,3562.25,93.66,196.63,48
304896,38112,4104.21,91.92,18.32,48
305280,38160,3941.69,91.35,62.64,48
305280,38160,3181.10,93.45,274.83,48
305280,38160,4088.72,90.38,2.20,48
305280,38160,3873.33,90.69,47.17,48
305280,38160,4132.20,91.18,0.19,48
305280,38160,3493.54,92.52,182.26,48
305280,38160,4015.23,90.59,1.54,48
305280,38160,3367.15,91.15,190.35,48
305664,38208,3178.00,93.52,275.99,48
305664,38208,4056.79,90.76,1.43,48
305664,38208,4078.95,93.08,44.33,48
305664,38208,3914.80,91.00,55.23,48
305664,38208,3132.43,90.84,204.71,48
305664,38208,4038.00,91.34,19.99,48
305664,38208,3957.95,91.67,62.15,48
305664,38208,3757.40,91.33,85.65,48
306048,38256,3942.83,92.75,73.85,48
306048,38256,1500.81,91.44,640.57,48
306048,38256,3982.45,91.84,36.03,48
306048,38256,3857.36,91.42,77.72,48
306048,38256,4244.48,92.76,0.32,48
306048,38256,3441.03,92.36,189.70,48
306048,38256,4073.06,94.49,76.55,48
306048,38256,4031.64,91.43,29.73,48
306432,38304,3729.46,92.98,131.67,48
306432,38304,3961.55,90.77,22.99,48
306432,38304,4017.71,90.59,3.67,48
306432,38304,4260.72,93.56,21.10,48
306432,38304,4269.87,93.22,7.32,48
306432,38304,4094.26,89.88,0.87,48
306432,38304,4139.37,91.89,11.18,48
306432,38304,4292.97,93.35,0.78,48
306816,38352,3868.61,92.78,83.24,48
306816,38352,3881.44,93.85,102.27,48
306816,38352,3204.75,91.22,232.51,48
306816,38352,3697.06,93.36,141.15,48
306816,38352,3750.74,92.38,113.17,48
306816,38352,4043.29,93.72,81.96,48
306816,38352,3750.95,91.43,104.30,48
306816,38352,4096.54,91.09,1.38,48
307200,38400,4068.05,90.58,2.18,48
307200,38400,4075.33,93.59,59.67,48
307200,38400,4052.99,90.62,14.51,48
307200,38400,3859.55,93.29,106.29,48
307200,38400,3340.67,90.92,167.39,48
307200,38400,4192.11,93.30,17.45,48
307200,38400,4057.50,90.27,1.95,48
307200,38400,3518.15,92.52,170.22,48
307584,38448,4067.45,91.16,1.43,48
307584,38448,4191.20,92.54,8.49,48
307584,38448,3704.30,91.30,101.68,48
307584,38448,4136.47,93.54,35.08,48
307584,38448,3848.72,92.30,87.08,48
307584,38448,4025.25,91.33,22.44,48
307584,38448,3421.27,92.73,209.41,48
307584,38448,1740.70,92.06,603.22,48
307968,38496,4326.05,93.33,0.96,48
307968,38496,4266.12,92.66,2.26,48
307968,38496,3813.58,91.89,94.58,48
307968,38496,4065.40,92.62,42.56,48
307968,38496,4113.08,93.29,35.80,48
307968,38496,4201.03,93.50,24.92,48
307968,38496,4126.53,91.60,17.77,48
307968,38496,4173.15,93.61,34.34,48
308352,38544,4120.47,93.38,33.35,48
308352,38544,3619.53,92.53,147.87,48
308352,38544,4021.19,93.41,69.42,48
308352,38544,3791.23,90.66,48.29,48
308352,38544,3107.77,93.04,285.73,48
308352,38544,4170.00,92.91,26.04,48
308352,38544,3981.13,89.17,0.25,48
308352,38544,3688.53,91.15,111.93,48
308736,38592,3717.07,90.69,76.98,48
308736,38592,3808.14,91.25,82.19,48
308736,38592,4067.69,90.22,1.35,48
308736,38592,4060.38,91.66,1.01,48
308736,38592,3132.62,93.40,284.48,48
308736,38592,3305.06,89.92,182.09,48
308736,38592,3919.34,91.02,50.49,48
308736,38592,3719.29,92.12,120.69,48
309120,38640,4186.90,92.73,5.54,48
309120,38640,4233.53,93.04,9.41,48
309120,38640,3646.95,89.78,82.61,48
309120,38640,4027.99,92.62,57.90,48
309120,38640,4292.06,92.96,2.48,48
309120,38640,3947.21,90.09,11.39,48
309120,38640,4122.05,91.65,3.69,48
309120,38640,4028.30,91.15,32.97,48
309504,38688,2223.23,93.01,504.84,48
309504,38688,3905.85,93.13,90.09,48
309504,38688,3950.72,91.72,37.85,48
309504,38688,4210.13,92.53,0.47,48
309504,38688,4163.76,91.89,8.77,48
309504,38688,1144.37,90.76,718.92,48
309504,38688,3280.13,93.61,257.19,48
309504,38688,3763.10,91.58,95.34,48
309888,38736,4149.46,91.55,2.76,48
309888,38736,4179.19,91.83,0.68,48
309888,38736,4114.36,91.72,0.60,48
309888,38736,4149.39,91.30,1.63,48
309888,38736,3957.49,92.39,59.76,48
309888,38736,4175.07,91.93,4.97,48
309888,38736,3919.86,91.96,58.97,48
309888,38736,4347.84,93.34,1.56,48
310272,38784,4186.11,92.06,2.31,48
310272,38784,4038.44,92.74,54.77,48
310272,38784,4212.13,92.85,4.58,48
310272,38784,3972.44,90.46,46.31,48
310272,38784,4130.09,91.68,0.47,48
310272,38784,3761.31,89.49,68.38,48
310272,38784,4106.97,91.18,2.42,48
310272,38784,4052.73,90.55,10.24,48
310656,38832,3720.61,92.30,116.53,48
310656,38832,3909.35,92.51,89.75,48
310656,38832,4151.35,93.11,33.20,48
310656,38832,3362.45,91.54,190.97,48
310656,38832,4269.54,93.13,0.27,48
310656,38832,3453.71,92.14,166.76,48
310656,38832,3636.52,93.11,163.14,48
310656,38832,3435.90,90.94,163.53,48
311040,38880,4184.36,94.29,35.78,48
311040,38880,4029.18,92.48,61.13,48
311040,38880,3911.74,90.98,33.14,48
311040,38880,3987.80,91.61,30.52,48
311040,38880,4261.41,93.11,4.38,48
311040,38880,2038.10,92.21,537.60,48
311040,38880,4238.94,92.54,1.37,48
311040,38880,4203.51,93.33,15.68,48
311424,38928,3879.50,91.43,72.55,48
311424,38928,4140.89,91.59,0.72,48
311424,38928,4120.49,91.17,1.94,48
311424,38928,4282.65,93.31,0.69,48
311424,38928,4257.36,93.73,25.54,48
311424,38928,1476.75,89.71,614.10,48
311424,38928,4170.61,91.86,2.83,48
311424,38928,4093.27,92.91,43.08,48
311808,38976,3934.27,90.17,38.70,48
311808,38976,3997.01,90.51,7.84,48
311808,38976,3628.11,91.03,108.59,48
311808,38976,1445.98,90.73,659.37,48
311808,38976,4128.47,91.28,7.84,48
311808,38976,4263.28,92.99,0.69,48
311808,38976,3833.41,90.16,47.69,48
311808,38976,4076.85,90.59,0.10,48
312192,39024,4143.58,93.14,33.30,48
312192,39024,3790.71,89.93,44.11,48
312192,39024,1890.17,91.95,556.93,48
312192,39024,4101.76,90.85,3.69,48
312192,39024,4116.65,90.91,0.33,48
312192,39024,3904.33,91.43,77.86,48
312192,39024,4339.33,94.00,0.43,48
312192,39024,4122.24,91.15,0.39,48
312576,39072,4262.16,93.03,8.62,48
312576,39072,4105.57,93.42,49.12,48
312576,39072,4141.62,91.76,7.69,48
312576,39072,4194.51,91.71,2.08,48
312576,39072,3430.96,90.48,155.77,48
312576,39072,4181.30,92.51,0.10,48
312576,39072,3882.04,89.50,1.32,48
312576,39072,3457.50,91.57,193.12,48
312960,39120,3957.78,93.58,84.09,48
312960,39120,3745.56,90.76,97.74,48
312960,39120,3458.66,92.45,171.95,48
312960,39120,4116.65,91.79,4.76,48
312960,39120,3599.02,93.21,165.97,48
312960,39120,3946.78,89.00,1.77,48
312960,39120,4115.29,91.65,7.70,48
312960,39120,4015.88,91.11,10.47,48
313344,39168,4018.63,90.80,18.24,48
313344,39168,4061.93,91.60,28.28,48
313344,39168,3960.73,90.10,20.36,48
313344,39168,4102.40,90.07,0.00,48
313344,39168,4213.88,92.13,0.01,48
313344,39168,4129.22,90.68,1.15,48
313344,39168,3698.48,93.28,150.29,48
313344,39168,4205.99,93.23,26.71,48
313728,39216,4083.98,92.06,6.50,48
313728,39216,4088.57,92.82,29.01,48
313728,39216,3814.09,88.40,5.13,48
313728,39216,3399.97,91.72,193.13,48
313728,39216,3917.85,91.64,46.90,48
313728,39216,3983.94,91.93,52.39,48
313728,39216,4183.02,92.13,0.72,48
313728,39216,4010.57,90.04,15.64,48
314112,39264,4061.12,91.97,26.21,48
314112,39264,4011.68,90.17,9.70,48
314112,39264,4100.39,93.33,53.68,48
314112,39264,3800.23,91.26,76.95,48
314112,39264,4185.59,92.49,11.12,48
314112,39264,4240.90,93.31,10.26,48
314112,39264,1620.82,92.92,642.19,48
314112,39264,4049.68,93.16,61.75,48
314496,39312,3934.38,91.68,57.94,48
314496,39312,4056.95,91.60,23.01,48
314496,39312,3991.33,89.99,3.29,48
314496,39312,3842.76,93.03,111.01,48
314496,39312,3570.18,91.50,140.86,48
314496,39312,4308.28,93.15,1.63,48
314496,39312,3753.81,91.46,86.35,48
314496,39312,4192.71,92.72,13.83,48
314880,39360,4098.07,93.40,50.80,48
314880,39360,3659.02,92.72,151.50,48
314880,39360,4328.36,93.70,0.28,48
314880,39360,3970.80,90.24,12.88,48
314880,39360,3870.80,88.92,0.00,48
314880,39360,4041.54,91.92,8.84,48
314880,39360,4066.37,91.19,23.10,48
314880,39360,4079.09,90.17,1.81,48
315264,39408,3577.47,88.79,70.00,48
315264,39408,2249.55,93.92,522.14,48
315264,39408,3432.91,91.71,189.73,48
315264,39408,4210.00,93.54,16.16,48
315264,39408,3993.75,91.22,34.60,48
315264,39408,3466.84,92.23,177.02,48
315264,39408,4103.13,90.49,11.01,48
315264,39408,3739.56,90.42,85.06,48
315648,39456,3310.89,92.36,212.78,48
315648,39456,3710.52,90.90,94.14,48
315648,39456,4127.70,90.91,0.60,48
315648,39456,4157.78,94.08,49.60,48
315648,39456,3987.19,89.84,24.53,48
315648,39456,4123.18,91.91,0.19,48
315648,39456,3936.16,92.60,77.48,48
315648,39456,3750.78,92.02,103.86,48
316032,39504,4182.73,91.29,2.64,48
316032,39504,4114.57,91.79,6.52,48
316032,39504,3749.57,93.23,121.29,48
316032,39504,3960.66,92.88,68.53,48
316032,39504,3668.41,91.48,109.70,48
316032,39504,4267.05,93.02,1.66,48
316032,39504,3699.33,90.72,93.98,48
316032,39504,3225.50,92.82,250.84,48
316416,39552,3759.49,91.58,62.45,48
316416,39552,3750.72,92.21,113.40,48
316416,39552,4082.38,93.35,61.58,48
316416,39552,3930.80,92.63,71.36,48
316416,39552,3766.19,92.73,112.30,48
316416,39552,3389.89,92.07,197.06,48
316416,39552,4031.58,90.46,19.65,48
316416,39552,3111.95,89.37,202.43,48
316800,39600,3954.64,91.45,23.86,48
316800,39600,3919.07,90.45,44.51,48
316800,39600,4141.52,93.20,35.43,48
316800,39600,4158.34,93.06,23.68,48
316800,39600,3877.46,90.58,47.45,48
316800,39600,4323.39,92.99,1.34,48
316800,39600,3219.85,93.42,265.27,48
316800,39600,4142.63,91.85,2.53,48
317184,39648,4024.54,92.31,47.41,48
317184,39648,4123.40,92.35,25.17,48
317184,39648,4011.57,90.07,1.27,48
317184,39648,4233.77,93.61,23.67,48
317184,39648,4073.55,91.85,22.51,48
317184,39648,3534.66,90.51,132.20,48
317184,39648,3974.73,90.17,26.35,48
317184,39648,3912.16,90.13,36.83,48
317568,39696,4079.96,91.22,21.08,48
317568,39696,3399.64,92.49,208.48,48
317568,39696,4233.73,93.03,1.43,48
317568,39696,3088.83,90.20,240.90,48
317568,39696,3756.43,93.55,132.23,48
317568,39696,4196.20,92.11,0.74,48
317568,39696,4287.45,93.33,3.64,48
317568,39696,3508.22,92.67,172.23,48
317952,39744,3914.03,92.68,85.80,48
317952,39744,3981.02,94.18,82.38,48
317952,39744,3922.66,90.55,27.88,48
317952,39744,3724.03,90.06,79.75,48
317952,39744,3975.91,90.07,5.78,48
317952,39744,3976.45,90.34,47.74,48
317952,39744,3783.33,92.13,85.90,48
317952,39744,3779.76,89.61,44.43,48
318336,39792,3818.46,92.39,75.72,48
318336,39792,3818.87,91.74,99.55,48
318336,39792,1558.51,92.76,654.92,48
318336,39792,4145.87,91.29,0.89,48
318336,39792,4158.95,91.78,1.00,48
318336,39792,3655.53,92.11,136.43,48
318336,39792,3982.82,89.30,5.15,48
318336,39792,4248.69,93.33,14.96,48
318720,39840,4335.96,94.00,3.74,48
318720,39840,3479.65,89.77,130.13,48
318720,39840,4126.51,90.54,0.62,48
318720,39840,3928.98,91.42,55.75,48
318720,39840,4154.99,93.61,40.05,48
318720,39840,4053.84,89.75,0.55,48
318720,39840,4116.48,91.00,8.09,48
318720,39840,2768.33,91.95,356.82,48
319104,39888,3744.70,91.41,95.85,48
319104,39888,3295.10,91.01,202.18,48
319104,39888,4194.51,91.81,4.98,48
319104,39888,3646.76,91.15,98.24,48
319104,39888,4214.87,91.78,0.57,48
319104,39888,3908.41,93.12,75.23,48
319104,39888,4106.45,90.53,1.37,48
319104,39888,3829.58,90.45,62.43,48
319488,39936,3174.60,92.13,244.75,48
319488,39936,4171.25,91.79,0.62,48
319488,39936,4200.28,93.93,28.90,48
319488,39936,3940.27,93.32,82.59,48
319488,39936,4021.09,90.98,22.08,48
319488,39936,3972.30,89.24,0.10,48
319488,39936,4047.44,89.48,6.50,48
319488,39936,4271.81,93.64,14.93,48
319872,39984,3965.27,93.41,90.73,48
319872,39984,4022.36,91.57,19.74,48
319872,39984,3229.78,91.19,210.98,48
319872,39984,3915.90,90.97,60.55,48
319872,39984,3975.15,89.40,0.23,48
319872,39984,4158.02,93.36,40.31,48
319872,39984,2440.48,91.13,416.75,48
319872,39984,3904.97,89.36,17.92,48
320256,40032,4252.41,92.63,0.88,48
320256,40032,3444.33,93.41,198.32,48
320256,40032,4126.92,92.02,1.31,48
320256,40032,4229.21,93.25,17.44,48
320256,40032,3552.81,90.87,130.96,48
320256,40032,4054.53,90.37,1.98,48
320256,40032,4065.86,90.84,3.63,48
320256,40032,4047.41,92.21,37.01,48
320640,40080,3904.91,90.51,40.65,48
320640,40080,3254.75,91.39,216.75,48
320640,40080,4064.70,92.40,29.60,48
320640,40080,3884.12,90.64,34.43,48
320640,40080,4191.65,92.62,14.75,48
320640,40080,4002.04,90.15,4.22,48
320640,40080,3772.15,90.37,88.49,48
320640,40080,3204.54,90.91,216.83,48
321024,40128,3604.62,90.38,110.11,48
321024,40128,4156.01,91.40,3.74,48
321024,40128,3811.95,90.20,49.81,48
321024,40128,3574.04,91.12,146.08,48
321024,40128,4324.29,93.85,8.86,48
321024,40128,3201.06,91.74,235.00,48
321024,40128,2396.05,90.91,425.73,48
321024,40128,3917.83,92.84,79.19,48
321408,40176,3757.13,88.98,40.14,48
321408,40176,3391.67,92.79,208.38,48
321408,40176,4036.38,92.83,47.31,48
321408,40176,4083.33,90.99,9.91,48
321408,40176,3325.16,92.60,227.84,48
321408,40176,3648.34,90.10,99.04,48
321408,40176,3985.53,91.71,48.92,48
321408,40176,4028.36,93.14,68.87,48
321792,40224,3510.72,93.23,188.19,48
321792,40224,4129.58,91.72,17.07,48
321792,40224,4091.88,90.68,0.72,48
321792,40224,3753.09,92.75,132.48,48
321792,40224,3794.99,90.13,61.50,48
321792,40224,4285.84,93.10,1.37,48
321792,40224,4131.98,92.96,33.75,48
321792,40224,3931.86,90.16,58.12,48
322176,40272,3843.48,90.72,59.66,48
322176,40272,4088.92,90.15,1.37,48
322176,40272,3840.36,93.16,105.98,48
322176,40272,4239.53,92.36,1.60,48
322176,40272,3782.98,91.02,90.73,48
322176,40272,4199.04,92.02,0.99,48
322176,40272,3745.40,90.86,94.57,48
322176,40272,4094.56,90.89,0.28,48
322560,40320,3507.56,92.95,180.81,48
322560,40320,4208.68,92.14,1.12,48
322560,40320,4136.51,91.15,0.71,48
322560,40320,2353.76,90.80,441.06,48
322560,40320,3843.89,91.28,64.57,48
322560,40320,4116.01,92.33,18.86,48
322560,40320,3907.56,90.87,42.34,48
322560,40320,4140.07,92.51,16.90,48
322944,40368,3939.62,90.87,31.96,48
322944,40368,4262.41,94.21,28.36,48
322944,40368,4202.12,93.40,25.31,48
322944,40368,3837.21,92.10,74.80,48
322944,40368,4301.41,93.63,4.22,48
322944,40368,4201.73,91.47,0.19,48
322944,40368,3167.28,89.69,199.10,48
322944,40368,3835.07,91.12,72.94,48
323328,40416,3481.04,92.12,175.10,48
323328,40416,4143.57,92.08,11.94,48
323328,40416,4162.10,92.09,2.62,48
323328,40416,4145.69,91.36,0.39,48
323328,40416,4153.43,93.11,22.94,48
323328,40416,3989.49,93.63,77.22,48
323328,40416,3508.25,93.35,201.36,48
323328,40416,3520.98,94.05,206.11,48
323712,40464,1916.35,92.74,553.89,48
323712,40464,3959.45,89.94,26.53,48
323712,40464,4084.73,91.12,5.03,48
323712,40464,4021.32,91.23,32.54,48
323712,40464,4062.45,91.99,34.69,48
323712,40464,3533.99,92.52,178.73,48
323712,40464,3314.28,91.37,203.73,48
323712,40464,4283.16,93.48,2.26,48
324096,40512,3154.61,89.63,188.65,48
324096,40512,3161.44,91.08,219.37,48
324096,40512,3866.90,89.96,33.11,48
324096,40512,3938.41,91.65,51.99,48
324096,40512,4181.05,92.14,1.64,48
324096,40512,3956.84,91.25,64.57,48
324096,40512,3845.88,92.24,73.03,48
324096,40512,4363.04,94.24,2.62,48
324480,40560,3985.42,91.43,10.33,48
324480,40560,3895.45,89.96,42.49,48
324480,40560,3670.04,90.33,91.20,48
324480,40560,3239.81,91.26,205.73,48
324480,40560,4013.72,92.14,37.51,48
324480,40560,3925.80,92.06,75.24,48
324480,40560,3976.37,91.60,44.90,48
324480,40560,4145.40,91.34,4.23,48
324864,40608,4025.43,90.82,14.07,48
324864,40608,3941.29,91.86,62.96,48
324864,40608,3760.07,91.23,90.83,48
324864,40608,3668.19,92.15,121.60,48
324864,40608,4182.00,92.48,6.83,48
324864,40608,3687.79,91.33,108.91,48
324864,40608,3666.44,90.44,79.89,48
324864,40608,3550.02,93.51,179.08,48
325248,40656,4203.69,91.61,0.79,48
325248,40656,4313.95,93.53,0.31,48
325248,40656,3991.76,92.91,47.44,48
325248,40656,3794.36,90.44,68.44,48
325248,40656,3685.54,91.36,105.19,48
325248,40656,3354.35,92.52,213.60,48
325248,40656,4194.80,94.01,34.62,48
325248,40656,3629.43,90.90,105.36,48
325632,40704,3767.14,90.23,52.24,48
325632,40704,4060.08,91.41,23.28,48
325632,40704,4041.45,90.87,22.80,48
325632,40704,1485.56,93.25,694.77,48
325632,40704,3335.76,92.67,215.53,48
325632,40704,4114.29,93.48,54.15,48
325632,40704,3869.04,91.03,53.80,48
325632,40704,4120.93,91.87,0.69,48
326016,40752,3573.85,92.99,170.14,48
326016,40752,3871.82,90.66,72.94,48
326016,40752,1565.09,90.10,624.33,48
326016,40752,3845.84,92.29,69.97,48
326016,40752,3475.45,90.56,138.00,48
326016,40752,3655.60,92.52,146.95,48
326016,40752,3452.32,92.61,196.90,48
326016,40752,3909.05,90.97,71.51,48
326400,40800,4146.93,92.11,10.63,48
326400,40800,4061.11,92.45,33.77,48
326400,40800,4109.01,92.13,35.72,48
326400,40800,4254.50,93.14,0.39,48
326400,40800,3925.02,89.25,0.61,48
326400,40800,3952.35,92.13,66.69,48
326400,40800,3976.64,92.86,57.54,48
326400,40800,3869.26,90.12,37.20,48
326784,40848,4082.63,93.06,49.93,48
326784,40848,4179.48,92.14,1.37,48
326784,40848,2929.28,92.36,315.01,48
326784,40848,3661.02,90.41,86.92,48
326784,40848,3923.13,92.36,60.88,48
326784,40848,4016.51,91.14,18.04,48
326784,40848,3204.30,91.79,221.38,48
326784,40848,4109.11,90.73,0.32,48
327168,40896,3865.94,90.46,53.61,48
327168,40896,4120.79,91.53,6.14,48
327168,40896,3876.01,91.20,55.32,48
327168,40896,3599.62,89.96,106.33,48
327168,40896,4319.92,93.99,0.43,48
327168,40896,4293.99,93.79,9.67,48
327168,40896,3449.62,90.52,164.32,48
327168,40896,3588.19,92.70,159.97,48
327552,40944,4175.49,93.53,40.65,48
327552,40944,3169.44,92.76,264.03,48
327552,40944,3925.71,90.84,34.61,48
327552,40944,4098.54,93.11,49.41,48
327552,40944,4116.71,91.99,10.83,48
327552,40944,3873.69,91.74,50.12,48
327552,40944,4027.23,93.44,69.15,48
327552,40944,2289.16,92.29,462.04,48
327936,40992,3929.64,92.34,68.58,48
327936,40992,4227.82,92.91,4.27,48
327936,40992,4200.11,92.49,15.61,48
327936,40992,3234.96,92.53,232.70,48
327936,40992,4320.01,93.48,1.43,48
327936,40992,3397.78,91.00,171.63,48
327936,40992,4126.40,90.72,0.01,48
327936,40992,3958.96,90.87,33.08,48
328320,41040,3957.15,92.44,66.84,48
328320,41040,4192.52,92.45,7.20,48
328320,41040,1441.92,90.87,657.65,48
328320,41040,3267.22,90.62,211.23,48
328320,41040,4186.09,91.96,10.94,48
328320,41040,3752.44,92.25,121.80,48
328320,41040,3789.46,91.17,97.33,48
328320,41040,4298.43,93.71,8.92,48
328704,41088,4136.62,91.32,8.87,48
328704,41088,4238.76,93.33,19.90,48
328704,41088,4053.25,92.05,36.81,48
328704,41088,4247.94,92.95,0.32,48
328704,41088,2493.72,92.44,426.82,48
328704,41088,4322.21,92.93,0.10,48
328704,41088,4241.67,92.19,0.19,48
328704,41088,4111.99,90.40,0.72,48
329088,41136,4174.86,91.94,1.29,48
329088,41136,4364.77,93.31,1.50,48
329088,41136,4232.58,92.30,2.34,48
329088,41136,4239.93,92.63,4.38,48
329088,41136,4078.78,91.21,17.13,48
329088,41136,3992.25,90.80,47.61,48
329088,41136,4147.94,93.33,46.61,48
329088,41136,4202.14,92.50,0.78,48
329472,41184,4184.31,93.44,36.72,48
329472,41184,3777.41,92.16,103.90,48
329472,41184,4195.19,93.65,45.93,48
329472,41184,3569.38,89.73,112.55,48
329472,41184,3339.85,93.53,250.26,48
329472,41184,3921.90,93.29,99.61,48
329472,41184,3338.02,90.53,196.42,48
329472,41184,4071.35,93.77,68.91,48
329856,41232,4279.43,92.71,0.02,48
329856,41232,3985.86,92.79,68.00,48
329856,41232,2462.37,90.09,394.87,48
329856,41232,3758.20,90.04,79.90,48
329856,41232,4018.13,90.12,13.00,48
329856,41232,4077.60,89.91,2.70,48
329856,41232,3405.24,91.08,164.82,48
329856,41232,4313.64,93.17,2.20,48
330240,41280,3909.40,91.59,34.86,48
330240,41280,4298.82,92.99,0.88,48
330240,41280,3999.67,90.48,18.88,48
330240,41280,3939.57,90.58,47.89,48
330240,41280,3990.27,91.04,21.08,48
330240,41280,4025.40,91.36,43.72,48
330240,41280,3837.47,90.44,71.07,48
330240,41280,4164.83,91.29,16.56,48
330624,41328,3619.64,93.31,164.02,48
330624,41328,3272.49,90.23,189.66,48
330624,41328,4034.49,91.48,25.90,48
330624,41328,3971.47,92.43,60.34,48
330624,41328,3947.11,91.32,39.25,48
330624,41328,4204.22,92.42,0.39,48
330624,41328,3808.71,92.70,119.26,48
330624,41328,4104.31,90.49,4.24,48
331008,41376,3946.30,90.37,39.42,48
331008,41376,3154.49,90.83,243.61,48
331008,41376,4182.00,90.56,1.00,48
331008,41376,3998.74,93.33,75.48,48
331008,41376,3728.43,91.94,110.14,48
331008,41376,4159.45,93.08,34.35,48
331008,41376,3675.37,90.17,104.32,48
331008,41376,4246.85,93.08,9.74,48
331392,41424,4017.26,90.69,18.85,48
331392,41424,3586.16,90.70,133.06,48
331392,41424,4136.11,91.91,0.33,48
331392,41424,1623.49,91.57,636.16,48
331392,41424,3710.59,91.29,96.27,48
331392,41424,4308.93,93.13,1.37,48
331392,41424,4227.09,92.84,1.27,48
331392,41424,3838.35,91.41,79.02,48
331776,41472,3713.36,90.75,97.30,48
331776,41472,3960.75,91.97,41.08,48
331776,41472,4251.32,92.84,0.71,48
331776,41472,4315.56,93.44,2.31,48
331776,41472,3573.93,91.28,124.63,48
331776,41472,4141.92,90.60,1.37,48
331776,41472,4203.12,92.39,1.64,48
331776,41472,4257.84,92.95,6.49,48
332160,41520,4254.57,91.34,3.32,48
332160,41520,4221.86,92.93,9.93,48
332160,41520,3048.99,91.29,270.33,48
332160,41520,4048.53,89.95,16.24,48
332160,41520,3618.08,92.79,154.74,48
332160,41520,4083.57,92.10,35.05,48
332160,41520,3749.20,89.59,67.46,48
332160,41520,4137.02,92.75,29.26,48
332544,41568,3750.43,90.41,81.10,48
332544,41568,4141.00,91.23,1.46,48
332544,41568,3914.50,91.28,35.47,48
332544,41568,4080.72,91.24,17.99,48
332544,41568,4179.32,92.32,7.42,48
332544,41568,3911.97,90.90,53.40,48
332544,41568,3745.83,91.12,93.38,48
332544,41568,3314.84,91.06,222.48,48
332928,41616,4221.13,92.17,4.17,48
332928,41616,4180.08,91.85,2.24,48
332928,41616,3960.05,89.67,0.00,48
332928,41616,3780.15,89.66,56.21,48
332928,41616,4188.43,91.36,1.34,48
332928,41616,4272.06,92.46,0.19,48
332928,41616,3439.26,91.15,182.44,48
332928,41616,3994.08,92.63,64.73,48
333312,41664,3192.76,90.77,230.01,48
333312,41664,4096.11,90.55,2.43,48
333312,41664,3452.05,91.15,179.34,48
333312,41664,3745.85,93.16,140.21,48
333312,41664,3986.71,90.61,38.40,48
333312,41664,3637.02,90.41,115.34,48
333312,41664,4227.30,92.05,2.39,48
333312,41664,4185.51,92.29,14.46,48
333696,41712,3890.91,90.33,45.66,48
333696,41712,2442.92,91.22,443.00,48
333696,41712,4333.82,93.27,0.79,48
333696,41712,4052.67,92.27,42.13,48
333696,41712,4033.48,90.09,0.28,48
333696,41712,1665.48,91.14,617.04,48
333696,41712,3820.22,90.20,59.56,48
333696,41712,4256.63,92.89,3.45,48
334080,41760,4234.45,93.37,22.30,48
334080,41760,4246.73,92.65,3.80,48
334080,41760,4055.89,91.28,19.94,48
334080,41760,2347.56,90.88,436.59,48
334080,41760,4258.21,92.45,0.60,48
334080,41760,3230.73,92.81,252.74,48
334080,41760,4180.46,92.81,19.85,48
334080,41760,4151.33,91.47,14.03,48
334464,41808,3899.01,92.13,56.92,48
334464,41808,4164.88,90.88,21.82,48
334464,41808,4152.75,92.16,23.79,48
334464,41808,3996.19,90.86,49.31,48
334464,41808,4174.15,91.81,2.59,48
334464,41808,4205.98,92.07,0.28,48
334464,41808,4134.91,92.31,19.51,48
334464,41808,4255.79,93.37,0.33,48
334848,41856,3966.96,90.65,29.42,48
334848,41856,4273.25,92.63,4.87,48
334848,41856,3874.19,88.92,16.38,48
334848,41856,4107.50,90.76,13.07,48
334848,41856,3975.42,93.59,88.10,48
334848,41856,3981.53,93.50,83.82,48
334848,41856,3942.87,89.88,29.93,48
334848,41856,4131.15,90.95,7.72,48
335232,41904,4319.17,93.49,4.64,48
335232,41904,3974.37,91.81,57.21,48
335232,41904,4116.02,90.05,0.78,48
335232,41904,4039.01,92.07,25.46,48
335232,41904,4072.94,89.68,1.22,48
335232,41904,3667.96,91.39,115.97,48
335232,41904,3613.82,91.19,112.58,48
335232,41904,4287.16,92.73,1.00,48
335616,41952,3950.73,92.00,56.79,48
335616,41952,3895.23,90.30,63.93,48
335616,41952,3923.78,91.54,44.32,48
335616,41952,4234.33,92.33,0.74,48
335616,41952,4177.01,91.08,1.42,48
335616,41952,4180.76,92.21,0.71,48
335616,41952,4006.41,90.80,32.32,48
335616,41952,3691.75,90.62,104.64,48
336000,42000,3755.02,92.16,108.61,48
336000,42000,3254.77,90.58,206.16,48
336000,42000,4218.71,93.65,30.54,48
336000,42000,3383.17,90.09,176.38,48
336000,42000,4178.60,92.06,14.16,48
336000,42000,4088.14,91.36,28.78,48
336000,42000,3962.23,90.50,24.81,48
336000,42000,4110.44,91.26,2.53,48
336384,42048,3929.92,89.71,24.03,48
336384,42048,4287.51,93.27,1.37,48
336384,42048,4034.92,90.79,37.36,48
336384,42048,4280.74,93.20,2.56,48
336384,42048,4113.30,92.91,34.66,48
336384,42048,3806.33,93.01,120.61,48
336384,42048,1378.36,93.20,713.49,48
336384,42048,4258.18,92.20,0.02,48
336768,42096,3494.65,90.34,141.79,48
336768,42096,4270.96,93.25,3.81,48
336768,42096,3910.37,92.07,65.78,48
336768,42096,3725.39,92.24,123.31,48
336768,42096,4125.76,92.34,18.23,48
336768,42096,3865.50,91.07,80.98,48
336768,42096,3223.03,91.84,247.61,48
336768,42096,3851.92,89.91,40.90,48
337152,42144,4053.13,89.64,5.31,48
337152,42144,4256.41,93.00,4.01,48
337152,42144,4347.55,93.23,0.10,48
337152,42144,4001.96,89.52,0.00,48
337152,42144,4137.13,93.37,49.77,48
337152,42144,3588.20,90.57,121.70,48
337152,42144,1439.65,91.32,677.32,48
337152,42144,3895.84,93.65,105.67,48
337536,42192,4151.94,91.26,0.03,48
337536,42192,3339.08,92.44,220.16,48
337536,42192,3676.08,92.13,132.08,48
337536,42192,4239.68,92.89,2.85,48
337536,42192,4108.35,91.04,0.90,48
337536,42192,3877.23,91.83,73.52,48
337536,42192,4213.46,92.34,1.37,48
337536,42192,3760.01,92.86,135.57,48
337920,42240,4164.93,92.50,14.93,48
337920,42240,3999.66,90.89,34.41,48
337920,42240,3826.96,90.21,57.39,48
337920,42240,3774.24,93.34,133.85,48
337920,42240,4033.15,89.68,1.17,48
337920,42240,4066.15,92.43,35.34,48
337920,42240,3880.06,92.98,115.07,48
337920,42240,3318.27,93.39,244.99,48
338304,42288,1658.06,89.67,583.99,48
338304,42288,4118.85,90.95,1.63,48
338304,42288,1601.91,92.94,661.95,48
338304,42288,4017.48,89.47,0.71,48
338304,42288,4005.41,91.95,48.00,48
338304,42288,3717.20,92.55,135.86,48
338304,42288,3879.22,91.00,45.77,48
338304,42288,3500.89,90.54,145.52,48
338688,42336,4274.00,92.92,0.39,48
338688,42336,4076.75,93.37,58.68,48
338688,42336,4356.89,93.77,0.68,48
338688,42336,3808.89,90.25,69.41,48
338688,42336,4311.10,93.67,6.06,48
338688,42336,3189.14,90.75,230.98,48
338688,42336,4238.98,93.63,24.08,48
338688,42336,3304.59,92.40,227.73,48
339072,42384,3848.21,91.66,96.28,48
339072,42384,3163.79,92.52,249.94,48
339072,42384,4181.34,90.77,2.74,48
339072,42384,1289.89,91.62,689.56,48
339072,42384,3971.38,90.98,19.83,48
339072,42384,3538.16,91.98,153.82,48
339072,42384,3117.67,92.06,270.43,48
339072,42384,3782.31,91.04,86.98,48
339456,42432,3887.62,90.26,67.77,48
339456,42432,3260.77,91.24,218.51,48
339456,42432,3151.99,90.09,233.36,48
339456,42432,4254.83,91.98,0.81,48
339456,42432,3794.28,90.71,84.17,48
339456,42432,4046.62,92.58,37.42,48
339456,42432,4084.90,92.34,40.72,48
339456,42432,4209.82,93.71,38.93,48
339840,42480,1635.20,91.01,621.73,48
339840,42480,3811.05,91.04,90.33,48
339840,42480,4023.31,92.90,62.45,48
339840,42480,4143.70,91.85,4.59,48
339840,42480,4338.55,93.35,1.56,48
339840,42480,4020.66,91.40,0.79,48
339840,42480,3679.82,92.27,112.96,48
339840,42480,4294.49,92.76,0.19,48
340224,42528,4068.37,89.90,1.70,48
340224,42528,4229.10,92.75,4.29,48
340224,42528,3988.06,91.40,46.29,48
340224,42528,4200.35,92.44,8.68,48
340224,42528,4013.83,93.41,86.78,48
340224,42528,3706.90,93.82,161.82,48
340224,42528,4218.76,91.74,0.83,48
340224,42528,3441.61,90.23,160.94,48
340608,42576,4016.04,91.71,41.39,48
340608,42576,4013.59,91.85,56.47,48
340608,42576,4238.37,92.95,11.72,48
340608,42576,4058.35,93.12,53.68,48
340608,42576,3856.99,91.35,55.19,48
340608,42576,3276.08,92.88,246.73,48
340608,42576,3921.07,90.94,45.06,48
340608,42576,4090.38,91.31,24.80,48
340992,42624,4310.42,93.15,5.28,48
340992,42624,4320.87,93.06,1.64,48
340992,42624,1392.87,91.74,696.89,48
340992,42624,4016.34,90.58,24.25,48
340992,42624,4153.84,90.68,0.28,48
340992,42624,4183.50,91.71,5.36,48
340992,42624,4144.54,91.10,1.33,48
340992,42624,3418.14,93.02,216.75,48
341376,42672,3863.07,90.52,47.99,48
341376,42672,3376.61,89.27,138.88,48
341376,42672,4060.63,89.96,1.83,48
341376,42672,3476.00,90.68,165.79,48
341376,42672,4065.48,90.34,6.62,48
341376,42672,4082.31,92.47,47.77,48
341376,42672,3396.86,92.91,224.10,48
341376,42672,4147.19,90.64,2.18,48
341760,42720,3816.26,92.79,107.05,48
341760,42720,4174.75,92.37,21.81,48
341760,42720,3692.36,92.09,118.29,48
341760,42720,3662.64,90.68,121.72,48
341760,42720,4220.28,92.72,5.08,48
341760,42720,4098.36,91.13,34.12,48
341760,42720,4179.64,92.10,0.92,48
341760,42720,4174.02,91.90,0.10,48
342144,42768,3701.65,93.69,167.79,48
342144,42768,4335.64,93.61,1.33,48
342144,42768,4182.93,92.94,29.10,48
342144,42768,4106.79,92.22,3.23,48
342144,42768,4252.62,92.56,0.19,48
342144,42768,3838.79,92.34,92.29,48
342144,42768,3501.19,90.82,164.43,48
342144,42768,4363.32,93.86,2.16,48
342528,42816,3798.81,91.33,89.89,48
342528,42816,4231.62,92.78,0.28,48
342528,42816,4121.36,90.53,0.69,48
342528,42816,4152.39,91.54,1.28,48
342528,42816,4208.77,90.72,0.02,48
342528,42816,4326.22,92.89,0.28,48
342528,42816,3811.54,91.00,83.31,48
342528,42816,3811.71,93.34,140.84,48
342912,42864,4062.06,92.97,60.92,48
342912,42864,2254.53,90.93,468.37,48
342912,42864,3920.14,93.84,109.45,48
342912,42864,3430.89,93.19,194.65,48
342912,42864,4316.47,93.07,7.10,48
342912,42864,3987.81,92.51,65.71,48
342912,42864,3651.96,93.26,168.30,48
342912,42864,3381.78,88.74,129.52,48
343296,42912,4377.62,93.26,0.02,48
343296,42912,3978.86,90.96,42.07,48
343296,42912,4220.79,92.73,20.53,48
343296,42912,4101.20,91.36,26.32,48
343296,42912,4126.66,91.89,6.77,48
343296,42912,3805.57,92.31,103.83,48
343296,42912,3740.74,92.68,124.45,48
343296,42912,4208.25,92.64,11.31,48
343680,42960,3754.66,92.24,119.48,48
343680,42960,4170.50,93.51,46.96,48
343680,42960,3632.33,91.99,131.25,48
343680,42960,3349.98,92.67,223.92,48
343680,42960,3811.10,93.05,126.79,48
343680,42960,4261.87,92.68,5.65,48
343680,42960,3860.96,90.88,69.15,48
343680,42960,3853.90,92.35,94.58,48
344064,43008,2429.76,90.52,428.92,48
344064,43008,4139.90,91.66,0.01,48
344064,43008,4053.26,89.49,3.59,48
344064,43008,3963.61,89.25,16.90,48
344064,43008,3826.65,92.61,104.91,48
344064,43008,3647.21,92.28,135.58,48
344064,43008,4164.87,91.18,0.28,48
344064,43008,4153.22,90.24,0.60,48
344448,43056,4045.25,92.77,52.96,48
344448,43056,3212.59,91.64,247.07,48
344448,43056,3887.26,90.24,43.35,48
344448,43056,4308.53,93.07,0.81,48
344448,43056,4102.09,93.20,59.01,48
344448,43056,4101.63,90.58,3.31,48
344448,43056,4185.33,91.85,0.88,48
344448,43056,4213.32,92.67,1.49,48
344832,43104,4347.41,93.21,1.15,48
344832,43104,4169.53,91.98,5.81,48
344832,43104,4155.52,91.08,6.16,48
344832,43104,4300.31,92.79,0.00,48
344832,43104,4296.71,93.44,5.73,48
344832,43104,3464.81,93.40,220.80,48
344832,43104,4069.85,89.71,1.24,48
344832,43104,4149.98,91.57,2.36,48
345216,43152,3328.65,89.95,161.90,48
345216,43152,3944.44,90.23,39.73,48
345216,43152,3993.81,90.74,40.80,48
345216,43152,3785.14,92.38,109.55,48
345216,43152,3920.03,89.80,2.28,48
345216,43152,3675.05,92.86,161.19,48
345216,43152,4283.67,92.98,0.72,48
345216,43152,4039.96,90.55,1.46,48
345600,43200,3543.34,89.33,112.96,48
345600,43200,4049.96,92.89,63.14,48
345600,43200,4016.88,93.75,81.24,48
345600,43200,3531.67,91.98,140.00,48
345600,43200,4066.56,90.91,12.03,48
345600,43200,3923.92,90.48,35.12,48
345600,43200,4120.04,91.95,20.35,48
345600,43200,3554.38,92.33,177.02,48
345984,43248,4129.58,92.67,28.72,48
345984,43248,4130.61,91.53,19.98,48
345984,43248,3990.66,92.38,64.19,48
345984,43248,3928.29,93.74,101.46,48
345984,43248,4136.46,90.94,2.41,48
345984,43248,3814.24,90.22,68.56,48
345984,43248,3523.71,90.12,135.95,48
345984,43248,4105.30,91.50,5.95,48
346368,43296,4198.62,92.71,15.30,48
346368,43296,1528.18,90.58,645.63,48
346368,43296,4068.71,93.27,67.92,48
346368,43296,3337.09,90.71,195.46,48
346368,43296,3882.20,92.55,90.28,48
346368,43296,3908.26,92.25,76.81,48
346368,43296,3732.19,92.11,100.53,48
346368,43296,4119.46,91.37,15.75,48
346752,43344,4076.87,90.99,0.39,48
346752,43344,3594.37,92.38,153.78,48
346752,43344,3845.21,90.21,62.62,48
346752,43344,4016.90,90.66,36.11,48
346752,43344,3895.51,90.54,34.80,48
346752,43344,3366.02,91.22,194.15,48
346752,43344,3462.41,93.58,224.69,48
346752,43344,3952.28,92.11,61.14,48
347136,43392,4109.53,91.83,9.70,48
347136,43392,4070.05,90.41,7.08,48
347136,43392,4189.60,91.39,1.28,48
347136,43392,3961.69,90.45,6.59,48
347136,43392,1594.19,91.71,620.56,48
347136,43392,3937.13,90.69,61.05,48
347136,43392,3681.67,90.84,93.27,48
347136,43392,4027.66,91.31,37.82,48
347520,43440,3791.41,90.07,65.61,48
347520,43440,3713.08,89.59,71.22,48
347520,43440,4171.55,90.79,4.79,48
347520,43440,4037.86,91.68,41.67,48
347520,43440,4032.60,91.88,39.23,48
347520,43440,4237.73,93.27,30.59,48
347520,43440,3985.56,91.04,46.75,48
347520,43440,4008.77,90.27,13.77,48
347904,43488,4023.79,90.74,6.89,48
347904,43488,3735.98,90.55,85.39,48
347904,43488,4242.42,93.03,3.10,48
347904,43488,4250.34,93.04,17.12,48
347904,43488,4136.36,93.03,35.72,48
347904,43488,4355.53,93.67,1.27,48
347904,43488,3950.38,89.70,22.72,48
347904,43488,3560.80,89.24,98.54,48
348288,43536,4020.83,89.90,14.36,48
348288,43536,4106.75,91.21,16.15,48
348288,43536,3977.07,90.62,38.76,48
348288,43536,3919.67,91.24,61.75,48
348288,43536,4039.59,92.31,40.58,48
348288,43536,3202.75,91.17,239.12,48
348288,43536,3963.69,90.93,60.90,48
348288,43536,4197.90,93.08,17.12,48
348672,43584,3860.87,90.44,60.89,48
348672,43584,3677.29,93.63,173.00,48
348672,43584,4121.80,92.72,47.59,48
348672,43584,4124.90,90.63,0.00,48
348672,43584,3924.38,93.03,83.87,48
348672,43584,3522.32,91.29,159.15,48
348672,43584,4005.86,92.48,58.04,48
348672,43584,4124.80,90.36,1.24,48
349056,43632,3817.56,91.42,101.25,48
349056,43632,4123.18,90.72,0.28,48
349056,43632,4285.79,92.71,1.37,48
349056,43632,4141.77,91.90,1.37,48
349056,43632,4202.14,91.10,0.83,48
349056,43632,3576.94,91.85,146.50,48
349056,43632,4067.86,90.44,6.22,48
349056,43632,3972.74,92.13,51.30,48
349440,43680,2485.43,89.08,363.32,48
349440,43680,4186.55,91.36,5.76,48
349440,43680,4004.22,91.88,48.21,48
349440,43680,4006.75,90.74,33.77,48
349440,43680,4275.29,93.08,1.33,48
349440,43680,4046.92,92.45,31.57,48
349440,43680,4201.31,91.77,0.72,48
349440,43680,3907.69,91.04,55.31,48
349824,43728,3250.21,91.35,225.16,48
349824,43728,4250.90,92.98,5.74,48
349824,43728,3562.21,91.96,145.06,48
349824,43728,4118.53,90.71,3.48,48
349824,43728,3852.45,92.54,102.63,48
349824,43728,3970.97,91.16,51.06,48
349824,43728,3607.31,91.29,144.55,48
349824,43728,3872.28,92.33,92.75,48
350208,43776,4239.46,93.11,11.40,48
350208,43776,4364.00,93.66,0.74,48
350208,43776,3776.04,91.28,95.34,48
350208,43776,4364.74,93.58,0.60,48
350208,43776,4114.12,93.02,45.83,48
350208,43776,3779.93,92.78,126.99,48
350208,43776,4018.54,93.22,79.49,48
350208,43776,4223.38,92.94,7.41,48
350592,43824,4192.10,91.47,0.31,48
350592,43824,3264.70,90.27,206.17,48
350592,43824,4289.91,92.77,1.24,48
350592,43824,4037.36,92.49,46.42,48
350592,43824,4297.81,92.47,1.37,48
350592,43824,3956.50,92.01,41.42,48
350592,43824,3616.04,89.59,105.07,48
350592,43824,4248.49,93.17,10.14,48
350976,43872,3726.84,92.98,129.92,48
350976,43872,3429.65,92.54,210.54,48
350976,43872,3998.31,92.41,59.43,48
350976,43872,4247.10,93.40,25.29,48
350976,43872,3331.13,93.18,233.37,48
350976,43872,4083.34,92.72,35.48,48
350976,43872,4252.70,93.20,22.22,48
350976,43872,4130.05,90.79,5.09,48
351360,43920,3609.59,91.42,124.52,48
351360,43920,3900.88,90.56,57.94,48
351360,43920,4214.88,92.10,0.78,48
351360,43920,4098.96,93.40,66.61,48
351360,43920,3877.85,92.16,73.01,48
351360,43920,3630.26,91.60,135.58,48
351360,43920,4028.62,90.91,33.91,48
351360,43920,3485.45,91.00,162.49,48
351744,43968,4177.34,91.42,2.79,48
351744,43968,3246.02,90.24,207.16,48
351744,43968,3936.43,91.61,49.49,48
351744,43968,4071.21,93.05,51.87,48
351744,43968,4259.12,92.82,17.88,48
351744,43968,3840.53,91.32,54.89,48
351744,43968,3751.71,90.71,91.66,48
351744,43968,4048.40,92.76,56.12,48
352128,44016,3883.51,89.63,36.38,48
352128,44016,3391.24,90.37,187.01,48
352128,44016,4375.79,93.97,1.21,48
352128,44016,4206.64,92.34,0.43,48
352128,44016,3505.47,91.65,171.15,48
352128,44016,3766.69,91.36,96.69,48
352128,44016,4083.89,92.63,37.82,48
352128,44016,4028.16,90.90,20.39,48
352512,44064,3928.43,93.20,92.00,48
352512,44064,4253.69,92.10,0.79,48
352512,44064,4230.66,92.88,3.87,48
352512,44064,3699.64,93.48,163.96,48
352512,44064,4263.05,91.99,1.38,48
352512,44064,4293.43,93.16,0.33,48
352512,44064,4197.68,91.53,3.02,48
352512,44064,4096.71,91.25,0.39,48
352896,44112,3000.13,92.60,293.52,48
352896,44112,3251.66,90.57,224.71,48
352896,44112,4170.40,91.37,0.23,48
352896,44112,4237.47,92.54,0.72,48
352896,44112,3966.16,89.73,14.99,48
352896,44112,3662.04,90.85,121.86,48
352896,44112,4246.82,92.62,0.00,48
352896,44112,4267.91,93.31,9.20,48
353280,44160,3334.13,92.78,221.99,48
353280,44160,4080.88,90.54,2.44,48
353280,44160,4088.50,92.90,35.92,48
353280,44160,4160.51,92.26,13.60,48
353280,44160,4256.66,92.23,0.56,48
353280,44160,4097.01,90.52,6.54,48
353280,44160,4065.01,92.04,31.72,48
353280,44160,4244.36,92.03,0.02,48
353664,44208,4049.93,92.08,42.83,48
353664,44208,4162.33,92.91,43.03,48
353664,44208,4177.95,93.17,28.29,48
353664,44208,4276.12,92.89,1.88,48
353664,44208,3392.60,92.52,206.73,48
353664,44208,4199.41,92.47,0.74,48
353664,44208,1624.18,90.04,601.18,48
353664,44208,4226.31,92.99,10.52,48
354048,44256,4088.01,91.16,1.54,48
354048,44256,4093.12,90.64,0.62,48
354048,44256,4164.20,91.45,11.49,48
354048,44256,3795.28,91.84,103.30,48
354048,44256,4086.69,91.58,5.13,48
354048,44256,3509.84,92.73,174.32,48
354048,44256,1632.70,92.97,658.78,48
354048,44256,3443.90,90.62,173.48,48
354432,44304,4335.41,93.53,0.74,48
354432,44304,4278.45,92.85,0.10,48
354432,44304,3639.85,92.79,175.37,48
354432,44304,4260.83,93.01,8.88,48
354432,44304,4270.61,92.73,4.79,48
354432,44304,3187.46,90.06,224.00,48
354432,44304,4088.53,90.80,7.35,48
354432,44304,3905.89,91.88,65.25,48
354816,44352,4187.16,91.91,3.94,48
354816,44352,4279.10,93.32,8.91,48
354816,44352,3528.15,92.41,167.90,48
354816,44352,3805.98,93.53,121.38,48
354816,44352,3372.21,91.22,205.94,48
354816,44352,3171.06,90.70,219.73,48
354816,44352,3516.57,93.74,204.67,48
354816,44352,3586.72,93.34,183.58,48
355200,44400,4130.71,89.81,2.79,48
355200,44400,3252.05,90.57,210.43,48
355200,44400,3715.83,93.06,151.85,48
355200,44400,4311.74,93.72,2.85,48
355200,44400,4304.60,93.21,0.33,48
355200,44400,4172.58,91.01,1.34,48
355200,44400,4127.10,91.08,0.00,48
355200,44400,3542.67,92.53,164.57,48
355584,44448,4180.06,92.79,19.54,48
355584,44448,3073.76,90.68,241.41,48
355584,44448,4012.94,90.33,35.66,48
355584,44448,4118.01,91.95,27.40,48
355584,44448,3983.92,91.76,44.85,48
355584,44448,4161.93,92.43,25.65,48
355584,44448,4140.01,92.55,22.30,48
355584,44448,4014.35,90.90,28.99,48
355968,44496,3627.79,92.75,151.07,48
355968,44496,4273.64,92.44,3.64,48
355968,44496,3970.75,92.91,66.42,48
355968,44496,4253.44,92.78,2.03,48
355968,44496,2321.97,89.53,409.40,48
355968,44496,3608.29,89.95,96.05,48
355968,44496,4178.53,93.90,50.10,48
355968,44496,3576.70,92.81,158.15,48
356352,44544,3967.78,91.28,40.42,48
356352,44544,4095.07,92.12,30.86,48
356352,44544,3957.06,93.30,80.70,48
356352,44544,3441.13,90.19,152.89,48
356352,44544,4210.69,92.29,5.09,48
356352,44544,4083.52,90.27,16.24,48
356352,44544,3815.02,90.34,68.17,48
356352,44544,4013.28,92.31,52.36,48
356736,44592,4176.31,92.85,41.81,48
356736,44592,4221.66,92.95,8.66,48
356736,44592,4239.50,92.75,5.93,48
356736,44592,4122.53,91.92,23.72,48
356736,44592,3728.87,91.22,120.76,48
356736,44592,4248.67,92.76,0.28,48
356736,44592,4134.39,92.32,29.49,48
356736,44592,3699.39,93.72,163.33,48
357120,44640,3475.88,90.57,137.25,48
357120,44640,4164.38,91.79,0.90,48
357120,44640,4101.63,90.45,5.37,48
357120,44640,3860.87,91.76,87.55,48
357120,44640,3883.09,89.39,55.08,48
357120,44640,3881.91,91.61,67.56,48
357120,44640,3555.71,92.77,170.10,48
357120,44640,4240.90,92.95,0.19,48
357504,44688,3313.08,90.83,207.76,48
357504,44688,4161.46,91.67,0.69,48
357504,44688,3250.09,90.63,215.37,48
357504,44688,4278.75,93.23,9.09,48
357504,44688,4060.40,92.98,54.34,48
357504,44688,3650.48,92.82,155.27,48
357504,44688,4196.59,91.10,0.00,48
357504,44688,4229.11,93.31,25.56,48
357888,44736,4081.41,93.33,57.00,48
357888,44736,1618.81,93.44,673.48,48
357888,44736,3811.36,90.82,52.87,48
357888,44736,3687.71,93.41,157.65,48
357888,44736,4040.79,91.99,46.05,48
357888,44736,4284.07,93.19,1.84,48
357888,44736,4248.08,92.69,2.67,48
357888,44736,3482.73,90.94,156.27,48
358272,44784,4170.70,93.24,29.26,48
358272,44784,4073.50,92.20,32.37,48
358272,44784,4258.58,93.71,26.35,48
358272,44784,3476.59,92.51,173.70,48
358272,44784,4053.92,90.10,2.39,48
358272,44784,4159.55,90.61,7.76,48
358272,44784,4191.24,91.25,2.66,48
358272,44784,4356.12,93.37,1.85,48
358656,44832,4056.60,92.60,52.88,48
358656,44832,4100.24,91.56,30.99,48
358656,44832,3889.10,89.99,46.33,48
358656,44832,4010.08,90.11,25.96,48
358656,44832,3649.31,92.24,144.82,48
358656,44832,4170.27,90.98,4.80,48
358656,44832,3878.67,92.64,97.08,48
358656,44832,4028.68,90.05,1.28,48
359040,44880,4119.61,92.83,49.07,48
359040,44880,3372.90,92.72,216.16,48
359040,44880,3640.07,91.84,151.47,48
359040,44880,3957.72,93.57,90.53,48
359040,44880,3857.85,92.20,68.07,48
359040,44880,3130.98,91.21,223.71,48
359040,44880,2751.61,92.86,384.09,48
359040,44880,3999.83,91.38,52.28,48
359424,44928,3333.68,93.66,248.65,48
359424,44928,4018.44,91.56,12.68,48
359424,44928,3747.80,94.04,157.65,48
359424,44928,4009.45,94.04,88.80,48
359424,44928,4243.26,92.63,9.21,48
359424,44928,4259.45,92.63,0.02,48
359424,44928,3685.99,93.77,172.38,48
359424,44928,3708.20,93.04,150.99,48
359808,44976,4177.42,92.73,22.75,48
359808,44976,4324.75,93.20,8.76,48
359808,44976,4254.76,93.00,13.63,48
359808,44976,4339.18,93.08,2.67,48
359808,44976,3975.28,91.25,32.93,48
359808,44976,4050.33,91.25,39.50,48
359808,44976,4182.83,93.24,28.64,48
359808,44976,4212.26,92.74,0.62,48
360192,45024,4207.11,92.07,0.69,48
360192,45024,4283.81,92.76,1.21,48
360192,45024,3768.05,90.26,69.07,48
360192,45024,3741.82,92.56,114.21,48
360192,45024,3767.03,90.30,80.53,48
360192,45024,3795.34,91.21,101.86,48
360192,45024,4140.58,91.43,0.26,48
360192,45024,3291.66,91.73,243.57,48
360576,45072,4042.08,93.06,61.65,48
360576,45072,3614.13,92.67,169.37,48
360576,45072,4092.58,92.50,48.68,48
360576,45072,4231.72,92.49,3.99,48
360576,45072,3934.59,90.91,48.83,48
360576,45072,3962.79,91.25,52.59,48
360576,45072,3988.50,90.91,0.69,48
360576,45072,4149.14,90.82,13.33,48
360960,45120,4111.30,91.15,2.41,48
360960,45120,4210.14,92.31,17.19,48
360960,45120,4186.60,92.65,7.96,48
360960,45120,4230.41,93.80,26.38,48
360960,45120,3534.04,90.05,130.71,48
360960,45120,3275.76,92.52,231.81,48
360960,45120,4046.14,91.32,38.38,48
360960,45120,4016.35,92.24,59.50,48
361344,45168,4019.88,90.73,21.22,48
361344,45168,3719.44,93.62,132.39,48
361344,45168,4152.15,93.09,26.11,48
361344,45168,3949.99,92.27,74.88,48
361344,45168,4179.97,91.71,0.32,48
361344,45168,2629.84,92.81,408.53,48
361344,45168,4346.11,93.53,6.90,48
361344,45168,3893.43,91.28,44.16,48
361728,45216,4155.74,92.39,15.07,48
361728,45216,4184.66,92.37,5.66,48
361728,45216,2757.96,93.06,393.26,48
361728,45216,3988.78,90.12,9.85,48
361728,45216,4103.34,91.40,24.63,48
361728,45216,4128.84,94.18,65.60,48
361728,45216,4108.21,90.23,1.82,48
361728,45216,3471.73,90.97,162.98,48
362112,45264,3914.53,91.67,53.50,48
362112,45264,4007.87,93.91,90.03,48
362112,45264,3556.26,91.54,144.44,48
362112,45264,4163.30,91.96,18.12,48
362112,45264,4025.88,92.85,57.35,48
362112,45264,3532.62,91.35,165.29,48
362112,45264,4153.71,93.50,38.69,48
362112,45264,4073.73,92.95,50.22,48
362496,45312,4292.62,93.61,13.93,48
362496,45312,3413.05,93.37,222.53,48
362496,45312,2706.28,93.31,406.08,48
362496,45312,4044.45,90.54,23.15,48
362496,45312,4150.78,91.51,3.92,48
362496,45312,3244.42,92.25,235.81,48
362496,45312,4200.85,91.95,4.87,48
362496,45312,3776.12,93.30,128.60,48
362880,45360,3958.20,91.43,40.89,48
362880,45360,4080.09,90.55,1.53,48
362880,45360,4139.21,91.52,1.28,48
362880,45360,4214.05,93.24,13.41,48
362880,45360,3774.26,90.15,61.24,48
362880,45360,4334.04,93.78,4.94,48
362880,45360,3977.83,90.55,32.19,48
362880,45360,4034.43,91.32,41.55,48
363264,45408,3844.52,93.36,103.20,48
363264,45408,3594.97,92.57,159.99,48
363264,45408,3495.98,89.63,129.52,48
363264,45408,4071.59,90.89,3.90,48
363264,45408,3713.95,91.33,97.58,48
363264,45408,3750.26,91.21,81.90,48
363264,45408,4144.00,93.06,40.06,48
363264,45408,4100.94,91.97,22.50,48
363648,45456,4253.60,92.62,1.37,48
363648,45456,4300.00,92.85,7.13,48
363648,45456,4276.78,92.81,0.28,48
363648,45456,3366.79,92.46,190.52,48
363648,45456,3945.39,91.04,53.02,48
363648,45456,2302.04,92.64,462.46,48
363648,45456,4170.75,90.65,1.01,48
363648,45456,3931.92,92.99,85.00,48
364032,45504,4060.48,93.15,69.84,48
364032,45504,4245.27,92.96,1.24,48
364032,45504,3955.70,93.45,91.64,48
364032,45504,4193.74,92.91,12.34,48
364032,45504,4114.78,91.86,15.87,48
364032,45504,3850.61,90.59,74.87,48
364032,45504,4145.99,91.21,19.18,48
364032,45504,4045.57,90.76,38.08,48
364416,45552,3955.28,89.88,29.10,48
364416,45552,4242.97,92.40,3.13,48
364416,45552,4153.41,90.69,0.83,48
364416,45552,4151.91,92.93,42.57,48
364416,45552,3356.08,91.11,203.08,48
364416,45552,4279.87,92.33,0.00,48
364416,45552,3183.77,90.48,227.03,48
364416,45552,3355.88,92.95,226.04,48
364800,45600,4119.05,93.33,55.56,48
364800,45600,3721.44,90.97,87.86,48
364800,45600,3823.82,93.11,108.25,48
364800,45600,4039.56,90.37,0.02,48
364800,45600,4194.81,92.64,19.57,48
364800,45600,3248.02,92.14,231.01,48
364800,45600,4240.11,92.86,5.24,48
364800,45600,3169.10,92.70,260.83,48
365184,45648,4249.41,92.77,2.19,48
365184,45648,4268.94,92.54,0.26,48
365184,45648,4145.51,91.03,4.10,48
365184,45648,4219.46,92.60,20.86,48
365184,45648,3971.32,90.83,40.57,48
365184,45648,3918.94,92.41,73.93,48
365184,45648,4177.74,92.57,6.84,48
365184,45648,4160.41,93.30,39.22,48
365568,45696,3858.08,91.65,69.39,48
365568,45696,3057.52,91.21,273.64,48
365568,45696,4231.94,90.93,0.69,48
365568,45696,4105.02,90.98,1.28,48
365568,45696,4004.60,90.41,10.86,48
365568,45696,4047.02,91.92,40.33,48
365568,45696,4148.86,93.15,52.56,48
365568,45696,4083.95,93.35,47.25,48
365952,45744,3993.48,91.43,50.30,48
365952,45744,3686.26,88.82,58.13,48
365952,45744,3957.51,91.35,54.59,48
365952,45744,3833.47,92.28,100.49,48
365952,45744,3904.18,92.97,108.36,48
365952,45744,4271.84,93.65,4.27,48
365952,45744,4193.24,92.37,1.33,48
365952,45744,4269.29,93.03,6.76,48
366336,45792,4071.75,93.82,73.02,48
366336,45792,4111.60,90.78,2.04,48
366336,45792,4039.32,90.47,1.41,48
366336,45792,4167.60,91.82,10.08,48
366336,45792,4183.47,91.19,1.15,48
366336,45792,3990.03,90.68,40.85,48
366336,45792,3529.72,92.23,164.63,48
366336,45792,4152.07,92.79,31.49,48
366720,45840,4255.26,93.20,15.97,48
366720,45840,3418.91,93.31,217.73,48
366720,45840,4311.43,93.74,9.29,48
366720,45840,3705.96,91.27,98.27,48
366720,45840,4122.16,92.82,34.88,48
366720,45840,3789.68,91.19,93.79,48
366720,45840,4268.27,92.69,0.33,48
366720,45840,3404.94,93.32,218.14,48
367104,45888,4241.14,92.61,0.68,48
367104,45888,4066.55,93.23,50.76,48
367104,45888,4116.11,92.39,16.25,48
367104,45888,3881.50,90.44,45.00,48
367104,45888,4054.82,91.47,0.26,48
367104,45888,4080.26,91.43,21.22,48
367104,45888,4139.55,91.22,6.50,48
367104,45888,4224.10,92.91,16.64,48
367488,45936,3831.12,89.78,40.33,48
367488,45936,3890.29,92.05,72.89,48
367488,45936,3260.62,93.82,263.28,48
367488,45936,4072.36,90.58,10.10,48
367488,45936,3541.94,92.81,177.79,48
367488,45936,3748.24,90.52,75.26,48
367488,45936,4164.95,91.29,2.31,48
367488,45936,3850.33,93.25,107.00,48
367872,45984,4185.62,90.93,0.39,48
367872,45984,4160.86,91.24,1.24,48
367872,45984,4174.16,93.17,39.93,48
367872,45984,3963.06,91.25,58.01,48
367872,45984,3891.33,92.79,84.38,48
367872,45984,4048.62,92.92,52.81,48
367872,45984,4248.11,93.33,17.33,48
367872,45984,4172.39,91.34,0.00,48
368256,46032,4062.88,91.25,17.84,48
368256,46032,3991.92,89.36,3.34,48
368256,46032,3516.50,93.70,212.11,48
368256,46032,4113.77,90.30,0.19,48
368256,46032,3960.88,90.48,29.01,48
368256,46032,4172.58,91.06,3.29,48
368256,46032,4117.78,91.01,0.10,48
368256,46032,3279.01,91.05,206.82,48
368640,46080,3980.89,92.63,74.62,48
368640,46080,3685.83,90.32,86.32,48
368640,46080,4061.57,90.79,1.38,48
368640,46080,4179.67,92.75,44.82,48
368640,46080,4244.69,92.96,1.01,48
368640,46080,3797.99,90.86,85.80,48
368640,46080,4217.89,92.86,13.31,48
368640,46080,2358.34,92.10,455.01,48
369024,46128,3530.89,91.33,155.55,48
369024,46128,3749.58,89.81,86.89,48
369024,46128,4141.76,91.32,8.04,48
369024,46128,4106.32,90.53,2.46,48
369024,46128,4154.10,91.01,1.30,48
369024,46128,3835.22,91.05,66.33,48
369024,46128,4083.88,90.61,11.03,48
369024,46128,3183.42,91.50,242.27,48
369408,46176,4178.15,93.44,31.82,48
369408,46176,4084.69,93.08,43.04,48
369408,46176,3361.00,92.88,220.30,48
369408,46176,4164.31,92.73,31.21,48
369408,46176,4174.40,91.64,2.39,48
369408,46176,4166.71,90.91,1.24,48
369408,46176,4212.25,93.07,26.77,48
369408,46176,4255.65,93.01,0.69,48
369792,46224,3535.15,91.41,142.77,48
369792,46224,4290.29,93.32,18.84,48
369792,46224,1496.24,92.48,670.56,48
369792,46224,4043.84,93.66,76.47,48
369792,46224,3990.91,91.50,49.67,48
369792,46224,3911.27,90.24,34.77,48
369792,46224,4179.98,90.96,3.23,48
369792,46224,3665.36,91.46,134.23,48
370176,46272,4136.61,91.46,16.41,48
370176,46272,3955.79,91.81,46.12,48
370176,46272,3627.25,92.72,157.91,48
370176,46272,4310.49,93.58,1.37,48
370176,46272,3843.22,89.57,38.78,48
370176,46272,4223.95,92.61,0.74,48
370176,46272,4005.49,91.30,46.55,48
370176,46272,4265.78,91.85,0.31,48
370560,46320,3681.40,90.62,99.54,48
370560,46320,4135.20,91.57,3.60,48
370560,46320,4172.51,92.42,1.16,48
370560,46320,3700.66,89.28,65.33,48
370560,46320,4120.84,91.85,32.57,48
370560,46320,3975.97,92.24,53.96,48
370560,46320,3353.34,92.05,204.95,48
370560,46320,4221.97,91.71,0.72,48
370944,46368,4116.94,90.84,6.30,48
370944,46368,4221.57,92.74,13.86,48
370944,46368,4351.92,93.74,3.37,48
370944,46368,3808.64,90.46,80.19,48
370944,46368,3761.45,91.49,114.89,48
370944,46368,4321.77,93.35,8.35,48
370944,46368,4087.18,91.95,45.79,48
370944,46368,4134.01,93.18,46.73,48
371328,46416,4116.46,90.69,0.60,48
371328,46416,4271.66,92.82,1.25,48
371328,46416,4219.38,92.70,3.96,48
371328,46416,4041.02,92.82,47.80,48
371328,46416,4052.35,90.90,25.51,48
371328,46416,4358.40,93.70,0.18,48
371328,46416,3667.35,90.09,86.89,48
371328,46416,3887.63,91.25,63.98,48
371712,46464,4250.20,93.71,23.89,48
371712,46464,4243.11,92.29,1.85,48
371712,46464,4295.27,92.70,3.67,48
371712,46464,4340.55,93.41,1.89,48
371712,46464,4048.13,93.91,73.20,48
371712,46464,3680.67,90.97,103.32,48
371712,46464,3420.27,89.59,141.70,48
371712,46464,4218.73,92.09,4.92,48
372096,46512,4199.84,91.91,4.81,48
372096,46512,3335.34,92.15,213.14,48
372096,46512,4240.89,92.55,4.50,48
372096,46512,3989.70,91.33,50.35,48
372096,46512,1403.34,93.23,707.99,48
372096,46512,2565.44,92.87,434.10,48
372096,46512,4115.27,91.36,3.82,48
372096,46512,3748.98,90.61,65.59,48
372480,46560,3858.02,93.25,115.06,48
372480,46560,3930.09,90.80,51.89,48
372480,46560,4184.09,90.88,0.39,48
372480,46560,4139.15,90.83,0.60,48
372480,46560,3977.10,89.34,0.72,48
372480,46560,3973.54,91.96,45.69,48
372480,46560,4001.79,90.86,8.94,48
372480,46560,3818.52,92.00,70.93,48
372864,46608,4065.09,91.40,28.17,48
372864,46608,4029.96,90.00,3.29,48
372864,46608,4243.02,93.20,21.30,48
372864,46608,3785.18,89.33,47.20,48
372864,46608,4098.32,90.47,0.90,48
372864,46608,3956.23,93.12,94.50,48
372864,46608,4297.26,92.91,4.86,48
372864,46608,3421.60,90.52,159.53,48
373248,46656,3853.28,91.88,87.72,48
373248,46656,3501.83,91.81,175.51,48
373248,46656,4300.47,93.46,1.00,48
373248,46656,4168.17,91.59,1.30,48
373248,46656,3906.38,90.58,50.37,48
373248,46656,4253.67,92.72,1.45,48
373248,46656,4144.03,92.11,7.50,48
373248,46656,3207.34,91.05,225.32,48
373632,46704,4272.71,92.98,0.02,48
373632,46704,3914.38,91.35,69.61,48
373632,46704,4286.87,92.47,0.26,48
373632,46704,4147.37,93.18,25.04,48
373632,46704,3579.20,90.92,128.90,48
373632,46704,4099.44,90.80,12.88,48
373632,46704,3894.76,93.22,96.34,48
373632,46704,3819.19,93.54,131.25,48
374016,46752,3875.14,91.18,62.40,48
374016,46752,3603.77,91.07,155.78,48
374016,46752,3474.36,90.59,154.74,48
374016,46752,4078.69,90.42,13.22,48
374016,46752,3984.97,93.74,86.99,48
374016,46752,4110.42,91.80,24.48,48
374016,46752,4276.14,92.70,0.19,48
374016,46752,4164.62,90.69,3.17,48
374400,46800,4214.50,91.39,1.70,48
374400,46800,4222.68,92.78,1.75,48
374400,46800,3442.46,91.23,176.07,48
374400,46800,3697.84,91.55,104.62,48
374400,46800,4291.85,93.32,0.28,48
374400,46800,4080.28,90.33,1.21,48
374400,46800,3619.82,93.64,176.55,48
374400,46800,4136.52,91.35,1.75,48
374784,46848,3815.15,89.80,60.18,48
374784,46848,3525.93,90.49,145.58,48
374784,46848,4025.69,91.76,36.03,48
374784,46848,2346.96,91.05,456.97,48
374784,46848,3968.22,90.80,33.72,48
374784,46848,4249.98,92.73,4.69,48
374784,46848,3814.96,90.17,71.91,48
374784,46848,4107.35,91.04,0.28,48
375168,46896,4209.67,93.77,38.49,48
375168,46896,4012.35,90.86,30.43,48
375168,46896,4140.56,91.12,3.17,48
375168,46896,4126.47,91.32,17.84,48
375168,46896,3372.06,91.05,195.07,48
375168,46896,4196.62,92.32,1.29,48
375168,46896,4037.14,92.30,51.65,48
375168,46896,4308.12,93.25,7.97,48
375552,46944,1693.12,92.36,629.34,48
375552,46944,4296.29,92.98,3.65,48
375552,46944,3212.31,91.58,232.96,48
375552,46944,2389.35,94.17,489.89,48
375552,46944,4149.33,93.00,37.54,48
375552,46944,4311.47,93.61,0.31,48
375552,46944,4190.16,92.51,14.16,48
375552,46944,4218.81,93.51,25.02,48
375936,46992,4041.50,92.55,54.45,48
375936,46992,2531.74,92.91,424.85,48
375936,46992,4197.15,90.90,0.69,48
375936,46992,4250.13,93.79,11.24,48
375936,46992,3985.69,91.04,50.74,48
375936,46992,4218.29,92.26,3.14,48
375936,46992,2477.98,91.59,401.53,48
375936,46992,3818.03,91.95,102.83,48
376320,47040,4085.81,92.75,39.89,48
376320,47040,1789.49,92.96,618.52,48
376320,47040,4327.31,93.25,0.33,48
376320,47040,4159.56,91.88,15.55,48
376320,47040,3757.94,92.39,122.72,48
376320,47040,4114.72,90.29,4.14,48
376320,47040,1603.27,90.80,625.34,48
376320,47040,3914.19,91.22,64.99,48
376704,47088,4138.50,91.19,3.86,48
376704,47088,3512.95,92.98,182.96,48
376704,47088,4098.72,93.46,53.16,48
376704,47088,4267.59,92.75,10.27,48
376704,47088,3243.29,90.97,210.17,48
376704,47088,3548.03,91.61,151.13,48
376704,47088,4194.34,93.27,24.72,48
376704,47088,3910.72,90.71,54.34,48
377088,47136,3844.43,91.49,95.64,48
377088,47136,4023.12,92.43,47.59,48
377088,47136,3391.14,91.28,205.24,48
377088,47136,3730.44,91.53,103.09,48
377088,47136,3143.89,91.75,253.84,48
377088,47136,3781.46,91.82,79.68,48
377088,47136,3921.31,92.53,84.01,48
377088,47136,3953.58,90.76,43.61,48
377472,47184,4001.95,91.50,37.48,48
377472,47184,4078.04,93.75,71.43,48
377472,47184,4106.82,91.14,32.72,48
377472,47184,4201.66,92.50,1.24,48
377472,47184,3527.31,90.72,148.01,48
377472,47184,3938.12,92.07,57.24,48
377472,47184,4113.45,93.47,54.19,48
377472,47184,3912.34,90.46,41.34,48
377856,47232,3798.21,90.37,74.97,48
377856,47232,4271.24,93.44,3.33,48
377856,47232,4300.67,93.23,0.79,48
377856,47232,4023.75,92.03,22.12,48
377856,47232,3970.04,90.86,50.13,48
377856,47232,3909.82,91.08,69.98,48
377856,47232,3656.30,90.55,114.25,48
377856,47232,3643.77,92.99,171.26,48
378240,47280,4109.47,90.64,6.96,48
378240,47280,4083.02,93.17,59.62,48
378240,47280,3536.01,92.66,191.91,48
378240,47280,4242.63,92.77,3.10,48
378240,47280,3925.15,93.34,96.58,48
378240,47280,4180.08,91.70,7.39,48
378240,47280,3404.92,90.93,177.36,48
378240,47280,4289.36,93.14,3.11,48
378624,47328,3420.64,91.89,186.88,48
378624,47328,4026.05,91.72,34.22,48
378624,47328,3389.11,92.23,185.96,48
378624,47328,3813.94,90.28,65.86,48
378624,47328,4228.79,93.28,26.86,48
378624,47328,4223.59,93.61,28.84,48
378624,47328,4156.50,90.96,3.08,48
378624,47328,3160.69,91.53,256.82,48
379008,47376,4022.68,90.36,4.44,48
379008,47376,4055.80,92.90,49.54,48
379008,47376,4131.66,93.15,42.14,48
379008,47376,3456.41,90.09,154.99,48
379008,47376,3861.52,91.53,69.73,48
379008,47376,3783.53,91.15,95.85,48
379008,47376,3615.89,93.51,168.10,48
379008,47376,4299.77,92.79,0.54,48
379392,47424,3462.94,90.62,170.48,48
379392,47424,4255.29,92.73,0.19,48
379392,47424,3423.99,92.48,208.67,48
379392,47424,3886.84,92.74,93.14,48
379392,47424,4254.42,93.48,19.42,48
379392,47424,3883.08,93.10,94.59,48
379392,47424,3654.10,90.42,107.17,48
379392,47424,4112.14,90.10,0.02,48
379776,47472,4148.19,92.43,14.93,48
379776,47472,4230.30,91.90,0.31,48
379776,47472,4188.70,93.25,23.42,48
379776,47472,3850.12,90.57,61.29,48
379776,47472,3981.89,90.43,40.24,48
379776,47472,4008.72,90.50,6.85,48
379776,47472,3997.45,92.73,65.78,48
379776,47472,4018.90,92.49,55.53,48
380160,47520,4285.76,93.28,2.39,48
380160,47520,4231.66,92.02,6.28,48
380160,47520,4283.56,93.38,0.28,48
380160,47520,4247.13,92.56,0.45,48
380160,47520,3129.12,90.16,226.11,48
380160,47520,4301.88,92.30,0.81,48
380160,47520,4318.94,92.96,2.61,48
380160,47520,4254.72,92.24,3.25,48
380544,47568,4098.34,91.33,15.51,48
380544,47568,4081.90,93.13,45.42,48
380544,47568,3746.72,93.37,143.48,48
380544,47568,4290.98,93.26,0.01,48
380544,47568,3482.31,89.45,115.52,48
380544,47568,3364.65,89.41,144.46,48
380544,47568,4039.36,90.26,8.24,48
380544,47568,4238.19,92.95,4.61,48
380928,47616,4145.17,91.29,12.69,48
380928,47616,4107.24,90.82,10.51,48
380928,47616,4249.78,91.53,1.83,48
380928,47616,4198.71,91.00,1.38,48
380928,47616,4223.13,93.83,38.47,48
380928,47616,4083.99,89.95,1.28,48
380928,47616,4115.45,90.43,7.40,48
380928,47616,3812.39,91.25,87.63,48
381312,47664,4141.13,93.50,51.24,48
381312,47664,3986.49,93.10,71.74,48
381312,47664,4205.31,92.41,1.41,48
381312,47664,4176.85,91.22,0.81,48
381312,47664,4138.18,91.65,1.95,48
381312,47664,3723.63,90.98,94.29,48
381312,47664,4211.93,91.74,2.45,48
381312,47664,4019.14,89.88,0.00,48
381696,47712,4322.86,93.17,0.02,48
381696,47712,4239.95,92.67,0.00,48
381696,47712,3928.02,91.73,47.10,48
381696,47712,3966.78,92.49,65.76,48
381696,47712,4323.95,93.92,13.54,48
381696,47712,1601.40,93.08,658.24,48
381696,47712,4135.39,91.15,0.00,48
381696,47712,3295.18,92.09,235.12,48
382080,47760,3336.22,90.22,173.41,48
382080,47760,4197.98,91.73,0.00,48
382080,47760,4213.82,93.73,22.05,48
382080,47760,4152.50,90.82,3.09,48
382080,47760,4228.11,92.63,2.24,48
382080,47760,3720.44,93.22,129.90,48
382080,47760,4148.39,93.16,36.75,48
382080,47760,3871.60,90.64,51.47,48
382464,47808,3668.51,91.75,112.73,48
382464,47808,4172.07,90.60,1.17,48
382464,47808,4310.59,93.17,6.47,48
382464,47808,4187.87,92.89,22.86,48
382464,47808,4071.78,92.82,49.58,48
382464,47808,4027.37,91.54,21.82,48
382464,47808,4225.00,92.86,24.90,48
382464,47808,3899.01,91.60,68.82,48
382848,47856,3921.12,92.82,89.25,48
382848,47856,3543.01,91.30,132.70,48
382848,47856,4124.83,93.22,48.92,48
382848,47856,4164.30,92.23,9.54,48
382848,47856,4263.49,92.75,0.33,48
382848,47856,4147.56,91.92,5.09,48
382848,47856,4089.91,90.27,1.28,48
382848,47856,4117.10,91.50,0.76,48
383232,47904,4315.46,93.33,0.60,48
383232,47904,4328.13,93.37,0.26,48
383232,47904,3889.64,90.34,38.90,48
383232,47904,4323.23,92.76,2.42,48
383232,47904,3971.92,91.02,22.00,48
383232,47904,3942.08,91.43,49.29,48
383232,47904,4116.73,90.77,1.78,48
383232,47904,3758.68,90.19,79.48,48
383616,47952,4197.03,93.05,18.96,48
383616,47952,4042.85,90.52,1.00,48
383616,47952,4171.54,94.08,34.30,48
383616,47952,3933.61,90.62,57.86,48
383616,47952,4261.12,93.06,3.15,48
383616,47952,4022.79,93.01,65.63,48
383616,47952,3760.74,91.15,98.04,48
383616,47952,4083.15,90.72,0.71,48
384000,48000,3576.95,92.30,158.02,48
384000,48000,3975.59,90.59,31.78,48
384000,48000,3972.34,90.41,18.97,48
384000,48000,3997.32,91.33,17.12,48
384000,48000,4186.61,92.37,17.93,48
384000,48000,4073.50,90.58,25.62,48
384000,48000,4145.21,91.33,0.88,48
384000,48000,4066.81,90.52,0.68,48
384384,48048,3626.50,93.65,179.93,48
384384,48048,4056.41,90.40,0.19,48
384384,48048,4084.30,91.84,32.61,48
384384,48048,4085.28,92.24,35.14,48
384384,48048,3515.19,89.52,125.04,48
384384,48048,4022.19,92.95,63.43,48
384384,48048,3535.19,91.07,169.51,48
384384,48048,3746.33,93.17,134.30,48
384768,48096,4090.20,92.69,28.30,48
384768,48096,3643.09,90.75,119.53,48
384768,48096,3806.97,91.07,92.46,48
384768,48096,3672.17,91.08,91.10,48
384768,48096,3744.00,91.18,107.23,48
384768,48096,4194.60,91.85,9.95,48
384768,48096,4168.34,90.30,0.00,48
384768,48096,3997.21,90.19,13.13,48
385152,48144,4081.43,93.67,50.86,48
385152,48144,3321.63,90.84,206.29,48
385152,48144,3717.62,91.64,118.69,48
385152,48144,4197.19,92.79,6.31,48
385152,48144,3671.20,90.05,111.99,48
385152,48144,4288.35,93.02,9.21,48
385152,48144,4082.89,91.47,5.95,48
385152,48144,3867.22,90.64,65.12,48
385536,48192,3995.48,91.17,45.01,48
385536,48192,3847.97,90.54,57.81,48
385536,48192,4227.16,92.40,7.01,48
385536,48192,4160.79,90.55,0.74,48
385536,48192,4148.72,91.62,0.47,48
385536,48192,4050.78,90.26,0.47,48
385536,48192,3394.26,93.54,221.26,48
385536,48192,3510.43,93.23,198.51,48
385920,48240,3270.02,92.83,247.35,48
385920,48240,4300.66,92.63,3.12,48
385920,48240,4094.02,91.61,8.20,48
385920,48240,4165.91,91.68,0.26,48
385920,48240,4275.73,93.11,2.13,48
385920,48240,3965.67,91.90,46.35,48
385920,48240,4186.52,91.19,0.39,48
385920,48240,4248.74,92.82,0.26,48
386304,48288,4160.93,92.27,1.43,48
386304,48288,3779.40,90.77,63.21,48
386304,48288,3184.44,90.98,225.87,48
386304,48288,3648.91,91.57,137.21,48
386304,48288,3488.03,91.68,168.14,48
386304,48288,3864.18,91.01,78.16,48
386304,48288,4138.57,92.18,5.15,48
386304,48288,3148.98,91.71,255.05,48
386688,48336,4329.72,93.28,2.31,48
386688,48336,4109.44,91.47,16.52,48
386688,48336,2471.40,92.28,421.71,48
386688,48336,4276.85,93.40,13.89,48
386688,48336,4008.19,93.06,64.73,48
386688,48336,3816.95,91.00,76.13,48
386688,48336,3988.63,91.65,31.20,48
386688,48336,3333.01,91.70,218.66,48
387072,48384,3522.46,93.48,194.00,48
387072,48384,4205.37,90.96,0.00,48
387072,48384,3250.28,91.56,235.82,48
387072,48384,3882.07,90.41,50.54,48
387072,48384,3842.81,92.73,97.68,48
387072,48384,3934.98,91.43,58.18,48
387072,48384,4123.93,92.05,9.18,48
387072,48384,3813.19,91.15,88.19,48
387456,48432,4033.61,93.22,72.74,48
387456,48432,3680.95,90.16,84.40,48
387456,48432,3906.02,91.08,58.63,48
387456,48432,4210.65,93.83,30.44,48
387456,48432,4035.10,92.80,40.24,48
387456,48432,3814.56,91.32,89.42,48
387456,48432,3475.35,93.57,219.17,48
387456,48432,4257.00,92.91,1.54,48
387840,48480,1355.21,91.75,696.24,48
387840,48480,4246.05,93.22,18.03,48
387840,48480,3413.84,91.97,178.65,48
387840,48480,4329.20,92.92,1.28,48
387840,48480,4209.18,93.06,3.77,48
387840,48480,3794.18,92.98,140.93,48
387840,48480,4141.26,91.33,1.83,48
387840,48480,4244.28,91.74,0.90,48
388224,48528,4190.05,92.41,6.10,48
388224,48528,4149.88,92.19,14.73,48
388224,48528,3699.53,92.53,137.32,48
388224,48528,1916.75,92.66,582.77,48
388224,48528,3964.47,90.71,37.56,48
388224,48528,3289.34,89.80,186.76,48
388224,48528,4079.54,91.38,12.55,48
388224,48528,3989.14,91.57,63.04,48
388608,48576,4266.79,93.03,7.61,48
388608,48576,4227.65,91.50,1.24,48
388608,48576,3962.45,92.74,80.41,48
388608,48576,4136.90,91.98,14.12,48
388608,48576,3429.19,92.07,201.24,48
388608,48576,3490.81,92.51,181.68,48
388608,48576,3850.21,89.82,16.85,48
388608,48576,3600.65,93.15,176.23,48
388992,48624,4104.09,90.66,0.78,48
388992,48624,4165.41,93.40,31.98,48
388992,48624,4271.51,93.29,9.46,48
388992,48624,3269.99,91.47,222.54,48
388992,48624,3862.73,90.41,62.67,48
388992,48624,1635.04,92.53,637.10,48
388992,48624,4106.11,93.55,56.18,48
388992,48624,4210.11,92.58,0.31,48
389376,48672,3221.45,91.27,242.71,48
389376,48672,4133.88,91.36,18.50,48
389376,48672,3925.10,90.41,41.56,48
389376,48672,3955.07,91.43,52.22,48
389376,48672,3623.15,91.88,153.81,48
389376,48672,4177.94,91.95,8.04,48
389376,48672,4221.94,93.16,7.37,48
389376,48672,3873.08,90.36,48.33,48
389760,48720,4242.31,92.14,0.32,48
389760,48720,3372.57,92.44,213.46,48
389760,48720,4149.16,91.71,0.00,48
389760,48720,4158.39,91.75,4.52,48
389760,48720,4061.76,91.12,16.88,48
389760,48720,1710.63,93.04,643.23,48
389760,48720,3774.97,90.27,77.80,48
389760,48720,4135.12,90.55,3.30,48
390144,48768,4053.17,91.46,40.58,48
390144,48768,4148.52,91.75,0.10,48
390144,48768,4202.29,92.29,0.28,48
390144,48768,3945.73,92.82,77.46,48
390144,48768,3956.94,93.58,95.96,48
390144,48768,3808.50,90.48,50.85,48
390144,48768,4150.67,91.43,7.13,48
390144,48768,3884.41,90.62,60.82,48
390528,48816,3935.50,90.86,51.22,48
390528,48816,4086.93,92.14,29.03,48
390528,48816,3470.17,91.54,177.86,48
390528,48816,4369.07,93.75,0.78,48
390528,48816,3670.81,89.92,81.34,48
390528,48816,3989.91,90.65,31.66,48
390528,48816,3981.17,93.35,84.40,48
390528,48816,3611.47,93.11,170.95,48
390912,48864,4004.71,89.62,2.97,48
390912,48864,3839.26,91.39,87.97,48
390912,48864,3698.07,90.56,78.24,48
390912,48864,3325.11,90.68,182.21,48
390912,48864,3454.17,90.12,133.00,48
390912,48864,4251.64,92.62,3.84,48
390912,48864,3832.35,91.47,92.47,48
390912,48864,3809.71,92.47,103.11,48
391296,48912,3997.32,91.63,54.10,48
391296,48912,3915.20,91.12,49.78,48
391296,48912,3420.24,90.75,176.82,48
391296,48912,4208.58,92.78,0.76,48
391296,48912,3677.36,91.79,105.25,48
391296,48912,2516.20,93.38,459.33,48
391296,48912,3637.32,91.81,117.50,48
391296,48912,3920.67,93.36,103.54,48
391680,48960,3938.43,93.46,95.79,48
391680,48960,3137.62,91.78,254.15,48
391680,48960,3922.84,90.44,28.02,48
391680,48960,3946.73,93.37,93.96,48
391680,48960,3841.31,91.96,94.76,48
391680,48960,4002.26,91.15,40.77,48
391680,48960,4177.20,91.40,2.81,48
391680,48960,4019.19,93.76,79.06,48
392064,49008,3934.71,90.83,52.35,48
392064,49008,4075.69,90.23,1.83,48
392064,49008,4170.16,91.39,1.16,48
392064,49008,4228.39,93.51,27.16,48
392064,49008,3887.57,91.39,53.27,48
392064,49008,3375.53,91.07,212.46,48
392064,49008,4321.08,93.19,0.26,48
392064,49008,4114.61,93.20,37.70,48
392448,49056,3433.49,93.58,224.53,48
392448,49056,3692.16,90.21,81.02,48
392448,49056,4267.82,93.12,1.33,48
392448,49056,2437.89,91.19,434.95,48
392448,49056,4149.56,93.16,34.52,48
392448,49056,3735.79,92.86,124.48,48
392448,49056,3675.93,93.06,160.13,48
392448,49056,4256.90,93.23,10.44,48
392832,49104,4070.63,89.88,3.49,48
392832,49104,3534.66,92.58,167.02,48
392832,49104,3812.18,91.60,97.17,48
392832,49104,3706.07,92.57,140.11,48
392832,49104,4079.92,90.87,23.80,48
392832,49104,3984.80,90.65,32.16,48
392832,49104,4039.28,91.88,49.02,48
392832,49104,3964.17,89.28,7.07,48
393216,49152,4174.52,90.83,1.92,48
393216,49152,3986.47,91.59,67.69,48
393216,49152,3530.73,93.80,200.19,48
393216,49152,3964.97,94.13,100.40,48
393216,49152,3971.77,91.37,44.41,48
393216,49152,3194.86,91.29,236.89,48
393216,49152,4235.72,92.98,0.69,48
393216,49152,4252.82,93.67,22.26,48
393600,49200,3364.16,91.74,200.75,48
393600,49200,3643.37,90.02,98.57,48
393600,49200,4159.63,91.64,11.08,48
393600,49200,3330.83,93.85,250.96,48
393600,49200,3270.69,90.67,203.60,48
393600,49200,4147.92,90.95,0.19,48
393600,49200,4287.16,93.16,1.94,48
393600,49200,3440.78,91.88,177.06,48
393984,49248,3953.83,89.86,12.99,48
393984,49248,4268.62,92.44,2.09,48
393984,49248,3436.28,93.35,213.09,48
393984,49248,3451.98,94.06,229.23,48
393984,49248,4218.25,92.10,0.10,48
393984,49248,3556.29,92.95,185.01,48
393984,49248,3828.93,90.65,75.44,48
393984,49248,3954.40,93.22,82.31,48
394368,49296,3714.22,93.81,161.75,48
394368,49296,3705.76,91.51,122.33,48
394368,49296,3985.10,93.19,74.98,48
394368,49296,3718.79,92.66,135.85,48
394368,49296,4111.95,90.81,0.39,48
394368,49296,4147.72,91.12,1.59,48
394368,49296,3794.81,91.50,99.82,48
394368,49296,4245.91,93.37,9.33,48
394752,49344,4226.56,92.95,3.41,48
394752,49344,4164.64,93.42,30.38,48
394752,49344,3385.81,90.83,164.63,48
394752,49344,3829.29,91.18,72.02,48
394752,49344,3881.46,93.34,92.88,48
394752,49344,4111.25,90.85,5.54,48
394752,49344,3680.41,90.88,110.16,48
394752,49344,4112.30,90.92,1.38,48
395136,49392,3665.91,92.54,140.71,48
395136,49392,3820.59,90.58,72.79,48
395136,49392,3292.48,91.61,217.93,48
395136,49392,3542.69,91.12,157.05,48
395136,49392,4117.96,90.97,0.39,48
395136,49392,4013.38,92.59,58.41,48
395136,49392,4148.73,92.76,22.98,48
395136,49392,4008.79,92.26,34.12,48
395520,49440,4129.42,91.44,9.69,48
395520,49440,1602.44,89.86,593.47,48
395520,49440,4126.37,91.57,18.41,48
395520,49440,3816.89,92.07,95.37,48
395520,49440,4129.39,91.29,8.39,48
395520,49440,4216.34,93.89,40.79,48
395520,49440,3870.59,92.70,91.64,48
395520,49440,4193.45,92.10,6.43,48
395904,49488,3300.62,92.20,219.57,48
395904,49488,4181.14,92.17,15.79,48
395904,49488,4140.78,91.57,13.78,48
395904,49488,4104.26,93.44,57.16,48
395904,49488,3413.94,92.24,201.04,48
395904,49488,4037.26,91.96,46.29,48
395904,49488,3905.42,91.89,63.07,48
395904,49488,3961.84,93.27,86.98,48
396288,49536,4131.67,90.91,2.91,48
396288,49536,3794.07,90.20,49.79,48
396288,49536,4169.82,91.75,5.71,48
396288,49536,4171.08,91.25,8.35,48
396288,49536,4237.48,92.31,0.26,48
396288,49536,4334.13,93.15,1.37,48
396288,49536,4172.45,90.80,4.44,48
396288,49536,4069.51,93.13,44.62,48
396672,49584,4235.73,92.82,11.45,48
396672,49584,4152.15,91.07,10.10,48
396672,49584,4141.23,92.88,15.59,48
396672,49584,4120.50,90.43,0.74,48
396672,49584,1491.11,92.79,677.08,48
396672,49584,3683.05,93.40,155.92,48
396672,49584,4063.98,92.98,43.56,48
396672,49584,3869.34,91.32,76.42,48
397056,49632,2419.78,90.97,413.16,48
397056,49632,4071.71,90.13,14.02,48
397056,49632,3348.82,93.03,225.64,48
397056,49632,3320.82,92.72,222.94,48
397056,49632,4082.75,91.51,23.66,48
397056,49632,4170.92,91.69,0.00,48
397056,49632,3636.29,93.82,174.79,48
397056,49632,3332.80,92.10,217.42,48
397440,49680,3952.50,92.62,68.82,48
397440,49680,3937.07,91.12,39.51,48
397440,49680,3497.90,92.77,178.29,48
397440,49680,4138.17,91.93,14.02,48
397440,49680,4201.81,91.83,0.39,48
397440,49680,3402.47,92.25,199.07,48
397440,49680,4162.27,92.20,5.44,48
397440,49680,3625.06,93.16,150.38,48
397824,49728,3430.23,90.95,164.17,48
397824,49728,3924.53,91.18,60.63,48
397824,49728,4314.36,93.41,1.30,48
397824,49728,4150.20,90.84,0.23,48
397824,49728,3875.27,93.91,117.61,48
397824,49728,3764.06,92.11,111.00,48
397824,49728,4211.34,94.36,44.71,48
397824,49728,4236.50,93.47,18.18,48
398208,49776,4146.88,93.04,36.22,48
398208,49776,4197.89,92.76,0.33,48
398208,49776,2210.36,92.48,483.06,48
398208,49776,4218.17,92.74,17.07,48
398208,49776,4098.52,91.05,7.57,48
398208,49776,3290.14,91.33,221.17,48
398208,49776,3928.83,90.80,34.29,48
398208,49776,2206.79,91.01,477.32,48
398592,49824,3539.85,91.32,158.11,48
398592,49824,3583.72,93.48,194.23,48
398592,49824,4133.67,91.49,25.93,48
398592,49824,3222.12,92.56,238.41,48
398592,49824,4190.44,92.03,0.31,48
398592,49824,3772.97,92.34,100.87,48
398592,49824,4099.25,90.98,2.81,48
398592,49824,4292.59,93.38,2.00,48
398976,49872,4176.99,91.68,4.36,48
398976,49872,4078.22,92.38,37.74,48
398976,49872,4160.58,91.95,11.00,48
398976,49872,4137.43,93.27,39.11,48
398976,49872,3619.32,92.89,159.17,48
398976,49872,4200.81,93.07,19.22,48
398976,49872,3284.12,91.58,219.50,48
398976,49872,4131.08,91.43,0.00,48
399360,49920,4198.45,93.40,24.53,48
399360,49920,3404.38,93.18,221.41,48
399360,49920,4145.46,91.39,5.08,48
399360,49920,4198.73,92.66,5.75,48
399360,49920,4033.63,92.56,53.88,48
399360,49920,1503.01,90.94,647.52,48
399360,49920,4345.29,93.57,1.00,48
399360,49920,4115.99,91.75,0.81,48
399744,49968,3873.29,91.88,56.32,48
399744,49968,4124.44,90.82,0.10,48
399744,49968,3317.58,91.62,195.57,48
399744,49968,4094.60,90.09,1.34,48
399744,49968,3880.43,91.12,68.93,48
399744,49968,3905.74,90.97,66.43,48
399744,49968,4062.47,91.80,13.16,48
399744,49968,4006.28,90.52,25.78,48
400128,50016,4108.15,93.09,44.91,48
400128,50016,3303.83,93.30,244.10,48
400128,50016,1393.68,92.92,697.73,48
400128,50016,3894.42,91.67,67.46,48
400128,50016,3180.00,92.99,252.26,48
400128,50016,3692.33,93.24,153.90,48
400128,50016,3340.15,92.45,221.27,48
400128,50016,3691.07,93.13,149.55,48
400512,50064,3910.03,91.22,41.55,48
400512,50064,3496.64,92.33,188.76,48
400512,50064,4158.78,92.86,38.35,48
400512,50064,3976.15,90.15,13.73,48
400512,50064,3481.46,91.09,158.94,48
400512,50064,4101.52,90.57,13.44,48
400512,50064,3551.66,92.83,165.95,48
400512,50064,3745.31,90.24,74.18,48
400896,50112,4205.07,92.98,10.28,48
400896,50112,4150.14,93.37,39.99,48
400896,50112,3966.54,90.59,29.86,48
400896,50112,3917.38,91.25,75.13,48
400896,50112,4188.21,92.57,0.02,48
400896,50112,4316.26,93.54,0.39,48
400896,50112,4084.31,92.74,39.47,48
400896,50112,3697.69,90.65,91.61,48
401280,50160,4219.81,93.35,10.10,48
401280,50160,4204.27,93.47,36.07,48
401280,50160,3525.81,92.65,160.59,48
401280,50160,3530.95,91.46,165.16,48
401280,50160,4261.80,93.41,16.19,48
401280,50160,4089.14,90.02,2.74,48
401280,50160,3792.63,92.81,116.43,48
401280,50160,2447.57,93.54,467.58,48
401664,50208,4207.47,93.27,20.60,48
401664,50208,3501.27,93.05,200.15,48
401664,50208,3902.96,91.65,65.42,48
401664,50208,4034.62,93.65,65.28,48
401664,50208,3819.73,90.34,59.21,48
401664,50208,2582.67,93.25,424.38,48
401664,50208,3878.68,93.60,113.68,48
401664,50208,3700.95,91.72,120.33,48
402048,50256,3550.35,93.56,190.79,48
402048,50256,4110.69,92.40,26.77,48
402048,50256,4177.30,92.24,7.47,48
402048,50256,4064.87,90.01,0.68,48
402048,50256,3652.07,92.71,135.89,48
402048,50256,4095.35,92.05,29.88,48
402048,50256,3183.64,94.22,290.82,48
402048,50256,4104.06,93.41,38.13,48
402432,50304,3593.30,92.64,147.23,48
402432,50304,4231.84,91.88,2.16,48
402432,50304,4351.92,94.13,5.62,48
402432,50304,3451.74,93.24,227.11,48
402432,50304,4256.75,92.47,3.67,48
402432,50304,4054.27,90.81,4.00,48
402432,50304,3722.41,90.28,70.17,48
402432,50304,4082.03,90.09,2.01,48
402816,50352,3954.73,90.95,46.78,48
402816,50352,4220.97,92.09,4.00,48
402816,50352,4162.00,91.68,4.54,48
402816,50352,4053.98,90.98,2.39,48
402816,50352,2564.72,92.95,422.26,48
402816,50352,4053.17,92.91,59.28,48
402816,50352,4159.31,91.89,0.26,48
402816,50352,4056.25,91.64,13.57,48
403200,50400,4075.71,91.71,8.86,48
403200,50400,3961.35,90.90,27.44,48
403200,50400,4220.99,93.15,14.68,48
403200,50400,4068.21,90.60,0.43,48
403200,50400,4034.02,91.29,3.79,48
403200,50400,3222.22,89.74,199.45,48
403200,50400,3883.45,91.12,52.37,48
403200,50400,4285.06,93.09,5.34,48
403584,50448,4148.24,91.13,0.83,48
403584,50448,3907.52,93.09,90.72,48
403584,50448,3487.17,93.47,219.73,48
403584,50448,4211.66,92.92,7.89,48
403584,50448,3901.12,90.81,41.33,48
403584,50448,3870.21,90.81,55.45,48
403584,50448,4153.19,93.31,41.54,48
403584,50448,3601.82,92.62,159.18,48
403968,50496,3893.00,90.52,32.90,48
403968,50496,4265.22,93.40,9.37,48
403968,50496,4210.97,93.08,29.28,48
403968,50496,4087.41,91.69,12.98,48
403968,50496,4182.47,92.27,0.28,48
403968,50496,3812.65,89.92,52.73,48
403968,50496,4248.58,93.33,14.54,48
403968,50496,3267.29,91.43,224.67,48
404352,50544,1578.53,93.20,670.97,48
404352,50544,4081.94,93.19,48.60,48
404352,50544,3348.35,93.48,239.49,48
404352,50544,3798.64,94.11,136.63,48
404352,50544,4280.90,92.94,1.54,48
404352,50544,3937.01,92.62,77.53,48
404352,50544,4107.16,91.53,0.19,48
404352,50544,3402.57,90.58,192.53,48
404736,50592,4141.22,90.86,0.47,48
404736,50592,4195.74,92.37,7.84,48
404736,50592,4097.97,91.46,30.82,48
404736,50592,3231.98,89.24,179.16,48
404736,50592,4228.86,92.14,1.29,48
404736,50592,3865.19,90.90,56.47,48
404736,50592,3748.07,92.69,136.07,48
404736,50592,3622.69,90.15,121.11,48
405120,50640,4210.08,91.32,1.30,48
405120,50640,4083.63,93.33,59.01,48
405120,50640,3736.90,93.30,146.07,48
405120,50640,4205.53,91.67,1.83,48
405120,50640,4286.73,92.89,0.10,48
405120,50640,3797.49,93.13,121.32,48
405120,50640,3697.44,92.75,132.20,48
405120,50640,4285.20,93.54,10.08,48
405504,50688,4322.21,93.11,2.95,48
405504,50688,4110.13,92.09,0.02,48
405504,50688,3835.07,93.58,123.48,48
405504,50688,3888.82,92.44,85.45,48
405504,50688,4201.83,91.61,4.26,48
405504,50688,3936.95,91.32,68.82,48
405504,50688,3335.53,91.43,205.69,48
405504,50688,3442.05,92.11,187.78,48
405888,50736,3918.60,91.55,51.64,48
405888,50736,4032.21,90.08,2.61,48
405888,50736,4157.80,91.58,3.50,48
405888,50736,1743.43,93.37,644.88,48
405888,50736,1250.66,91.96,714.71,48
405888,50736,3647.24,91.82,136.45,48
405888,50736,4034.08,91.75,42.17,48
405888,50736,3380.53,91.46,194.59,48
406272,50784,2274.71,92.20,474.21,48
406272,50784,4082.43,91.33,25.60,48
406272,50784,3403.61,89.92,159.01,48
406272,50784,3955.39,92.74,85.09,48
406272,50784,3898.28,91.56,81.46,48
406272,50784,4245.02,93.18,16.62,48
406272,50784,4231.63,91.85,1.43,48
406272,50784,3966.29,91.76,50.47,48
406656,50832,4118.41,90.98,2.53,48
406656,50832,4079.11,91.41,12.32,48
406656,50832,4186.47,92.60,14.44,48
406656,50832,4285.71,92.68,4.40,48
406656,50832,3810.97,91.50,88.13,48
406656,50832,2066.04,90.50,487.10,48
406656,50832,3938.52,93.20,94.11,48
406656,50832,4265.21,92.94,4.45,48
407040,50880,3942.25,90.69,58.33,48
407040,50880,3964.66,90.98,51.80,48
407040,50880,4136.75,93.32,41.56,48
407040,50880,3998.93,92.55,56.21,48
407040,50880,4069.13,92.47,45.30,48
407040,50880,3854.03,91.29,62.70,48
407040,50880,3250.77,92.29,220.62,48
407040,50880,4080.53,93.77,71.44,48
407424,50928,4174.56,91.30,5.13,48
407424,50928,3264.71,90.55,192.30,48
407424,50928,4270.43,92.55,4.00,48
407424,50928,3404.67,92.66,210.61,48
407424,50928,1432.79,91.37,669.44,48
407424,50928,3557.57,93.59,177.71,48
407424,50928,3256.19,91.86,235.53,48
407424,50928,4268.75,93.21,0.00,48
407808,50976,4309.20,93.21,1.61,48
407808,50976,4242.13,93.64,22.85,48
407808,50976,4027.96,93.83,89.87,48
407808,50976,3270.37,91.08,225.32,48
407808,50976,3715.82,91.28,110.41,48
407808,50976,3770.06,91.97,94.15,48
407808,50976,3923.13,91.46,66.53,48
407808,50976,4172.23,91.19,3.39,48
408192,51024,2294.83,92.89,479.07,48
408192,51024,4200.04,91.68,2.68,48
408192,51024,3986.09,93.12,80.83,48
408192,51024,2358.24,90.28,438.06,48
408192,51024,4114.07,91.19,3.10,48
408192,51024,3892.11,92.26,82.14,48
408192,51024,3883.91,93.31,100.33,48
408192,51024,4201.86,92.85,9.43,48
408576,51072,4146.95,91.48,0.60,48
408576,51072,4072.25,90.41,0.84,48
408576,51072,3933.44,93.53,98.58,48
408576,51072,1688.00,92.41,628.95,48
408576,51072,4342.36,92.95,0.61,48
408576,51072,4021.47,91.36,36.56,48
408576,51072,3566.91,91.54,144.75,48
408576,51072,4104.08,89.73,12.66,48
408960,51120,4215.09,92.30,0.83,48
408960,51120,4349.47,93.75,3.29,48
408960,51120,4141.93,91.34,0.35,48
408960,51120,4259.55,93.51,7.57,48
408960,51120,4241.18,91.84,2.36,48
408960,51120,4214.35,92.44,0.33,48
408960,51120,4135.33,93.77,52.05,48
408960,51120,4333.50,93.57,0.32,48
409344,51168,4185.52,91.95,1.24,48
409344,51168,4187.08,92.55,12.92,48
409344,51168,3408.62,90.93,194.71,48
409344,51168,3953.16,93.05,68.46,48
409344,51168,4326.59,94.14,15.42,48
409344,51168,3807.82,93.25,134.41,48
409344,51168,2337.46,90.96,448.30,48
409344,51168,3537.56,91.08,138.10,48
409728,51216,4083.68,92.80,48.48,48
409728,51216,3606.67,93.72,187.92,48
409728,51216,4104.67,91.58,3.67,48
409728,51216,4205.86,92.95,14.71,48
409728,51216,2455.54,93.09,459.47,48
409728,51216,3551.06,91.08,135.45,48
409728,51216,4040.99,91.40,33.80,48
409728,51216,4087.66,91.30,5.75,48
410112,51264,4298.51,93.26,0.81,48
410112,51264,4330.72,93.85,0.02,48
410112,51264,4236.41,92.07,1.34,48
410112,51264,3819.60,90.76,55.23,48
410112,51264,3963.99,91.51,60.45,48
410112,51264,3799.96,91.68,88.35,48
410112,51264,3729.38,93.85,146.02,48
410112,51264,3771.70,93.16,123.83,48
410496,51312,4146.63,91.08,3.39,48
410496,51312,3335.46,93.09,228.71,48
410496,51312,3992.73,90.42,0.26,48
410496,51312,3461.77,93.68,221.97,48
410496,51312,4156.89,91.23,0.43,48
410496,51312,4283.03,93.79,14.30,48
410496,51312,4079.04,92.50,35.22,48
410496,51312,4087.10,91.40,0.05,48
410880,51360,3943.19,91.00,40.16,48
410880,51360,4215.12,92.96,3.72,48
410880,51360,3480.05,92.70,190.10,48
410880,51360,3675.68,91.19,93.83,48
410880,51360,3617.66,92.49,145.91,48
410880,51360,4220.51,93.17,14.43,48
410880,51360,3393.21,90.59,152.00,48
410880,51360,4286.52,93.38,0.19,48
411264,51408,3908.83,90.81,55.71,48
411264,51408,4324.70,93.63,0.71,48
411264,51408,2601.25,92.73,416.84,48
411264,51408,4270.80,93.31,4.78,48
411264,51408,4168.23,93.17,35.52,48
411264,51408,4142.17,91.34,5.31,48
411264,51408,3177.17,91.51,236.76,48
411264,51408,4124.36,90.56,1.38,48
411648,51456,3751.02,91.06,91.09,48
411648,51456,4028.91,91.22,16.08,48
411648,51456,3921.21,92.45,71.18,48
411648,51456,3350.10,92.61,224.54,48
411648,51456,4278.52,92.60,0.18,48
411648,51456,3816.93,91.98,77.79,48
411648,51456,3702.34,91.46,126.00,48
411648,51456,3783.47,90.95,73.24,48
412032,51504,4356.13,93.73,4.31,48
412032,51504,3861.92,93.09,106.76,48
412032,51504,4336.12,93.43,1.23,48
412032,51504,4191.07,92.60,2.28,48
412032,51504,4029.63,90.44,3.41,48
412032,51504,3923.16,90.49,48.90,48
412032,51504,3695.95,91.97,136.72,48
412032,51504,3952.83,89.91,21.79,48
412416,51552,4220.54,93.15,0.65,48
412416,51552,3407.66,91.27,181.21,48
412416,51552,4061.27,91.44,24.92,48
412416,51552,3796.13,92.28,109.06,48
412416,51552,4069.10,91.39,29.89,48
412416,51552,4142.13,91.92,0.32,48
412416,51552,3397.61,90.32,175.73,48
412416,51552,3503.54,91.57,170.65,48
412800,51600,3871.95,91.99,95.89,48
412800,51600,3567.80,91.05,124.61,48
412800,51600,4071.69,90.48,16.97,48
412800,51600,2518.25,93.64,449.58,48
412800,51600,4217.65,92.53,2.96,48
412800,51600,3298.22,90.65,187.94,48
412800,51600,4288.66,92.62,1.61,48
412800,51600,4252.21,93.22,2.97,48
413184,51648,3863.07,93.85,110.09,48
413184,51648,4071.92,91.22,8.45,48
413184,51648,4153.73,93.24,37.97,48
413184,51648,1545.67,93.45,677.56,48
413184,51648,4134.28,93.30,46.79,48
413184,51648,4228.64,93.00,7.51,48
413184,51648,4084.04,91.67,15.09,48
413184,51648,4145.32,91.09,0.98,48
413568,51696,4101.73,91.96,13.50,48
413568,51696,3645.74,92.63,137.20,48
413568,51696,3520.17,92.34,176.74,48
413568,51696,4217.57,90.93,0.81,48
413568,51696,4074.16,90.23,2.39,48
413568,51696,3712.04,93.48,147.89,48
413568,51696,3853.89,92.93,111.47,48
413568,51696,4027.42,90.79,17.23,48
413952,51744,4226.04,92.31,6.68,48
413952,51744,4117.18,92.96,41.87,48
413952,51744,4097.27,92.44,26.30,48
413952,51744,4238.23,92.58,0.79,48
413952,51744,3444.80,93.24,221.45,48
413952,51744,4164.72,92.33,1.13,48
413952,51744,3620.86,90.51,130.15,48
413952,51744,1487.92,93.61,709.42,48
414336,51792,4098.69,93.29,32.61,48
414336,51792,4265.64,93.48,3.50,48
414336,51792,4069.22,90.98,3.15,48
414336,51792,3544.21,93.05,166.85,48
414336,51792,4166.74,90.94,0.81,48
414336,51792,3289.45,92.07,219.69,48
414336,51792,3920.10,92.12,77.96,48
414336,51792,4300.13,93.34,1.24,48
414720,51840,4144.48,94.10,57.97,48
414720,51840,4138.12,93.06,37.11,48
414720,51840,3412.86,91.16,176.21,48
414720,51840,3991.55,93.89,85.59,48
414720,51840,3824.35,91.69,79.20,48
414720,51840,4197.35,92.99,28.69,48
414720,51840,4337.07,93.57,5.65,48
414720,51840,4114.74,90.67,3.07,48
415104,51888,4020.09,89.77,7.69,48
415104,51888,3494.10,90.05,135.48,48
415104,51888,4062.54,90.94,7.54,48
415104,51888,3767.49,93.11,123.08,48
415104,51888,3434.98,92.06,177.16,48
415104,51888,4081.25,91.40,15.97,48
415104,51888,3634.10,93.40,173.85,48
415104,51888,4111.52,92.69,41.22,48
415488,51936,3911.61,92.45,69.54,48
415488,51936,2968.14,94.46,342.14,48
415488,51936,3936.20,91.82,55.32,48
415488,51936,4208.51,91.61,0.72,48
415488,51936,3959.76,90.11,3.10,48
415488,51936,3873.94,90.99,49.08,48
415488,51936,4188.16,92.78,12.62,48
415488,51936,3876.30,91.02,67.46,48
415872,51984,3747.53,92.91,127.10,48
415872,51984,3984.55,92.98,63.94,48
415872,51984,3735.68,92.95,123.06,48
415872,51984,4064.51,93.43,54.93,48
415872,51984,3103.39,92.78,288.17,48
415872,51984,4251.80,92.96,0.79,48
415872,51984,4130.33,91.29,3.15,48
415872,51984,4022.89,93.67,82.29,48
416256,52032,3967.59,92.92,78.73,48
416256,52032,3961.73,91.33,41.61,48
416256,52032,3933.07,91.78,57.59,48
416256,52032,3979.98,90.48,1.08,48
416256,52032,4119.74,90.76,1.59,48
416256,52032,4005.74,91.49,47.33,48
416256,52032,4170.21,92.74,17.09,48
416256,52032,4034.22,91.76,33.14,48
416640,52080,4012.77,93.34,80.21,48
416640,52080,4035.75,91.09,22.18,48
416640,52080,3897.04,91.61,63.58,48
416640,52080,4244.01,92.73,7.84,48
416640,52080,3192.57,91.33,246.11,48
416640,52080,4171.41,92.42,6.07,48
416640,52080,3931.49,90.33,34.67,48
416640,52080,3810.12,91.41,81.26,48
417024,52128,3943.07,91.58,52.64,48
417024,52128,3974.07,93.29,79.72,48
417024,52128,4169.89,90.94,0.47,48
417024,52128,4096.95,91.75,16.85,48
417024,52128,4097.68,92.55,29.41,48
417024,52128,4133.14,92.69,25.60,48
417024,52128,3997.11,91.30,39.28,48
417024,52128,3621.14,92.66,145.67,48
417408,52176,4268.69,93.55,13.26,48
417408,52176,3608.23,93.96,186.22,48
417408,52176,4140.44,91.53,0.33,48
417408,52176,4156.85,92.56,18.18,48
417408,52176,3815.69,91.97,105.34,48
417408,52176,1337.77,91.64,704.77,48
417408,52176,3252.67,92.42,237.96,48
417408,52176,4194.08,94.00,38.98,48
417792,52224,3254.26,90.73,213.48,48
417792,52224,4189.95,93.64,34.32,48
417792,52224,3463.49,91.43,154.89,48
417792,52224,3984.43,91.12,24.59,48
417792,52224,3727.59,91.79,103.91,48
417792,52224,3982.76,91.54,46.15,48
417792,52224,2552.98,90.87,397.49,48
417792,52224,4315.47,93.70,7.60,48
418176,52272,4067.44,90.38,22.34,48
418176,52272,4056.15,90.69,9.15,48
418176,52272,3739.47,90.61,78.36,48
418176,52272,2714.85,92.89,388.24,48
418176,52272,3910.73,90.80,43.13,48
418176,52272,3363.65,91.65,202.28,48
418176,52272,3843.47,92.24,100.72,48
418176,52272,3643.73,91.29,110.21,48
418560,52320,1379.12,91.05,677.25,48
418560,52320,3821.35,92.24,93.12,48
418560,52320,3535.12,90.82,149.97,48
418560,52320,4059.47,90.95,17.92,48
418560,52320,4109.12,90.75,17.63,48
418560,52320,4096.56,93.03,41.75,48
418560,52320,4034.52,90.89,12.78,48
418560,52320,3784.15,90.53,72.53,48
418944,52368,3575.51,93.12,170.53,48
418944,52368,4000.72,90.64,20.43,48
418944,52368,4072.78,90.65,7.87,48
418944,52368,3514.73,91.19,162.60,48
418944,52368,4091.57,90.16,0.56,48
418944,52368,3823.68,90.30,43.99,48
418944,52368,4322.66,93.43,1.63,48
418944,52368,4138.77,93.13,39.68,48
419328,52416,3840.01,92.07,92.34,48
419328,52416,3987.14,90.94,14.59,48
419328,52416,4188.90,91.96,0.68,48
419328,52416,3852.79,90.10,42.48,48
419328,52416,4008.09,90.62,20.15,48
419328,52416,4084.47,92.62,38.27,48
419328,52416,3810.38,89.43,59.53,48
419328,52416,4185.52,91.40,0.26,48
419712,52464,4162.12,92.01,0.39,48
419712,52464,4237.88,91.64,0.47,48
419712,52464,4167.16,92.82,20.51,48
419712,52464,3662.02,92.53,135.95,48
419712,52464,4074.96,92.82,32.25,48
419712,52464,3746.42,92.10,104.19,48
419712,52464,3828.45,92.37,90.51,48
419712,52464,4373.35,94.00,0.72,48
420096,52512,3969.91,92.35,49.38,48
420096,52512,4043.46,92.98,59.88,48
420096,52512,4200.54,92.40,0.01,48
420096,52512,4213.01,91.64,3.17,48
420096,52512,4121.71,92.95,39.06,48
420096,52512,4328.36,93.35,1.14,48
420096,52512,4274.10,93.21,2.76,48
420096,52512,4061.61,92.83,36.91,48
420480,52560,3991.22,93.60,81.82,48
420480,52560,4134.96,92.03,18.63,48
420480,52560,3551.86,91.15,143.66,48
420480,52560,2323.49,92.61,474.53,48
420480,52560,4124.89,92.27,25.06,48
420480,52560,4168.80,90.72,6.94,48
420480,52560,4111.37,93.51,58.50,48
420480,52560,4018.42,91.71,50.27,48
420864,52608,4044.13,93.05,52.77,48
420864,52608,4123.52,90.59,0.81,48
420864,52608,4112.18,90.59,1.21,48
420864,52608,1726.19,91.79,593.07,48
420864,52608,4063.02,93.11,65.84,48
420864,52608,3682.04,92.66,147.88,48
420864,52608,4249.99,93.02,4.89,48
420864,52608,4311.18,93.61,4.95,48
421248,52656,4118.85,92.00,14.96,48
421248,52656,1528.47,92.23,642.33,48
421248,52656,4130.84,93.24,35.11,48
421248,52656,4318.28,93.93,1.24,48
421248,52656,3695.31,93.78,156.09,48
421248,52656,3757.75,93.35,135.65,48
421248,52656,4189.45,92.54,6.10,48
421248,52656,4125.12,91.79,10.98,48
421632,52704,3942.16,90.85,37.22,48
421632,52704,3581.71,92.88,164.18,48
421632,52704,4201.42,92.73,0.72,48
421632,52704,4155.85,91.64,8.01,48
421632,52704,4156.86,90.69,1.52,48
421632,52704,4239.49,92.79,1.21,48
421632,52704,3261.55,91.71,225.67,48
421632,52704,3931.15,92.82,85.01,48
422016,52752,4015.61,91.32,37.73,48
422016,52752,4138.54,93.42,30.20,48
422016,52752,4010.62,89.88,0.83,48
422016,52752,4207.38,92.66,0.00,48
422016,52752,3850.99,92.43,83.50,48
422016,52752,4168.60,92.80,18.54,48
422016,52752,3932.05,92.00,71.62,48
422016,52752,3525.56,92.79,185.30,48
422400,52800,4285.10,92.89,1.28,48
422400,52800,3285.14,92.85,229.49,48
422400,52800,4143.65,92.79,32.06,48
422400,52800,3899.27,92.84,93.56,48
422400,52800,4010.83,91.74,38.86,48
422400,52800,3615.49,94.33,186.13,48
422400,52800,3874.67,90.09,39.79,48
422400,52800,4088.41,90.63,0.31,48
422784,52848,4261.27,92.62,9.17,48
422784,52848,4314.80,93.14,1.24,48
422784,52848,3803.83,92.06,98.75,48
422784,52848,4255.97,93.20,19.65,48
422784,52848,3960.25,93.14,67.91,48
422784,52848,4292.69,92.95,0.26,48
422784,52848,4190.00,93.46,25.05,48
422784,52848,4268.41,93.50,8.20,48
423168,52896,4037.16,90.98,27.96,48
423168,52896,3110.21,91.63,259.09,48
423168,52896,3627.56,92.28,139.84,48
423168,52896,4312.58,92.99,0.81,48
423168,52896,3806.17,93.57,137.21,48
423168,52896,4152.07,91.23,0.68,48
423168,52896,4373.67,94.03,0.88,48
423168,52896,3902.62,93.32,98.43,48
423552,52944,3826.25,91.22,70.48,48
423552,52944,4020.89,90.44,12.03,48
423552,52944,4318.53,93.82,4.74,48
423552,52944,4092.16,92.62,42.41,48
423552,52944,3742.63,93.44,146.81,48
423552,52944,4166.64,92.47,1.16,48
423552,52944,3985.47,93.10,52.99,48
423552,52944,4179.29,91.78,2.74,48
423936,52992,3200.92,93.24,270.49,48
423936,52992,4209.75,91.53,1.28,48
423936,52992,3643.37,90.56,121.62,48
423936,52992,3583.26,90.87,114.98,48
423936,52992,4160.80,92.92,16.93,48
423936,52992,4072.02,90.47,1.24,48
423936,52992,3791.12,91.03,79.77,48
423936,52992,4263.47,93.26,9.96,48
424320,53040,3774.15,90.52,85.43,48
424320,53040,4216.28,91.90,2.33,48
424320,53040,4083.17,90.39,8.13,48
424320,53040,3845.67,91.53,76.27,48
424320,53040,4027.29,90.79,0.26,48
424320,53040,4181.12,93.13,7.21,48
424320,53040,4099.58,90.88,4.51,48
424320,53040,1443.61,91.39,661.93,48
424704,53088,4197.76,91.65,0.32,48
424704,53088,3716.59,92.77,135.14,48
424704,53088,4052.70,90.59,4.72,48
424704,53088,3981.63,91.09,20.15,48
424704,53088,3245.45,92.23,224.25,48
424704,53088,3552.01,91.80,146.67,48
424704,53088,3925.88,90.71,33.72,48
424704,53088,3843.34,91.00,73.56,48
425088,53136,3795.13,90.90,80.21,48
425088,53136,4112.49,91.25,0.28,48
425088,53136,3535.12,90.66,148.90,48
425088,53136,4041.40,90.13,11.07,48
425088,53136,4221.69,92.10,0.39,48
425088,53136,3691.93,93.64,160.09,48
425088,53136,4068.99,91.57,8.24,48
425088,53136,3569.06,90.98,147.61,48
425472,53184,4123.67,90.56,1.52,48
425472,53184,4309.39,93.37,0.18,48
425472,53184,4336.68,93.02,0.00,48
425472,53184,3825.65,91.25,91.62,48
425472,53184,4155.19,93.39,28.07,48
425472,53184,4200.12,91.21,0.71,48
425472,53184,4029.48,90.70,21.22,48
425472,53184,3215.10,91.47,226.96,48
425856,53232,4208.65,92.18,5.31,48
425856,53232,3891.64,90.38,31.37,48
425856,53232,4067.73,92.76,49.75,48
425856,53232,4112.88,91.11,0.02,48
425856,53232,4144.77,93.14,35.50,48
425856,53232,3386.86,92.89,209.92,48
425856,53232,4072.65,90.71,4.00,48
425856,53232,4075.39,90.79,0.74,48
426240,53280,4097.82,91.04,14.27,48
426240,53280,3917.05,91.93,75.65,48
426240,53280,3649.15,92.86,156.88,48
426240,53280,4174.86,91.68,0.10,48
426240,53280,4236.65,92.96,5.08,48
426240,53280,1595.31,91.75,647.67,48
426240,53280,4203.55,93.23,8.00,48
426240,53280,3460.14,92.31,179.74,48
426624,53328,4063.11,90.79,26.46,48
426624,53328,4105.21,91.60,13.85,48
426624,53328,4072.31,92.43,32.47,48
426624,53328,3409.10,91.25,196.18,48
426624,53328,4293.00,92.50,0.10,48
426624,53328,4126.85,91.12,5.53,48
426624,53328,4012.20,91.54,45.59,48
426624,53328,4183.91,92.47,9.35,48
427008,53376,3836.90,91.22,83.27,48
427008,53376,4082.65,90.30,3.78,48
427008,53376,3785.85,92.05,97.81,48
427008,53376,4205.50,92.63,15.83,48
427008,53376,3837.05,93.01,107.60,48
427008,53376,4028.29,92.11,30.05,48
427008,53376,2305.24,90.56,452.73,48
427008,53376,3713.28,90.41,113.53,48
427392,53424,3167.05,90.16,199.70,48
427392,53424,3623.73,92.50,151.93,48
427392,53424,4258.80,93.34,23.41,48
427392,53424,4105.95,90.67,0.02,48
427392,53424,4180.68,90.69,0.69,48
427392,53424,4272.13,92.66,6.76,48
427392,53424,3918.90,90.86,61.22,48
427392,53424,3799.15,92.73,121.26,48
427776,53472,4051.52,90.26,2.15,48
427776,53472,4151.80,91.43,2.28,48
427776,53472,4349.77,93.47,2.65,48
427776,53472,3168.27,90.49,232.95,48
427776,53472,4159.46,91.75,3.16,48
427776,53472,3657.03,90.47,127.28,48
427776,53472,3547.59,93.53,189.46,48
427776,53472,4225.90,92.72,2.26,48
428160,53520,4274.84,93.28,15.34,48
428160,53520,3601.84,92.83,172.78,48
428160,53520,3488.05,91.16,160.24,48
428160,53520,3978.70,91.15,38.56,48
428160,53520,3578.55,92.59,156.03,48
428160,53520,4042.60,92.49,58.81,48
428160,53520,4078.58,92.31,40.84,48
428160,53520,4148.85,91.79,1.38,48
428544,53568,3807.08,90.89,86.30,48
428544,53568,4183.72,91.26,0.26,48
428544,53568,4241.14,92.01,1.16,48
428544,53568,3938.18,92.72,73.85,48
428544,53568,3874.01,90.31,53.37,48
428544,53568,4258.25,92.85,2.41,48
428544,53568,4132.91,91.23,0.68,48
428544,53568,4206.42,92.57,0.43,48
428928,53616,4084.53,92.78,46.88,48
428928,53616,4078.75,93.21,48.05,48
428928,53616,3971.99,91.14,53.30,48
428928,53616,4170.64,92.49,14.37,48
428928,53616,4119.49,92.11,22.75,48
428928,53616,3231.89,90.34,208.16,48
428928,53616,3648.34,91.60,137.64,48
428928,53616,3635.35,89.56,120.89,48
429312,53664,4177.23,91.01,0.88,48
429312,53664,4239.06,92.60,2.08,48
429312,53664,4198.82,91.04,1.66,48
429312,53664,4046.71,91.47,28.63,48
429312,53664,3974.00,93.86,95.21,48
429312,53664,3619.02,92.64,163.92,48
429312,53664,3730.52,89.88,76.79,48
429312,53664,3837.57,90.00,50.32,48
429696,53712,3968.73,92.84,72.80,48
429696,53712,3888.34,93.47,110.25,48
429696,53712,4062.28,90.57,8.65,48
429696,53712,4238.62,93.87,26.53,48
429696,53712,3362.92,91.97,185.82,48
429696,53712,4227.78,92.84,7.64,48
429696,53712,4350.88,93.83,3.73,48
429696,53712,4077.30,92.47,44.49,48
430080,53760,3783.02,90.04,66.74,48
430080,53760,4061.06,92.87,59.24,48
430080,53760,3302.07,90.59,211.13,48
430080,53760,4209.46,92.77,13.05,48
430080,53760,4319.59,93.32,3.35,48
430080,53760,4097.23,90.94,7.01,48
430080,53760,3384.36,91.37,197.18,48
430080,53760,4180.58,92.38,1.43,48
430464,53808,4155.91,90.32,0.60,48
430464,53808,4202.42,93.25,18.71,48
430464,53808,4357.50,93.21,3.84,48
430464,53808,4287.24,92.66,0.19,48
430464,53808,4320.11,93.37,0.62,48
430464,53808,4199.66,92.06,2.35,48
430464,53808,4124.61,92.08,43.65,48
430464,53808,3494.29,91.66,163.08,48
430848,53856,4243.61,91.95,0.81,48
430848,53856,4275.22,93.29,0.28,48
430848,53856,4096.04,91.78,36.99,48
430848,53856,4065.30,92.46,33.40,48
430848,53856,4275.78,93.02,9.15,48
430848,53856,4285.90,92.81,0.28,48
430848,53856,4072.15,91.64,25.90,48
430848,53856,4031.64,92.98,56.04,48
431232,53904,3233.21,93.19,257.64,48
431232,53904,3386.51,90.15,157.55,48
431232,53904,4101.80,92.47,41.77,48
431232,53904,3496.22,91.85,180.43,48
431232,53904,4125.59,90.69,2.41,48
431232,53904,4070.56,89.73,0.74,48
431232,53904,4313.85,93.36,0.69,48
431232,53904,1817.18,89.47,542.43,48
431616,53952,3862.73,89.81,48.72,48
431616,53952,3957.15,92.76,80.28,48
431616,53952,3674.91,91.89,126.91,48
431616,53952,4126.21,91.43,20.92,48
431616,53952,3896.84,90.38,46.24,48
431616,53952,4275.83,92.86,0.32,48
431616,53952,3778.90,90.20,67.74,48
431616,53952,3803.51,90.21,70.17,48
432000,54000,3964.08,90.75,42.06,48
432000,54000,4169.95,91.26,0.88,48
432000,54000,3917.04,90.76,62.89,48
432000,54000,3789.12,90.52,81.25,48
432000,54000,3988.85,91.43,47.88,48
432000,54000,4241.40,93.49,4.93,48
432000,54000,4155.48,93.44,33.77,48
432000,54000,4157.03,93.49,46.48,48
432384,54048,3399.58,92.14,195.34,48
432384,54048,3625.34,90.68,139.19,48
432384,54048,2411.67,91.02,429.47,48
432384,54048,4249.38,93.09,5.77,48
432384,54048,4110.36,93.08,41.65,48
432384,54048,3892.37,93.97,114.08,48
432384,54048,4304.63,92.96,0.92,48
432384,54048,4136.99,91.23,9.18,48
432768,54096,4260.21,93.03,13.26,48
432768,54096,4352.07,93.51,1.28,48
432768,54096,3844.11,93.70,123.40,48
432768,54096,4148.84,92.17,27.52,48
432768,54096,3329.33,89.69,181.81,48
432768,54096,4239.22,92.20,0.74,48
432768,54096,1731.61,92.91,634.95,48
432768,54096,3701.67,91.65,117.11,48
433152,54144,4251.02,92.80,1.38,48
433152,54144,4188.56,90.90,0.43,48
433152,54144,4012.24,91.12,35.48,48
433152,54144,3523.50,91.19,154.55,48
433152,54144,4310.26,92.92,0.71,48
433152,54144,4114.37,91.20,2.77,48
433152,54144,3653.13,92.44,150.17,48
433152,54144,4236.28,93.41,12.86,48
433536,54192,3768.51,90.49,72.43,48
433536,54192,3946.16,91.36,57.47,48
433536,54192,3687.10,89.91,81.44,48
433536,54192,3997.47,91.99,53.00,48
433536,54192,4316.43,93.66,12.13,48
433536,54192,4023.73,91.53,46.53,48
433536,54192,2550.19,90.44,387.90,48
433536,54192,4153.81,91.32,0.05,48
433920,54240,4105.16,92.96,42.53,48
433920,54240,4016.26,93.35,75.42,48
433920,54240,4168.68,93.11,31.40,48
433920,54240,4140.14,91.74,16.56,48
433920,54240,4266.02,93.37,1.52,48
433920,54240,3614.94,91.04,139.54,48
433920,54240,4201.88,92.36,2.49,48
433920,54240,4206.44,92.21,0.23,48
434304,54288,3761.31,90.61,88.07,48
434304,54288,4334.80,93.29,0.62,48
434304,54288,4099.17,93.03,38.99,48
434304,54288,3428.99,91.84,182.70,48
434304,54288,3945.36,90.56,45.04,48
434304,54288,3668.63,90.73,120.79,48
434304,54288,4105.16,91.78,18.45,48
434304,54288,3631.27,92.75,162.69,48
434688,54336,4342.24,93.41,0.10,48
434688,54336,3490.53,92.83,199.71,48
434688,54336,3678.00,93.44,165.91,48
434688,54336,4087.69,92.12,42.52,48
434688,54336,3913.41,92.03,64.64,48
434688,54336,4387.29,93.54,1.56,48
434688,54336,4186.81,93.17,27.37,48
434688,54336,4091.83,93.08,51.93,48
435072,54384,3983.91,90.27,38.05,48
435072,54384,4118.85,92.68,29.44,48
435072,54384,3234.02,91.74,240.04,48
435072,54384,3767.02,90.73,80.37,48
435072,54384,4257.79,93.47,32.23,48
435072,54384,3987.65,93.35,85.61,48
435072,54384,4288.78,93.87,13.93,48
435072,54384,4185.84,91.50,1.37,48
435456,54432,3978.04,91.56,63.00,48
435456,54432,4317.51,93.57,3.62,48
435456,54432,3356.88,90.77,191.00,48
435456,54432,4193.27,91.08,0.39,48
435456,54432,4079.84,92.30,35.94,48
435456,54432,4193.07,91.36,0.19,48
435456,54432,3628.66,92.07,134.40,48
435456,54432,3864.85,90.98,66.00,48
435840,54480,4079.30,91.98,25.68,48
435840,54480,3877.46,90.86,62.78,48
435840,54480,4391.42,93.44,2.01,48
435840,54480,3756.23,92.08,121.07,48
435840,54480,3637.89,90.33,109.54,48
435840,54480,4131.70,90.44,0.47,48
435840,54480,4072.95,89.99,0.88,48
435840,54480,4145.84,92.38,28.88,48
436224,54528,3417.50,92.97,226.81,48
436224,54528,4035.39,92.46,47.20,48
436224,54528,3787.98,92.80,130.90,48
436224,54528,4035.56,93.58,67.91,48
436224,54528,2534.41,91.30,408.25,48
436224,54528,4153.28,91.57,11.74,48
436224,54528,3583.45,91.62,128.44,48
436224,54528,4121.86,92.93,44.40,48
436608,54576,3364.41,91.04,205.64,48
436608,54576,3856.14,90.58,76.01,48
436608,54576,4110.09,92.82,41.94,48
436608,54576,4075.04,93.42,60.05,48
436608,54576,4045.66,93.50,71.05,48
436608,54576,3807.03,90.52,79.15,48
436608,54576,4332.80,93.18,2.15,48
436608,54576,3821.04,90.37,61.11,48
436992,54624,3415.90,93.08,214.31,48
436992,54624,4212.89,93.21,23.71,48
436992,54624,3949.72,92.10,69.07,48
436992,54624,4053.40,91.47,17.17,48
436992,54624,4169.85,91.10,13.12,48
436992,54624,4069.15,91.58,12.95,48
436992,54624,3588.28,93.18,192.77,48
436992,54624,4119.39,90.91,5.57,48
437376,54672,4035.09,93.18,64.45,48
437376,54672,3519.11,92.79,181.31,48
437376,54672,4165.97,91.97,1.24,48
437376,54672,4294.41,93.07,1.37,48
437376,54672,4329.04,93.78,13.59,48
437376,54672,4228.93,93.63,23.83,48
437376,54672,3865.25,90.59,70.59,48
437376,54672,4269.82,92.70,0.39,48
437760,54720,4335.04,93.58,0.56,48
437760,54720,4220.97,93.13,12.07,48
437760,54720,3367.89,90.68,203.94,48
437760,54720,4089.31,90.87,1.75,48
437760,54720,4178.49,90.83,0.27,48
437760,54720,4204.93,93.08,31.49,48
437760,54720,4038.40,89.32,0.00,48
437760,54720,4090.73,90.85,6.59,48
438144,54768,4181.32,91.65,8.64,48
438144,54768,4156.85,92.56,29.56,48
438144,54768,4288.19,92.94,1.37,48
438144,54768,4316.69,92.79,0.47,48
438144,54768,4193.86,91.60,0.81,48
438144,54768,4306.67,93.18,3.61,48
438144,54768,3913.75,92.92,92.12,48
438144,54768,3676.10,90.47,108.33,48
438528,54816,4163.00,91.04,0.88,48
438528,54816,4141.86,91.05,0.10,48
438528,54816,4104.66,92.99,44.58,48
438528,54816,4073.56,92.93,47.71,48
438528,54816,3566.76,90.37,131.69,48
438528,54816,4259.49,92.59,0.28,48
438528,54816,3490.73,92.80,196.79,48
438528,54816,4044.01,92.41,62.16,48
438912,54864,4145.84,90.58,0.28,48
438912,54864,3224.01,90.95,224.46,48
438912,54864,4041.81,91.16,30.98,48
438912,54864,4185.10,90.75,1.28,48
438912,54864,4032.12,90.67,25.93,48
438912,54864,4081.58,92.72,44.80,48
438912,54864,4077.58,91.50,29.94,48
438912,54864,4106.69,90.89,24.02,48
439296,54912,4097.99,93.11,61.00,48
439296,54912,3991.33,90.55,20.11,48
439296,54912,3996.61,92.21,51.58,48
439296,54912,3802.31,92.08,112.76,48
439296,54912,3890.71,91.12,67.03,48
439296,54912,3529.25,92.52,176.62,48
439296,54912,3632.61,90.96,132.39,48
439296,54912,4076.36,92.87,59.27,48
439680,54960,4210.54,93.06,21.70,48
439680,54960,4284.84,93.20,0.32,48
439680,54960,4182.25,92.72,15.55,48
439680,54960,3415.88,90.82,174.64,48
439680,54960,4161.58,90.98,5.74,48
439680,54960,3684.43,90.14,112.28,48
439680,54960,4159.75,92.61,12.22,48
439680,54960,1642.82,90.69,618.74,48
440064,55008,3811.79,90.27,66.45,48
440064,55008,4048.04,90.77,26.19,48
440064,55008,3443.07,92.76,207.65,48
440064,55008,4215.50,92.00,1.52,48
440064,55008,3844.92,92.44,93.30,48
440064,55008,4196.60,91.96,0.10,48
440064,55008,4148.51,91.04,1.17,48
440064,55008,4333.91,93.25,1.37,48
440448,55056,4100.42,92.40,45.98,48
440448,55056,4245.36,92.46,3.91,48
440448,55056,4215.64,92.42,2.39,48
440448,55056,3564.00,92.37,174.64,48
440448,55056,3941.30,93.10,89.37,48
440448,55056,3951.03,89.95,27.07,48
440448,55056,4100.89,90.94,2.26,48
440448,55056,1347.99,91.89,701.25,48
440832,55104,4301.75,92.85,1.38,48
440832,55104,3958.05,92.62,78.59,48
440832,55104,3895.09,90.30,42.53,48
440832,55104,3848.98,91.72,87.21,48
440832,55104,4086.98,92.30,38.67,48
440832,55104,3432.93,92.49,207.28,48
440832,55104,3421.92,93.39,220.82,48
440832,55104,4234.15,91.92,0.33,48
441216,55152,4173.78,91.07,0.19,48
441216,55152,3163.28,90.10,215.10,48
441216,55152,1724.70,92.62,626.27,48
441216,55152,3377.71,93.58,231.04,48
441216,55152,3919.92,90.58,53.43,48
441216,55152,4170.77,92.60,29.59,48
441216,55152,2665.37,93.28,415.10,48
441216,55152,3681.08,93.53,165.50,48
441600,55200,3438.01,93.58,219.55,48
441600,55200,4182.03,91.21,0.60,48
441600,55200,3679.98,90.73,119.13,48
441600,55200,3585.03,93.05,170.33,48
441600,55200,1562.96,94.06,696.90,48
441600,55200,4020.74,92.49,52.25,48
441600,55200,4243.29,92.73,10.98,48
441600,55200,3947.21,92.85,79.79,48
441984,55248,4120.37,91.12,9.36,48
441984,55248,3169.13,90.95,231.47,48
441984,55248,4287.08,92.40,0.39,48
441984,55248,4004.10,93.27,79.31,48
441984,55248,3626.40,91.78,125.94,48
441984,55248,4149.61,92.81,32.51,48
441984,55248,3866.06,90.81,54.69,48
441984,55248,3945.45,90.10,31.31,48
442368,55296,3872.99,93.78,112.07,48
442368,55296,3951.78,93.35,84.52,48
442368,55296,3463.12,91.82,180.86,48
442368,55296,3471.52,93.65,222.21,48
442368,55296,4139.58,92.52,15.03,48
442368,55296,3468.75,92.55,192.80,48
442368,55296,4200.33,92.43,18.20,48
442368,55296,3831.09,91.11,86.30,48
442752,55344,4229.53,91.96,6.68,48
442752,55344,3938.68,93.15,87.05,48
442752,55344,3923.67,90.55,58.81,48
442752,55344,4236.73,92.73,26.37,48
442752,55344,3307.51,93.55,250.80,48
442752,55344,4118.87,90.33,0.02,48
442752,55344,3542.68,90.70,138.72,48
442752,55344,4044.97,91.01,12.44,48
443136,55392,4054.80,89.88,1.54,48
443136,55392,4269.80,92.94,0.32,48
443136,55392,3000.41,89.59,229.17,48
443136,55392,4104.79,91.00,12.96,48
443136,55392,3933.45,93.15,98.24,48
443136,55392,4116.73,90.33,12.11,48
443136,55392,3851.39,90.37,59.56,48
443136,55392,4190.34,90.79,1.10,48
443520,55440,3663.41,90.58,129.53,48
443520,55440,3766.47,91.43,86.68,48
443520,55440,4321.51,92.96,1.84,48
443520,55440,4156.80,91.04,1.24,48
443520,55440,4082.48,92.38,34.41,48
443520,55440,3933.40,93.31,95.90,48
443520,55440,3575.00,89.34,100.25,48
443520,55440,4018.01,90.70,16.55,48
443904,55488,1364.52,92.46,710.89,48
443904,55488,4222.35,93.33,28.65,48
443904,55488,4094.35,91.08,1.37,48
443904,55488,3362.14,92.73,218.69,48
443904,55488,4234.38,92.78,0.43,48
443904,55488,4100.68,91.01,17.46,48
443904,55488,4001.90,91.11,41.41,48
443904,55488,4125.36,91.96,17.56,48
444288,55536,4041.30,90.52,4.67,48
444288,55536,3752.47,91.32,104.32,48
444288,55536,4090.36,92.92,42.85,48
444288,55536,4258.62,93.06,10.56,48
444288,55536,3547.41,90.73,150.85,48
444288,55536,4171.87,91.15,0.69,48
444288,55536,3699.10,90.33,120.33,48
444288,55536,3938.17,90.94,54.17,48
444672,55584,4250.96,92.61,1.52,48
444672,55584,3620.87,92.41,156.83,48
444672,55584,4064.55,93.60,71.16,48
444672,55584,4232.89,92.24,11.58,48
444672,55584,4161.72,92.42,2.36,48
444672,55584,4286.29,93.15,0.83,48
444672,55584,3991.39,92.66,59.27,48
444672,55584,3367.21,91.50,192.19,48
445056,55632,4174.83,92.50,26.23,48
445056,55632,4300.89,93.25,0.68,48
445056,55632,4051.99,91.25,18.58,48
445056,55632,4256.88,92.95,7.15,48
445056,55632,3924.95,92.89,78.76,48
445056,55632,4192.51,91.50,1.37,48
445056,55632,1698.10,93.44,646.21,48
445056,55632,3774.33,93.37,128.27,48
445440,55680,3758.56,90.59,61.20,48
445440,55680,3281.26,93.08,248.45,48
445440,55680,4075.77,89.77,0.31,48
445440,55680,4275.18,93.12,3.82,48
445440,55680,4182.66,93.28,33.75,48
445440,55680,1450.14,91.22,667.65,48
445440,55680,4310.75,93.54,0.68,48
445440,55680,4081.16,90.64,8.54,48
445824,55728,3821.95,92.77,104.46,48
445824,55728,4178.52,92.86,15.96,48
445824,55728,4109.64,92.54,34.31,48
445824,55728,3857.67,89.42,39.34,48
445824,55728,4143.16,93.16,45.88,48
445824,55728,3914.52,92.69,77.52,48
445824,55728,3808.38,90.93,89.06,48
445824,55728,4108.22,90.68,9.93,48
446208,55776,4008.09,92.72,62.64,48
446208,55776,4099.40,92.66,42.15,48
446208,55776,3221.64,91.69,241.23,48
446208,55776,4202.73,92.31,1.79,48
446208,55776,3998.51,89.98,0.33,48
446208,55776,4137.15,93.14,30.30,48
446208,55776,4056.93,90.06,1.17,48
446208,55776,4287.12,92.75,6.26,48
446592,55824,3900.27,92.98,91.51,48
446592,55824,3502.94,93.11,207.03,48
446592,55824,4288.24,93.58,8.50,48
446592,55824,4298.75,93.69,14.74,48
446592,55824,4243.46,92.49,9.41,48
446592,55824,4170.52,90.87,3.77,48
446592,55824,4246.24,92.82,4.98,48
446592,55824,3648.76,91.06,116.70,48
446976,55872,3395.20,91.03,185.16,48
446976,55872,3298.35,92.88,240.40,48
446976,55872,3606.68,91.14,146.06,48
446976,55872,3269.54,90.89,222.64,48
446976,55872,4044.45,89.77,0.81,48
446976,55872,4034.47,92.73,58.17,48
446976,55872,4123.73,93.04,35.33,48
446976,55872,4195.81,92.77,20.34,48
447360,55920,4303.66,92.79,9.31,48
447360,55920,4187.64,91.78,10.05,48
447360,55920,3989.95,91.15,45.25,48
447360,55920,4252.57,93.09,4.23,48
447360,55920,4185.42,92.99,27.02,48
447360,55920,3762.61,90.73,77.96,48
447360,55920,3162.13,93.49,284.75,48
447360,55920,4185.14,90.68,0.01,48
447744,55968,4130.48,91.64,17.32,48
447744,55968,3721.02,92.77,132.47,48
447744,55968,4222.24,92.35,0.78,48
447744,55968,4252.77,92.02,3.24,48
447744,55968,4048.11,90.93,13.62,48
447744,55968,3833.02,89.94,52.48,48
447744,55968,4158.02,92.79,35.43,48
447744,55968,4175.98,91.98,3.29,48
448128,56016,3932.75,91.18,33.16,48
448128,56016,3906.23,92.49,81.58,48
448128,56016,4299.23,93.41,2.26,48
448128,56016,4137.10,91.35,5.21,48
448128,56016,3729.16,91.68,101.52,48
448128,56016,4161.53,90.62,2.16,48
448128,56016,3701.12,92.56,137.62,48
448128,56016,4302.55,93.30,2.15,48
448512,56064,3617.10,90.84,129.71,48
448512,56064,3945.44,92.68,77.42,48
448512,56064,3474.41,92.62,178.17,48
448512,56064,4184.71,91.64,2.79,48
448512,56064,4182.43,92.76,20.19,48
448512,56064,4100.35,93.01,48.88,48
448512,56064,4288.82,92.60,0.60,48
448512,56064,4199.46,92.60,26.26,48
448896,56112,2340.92,93.08,480.15,48
448896,56112,3564.13,93.44,184.58,48
448896,56112,4054.10,90.91,19.77,48
448896,56112,4276.29,92.82,2.50,48
448896,56112,4170.32,92.11,4.58,48
448896,56112,3989.25,90.20,32.76,48
448896,56112,3789.39,93.28,134.05,48
448896,56112,3944.28,90.96,51.62,48
449280,56160,3528.15,91.35,166.61,48
449280,56160,3471.77,90.35,159.74,48
449280,56160,2965.32,90.55,265.22,48
449280,56160,4142.13,91.22,4.69,48
449280,56160,3362.55,91.01,208.84,48
449280,56160,1787.63,92.59,616.59,48
449280,56160,3618.51,91.88,144.26,48
449280,56160,4348.84,93.57,7.50,48
449664,56208,3941.14,89.49,16.29,48
449664,56208,3913.94,91.14,57.84,48
449664,56208,3981.37,89.51,7.59,48
449664,56208,4168.26,90.62,4.65,48
449664,56208,4074.52,90.43,11.55,48
449664,56208,4122.57,90.98,10.38,48
449664,56208,3860.38,90.62,67.45,48
449664,56208,3543.50,92.81,176.57,48
450048,56256,1629.04,91.85,634.37,48
450048,56256,1625.35,91.25,629.48,48
450048,56256,4217.68,92.21,1.28,48
450048,56256,3982.30,89.32,1.37,48
450048,56256,3747.95,91.64,109.19,48
450048,56256,4098.43,92.81,42.89,48
450048,56256,4306.01,93.17,5.61,48
450048,56256,3823.54,90.52,65.19,48
450432,56304,3229.69,92.53,237.47,48
450432,56304,4029.29,89.50,1.37,48
450432,56304,4004.66,89.68,10.79,48
450432,56304,3640.32,90.03,116.85,48
450432,56304,4000.71,92.81,71.02,48
450432,56304,3724.60,92.51,142.33,48
450432,56304,3839.62,90.29,43.54,48
450432,56304,3321.68,92.85,237.53,48
450816,56352,4096.59,91.89,25.82,48
450816,56352,2980.43,91.95,293.14,48
450816,56352,4278.99,92.30,1.46,48
450816,56352,3373.91,92.30,219.49,48
450816,56352,3996.54,92.00,51.86,48
450816,56352,4279.40,92.64,0.95,48
450816,56352,4116.04,90.73,0.32,48
450816,56352,3770.97,91.30,88.42,48
451200,56400,4139.73,91.16,5.38,48
451200,56400,3964.58,92.17,43.59,48
451200,56400,4055.53,90.40,0.28,48
451200,56400,4334.24,93.38,0.81,48
451200,56400,3920.33,92.56,79.51,48
451200,56400,4059.41,92.05,42.06,48
451200,56400,1466.23,91.74,682.16,48
451200,56400,3456.31,92.98,200.23,48
451584,56448,4159.65,91.60,1.52,48
451584,56448,4317.70,93.02,0.88,48
451584,56448,4001.96,92.73,73.37,48
451584,56448,3940.26,92.89,90.48,48
451584,56448,4070.00,90.34,0.69,48
451584,56448,3387.12,92.65,224.37,48
451584,56448,4158.67,93.17,38.14,48
451584,56448,3173.92,91.96,253.38,48
451968,56496,1595.15,93.07,669.77,48
451968,56496,3378.73,89.81,161.43,48
451968,56496,4101.01,90.84,3.39,48
451968,56496,3862.86,90.14,60.79,48
451968,56496,1501.99,90.52,638.74,48
451968,56496,3795.17,93.01,129.58,48
451968,56496,4000.38,90.17,25.68,48
451968,56496,4297.68,93.24,0.78,48
452352,56544,3882.00,90.16,30.07,48
452352,56544,3897.34,93.38,106.84,48
452352,56544,4292.43,92.72,1.00,48
452352,56544,4184.23,90.87,0.31,48
452352,56544,3617.33,92.39,153.46,48
452352,56544,4228.59,93.00,0.00,48
452352,56544,3885.60,91.94,89.31,48
452352,56544,4079.88,92.07,45.54,48
452736,56592,4244.74,92.26,2.54,48
452736,56592,3432.35,90.98,171.60,48
452736,56592,3588.26,93.25,171.21,48
452736,56592,4371.27,93.70,0.88,48
452736,56592,4144.43,91.82,8.65,48
452736,56592,4120.89,91.12,0.39,48
452736,56592,4243.00,92.10,0.81,48
452736,56592,4292.83,93.26,14.05,48
453120,56640,3871.37,89.42,32.95,48
453120,56640,4250.75,92.81,13.96,48
453120,56640,4080.90,90.81,18.66,48
453120,56640,3979.31,90.21,27.09,48
453120,56640,4238.95,93.22,15.32,48
453120,56640,4211.90,90.62,0.69,48
453120,56640,2594.44,92.17,404.20,48
453120,56640,4146.50,90.90,0.10,48
453504,56688,4059.36,90.23,3.52,48
453504,56688,3666.15,92.14,129.65,48
453504,56688,4241.10,92.36,0.68,48
453504,56688,4225.27,92.35,0.60,48
453504,56688,4233.68,93.01,4.25,48
453504,56688,4060.09,90.30,10.48,48
453504,56688,4110.23,91.19,0.57,48
453504,56688,3564.57,93.63,191.38,48
453888,56736,4270.34,93.38,4.67,48
453888,56736,4299.96,93.66,1.37,48
453888,56736,3737.49,91.49,103.89,48
453888,56736,3194.20,91.47,243.08,48
453888,56736,4040.48,90.65,14.57,48
453888,56736,4071.71,91.07,15.61,48
453888,56736,3330.61,93.22,236.21,48
453888,56736,3921.62,91.19,56.38,48
454272,56784,4012.61,93.05,68.72,48
454272,56784,3578.46,92.50,158.63,48
454272,56784,4284.01,93.92,16.63,48
454272,56784,3741.04,90.94,89.22,48
454272,56784,3805.15,90.96,98.73,48
454272,56784,4182.57,92.65,16.65,48
454272,56784,3791.42,92.92,122.49,48
454272,56784,4090.50,89.98,0.88,48
454656,56832,4226.48,92.77,2.34,48
454656,56832,3912.96,92.47,74.52,48
454656,56832,4206.86,91.57,0.68,48
454656,56832,4127.94,92.95,39.24,48
454656,56832,4022.89,91.01,22.16,48
454656,56832,4147.62,91.90,14.90,48
454656,56832,3709.98,91.45,129.63,48
454656,56832,4313.83,93.11,1.38,48
455040,56880,4014.45,91.01,35.25,48
455040,56880,3951.35,90.51,36.90,48
455040,56880,4248.22,92.17,0.32,48
455040,56880,4046.21,92.80,56.82,48
455040,56880,4108.25,93.24,55.55,48
455040,56880,3821.52,91.05,64.28,48
455040,56880,3997.41,93.02,65.45,48
455040,56880,4139.80,91.30,0.43,48
455424,56928,4211.05,91.75,0.60,48
455424,56928,4019.34,91.66,36.78,48
455424,56928,4291.75,92.73,1.15,48
455424,56928,3466.50,90.70,155.42,48
455424,56928,3938.15,90.26,37.48,48
455424,56928,3386.52,92.82,217.67,48
455424,56928,4156.39,93.32,40.72,48
455424,56928,4207.83,91.64,3.72,48
455808,56976,4128.03,91.43,9.35,48
455808,56976,4005.48,92.52,60.08,48
455808,56976,4088.20,92.63,43.44,48
455808,56976,3973.10,92.74,62.88,48
455808,56976,4055.78,91.01,31.54,48
455808,56976,4218.68,92.89,15.37,48
455808,56976,4213.46,92.78,7.92,48
455808,56976,3895.65,89.86,38.33,48
456192,57024,4110.50,90.98,4.64,48
456192,57024,4096.99,90.54,0.19,48
456192,57024,4051.68,91.31,14.79,48
456192,57024,4220.10,92.76,16.19,48
456192,57024,4335.75,93.43,0.47,48
456192,57024,4244.29,92.98,0.10,48
456192,57024,4272.90,93.41,26.37,48
456192,57024,3416.69,91.64,182.20,48
456576,57072,4337.85,93.25,0.25,48
456576,57072,4227.86,92.59,15.12,48
456576,57072,4383.50,93.79,0.82,48
456576,57072,4327.45,93.87,12.35,48
456576,57072,3877.98,90.33,54.12,48
456576,57072,4026.33,92.82,58.50,48
456576,57072,2621.58,89.22,347.31,48
456576,57072,3341.22,90.91,199.13,48
456960,57120,4010.38,92.83,55.29,48
456960,57120,3687.05,90.58,124.57,48
456960,57120,3218.83,93.90,268.89,48
456960,57120,3383.77,93.43,239.03,48
456960,57120,1421.15,90.84,661.71,48
456960,57120,3871.45,92.06,94.43,48
456960,57120,4229.19,91.63,0.83,48
456960,57120,4217.51,91.36,0.81,48
457344,57168,3681.52,92.25,131.55,48
457344,57168,4249.75,92.69,1.55,48
457344,57168,4090.01,92.20,28.61,48
457344,57168,3238.79,90.92,199.84,48
457344,57168,4055.28,90.62,16.56,48
457344,57168,4086.55,91.42,37.45,48
457344,57168,4243.11,92.83,8.29,48
457344,57168,4273.86,93.17,14.16,48
457728,57216,4346.97,93.06,0.05,48
457728,57216,4278.78,93.22,11.34,48
457728,57216,4285.37,93.44,5.04,48
457728,57216,4053.43,92.01,38.66,48
457728,57216,3976.41,91.12,44.58,48
457728,57216,4030.02,90.23,13.78,48
457728,57216,3962.26,91.65,61.34,48
457728,57216,4157.82,91.04,1.28,48
458112,57264,3009.20,90.97,251.04,48
458112,57264,4158.73,91.98,0.98,48
458112,57264,4067.62,90.20,0.71,48
458112,57264,1648.88,93.66,663.44,48
458112,57264,4129.21,91.12,1.21,48
458112,57264,4146.70,91.82,22.11,48
458112,57264,3682.39,91.22,115.82,48
458112,57264,3846.79,89.99,62.95,48
458496,57312,3805.65,90.91,84.76,48
458496,57312,3969.10,90.33,28.59,48
458496,57312,4059.66,90.35,13.61,48
458496,57312,4146.62,91.34,0.88,48
458496,57312,4104.13,92.76,48.57,48
458496,57312,3773.87,93.17,116.71,48
458496,57312,3879.53,90.44,46.71,48
458496,57312,4240.04,91.88,0.39,48
458880,57360,3596.96,91.52,156.34,48
458880,57360,3541.75,90.05,121.49,48
458880,57360,4346.28,93.79,1.28,48
458880,57360,4088.84,90.94,2.62,48
458880,57360,4098.48,93.54,56.28,48
458880,57360,3312.34,90.77,212.48,48
458880,57360,4129.36,92.83,33.59,48
458880,57360,4113.81,91.72,10.61,48
459264,57408,3650.63,90.77,118.25,48
459264,57408,4270.10,93.34,10.27,48
459264,57408,4200.54,93.23,16.24,48
459264,57408,3773.66,93.67,126.12,48
459264,57408,4027.97,91.54,33.11,48
459264,57408,3882.16,91.47,74.56,48
459264,57408,4122.43,91.23,9.62,48
459264,57408,4267.85,93.11,2.23,48
459648,57456,4016.26,90.11,2.39,48
459648,57456,4274.73,93.54,11.96,48
459648,57456,1380.36,91.07,679.26,48
459648,57456,4118.41,91.25,14.97,48
459648,57456,4102.52,90.99,0.31,48
459648,57456,3703.45,90.42,95.74,48
459648,57456,3941.42,90.66,34.58,48
459648,57456,3728.29,90.27,80.60,48
460032,57504,4123.29,91.50,9.05,48
460032,57504,4129.42,90.87,0.31,48
460032,57504,4181.54,93.11,29.64,48
460032,57504,4167.86,93.23,43.83,48
460032,57504,4264.43,92.68,0.31,48
460032,57504,3385.35,93.56,235.41,48
460032,57504,3508.51,92.36,171.43,48
460032,57504,4316.68,93.31,2.12,48
460416,57552,3498.49,93.05,190.47,48
460416,57552,4289.60,93.61,0.60,48
460416,57552,4262.79,93.09,5.41,48
460416,57552,3198.22,90.30,205.30,48
460416,57552,3874.24,89.99,52.82,48
460416,57552,4147.72,91.79,1.83,48
460416,57552,4113.74,91.86,11.12,48
460416,57552,3664.61,93.02,157.10,48
460800,57600,1674.73,92.10,625.46,48
460800,57600,3774.49,91.89,107.58,48
460800,57600,3922.00,91.70,68.18,48
460800,57600,3896.72,91.08,52.21,48
460800,57600,4175.05,93.12,27.30,48
460800,57600,3955.61,93.57,90.09,48
460800,57600,4159.67,91.47,11.09,48
460800,57600,3636.92,91.22,124.22,48
461184,57648,4108.18,91.72,5.93,48
461184,57648,3685.57,91.15,108.98,48
461184,57648,4083.13,91.12,23.61,48
461184,57648,3451.84,90.24,151.00,48
461184,57648,4105.34,90.67,1.01,48
461184,57648,3788.54,90.43,71.93,48
461184,57648,4276.53,92.78,3.06,48
461184,57648,4120.17,93.17,45.68,48
461568,57696,3297.84,92.92,229.48,48
461568,57696,4232.76,92.79,0.62,48
461568,57696,4216.85,92.90,7.22,48
461568,57696,4062.16,90.78,2.43,48
461568,57696,3045.77,90.61,247.55,48
461568,57696,3384.09,90.41,149.56,48
461568,57696,4056.58,92.83,44.10,48
461568,57696,4058.76,93.06,53.34,48
461952,57744,4119.31,91.30,10.05,48
461952,57744,4026.05,92.89,53.66,48
461952,57744,3718.38,90.89,87.75,48
461952,57744,4122.80,90.30,8.94,48
461952,57744,4028.44,91.15,31.51,48
461952,57744,3724.03,90.26,78.59,48
461952,57744,4163.75,92.15,1.90,48
461952,57744,4175.66,93.53,42.98,48
462336,57792,4202.86,92.84,9.87,48
462336,57792,3743.64,93.64,144.15,48
462336,57792,4124.18,92.37,25.47,48
462336,57792,3496.60,91.40,157.93,48
462336,57792,4134.15,91.27,1.23,48
462336,57792,4054.92,92.28,42.46,48
462336,57792,3429.76,92.80,218.17,48
462336,57792,4000.53,90.51,30.15,48
462720,57840,4064.03,92.65,43.08,48
462720,57840,4106.98,91.31,3.02,48
462720,57840,4131.69,93.79,63.20,48
462720,57840,3330.53,90.59,184.12,48
462720,57840,4225.96,92.20,2.53,48
462720,57840,4169.06,93.06,31.57,48
462720,57840,3211.85,92.73,246.85,48
462720,57840,4154.47,92.12,11.35,48
463104,57888,4250.29,93.49,9.07,48
463104,57888,3550.48,92.90,169.96,48
463104,57888,3658.18,92.54,139.91,48
463104,57888,4017.53,92.59,50.88,48
463104,57888,3877.76,88.94,7.91,48
463104,57888,4198.30,94.08,37.77,48
463104,57888,3670.69,91.69,128.74,48
463104,57888,4089.46,91.14,14.81,48
463488,57936,3536.05,91.58,167.45,48
463488,57936,4053.76,91.16,14.84,48
463488,57936,4135.77,90.50,5.10,48
463488,57936,4205.48,92.71,1.28,48
463488,57936,3150.08,91.70,248.91,48
463488,57936,4091.82,91.47,15.66,48
463488,57936,3131.44,91.19,235.79,48
463488,57936,3910.83,91.02,56.84,48
463872,57984,4059.76,90.99,9.98,48
463872,57984,3931.01,90.97,60.20,48
463872,57984,4063.00,91.90,32.62,48
463872,57984,4141.25,91.95,0.10,48
463872,57984,4122.37,92.10,27.83,48
463872,57984,3808.07,91.36,68.38,48
463872,57984,4205.59,92.86,22.83,48
463872,57984,4257.25,92.38,3.96,48
464256,58032,4234.46,94.02,44.65,48
464256,58032,3950.79,91.23,45.42,48
464256,58032,4316.81,92.83,2.74,48
464256,58032,4075.94,90.01,1.70,48
464256,58032,4185.01,91.41,0.43,48
464256,58032,4219.79,93.06,6.86,48
464256,58032,4077.15,92.93,47.08,48
464256,58032,3566.34,93.60,191.84,48
464640,58080,4219.96,92.49,7.71,48
464640,58080,4162.42,91.68,0.71,48
464640,58080,3717.00,92.99,137.51,48
464640,58080,3768.82,93.25,127.83,48
464640,58080,3535.30,91.76,153.26,48
464640,58080,4208.19,92.45,1.31,48
464640,58080,4157.19,91.43,2.65,48
464640,58080,4204.30,91.82,3.68,48
465024,58128,4290.53,92.99,4.27,48
465024,58128,1711.64,92.78,630.13,48
465024,58128,4092.93,93.12,46.99,48
465024,58128,4047.85,90.31,0.00,48
465024,58128,3195.33,92.14,249.57,48
465024,58128,4310.04,92.95,1.28,48
465024,58128,2004.51,92.16,556.79,48
465024,58128,4287.16,93.21,7.79,48
465408,58176,4067.36,93.41,55.83,48
465408,58176,4286.16,94.22,21.13,48
465408,58176,4153.78,93.53,47.69,48
465408,58176,3993.72,91.02,37.03,48
465408,58176,3768.66,92.78,121.91,48
465408,58176,3896.39,91.36,68.59,48
465408,58176,3783.17,91.26,97.23,48
465408,58176,4241.81,93.44,16.38,48
465792,58224,4255.62,92.88,11.00,48
465792,58224,3849.70,91.71,89.90,48
465792,58224,3974.78,91.72,55.52,48
465792,58224,4109.63,91.47,17.26,48
465792,58224,4261.55,92.57,1.39,48
465792,58224,4002.43,92.44,58.87,48
465792,58224,4145.59,90.59,1.21,48
465792,58224,4017.30,90.87,22.82,48
466176,58272,4139.98,92.76,16.02,48
466176,58272,4058.27,91.11,5.28,48
466176,58272,4284.82,93.41,14.61,48
466176,58272,4166.18,92.92,31.16,48
466176,58272,4225.29,92.76,1.87,48
466176,58272,4246.47,92.82,9.56,48
466176,58272,4055.72,90.73,0.83,48
466176,58272,3564.76,91.85,154.70,48
466560,58320,3969.83,93.53,95.55,48
466560,58320,3943.92,92.21,74.52,48
466560,58320,4059.68,90.52,9.76,48
466560,58320,3457.29,90.73,152.02,48
466560,58320,4049.24,90.59,2.39,48
466560,58320,3795.32,91.55,84.76,48
466560,58320,3861.37,92.52,90.19,48
466560,58320,4077.30,93.22,54.78,48
466944,58368,4151.54,92.42,23.29,48
466944,58368,3777.89,93.08,131.54,48
466944,58368,4185.64,91.99,8.20,48
466944,58368,3559.40,92.36,148.68,48
466944,58368,4024.26,93.59,84.52,48
466944,58368,3873.90,90.89,64.03,48
466944,58368,4069.87,91.34,28.87,48
466944,58368,4321.24,93.54,4.98,48
467328,58416,3225.46,91.43,229.93,48
467328,58416,4198.88,93.75,39.50,48
467328,58416,4249.52,93.18,17.63,48
467328,58416,4129.77,91.48,4.84,48
467328,58416,4195.64,93.57,28.81,48
467328,58416,3314.65,90.60,204.50,48
467328,58416,4304.32,92.78,0.32,48
467328,58416,4269.34,93.58,18.33,48
467712,58464,4310.67,93.41,2.07,48
467712,58464,3476.81,90.70,158.13,48
467712,58464,4219.63,91.32,1.45,48
467712,58464,3441.64,93.03,214.16,48
467712,58464,3890.91,90.64,56.23,48
467712,58464,4278.03,92.83,0.62,48
467712,58464,4175.74,91.25,0.26,48
467712,58464,3941.15,92.78,75.68,48
468096,58512,4256.96,93.04,1.37,48
468096,58512,2279.47,93.93,518.36,48
468096,58512,3840.42,90.94,74.45,48
468096,58512,4141.83,93.58,49.57,48
468096,58512,1619.83,93.32,671.61,48
468096,58512,4295.76,93.00,1.24,48
468096,58512,3568.84,93.51,182.17,48
468096,58512,3551.00,92.40,174.37,48
468480,58560,4209.61,91.51,0.66,48
468480,58560,4045.72,93.13,52.45,48
468480,58560,4023.15,93.89,87.43,48
468480,58560,3919.86,90.59,40.58,48
468480,58560,3897.56,90.07,35.50,48
468480,58560,4114.53,93.38,38.13,48
468480,58560,1673.05,89.89,588.97,48
468480,58560,4182.94,90.90,0.10,48
468864,58608,4015.65,90.45,18.89,48
468864,58608,4095.19,92.98,43.57,48
468864,58608,4155.15,91.01,0.10,48
468864,58608,4143.68,90.73,0.74,48
468864,58608,3965.47,91.28,45.98,48
468864,58608,4299.77,93.58,18.32,48
468864,58608,3895.56,89.93,54.13,48
468864,58608,4078.25,92.45,39.80,48
469248,58656,4112.76,93.57,55.50,48
469248,58656,3951.76,90.63,44.73,48
469248,58656,3243.16,92.27,243.48,48
469248,58656,3870.45,94.08,128.20,48
469248,58656,4042.31,92.74,48.76,48
469248,58656,4273.37,92.89,0.83,48
469248,58656,4040.38,90.96,23.45,48
469248,58656,3549.57,92.17,154.06,48
469632,58704,3993.27,93.09,69.47,48
469632,58704,4063.52,90.31,17.74,48
469632,58704,4339.81,93.44,7.43,48
469632,58704,4090.98,91.92,22.24,48
469632,58704,4157.07,91.36,0.28,48
469632,58704,4101.18,93.58,50.89,48
469632,58704,4139.75,91.50,0.74,48
469632,58704,3774.09,92.43,123.16,48
470016,58752,3680.96,93.44,170.48,48
470016,58752,3940.20,92.17,67.76,48
470016,58752,4257.08,93.12,5.03,48
470016,58752,3955.36,90.84,23.73,48
470016,58752,4207.45,93.40,32.42,48
470016,58752,3826.03,92.01,84.93,48
470016,58752,3429.94,92.07,178.86,48
470016,58752,4002.89,90.23,17.21,48
470400,58800,4040.10,90.98,12.02,48
470400,58800,3999.05,90.21,1.43,48
470400,58800,3325.31,93.02,235.07,48
470400,58800,4128.37,93.58,46.59,48
470400,58800,4274.24,92.59,0.32,48
470400,58800,3251.54,91.32,222.63,48
470400,58800,4164.67,91.52,10.56,48
470400,58800,4083.65,90.78,4.84,48
470784,58848,3934.16,91.33,68.61,48
470784,58848,3515.76,90.54,155.02,48
470784,58848,3440.97,92.69,204.45,48
470784,58848,3916.10,92.79,96.11,48
470784,58848,3962.03,93.11,82.42,48
470784,58848,4246.66,92.91,3.81,48
470784,58848,2637.56,93.21,419.70,48
470784,58848,3655.17,90.80,114.67,48
471168,58896,4194.79,92.59,5.07,48
471168,58896,3995.75,89.55,0.69,48
471168,58896,4269.15,93.21,5.89,48
471168,58896,4033.18,90.88,34.17,48
471168,58896,3973.26,90.66,32.55,48
471168,58896,4336.59,93.47,0.10,48
471168,58896,4110.87,90.47,0.43,48
471168,58896,4026.82,93.38,65.53,48
471552,58944,4083.02,90.85,1.28,48
471552,58944,4174.14,90.91,0.19,48
471552,58944,3703.43,92.01,118.00,48
471552,58944,4050.28,90.98,1.38,48
471552,58944,4256.99,92.40,1.43,48
471552,58944,4278.54,92.89,1.21,48
471552,58944,4177.40,91.58,4.86,48
471552,58944,3977.96,91.01,47.30,48
471936,58992,4233.23,92.49,12.77,48
471936,58992,3511.58,90.97,162.10,48
471936,58992,4133.56,91.26,2.42,48
471936,58992,3933.08,90.79,36.20,48
471936,58992,4194.13,92.76,13.09,48
471936,58992,3846.30,92.67,95.18,48
471936,58992,4184.85,92.86,8.02,48
471936,58992,4105.63,91.14,1.49,48
472320,59040,3835.75,90.03,59.11,48
472320,59040,4213.64,91.36,0.47,48
472320,59040,4077.01,92.21,29.02,48
472320,59040,4041.31,91.09,1.43,48
472320,59040,4062.70,90.55,0.47,48
472320,59040,3318.32,92.76,231.47,48
472320,59040,3910.50,91.53,70.34,48
472320,59040,3849.35,91.15,75.02,48
472704,59088,4125.10,91.08,1.45,48
472704,59088,3946.08,92.40,71.67,48
472704,59088,3917.96,90.35,30.93,48
472704,59088,4117.02,91.18,3.67,48
472704,59088,4325.46,93.61,2.73,48
472704,59088,3213.85,89.17,185.84,48
472704,59088,4102.55,91.95,20.62,48
472704,59088,3767.20,91.24,86.67,48
473088,59136,3385.86,89.48,152.78,48
473088,59136,3413.35,92.72,204.53,48
473088,59136,3899.17,92.79,74.14,48
473088,59136,3882.26,92.15,79.07,48
473088,59136,4113.74,93.18,44.85,48
473088,59136,3194.35,91.79,241.27,48
473088,59136,4085.68,90.58,0.19,48
473088,59136,4324.16,93.77,2.98,48
473472,59184,3402.64,92.06,187.36,48
473472,59184,4296.97,93.30,0.90,48
473472,59184,3998.99,90.07,11.68,48
473472,59184,4049.67,90.53,10.49,48
473472,59184,4183.07,93.09,36.77,48
473472,59184,3385.46,91.28,207.39,48
473472,59184,4082.15,92.73,45.16,48
473472,59184,3634.48,89.40,105.89,48
473856,59232,4025.63,93.42,63.94,48
473856,59232,4275.97,94.39,30.11,48
473856,59232,4197.14,93.64,32.59,48
473856,59232,4122.24,93.28,34.90,48
473856,59232,4262.97,92.86,0.74,48
473856,59232,3971.13,91.92,53.29,48
473856,59232,3651.66,93.76,165.20,48
473856,59232,4001.86,91.65,31.16,48
474240,59280,3344.68,93.08,231.34,48
474240,59280,4213.84,92.85,18.01,48
474240,59280,4327.36,93.24,0.43,48
474240,59280,4086.30,91.40,23.86,48
474240,59280,4172.54,91.01,0.57,48
474240,59280,4171.80,92.23,1.56,48
474240,59280,4150.53,93.07,30.98,48
474240,59280,4011.07,92.27,40.01,48
474624,59328,4196.13,91.32,1.28,48
474624,59328,4049.77,93.82,72.36,48
474624,59328,3738.89,92.13,107.17,48
474624,59328,3641.82,93.02,159.87,48
474624,59328,3854.17,89.35,34.20,48
474624,59328,4350.87,93.61,3.19,48
474624,59328,4018.98,93.81,78.19,48
474624,59328,3978.27,92.49,63.46,48
475008,59376,4164.51,90.65,0.81,48
475008,59376,3962.39,92.50,66.77,48
475008,59376,3994.95,92.63,59.56,48
475008,59376,4256.45,92.72,6.21,48
475008,59376,4106.17,91.97,17.56,48
475008,59376,4090.31,91.43,8.85,48
475008,59376,4297.81,93.04,0.71,48
475008,59376,3544.17,91.68,165.66,48
475392,59424,4007.24,91.12,30.83,48
475392,59424,4112.05,90.95,0.62,48
475392,59424,4160.28,93.55,38.94,48
475392,59424,3400.98,91.33,200.84,48
475392,59424,4087.95,90.10,1.83,48
475392,59424,3390.40,92.70,209.81,48
475392,59424,1703.68,89.99,590.09,48
475392,59424,3748.10,90.69,75.96,48
475776,59472,3632.12,92.85,149.63,48
475776,59472,4043.01,90.83,0.71,48
475776,59472,4335.61,93.62,0.69,48
475776,59472,4156.51,91.22,0.74,48
475776,59472,3347.81,90.77,196.59,48
475776,59472,4170.51,91.05,0.18,48
475776,59472,4187.20,91.40,0.47,48
475776,59472,4092.15,90.37,0.32,48
476160,59520,3412.15,92.80,215.66,48
476160,59520,3414.70,90.83,165.51,48
476160,59520,3985.31,89.14,2.68,48
476160,59520,3674.81,93.62,157.45,48
476160,59520,4197.59,92.21,0.60,48
476160,59520,3933.43,93.02,86.17,48
476160,59520,4146.69,93.89,51.84,48
476160,59520,3833.41,90.53,58.59,48
476544,59568,4154.60,91.32,13.25,48
476544,59568,3901.91,91.93,70.20,48
476544,59568,3956.60,92.14,49.05,48
476544,59568,3612.46,92.81,165.48,48
476544,59568,4103.97,91.91,40.36,48
476544,59568,4111.85,91.82,18.71,48
476544,59568,3453.76,93.68,224.72,48
476544,59568,3611.76,90.84,125.23,48
476928,59616,4359.44,93.58,0.00,48
476928,59616,3824.08,90.63,64.22,48
476928,59616,4078.24,90.93,18.15,48
476928,59616,4196.46,92.79,18.43,48
476928,59616,4192.97,92.52,21.40,48
476928,59616,3916.77,93.50,95.81,48
476928,59616,4111.97,91.68,24.38,48
476928,59616,4199.13,93.11,31.34,48
477312,59664,3648.66,90.44,98.72,48
477312,59664,3936.41,93.17,80.37,48
477312,59664,4198.35,93.34,20.69,48
477312,59664,4129.74,93.66,51.73,48
477312,59664,1397.49,92.00,698.35,48
477312,59664,4288.48,92.96,0.74,48
477312,59664,3488.41,91.44,170.36,48
477312,59664,4232.58,92.63,10.29,48
477696,59712,4060.54,92.43,35.62,48
477696,59712,4044.13,92.78,47.58,48
477696,59712,4188.62,92.04,1.01,48
477696,59712,2137.96,91.65,498.77,48
477696,59712,3539.80,91.87,159.49,48
477696,59712,3768.25,93.43,134.31,48
477696,59712,3240.34,91.87,232.80,48
477696,59712,4043.43,91.50,41.09,48
478080,59760,3244.35,89.99,198.85,48
478080,59760,4236.49,93.56,22.36,48
478080,59760,4318.97,94.88,20.95,48
478080,59760,4263.77,92.88,6.82,48
478080,59760,3850.02,90.80,71.28,48
478080,59760,3152.60,91.15,226.07,48
478080,59760,4269.91,92.63,0.62,48
478080,59760,4165.19,90.87,2.09,48
478464,59808,3315.70,92.48,219.54,48
478464,59808,4251.22,93.14,14.25,48
478464,59808,3837.66,92.60,86.82,48
478464,59808,3973.33,92.06,57.58,48
478464,59808,4212.28,92.83,1.39,48
478464,59808,1674.01,90.27,596.49,48
478464,59808,4147.45,91.73,7.01,48
478464,59808,4248.43,93.04,0.60,48
478848,59856,3811.39,92.00,100.41,48
478848,59856,4253.31,93.04,2.57,48
478848,59856,4219.13,92.51,0.74,48
478848,59856,4115.94,90.88,0.02,48
478848,59856,4083.68,91.25,0.10,48
478848,59856,4049.87,90.09,0.26,48
478848,59856,4014.25,89.74,18.13,48
478848,59856,3897.56,94.06,114.96,48
479232,59904,3875.87,91.35,72.57,48
479232,59904,4118.92,92.19,11.14,48
479232,59904,3262.27,91.51,218.13,48
479232,59904,3802.48,91.15,84.10,48
479232,59904,4249.67,93.20,5.05,48
479232,59904,3952.17,90.76,38.61,48
479232,59904,4310.96,93.10,1.01,48
479232,59904,1666.42,90.87,607.26,48
479616,59952,3839.64,90.37,73.29,48
479616,59952,4061.88,93.31,60.06,48
479616,59952,4055.11,91.97,28.90,48
479616,59952,4183.65,91.71,0.43,48
479616,59952,4262.61,92.44,6.73,48
479616,59952,4197.50,91.97,0.00,48
479616,59952,3630.86,93.37,167.69,48
479616,59952,4180.52,92.63,16.48,48
480000,60000,3759.96,93.01,133.71,48
480000,60000,3439.39,91.35,186.20,48
480000,60000,3893.77,92.58,83.49,48
480000,60000,4338.44,93.50,0.00,48
480000,60000,2355.51,91.63,459.40,48
480000,60000,4130.38,92.44,24.58,48
480000,60000,3432.49,90.76,160.65,48
480000,60000,3906.52,91.40,60.42,48
480384,60048,3923.54,91.01,57.63,48
480384,60048,3893.17,89.65,43.10,48
480384,60048,3357.92,92.74,221.14,48
480384,60048,4002.48,93.44,83.63,48
480384,60048,4232.86,92.17,1.63,48
480384,60048,4113.93,93.98,52.21,48
480384,60048,4125.47,91.03,0.19,48
480384,60048,3451.86,92.37,179.83,48
480768,60096,3835.27,93.91,128.36,48
480768,60096,4152.75,90.83,1.17,48
480768,60096,3249.47,91.40,224.46,48
480768,60096,4085.25,90.02,0.00,48
480768,60096,4205.67,93.11,29.69,48
480768,60096,4104.04,91.00,1.38,48
480768,60096,4006.97,90.68,27.03,48
480768,60096,3886.62,92.56,83.18,48
481152,60144,2319.90,91.39,450.95,48
481152,60144,4121.22,90.97,0.26,48
481152,60144,4356.63,93.38,0.02,48
481152,60144,3874.93,93.27,99.10,48
481152,60144,3651.93,91.97,147.74,48
481152,60144,4066.18,91.39,32.06,48
481152,60144,3088.48,90.60,237.39,48
481152,60144,3495.71,91.65,167.97,48
481536,60192,3794.67,90.87,71.12,48
481536,60192,3695.17,93.38,153.08,48
481536,60192,3515.22,92.07,172.20,48
481536,60192,4185.82,91.86,3.77,48
481536,60192,4209.11,94.13,32.64,48
481536,60192,4006.39,93.18,79.34,48
481536,60192,4164.00,91.08,0.74,48
481536,60192,3510.66,91.51,153.40,48
481920,60240,4097.88,91.82,33.99,48
481920,60240,4125.64,91.89,15.77,48
481920,60240,3913.00,91.33,60.67,48
481920,60240,3991.87,92.98,62.97,48
481920,60240,3638.53,92.93,161.47,48
481920,60240,3314.95,90.55,193.67,48
481920,60240,3917.63,91.90,66.08,48
481920,60240,3531.62,93.08,186.57,48
482304,60288,3874.67,90.45,40.68,48
482304,60288,4189.10,92.40,13.86,48
482304,60288,4274.68,93.29,0.19,48
482304,60288,3738.13,91.08,106.48,48
482304,60288,3869.05,92.72,85.73,48
482304,60288,4140.14,91.64,2.12,48
482304,60288,4157.23,93.49,23.17,48
482304,60288,4154.30,90.56,3.17,48
482688,60336,3791.43,91.38,90.10,48
482688,60336,4210.20,92.59,11.71,48
482688,60336,3877.33,92.58,92.30,48
482688,60336,4042.04,90.64,0.39,48
482688,60336,4228.29,92.05,1.97,48
482688,60336,3801.24,92.21,100.71,48
482688,60336,3681.60,93.85,163.22,48
482688,60336,4235.14,93.86,28.55,48
483072,60384,4186.40,93.08,8.93,48
483072,60384,4240.82,93.58,17.86,48
483072,60384,3896.32,91.09,66.31,48
483072,60384,3944.82,90.37,18.82,48
483072,60384,4185.76,91.19,0.39,48
483072,60384,3679.44,92.73,141.59,48
483072,60384,3344.05,93.04,235.75,48
483072,60384,3525.55,93.42,189.77,48
483456,60432,4028.14,91.47,24.28,48
483456,60432,4296.05,93.15,2.20,48
483456,60432,4222.49,92.75,1.21,48
483456,60432,4136.32,92.98,35.88,48
483456,60432,3112.28,93.61,291.48,48
483456,60432,4139.90,91.43,0.02,48
483456,60432,3663.07,93.38,159.57,48
483456,60432,4090.90,93.21,57.30,48
483840,60480,3982.80,91.41,45.20,48
483840,60480,4300.68,93.16,3.13,48
483840,60480,3574.56,91.57,157.46,48
483840,60480,3878.52,92.78,84.35,48
483840,60480,4168.44,92.66,21.61,48
483840,60480,3754.10,91.47,82.76,48
483840,60480,4266.68,92.89,4.88,48
483840,60480,4325.58,93.27,0.54,48
484224,60528,3811.86,90.33,57.68,48
484224,60528,4214.60,92.87,23.28,48
484224,60528,3159.89,90.83,232.59,48
484224,60528,3889.75,90.35,61.47,48
484224,60528,4017.23,91.01,31.92,48
484224,60528,4122.64,90.82,3.59,48
484224,60528,3773.84,93.03,118.34,48
484224,60528,4084.70,92.31,22.13,48
484608,60576,4336.44,93.15,2.09,48
484608,60576,3986.23,92.86,67.11,48
484608,60576,4072.07,92.70,41.09,48
484608,60576,4313.63,93.58,3.62,48
484608,60576,3859.26,90.21,53.94,48
484608,60576,4176.29,94.12,44.68,48
484608,60576,4216.98,92.76,0.99,48
484608,60576,4178.24,91.21,8.50,48
484992,60624,4298.39,92.89,1.21,48
484992,60624,3321.16,90.03,183.31,48
484992,60624,3612.21,92.79,153.19,48
484992,60624,4052.76,93.43,53.83,48
484992,60624,4038.29,91.56,37.01,48
484992,60624,4132.47,91.76,4.89,48
484992,60624,3450.52,90.70,166.13,48
484992,60624,3173.59,90.48,221.25,48
485376,60672,3958.37,93.28,88.95,48
485376,60672,4212.15,92.77,4.88,48
485376,60672,3865.13,91.54,72.91,48
485376,60672,3952.89,91.04,55.33,48
485376,60672,3711.22,90.54,90.29,48
485376,60672,4121.11,92.73,33.80,48
485376,60672,4207.84,91.18,1.25,48
485376,60672,4231.24,93.09,14.80,48
485760,60720,3519.64,90.77,151.39,48
485760,60720,4164.72,92.98,13.31,48
485760,60720,4167.56,91.65,0.72,48
485760,60720,4349.42,93.31,1.24,48
485760,60720,4055.77,93.83,74.79,48
485760,60720,3221.08,90.94,225.73,48
485760,60720,4209.92,91.51,1.00,48
485760,60720,3363.76,93.53,234.34,48
486144,60768,4120.20,90.55,0.69,48
486144,60768,4022.68,91.11,18.29,48
486144,60768,3947.66,92.47,67.47,48
486144,60768,4261.63,92.35,0.10,48
486144,60768,3298.69,93.50,252.37,48
486144,60768,1226.25,91.27,710.65,48
486144,60768,4114.28,91.78,18.62,48
486144,60768,4059.36,92.65,43.13,48
486528,60816,4310.47,93.68,15.89,48
486528,60816,4015.14,91.18,47.83,48
486528,60816,4070.37,93.75,67.98,48
486528,60816,2351.49,92.81,470.73,48
486528,60816,4127.32,91.82,16.98,48
486528,60816,4197.77,91.30,0.02,48
486528,60816,4282.98,92.92,7.50,48
486528,60816,4104.35,90.40,0.10,48
486912,60864,4260.98,93.17,5.17,48
486912,60864,4038.20,92.99,68.96,48
486912,60864,3866.47,92.85,94.61,48
486912,60864,4237.49,93.24,10.26,48
486912,60864,3950.95,91.62,37.22,48
486912,60864,3925.11,92.53,84.39,48
486912,60864,3608.17,93.42,176.74,48
486912,60864,4220.26,92.81,2.08,48
487296,60912,4033.30,92.79,62.50,48
487296,60912,1439.37,91.44,674.51,48
487296,60912,4090.67,91.82,26.77,48
487296,60912,4104.47,92.89,52.88,48
487296,60912,4110.96,90.94,0.10,48
487296,60912,4198.29,91.60,3.90,48
487296,60912,4169.52,91.19,0.33,48
487296,60912,4174.66,92.24,24.08,48
487680,60960,4181.57,91.86,3.89,48
487680,60960,3700.33,93.34,146.79,48
487680,60960,3288.78,91.33,220.31,48
487680,60960,4133.26,91.01,3.66,48
487680,60960,4023.35,89.89,4.22,48
487680,60960,3839.91,93.51,107.86,48
487680,60960,3937.07,92.75,86.02,48
487680,60960,3925.29,91.12,59.11,48
488064,61008,4066.27,92.91,35.46,48
488064,61008,2612.75,93.28,419.70,48
488064,61008,4102.43,93.64,55.25,48
488064,61008,4056.76,90.78,0.48,48
488064,61008,4150.59,92.38,0.72,48
488064,61008,4153.97,91.01,3.40,48
488064,61008,3593.75,93.63,184.63,48
488064,61008,4087.47,91.30,24.46,48
488448,61056,3937.91,90.31,44.91,48
488448,61056,4097.70,92.47,31.46,48
488448,61056,4143.92,91.40,11.44,48
488448,61056,3878.96,89.96,69.90,48
488448,61056,4122.03,91.34,2.40,48
488448,61056,3750.00,91.33,98.21,48
488448,61056,3334.33,91.02,191.49,48
488448,61056,3945.49,90.62,30.77,48
488832,61104,4039.13,91.01,24.09,48
488832,61104,4246.78,93.56,16.30,48
488832,61104,4363.10,93.63,0.02,48
488832,61104,3473.76,92.63,197.76,48
488832,61104,4109.85,92.72,48.38,48
488832,61104,3989.84,90.90,40.36,48
488832,61104,3934.70,90.93,57.18,48
488832,61104,4195.39,92.17,11.15,48
489216,61152,3577.98,91.50,156.18,48
489216,61152,3947.36,91.76,65.46,48
489216,61152,4207.28,92.86,7.46,48
489216,61152,4136.29,92.40,27.90,48
489216,61152,4252.65,92.81,1.83,48
489216,61152,3978.64,92.76,62.50,48
489216,61152,3980.78,92.40,41.39,48
489216,61152,1716.75,90.91,580.01,48
489600,61200,4036.94,92.45,50.05,48
489600,61200,4111.45,91.51,2.94,48
489600,61200,4114.81,90.24,2.17,48
489600,61200,3293.81,90.97,209.17,48
489600,61200,4208.76,91.39,1.01,48
489600,61200,4267.79,93.14,2.26,48
489600,61200,4006.79,93.14,75.69,48
489600,61200,4063.34,90.48,0.32,48
489984,61248,3949.91,91.62,54.72,48
489984,61248,3988.72,93.37,76.41,48
489984,61248,4007.91,91.35,47.80,48
489984,61248,4102.67,91.38,1.26,48
489984,61248,3839.66,90.66,65.34,48
489984,61248,4142.34,92.54,6.59,48
489984,61248,4038.97,90.29,15.58,48
489984,61248,1679.25,93.37,652.48,48
490368,61296,4249.12,93.47,1.63,48
490368,61296,4039.12,93.68,72.80,48
490368,61296,4179.42,93.18,34.68,48
490368,61296,3677.76,93.43,156.84,48
490368,61296,3262.88,91.32,223.44,48
490368,61296,4186.69,92.73,4.89,48
490368,61296,3447.77,91.15,167.81,48
490368,61296,3774.69,92.99,129.65,48
490752,61344,4320.16,93.66,0.28,48
490752,61344,2478.23,92.41,437.37,48
490752,61344,3881.92,92.17,85.16,48
490752,61344,4241.36,93.16,12.39,48
490752,61344,4257.94,92.90,8.73,48
490752,61344,4136.96,91.26,1.43,48
490752,61344,4153.77,93.31,38.67,48
490752,61344,4085.67,90.98,0.01,48
491136,61392,4229.70,92.10,1.85,48
491136,61392,4214.25,92.96,2.20,48
491136,61392,4232.57,93.45,12.76,48
491136,61392,4169.33,91.39,5.88,48
491136,61392,3504.34,93.67,213.86,48
491136,61392,2097.07,91.70,507.98,48
491136,61392,4193.80,91.90,0.57,48
491136,61392,3941.42,90.80,35.80,48
491520,61440,4327.92,93.38,1.57,48
491520,61440,3949.58,90.83,33.74,48
491520,61440,4347.09,93.31,2.39,48
491520,61440,4224.23,91.65,6.06,48
491520,61440,4043.77,91.16,35.53,48
491520,61440,4291.48,93.21,3.55,48
491520,61440,3953.57,92.57,64.95,48
491520,61440,3819.00,90.80,75.21,48
491904,61488,3269.04,91.96,226.18,48
491904,61488,3831.65,90.92,66.79,48
491904,61488,4185.41,92.17,5.66,48
491904,61488,3877.83,90.09,34.69,48
491904,61488,4149.95,93.70,48.38,48
491904,61488,3815.14,91.24,75.52,48
491904,61488,3663.37,93.14,162.34,48
491904,61488,3824.92,91.94,77.96,48
492288,61536,4159.62,92.18,21.53,48
492288,61536,3964.14,90.60,37.13,48
492288,61536,3935.46,89.84,0.62,48
492288,61536,4135.82,92.14,4.85,48
492288,61536,3862.32,90.45,52.63,48
492288,61536,3844.24,93.05,104.80,48
492288,61536,3423.95,92.98,212.65,48
492288,61536,4308.53,92.99,5.90,48
492672,61584,3479.57,90.45,130.65,48
492672,61584,1673.55,90.73,610.10,48
492672,61584,3687.93,90.84,97.54,48
492672,61584,3908.29,93.13,93.95,48
492672,61584,4076.62,91.50,35.26,48
492672,61584,4034.99,93.54,74.62,48
492672,61584,4186.99,91.82,6.08,48
492672,61584,3822.71,90.24,58.36,48
493056,61632,3782.35,90.63,50.55,48
493056,61632,3975.83,90.90,56.44,48
493056,61632,4201.86,93.01,8.40,48
493056,61632,4117.44,92.94,33.61,48
493056,61632,4189.51,93.62,40.81,48
493056,61632,4164.68,92.74,16.35,48
493056,61632,4022.01,91.48,40.87,48
493056,61632,4263.70,93.21,4.15,48
493440,61680,3979.84,92.26,63.45,48
493440,61680,4192.13,91.69,6.99,48
493440,61680,4015.89,90.67,11.34,48
493440,61680,4343.88,93.70,2.39,48
493440,61680,3375.69,90.87,172.33,48
493440,61680,4280.54,92.99,4.03,48
493440,61680,3978.62,91.08,27.47,48
493440,61680,3557.85,91.08,148.45,48
493824,61728,4180.53,93.20,25.23,48
493824,61728,4291.83,94.10,21.49,48
493824,61728,3959.90,92.49,66.89,48
493824,61728,3450.36,93.11,206.24,48
493824,61728,3496.38,91.93,151.92,48
493824,61728,4103.26,91.15,9.24,48
493824,61728,3872.05,91.47,45.90,48
493824,61728,3882.41,93.37,93.22,48
494208,61776,4110.15,93.50,61.91,48
494208,61776,4147.35,91.47,1.28,48
494208,61776,4052.77,91.36,32.15,48
494208,61776,4190.70,93.77,33.34,48
494208,61776,4039.41,91.40,27.78,48
494208,61776,3677.84,92.60,133.57,48
494208,61776,4063.43,92.81,25.41,48
494208,61776,3950.95,90.37,32.23,48
494592,61824,4121.68,91.37,0.18,48
494592,61824,3717.54,92.99,135.39,48
494592,61824,3506.75,90.85,152.30,48
494592,61824,3948.43,90.06,22.88,48
494592,61824,3927.04,90.48,44.36,48
494592,61824,4223.34,93.69,22.86,48
494592,61824,3877.06,92.79,85.18,48
494592,61824,2667.78,88.88,324.59,48
494976,61872,4117.62,92.41,27.46,48
494976,61872,3989.37,89.67,0.74,48
494976,61872,1699.26,92.66,622.66,48
494976,61872,4325.66,92.89,0.23,48
494976,61872,4175.46,92.21,2.81,48
494976,61872,4269.56,92.32,0.90,48
494976,61872,3388.98,93.79,235.70,48
494976,61872,4152.76,93.53,36.43,48
495360,61920,4114.85,90.84,0.26,48
495360,61920,4140.90,90.81,4.12,48
495360,61920,3953.44,91.23,44.27,48
495360,61920,3751.55,91.40,90.75,48
495360,61920,4069.59,91.62,26.70,48
495360,61920,4137.21,91.40,7.74,48
495360,61920,4117.29,90.88,0.66,48
495360,61920,3980.95,91.90,53.01,48
495744,61968,3937.81,90.87,44.69,48
495744,61968,3947.80,93.21,81.74,48
495744,61968,2559.96,93.03,421.22,48
495744,61968,4251.35,92.39,0.05,48
495744,61968,4020.84,91.07,19.72,48
495744,61968,3311.05,91.21,204.90,48
495744,61968,4181.27,92.66,11.41,48
495744,61968,3528.27,92.86,184.56,48
496128,62016,4079.69,91.30,0.26,48
496128,62016,3280.13,92.39,226.19,48
496128,62016,3801.88,92.31,84.56,48
496128,62016,4184.67,93.37,22.62,48
496128,62016,3763.52,89.98,70.51,48
496128,62016,3991.12,92.34,60.44,48
496128,62016,3981.68,92.21,56.69,48
496128,62016,3853.28,90.72,65.93,48
496512,62064,3811.41,93.29,119.28,48
496512,62064,4162.36,91.33,6.79,48
496512,62064,3688.14,92.24,123.68,48
496512,62064,4111.02,91.10,8.23,48
496512,62064,3676.23,92.16,133.84,48
496512,62064,3968.37,92.09,48.20,48
496512,62064,3924.10,91.40,62.41,48
496512,62064,3610.52,93.12,163.40,48
496896,62112,4161.34,94.09,52.12,48
496896,62112,3756.50,92.32,94.85,48
496896,62112,4311.48,93.60,0.79,48
496896,62112,4072.39,92.66,61.67,48
496896,62112,4008.52,91.28,46.66,48
496896,62112,3376.03,93.72,244.42,48
496896,62112,4272.27,93.57,21.16,48
496896,62112,4189.68,91.82,7.96,48
497280,62160,2347.92,93.67,493.84,48
497280,62160,4215.20,91.90,1.59,48
497280,62160,3405.30,91.33,203.05,48
497280,62160,4115.41,93.05,36.76,48
497280,62160,4049.08,91.03,5.01,48
497280,62160,4181.57,91.71,9.02,48
497280,62160,3798.66,92.21,89.13,48
497280,62160,4238.92,93.39,16.22,48
497664,62208,4046.35,90.23,1.95,48
497664,62208,1530.65,93.34,687.39,48
497664,62208,4339.48,93.51,0.25,48
497664,62208,4075.15,90.06,3.12,48
497664,62208,4075.48,91.57,21.54,48
497664,62208,3788.52,91.35,83.15,48
497664,62208,4240.68,92.60,2.93,48
497664,62208,4135.03,93.16,40.68,48
498048,62256,2313.87,94.05,507.72,48
498048,62256,3816.41,91.41,86.30,48
498048,62256,3327.17,90.62,201.83,48
498048,62256,4189.12,93.05,34.86,48
498048,62256,4247.52,93.15,10.83,48
498048,62256,3848.40,92.45,90.91,48
498048,62256,3277.14,91.49,230.57,48
498048,62256,4087.96,92.54,43.38,48
498432,62304,4063.43,91.76,25.49,48
498432,62304,3792.74,92.99,116.52,48
498432,62304,4184.67,93.05,21.81,48
498432,62304,4245.83,93.02,1.37,48
498432,62304,3835.42,92.35,104.28,48
498432,62304,1466.50,91.40,660.35,48
498432,62304,4356.01,93.70,0.71,48
498432,62304,4278.35,93.67,14.14,48
498816,62352,4058.05,90.55,19.08,48
498816,62352,4206.51,92.55,0.02,48
498816,62352,4059.99,93.27,67.11,48
498816,62352,4184.05,93.33,30.40,48
498816,62352,4154.38,93.01,28.53,48
498816,62352,3577.68,90.74,135.15,48
498816,62352,4062.28,92.69,42.47,48
498816,62352,4213.78,93.06,21.14,48
499200,62400,3668.15,91.90,122.21,48
499200,62400,4187.32,91.68,5.59,48
499200,62400,4113.78,90.84,7.13,48
499200,62400,3671.04,91.65,135.86,48
499200,62400,4221.18,92.43,19.63,48
499200,62400,3785.75,93.17,122.44,48
499200,62400,4114.06,91.59,3.40,48
499200,62400,2440.28,92.91,447.88,48
499584,62448,4042.43,91.15,28.33,48
499584,62448,4271.39,93.21,9.02,48
499584,62448,4079.49,90.91,0.47,48
499584,62448,4140.64,92.90,28.62,48
499584,62448,4277.80,93.41,3.62,48
499584,62448,3631.65,91.27,125.38,48
499584,62448,3636.08,92.82,155.84,48
499584,62448,4285.49,93.52,1.70,48
499968,62496,4101.20,93.51,54.08,48
499968,62496,4089.14,90.48,0.58,48
499968,62496,3922.00,92.60,75.32,48
499968,62496,3244.93,93.01,246.96,48
499968,62496,3667.83,91.43,132.82,48
499968,62496,2250.54,91.50,477.16,48
499968,62496,4092.54,91.07,5.55,48
499968,62496,4228.18,94.02,29.65,48
500352,62544,3850.77,90.72,49.04,48
500352,62544,4113.21,91.71,25.98,48
500352,62544,4305.92,93.18,2.45,48
500352,62544,3828.90,91.37,84.20,48
500352,62544,4226.42,92.66,4.03,48
500352,62544,4124.37,91.51,0.88,48
500352,62544,4343.16,93.79,5.74,48
500352,62544,3931.89,90.73,59.77,48
500736,62592,3337.46,90.52,191.37,48
500736,62592,3809.43,93.34,122.76,48
500736,62592,3622.34,93.20,162.54,48
500736,62592,3995.70,89.80,12.92,48
500736,62592,4191.32,91.71,6.89,48
500736,62592,4369.12,93.99,0.72,48
500736,62592,4217.06,92.86,2.66,48
500736,62592,4070.53,93.73,57.81,48
501120,62640,4175.99,91.86,4.36,48
501120,62640,4195.53,92.89,6.88,48
501120,62640,3692.52,94.07,166.92,48
501120,62640,3651.22,91.96,141.13,48
501120,62640,4053.94,91.76,26.48,48
501120,62640,1355.59,91.79,698.57,48
501120,62640,4258.42,93.12,0.02,48
501120,62640,3491.01,92.58,182.33,48
501504,62688,4200.93,91.86,1.21,48
501504,62688,3206.77,92.47,252.56,48
501504,62688,4362.38,93.92,1.83,48
501504,62688,4136.01,93.20,46.71,48
501504,62688,4141.80,91.89,14.66,48
501504,62688,4245.96,93.64,22.41,48
501504,62688,4341.84,93.73,0.00,48
501504,62688,4150.46,92.52,16.74,48
501888,62736,3130.40,90.34,224.16,48
501888,62736,4040.75,91.43,28.15,48
501888,62736,3527.59,92.61,169.84,48
501888,62736,4043.17,93.58,66.16,48
501888,62736,3701.80,90.61,85.19,48
501888,62736,3697.53,89.91,88.08,48
501888,62736,4070.83,92.33,13.76,48
501888,62736,3899.92,91.58,59.28,48
502272,62784,4211.82,92.44,1.49,48
502272,62784,3330.72,91.44,206.00,48
502272,62784,1632.53,93.43,661.06,48
502272,62784,4031.40,93.75,75.34,48
502272,62784,3580.25,93.76,179.47,48
502272,62784,3971.40,92.79,67.10,48
502272,62784,4173.98,92.75,10.72,48
502272,62784,4284.55,93.10,0.43,48
502656,62832,3230.70,91.55,221.23,48
502656,62832,4297.77,93.36,0.69,48
502656,62832,4095.01,92.93,41.01,48
502656,62832,4131.34,91.27,3.22,48
502656,62832,3648.90,92.76,159.66,48
502656,62832,4109.56,91.69,3.76,48
502656,62832,4027.26,90.77,10.60,48
502656,62832,4064.54,90.55,0.43,48
503040,62880,4001.46,91.09,35.14,48
503040,62880,4078.19,92.54,29.31,48
503040,62880,3530.84,92.57,188.18,48
503040,62880,4173.45,91.26,1.70,48
503040,62880,4174.46,92.71,3.78,48
503040,62880,4121.85,91.79,21.93,48
503040,62880,4023.65,92.22,41.14,48
503040,62880,4147.64,91.15,0.00,48
503424,62928,2462.15,93.51,456.62,48
503424,62928,3951.95,93.17,78.81,48
503424,62928,4051.18,91.47,27.91,48
503424,62928,4284.94,92.95,0.25,48
503424,62928,4245.55,94.10,32.36,48
503424,62928,4045.17,92.07,39.59,48
503424,62928,3777.49,90.51,69.92,48
503424,62928,4087.58,91.93,31.39,48
503808,62976,3964.16,91.89,47.85,48
503808,62976,4069.17,93.05,50.14,48
503808,62976,4295.80,93.24,12.27,48
503808,62976,3579.12,90.69,145.75,48
503808,62976,4322.78,93.10,1.46,48
503808,62976,4272.22,93.72,18.09,48
503808,62976,4147.57,91.22,5.26,48
503808,62976,3764.15,92.29,113.76,48
504192,63024,4129.70,93.46,35.39,48
504192,63024,4283.68,93.07,0.47,48
504192,63024,4136.77,93.35,37.33,48
504192,63024,3737.72,92.54,116.71,48
504192,63024,4103.15,92.06,29.77,48
504192,63024,4191.27,92.42,12.43,48
504192,63024,3959.83,92.13,46.77,48
504192,63024,4189.89,92.89,22.64,48
504576,63072,3883.13,89.76,23.62,48
504576,63072,4216.45,92.30,0.83,48
504576,63072,4062.04,91.40,18.29,48
504576,63072,4020.03,91.69,32.57,48
504576,63072,4279.49,93.24,3.71,48
504576,63072,3816.54,90.04,41.04,48
504576,63072,4248.52,93.03,9.13,48
504576,63072,4104.93,92.15,40.29,48
504960,63120,4287.29,92.97,1.24,48
504960,63120,4183.11,93.15,34.88,48
504960,63120,3986.16,92.99,72.63,48
504960,63120,4121.11,92.01,21.55,48
504960,63120,3506.87,91.92,168.71,48
504960,63120,1485.60,93.97,723.07,48
504960,63120,3662.15,91.11,112.49,48
504960,63120,4306.70,93.77,0.78,48
505344,63168,4286.89,93.57,4.60,48
505344,63168,4159.06,91.82,1.83,48
505344,63168,3929.90,91.83,66.90,48
505344,63168,4196.16,92.71,5.89,48
505344,63168,4235.36,93.19,5.43,48
505344,63168,4008.87,92.92,70.14,48
505344,63168,1602.66,93.17,662.11,48
505344,63168,3861.33,93.24,112.84,48
505728,63216,4203.21,93.81,41.15,48
505728,63216,4207.11,92.66,12.91,48
505728,63216,3971.58,92.40,67.76,48
505728,63216,4074.63,93.04,53.82,48
505728,63216,3751.74,93.15,141.83,48
505728,63216,4181.95,92.38,9.95,48
505728,63216,3551.18,90.56,140.56,48
505728,63216,3355.67,93.11,223.58,48
506112,63264,4280.24,93.38,0.31,48
506112,63264,3792.97,90.91,54.40,48
506112,63264,4129.82,91.48,3.85,48
506112,63264,4187.98,91.65,3.13,48
506112,63264,4345.76,93.72,0.78,48
506112,63264,4028.46,92.56,54.56,48
506112,63264,3781.07,91.29,80.11,48
506112,63264,4115.94,91.86,9.40,48
506496,63312,4160.31,90.85,0.18,48
506496,63312,4133.32,90.28,1.56,48
506496,63312,3897.81,90.67,39.81,48
506496,63312,4216.69,93.07,1.74,48
506496,63312,3383.21,93.67,232.48,48
506496,63312,4287.39,93.12,2.36,48
506496,63312,3779.94,92.07,108.84,48
506496,63312,4308.74,93.14,0.71,48
506880,63360,1661.37,93.25,654.49,48
506880,63360,4151.51,92.05,1.29,48
506880,63360,4219.44,91.96,1.28,48
506880,63360,4071.26,91.13,6.38,48
506880,63360,3924.24,90.00,17.23,48
506880,63360,3981.56,93.31,76.06,48
506880,63360,4089.63,91.91,3.17,48
506880,63360,3992.69,91.10,32.50,48
507264,63408,3648.41,92.40,124.66,48
507264,63408,3619.42,92.66,160.33,48
507264,63408,4078.79,92.03,29.36,48
507264,63408,4358.41,94.27,4.74,48
507264,63408,4258.51,92.83,0.10,48
507264,63408,3283.38,91.54,224.78,48
507264,63408,4094.70,93.28,45.23,48
507264,63408,4172.81,91.53,0.33,48
507648,63456,2468.28,93.89,469.71,48
507648,63456,3943.46,93.39,91.46,48
507648,63456,4173.79,91.61,2.39,48
507648,63456,4306.64,93.57,2.64,48
507648,63456,3565.89,92.10,157.27,48
507648,63456,4088.40,92.62,29.64,48
507648,63456,3890.71,90.74,51.71,48
507648,63456,3522.12,90.00,123.37,48
508032,63504,3998.33,92.77,56.71,48
508032,63504,4178.41,91.82,0.68,48
508032,63504,3145.90,91.05,241.52,48
508032,63504,4012.77,89.96,2.83,48
508032,63504,4094.02,90.88,1.54,48
508032,63504,4341.46,93.67,0.47,48
508032,63504,3977.06,91.65,44.37,48
508032,63504,4192.96,92.27,0.10,48
508416,63552,4340.48,93.30,0.32,48
508416,63552,4080.78,90.28,0.35,48
508416,63552,4309.87,93.77,2.15,48
508416,63552,4224.83,92.99,17.89,48
508416,63552,3700.48,92.73,129.42,48
508416,63552,4281.12,93.17,11.49,48
508416,63552,3881.22,92.46,62.39,48
508416,63552,4340.56,93.52,4.16,48
508800,63600,4167.90,90.97,0.27,48
508800,63600,3705.87,91.78,122.76,48
508800,63600,4034.56,90.14,0.31,48
508800,63600,3909.84,91.90,72.69,48
508800,63600,3597.82,90.70,122.28,48
508800,63600,3729.35,90.53,79.84,48
508800,63600,4340.20,93.44,2.34,48
508800,63600,3361.42,90.56,189.15,48
509184,63648,4047.21,91.55,24.80,48
509184,63648,4290.38,93.11,0.28,48
509184,63648,3965.47,91.76,56.96,48
509184,63648,4116.17,90.81,0.60,48
509184,63648,4074.84,90.77,0.32,48
509184,63648,4145.44,91.04,0.39,48
509184,63648,3971.59,90.66,33.93,48
509184,63648,4350.11,93.74,2.47,48
509568,63696,4281.01,93.22,1.37,48
509568,63696,3960.82,93.41,83.81,48
509568,63696,4344.89,93.47,3.32,48
509568,63696,4207.68,92.04,9.74,48
509568,63696,4157.47,92.68,18.74,48
509568,63696,4136.02,91.55,4.47,48
509568,63696,4098.62,92.28,33.24,48
509568,63696,1876.15,93.15,602.40,48
509952,63744,4045.93,92.92,45.01,48
509952,63744,4206.99,92.01,1.29,48
509952,63744,4117.64,92.86,32.92,48
509952,63744,3861.98,93.75,121.17,48
509952,63744,3212.38,90.51,214.97,48
509952,63744,3239.77,91.25,220.19,48
509952,63744,3893.79,92.20,92.22,48
509952,63744,4238.91,93.02,9.65,48
510336,63792,3776.15,91.61,82.72,48
510336,63792,3957.60,92.89,72.16,48
510336,63792,1641.55,90.51,616.42,48
510336,63792,4036.30,92.81,52.37,48
510336,63792,4286.83,93.56,7.25,48
510336,63792,3418.89,90.47,158.82,48
510336,63792,4240.91,93.07,8.77,48
510336,63792,3530.64,91.39,166.05,48
510720,63840,3230.41,90.98,228.46,48
510720,63840,4164.75,92.95,18.74,48
510720,63840,4236.39,92.95,4.38,48
510720,63840,2430.86,93.60,468.44,48
510720,63840,4316.19,94.17,6.58,48
510720,63840,3605.70,92.89,160.95,48
510720,63840,4294.28,93.23,2.99,48
510720,63840,4115.21,93.13,58.11,48
511104,63888,4053.96,92.92,44.76,48
511104,63888,3998.91,91.68,48.99,48
511104,63888,4131.21,92.53,42.78,48
511104,63888,4307.96,93.55,3.77,48
511104,63888,3416.15,91.29,179.96,48
511104,63888,3782.30,91.68,103.67,48
511104,63888,3948.73,91.32,49.05,48
511104,63888,3368.62,93.57,234.92,48
511488,63936,3896.89,91.61,68.15,48
511488,63936,3780.22,91.97,94.85,48
511488,63936,4046.66,93.11,58.38,48
511488,63936,4300.73,93.77,3.89,48
511488,63936,4006.07,90.83,20.74,48
511488,63936,4174.29,92.97,24.95,48
511488,63936,3285.04,91.15,223.10,48
511488,63936,4323.05,93.12,1.37,48
511872,63984,4184.82,91.93,2.71,48
511872,63984,4273.98,93.80,21.67,48
511872,63984,3638.40,91.57,144.32,48
511872,63984,3813.00,91.82,88.54,48
511872,63984,3951.38,92.45,75.05,48
511872,63984,4181.81,92.10,3.40,48
511872,63984,4283.39,94.08,26.59,48
511872,63984,3929.91,91.97,47.39,48
512256,64032,3935.02,93.57,88.35,48
512256,64032,3931.02,89.89,13.59,48
512256,64032,4298.92,93.53,6.12,48
512256,64032,3596.28,92.69,162.59,48
512256,64032,4059.00,91.05,0.74,48
512256,64032,4086.52,93.07,45.93,48
512256,64032,3965.40,92.33,56.00,48
512256,64032,4240.96,93.16,9.40,48
512640,64080,3424.27,92.86,209.64,48
512640,64080,3421.14,91.08,170.62,48
512640,64080,3945.65,93.16,86.01,48
512640,64080,3865.74,92.19,73.05,48
512640,64080,4239.65,93.25,16.45,48
512640,64080,3978.00,93.14,64.23,48
512640,64080,4048.37,92.21,37.53,48
512640,64080,4223.38,92.60,1.37,48
513024,64128,3355.09,92.79,218.42,48
513024,64128,3856.53,90.88,55.45,48
513024,64128,3964.67,90.32,20.24,48
513024,64128,3636.09,90.45,108.75,48
513024,64128,4019.06,92.98,59.14,48
513024,64128,1396.09,93.60,714.02,48
513024,64128,1640.38,91.35,632.21,48
513024,64128,4023.74,93.25,68.70,48
513408,64176,4225.69,93.72,19.70,48
513408,64176,4130.16,90.53,1.28,48
513408,64176,4344.89,93.40,1.43,48
513408,64176,3990.48,91.13,32.27,48
513408,64176,3494.72,90.88,141.21,48
513408,64176,3600.13,93.44,177.48,48
513408,64176,3864.80,91.79,70.29,48
513408,64176,4175.07,91.83,0.01,48
513792,64224,4348.24,93.99,3.96,48
513792,64224,3680.36,92.53,121.10,48
513792,64224,4185.90,91.79,1.34,48
513792,64224,4123.24,90.47,1.73,48
513792,64224,3983.71,93.15,82.77,48
513792,64224,3591.15,91.04,129.95,48
513792,64224,3654.32,91.58,127.98,48
513792,64224,4301.26,93.26,1.37,48
514176,64272,4231.02,92.92,12.33,48
514176,64272,3921.49,91.34,64.68,48
514176,64272,4270.12,92.94,0.19,48
514176,64272,4097.14,91.11,6.97,48
514176,64272,2346.27,89.87,413.03,48
514176,64272,3320.98,90.80,197.05,48
514176,64272,4083.50,91.69,19.70,48
514176,64272,4017.08,91.28,42.88,48
514560,64320,3997.22,91.50,28.32,48
514560,64320,4198.15,91.86,0.02,48
514560,64320,3281.93,90.80,214.61,48
514560,64320,4051.05,92.93,58.14,48
514560,64320,4108.94,91.08,0.85,48
514560,64320,4250.25,93.20,17.42,48
514560,64320,4201.30,93.83,40.19,48
514560,64320,4029.07,92.07,49.19,48
514944,64368,4344.91,93.78,0.28,48
514944,64368,3460.12,92.63,196.55,48
514944,64368,3421.13,90.88,177.13,48
514944,64368,4038.01,93.43,62.97,48
514944,64368,3864.85,90.08,40.87,48
514944,64368,3818.94,91.53,98.96,48
514944,64368,4322.91,93.10,0.72,48
514944,64368,4007.02,91.51,29.39,48
515328,64416,4078.33,93.07,51.36,48
515328,64416,4122.18,91.44,9.16,48
515328,64416,3783.88,92.99,132.71,48
515328,64416,3985.63,91.47,54.17,48
515328,64416,3408.77,90.83,187.79,48
515328,64416,4120.00,92.89,29.71,48
515328,64416,3396.51,93.48,230.35,48
515328,64416,3170.87,91.12,240.23,48
515712,64464,3428.15,91.80,179.67,48
515712,64464,4087.04,92.11,28.92,48
515712,64464,3871.50,92.08,69.46,48
515712,64464,3270.04,90.48,211.71,48
515712,64464,3797.33,91.70,75.79,48
515712,64464,3375.69,92.82,218.83,48
515712,64464,4118.60,91.57,20.31,48
515712,64464,4069.88,90.06,1.51,48
516096,64512,4163.66,91.58,0.00,48
516096,64512,2225.08,93.66,523.74,48
516096,64512,4111.58,91.79,1.46,48
516096,64512,4136.94,92.79,30.65,48
516096,64512,4327.32,93.40,0.00,48
516096,64512,3945.60,92.96,81.57,48
516096,64512,3499.37,91.22,160.73,48
516096,64512,3477.02,93.34,211.50,48
516480,64560,4198.74,92.00,1.01,48
516480,64560,3758.27,90.83,92.02,48
516480,64560,4073.49,91.12,20.41,48
516480,64560,4275.31,92.89,4.11,48
516480,64560,4217.36,91.46,0.71,48
516480,64560,3795.06,91.68,97.38,48
516480,64560,3861.80,91.55,58.34,48
516480,64560,4142.11,91.16,2.05,48
516864,64608,4127.08,92.69,23.40,48
516864,64608,4180.97,93.33,29.06,48
516864,64608,2199.56,91.92,495.52,48
516864,64608,4069.26,90.17,0.46,48
516864,64608,4343.45,93.77,0.32,48
516864,64608,4257.89,92.41,0.60,48
516864,64608,3994.71,93.30,75.99,48
516864,64608,4033.64,91.10,20.73,48
517248,64656,2216.09,91.48,480.99,48
517248,64656,4273.07,93.21,3.21,48
517248,64656,3484.16,91.78,164.28,48
517248,64656,3978.27,91.41,50.82,48
517248,64656,4206.94,93.11,0.78,48
517248,64656,4211.88,93.65,33.18,48
517248,64656,4036.30,92.79,61.74,48
517248,64656,3596.16,93.55,177.21,48
517632,64704,4181.87,91.68,1.48,48
517632,64704,3605.24,92.65,161.05,48
517632,64704,4002.15,92.10,54.84,48
517632,64704,3239.35,91.44,225.58,48
517632,64704,3998.23,89.75,1.01,48
517632,64704,3735.64,92.94,124.32,48
517632,64704,4120.01,93.30,42.64,48
517632,64704,3832.58,90.94,65.87,48
518016,64752,3537.55,90.16,117.01,48
518016,64752,1804.83,92.79,611.30,48
518016,64752,3960.28,90.70,25.77,48
518016,64752,4247.74,93.43,14.31,48
518016,64752,3829.42,93.41,117.95,48
518016,64752,4013.46,92.45,44.29,48
518016,64752,4166.91,92.98,28.97,48
518016,64752,4080.88,91.72,19.70,48
518400,64800,3695.83,93.23,144.60,48
518400,64800,3691.24,92.78,141.71,48
518400,64800,4248.32,92.90,0.31,48
518400,64800,3659.63,93.28,153.61,48
518400,64800,3576.52,90.34,122.66,48
518400,64800,3998.97,92.66,68.10,48
518400,64800,3849.95,90.31,57.47,48
518400,64800,4067.87,93.19,62.54,48
518784,64848,3641.59,92.79,151.02,48
518784,64848,3733.18,90.45,79.68,48
518784,64848,4057.45,93.54,54.80,48
518784,64848,1418.55,91.74,689.07,48
518784,64848,4192.33,93.00,6.37,48
518784,64848,2207.01,89.93,448.85,48
518784,64848,4205.41,92.15,2.54,48
518784,64848,4121.17,92.34,25.66,48
519168,64896,3902.32,93.23,97.65,48
519168,64896,4288.99,93.62,1.34,48
519168,64896,3975.20,91.99,67.05,48
519168,64896,3986.33,91.46,41.54,48
519168,64896,3807.65,91.05,94.38,48
519168,64896,4290.33,93.33,1.57,48
519168,64896,3412.32,90.76,160.90,48
519168,64896,3459.61,91.23,177.55,48
519552,64944,3616.55,93.28,169.92,48
519552,64944,3211.22,92.08,250.45,48
519552,64944,4246.49,93.72,10.69,48
519552,64944,4076.69,91.51,17.99,48
519552,64944,1623.71,93.03,654.87,48
519552,64944,4181.17,91.11,1.28,48
519552,64944,3474.77,90.10,148.61,48
519552,64944,3885.87,90.81,50.47,48
519936,64992,2434.51,93.63,471.28,48
519936,64992,4107.18,91.69,10.59,48
519936,64992,4015.56,90.73,30.15,48
519936,64992,3965.59,91.34,47.88,48
519936,64992,3642.37,90.77,99.57,48
519936,64992,4026.14,92.50,46.22,48
519936,64992,3503.47,92.26,169.13,48
519936,64992,3808.47,92.32,82.06,48
520320,65040,4122.43,90.66,1.31,48
520320,65040,3993.27,89.40,2.71,48
520320,65040,4122.76,91.76,1.83,48
520320,65040,4184.52,92.29,0.31,48
520320,65040,3842.57,93.30,114.48,48
520320,65040,4073.44,91.76,28.58,48
520320,65040,4002.93,91.91,51.87,48
520320,65040,4155.40,91.13,0.32,48
520704,65088,4357.48,94.32,7.17,48
520704,65088,2550.97,91.92,420.21,48
520704,65088,1523.03,93.62,695.99,48
520704,65088,3665.31,93.09,150.21,48
520704,65088,4024.93,90.99,15.41,48
520704,65088,4349.69,93.78,7.84,48
520704,65088,4153.47,92.97,17.50,48
520704,65088,4092.75,90.57,10.89,48
521088,65136,4108.59,92.75,33.00,48
521088,65136,4217.37,93.22,19.21,48
521088,65136,3827.61,91.59,73.49,48
521088,65136,4246.04,92.76,0.01,48
521088,65136,4015.05,93.18,71.52,48
521088,65136,4179.23,92.04,4.00,48
521088,65136,3885.49,91.92,70.01,48
521088,65136,3213.49,89.86,208.69,48
521472,65184,3671.88,90.43,107.35,48
521472,65184,4243.14,92.29,1.84,48
521472,65184,3709.84,91.57,122.01,48
521472,65184,4140.37,93.02,33.83,48
521472,65184,3526.28,90.29,131.10,48
521472,65184,4054.55,93.43,66.56,48
521472,65184,4370.86,94.20,0.54,48
521472,65184,4217.77,91.68,6.12,48
521856,65232,4262.71,93.36,0.79,48
521856,65232,4074.83,92.85,45.18,48
521856,65232,3471.75,93.41,212.04,48
521856,65232,4085.83,92.03,20.65,48
521856,65232,4097.65,92.70,36.77,48
521856,65232,4029.40,90.92,15.02,48
521856,65232,4106.18,91.65,17.00,48
521856,65232,3725.00,92.79,131.27,48
522240,65280,3899.45,91.09,61.98,48
522240,65280,3276.53,90.58,190.96,48
522240,65280,4249.42,92.67,1.49,48
522240,65280,3176.71,90.46,218.27,48
522240,65280,4011.64,92.24,56.14,48
522240,65280,4173.08,91.94,0.31,48
522240,65280,3323.89,91.44,217.09,48
522240,65280,4231.12,93.44,30.38,48
522624,65328,4215.07,93.37,34.51,48
522624,65328,4221.32,93.30,19.57,48
522624,65328,3949.95,91.17,56.40,48
522624,65328,3240.63,91.96,244.51,48
522624,65328,3286.03,92.96,236.39,48
522624,65328,3977.82,91.64,49.65,48
522624,65328,4213.11,92.07,1.21,48
522624,65328,4108.25,91.39,28.25,48
523008,65376,4319.03,93.47,0.88,48
523008,65376,4298.66,92.89,7.28,48
523008,65376,3157.10,93.53,266.96,48
523008,65376,3889.39,90.20,52.82,48
523008,65376,4292.43,93.20,0.43,48
523008,65376,3768.09,92.43,120.04,48
523008,65376,3855.85,93.57,118.67,48
523008,65376,4038.31,93.88,73.86,48
523392,65424,1283.42,91.62,711.59,48
523392,65424,3935.05,91.40,63.83,48
523392,65424,3206.82,91.06,231.79,48
523392,65424,4150.99,92.94,29.48,48
523392,65424,3797.88,91.94,87.27,48
523392,65424,3902.43,93.74,99.75,48
523392,65424,3728.92,91.12,84.30,48
523392,65424,3234.09,90.02,215.95,48
523776,65472,3708.34,93.44,150.65,48
523776,65472,3701.89,88.62,54.80,48
523776,65472,4164.12,91.75,0.79,48
523776,65472,3826.67,91.37,82.88,48
523776,65472,4075.27,90.74,9.66,48
523776,65472,4113.48,90.07,2.11,48
523776,65472,3877.61,91.36,81.16,48
523776,65472,3542.55,93.87,192.94,48
524160,65520,3951.09,92.16,79.31,48
524160,65520,1851.41,92.18,589.19,48
524160,65520,4229.03,92.80,8.99,48
524160,65520,3892.54,90.95,60.82,48
524160,65520,4196.51,92.31,0.01,48
524160,65520,3436.79,93.09,201.28,48
524160,65520,4230.27,93.25,26.37,48
524160,65520,3785.34,91.36,98.71,48
524544,65568,3979.99,92.64,66.98,48
524544,65568,3763.74,91.68,91.62,48
524544,65568,3927.06,90.81,30.80,48
524544,65568,3711.67,89.77,67.00,48
524544,65568,3501.23,93.05,184.41,48
524544,65568,3490.65,91.49,152.57,48
524544,65568,3719.58,91.79,123.98,48
524544,65568,4079.55,92.22,34.91,48
524928,65616,3853.78,93.46,98.89,48
524928,65616,3754.43,92.68,123.53,48
524928,65616,1424.13,91.10,661.74,48
524928,65616,4030.53,91.21,30.70,48
524928,65616,4075.86,91.91,25.81,48
524928,65616,3632.58,91.83,121.54,48
524928,65616,4202.22,91.45,0.05,48
524928,65616,4039.21,90.89,14.80,48
525312,65664,4212.30,91.86,2.39,48
525312,65664,1545.82,93.45,677.35,48
525312,65664,1651.83,92.54,628.99,48
525312,65664,4271.21,93.57,3.72,48
525312,65664,4262.92,93.11,3.87,48
525312,65664,4132.07,92.11,1.63,48
525312,65664,3423.34,92.76,204.71,48
525312,65664,4155.47,91.28,0.71,48
525696,65712,4189.05,93.07,24.18,48
525696,65712,3731.77,91.37,97.80,48
525696,65712,4189.74,92.14,4.00,48
525696,65712,4347.01,93.73,1.56,48
525696,65712,4140.04,91.38,0.35,48
525696,65712,4257.19,92.85,0.62,48
525696,65712,4033.68,93.22,45.30,48
525696,65712,4230.22,93.16,6.93,48
526080,65760,4106.27,91.30,0.47,48
526080,65760,4185.82,91.98,3.26,48
526080,65760,3792.95,92.81,100.00,48
526080,65760,3270.06,91.76,227.61,48
526080,65760,4092.91,90.92,2.30,48
526080,65760,4204.92,92.81,12.59,48
526080,65760,4114.11,92.37,13.30,48
526080,65760,4152.44,91.59,0.27,48
526464,65808,4098.20,93.76,59.41,48
526464,65808,3567.75,93.35,181.67,48
526464,65808,4173.08,91.09,0.35,48
526464,65808,3279.69,92.01,223.92,48
526464,65808,4031.29,92.05,41.64,48
526464,65808,3802.92,91.22,79.15,48
526464,65808,4277.99,92.98,0.71,48
526464,65808,4313.64,93.37,13.87,48
526848,65856,4210.80,92.50,4.46,48
526848,65856,4130.64,92.33,15.64,48
526848,65856,4324.32,93.73,3.84,48
526848,65856,3431.37,91.53,189.53,48
526848,65856,3264.28,92.17,240.13,48
526848,65856,4310.12,93.48,0.33,48
526848,65856,4042.24,91.09,29.74,48
526848,65856,1447.64,91.55,677.21,48
527232,65904,4263.46,92.66,2.31,48
527232,65904,4061.73,91.23,2.57,48
527232,65904,3465.44,92.41,184.87,48
527232,65904,4329.07,93.46,0.81,48
527232,65904,3786.22,91.95,109.16,48
527232,65904,3837.79,89.46,37.77,48
527232,65904,3974.72,90.37,11.40,48
527232,65904,3497.42,91.69,166.71,48
527616,65952,3599.77,92.18,150.97,48
527616,65952,3349.68,92.83,216.21,48
527616,65952,4248.43,93.16,19.33,48
527616,65952,4199.78,92.64,2.15,48
527616,65952,3605.36,91.04,122.15,48
527616,65952,3483.54,90.78,139.55,48
527616,65952,4193.99,92.53,0.10,48
527616,65952,3354.33,92.48,207.63,48
528000,66000,4126.36,92.15,18.73,48
528000,66000,4239.55,93.79,31.78,48
528000,66000,4284.79,93.96,7.91,48
528000,66000,4146.93,92.63,9.39,48
528000,66000,4308.38,93.80,12.07,48
528000,66000,3896.31,92.67,84.93,48
528000,66000,4044.64,91.03,4.23,48
528000,66000,3569.63,90.75,121.79,48
528384,66048,3479.98,92.76,172.95,48
528384,66048,3500.06,92.88,178.90,48
528384,66048,3516.83,93.34,202.46,48
528384,66048,4013.06,93.28,69.40,48
528384,66048,3931.24,93.89,97.61,48
528384,66048,2413.75,91.37,423.41,48
528384,66048,4076.50,90.77,3.63,48
528384,66048,3711.67,91.37,98.36,48
528768,66096,4096.04,91.09,0.10,48
528768,66096,4128.04,91.65,2.33,48
528768,66096,4201.46,92.64,5.45,48
528768,66096,4048.69,93.09,56.18,48
528768,66096,3939.05,93.23,70.28,48
528768,66096,4331.15,93.84,4.91,48
528768,66096,1399.00,91.59,684.21,48
528768,66096,3883.95,91.67,65.00,48
529152,66144,4035.64,92.96,66.92,48
529152,66144,3650.48,91.20,113.10,48
529152,66144,4091.00,93.14,47.21,48
529152,66144,3944.05,93.20,85.09,48
529152,66144,3887.95,90.80,44.20,48
529152,66144,3646.98,93.28,160.85,48
529152,66144,4233.70,93.19,7.47,48
529152,66144,3396.88,91.93,190.62,48
529536,66192,4085.59,93.54,53.70,48
529536,66192,3994.80,92.04,50.38,48
529536,66192,4141.16,93.60,45.64,48
529536,66192,3956.72,92.43,57.21,48
529536,66192,3537.65,93.80,191.09,48
529536,66192,3675.29,91.93,117.76,48
529536,66192,3898.19,92.65,70.60,48
529536,66192,3942.56,93.06,80.92,48
529920,66240,3828.45,91.80,86.36,48
529920,66240,4020.84,89.99,6.11,48
529920,66240,3880.01,90.88,54.86,48
529920,66240,3689.49,91.31,113.22,48
529920,66240,4003.14,91.82,30.06,48
529920,66240,3892.79,93.26,90.75,48
529920,66240,4312.37,93.72,0.02,48
529920,66240,4048.03,92.57,36.30,48
530304,66288,4092.53,90.75,0.71,48
530304,66288,4217.08,92.52,0.81,48
530304,66288,3941.17,93.76,97.14,48
530304,66288,4206.74,94.49,43.89,48
530304,66288,4161.83,93.05,19.24,48
530304,66288,3980.76,91.91,48.67,48
530304,66288,3936.47,92.36,73.27,48
530304,66288,3368.86,91.27,185.62,48
530688,66336,4255.51,93.27,2.20,48
530688,66336,4291.22,93.74,11.64,48
530688,66336,4333.13,93.69,1.33,48
530688,66336,4246.94,92.76,1.43,48
530688,66336,4242.31,93.37,15.11,48
530688,66336,4340.35,93.82,7.57,48
530688,66336,3958.89,93.33,67.48,48
530688,66336,4040.07,92.14,27.62,48
531072,66384,4173.89,92.53,13.53,48
531072,66384,3827.00,92.23,89.72,48
531072,66384,3486.64,93.44,211.06,48
531072,66384,4187.56,92.65,2.65,48
531072,66384,4293.40,93.16,1.34,48
531072,66384,3618.18,91.30,126.65,48
531072,66384,3419.74,93.51,211.41,48
531072,66384,3913.68,90.03,29.69,48
531456,66432,4183.47,92.54,2.41,48
531456,66432,3256.53,91.05,198.85,48
531456,66432,4006.62,90.82,12.09,48
531456,66432,4074.10,91.79,20.62,48
531456,66432,4318.09,93.74,4.56,48
531456,66432,4185.52,91.73,0.28,48
531456,66432,3659.79,93.34,153.05,48
531456,66432,3250.04,94.13,270.01,48
531840,66480,1248.79,91.26,704.37,48
531840,66480,4130.43,91.17,0.25,48
531840,66480,4079.37,93.60,63.79,48
531840,66480,4342.66,94.09,1.34,48
531840,66480,3547.38,93.52,186.25,48
531840,66480,3457.51,93.50,213.68,48
531840,66480,3708.82,92.65,124.69,48
531840,66480,4333.75,93.67,4.14,48
532224,66528,2085.09,91.24,503.04,48
532224,66528,4215.51,93.50,21.16,48
532224,66528,4131.49,91.30,0.88,48
532224,66528,4095.25,92.76,35.88,48
532224,66528,3654.95,91.52,123.51,48
532224,66528,3868.89,91.62,47.64,48
532224,66528,4148.41,93.65,39.56,48
532224,66528,3960.53,91.76,50.58,48
532608,66576,4321.53,94.32,10.56,48
532608,66576,2192.97,93.68,524.38,48
532608,66576,4320.03,93.67,1.66,48
532608,66576,4178.40,93.23,36.06,48
532608,66576,2433.14,93.18,462.37,48
532608,66576,3328.58,93.31,237.17,48
532608,66576,3748.03,91.84,96.79,48
532608,66576,3387.60,91.12,169.32,48
532992,66624,3886.81,92.74,91.69,48
532992,66624,3864.95,92.96,110.66,48
532992,66624,4193.74,92.29,0.10,48
532992,66624,4010.11,92.08,46.21,48
532992,66624,4079.76,91.52,2.26,48
532992,66624,4122.50,92.26,17.42,48
532992,66624,3393.85,91.62,180.85,48
532992,66624,4320.04,94.10,11.71,48
533376,66672,4291.45,93.13,0.66,48
533376,66672,3752.32,90.75,66.13,48
533376,66672,3568.36,93.15,172.73,48
533376,66672,4146.39,91.86,0.26,48
533376,66672,4106.81,91.98,18.78,48
533376,66672,1349.43,93.72,733.94,48
533376,66672,4213.25,92.93,0.69,48
533376,66672,2388.91,91.73,447.47,48
533760,66720,3261.73,91.64,233.10,48
533760,66720,4005.57,91.35,32.37,48
533760,66720,3991.32,91.87,43.55,48
533760,66720,4145.82,93.18,32.87,48
533760,66720,3633.19,93.07,162.28,48
533760,66720,3755.14,90.88,61.22,48
533760,66720,4210.15,92.56,1.56,48
533760,66720,4050.48,91.71,20.76,48
534144,66768,3990.13,91.63,41.02,48
534144,66768,3541.95,92.67,162.26,48
534144,66768,4173.98,91.47,0.00,48
534144,66768,2659.51,91.76,362.31,48
534144,66768,3638.25,93.44,168.09,48
534144,66768,4232.82,92.68,0.69,48
534144,66768,3458.94,91.86,184.30,48
534144,66768,4165.08,93.80,46.28,48
534528,66816,3571.71,92.78,166.43,48
534528,66816,4180.26,91.94,0.72,48
534528,66816,3987.53,91.29,31.77,48
534528,66816,4083.02,92.26,22.29,48
534528,66816,4239.69,93.30,13.85,48
534528,66816,3972.97,91.70,47.22,48
534528,66816,4075.65,91.45,20.36,48
534528,66816,3949.43,94.20,101.90,48
534912,66864,4094.00,91.03,12.64,48
534912,66864,4102.53,92.83,37.25,48
534912,66864,3923.28,92.65,76.73,48
534912,66864,4357.00,94.25,0.39,48
534912,66864,3827.93,91.02,67.94,48
534912,66864,4348.79,93.77,0.19,48
534912,66864,3270.31,93.12,239.18,48
534912,66864,4243.97,93.70,11.89,48
535296,66912,4011.21,91.19,21.72,48
535296,66912,4124.00,91.34,17.52,48
535296,66912,3339.89,93.23,225.13,48
535296,66912,4105.66,92.51,18.03,48
535296,66912,4035.22,93.13,63.37,48
535296,66912,4265.97,93.51,1.43,48
535296,66912,4178.67,92.73,30.36,48
535296,66912,4221.60,92.50,1.49,48
535680,66960,4255.09,93.05,0.60,48
535680,66960,4137.80,92.56,13.18,48
535680,66960,4092.20,93.14,54.51,48
535680,66960,4124.01,93.14,36.81,48
535680,66960,4012.09,90.97,6.54,48
535680,66960,3260.70,90.74,198.86,48
535680,66960,3159.77,93.07,262.92,48
535680,66960,3978.42,91.92,53.09,48
536064,67008,4024.67,92.14,31.16,48
536064,67008,3770.51,92.19,96.78,48
536064,67008,3496.85,91.55,159.82,48
536064,67008,4116.94,91.27,7.41,48
536064,67008,3747.76,93.11,126.42,48
536064,67008,4048.75,93.91,77.59,48
536064,67008,4128.57,92.04,13.79,48
536064,67008,4218.92,92.93,19.42,48
536448,67056,4214.02,92.60,1.22,48
536448,67056,4070.91,92.33,34.55,48
536448,67056,4322.23,93.21,4.77,48
536448,67056,4208.28,93.15,11.43,48
536448,67056,3963.59,91.30,40.73,48
536448,67056,3660.23,93.10,130.47,48
536448,67056,4150.65,91.49,0.32,48
536448,67056,3685.94,92.25,127.05,48
536832,67104,3888.79,92.05,67.06,48
536832,67104,3867.98,91.38,55.10,48
536832,67104,3902.69,92.08,67.21,48
536832,67104,4275.85,93.38,8.36,48
536832,67104,3872.64,91.55,78.95,48
536832,67104,3692.97,92.76,136.35,48
536832,67104,3088.71,91.74,255.39,48
536832,67104,3341.33,91.28,178.32,48
537216,67152,4033.31,92.68,42.40,48
537216,67152,4263.97,93.45,8.69,48
537216,67152,3192.91,91.28,217.68,48
537216,67152,3594.42,89.75,82.75,48
537216,67152,3938.71,93.27,74.89,48
537216,67152,4330.11,93.86,0.10,48
537216,67152,4317.34,93.89,16.67,48
537216,67152,4212.02,92.56,12.60,48
537600,67200,4307.97,93.30,0.68,48
537600,67200,3966.00,93.42,78.55,48
537600,67200,3963.72,92.25,62.09,48
537600,67200,4230.46,93.28,0.43,48
537600,67200,3905.99,91.01,44.98,48
537600,67200,4071.48,90.38,0.31,48
537600,67200,4137.76,91.17,0.62,48
537600,67200,3847.86,89.84,46.13,48
537984,67248,4023.10,91.61,41.51,48
537984,67248,4245.40,93.21,3.86,48
537984,67248,3762.23,91.76,95.55,48
537984,67248,1613.99,93.08,666.50,48
537984,67248,4080.04,90.89,2.78,48
537984,67248,4111.16,91.56,0.72,48
537984,67248,4196.07,92.15,0.18,48
537984,67248,3590.35,90.89,113.86,48
538368,67296,4125.06,92.89,27.30,48
538368,67296,3942.50,94.02,102.68,48
538368,67296,4209.31,92.60,0.19,48
538368,67296,3819.04,92.25,97.97,48
538368,67296,3045.20,92.86,297.12,48
538368,67296,3986.95,90.80,21.40,48
538368,67296,3986.28,91.31,41.04,48
538368,67296,3945.14,91.42,46.68,48
538752,67344,4000.10,91.42,36.31,48
538752,67344,3241.08,89.39,184.85,48
538752,67344,4147.44,92.73,30.75,48
538752,67344,3420.33,92.11,200.19,48
538752,67344,4227.19,93.30,6.83,48
538752,67344,4234.83,94.08,34.21,48
538752,67344,3409.32,91.29,161.47,48
538752,67344,4093.31,90.57,3.29,48
539136,67392,4350.63,94.05,1.60,48
539136,67392,4104.81,92.15,32.82,48
539136,67392,4047.07,90.58,15.93,48
539136,67392,3829.37,90.40,64.72,48
539136,67392,4170.48,93.03,13.83,48
539136,67392,4067.81,90.77,1.38,48
539136,67392,3707.16,92.78,133.25,48
539136,67392,3932.98,92.18,58.42,48
539520,67440,3483.03,93.44,199.44,48
539520,67440,3623.43,91.53,126.00,48
539520,67440,4343.19,93.83,4.11,48
539520,67440,4062.59,91.24,8.18,48
539520,67440,4140.11,91.76,4.65,48
539520,67440,4210.22,92.34,0.74,48
539520,67440,3355.41,90.91,181.68,48
539520,67440,3761.27,91.55,96.68,48
539904,67488,4217.06,92.78,1.43,48
539904,67488,4047.82,91.56,18.05,48
539904,67488,3583.51,91.62,127.65,48
539904,67488,4162.71,91.40,1.52,48
539904,67488,4243.35,92.59,0.71,48
539904,67488,4315.30,93.11,0.18,48
539904,67488,3267.34,93.70,251.58,48
539904,67488,4023.93,92.05,32.55,48
540288,67536,4041.58,91.90,24.71,48
540288,67536,4282.32,92.85,1.45,48
540288,67536,4218.70,92.04,0.26,48
540288,67536,4065.32,91.23,1.63,48
540288,67536,3923.53,92.53,72.94,48
540288,67536,3537.33,92.73,171.42,48
540288,67536,4150.75,93.07,25.70,48
540288,67536,3538.18,93.01,167.95,48
540672,67584,3716.87,91.32,98.87,48
540672,67584,3988.50,90.54,25.30,48
540672,67584,3903.98,93.23,96.36,48
540672,67584,4049.71,92.88,52.96,48
540672,67584,2368.99,92.04,443.21,48
540672,67584,4013.00,93.64,71.26,48
540672,67584,4319.51,94.06,3.00,48
540672,67584,3945.17,90.74,26.60,48
541056,67632,4037.17,91.76,39.84,48
541056,67632,4080.45,91.56,10.88,48
541056,67632,3842.69,92.80,89.61,48
541056,67632,3896.99,90.89,40.48,48
541056,67632,3914.32,91.69,56.94,48
541056,67632,4254.04,93.03,1.00,48
541056,67632,4120.06,90.95,3.36,48
541056,67632,3209.09,92.91,250.65,48
541440,67680,3425.25,91.87,165.92,48
541440,67680,3919.36,91.69,54.85,48
541440,67680,4087.12,90.85,6.27,48
541440,67680,3713.52,92.92,134.07,48
541440,67680,4121.99,91.29,6.09,48
541440,67680,4072.22,90.80,5.48,48
541440,67680,3094.59,92.22,263.83,48
541440,67680,4123.64,91.90,19.14,48
541824,67728,4166.04,93.07,19.13,48
541824,67728,4280.83,93.78,11.25,48
541824,67728,1389.20,91.17,664.22,48
541824,67728,4060.15,90.56,2.26,48
541824,67728,4351.25,93.71,0.39,48
541824,67728,3413.67,92.18,179.48,48
541824,67728,4007.85,91.69,42.55,48
541824,67728,4243.53,93.20,11.65,48
542208,67776,3836.97,92.03,97.97,48
542208,67776,3670.26,93.41,142.21,48
542208,67776,4312.91,93.40,1.26,48
542208,67776,3426.90,91.41,172.06,48
542208,67776,4285.40,93.59,13.65,48
542208,67776,4025.44,90.85,11.88,48
542208,67776,3672.97,91.62,120.65,48
542208,67776,4126.21,92.57,32.56,48
542592,67824,4118.61,91.59,2.71,48
542592,67824,3868.07,90.88,49.66,48
542592,67824,4168.97,92.84,1.16,48
542592,67824,4073.26,93.32,50.69,48
542592,67824,3875.19,92.10,68.33,48
542592,67824,4320.93,93.54,0.79,48
542592,67824,2291.52,92.31,466.23,48
542592,67824,4115.06,92.51,21.56,48
542976,67872,4035.40,91.23,0.28,48
542976,67872,3673.46,91.44,112.53,48
542976,67872,4104.54,92.05,7.78,48
542976,67872,3926.00,92.46,72.57,48
542976,67872,4060.27,90.69,2.48,48
542976,67872,4182.14,91.97,0.43,48
542976,67872,3977.54,91.97,55.35,48
542976,67872,4008.92,91.06,14.02,48
543360,67920,4041.93,91.56,13.65,48
543360,67920,4101.45,92.98,39.42,48
543360,67920,4166.03,91.20,0.33,48
543360,67920,3968.99,91.31,34.93,48
543360,67920,3746.41,93.11,132.81,48
543360,67920,2318.48,93.30,485.51,48
543360,67920,3925.59,91.41,56.54,48
543360,67920,4064.14,92.94,45.59,48
543744,67968,3993.77,91.95,40.05,48
543744,67968,3863.54,91.83,73.70,48
543744,67968,4240.97,92.74,10.21,48
543744,67968,4191.07,92.86,4.40,48
543744,67968,3919.42,93.09,87.31,48
543744,67968,4090.24,93.35,51.60,48
543744,67968,3713.99,92.97,128.56,48
543744,67968,1257.79,91.12,693.31,48
544128,68016,1646.39,92.38,635.84,48
544128,68016,4274.03,93.07,0.31,48
544128,68016,4241.20,92.57,2.39,48
544128,68016,4285.72,93.10,3.96,48
544128,68016,3752.43,91.19,82.64,48
544128,68016,4344.15,93.40,5.26,48
544128,68016,4315.60,93.05,0.28,48
544128,68016,4176.48,92.34,8.19,48
544512,68064,4059.68,90.39,18.05,48
544512,68064,4020.91,93.94,80.24,48
544512,68064,1359.47,91.78,679.37,48
544512,68064,3818.39,94.40,134.26,48
544512,68064,4175.61,92.63,7.10,48
544512,68064,4128.36,92.39,0.39,48
544512,68064,4161.75,92.92,36.80,48
544512,68064,3996.18,93.44,86.30,48
544896,68112,3763.45,91.87,97.59,48
544896,68112,3421.77,90.57,160.49,48
544896,68112,4063.56,93.47,53.77,48
544896,68112,4040.55,90.85,5.82,48
544896,68112,4072.47,92.75,45.71,48
544896,68112,4105.22,93.08,42.52,48
544896,68112,3920.46,91.13,54.49,48
544896,68112,4018.97,93.93,74.82,48
545280,68160,4102.59,92.89,29.41,48
545280,68160,3873.60,92.40,70.53,48
545280,68160,3382.10,92.35,200.08,48
545280,68160,3084.92,91.44,256.69,48
545280,68160,2597.50,91.42,369.99,48
545280,68160,3438.13,93.47,218.84,48
545280,68160,3359.17,92.54,208.00,48
545280,68160,3292.64,91.86,231.65,48
545664,68208,3639.72,91.61,122.98,48
545664,68208,4090.67,91.23,2.89,48
545664,68208,3816.03,90.62,77.92,48
545664,68208,4046.06,93.01,43.97,48
545664,68208,4128.88,92.89,29.54,48
545664,68208,4113.86,90.91,1.93,48
545664,68208,3601.55,92.88,159.11,48
545664,68208,3682.31,91.93,118.79,48
546048,68256,4067.62,91.09,10.38,48
546048,68256,4045.45,93.31,73.22,48
546048,68256,4179.93,92.66,7.79,48
546048,68256,4070.20,93.08,46.15,48
546048,68256,3387.77,88.73,111.56,48
546048,68256,3596.64,90.83,119.12,48
546048,68256,4168.29,93.92,44.13,48
546048,68256,3963.95,91.27,40.41,48
546432,68304,4046.84,91.69,29.34,48
546432,68304,3420.16,93.15,215.62,48
546432,68304,4178.64,92.88,8.01,48
546432,68304,4125.05,93.09,35.58,48
546432,68304,4342.42,93.54,0.05,48
546432,68304,3487.24,91.88,173.07,48
546432,68304,4148.38,91.70,4.12,48
546432,68304,2243.06,91.75,486.34,48
546816,68352,4131.45,92.73,29.31,48
546816,68352,3817.71,93.14,119.13,48
546816,68352,3277.28,93.43,252.37,48
546816,68352,4293.10,93.28,2.26,48
546816,68352,4007.93,93.02,58.38,48
546816,68352,3687.82,92.50,150.01,48
546816,68352,3362.46,91.16,193.40,48
546816,68352,3632.21,92.71,148.86,48
547200,68400,3989.42,93.29,63.76,48
547200,68400,4133.74,91.76,14.33,48
547200,68400,3558.58,92.99,163.87,48
547200,68400,3554.65,91.44,153.16,48
547200,68400,4327.45,93.02,0.01,48
547200,68400,4093.52,91.13,6.55,48
547200,68400,4199.10,92.25,0.26,48
547200,68400,4230.59,92.69,11.26,48
547584,68448,4331.94,93.64,2.20,48
547584,68448,4205.66,92.22,9.92,48
547584,68448,4076.27,91.90,19.91,48
547584,68448,3752.91,90.67,88.31,48
547584,68448,4313.91,93.80,0.88,48
547584,68448,3855.14,93.70,120.50,48
547584,68448,4264.26,93.51,16.86,48
547584,68448,4129.93,91.33,4.23,48
547968,68496,4023.25,91.32,13.34,48
547968,68496,4125.67,90.95,0.71,48
547968,68496,4160.37,92.95,17.40,48
547968,68496,4175.43,92.06,0.72,48
547968,68496,4180.35,93.70,25.12,48
547968,68496,3999.45,92.01,49.60,48
547968,68496,3432.05,91.67,177.61,48
547968,68496,3638.39,91.37,99.26,48
548352,68544,3552.26,93.91,186.27,48
548352,68544,4233.26,92.98,3.09,48
548352,68544,4052.22,91.65,23.48,48
548352,68544,4129.10,91.59,3.90,48
548352,68544,3918.39,93.17,96.38,48
548352,68544,3720.21,92.04,107.24,48
548352,68544,3836.46,90.83,61.73,48
548352,68544,4147.08,92.28,13.30,48
548736,68592,3587.56,89.73,83.38,48
548736,68592,3842.64,92.36,85.40,48
548736,68592,4217.64,93.27,9.83,48
548736,68592,3755.27,91.83,94.20,48
548736,68592,4068.39,93.11,51.37,48
548736,68592,4016.72,92.22,50.80,48
548736,68592,3909.01,91.59,75.25,48
548736,68592,3535.46,90.26,117.87,48
549120,68640,3973.46,90.48,16.00,48
549120,68640,4135.49,92.57,16.92,48
549120,68640,4003.96,91.80,35.69,48
549120,68640,1374.52,91.65,682.89,48
549120,68640,4070.72,91.55,15.59,48
549120,68640,3445.54,93.74,217.68,48
549120,68640,4256.82,92.86,0.28,48
549120,68640,4108.83,91.27,0.10,48
549504,68688,4099.41,94.62,68.27,48
549504,68688,4231.02,93.15,1.34,48
549504,68688,4171.79,93.08,15.03,48
549504,68688,4258.92,93.14,3.53,48
549504,68688,3952.39,92.80,75.18,48
549504,68688,3694.18,91.98,111.69,48
549504,68688,4152.31,93.03,27.75,48
549504,68688,3535.66,92.05,159.20,48
549888,68736,4146.40,91.38,6.24,48
549888,68736,4147.83,93.68,47.49,48
549888,68736,4139.37,93.37,39.53,48
549888,68736,4282.16,93.66,3.40,48
549888,68736,4104.62,92.95,34.03,48
549888,68736,4123.11,92.53,25.33,48
549888,68736,3370.02,93.72,239.77,48
549888,68736,3506.57,91.09,140.57,48
550272,68784,4345.20,93.86,0.60,48
550272,68784,4076.33,91.23,0.76,48
550272,68784,4022.34,90.54,6.48,48
550272,68784,4175.83,91.87,0.43,48
550272,68784,4066.67,90.44,1.76,48
550272,68784,4171.86,91.80,0.79,48
550272,68784,1459.98,93.85,707.29,48
550272,68784,4120.52,93.47,45.54,48
550656,68832,4303.10,94.11,18.60,48
550656,68832,4312.18,93.30,0.39,48
550656,68832,4274.63,93.42,2.46,48
550656,68832,4283.39,93.28,2.39,48
550656,68832,4051.62,91.16,21.61,48
550656,68832,4193.09,91.91,0.75,48
550656,68832,3267.98,90.05,190.70,48
550656,68832,3384.48,94.02,240.19,48
551040,68880,2507.83,90.99,402.85,48
551040,68880,4211.55,92.43,2.20,48
551040,68880,4322.08,93.28,2.15,48
551040,68880,4107.87,92.94,35.89,48
551040,68880,4150.59,93.67,43.10,48
551040,68880,4148.93,93.31,33.12,48
551040,68880,3591.29,91.34,126.97,48
551040,68880,4015.77,92.17,32.10,48
551424,68928,4192.20,91.62,2.58,48
551424,68928,4147.46,92.01,8.36,48
551424,68928,4125.12,93.67,47.09,48
551424,68928,4182.62,92.20,21.26,48
551424,68928,3657.23,93.23,156.70,48
551424,68928,3843.93,91.17,64.05,48
551424,68928,3751.70,90.71,83.36,48
551424,68928,4204.60,93.89,43.19,48
551808,68976,3803.00,91.20,74.18,48
551808,68976,3680.08,93.38,148.85,48
551808,68976,2565.45,93.04,425.78,48
551808,68976,4114.33,91.59,17.44,48
551808,68976,3312.33,91.95,203.42,48
551808,68976,4349.48,93.92,0.57,48
551808,68976,4349.73,94.04,0.72,48
551808,68976,3872.06,90.28,37.90,48
552192,69024,3791.90,91.37,84.93,48
552192,69024,4171.53,91.87,0.00,48
552192,69024,4092.83,93.02,39.33,48
552192,69024,4261.82,92.66,1.69,48
552192,69024,4134.07,91.40,13.65,48
552192,69024,3888.79,91.90,83.37,48
552192,69024,4124.03,92.69,31.03,48
552192,69024,4153.26,92.40,20.94,48
552576,69072,3892.88,94.33,108.84,48
552576,69072,3532.04,92.78,177.68,48
552576,69072,4010.44,91.89,41.24,48
552576,69072,4132.27,93.25,34.99,48
552576,69072,4077.16,91.14,8.13,48
552576,69072,3584.30,89.74,83.77,48
552576,69072,4045.75,92.42,42.42,48
552576,69072,4084.83,93.03,48.57,48
552960,69120,3877.05,91.18,53.21,48
552960,69120,3716.74,91.10,99.06,48
552960,69120,4096.53,90.56,0.88,48
552960,69120,4141.92,91.43,7.60,48
552960,69120,4002.83,90.87,7.05,48
552960,69120,4161.63,92.05,4.10,48
552960,69120,4112.45,92.10,7.54,48
552960,69120,3469.98,93.08,203.34,48
553344,69168,4313.48,93.57,1.43,48
553344,69168,3966.54,91.45,33.46,48
553344,69168,3206.11,90.60,223.21,48
553344,69168,3734.46,91.08,93.88,48
553344,69168,3817.12,91.72,83.84,48
553344,69168,4266.82,93.06,2.20,48
553344,69168,4115.09,91.03,0.00,48
553344,69168,3572.99,92.84,157.73,48
553728,69216,3427.74,91.24,170.30,48
553728,69216,3868.05,92.50,78.71,48
553728,69216,4121.92,91.79,0.92,48
553728,69216,3641.26,92.99,160.44,48
553728,69216,4365.71,93.76,2.39,48
553728,69216,3758.03,92.09,109.40,48
553728,69216,4000.27,93.67,87.87,48
553728,69216,3802.33,90.47,74.58,48
554112,69264,3978.00,93.33,79.03,48
554112,69264,4284.20,93.66,12.99,48
554112,69264,3236.93,92.35,246.04,48
554112,69264,4188.01,92.61,0.83,48
554112,69264,4158.30,93.10,27.89,48
554112,69264,4246.89,93.19,2.53,48
554112,69264,3336.40,91.89,200.91,48
554112,69264,4051.19,91.00,20.81,48
554496,69312,4229.12,93.41,14.43,48
554496,69312,3616.91,93.04,158.09,48
554496,69312,3877.92,92.45,87.17,48
554496,69312,3898.33,90.21,34.17,48
554496,69312,4124.19,91.62,0.69,48
554496,69312,4208.43,92.68,3.47,48
554496,69312,4146.32,93.14,31.01,48
554496,69312,4131.01,93.68,47.95,48
554880,69360,4174.23,93.31,30.67,48
554880,69360,3366.53,91.54,191.11,48
554880,69360,4101.28,91.58,2.75,48
554880,69360,3775.65,91.38,83.63,48
554880,69360,3089.12,92.19,272.08,48
554880,69360,4250.17,93.78,23.20,48
554880,69360,3537.41,93.51,187.61,48
554880,69360,4078.42,94.21,67.48,48
555264,69408,3623.94,91.44,133.06,48
555264,69408,3514.02,93.23,193.66,48
555264,69408,3879.66,93.10,89.13,48
555264,69408,3948.81,92.99,68.79,48
555264,69408,3272.34,91.95,213.26,48
555264,69408,3419.50,90.47,158.67,48
555264,69408,3232.37,91.00,213.17,48
555264,69408,3469.83,91.65,161.42,48
555648,69456,4337.58,93.73,0.48,48
555648,69456,3805.69,91.55,86.23,48
555648,69456,4122.67,92.00,9.52,48
555648,69456,3958.65,92.80,65.77,48
555648,69456,3977.03,90.50,31.71,48
555648,69456,4270.86,92.47,1.12,48
555648,69456,3818.71,91.44,89.11,48
555648,69456,3572.47,93.19,176.66,48
556032,69504,3458.78,93.21,212.95,48
556032,69504,3272.48,92.93,244.02,48
556032,69504,4175.72,91.37,1.83,48
556032,69504,4308.38,93.63,4.28,48
556032,69504,3945.11,90.49,17.97,48
556032,69504,4309.60,93.63,1.56,48
556032,69504,4095.67,93.87,54.08,48
556032,69504,3285.75,92.95,232.69,48
556416,69552,4220.11,93.15,3.65,48
556416,69552,3359.76,92.85,225.02,48
556416,69552,4079.95,91.26,6.40,48
556416,69552,3861.79,89.92,29.30,48
556416,69552,4055.77,93.42,55.15,48
556416,69552,3816.31,91.94,102.26,48
556416,69552,4336.48,93.92,2.39,48
556416,69552,3572.32,91.89,154.99,48
556800,69600,4097.53,93.12,48.67,48
556800,69600,4254.21,93.36,7.39,48
556800,69600,4199.22,91.08,0.43,48
556800,69600,4083.70,93.75,63.73,48
556800,69600,3735.20,93.04,112.49,48
556800,69600,4190.86,91.83,1.87,48
556800,69600,3231.37,92.16,231.65,48
556800,69600,4120.05,93.93,49.68,48
557184,69648,3880.38,93.89,119.56,48
557184,69648,3859.45,92.08,72.19,48
557184,69648,3963.10,90.20,12.15,48
557184,69648,3785.38,91.76,77.72,48
557184,69648,3898.72,93.51,99.75,48
557184,69648,3638.78,91.28,122.55,48
557184,69648,4188.27,93.60,30.58,48
557184,69648,4277.43,93.10,7.93,48
557568,69696,4100.48,91.82,10.13,48
557568,69696,4017.82,93.69,66.74,48
557568,69696,3689.22,92.15,131.04,48
557568,69696,4087.81,93.34,54.68,48
557568,69696,3644.11,93.70,166.57,48
557568,69696,4308.79,93.47,2.33,48
557568,69696,3400.27,91.66,191.76,48
557568,69696,4134.44,92.38,25.02,48
557952,69744,3858.08,91.57,87.39,48
557952,69744,3744.54,93.17,124.42,48
557952,69744,4215.47,93.63,31.82,48
557952,69744,4369.06,93.92,0.90,48
557952,69744,3834.25,92.53,86.13,48
557952,69744,4303.98,93.61,2.14,48
557952,69744,3315.02,90.98,202.97,48
557952,69744,3304.57,91.75,223.79,48
558336,69792,4146.90,91.53,7.96,48
558336,69792,3939.59,91.72,55.92,48
558336,69792,3943.00,91.83,60.28,48
558336,69792,4137.61,91.62,1.37,48
558336,69792,4183.18,92.91,32.05,48
558336,69792,4261.50,92.73,1.37,48
558336,69792,4185.63,92.15,2.39,48
558336,69792,4195.15,92.50,9.53,48
558720,69840,4053.88,91.22,16.32,48
558720,69840,4082.32,93.05,47.96,48
558720,69840,4180.83,91.15,2.09,48
558720,69840,4064.32,94.09,70.76,48
558720,69840,3980.31,93.25,74.72,48
558720,69840,4224.25,93.71,23.88,48
558720,69840,3209.95,90.51,218.43,48
558720,69840,3869.56,91.38,63.48,48
559104,69888,4136.09,93.89,54.27,48
559104,69888,4353.55,93.86,1.46,48
559104,69888,4147.88,92.70,21.96,48
559104,69888,3255.60,90.51,209.71,48
559104,69888,4083.29,91.85,21.34,48
559104,69888,3722.40,91.78,104.37,48
559104,69888,4125.89,93.82,58.76,48
559104,69888,4223.97,92.39,1.56,48
559488,69936,4332.69,93.67,0.88,48
559488,69936,4099.04,90.56,8.53,48
559488,69936,4120.90,92.17,18.85,48
559488,69936,3991.48,93.18,85.11,48
559488,69936,2581.19,93.36,427.32,48
559488,69936,4193.39,92.73,10.78,48
559488,69936,3650.14,93.85,174.07,48
559488,69936,4355.88,94.27,15.51,48
559872,69984,3083.93,91.16,230.28,48
559872,69984,3635.40,93.21,165.31,48
559872,69984,4206.75,93.53,27.67,48
559872,69984,4225.07,92.21,4.90,48
559872,69984,3513.74,92.25,180.30,48
559872,69984,3490.94,91.30,167.18,48
559872,69984,3853.21,91.76,74.30,48
559872,69984,3753.90,93.13,138.51,48
560256,70032,3577.39,92.26,157.24,48
560256,70032,4263.89,93.02,0.88,48
560256,70032,3995.37,92.42,72.47,48
560256,70032,4329.97,93.26,1.82,48
560256,70032,4262.54,92.69,0.00,48
560256,70032,4105.39,91.65,4.09,48
560256,70032,2312.17,91.97,470.67,48
560256,70032,3940.11,91.21,55.53,48
560640,70080,4142.31,90.64,0.05,48
560640,70080,4185.08,91.80,0.10,48
560640,70080,3190.92,91.69,240.42,48
560640,70080,4179.31,91.93,0.31,48
560640,70080,4015.83,91.22,53.64,48
560640,70080,4322.98,93.54,3.50,48
560640,70080,4073.66,93.20,55.34,48
560640,70080,4070.10,93.41,66.84,48
561024,70128,4339.30,93.86,0.10,48
561024,70128,4130.42,91.72,14.12,48
561024,70128,4047.72,92.85,51.96,48
561024,70128,3919.31,89.34,6.01,48
561024,70128,1273.28,92.42,734.33,48
561024,70128,4211.52,92.50,11.43,48
561024,70128,3725.62,92.83,138.40,48
561024,70128,3761.30,91.44,99.48,48
561408,70176,4359.14,93.47,1.37,48
561408,70176,4183.18,92.95,30.74,48
561408,70176,4079.30,92.20,39.56,48
561408,70176,3880.97,92.53,94.08,48
561408,70176,3807.80,93.05,126.04,48
561408,70176,3977.23,91.08,55.32,48
561408,70176,4212.85,93.11,22.05,48
561408,70176,3843.74,91.94,86.88,48
561792,70224,4165.84,92.20,19.46,48
561792,70224,4013.37,92.08,31.08,48
561792,70224,4091.51,93.31,51.19,48
561792,70224,4055.03,90.62,2.26,48
561792,70224,4017.83,90.87,36.56,48
561792,70224,4011.19,90.18,8.26,48
561792,70224,4177.58,92.86,7.24,48
561792,70224,4259.21,93.31,13.32,48
562176,70272,3691.74,92.88,141.49,48
562176,70272,3870.51,90.06,31.79,48
562176,70272,4097.10,90.67,1.46,48
562176,70272,4202.14,92.27,1.83,48
562176,70272,3513.37,92.08,165.10,48
562176,70272,4193.41,92.65,10.53,48
562176,70272,4168.67,91.97,0.28,48
562176,70272,4081.71,94.02,69.62,48
562560,70320,3994.78,93.03,58.45,48
562560,70320,3605.61,93.53,179.68,48
562560,70320,4247.93,93.14,4.00,48
562560,70320,4029.56,93.08,52.93,48
562560,70320,4212.52,92.48,4.55,48
562560,70320,3888.99,93.63,103.71,48
562560,70320,4020.62,90.88,19.57,48
562560,70320,2440.98,92.19,421.38,48
562944,70368,3970.51,91.65,37.35,48
562944,70368,4297.56,92.92,0.83,48
562944,70368,4028.88,91.59,38.22,48
562944,70368,3954.32,93.09,80.91,48
562944,70368,3579.05,90.86,132.62,48
562944,70368,4037.37,92.34,40.98,48
562944,70368,3580.28,93.64,183.17,48
562944,70368,3237.79,92.80,257.42,48
563328,70416,4222.68,92.13,1.44,48
563328,70416,3881.46,91.84,66.06,48
563328,70416,4133.05,93.28,48.85,48
563328,70416,3908.22,94.38,120.90,48
563328,70416,4110.76,92.66,33.30,48
563328,70416,3768.85,92.79,129.57,48
563328,70416,4360.44,93.63,1.01,48
563328,70416,3748.42,93.17,133.22,48
563712,70464,4235.56,92.31,2.21,48
563712,70464,4206.69,92.11,0.60,48
563712,70464,3600.43,91.79,146.93,48
563712,70464,3631.06,93.36,179.99,48
563712,70464,3991.00,93.18,75.98,48
563712,70464,3974.86,90.84,46.32,48
563712,70464,4187.30,91.62,0.62,48
563712,70464,3434.47,92.15,186.89,48
564096,70512,4264.32,92.95,0.01,48
564096,70512,1511.82,93.63,702.40,48
564096,70512,3866.72,91.19,65.47,48
564096,70512,4089.27,91.16,2.60,48
564096,70512,3791.18,91.24,91.73,48
564096,70512,4137.63,91.72,16.11,48
564096,70512,4005.72,91.33,45.91,48
564096,70512,3166.91,92.50,261.51,48
564480,70560,4316.26,93.30,6.54,48
564480,70560,4248.33,93.41,24.15,48
564480,70560,4143.01,91.37,2.35,48
564480,70560,4135.06,94.19,51.57,48
564480,70560,4165.10,91.38,4.51,48
564480,70560,3432.74,90.98,177.06,48
564480,70560,1297.93,91.69,704.99,48
564480,70560,4314.25,93.61,1.89,48
564864,70608,4231.02,93.00,4.85,48
564864,70608,4245.70,92.92,12.51,48
564864,70608,4320.78,93.34,0.74,48
564864,70608,3495.93,92.32,177.17,48
564864,70608,3632.10,92.78,153.22,48
564864,70608,4161.52,91.86,9.15,48
564864,70608,1653.44,89.85,599.22,48
564864,70608,4358.42,93.95,8.00,48
565248,70656,4090.59,93.43,52.21,48
565248,70656,3623.95,90.38,107.45,48
565248,70656,3854.76,92.76,107.17,48
565248,70656,4086.01,90.59,1.97,48
565248,70656,4302.35,93.44,0.26,48
565248,70656,1719.92,92.57,625.03,48
565248,70656,4126.85,92.76,36.82,48
565248,70656,3908.03,92.21,83.32,48
565632,70704,3874.11,91.27,65.37,48
565632,70704,4308.75,93.30,1.24,48
565632,70704,3928.55,93.08,88.10,48
565632,70704,4176.17,93.47,23.21,48
565632,70704,3985.45,90.28,7.83,48
565632,70704,4214.41,91.93,3.29,48
565632,70704,3578.56,92.77,163.10,48
565632,70704,4169.51,92.29,1.96,48
566016,70752,4085.02,92.91,42.75,48
566016,70752,4095.42,90.91,2.39,48
566016,70752,3980.02,91.75,46.89,48
566016,70752,3170.27,90.67,211.96,48
566016,70752,3572.51,93.86,183.21,48
566016,70752,4128.58,93.89,54.95,48
566016,70752,4069.21,91.61,27.43,48
566016,70752,3821.92,91.40,89.50,48
566400,70800,4140.79,92.92,12.70,48
566400,70800,4081.21,91.00,5.19,48
566400,70800,4107.62,91.83,5.00,48
566400,70800,4042.33,93.66,65.74,48
566400,70800,4236.86,93.71,25.01,48
566400,70800,4055.03,90.55,0.74,48
566400,70800,4031.00,93.43,71.61,48
566400,70800,4092.24,91.11,14.90,48
566784,70848,3260.54,92.18,239.86,48
566784,70848,3982.82,91.47,43.08,48
566784,70848,4197.71,92.18,3.11,48
566784,70848,4332.38,93.74,1.63,48
566784,70848,4058.97,92.05,38.99,48
566784,70848,3749.23,90.77,82.06,48
566784,70848,4277.86,93.47,12.37,48
566784,70848,1824.69,93.18,614.04,48
567168,70896,4153.38,91.26,7.31,48
567168,70896,3348.74,90.94,182.37,48
567168,70896,3300.01,91.97,220.78,48
567168,70896,4229.60,92.34,0.10,48
567168,70896,3988.13,91.50,41.54,48
567168,70896,4115.52,91.71,24.05,48
567168,70896,3891.79,92.92,98.33,48
567168,70896,4292.30,93.23,7.85,48
567552,70944,3622.40,91.68,141.16,48
567552,70944,3404.40,91.71,192.32,48
567552,70944,4044.40,91.26,27.95,48
567552,70944,2398.94,90.70,415.01,48
567552,70944,4054.76,93.11,67.11,48
567552,70944,3926.08,92.31,67.07,48
567552,70944,3931.36,91.74,68.41,48
567552,70944,4362.31,93.72,1.37,48
567936,70992,4116.83,93.61,49.00,48
567936,70992,3886.34,91.61,60.13,48
567936,70992,4088.47,92.08,18.99,48
567936,70992,4172.68,92.26,17.52,48
567936,70992,3900.81,90.52,48.69,48
567936,70992,4013.88,89.90,0.10,48
567936,70992,4174.17,92.11,5.62,48
567936,70992,4033.69,91.59,30.50,48
568320,71040,4014.88,91.46,47.53,48
568320,71040,4061.83,92.89,47.84,48
568320,71040,4196.48,93.50,39.66,48
568320,71040,4150.06,93.67,39.96,48
568320,71040,3986.90,92.58,50.96,48
568320,71040,4290.01,93.04,5.09,48
568320,71040,3531.27,93.70,189.99,48
568320,71040,4124.73,90.35,0.19,48
568704,71088,4147.11,90.39,0.01,48
568704,71088,3774.56,91.36,111.07,48
568704,71088,3619.29,93.57,178.93,48
568704,71088,3864.96,92.48,98.08,48
568704,71088,4103.30,91.48,14.73,48
568704,71088,3166.36,91.16,235.84,48
568704,71088,4134.19,93.73,60.84,48
568704,71088,4153.19,91.36,2.18,48
569088,71136,4180.47,91.50,1.74,48
569088,71136,3603.61,91.01,127.45,48
569088,71136,3438.67,91.42,184.24,48
569088,71136,3993.61,93.15,64.82,48
569088,71136,4231.20,92.86,0.90,48
569088,71136,4090.08,91.61,24.57,48
569088,71136,4103.64,91.34,2.00,48
569088,71136,3593.28,91.34,139.70,48
569472,71184,4114.64,92.50,28.33,48
569472,71184,3313.47,93.15,235.94,48
569472,71184,3967.88,91.06,31.82,48
569472,71184,3779.78,90.45,86.71,48
569472,71184,4199.82,92.54,3.29,48
569472,71184,4308.63,93.41,0.62,48
569472,71184,4189.08,92.44,4.00,48
569472,71184,4018.34,93.57,86.26,48
569856,71232,3521.03,91.37,149.61,48
569856,71232,4170.59,92.66,28.04,48
569856,71232,4166.44,92.08,0.18,48
569856,71232,3989.09,90.84,17.45,48
569856,71232,3968.06,91.86,55.17,48
569856,71232,4259.04,93.70,24.49,48
569856,71232,4014.35,91.05,31.50,48
569856,71232,3741.09,91.57,115.02,48
570240,71280,4149.34,91.65,4.39,48
570240,71280,3668.44,93.64,159.77,48
570240,71280,4247.71,93.83,23.14,48
570240,71280,3693.28,90.63,94.89,48
570240,71280,3993.68,93.57,84.75,48
570240,71280,4125.91,93.34,51.60,48
570240,71280,4033.32,92.79,57.10,48
570240,71280,2309.83,91.79,482.00,48
570624,71328,3942.44,91.02,45.36,48
570624,71328,4287.93,93.21,0.43,48
570624,71328,3919.25,90.85,45.00,48
570624,71328,3934.31,91.39,57.60,48
570624,71328,4247.75,92.95,3.50,48
570624,71328,4367.16,93.79,0.62,48
570624,71328,4356.43,93.86,1.50,48
570624,71328,3541.63,94.04,204.12,48
571008,71376,4295.11,93.20,2.88,48
571008,71376,3831.60,90.38,59.95,48
571008,71376,1247.47,92.15,731.36,48
571008,71376,4141.65,91.44,7.91,48
571008,71376,4140.97,91.12,1.83,48
571008,71376,4186.20,92.99,25.44,48
571008,71376,4178.54,91.65,7.68,48
571008,71376,3462.37,90.47,153.15,48
571392,71424,4181.31,93.11,24.52,48
571392,71424,4387.94,94.45,0.81,48
571392,71424,4081.14,92.39,35.01,48
571392,71424,4018.07,92.08,44.63,48
571392,71424,4266.45,93.88,15.27,48
571392,71424,4154.45,90.84,0.72,48
571392,71424,4135.33,91.56,2.30,48
571392,71424,4163.44,92.96,20.22,48
571776,71472,4111.31,93.31,38.67,48
571776,71472,4160.89,91.58,0.10,48
571776,71472,4090.19,91.10,1.48,48
571776,71472,4194.89,92.58,3.84,48
571776,71472,4255.54,93.08,0.02,48
571776,71472,4063.70,91.70,29.19,48
571776,71472,4030.23,90.91,10.44,48
571776,71472,4093.07,92.44,26.60,48
572160,71520,4345.09,93.80,2.15,48
572160,71520,3355.41,91.77,199.07,48
572160,71520,3346.44,91.90,209.92,48
572160,71520,4214.29,93.49,23.31,48
572160,71520,4093.13,92.50,28.22,48
572160,71520,3999.42,90.72,24.69,48
572160,71520,3821.12,91.38,88.76,48
572160,71520,4195.91,92.42,7.04,48
572544,71568,4109.40,91.48,17.79,48
572544,71568,4268.77,92.63,0.81,48
572544,71568,3911.47,93.92,107.12,48
572544,71568,3848.98,90.14,49.94,48
572544,71568,4126.69,92.21,30.95,48
572544,71568,4159.69,91.65,12.89,48
572544,71568,3287.60,91.47,212.10,48
572544,71568,4296.23,93.15,7.77,48
572928,71616,4222.37,92.95,18.33,48
572928,71616,4024.95,93.67,74.84,48
572928,71616,3393.28,91.36,191.91,48
572928,71616,3945.79,94.18,109.95,48
572928,71616,4069.61,92.01,21.77,48
572928,71616,4127.67,91.34,1.60,48
572928,71616,3869.77,91.46,89.99,48
572928,71616,3951.91,92.19,49.57,48
573312,71664,3851.18,91.02,75.37,48
573312,71664,4132.51,92.37,21.04,48
573312,71664,4134.48,91.97,0.00,48
573312,71664,3360.63,92.88,215.72,48
573312,71664,4009.82,93.87,87.66,48
573312,71664,4246.76,92.98,1.24,48
573312,71664,4198.40,92.68,1.54,48
573312,71664,4047.88,92.76,53.96,48
573696,71712,3975.37,90.45,18.93,48
573696,71712,4013.91,93.79,88.38,48
573696,71712,4073.47,93.47,62.05,48
573696,71712,4197.81,93.43,32.59,48
573696,71712,4132.41,92.01,4.00,48
573696,71712,4172.83,91.93,3.00,48
573696,71712,4260.63,93.18,4.67,48
573696,71712,4275.34,93.53,5.08,48
574080,71760,4300.67,93.52,1.45,48
574080,71760,3553.12,91.97,154.57,48
574080,71760,3557.78,92.43,166.88,48
574080,71760,4194.33,91.55,2.21,48
574080,71760,3803.53,92.14,96.85,48
574080,71760,4073.51,91.30,12.74,48
574080,71760,4051.63,90.39,13.69,48
574080,71760,2297.34,91.69,459.53,48
574464,71808,2538.05,91.51,408.66,48
574464,71808,3968.75,93.75,94.65,48
574464,71808,3465.80,91.27,170.33,48
574464,71808,3783.28,92.66,103.43,48
574464,71808,4096.67,93.61,48.74,48
574464,71808,3797.15,93.09,132.88,48
574464,71808,4038.65,91.75,34.35,48
574464,71808,4257.57,93.15,12.07,48
574848,71856,4168.71,91.25,3.40,48
574848,71856,3889.56,92.39,82.99,48
574848,71856,4024.20,91.77,40.82,48
574848,71856,4036.44,92.66,53.93,48
574848,71856,3447.54,91.15,163.87,48
574848,71856,3742.86,93.31,143.71,48
574848,71856,4240.68,93.60,18.92,48
574848,71856,3871.58,93.24,107.83,48
575232,71904,4305.83,92.83,0.00,48
575232,71904,4102.79,91.75,27.66,48
575232,71904,3460.26,92.73,193.04,48
575232,71904,4216.76,93.28,17.58,48
575232,71904,4087.74,94.36,84.05,48
575232,71904,4109.38,92.00,27.78,48
575232,71904,3986.65,90.64,23.00,48
575232,71904,4335.00,93.67,7.93,48
575616,71952,4109.36,91.11,5.25,48
575616,71952,4146.76,91.23,0.39,48
575616,71952,3974.89,91.09,38.25,48
575616,71952,3904.70,91.02,62.85,48
575616,71952,4253.34,92.69,1.28,48
575616,71952,4015.69,91.69,40.06,48
575616,71952,4275.10,93.37,0.68,48
575616,71952,3723.18,92.07,114.51,48
576000,72000,4254.46,92.95,4.90,48
576000,72000,4352.91,93.53,8.16,48
576000,72000,4085.92,92.69,42.59,48
576000,72000,3559.50,92.07,150.05,48
576000,72000,4061.01,91.41,15.64,48
576000,72000,1554.15,90.48,618.59,48
576000,72000,4061.90,91.41,19.89,48
576000,72000,4124.36,91.06,6.40,48
576384,72048,4128.36,93.30,27.75,48
576384,72048,3425.81,91.16,170.41,48
576384,72048,4182.89,91.24,0.81,48
576384,72048,3698.09,93.60,157.52,48
576384,72048,4181.93,93.31,19.12,48
576384,72048,3892.25,92.89,86.89,48
576384,72048,3940.90,92.70,55.42,48
576384,72048,3986.47,91.89,61.48,48
576768,72096,3757.13,92.95,127.50,48
576768,72096,3944.81,91.85,76.78,48
576768,72096,4135.52,91.39,0.71,48
576768,72096,3274.31,90.34,195.26,48
576768,72096,4203.79,93.44,26.20,48
576768,72096,4116.32,93.12,32.73,48
576768,72096,4033.00,92.69,53.23,48
576768,72096,3427.05,92.82,197.09,48
577152,72144,4051.36,93.34,63.85,48
577152,72144,1540.09,93.31,685.33,48
577152,72144,3951.08,91.17,42.47,48
577152,72144,4016.82,93.31,73.58,48
577152,72144,4115.80,91.23,0.26,48
577152,72144,3725.35,93.36,151.99,48
577152,72144,3884.52,90.06,25.13,48
577152,72144,4029.40,91.44,30.83,48
577536,72192,3836.67,89.52,39.49,48
577536,72192,4060.78,91.76,38.48,48
577536,72192,3444.77,92.86,204.56,48
577536,72192,4240.52,92.83,1.38,48
577536,72192,4154.35,92.44,13.51,48
577536,72192,4276.54,92.85,0.28,48
577536,72192,4245.49,92.58,0.60,48
577536,72192,4088.21,91.34,14.38,48
577920,72240,4053.04,91.62,36.94,48
577920,72240,4273.13,92.11,0.71,48
577920,72240,3737.88,90.33,73.95,48
577920,72240,3329.63,93.81,259.36,48
577920,72240,4178.90,91.80,0.35,48
577920,72240,3391.72,91.01,174.23,48
577920,72240,2399.33,93.30,470.82,48
577920,72240,4253.32,93.31,20.95,48
578304,72288,4123.72,92.66,41.76,48
578304,72288,3341.62,90.88,190.95,48
578304,72288,4175.34,90.80,0.00,48
578304,72288,3723.21,93.11,137.06,48
578304,72288,3500.32,92.25,168.63,48
578304,72288,3543.24,92.60,163.18,48
578304,72288,4279.04,94.03,18.31,48
578304,72288,4337.08,93.80,1.55,48
578688,72336,4171.55,92.39,15.17,48
578688,72336,3804.77,91.44,88.78,48
578688,72336,4157.47,92.82,16.12,48
578688,72336,3246.89,93.30,258.23,48
578688,72336,4090.64,91.85,31.37,48
578688,72336,4171.67,92.81,17.90,48
578688,72336,4163.86,93.31,28.37,48
578688,72336,4131.58,91.80,16.08,48
579072,72384,4014.33,91.47,41.86,48
579072,72384,4182.16,92.66,19.51,48
579072,72384,3590.22,93.68,184.61,48
579072,72384,4204.37,93.47,32.03,48
579072,72384,4207.66,92.00,0.39,48
579072,72384,3240.37,91.30,220.18,48
579072,72384,3407.11,92.69,194.20,48
579072,72384,3344.72,93.69,243.32,48
579456,72432,4115.18,91.77,2.26,48
579456,72432,4061.40,91.34,18.26,48
579456,72432,4146.40,93.49,46.39,48
579456,72432,4123.63,91.23,0.68,48
579456,72432,4142.96,91.16,0.31,48
579456,72432,3901.88,91.96,73.67,48
579456,72432,4208.49,92.22,0.85,48
579456,72432,4388.09,94.14,0.62,48
579840,72480,4090.33,92.56,35.79,48
579840,72480,4308.49,93.37,1.37,48
579840,72480,3616.33,92.35,157.73,48
579840,72480,4041.57,90.92,0.26,48
579840,72480,3391.10,90.35,176.13,48
579840,72480,4120.02,90.90,3.68,48
579840,72480,4214.60,91.28,1.70,48
579840,72480,3724.84,91.08,110.53,48
580224,72528,4133.73,91.83,0.78,48
580224,72528,4184.02,93.51,39.98,48
580224,72528,4167.22,91.90,0.74,48
580224,72528,4229.61,92.72,3.35,48
580224,72528,3614.02,91.86,147.79,48
580224,72528,4141.49,91.06,1.46,48
580224,72528,4325.12,93.31,1.52,48
580224,72528,3900.13,91.60,83.05,48
580608,72576,3661.89,93.66,163.54,48
580608,72576,3697.83,90.38,95.02,48
580608,72576,3744.79,93.14,133.00,48
580608,72576,4348.54,93.54,0.01,48
580608,72576,4185.55,93.35,25.20,48
580608,72576,4352.56,94.28,2.62,48
580608,72576,3596.02,91.68,132.53,48
580608,72576,4287.69,93.37,9.41,48
580992,72624,3820.18,91.02,49.52,48
580992,72624,4118.84,92.10,17.24,48
580992,72624,4349.52,93.91,0.02,48
580992,72624,4036.61,93.70,82.42,48
580992,72624,2364.04,91.13,424.59,48
580992,72624,4106.03,94.15,73.51,48
580992,72624,4201.62,93.24,20.30,48
580992,72624,3841.07,91.97,90.42,48
581376,72672,4099.95,92.89,47.92,48
581376,72672,4045.15,91.12,0.79,48
581376,72672,4239.44,93.22,5.60,48
581376,72672,2615.37,92.70,399.10,48
581376,72672,3629.69,92.22,143.73,48
581376,72672,4262.98,93.30,11.86,48
581376,72672,1461.86,92.14,690.33,48
581376,72672,4190.50,92.91,1.38,48
581760,72720,4120.02,90.94,6.56,48
581760,72720,4242.01,93.50,26.77,48
581760,72720,4231.60,93.12,12.01,48
581760,72720,4141.60,91.25,2.20,48
581760,72720,4131.79,93.05,33.00,48
581760,72720,4258.54,92.08,0.71,48
581760,72720,4081.08,91.68,37.42,48
581760,72720,4024.43,90.77,24.29,48
582144,72768,4120.48,91.52,14.83,48
582144,72768,3431.07,93.21,212.76,48
582144,72768,4249.26,93.73,16.49,48
582144,72768,4217.75,93.27,15.05,48
582144,72768,4241.78,92.76,0.90,48
582144,72768,3288.30,94.13,266.67,48
582144,72768,4207.73,92.99,19.49,48
582144,72768,1747.41,92.82,622.66,48
582528,72816,4346.24,93.60,0.32,48
582528,72816,3357.12,90.95,176.10,48
582528,72816,4316.02,93.49,0.28,48
582528,72816,4122.85,92.66,15.90,48
582528,72816,4078.83,92.65,39.56,48
582528,72816,3923.36,93.38,94.33,48
582528,72816,4320.70,93.70,3.22,48
582528,72816,3953.30,92.45,67.70,48
582912,72864,4333.21,93.86,5.10,48
582912,72864,2302.03,94.34,517.92,48
582912,72864,4129.86,92.73,34.78,48
582912,72864,4287.57,93.08,6.16,48
582912,72864,3897.95,91.77,74.77,48
582912,72864,4255.43,93.31,14.25,48
582912,72864,2234.66,91.79,486.96,48
582912,72864,4154.97,93.11,43.02,48
583296,72912,4245.39,93.83,25.77,48
583296,72912,3101.35,90.63,236.57,48
583296,72912,4046.64,90.21,0.00,48
583296,72912,3416.12,94.27,244.88,48
583296,72912,4204.32,92.59,5.40,48
583296,72912,4180.67,93.77,33.50,48
583296,72912,4100.20,91.72,2.26,48
583296,72912,4113.47,91.93,21.97,48
583680,72960,3951.36,91.51,57.16,48
583680,72960,3493.91,91.86,177.39,48
583680,72960,4384.61,93.47,1.83,48
583680,72960,3813.78,93.77,133.71,48
583680,72960,3617.19,93.75,181.83,48
583680,72960,3901.27,90.25,25.39,48
583680,72960,3182.44,92.39,257.66,48
583680,72960,3599.71,91.90,141.99,48
584064,73008,3329.13,93.15,227.30,48
584064,73008,4215.25,92.08,1.83,48
584064,73008,4212.30,91.58,0.71,48
584064,73008,4188.08,91.73,1.46,48
584064,73008,4300.23,93.26,1.71,48
584064,73008,4089.53,92.86,42.39,48
584064,73008,4315.56,93.15,2.09,48
584064,73008,3479.59,92.58,184.98,48
584448,73056,4010.00,93.25,69.00,48
584448,73056,4373.48,93.88,2.00,48
584448,73056,4303.95,93.37,0.10,48
584448,73056,4142.88,92.95,31.46,48
584448,73056,4008.61,92.84,44.80,48
584448,73056,4175.11,92.27,10.27,48
584448,73056,4070.82,91.01,2.83,48
584448,73056,4353.41,93.72,1.21,48
584832,73104,4152.91,92.00,0.35,48
584832,73104,4261.64,93.60,17.73,48
584832,73104,4163.37,91.36,0.31,48
584832,73104,3271.00,90.60,192.11,48
584832,73104,4187.80,91.82,0.19,48
584832,73104,4002.30,91.40,34.05,48
584832,73104,4313.74,93.64,2.64,48
584832,73104,3809.72,93.50,135.54,48
585216,73152,4188.92,91.33,3.21,48
585216,73152,4111.19,93.18,48.65,48
585216,73152,4123.63,90.25,0.32,48
585216,73152,3649.37,91.42,120.64,48
585216,73152,3943.05,91.79,63.53,48
585216,73152,2214.58,91.65,482.98,48
585216,73152,4213.46,92.82,27.72,48
585216,73152,4272.96,93.44,1.34,48
585600,73200,4039.35,92.50,24.33,48
585600,73200,4014.36,90.31,20.74,48
585600,73200,4046.96,92.28,50.64,48
585600,73200,4082.77,91.47,23.19,48
585600,73200,1563.76,92.56,670.38,48
585600,73200,4297.49,93.33,2.18,48
585600,73200,4106.26,93.27,42.73,48
585600,73200,3968.61,93.08,64.89,48
585984,73248,4050.37,91.84,28.68,48
585984,73248,3787.50,90.43,61.88,48
585984,73248,4362.57,93.99,0.43,48
585984,73248,4280.90,93.20,9.16,48
585984,73248,4021.29,92.18,40.86,48
585984,73248,4392.23,93.57,1.00,48
585984,73248,3821.31,93.73,128.42,48
585984,73248,3406.52,93.38,218.59,48
586368,73296,3372.93,92.05,197.77,48
586368,73296,3796.96,93.51,127.90,48
586368,73296,4183.10,92.30,3.80,48
586368,73296,4229.41,93.33,22.06,48
586368,73296,3751.08,94.28,145.72,48
586368,73296,3570.79,91.90,149.16,48
586368,73296,3478.86,93.51,211.37,48
586368,73296,3414.34,92.65,208.40,48
586752,73344,4280.69,93.15,0.05,48
586752,73344,3230.98,91.33,223.85,48
586752,73344,3630.29,93.11,167.76,48
586752,73344,4246.65,92.46,1.37,48
586752,73344,4068.62,92.04,39.78,48
586752,73344,3462.64,92.99,205.92,48
586752,73344,3434.85,93.47,210.30,48
586752,73344,4072.14,93.17,52.43,48
587136,73392,3950.38,91.38,43.44,48
587136,73392,4136.24,92.11,1.46,48
587136,73392,3724.25,92.04,116.55,48
587136,73392,3974.00,93.08,62.87,48
587136,73392,4239.43,92.53,1.24,48
587136,73392,4064.96,90.91,26.57,48
587136,73392,4259.28,93.20,6.09,48
587136,73392,4092.05,93.28,59.06,48
587520,73440,4177.36,91.44,6.33,48
587520,73440,4153.38,93.47,39.96,48
587520,73440,4141.57,92.00,2.72,48
587520,73440,4224.58,92.31,1.57,48
587520,73440,3055.52,90.27,232.27,48
587520,73440,4146.43,91.80,2.69,48
587520,73440,4219.54,93.28,22.97,48
587520,73440,4278.97,92.95,3.24,48
587904,73488,3958.90,93.33,75.91,48
587904,73488,3970.62,91.72,46.07,48
587904,73488,4060.06,91.26,18.89,48
587904,73488,3900.46,93.93,106.07,48
587904,73488,3878.05,91.19,73.23,48
587904,73488,4197.24,92.36,3.16,48
587904,73488,3376.96,90.16,156.15,48
587904,73488,4195.18,91.83,0.60,48
588288,73536,3967.39,93.29,83.82,48
588288,73536,3264.04,92.14,226.54,48
588288,73536,4026.77,92.99,60.32,48
588288,73536,4027.79,93.51,62.93,48
588288,73536,4115.10,93.92,58.67,48
588288,73536,4092.86,90.91,0.60,48
588288,73536,4165.84,92.06,21.69,48
588288,73536,3884.80,89.86,12.33,48
588672,73584,4057.08,92.01,27.55,48
588672,73584,3318.11,91.71,214.93,48
588672,73584,4233.47,93.54,29.68,48
588672,73584,3534.17,90.87,127.44,48
588672,73584,3187.06,90.50,219.79,48
588672,73584,3201.43,91.67,240.88,48
588672,73584,4030.74,90.82,6.57,48
588672,73584,4066.33,91.12,20.82,48
589056,73632,3498.11,93.30,201.45,48
589056,73632,3510.27,92.35,177.05,48
589056,73632,3719.64,93.06,134.80,48
589056,73632,3946.46,92.79,67.75,48
589056,73632,3888.44,91.50,79.35,48
589056,73632,3953.96,92.27,63.61,48
589056,73632,4060.29,91.37,19.09,48
589056,73632,4109.63,93.09,43.90,48
589440,73680,4026.81,91.62,35.40,48
589440,73680,1590.02,90.86,627.47,48
589440,73680,3824.58,90.61,59.05,48
589440,73680,3422.47,92.56,204.23,48
589440,73680,3802.56,91.76,81.12,48
589440,73680,4163.98,92.43,28.09,48
589440,73680,3445.83,91.29,179.90,48
589440,73680,4283.94,92.96,5.15,48
589824,73728,4100.68,93.52,52.30,48
589824,73728,4160.59,91.72,14.24,48
589824,73728,4191.71,91.99,2.69,48
589824,73728,4199.46,91.90,2.23,48
589824,73728,4101.51,91.25,0.43,48
589824,73728,4194.33,91.58,0.19,48
589824,73728,4344.22,93.50,0.69,48
589824,73728,4115.11,91.44,1.46,48
590208,73776,3600.29,91.81,144.29,48
590208,73776,4146.91,91.76,0.02,48
590208,73776,4138.36,93.79,57.54,48
590208,73776,4242.73,93.24,2.88,48
590208,73776,3911.63,93.20,92.39,48
590208,73776,4175.94,93.63,38.95,48
590208,73776,4374.34,93.65,2.97,48
590208,73776,4252.11,91.92,0.69,48
590592,73824,3394.74,92.68,196.38,48
590592,73824,3938.78,91.04,55.97,48
590592,73824,4096.95,91.54,11.06,48
590592,73824,4282.53,93.53,6.78,48
590592,73824,3883.41,93.19,101.98,48
590592,73824,4073.57,91.43,23.81,48
590592,73824,4220.26,92.62,0.33,48
590592,73824,4256.07,93.05,5.87,48
590976,73872,4081.35,91.86,24.95,48
590976,73872,4225.79,92.24,0.74,48
590976,73872,4138.38,91.10,2.99,48
590976,73872,3945.26,93.53,82.24,48
590976,73872,4291.68,93.59,6.95,48
590976,73872,4350.10,94.05,5.64,48
590976,73872,4321.24,93.57,0.90,48
590976,73872,4390.20,93.95,1.15,48
591360,73920,3581.47,92.14,157.88,48
591360,73920,3704.73,91.30,116.79,48
591360,73920,4147.23,93.14,40.80,48
591360,73920,4065.40,91.75,37.52,48
591360,73920,3890.72,91.72,80.55,48
591360,73920,3950.51,91.05,44.34,48
591360,73920,3823.03,91.22,77.38,48
591360,73920,4095.94,91.01,25.02,48
591744,73968,3736.37,93.51,146.76,48
591744,73968,4112.43,90.86,5.80,48
591744,73968,3703.32,93.12,140.37,48
591744,73968,3362.23,94.05,249.95,48
591744,73968,4181.99,91.69,0.74,48
591744,73968,3956.90,93.81,86.93,48
591744,73968,4346.81,93.57,0.47,48
591744,73968,4051.46,93.65,74.02,48
592128,74016,3999.90,93.99,94.10,48
592128,74016,3591.16,93.67,193.95,48
592128,74016,3873.07,91.73,77.51,48
592128,74016,4081.96,93.89,72.68,48
592128,74016,4215.92,92.11,2.30,48
592128,74016,3368.29,92.68,217.79,48
592128,74016,3264.38,92.39,231.17,48
592128,74016,4215.34,92.78,6.18,48
592512,74064,4095.09,93.04,39.42,48
592512,74064,4062.26,90.94,2.31,48
592512,74064,4057.57,93.47,69.89,48
592512,74064,4263.74,93.45,13.07,48
592512,74064,4108.48,92.51,37.45,48
592512,74064,3926.06,91.51,52.62,48
592512,74064,4104.36,92.89,45.25,48
592512,74064,4037.53,91.72,45.97,48
592896,74112,3876.78,91.83,70.34,48
592896,74112,3240.01,93.04,240.69,48
592896,74112,4352.58,93.60,0.60,48
592896,74112,4229.81,92.00,2.09,48
592896,74112,3999.19,91.93,55.91,48
592896,74112,4158.04,91.50,16.69,48
592896,74112,4286.33,93.49,13.10,48
592896,74112,4022.76,94.25,89.13,48
593280,74160,4083.60,92.74,45.90,48
593280,74160,3399.77,93.47,223.60,48
593280,74160,3610.98,91.82,149.44,48
593280,74160,4143.43,93.63,42.82,48
593280,74160,3771.73,91.45,98.05,48
593280,74160,3973.20,90.64,47.48,48
593280,74160,4169.42,91.87,9.31,48
593280,74160,4017.57,92.67,48.19,48
593664,74208,4029.55,92.31,53.07,48
593664,74208,3457.53,93.24,216.75,48
593664,74208,3507.95,92.60,179.04,48
593664,74208,4162.33,91.40,1.21,48
593664,74208,3444.18,92.63,198.68,48
593664,74208,4237.43,93.15,16.78,48
593664,74208,1496.82,91.55,649.59,48
593664,74208,4222.14,91.72,0.69,48
594048,74256,3267.71,92.66,237.62,48
594048,74256,2683.41,92.24,400.72,48
594048,74256,4266.84,92.17,1.31,48
594048,74256,4060.93,93.31,60.29,48
594048,74256,4354.46,93.40,3.84,48
594048,74256,4176.52,91.91,2.39,48
594048,74256,3274.92,92.27,198.79,48
594048,74256,4281.90,93.15,0.26,48
594432,74304,3964.82,90.99,46.26,48
594432,74304,3395.96,93.43,229.85,48
594432,74304,3595.06,93.37,175.59,48
594432,74304,3830.35,93.01,99.31,48
594432,74304,4078.18,91.86,37.08,48
594432,74304,3986.88,93.94,92.51,48
594432,74304,4241.77,92.35,3.24,48
594432,74304,3978.90,91.92,52.43,48
594816,74352,4152.51,92.11,10.60,48
594816,74352,3946.09,93.50,90.98,48
594816,74352,4294.91,93.02,1.53,48
594816,74352,4061.61,91.93,36.89,48
594816,74352,2186.58,90.30,460.29,48
594816,74352,4315.05,93.60,0.71,48
594816,74352,4178.92,93.18,30.92,48
594816,74352,4174.08,93.58,41.36,48
595200,74400,3265.59,90.67,205.81,48
595200,74400,3522.39,90.70,134.90,48
595200,74400,3123.54,92.14,276.74,48
595200,74400,4114.65,91.80,16.32,48
595200,74400,3976.76,93.46,80.04,48
595200,74400,3636.11,93.44,167.10,48
595200,74400,4107.00,91.38,11.02,48
595200,74400,4087.96,91.54,17.01,48
595584,74448,3689.15,90.83,111.66,48
595584,74448,3979.07,93.82,88.23,48
595584,74448,4310.21,93.44,7.50,48
595584,74448,4331.21,93.78,0.78,48
595584,74448,3334.91,93.27,223.57,48
595584,74448,4009.41,92.79,67.64,48
595584,74448,3808.51,90.75,60.38,48
595584,74448,3999.17,91.69,50.20,48
595968,74496,3847.91,92.18,92.55,48
595968,74496,4277.52,94.05,11.38,48
595968,74496,3867.93,93.05,104.99,48
595968,74496,4165.02,91.80,0.02,48
595968,74496,4188.79,92.21,0.10,48
595968,74496,4360.97,93.95,1.37,48
595968,74496,3893.99,91.07,67.51,48
595968,74496,4091.17,92.32,34.16,48
596352,74544,3796.71,91.72,94.94,48
596352,74544,4253.90,91.89,0.35,48
596352,74544,4235.74,94.24,30.62,48
596352,74544,4061.96,92.98,49.14,48
596352,74544,3919.52,91.05,48.19,48
596352,74544,4171.47,92.50,14.49,48
596352,74544,4165.12,93.79,48.56,48
596352,74544,1729.55,91.47,617.70,48
596736,74592,3467.67,93.54,204.60,48
596736,74592,4193.47,91.56,0.32,48
596736,74592,4174.28,93.57,42.86,48
596736,74592,4226.45,91.89,5.08,48
596736,74592,4049.94,91.89,42.27,48
596736,74592,3166.31,92.50,258.39,48
596736,74592,3951.57,93.21,81.61,48
596736,74592,4078.13,94.16,68.34,48
597120,74640,4315.25,93.31,11.94,48
597120,74640,3894.48,92.29,73.45,48
597120,74640,3498.68,93.60,208.49,48
597120,74640,3674.13,92.99,143.84,48
597120,74640,3569.88,90.95,113.20,48
597120,74640,4315.06,93.80,1.00,48
597120,74640,4004.66,92.24,48.36,48
597120,74640,1445.27,91.63,659.09,48
597504,74688,3880.42,93.44,111.87,48
597504,74688,4205.93,92.46,1.43,48
597504,74688,4113.38,93.44,47.26,48
597504,74688,2396.20,91.61,442.63,48
597504,74688,3367.38,91.12,185.52,48
597504,74688,3376.56,93.92,243.39,48
597504,74688,3433.96,92.89,211.50,48
597504,74688,3421.32,93.60,223.01,48
597888,74736,3838.56,91.09,55.09,48
597888,74736,4291.16,93.05,7.58,48
597888,74736,3668.65,93.36,158.44,48
597888,74736,4333.20,93.54,0.10,48
597888,74736,3922.72,91.93,65.75,48
597888,74736,4346.40,93.82,2.93,48
597888,74736,4199.56,91.87,3.24,48
597888,74736,4144.91,91.79,19.63,48
598272,74784,4183.32,93.05,27.35,48
598272,74784,4047.10,92.70,52.80,48
598272,74784,3299.06,93.87,252.20,48
598272,74784,4103.23,93.89,68.19,48
598272,74784,3324.26,90.38,186.01,48
598272,74784,3982.62,91.05,26.74,48
598272,74784,4092.07,91.20,11.59,48
598272,74784,2590.02,93.89,444.13,48
598656,74832,4220.74,93.06,12.17,48
598656,74832,4129.75,93.78,54.08,48
598656,74832,4086.92,92.67,35.79,48
598656,74832,3369.35,93.74,233.60,48
598656,74832,4205.50,93.77,33.61,48
598656,74832,3861.08,93.46,106.34,48
598656,74832,4166.62,93.57,41.70,48
598656,74832,4054.29,92.09,57.03,48
599040,74880,4320.24,93.37,1.81,48
599040,74880,4180.82,92.39,9.74,48
599040,74880,4062.39,92.53,41.25,48
599040,74880,4130.33,91.93,19.07,48
599040,74880,4207.56,91.33,0.60,48
599040,74880,4351.62,93.82,1.24,48
599040,74880,4117.28,91.33,13.05,48
599040,74880,4092.09,93.02,45.91,48
599424,74928,3924.99,93.79,105.03,48
599424,74928,3741.61,92.40,117.64,48
599424,74928,3244.25,92.05,236.07,48
599424,74928,3975.58,93.66,89.45,48
599424,74928,3501.66,92.29,167.94,48
599424,74928,4297.09,93.66,7.73,48
599424,74928,3203.90,91.90,225.66,48
599424,74928,3402.16,94.02,243.54,48
599808,74976,4014.57,91.75,49.24,48
599808,74976,2342.91,93.41,484.33,48
599808,74976,4146.02,92.88,31.01,48
599808,74976,4076.94,92.41,28.06,48
599808,74976,3990.20,91.51,43.49,48
599808,74976,4315.78,94.34,24.67,48
599808,74976,1547.76,91.79,656.23,48
599808,74976,4154.23,91.51,2.39,48
600192,75024,4220.95,92.22,1.83,48
600192,75024,2370.96,93.27,476.45,48
600192,75024,2342.07,91.46,460.72,48
600192,75024,4089.95,93.84,59.83,48
600192,75024,4302.24,93.17,5.60,48
600192,75024,3971.88,93.27,78.00,48
600192,75024,3341.76,92.52,218.51,48
600192,75024,4180.35,93.46,40.16,48
600576,75072,3745.04,92.03,103.30,48
600576,75072,4002.56,93.89,89.32,48
600576,75072,3890.00,93.91,119.27,48
600576,75072,4159.28,91.23,1.37,48
600576,75072,3683.78,92.79,147.22,48
600576,75072,4195.58,93.53,26.29,48
600576,75072,4260.92,92.53,0.26,48
600576,75072,1703.72,91.05,605.01,48
600960,75120,3474.70,91.31,165.84,48
600960,75120,4230.62,91.92,2.02,48
600960,75120,3412.51,93.47,229.80,48
600960,75120,3905.12,93.97,107.93,48
600960,75120,4193.44,91.80,1.21,48
600960,75120,4175.26,93.31,27.13,48
600960,75120,4297.02,93.15,0.78,48
600960,75120,3928.75,92.64,80.37,48
601344,75168,4228.46,92.67,1.38,48
601344,75168,4128.39,92.28,21.59,48
601344,75168,3847.73,91.23,60.10,48
601344,75168,4145.90,91.30,0.47,48
601344,75168,4209.46,93.31,28.34,48
601344,75168,1310.75,91.13,685.45,48
601344,75168,3773.28,90.40,73.12,48
601344,75168,4006.15,90.93,17.90,48
601728,75216,3279.47,93.69,257.77,48
601728,75216,4256.68,92.99,11.94,48
601728,75216,3458.30,93.79,223.88,48
601728,75216,3840.61,91.72,84.24,48
601728,75216,4330.78,94.02,0.88,48
601728,75216,3614.15,93.28,161.15,48
601728,75216,4092.98,91.09,2.50,48
601728,75216,4158.07,91.22,3.57,48
602112,75264,3950.27,93.38,88.34,48
602112,75264,3820.78,91.41,79.38,48
602112,75264,4228.13,92.95,9.73,48
602112,75264,4413.30,94.46,1.24,48
602112,75264,3971.03,90.99,37.10,48
602112,75264,4316.31,93.88,12.44,48
602112,75264,4355.77,93.87,1.59,48
602112,75264,2657.30,93.50,418.29,48
602496,75312,1122.95,91.48,736.44,48
602496,75312,3522.52,93.37,206.01,48
602496,75312,4316.78,93.98,18.42,48
602496,75312,3803.76,93.63,139.32,48
602496,75312,3531.57,93.15,184.15,48
602496,75312,3638.17,93.00,153.12,48
602496,75312,4225.27,92.69,14.10,48
602496,75312,3932.23,93.63,88.90,48
602880,75360,4222.08,92.85,13.15,48
602880,75360,4133.54,92.26,15.88,48
602880,75360,4327.95,93.31,0.81,48
602880,75360,4105.87,90.84,0.79,48
602880,75360,3989.25,93.46,80.00,48
602880,75360,3810.92,91.68,88.24,48
602880,75360,3405.34,90.33,144.51,48
602880,75360,4005.61,93.20,76.06,48
603264,75408,4198.75,92.63,16.13,48
603264,75408,4243.96,92.92,10.79,48
603264,75408,4361.62,94.12,2.62,48
603264,75408,4218.80,92.61,2.64,48
603264,75408,4099.19,93.80,67.21,48
603264,75408,4325.03,93.43,1.46,48
603264,75408,4052.01,92.18,42.68,48
603264,75408,4161.99,91.75,0.31,48
603648,75456,3729.20,93.41,144.40,48
603648,75456,3565.29,93.69,192.39,48
603648,75456,3138.22,92.89,281.46,48
603648,75456,3191.46,91.26,235.10,48
603648,75456,4081.66,92.49,39.61,48
603648,75456,3737.18,93.33,146.21,48
603648,75456,3906.74,93.63,100.83,48
603648,75456,2146.55,91.67,493.12,48
604032,75504,4393.44,94.16,1.77,48
604032,75504,3514.30,92.43,165.95,48
604032,75504,3997.42,92.34,49.11,48
604032,75504,2382.94,93.57,488.29,48
604032,75504,4126.34,92.14,19.30,48
604032,75504,4214.60,93.11,13.48,48
604032,75504,4142.68,91.69,0.47,48
604032,75504,4334.19,94.14,4.31,48
604416,75552,4362.13,93.89,2.31,48
604416,75552,4135.17,92.73,28.84,48
604416,75552,3992.36,92.39,62.88,48
604416,75552,4152.10,92.29,17.20,48
604416,75552,4168.53,92.43,4.00,48
604416,75552,4091.77,91.71,14.25,48
604416,75552,3235.37,91.23,226.61,48
604416,75552,4356.74,93.77,0.57,48
604800,75600,3778.01,94.15,147.97,48
604800,75600,4166.47,91.97,12.66,48
604800,75600,4302.59,93.71,7.81,48
604800,75600,4171.90,91.65,8.22,48
604800,75600,3371.26,91.58,193.09,48
604800,75600,3889.79,91.48,61.92,48
604800,75600,4196.60,91.86,0.47,48
604800,75600,3282.65,91.76,224.10,48
605184,75648,4321.58,93.34,1.21,48
605184,75648,3665.24,91.82,139.85,48
605184,75648,4225.05,94.03,39.18,48
605184,75648,4168.14,91.43,13.57,48
605184,75648,4262.81,93.50,3.60,48
605184,75648,4189.47,92.11,0.95,48
605184,75648,4168.18,91.19,1.28,48
605184,75648,3950.93,91.44,34.42,48
605568,75696,4116.33,93.47,52.10,48
605568,75696,4365.54,93.94,0.31,48
605568,75696,4132.12,93.47,39.84,48
605568,75696,3961.45,93.74,93.32,48
605568,75696,3859.65,91.47,80.17,48
605568,75696,4169.91,93.73,32.28,48
605568,75696,1740.68,92.73,623.92,48
605568,75696,4355.44,93.79,3.11,48
605952,75744,4113.26,93.16,31.03,48
605952,75744,4235.82,92.70,4.42,48
605952,75744,4279.86,93.40,12.66,48
605952,75744,4288.48,94.02,16.25,48
605952,75744,4176.46,94.29,53.13,48
605952,75744,3567.83,90.77,136.97,48
605952,75744,3714.37,93.25,151.46,48
605952,75744,3905.17,94.04,106.24,48
606336,75792,4216.87,92.92,19.77,48
606336,75792,3397.43,94.27,233.30,48
606336,75792,3981.13,92.16,48.99,48
606336,75792,4029.70,90.53,8.95,48
606336,75792,4191.92,92.74,7.46,48
606336,75792,4223.57,93.02,2.20,48
606336,75792,3759.01,92.81,119.38,48
606336,75792,4216.02,92.95,1.01,48
606720,75840,4379.88,93.79,0.00,48
606720,75840,3630.58,91.72,140.46,48
606720,75840,4185.35,93.02,29.79,48
606720,75840,3547.48,93.63,208.28,48
606720,75840,4084.40,93.01,41.08,48
606720,75840,4116.94,91.73,12.27,48
606720,75840,3921.78,93.34,92.08,48
606720,75840,3732.92,92.91,138.60,48
607104,75888,4249.54,92.89,0.66,48
607104,75888,4350.08,94.07,1.43,48
607104,75888,4082.61,91.97,24.19,48
607104,75888,4232.10,92.52,0.92,48
607104,75888,4289.38,93.28,1.46,48
607104,75888,3950.54,91.41,54.77,48
607104,75888,3817.56,93.31,110.44,48
607104,75888,4148.45,92.63,25.36,48
607488,75936,3680.90,93.04,154.61,48
607488,75936,3737.76,89.98,91.57,48
607488,75936,3635.83,93.81,178.81,48
607488,75936,4231.50,92.39,0.83,48
607488,75936,4342.80,93.70,0.43,48
607488,75936,4145.42,91.98,0.81,48
607488,75936,3933.79,93.77,104.89,48
607488,75936,4408.07,94.15,0.33,48
607872,75984,3956.56,91.63,45.00,48
607872,75984,4141.07,92.96,39.19,48
607872,75984,4340.84,93.53,2.53,48
607872,75984,3886.26,91.94,76.87,48
607872,75984,3434.50,93.53,222.13,48
607872,75984,3946.70,92.79,70.77,48
607872,75984,4200.04,92.35,0.28,48
607872,75984,3294.80,90.60,198.39,48
608256,76032,3778.96,91.51,101.11,48
608256,76032,4158.08,94.27,55.56,48
608256,76032,3794.35,92.08,100.83,48
608256,76032,4232.51,93.42,19.83,48
608256,76032,4171.25,92.17,19.21,48
608256,76032,3895.59,93.82,122.69,48
608256,76032,3222.26,93.28,259.61,48
608256,76032,4004.80,91.83,50.16,48
608640,76080,3733.35,91.38,86.26,48
608640,76080,4113.05,93.44,58.02,48
608640,76080,4247.04,92.62,0.60,48
608640,76080,4187.38,91.75,0.47,48
608640,76080,3598.62,92.88,159.76,48
608640,76080,4136.06,93.57,43.57,48
608640,76080,4280.39,93.21,0.69,48
608640,76080,4251.07,93.37,7.87,48
609024,76128,4301.48,93.31,9.68,48
609024,76128,1434.70,91.90,680.02,48
609024,76128,3924.28,92.07,72.19,48
609024,76128,4281.01,93.40,0.83,48
609024,76128,3462.27,93.67,213.56,48
609024,76128,4135.73,91.30,1.74,48
609024,76128,3582.59,93.27,167.80,48
609024,76128,4055.03,91.02,30.59,48
609408,76176,4305.42,93.54,0.02,48
609408,76176,3485.41,93.70,213.67,48
609408,76176,3939.46,91.75,68.09,48
609408,76176,3643.88,90.96,112.36,48
609408,76176,3767.50,92.28,100.52,48
609408,76176,3242.59,93.93,265.73,48
609408,76176,4176.11,92.22,11.25,48
609408,76176,4237.55,93.69,18.74,48
609792,76224,4285.48,92.85,0.66,48
609792,76224,4009.69,93.05,74.48,48
609792,76224,4137.86,91.12,0.68,48
609792,76224,3886.56,90.35,35.42,48
609792,76224,4194.61,91.97,4.79,48
609792,76224,4154.21,93.44,19.03,48
609792,76224,3831.73,91.87,83.17,48
609792,76224,4247.96,93.44,11.55,48
610176,76272,3933.98,93.57,102.43,48
610176,76272,4171.43,91.55,0.92,48
610176,76272,3544.36,90.98,140.14,48
610176,76272,4362.43,94.10,0.69,48
610176,76272,4234.53,92.06,2.56,48
610176,76272,4179.78,93.63,37.98,48
610176,76272,4048.41,93.80,67.58,48
610176,76272,3781.36,91.57,75.99,48
610560,76320,3953.61,94.18,109.64,48
610560,76320,3539.48,92.39,168.05,48
610560,76320,4081.77,90.92,1.24,48
610560,76320,4178.87,91.76,0.35,48
610560,76320,3751.75,92.35,124.40,48
610560,76320,3621.17,91.86,143.70,48
610560,76320,4005.60,93.27,75.17,48
610560,76320,4314.54,94.12,18.97,48
610944,76368,4189.79,91.68,9.93,48
610944,76368,3445.89,93.18,212.75,48
610944,76368,3866.69,92.50,87.49,48
610944,76368,3437.63,93.30,221.05,48
610944,76368,4319.60,94.16,18.20,48
610944,76368,3664.89,93.63,175.31,48
610944,76368,4186.15,91.69,0.68,48
610944,76368,4239.28,93.40,34.05,48
611328,76416,4264.98,93.03,3.07,48
611328,76416,3853.23,91.83,85.07,48
611328,76416,3728.64,93.91,150.00,48
611328,76416,4292.87,93.72,16.30,48
611328,76416,4038.42,92.17,52.66,48
611328,76416,4136.53,91.55,1.49,48
611328,76416,3560.90,91.87,149.92,48
611328,76416,3484.43,92.36,175.55,48
611712,76464,4385.97,93.94,0.39,48
611712,76464,4205.95,94.05,41.94,48
611712,76464,3347.95,92.27,204.49,48
611712,76464,4041.46,93.36,65.05,48
611712,76464,3814.72,92.08,100.15,48
611712,76464,4287.64,92.88,1.81,48
611712,76464,4218.91,92.22,1.74,48
611712,76464,3968.73,92.71,70.56,48
612096,76512,3510.18,91.93,157.18,48
612096,76512,4121.91,94.24,60.08,48
612096,76512,4239.73,92.74,0.39,48
612096,76512,4235.74,94.00,30.67,48
612096,76512,4189.88,93.82,37.05,48
612096,76512,4162.68,90.76,0.32,48
612096,76512,4371.44,93.96,1.37,48
612096,76512,4168.50,91.91,1.53,48
612480,76560,3892.41,91.78,67.27,48
612480,76560,3480.67,91.43,179.79,48
612480,76560,4380.20,94.25,0.72,48
612480,76560,4002.19,92.98,59.27,48
612480,76560,4141.39,91.74,0.26,48
612480,76560,4135.81,93.09,40.32,48
612480,76560,3631.55,92.39,132.82,48
612480,76560,4305.66,93.15,3.24,48
612864,76608,4362.81,94.05,0.43,48
612864,76608,4174.18,92.10,2.39,48
612864,76608,4231.77,93.21,3.98,48
612864,76608,3790.44,93.60,141.53,48
612864,76608,3784.14,90.06,62.18,48
612864,76608,4089.47,91.79,27.88,48
612864,76608,4110.50,91.26,12.85,48
612864,76608,3226.40,91.76,227.62,48
613248,76656,4168.59,91.86,6.76,48
613248,76656,4187.99,91.94,12.39,48
613248,76656,4169.06,93.08,31.54,48
613248,76656,4264.20,93.19,3.29,48
613248,76656,3816.59,91.37,73.15,48
613248,76656,3232.18,91.16,234.10,48
613248,76656,3326.37,94.06,258.76,48
613248,76656,1403.19,93.67,721.92,48
613632,76704,3750.72,92.37,109.79,48
613632,76704,3807.27,91.94,94.52,48
613632,76704,4074.69,91.78,37.41,48
613632,76704,4161.23,93.54,40.52,48
613632,76704,3949.08,91.85,55.68,48
613632,76704,3188.89,91.03,221.95,48
613632,76704,3255.90,91.15,216.95,48
613632,76704,4262.76,94.10,24.63,48
614016,76752,3984.54,91.89,42.09,48
614016,76752,3917.90,93.98,114.52,48
614016,76752,4182.91,92.50,1.52,48
614016,76752,4375.23,93.72,2.64,48
614016,76752,4188.73,92.69,30.72,48
614016,76752,4204.97,92.04,0.00,48
614016,76752,3578.11,92.46,157.59,48
614016,76752,4242.17,92.99,1.43,48
614400,76800,3317.55,92.27,215.98,48
614400,76800,3924.97,91.48,66.89,48
614400,76800,4279.70,92.67,0.31,48
614400,76800,1711.50,90.35,586.91,48
614400,76800,3732.75,90.89,96.29,48
614400,76800,3291.69,91.25,215.88,48
614400,76800,2300.73,94.08,508.23,48
614400,76800,3647.60,91.41,133.88,48
614784,76848,3432.70,93.01,210.91,48
614784,76848,4267.09,93.31,24.38,48
614784,76848,4226.66,93.87,28.32,48
614784,76848,3569.44,92.49,162.13,48
614784,76848,4171.13,92.17,11.16,48
614784,76848,3955.08,92.97,57.10,48
614784,76848,1678.12,92.62,636.85,48
614784,76848,4017.68,92.85,68.62,48
615168,76896,1736.85,93.76,649.64,48
615168,76896,4283.41,93.05,3.86,48
615168,76896,4298.88,93.28,5.35,48
615168,76896,4212.22,92.12,1.86,48
615168,76896,4190.55,92.88,18.54,48
615168,76896,3489.94,92.21,169.41,48
615168,76896,4172.96,91.47,0.83,48
615168,76896,1549.85,91.44,642.67,48
615552,76944,4112.18,91.68,31.94,48
615552,76944,4214.92,92.11,1.76,48
615552,76944,4175.94,91.53,0.74,48
615552,76944,3974.36,94.17,96.74,48
615552,76944,3420.17,91.54,175.26,48
615552,76944,4003.96,90.53,24.29,48
615552,76944,4141.54,93.91,55.40,48
615552,76944,4006.60,91.76,41.93,48
615936,76992,4251.53,92.69,0.19,48
615936,76992,4254.72,94.72,39.56,48
615936,76992,4340.25,93.76,17.85,48
615936,76992,4263.59,93.33,6.70,48
615936,76992,4351.49,93.96,10.41,48
615936,76992,4098.16,92.12,18.44,48
615936,76992,3284.53,92.89,236.00,48
615936,76992,3959.07,92.00,65.09,48
616320,77040,4104.72,93.64,49.30,48
616320,77040,4137.50,92.95,35.54,48
616320,77040,4114.76,92.08,22.73,48
616320,77040,3460.19,91.79,179.36,48
616320,77040,4223.36,91.97,0.57,48
616320,77040,3945.03,94.15,110.59,48
616320,77040,3789.78,93.72,143.97,48
616320,77040,3400.73,90.93,167.73,48
616704,77088,4279.63,94.02,22.92,48
616704,77088,4149.25,92.16,0.88,48
616704,77088,4147.66,93.02,37.63,48
616704,77088,2164.36,93.56,526.65,48
616704,77088,3761.49,92.39,118.91,48
616704,77088,4194.19,92.50,10.27,48
616704,77088,3459.04,93.43,212.26,48
616704,77088,2513.10,93.53,455.24,48
617088,77136,4031.55,91.50,41.13,48
617088,77136,3751.94,91.51,89.91,48
617088,77136,4210.87,93.44,27.50,48
617088,77136,4323.22,94.86,25.76,48
617088,77136,3816.34,91.76,97.85,48
617088,77136,4030.96,93.20,55.78,48
617088,77136,4235.70,92.85,0.00,48
617088,77136,3316.38,92.32,222.91,48
617472,77184,3861.17,93.00,114.14,48
617472,77184,4238.87,92.39,0.10,48
617472,77184,4034.08,92.08,42.08,48
617472,77184,3435.93,92.75,194.81,48
617472,77184,4134.14,93.54,53.16,48
617472,77184,3653.41,93.01,146.96,48
617472,77184,4348.62,93.76,4.91,48
617472,77184,3800.09,93.41,124.48,48
617856,77232,3361.47,91.79,216.07,48
617856,77232,4211.92,92.16,1.43,48
617856,77232,3690.94,93.51,145.00,48
617856,77232,3187.13,91.48,230.64,48
617856,77232,4131.15,91.14,0.68,48
617856,77232,3975.84,93.67,88.63,48
617856,77232,3738.68,94.11,151.35,48
617856,77232,4088.86,91.51,8.68,48
618240,77280,4232.42,92.79,3.57,48
618240,77280,3792.90,93.11,128.96,48
618240,77280,4239.63,92.24,2.28,48
618240,77280,4226.66,91.96,2.31,48
618240,77280,4078.32,93.81,63.79,48
618240,77280,4207.22,92.55,6.17,48
618240,77280,4031.49,92.75,52.44,48
618240,77280,3856.01,93.79,123.66,48
618624,77328,4245.96,92.70,2.31,48
618624,77328,3443.71,91.63,181.40,48
618624,77328,4216.48,93.68,26.88,48
618624,77328,4256.12,92.88,8.95,48
618624,77328,4369.21,93.95,0.00,48
618624,77328,3969.58,91.54,61.47,48
618624,77328,3450.32,93.60,219.66,48
618624,77328,3137.97,92.44,266.72,48
619008,77376,4416.90,94.42,2.89,48
619008,77376,4333.19,93.43,3.09,48
619008,77376,3438.98,93.63,219.81,48
619008,77376,3772.45,91.95,84.45,48
619008,77376,4194.33,92.00,5.27,48
619008,77376,4139.79,93.51,51.73,48
619008,77376,3305.54,93.89,254.40,48
619008,77376,4297.80,92.42,0.26,48
619392,77424,3758.07,90.84,82.43,48
619392,77424,4233.19,92.83,1.46,48
619392,77424,4183.85,92.57,22.33,48
619392,77424,3929.22,92.74,84.65,48
619392,77424,2569.51,92.89,414.93,48
619392,77424,4012.45,91.16,27.89,48
619392,77424,3924.22,91.80,58.95,48
619392,77424,3799.51,92.69,109.95,48
619776,77472,4033.00,92.02,43.14,48
619776,77472,4183.67,93.21,26.64,48
619776,77472,4202.68,91.51,0.18,48
619776,77472,1490.14,93.44,694.65,48
619776,77472,4097.97,92.40,27.96,48
619776,77472,3398.44,92.82,208.58,48
619776,77472,4289.13,93.95,19.57,48
619776,77472,3802.65,92.04,99.89,48
620160,77520,4226.36,93.12,4.75,48
620160,77520,3984.84,93.09,72.71,48
620160,77520,3758.71,92.44,110.03,48
620160,77520,4238.11,93.44,15.41,48
620160,77520,4167.75,92.17,18.20,48
620160,77520,3317.10,91.06,200.92,48
620160,77520,3856.39,92.53,90.34,48
620160,77520,3451.11,93.09,202.57,48
620544,77568,4175.42,91.97,15.75,48
620544,77568,3795.85,91.43,78.07,48
620544,77568,3818.90,90.91,79.88,48
620544,77568,4253.76,92.94,0.88,48
620544,77568,4085.55,90.85,1.06,48
620544,77568,4214.36,92.75,7.17,48
620544,77568,4330.54,93.28,1.89,48
620544,77568,4175.75,92.21,24.08,48
620928,77616,4311.00,93.80,1.98,48
620928,77616,4053.84,93.86,79.27,48
620928,77616,3883.19,93.43,102.05,48
620928,77616,4059.44,92.91,54.25,48
620928,77616,3842.96,92.00,89.73,48
620928,77616,4009.23,93.91,81.18,48
620928,77616,4044.35,93.63,77.41,48
620928,77616,4235.87,92.29,0.19,48
621312,77664,4071.20,91.63,20.40,48
621312,77664,3885.75,91.04,60.27,48
621312,77664,3894.08,91.34,65.49,48
621312,77664,4158.26,93.65,47.43,48
621312,77664,3543.95,94.17,208.08,48
621312,77664,4303.57,93.08,0.32,48
621312,77664,3533.20,91.68,165.09,48
621312,77664,3536.25,90.73,147.75,48
621696,77712,2595.89,93.58,432.54,48
621696,77712,4113.82,91.29,25.89,48
621696,77712,3532.70,91.54,166.34,48
621696,77712,4159.75,91.65,7.86,48
621696,77712,4313.24,93.50,0.10,48
621696,77712,4055.80,93.28,60.41,48
621696,77712,3811.72,91.79,92.19,48
621696,77712,3917.87,92.00,80.87,48
622080,77760,2495.88,89.96,374.14,48
622080,77760,3845.41,92.32,92.98,48
622080,77760,4083.61,91.53,18.96,48
622080,77760,3726.26,90.95,78.13,48
622080,77760,4175.22,91.94,4.73,48
622080,77760,4235.54,93.11,20.83,48
622080,77760,1605.15,93.09,662.71,48
622080,77760,4172.97,92.11,14.46,48
622464,77808,3930.35,90.42,35.31,48
622464,77808,3771.95,92.10,115.52,48
622464,77808,3364.83,90.47,190.27,48
622464,77808,4311.53,93.21,0.74,48
622464,77808,3364.13,91.14,209.02,48
622464,77808,4134.07,91.36,6.29,48
622464,77808,4113.58,91.97,11.29,48
622464,77808,3577.36,93.32,180.52,48
622848,77856,4402.27,94.10,0.71,48
622848,77856,3881.68,94.39,125.59,48
622848,77856,3139.36,92.88,275.63,48
622848,77856,3364.43,93.96,249.00,48
622848,77856,3614.75,92.31,159.61,48
622848,77856,3855.48,93.02,109.71,48
622848,77856,4248.19,93.57,22.68,48
622848,77856,4217.46,93.43,24.14,48
623232,77904,3461.96,91.62,169.30,48
623232,77904,3665.19,93.71,162.74,48
623232,77904,4193.00,93.28,39.39,48
623232,77904,4259.17,92.68,0.39,48
623232,77904,4178.98,91.83,0.39,48
623232,77904,4188.76,93.47,38.08,48
623232,77904,4141.32,93.87,52.07,48
623232,77904,3297.37,94.26,272.10,48
623616,77952,4015.04,93.72,78.26,48
623616,77952,4339.91,93.34,0.61,48
623616,77952,4184.85,93.53,26.24,48
623616,77952,3832.14,92.43,98.82,48
623616,77952,4126.77,93.34,34.35,48
623616,77952,3326.29,92.19,220.93,48
623616,77952,4257.23,93.67,16.46,48
623616,77952,3879.31,92.25,88.16,48
624000,78000,4330.21,93.84,0.88,48
624000,78000,4169.24,93.28,33.97,48
624000,78000,3247.25,91.65,228.88,48
624000,78000,3991.39,93.06,71.35,48
624000,78000,3765.62,94.01,159.66,48
624000,78000,3513.76,92.22,164.35,48
624000,78000,4343.81,94.11,3.40,48
624000,78000,4258.75,92.68,2.72,48
624384,78048,4249.34,92.29,1.38,48
624384,78048,4233.61,92.50,1.43,48
624384,78048,4220.66,93.44,15.20,48
624384,78048,3499.47,94.05,216.34,48
624384,78048,4041.01,93.21,70.20,48
624384,78048,3651.54,91.21,135.08,48
624384,78048,1748.65,93.21,636.38,48
624384,78048,4367.71,94.17,2.39,48
624768,78096,3384.90,93.50,229.25,48
624768,78096,3776.87,93.82,145.99,48
624768,78096,3954.76,91.16,45.14,48
624768,78096,3322.34,91.29,209.48,48
624768,78096,3578.82,94.05,202.45,48
624768,78096,4034.50,91.94,44.71,48
624768,78096,4271.83,94.01,31.62,48
624768,78096,4153.92,93.25,30.48,48
625152,78144,2291.06,92.29,469.79,48
625152,78144,4268.35,92.78,2.88,48
625152,78144,4272.43,92.35,2.18,48
625152,78144,4378.89,93.99,6.83,48
625152,78144,3892.13,92.23,86.40,48
625152,78144,4153.68,92.68,20.71,48
625152,78144,4246.57,92.43,2.84,48
625152,78144,3677.78,93.50,153.82,48
625536,78192,4200.48,92.71,12.69,48
625536,78192,4391.50,94.08,1.37,48
625536,78192,4309.94,93.63,1.44,48
625536,78192,4357.39,93.98,1.45,48
625536,78192,3281.57,92.01,226.26,48
625536,78192,4411.13,94.31,0.69,48
625536,78192,4167.96,94.15,47.61,48
625536,78192,3627.28,93.92,171.22,48
625920,78240,4277.82,93.31,1.37,48
625920,78240,4198.69,93.06,23.61,48
625920,78240,4339.82,93.95,2.28,48
625920,78240,4048.81,93.60,62.14,48
625920,78240,4286.40,93.27,2.31,48
625920,78240,3906.36,93.78,105.06,48
625920,78240,4342.60,93.77,0.43,48
625920,78240,4199.55,93.76,49.64,48
626304,78288,4052.18,91.93,38.36,48
626304,78288,3782.57,93.00,111.94,48
626304,78288,4254.17,92.28,0.90,48
626304,78288,4205.27,92.08,0.02,48
626304,78288,4053.10,93.14,55.59,48
626304,78288,4228.82,94.31,34.67,48
626304,78288,3229.48,91.54,233.44,48
626304,78288,4254.07,93.40,5.94,48
626688,78336,4070.23,93.53,60.14,48
626688,78336,4239.75,92.54,1.21,48
626688,78336,4226.49,93.53,25.73,48
626688,78336,4366.40,94.38,3.96,48
626688,78336,4288.15,94.17,27.19,48
626688,78336,4100.13,93.62,51.72,48
626688,78336,4139.31,93.34,38.40,48
626688,78336,3244.13,91.80,238.25,48
627072,78384,2256.85,91.86,476.94,48
627072,78384,3762.89,94.36,156.86,48
627072,78384,4034.78,91.51,34.40,48
627072,78384,4175.14,92.46,22.34,48
627072,78384,4228.76,92.43,1.37,48
627072,78384,4305.44,93.02,0.00,48
627072,78384,4302.76,92.89,0.72,48
627072,78384,3897.37,92.29,81.57,48
627456,78432,3702.18,92.79,135.98,48
627456,78432,3974.14,92.29,66.10,48
627456,78432,3695.75,94.31,174.91,48
627456,78432,3999.99,92.03,50.30,48
627456,78432,3271.14,92.32,230.12,48
627456,78432,4349.20,94.55,6.12,48
627456,78432,4020.06,91.79,43.29,48
627456,78432,3381.19,93.24,218.65,48
627840,78480,3449.95,92.42,194.96,48
627840,78480,3262.58,90.74,187.02,48
627840,78480,4272.68,93.35,6.06,48
627840,78480,3881.35,92.47,78.42,48
627840,78480,3782.23,93.99,151.16,48
627840,78480,3990.49,91.32,45.75,48
627840,78480,4225.08,92.89,3.37,48
627840,78480,4386.44,94.05,2.71,48
628224,78528,4020.05,92.14,43.61,48
628224,78528,3145.00,91.70,254.99,48
628224,78528,4109.81,94.38,69.06,48
628224,78528,3435.50,94.09,236.38,48
628224,78528,4018.18,92.15,46.16,48
628224,78528,4147.98,93.86,52.08,48
628224,78528,4113.28,93.75,57.36,48
628224,78528,4175.39,93.73,40.70,48
628608,78576,1528.20,90.87,626.85,48
628608,78576,4372.83,94.33,5.80,48
628608,78576,1451.87,94.05,725.29,48
628608,78576,4068.43,91.86,26.02,48
628608,78576,4293.15,93.40,0.31,48
628608,78576,4396.51,94.02,0.81,48
628608,78576,4355.97,93.67,1.37,48
628608,78576,4154.83,91.83,2.19,48
628992,78624,3480.19,92.36,189.58,48
628992,78624,4148.35,93.27,33.80,48
628992,78624,4110.24,93.30,55.03,48
628992,78624,1875.65,93.27,613.34,48
628992,78624,4073.49,91.80,19.80,48
628992,78624,4227.85,93.08,8.97,48
628992,78624,3339.62,93.38,245.95,48
628992,78624,3257.23,92.18,240.34,48
629376,78672,4298.87,93.15,0.88,48
629376,78672,3452.39,93.52,225.48,48
629376,78672,4075.65,91.83,29.89,48
629376,78672,3843.29,91.51,84.08,48
629376,78672,4235.15,92.21,0.81,48
629376,78672,3654.45,92.79,136.36,48
629376,78672,3919.65,92.88,88.71,48
629376,78672,3689.87,93.31,146.08,48
629760,78720,1670.37,91.54,624.94,48
629760,78720,4172.76,91.87,8.03,48
629760,78720,4041.34,92.96,59.25,48
629760,78720,4363.54,93.86,0.74,48
629760,78720,4351.28,94.34,10.06,48
629760,78720,3606.29,93.96,179.03,48
629760,78720,3558.68,92.82,172.52,48
629760,78720,4010.36,92.54,59.59,48
630144,78768,4047.28,90.97,19.45,48
630144,78768,4142.64,93.47,44.14,48
630144,78768,3483.89,91.77,174.12,48
630144,78768,4206.64,92.21,1.46,48
630144,78768,4023.03,92.08,45.40,48
630144,78768,4043.60,94.05,83.34,48
630144,78768,3966.34,94.31,108.77,48
630144,78768,4156.53,94.75,62.99,48
630528,78816,4355.29,93.99,0.61,48
630528,78816,4293.75,93.63,2.39,48
630528,78816,3863.37,94.25,124.89,48
630528,78816,3985.34,94.80,109.66,48
630528,78816,3788.84,93.44,138.44,48
630528,78816,3975.83,94.41,104.33,48
630528,78816,4273.76,93.28,0.69,48
630528,78816,4117.88,94.41,75.84,48
630912,78864,3662.03,91.96,137.11,48
630912,78864,3955.02,93.02,89.51,48
630912,78864,3252.74,92.35,236.84,48
630912,78864,4154.19,93.91,48.59,48
630912,78864,4296.58,93.49,0.43,48
630912,78864,3424.52,94.02,231.08,48
630912,78864,4157.82,92.46,8.23,48
630912,78864,3941.31,93.49,87.80,48
631296,78912,4329.40,93.57,0.60,48
631296,78912,4125.73,93.47,46.87,48
631296,78912,1519.57,91.71,670.91,48
631296,78912,3563.86,93.88,197.41,48
631296,78912,4147.94,92.25,18.92,48
631296,78912,2274.61,91.80,474.40,48
631296,78912,3318.17,93.98,250.82,48
631296,78912,1340.42,94.12,740.49,48
631680,78960,4326.25,94.19,6.32,48
631680,78960,4211.18,92.54,0.60,48
631680,78960,2328.10,93.63,491.34,48
631680,78960,4371.88,94.35,2.39,48
631680,78960,3471.97,91.48,167.37,48
631680,78960,3562.35,94.08,190.83,48
631680,78960,3987.99,93.37,75.26,48
631680,78960,4141.01,91.86,19.89,48
632064,79008,4175.97,94.12,39.09,48
632064,79008,4308.26,94.01,17.53,48
632064,79008,4167.10,92.32,18.26,48
632064,79008,4143.76,93.75,52.85,48
632064,79008,2302.92,94.05,511.28,48
632064,79008,3786.94,93.29,122.00,48
632064,79008,3646.92,93.85,173.36,48
632064,79008,4281.32,93.14,5.95,48
632448,79056,4248.02,94.18,24.24,48
632448,79056,4189.56,93.73,34.56,48
632448,79056,3928.94,92.46,77.25,48
632448,79056,4314.29,93.78,0.26,48
632448,79056,3997.96,91.36,37.36,48
632448,79056,3872.87,93.05,91.35,48
632448,79056,3958.55,92.46,63.58,48
632448,79056,4186.23,94.70,59.71,48
632832,79104,4244.27,94.48,37.06,48
632832,79104,4195.70,93.76,34.40,48
632832,79104,4241.33,93.87,28.26,48
632832,79104,3550.16,93.70,192.24,48
632832,79104,4253.67,93.17,8.35,48
632832,79104,4061.96,91.70,19.43,48
632832,79104,3910.97,92.56,79.82,48
632832,79104,3400.22,93.24,224.82,48
633216,79152,3569.01,94.37,192.58,48
633216,79152,3752.57,92.02,107.36,48
633216,79152,4301.52,93.15,0.18,48
633216,79152,4134.81,92.15,20.02,48
633216,79152,3751.02,92.35,108.44,48
633216,79152,3903.71,92.32,80.53,48
633216,79152,3876.74,92.54,81.00,48
633216,79152,3249.69,91.76,227.06,48
633600,79200,4324.58,93.05,1.74,48
633600,79200,4282.38,93.08,4.60,48
633600,79200,3718.57,93.46,145.37,48
633600,79200,3747.84,93.88,140.14,48
633600,79200,4102.90,91.40,5.43,48
633600,79200,4216.96,93.85,31.95,48
633600,79200,3975.51,93.34,77.15,48
633600,79200,3521.26,92.96,181.32,48
633984,79248,3752.11,90.63,82.86,48
633984,79248,4101.64,92.66,37.06,48
633984,79248,4086.35,91.86,31.12,48
633984,79248,3879.90,92.21,87.96,48
633984,79248,4136.84,92.07,19.93,48
633984,79248,3973.91,91.75,53.13,48
633984,79248,4063.17,92.82,37.33,48
633984,79248,4314.71,93.67,0.00,48
634368,79296,4330.47,94.23,11.74,48
634368,79296,1532.46,92.95,675.97,48
634368,79296,3836.65,92.26,92.31,48
634368,79296,3580.44,92.57,164.90,48
634368,79296,3886.98,92.82,82.82,48
634368,79296,3244.57,93.15,251.38,48
634368,79296,4037.26,92.32,55.09,48
634368,79296,4118.09,92.07,14.84,48
634752,79344,4006.03,91.19,38.33,48
634752,79344,4266.82,93.80,21.45,48
634752,79344,4227.37,92.52,0.43,48
634752,79344,4258.95,93.08,0.67,48
634752,79344,3868.06,93.03,110.05,48
634752,79344,3602.03,91.91,143.69,48
634752,79344,3961.82,92.24,70.81,48
634752,79344,4197.05,93.44,26.79,48
635136,79392,4281.23,93.63,3.96,48
635136,79392,4185.49,94.05,48.97,48
635136,79392,4199.10,93.95,39.89,48
635136,79392,4151.53,91.50,8.59,48
635136,79392,2147.83,92.63,523.94,48
635136,79392,3244.96,91.71,235.11,48
635136,79392,4397.94,94.44,2.30,48
635136,79392,3924.52,92.70,73.92,48
635520,79440,4352.37,93.89,0.31,48
635520,79440,3086.84,92.00,273.15,48
635520,79440,4201.82,92.89,13.74,48
635520,79440,3505.37,93.65,199.92,48
635520,79440,3710.51,93.72,149.75,48
635520,79440,4307.58,93.82,10.04,48
635520,79440,3534.25,91.78,170.15,48
635520,79440,4206.38,92.35,13.06,48
635904,79488,4368.18,94.28,5.68,48
635904,79488,4205.07,92.36,0.39,48
635904,79488,3232.67,93.20,264.20,48
635904,79488,4153.26,93.47,41.60,48
635904,79488,3490.22,92.38,184.52,48
635904,79488,4346.50,93.93,1.21,48
635904,79488,4307.37,94.21,13.34,48
635904,79488,4346.13,93.96,0.81,48
636288,79536,4261.46,94.05,27.69,48
636288,79536,3514.08,90.98,140.21,48
636288,79536,4216.86,94.50,50.54,48
636288,79536,3857.94,92.11,68.90,48
636288,79536,4390.80,94.25,0.32,48
636288,79536,3259.64,91.34,223.82,48
636288,79536,3984.92,92.49,66.74,48
636288,79536,4244.04,92.51,2.58,48
636672,79584,3763.39,94.70,162.75,48
636672,79584,4263.30,92.97,0.39,48
636672,79584,3403.14,93.24,217.97,48
636672,79584,4055.91,92.14,43.34,48
636672,79584,3593.98,92.50,163.26,48
636672,79584,4288.61,93.47,8.97,48
636672,79584,4412.60,94.88,8.77,48
636672,79584,3851.31,92.46,99.21,48
637056,79632,3484.10,92.99,188.85,48
637056,79632,4106.61,92.53,25.07,48
637056,79632,4285.32,93.53,15.20,48
637056,79632,4064.14,91.86,13.63,48
637056,79632,4262.39,94.02,21.18,48
637056,79632,3587.66,92.92,169.10,48
637056,79632,1427.83,91.86,686.38,48
637056,79632,4152.21,91.41,0.43,48
637440,79680,3643.22,91.62,140.01,48
637440,79680,4206.56,93.92,35.23,48
637440,79680,4386.04,94.28,3.93,48
637440,79680,4337.62,94.22,5.06,48
637440,79680,4344.87,94.34,7.23,48
637440,79680,3982.42,93.89,99.79,48
637440,79680,4117.51,91.63,1.01,48
637440,79680,4162.56,92.05,9.70,48
637824,79728,4247.82,94.19,33.57,48
637824,79728,4371.15,94.18,1.24,48
637824,79728,4096.37,93.86,60.24,48
637824,79728,4136.67,92.79,25.10,48
637824,79728,4344.54,93.99,2.03,48
637824,79728,4049.68,91.93,38.54,48
637824,79728,3950.66,91.38,40.38,48
637824,79728,4290.27,93.50,9.93,48
638208,79776,4271.67,92.95,1.01,48
638208,79776,4075.24,91.83,37.86,48
638208,79776,4187.80,93.85,43.23,48
638208,79776,4271.18,92.81,0.76,48
638208,79776,4234.51,93.21,15.19,48
638208,79776,4346.56,93.98,9.49,48
638208,79776,3591.14,92.99,161.92,48
638208,79776,3748.84,93.30,115.84,48
638592,79824,3629.06,92.82,151.45,48
638592,79824,4112.07,93.68,49.98,48
638592,79824,4312.31,93.63,2.71,48
638592,79824,4207.60,91.78,0.39,48
638592,79824,3679.50,93.69,157.97,48
638592,79824,4071.04,91.54,32.62,48
638592,79824,4164.45,91.66,1.64,48
638592,79824,3955.57,92.50,68.20,48
638976,79872,4040.85,93.52,55.87,48
638976,79872,4152.03,92.51,16.15,48
638976,79872,3847.44,91.83,86.07,48
638976,79872,3467.46,93.50,218.90,48
638976,79872,4099.24,92.32,30.41,48
638976,79872,4326.88,93.63,1.21,48
638976,79872,3643.30,94.28,182.18,48
638976,79872,4202.63,92.75,8.90,48
639360,79920,4309.34,93.13,2.71,48
639360,79920,3858.96,92.49,101.81,48
639360,79920,3297.13,91.90,219.81,48
639360,79920,4401.35,94.41,5.60,48
639360,79920,4230.14,91.74,0.60,48
639360,79920,4171.87,92.32,22.89,48
639360,79920,4181.92,92.85,23.83,48
639360,79920,4351.70,94.41,11.50,48
639744,79968,3478.67,92.39,188.45,48
639744,79968,3812.87,91.44,96.12,48
639744,79968,4102.76,92.76,37.70,48
639744,79968,4141.03,93.53,37.84,48
639744,79968,4344.02,93.71,1.34,48
639744,79968,4293.30,93.63,7.26,48
639744,79968,4376.82,93.92,0.71,48
639744,79968,4294.30,92.88,1.28,48
640128,80016,4193.44,92.67,18.04,48
640128,80016,3667.63,91.86,141.88,48
640128,80016,3775.55,92.49,119.94,48
640128,80016,4320.52,94.02,5.48,48
640128,80016,4129.58,91.85,27.42,48
640128,80016,4231.77,92.49,7.30,48
640128,80016,4359.34,94.31,4.53,48
640128,80016,3445.41,92.89,198.38,48
640512,80064,3883.21,93.55,105.80,48
640512,80064,4024.11,93.27,65.09,48
640512,80064,4357.01,94.01,10.49,48
640512,80064,4172.43,93.03,24.33,48
640512,80064,4102.11,91.51,4.43,48
640512,80064,3608.07,92.46,161.86,48
640512,80064,1574.17,91.68,650.39,48
640512,80064,3901.19,92.71,79.68,48
640896,80112,4115.22,94.11,63.32,48
640896,80112,4277.74,93.24,0.28,48
640896,80112,4227.86,93.87,26.15,48
640896,80112,4018.27,93.58,64.37,48
640896,80112,4319.70,93.34,2.20,48
640896,80112,4297.00,93.52,0.81,48
640896,80112,3222.76,91.76,250.68,48
640896,80112,4128.01,91.53,13.14,48
641280,80160,3170.86,91.41,231.13,48
641280,80160,4010.34,92.29,40.82,48
641280,80160,4016.68,91.40,37.03,48
641280,80160,4104.58,91.26,0.60,48
641280,80160,4134.62,92.35,27.22,48
641280,80160,4274.23,92.82,1.24,48
641280,80160,3839.49,93.06,112.90,48
641280,80160,3845.79,92.32,96.59,48
641664,80208,4099.73,94.40,72.16,48
641664,80208,4400.44,94.28,0.68,48
641664,80208,3760.09,92.51,119.46,48
641664,80208,4168.97,92.19,2.39,48
641664,80208,3859.24,92.06,94.06,48
641664,80208,4104.08,91.97,24.53,48
641664,80208,4205.80,92.37,6.10,48
641664,80208,3979.12,93.73,94.23,48
642048,80256,1621.13,93.02,650.90,48
642048,80256,3742.99,94.70,172.41,48
642048,80256,4045.14,92.18,42.95,48
642048,80256,4197.41,92.36,2.20,48
642048,80256,4069.29,93.27,54.59,48
642048,80256,4018.35,94.18,90.31,48
642048,80256,3842.84,92.49,100.69,48
642048,80256,3999.00,91.96,46.54,48
642432,80304,3333.42,93.08,226.24,48
642432,80304,3314.81,92.29,233.15,48
642432,80304,3324.74,92.08,214.64,48
642432,80304,3742.05,93.44,141.25,48
642432,80304,3496.40,91.94,180.28,48
642432,80304,4065.04,92.22,18.45,48
642432,80304,4175.25,93.73,42.77,48
642432,80304,3333.69,93.69,241.94,48
642816,80352,3797.43,91.09,77.07,48
642816,80352,4149.74,93.57,42.05,48
642816,80352,4116.72,91.75,9.71,48
642816,80352,4213.30,92.33,1.64,48
642816,80352,4250.58,92.82,1.55,48
642816,80352,4072.98,93.50,55.48,48
642816,80352,3512.90,92.18,173.81,48
642816,80352,3807.13,92.11,95.32,48
643200,80400,3682.72,92.05,120.02,48
643200,80400,4091.92,93.47,59.21,48
643200,80400,3625.25,93.37,161.95,48
643200,80400,3754.52,91.98,103.07,48
643200,80400,4218.89,91.80,1.46,48
643200,80400,3844.43,93.18,104.76,48
643200,80400,4202.95,93.41,28.86,48
643200,80400,4139.23,92.81,28.93,48
643584,80448,3778.10,93.90,129.53,48
643584,80448,4310.75,93.70,4.11,48
643584,80448,4093.44,91.78,33.30,48
643584,80448,4233.24,91.93,0.88,48
643584,80448,3314.38,93.30,241.64,48
643584,80448,3935.38,92.39,73.95,48
643584,80448,3944.21,92.04,58.96,48
643584,80448,4184.41,93.24,24.75,48
643968,80496,4130.54,93.34,43.42,48
643968,80496,4087.11,93.40,52.45,48
643968,80496,3526.17,92.82,185.42,48
643968,80496,3912.13,92.88,95.99,48
643968,80496,4082.22,92.90,32.83,48
643968,80496,4047.31,91.90,47.41,48
643968,80496,3746.45,92.22,121.18,48
643968,80496,4291.66,93.57,4.29,48
644352,80544,4108.94,93.72,58.81,48
644352,80544,4165.06,92.60,18.58,48
644352,80544,4177.26,93.34,38.69,48
644352,80544,4251.15,93.76,23.99,48
644352,80544,4162.87,92.02,0.68,48
644352,80544,4054.58,91.37,24.28,48
644352,80544,4221.15,92.61,2.26,48
644352,80544,4221.28,92.85,15.53,48
644736,80592,4317.23,94.12,5.08,48
644736,80592,4282.74,93.60,13.80,48
644736,80592,4170.67,93.34,30.10,48
644736,80592,4248.92,92.39,0.71,48
644736,80592,4143.04,91.43,2.18,48
644736,80592,4139.69,92.25,18.78,48
644736,80592,2113.47,92.19,518.45,48
644736,80592,4347.05,94.14,2.31,48
645120,80640,4320.14,92.88,0.57,48
645120,80640,4343.48,93.76,0.00,48
645120,80640,4092.64,94.04,65.96,48
645120,80640,4327.57,94.02,2.25,48
645120,80640,4221.97,91.93,0.10,48
645120,80640,3653.17,93.26,157.82,48
645120,80640,3291.87,92.14,236.48,48
645120,80640,4149.68,92.84,40.78,48
645504,80688,2290.36,92.29,482.12,48
645504,80688,1590.88,93.34,673.91,48
645504,80688,4297.38,93.43,0.81,48
645504,80688,3276.92,92.68,241.75,48
645504,80688,4254.31,92.75,0.33,48
645504,80688,4091.88,92.42,45.04,48
645504,80688,4319.57,93.57,1.38,48
645504,80688,4167.02,93.24,31.65,48
645888,80736,4290.75,94.39,28.61,48
645888,80736,3896.02,94.20,121.83,48
645888,80736,4005.60,93.89,86.15,48
645888,80736,4040.28,94.21,88.35,48
645888,80736,3785.75,93.48,131.77,48
645888,80736,3600.52,91.54,153.38,48
645888,80736,4297.30,93.56,1.37,48
645888,80736,3672.01,93.40,150.71,48
646272,80784,3739.07,94.02,156.14,48
646272,80784,3713.09,93.26,147.01,48
646272,80784,3536.48,92.24,160.59,48
646272,80784,4141.80,92.76,30.39,48
646272,80784,4393.97,94.22,0.60,48
646272,80784,4060.05,94.02,71.16,48
646272,80784,2443.24,90.91,425.28,48
646272,80784,4358.80,93.86,1.37,48
646656,80832,4160.55,92.51,22.77,48
646656,80832,4186.77,92.18,0.68,48
646656,80832,4042.65,92.82,54.77,48
646656,80832,4355.78,93.82,5.61,48
646656,80832,3867.13,91.83,82.61,48
646656,80832,4292.33,93.27,10.96,48
646656,80832,3557.88,91.20,141.02,48
646656,80832,4115.03,92.04,23.78,48
647040,80880,3208.53,93.73,273.53,48
647040,80880,3360.28,94.09,251.57,48
647040,80880,3439.84,93.67,219.21,48
647040,80880,4014.04,91.51,48.48,48
647040,80880,3967.02,93.37,88.96,48
647040,80880,4007.49,94.31,88.57,48
647040,80880,3618.09,91.23,115.66,48
647040,80880,4305.27,93.77,4.53,48
647424,80928,4381.62,94.15,1.38,48
647424,80928,3864.85,93.80,121.39,48
647424,80928,2250.31,91.57,477.99,48
647424,80928,4072.63,92.33,35.11,48
647424,80928,4280.43,94.24,24.55,48
647424,80928,4009.63,94.21,99.02,48
647424,80928,4240.74,93.00,12.08,48
647424,80928,1300.44,91.71,706.77,48
647808,80976,3821.88,93.44,117.73,48
647808,80976,3514.38,93.50,201.12,48
647808,80976,4142.35,91.46,0.71,48
647808,80976,3253.76,92.02,226.03,48
647808,80976,4237.36,91.97,0.33,48
647808,80976,4164.37,94.21,61.47,48
647808,80976,4392.08,94.36,2.03,48
647808,80976,4061.07,94.47,84.76,48
648192,81024,3909.88,91.75,54.90,48
648192,81024,3943.74,91.34,47.44,48
648192,81024,3741.08,91.18,100.17,48
648192,81024,4325.97,93.62,0.60,48
648192,81024,4154.96,91.16,1.41,48
648192,81024,3412.80,92.53,209.74,48
648192,81024,3418.92,92.22,195.99,48
648192,81024,4340.98,94.14,0.72,48
648576,81072,4359.34,94.05,3.61,48
648576,81072,3827.69,91.77,81.61,48
648576,81072,3441.78,93.14,208.64,48
648576,81072,3391.83,91.97,190.12,48
648576,81072,3924.85,92.23,64.98,48
648576,81072,4148.44,91.73,2.23,48
648576,81072,4344.29,94.46,13.26,48
648576,81072,4084.25,93.33,51.61,48
648960,81120,4328.30,93.24,0.61,48
648960,81120,3411.00,91.40,179.00,48
648960,81120,3726.71,91.93,130.41,48
648960,81120,3704.94,92.74,140.62,48
648960,81120,4141.73,93.47,50.65,48
648960,81120,4028.39,92.90,61.75,48
648960,81120,4155.44,93.72,57.24,48
648960,81120,3590.73,93.69,182.03,48
649344,81168,4029.20,92.25,53.63,48
649344,81168,3226.32,91.65,236.80,48
649344,81168,4256.52,92.20,1.28,48
649344,81168,3932.68,93.78,102.04,48
649344,81168,3387.48,93.62,232.72,48
649344,81168,4324.89,93.86,0.32,48
649344,81168,3676.94,92.92,138.39,48
649344,81168,4132.75,92.53,36.22,48
649728,81216,3349.39,93.30,234.92,48
649728,81216,4077.34,91.89,32.91,48
649728,81216,4270.31,93.00,0.58,48
649728,81216,3446.34,92.64,194.94,48
649728,81216,4075.98,93.57,63.55,48
649728,81216,3682.54,92.26,130.65,48
649728,81216,3798.95,93.33,112.46,48
649728,81216,4202.48,92.62,16.58,48
650112,81264,4008.46,91.99,59.44,48
650112,81264,4162.68,92.82,23.09,48
650112,81264,4197.50,91.76,0.62,48
650112,81264,3853.66,92.67,103.61,48
650112,81264,3935.34,92.26,67.51,48
650112,81264,3693.77,93.21,147.00,48
650112,81264,3857.79,93.34,107.10,48
650112,81264,2425.46,92.38,447.59,48
650496,81312,4300.13,93.68,3.68,48
650496,81312,4119.96,91.51,3.09,48
650496,81312,4265.07,93.45,3.96,48
650496,81312,4413.03,94.50,2.31,48
650496,81312,3199.42,91.34,225.51,48
650496,81312,3836.77,91.86,86.40,48
650496,81312,4288.88,92.77,0.71,48
650496,81312,3429.25,93.50,219.16,48
650880,81360,4188.79,94.04,45.24,48
650880,81360,4057.92,92.64,45.25,48
650880,81360,4281.07,92.99,1.37,48
650880,81360,4357.93,93.99,0.69,48
650880,81360,4121.21,91.67,27.03,48
650880,81360,4178.80,93.02,30.82,48
650880,81360,4340.48,94.01,2.80,48
650880,81360,4193.38,92.60,20.17,48
651264,81408,4340.62,94.23,12.12,48
651264,81408,4383.90,94.24,0.19,48
651264,81408,4346.69,93.78,0.72,48
651264,81408,3896.63,92.35,90.31,48
651264,81408,3177.59,91.55,234.37,48
651264,81408,4197.77,92.68,2.31,48
651264,81408,1461.02,91.90,675.63,48
651264,81408,3665.19,93.27,163.36,48
651648,81456,4169.41,93.63,38.20,48
651648,81456,4243.89,93.67,19.74,48
651648,81456,4305.37,93.27,2.39,48
651648,81456,3141.77,91.46,245.73,48
651648,81456,4327.20,94.19,8.37,48
651648,81456,4235.86,93.11,9.90,48
651648,81456,4298.88,93.16,1.77,48
651648,81456,3922.28,91.90,58.39,48
652032,81504,4290.20,94.21,17.73,48
652032,81504,3986.90,93.02,79.04,48
652032,81504,3903.73,92.77,93.07,48
652032,81504,4336.96,94.21,9.77,48
652032,81504,1578.83,90.66,633.08,48
652032,81504,3380.95,92.38,221.84,48
652032,81504,4103.62,91.93,13.34,48
652032,81504,4136.02,93.04,20.56,48
652416,81552,4376.00,93.88,0.02,48
652416,81552,4045.86,92.29,35.09,48
652416,81552,4149.45,91.86,0.71,48
652416,81552,3945.71,94.35,104.08,48
652416,81552,1377.81,92.11,706.05,48
652416,81552,4070.20,91.83,40.57,48
652416,81552,3873.66,94.05,130.09,48
652416,81552,3962.98,93.75,90.06,48
652800,81600,4178.73,92.27,10.29,48
652800,81600,3647.37,93.79,177.00,48
652800,81600,3847.39,93.82,123.14,48
652800,81600,4239.16,92.84,10.63,48
652800,81600,4049.21,92.79,51.52,48
652800,81600,4093.84,93.85,58.65,48
652800,81600,3457.45,93.67,222.49,48
652800,81600,3386.96,92.63,212.85,48
653184,81648,4250.73,93.79,21.24,48
653184,81648,4222.73,92.58,1.17,48
653184,81648,2314.08,93.23,490.35,48
653184,81648,3675.23,93.10,147.18,48
653184,81648,3616.10,93.20,165.05,48
653184,81648,4064.95,91.83,26.49,48
653184,81648,3842.97,92.08,84.12,48
653184,81648,4169.53,93.13,32.81,48
653568,81696,4117.14,91.53,15.50,48
653568,81696,1829.71,92.53,593.44,48
653568,81696,4185.45,91.86,3.40,48
653568,81696,3620.45,93.85,171.82,48
653568,81696,4117.38,92.95,26.82,48
653568,81696,4281.12,93.57,6.03,48
653568,81696,3629.22,92.18,155.24,48
653568,81696,4156.74,92.89,29.49,48
653952,81744,4213.56,91.94,0.00,48
653952,81744,4388.80,94.31,0.57,48
653952,81744,3976.20,94.33,102.09,48
653952,81744,3802.28,91.37,65.59,48
653952,81744,3693.79,93.53,151.45,48
653952,81744,4289.31,93.24,1.71,48
653952,81744,4386.65,94.05,1.33,48
653952,81744,4123.48,91.90,16.33,48
654336,81792,1462.99,94.19,724.07,48
654336,81792,3570.91,93.76,180.19,48
654336,81792,4187.91,91.93,2.70,48
654336,81792,3785.83,91.69,84.65,48
654336,81792,4181.58,93.50,35.02,48
654336,81792,4138.84,93.91,53.36,48
654336,81792,4337.44,93.82,3.75,48
654336,81792,3772.92,93.70,145.45,48
654720,81840,3830.04,93.53,116.96,48
654720,81840,4359.22,93.86,1.21,48
654720,81840,1542.90,91.34,643.63,48
654720,81840,4209.96,92.81,12.66,48
654720,81840,4272.06,92.18,2.45,48
654720,81840,4118.31,92.24,36.80,48
654720,81840,3598.06,92.74,159.93,48
654720,81840,3782.12,93.01,125.23,48
655104,81888,4218.33,92.49,5.71,48
655104,81888,3739.97,92.14,122.77,48
655104,81888,4252.10,93.24,10.43,48
655104,81888,3607.21,93.53,173.83,48
655104,81888,3806.15,91.86,85.96,48
655104,81888,4234.06,92.68,0.74,48
655104,81888,4174.04,93.63,27.64,48
655104,81888,4300.27,94.09,21.84,48
655488,81936,4124.70,92.12,3.44,48
655488,81936,4084.52,90.94,10.80,48
655488,81936,4192.52,93.66,36.68,48
655488,81936,4032.80,94.18,81.39,48
655488,81936,3281.34,91.46,231.59,48
655488,81936,4388.71,94.02,2.26,48
655488,81936,3137.44,92.82,263.93,48
655488,81936,4140.13,91.59,0.62,48
655872,81984,3536.55,92.81,187.08,48
655872,81984,3955.36,92.86,71.95,48
655872,81984,4218.03,93.80,30.63,48
655872,81984,3980.58,91.93,48.77,48
655872,81984,3658.25,93.85,169.75,48
655872,81984,4010.50,93.01,70.70,48
655872,81984,3736.28,92.78,137.03,48
655872,81984,3919.61,94.05,106.48,48
656256,82032,4371.20,93.85,6.07,48
656256,82032,3293.56,92.18,232.51,48
656256,82032,4218.24,93.73,27.10,48
656256,82032,4305.10,93.41,0.81,48
656256,82032,4251.43,93.82,7.55,48
656256,82032,4353.83,94.02,0.02,48
656256,82032,4125.28,93.03,40.54,48
656256,82032,4002.67,94.38,94.96,48
656640,82080,3930.31,91.53,49.88,48
656640,82080,4128.69,92.89,31.88,48
656640,82080,4153.72,92.53,11.60,48
656640,82080,4220.28,92.22,1.56,48
656640,82080,4248.41,93.15,0.68,48
656640,82080,4332.27,94.85,27.93,48
656640,82080,4016.59,91.20,38.24,48
656640,82080,3253.93,92.81,257.17,48
657024,82128,3680.00,92.29,136.76,48
657024,82128,3866.43,92.68,100.14,48
657024,82128,3728.62,92.62,106.74,48
657024,82128,4186.95,92.86,21.15,48
657024,82128,3929.63,93.26,94.86,48
657024,82128,3987.54,94.17,100.48,48
657024,82128,4221.27,92.55,0.43,48
657024,82128,3889.71,91.51,69.38,48
657408,82176,3830.79,93.78,125.48,48
657408,82176,4068.33,92.51,39.98,48
657408,82176,4293.53,92.78,0.72,48
657408,82176,4160.15,94.64,61.42,48
657408,82176,4378.91,94.18,3.17,48
657408,82176,3880.66,92.58,91.61,48
657408,82176,3793.82,92.67,111.46,48
657408,82176,4231.55,93.37,6.06,48
657792,82224,4101.80,91.76,15.56,48
657792,82224,3473.51,94.02,225.08,48
657792,82224,3420.95,93.86,228.48,48
657792,82224,3648.89,92.85,159.67,48
657792,82224,3453.58,93.31,206.98,48
657792,82224,3509.51,91.72,165.17,48
657792,82224,3898.45,93.89,121.22,48
657792,82224,4287.17,92.67,1.00,48
658176,82272,3238.35,92.59,242.43,48
658176,82272,3936.36,93.48,94.44,48
658176,82272,3909.90,92.99,85.95,48
658176,82272,4075.29,91.55,18.52,48
658176,82272,4264.08,93.03,1.88,48
658176,82272,4168.95,92.39,17.24,48
658176,82272,4122.04,93.73,39.91,48
658176,82272,3369.37,92.29,219.11,48
658560,82320,4190.27,93.76,38.27,48
658560,82320,4277.30,93.76,23.35,48
658560,82320,4329.52,93.44,1.07,48
658560,82320,3918.94,93.80,103.45,48
658560,82320,4012.33,93.15,63.10,48
658560,82320,4086.52,93.99,55.78,48
658560,82320,4316.93,94.54,13.17,48
658560,82320,4238.53,93.44,12.28,48
658944,82368,3918.93,94.05,112.03,48
658944,82368,4443.83,94.85,0.69,48
658944,82368,4232.15,93.41,18.56,48
658944,82368,4224.61,93.14,1.30,48
658944,82368,4088.21,92.74,38.32,48
658944,82368,3330.08,92.02,205.99,48
658944,82368,3206.08,94.20,274.44,48
658944,82368,4137.59,93.80,46.56,48
659328,82416,4251.78,93.83,26.31,48
659328,82416,3776.00,93.70,144.70,48
659328,82416,3759.81,91.80,88.06,48
659328,82416,4294.22,94.08,19.33,48
659328,82416,4120.71,93.40,42.92,48
659328,82416,4354.06,93.83,0.26,48
659328,82416,3048.77,92.68,286.12,48
659328,82416,4083.67,92.05,20.33,48
659712,82464,4313.30,93.97,7.24,48
659712,82464,3193.03,92.62,260.61,48
659712,82464,3911.38,91.72,64.79,48
659712,82464,3882.53,92.40,65.21,48
659712,82464,4419.06,94.71,0.88,48
659712,82464,4153.25,92.16,9.75,48
659712,82464,4265.97,93.97,11.42,48
659712,82464,4127.00,92.99,31.90,48
660096,82512,4069.36,92.97,43.54,48
660096,82512,4378.81,94.47,8.46,48
660096,82512,4234.60,92.89,2.26,48
660096,82512,4055.55,91.85,48.03,48
660096,82512,3161.70,91.64,238.14,48
660096,82512,4383.46,94.11,0.00,48
660096,82512,4181.99,92.40,2.51,48
660096,82512,3738.03,92.26,115.62,48
660480,82560,4236.87,93.99,35.30,48
660480,82560,3908.39,92.14,76.29,48
660480,82560,1410.48,92.50,694.79,48
660480,82560,4264.20,93.62,1.37,48
660480,82560,3765.69,93.99,148.36,48
660480,82560,4035.17,93.85,69.60,48
660480,82560,4094.40,92.71,29.74,48
660480,82560,4302.98,92.92,0.60,48
660864,82608,3447.93,91.42,151.53,48
660864,82608,4376.34,94.02,2.53,48
660864,82608,4333.97,93.63,0.23,48
660864,82608,4358.30,93.70,1.70,48
660864,82608,4317.60,93.09,0.04,48
660864,82608,3580.75,94.30,193.60,48
660864,82608,3484.04,92.18,173.85,48
660864,82608,3422.65,92.21,197.83,48
661248,82656,4242.17,92.43,0.02,48
661248,82656,3871.24,91.37,63.78,48
661248,82656,4177.69,94.02,47.30,48
661248,82656,4264.85,93.31,11.34,48
661248,82656,4283.18,93.10,0.71,48
661248,82656,4430.90,94.57,0.43,48
661248,82656,4019.90,93.50,69.66,48
661248,82656,4191.04,94.27,44.42,48
661632,82704,4272.25,94.09,19.43,48
661632,82704,4084.08,93.15,33.95,48
661632,82704,3593.67,94.24,194.92,48
661632,82704,4160.92,92.96,27.72,48
661632,82704,4030.86,93.73,80.30,48
661632,82704,3850.75,93.00,98.91,48
661632,82704,4246.16,94.14,28.30,48
661632,82704,2392.99,92.39,454.84,48
662016,82752,4283.84,94.21,24.21,48
662016,82752,4162.49,92.36,14.93,48
662016,82752,4309.72,93.60,3.39,48
662016,82752,3401.54,93.67,229.81,48
662016,82752,4034.12,94.29,76.02,48
662016,82752,3893.15,91.41,53.30,48
662016,82752,4078.37,92.72,42.20,48
662016,82752,3711.94,91.28,99.20,48
662400,82800,3422.99,94.24,241.86,48
662400,82800,4094.75,93.02,50.79,48
662400,82800,4213.98,92.44,0.88,48
662400,82800,3174.15,92.46,259.06,48
662400,82800,4204.32,92.60,5.08,48
662400,82800,3934.59,92.39,82.22,48
662400,82800,4101.51,94.18,70.13,48
662400,82800,4121.16,91.71,1.46,48
662784,82848,4177.84,93.11,9.75,48
662784,82848,3205.53,92.74,271.62,48
662784,82848,4073.49,92.77,49.18,48
662784,82848,4117.96,92.72,25.88,48
662784,82848,3877.38,93.98,119.95,48
662784,82848,3252.15,92.64,249.06,48
662784,82848,4258.24,94.02,24.23,48
662784,82848,4210.66,93.40,22.31,48
663168,82896,3809.02,93.92,129.16,48
663168,82896,4276.09,94.15,23.96,48
663168,82896,3392.94,93.73,231.59,48
663168,82896,3896.28,92.06,74.07,48
663168,82896,4210.70,92.46,3.32,48
663168,82896,4143.19,93.84,54.18,48
663168,82896,4268.47,93.57,8.26,48
663168,82896,4295.40,93.21,0.43,48
663552,82944,3095.99,91.61,252.59,48
663552,82944,4323.23,93.63,6.48,48
663552,82944,4104.36,91.53,9.39,48
663552,82944,3903.10,92.89,99.69,48
663552,82944,3665.28,91.59,118.72,48
663552,82944,4359.55,93.88,0.71,48
663552,82944,3624.83,93.31,161.62,48
663552,82944,4361.84,94.28,5.57,48
663936,82992,4204.76,93.23,3.68,48
663936,82992,4123.64,91.94,19.41,48
663936,82992,4069.16,93.11,58.18,48
663936,82992,4341.80,93.73,0.28,48
663936,82992,4096.74,91.25,0.05,48
663936,82992,3936.92,93.24,89.34,48
663936,82992,3374.55,92.92,221.21,48
663936,82992,4239.11,92.68,2.45,48
664320,83040,4326.29,93.86,4.98,48
664320,83040,4128.74,93.86,44.47,48
664320,83040,4161.31,91.77,6.41,48
664320,83040,3997.77,92.34,37.19,48
664320,83040,4269.43,92.96,5.19,48
664320,83040,3967.27,91.87,34.20,48
664320,83040,4218.67,93.11,7.43,48
664320,83040,3448.41,93.02,202.54,48
664704,83088,4120.89,94.09,62.17,48
664704,83088,4299.16,93.02,0.19,48
664704,83088,4403.05,94.53,0.69,48
664704,83088,4227.14,92.26,1.68,48
664704,83088,3430.47,92.43,194.76,48
664704,83088,4235.13,92.82,10.81,48
664704,83088,3221.72,94.78,297.71,48
664704,83088,3971.86,94.34,103.14,48
665088,83136,4210.28,91.87,1.93,48
665088,83136,3638.75,94.35,175.16,48
665088,83136,4202.56,91.94,4.00,48
665088,83136,3985.26,91.86,48.79,48
665088,83136,2588.22,93.05,414.70,48
665088,83136,4140.99,91.53,1.56,48
665088,83136,4101.02,93.70,57.18,48
665088,83136,3934.06,92.82,87.08,48
665472,83184,4094.14,91.33,0.19,48
665472,83184,3830.49,93.00,109.06,48
665472,83184,3832.43,92.50,90.50,48
665472,83184,3470.75,93.95,225.76,48
665472,83184,4236.65,92.49,0.26,48
665472,83184,4187.90,93.49,27.73,48
665472,83184,4108.86,92.85,34.68,48
665472,83184,4012.39,92.50,44.91,48
665856,83232,3688.34,91.54,117.31,48
665856,83232,3249.10,91.91,236.14,48
665856,83232,4326.49,94.29,3.06,48
665856,83232,4088.28,92.41,30.93,48
665856,83232,4341.19,93.96,1.33,48
665856,83232,4366.70,94.14,3.13,48
665856,83232,3945.56,91.40,67.47,48
665856,83232,3779.55,93.50,132.91,48
666240,83280,4315.38,93.34,1.01,48
666240,83280,3347.95,93.60,237.38,48
666240,83280,3416.14,93.34,200.14,48
666240,83280,4140.57,91.56,1.91,48
666240,83280,4061.89,91.36,23.37,48
666240,83280,4013.95,92.96,62.13,48
666240,83280,4386.25,94.38,0.02,48
666240,83280,4327.35,94.46,14.10,48
666624,83328,4006.95,93.13,73.05,48
666624,83328,3911.77,93.81,101.91,48
666624,83328,4046.69,92.81,47.79,48
666624,83328,4382.59,94.15,1.51,48
666624,83328,4146.72,94.12,50.95,48
666624,83328,3631.94,92.68,148.09,48
666624,83328,3975.87,92.61,57.05,48
666624,83328,3987.37,93.77,82.22,48
667008,83376,4157.44,93.46,36.33,48
667008,83376,3711.43,94.57,170.26,48
667008,83376,3603.47,94.39,190.68,48
667008,83376,4128.86,92.25,6.93,48
667008,83376,3952.50,92.12,44.98,48
667008,83376,3600.37,94.50,196.05,48
667008,83376,4215.37,92.59,3.17,48
667008,83376,3438.81,94.12,235.57,48
667392,83424,3273.50,91.20,215.88,48
667392,83424,4016.85,92.75,65.56,48
667392,83424,4046.38,93.34,58.06,48
667392,83424,4284.37,93.40,13.02,48
667392,83424,4180.70,94.12,48.96,48
667392,83424,4249.64,92.90,1.66,48
667392,83424,4227.03,93.70,31.40,48
667392,83424,3986.49,93.45,83.25,48
667776,83472,4150.29,91.95,11.06,48
667776,83472,4279.62,93.08,0.32,48
667776,83472,4205.19,93.13,24.81,48
667776,83472,4234.00,93.08,2.36,48
667776,83472,3999.96,92.05,45.58,48
667776,83472,3955.58,90.99,16.84,48
667776,83472,4088.70,91.46,10.07,48
667776,83472,4240.39,94.45,43.13,48
668160,83520,4341.95,93.24,0.02,48
668160,83520,4264.54,94.28,28.87,48
668160,83520,4132.42,93.75,51.03,48
668160,83520,4314.75,93.99,4.80,48
668160,83520,3616.70,92.15,143.71,48
668160,83520,3951.66,92.26,64.78,48
668160,83520,4167.69,92.23,2.34,48
668160,83520,4061.92,93.54,58.89,48
668544,83568,4124.02,93.07,36.78,48
668544,83568,4259.98,92.96,0.28,48
668544,83568,4253.37,91.83,0.60,48
668544,83568,3941.15,94.31,108.02,48
668544,83568,4200.72,92.08,3.46,48
668544,83568,3650.96,92.15,125.35,48
668544,83568,4335.06,94.50,17.24,48
668544,83568,4085.78,93.15,35.90,48
668928,83616,4231.66,92.75,1.73,48
668928,83616,4296.24,94.70,32.03,48
668928,83616,4061.03,92.74,40.88,48
668928,83616,4401.00,94.48,0.47,48
668928,83616,3351.01,94.14,250.98,48
668928,83616,4155.20,93.95,45.20,48
668928,83616,4253.86,94.66,40.63,48
668928,83616,4288.29,93.21,2.26,48
669312,83664,4110.94,91.51,1.34,48
669312,83664,4123.73,93.74,39.53,48
669312,83664,4157.64,92.12,10.98,48
669312,83664,4133.08,93.66,45.30,48
669312,83664,4358.98,93.81,0.33,48
669312,83664,3877.04,92.78,91.15,48
669312,83664,4262.92,92.86,0.74,48
669312,83664,4319.60,92.49,1.24,48
669696,83712,1423.60,91.82,688.93,48
669696,83712,3721.86,93.80,153.08,48
669696,83712,4306.08,93.73,7.59,48
669696,83712,4286.91,92.67,2.33,48
669696,83712,3322.56,94.24,259.80,48
669696,83712,4189.23,93.00,22.91,48
669696,83712,4072.93,91.82,12.01,48
669696,83712,4168.10,92.20,0.79,48
670080,83760,4035.35,91.45,5.70,48
670080,83760,3500.71,91.19,138.29,48
670080,83760,4190.34,91.65,2.28,48
670080,83760,4173.91,91.70,0.39,48
670080,83760,3737.76,92.12,101.55,48
670080,83760,4033.59,93.53,72.77,48
670080,83760,3830.79,92.16,93.37,48
670080,83760,3188.02,92.25,246.29,48
670464,83808,4087.12,91.69,16.55,48
670464,83808,2198.40,93.07,504.95,48
670464,83808,4292.90,93.40,5.85,48
670464,83808,3802.07,92.36,103.29,48
670464,83808,3990.38,92.08,56.48,48
670464,83808,4025.10,91.98,41.86,48
670464,83808,3551.08,92.25,166.09,48
670464,83808,4301.68,93.37,0.57,48
670848,83856,4254.41,92.82,2.97,48
670848,83856,4111.54,93.50,55.39,48
670848,83856,4406.56,94.38,0.76,48
670848,83856,3248.93,94.27,269.74,48
670848,83856,2089.69,93.20,539.79,48
670848,83856,4147.22,92.04,2.46,48
670848,83856,3043.39,94.02,324.08,48
670848,83856,3889.65,93.07,82.54,48
671232,83904,4389.96,94.62,1.21,48
671232,83904,3586.18,93.85,189.88,48
671232,83904,4202.42,92.47,2.00,48
671232,83904,4024.29,93.34,67.38,48
671232,83904,3829.76,90.18,32.85,48
671232,83904,4182.29,92.12,0.88,48
671232,83904,3960.27,92.47,71.04,48
671232,83904,3570.05,91.87,154.04,48
671616,83952,4220.71,92.40,0.02,48
671616,83952,4242.33,94.01,29.49,48
671616,83952,2093.34,91.77,517.09,48
671616,83952,1302.95,93.66,732.19,48
671616,83952,4271.59,93.21,4.43,48
671616,83952,4056.21,92.37,48.94,48
671616,83952,4105.57,93.57,46.86,48
671616,83952,4269.03,94.42,29.30,48
672000,84000,4177.12,94.08,47.17,48
672000,84000,4051.27,93.11,54.64,48
672000,84000,3942.29,92.61,69.46,48
672000,84000,3959.66,94.59,106.20,48
672000,84000,4105.42,93.52,41.87,48
672000,84000,3872.55,92.30,75.86,48
672000,84000,4252.78,94.50,33.68,48
672000,84000,4205.55,93.76,18.78,48
672384,84048,1901.07,92.59,571.73,48
672384,84048,4211.12,92.54,7.72,48
672384,84048,3564.51,93.57,185.55,48
672384,84048,4110.20,93.67,48.59,48
672384,84048,4139.48,91.82,0.78,48
672384,84048,3299.91,93.74,253.89,48
672384,84048,4371.60,93.95,2.18,48
672384,84048,3239.89,92.81,247.16,48
672768,84096,4177.82,92.05,4.79,48
672768,84096,4427.67,94.79,1.63,48
672768,84096,4184.25,91.80,3.05,48
672768,84096,3195.16,92.12,249.48,48
672768,84096,3245.16,91.68,234.18,48
672768,84096,4040.97,91.80,14.07,48
672768,84096,4335.73,93.60,0.31,48
672768,84096,3730.70,91.31,110.36,48
673152,84144,4163.84,93.05,18.61,48
673152,84144,4290.72,93.38,0.90,48
673152,84144,4326.21,93.73,0.31,48
673152,84144,4268.15,93.50,0.31,48
673152,84144,4366.53,94.20,1.38,48
673152,84144,3969.46,92.08,49.16,48
673152,84144,4286.60,93.69,12.87,48
673152,84144,4418.88,94.63,3.85,48
673536,84192,4358.03,94.18,2.39,48
673536,84192,3925.35,92.47,77.48,48
673536,84192,4322.78,93.63,0.83,48
673536,84192,3953.66,93.54,97.98,48
673536,84192,4222.86,94.31,42.45,48
673536,84192,4105.87,94.43,73.37,48
673536,84192,4145.36,92.62,22.86,48
673536,84192,4298.79,94.31,24.25,48
673920,84240,4301.13,93.46,0.60,48
673920,84240,4235.22,94.05,34.46,48
673920,84240,3905.61,93.90,108.69,48
673920,84240,3441.50,92.35,191.30,48
673920,84240,3372.29,91.19,167.52,48
673920,84240,3836.18,92.08,74.44,48
673920,84240,4208.39,91.94,2.47,48
673920,84240,4286.83,94.11,17.86,48
674304,84288,4127.51,92.48,23.47,48
674304,84288,3946.03,94.12,105.95,48
674304,84288,3646.53,94.24,187.96,48
674304,84288,3738.57,93.47,144.33,48
674304,84288,4173.94,92.54,19.76,48
674304,84288,4378.79,93.83,1.21,48
674304,84288,3986.33,91.74,36.47,48
674304,84288,3803.25,93.91,134.60,48
674688,84336,3594.51,92.23,152.72,48
674688,84336,4191.89,93.73,44.30,48
674688,84336,2467.50,93.89,462.24,48
674688,84336,3134.21,93.14,272.40,48
674688,84336,4073.23,90.85,7.78,48
674688,84336,3328.48,94.85,273.47,48
674688,84336,4293.83,94.08,4.79,48
674688,84336,3376.01,94.47,253.88,48
675072,84384,4330.93,93.37,1.01,48
675072,84384,3365.62,94.23,250.07,48
675072,84384,4097.62,93.98,56.96,48
675072,84384,3302.32,92.53,239.38,48
675072,84384,3465.04,93.70,218.73,48
675072,84384,4188.22,92.55,22.08,48
675072,84384,2394.97,93.90,478.62,48
675072,84384,3743.90,93.53,150.85,48
675456,84432,4264.69,93.34,11.48,48
675456,84432,3865.15,91.69,74.60,48
675456,84432,4056.73,93.14,58.48,48
675456,84432,4282.83,93.27,0.74,48
675456,84432,4253.01,92.50,2.39,48
675456,84432,4194.07,92.33,4.22,48
675456,84432,3233.12,93.18,253.56,48
675456,84432,4236.71,93.67,17.79,48
675840,84480,4337.70,93.89,1.54,48
675840,84480,3468.28,91.48,158.41,48
675840,84480,4351.51,94.08,2.92,48
675840,84480,3911.28,92.08,72.88,48
675840,84480,3820.67,94.15,135.91,48
675840,84480,4228.31,92.26,0.31,48
675840,84480,4034.55,92.39,36.76,48
675840,84480,3181.46,93.13,260.96,48
676224,84528,3881.82,92.51,84.16,48
676224,84528,3598.28,92.78,163.54,48
676224,84528,3693.73,92.40,123.08,48
676224,84528,4114.12,91.66,1.54,48
676224,84528,4052.15,92.47,39.66,48
676224,84528,4178.02,93.28,22.00,48
676224,84528,3215.66,92.01,229.76,48
676224,84528,4112.19,93.07,37.62,48
676608,84576,4137.80,92.21,15.57,48
676608,84576,4274.56,92.93,0.72,48
676608,84576,4098.20,91.64,0.72,48
676608,84576,4131.35,92.21,12.09,48
676608,84576,4094.19,92.42,20.82,48
676608,84576,4001.27,94.38,102.92,48
676608,84576,3242.91,92.36,241.99,48
676608,84576,4002.87,92.76,56.89,48
676992,84624,3750.83,93.13,126.76,48
676992,84624,3690.68,91.94,133.19,48
676992,84624,3285.80,94.08,262.49,48
676992,84624,4012.38,93.60,75.00,48
676992,84624,3867.08,93.86,109.29,48
676992,84624,4181.94,94.04,54.33,48
676992,84624,3972.99,94.66,103.58,48
676992,84624,2214.37,91.55,481.67,48
677376,84672,3762.76,93.70,146.42,48
677376,84672,4230.28,92.43,1.21,48
677376,84672,3293.57,92.33,233.97,48
677376,84672,3668.22,93.88,165.42,48
677376,84672,3457.61,92.32,191.50,48
677376,84672,3991.14,92.11,58.69,48
677376,84672,4071.82,91.13,1.37,48
677376,84672,4137.61,92.08,20.11,48
677760,84720,3314.96,94.12,257.07,48
677760,84720,3541.99,91.88,157.03,48
677760,84720,4172.54,92.32,19.63,48
677760,84720,3802.25,93.11,115.00,48
677760,84720,3831.05,91.86,90.35,48
677760,84720,4162.33,93.04,19.37,48
677760,84720,4300.48,93.82,8.04,48
677760,84720,4258.43,93.04,0.40,48
678144,84768,4273.74,93.05,1.66,48
678144,84768,4138.68,91.90,18.77,48
678144,84768,4369.00,94.45,0.26,48
678144,84768,3473.06,94.53,222.25,48
678144,84768,4212.29,92.53,3.67,48
678144,84768,3573.25,92.62,169.61,48
678144,84768,3852.89,92.46,93.49,48
678144,84768,3725.63,92.78,141.66,48
678528,84816,2295.86,93.20,492.90,48
678528,84816,3712.84,92.18,126.77,48
678528,84816,4218.73,92.57,5.53,48
678528,84816,3950.53,94.08,104.47,48
678528,84816,3851.63,93.60,114.88,48
678528,84816,3911.81,90.82,32.21,48
678528,84816,4108.72,91.89,24.84,48
678528,84816,3875.99,92.92,105.95,48
678912,84864,3860.91,92.99,99.23,48
678912,84864,4024.79,94.38,94.09,48
678912,84864,4234.91,93.35,19.44,48
678912,84864,4132.50,93.69,36.95,48
678912,84864,4075.10,91.70,27.37,48
678912,84864,4348.33,94.52,5.68,48
678912,84864,4094.12,92.11,27.34,48
678912,84864,4172.81,91.99,0.04,48
679296,84912,4155.69,92.05,4.51,48
679296,84912,4189.67,92.35,17.40,48
679296,84912,4232.12,92.51,0.81,48
679296,84912,3330.49,93.83,248.06,48
679296,84912,4367.08,94.42,3.39,48
679296,84912,3603.09,91.46,142.00,48
679296,84912,3907.42,94.34,122.84,48
679296,84912,4062.14,91.70,25.20,48
679680,84960,3443.98,91.06,167.36,48
679680,84960,4276.85,92.75,0.26,48
679680,84960,4046.60,93.21,49.27,48
679680,84960,3964.62,94.22,98.63,48
679680,84960,3886.00,91.63,54.63,48
679680,84960,3797.16,91.58,88.06,48
679680,84960,4174.95,92.51,11.10,48
679680,84960,1354.32,93.32,727.22,48
680064,85008,4271.80,93.07,0.93,48
680064,85008,4050.60,93.30,55.82,48
680064,85008,3365.98,91.31,190.21,48
680064,85008,4039.99,93.06,54.65,48
680064,85008,3934.32,91.30,38.03,48
680064,85008,3588.48,91.66,146.73,48
680064,85008,4218.88,93.24,17.32,48
680064,85008,4321.52,93.86,2.71,48
680448,85056,3934.25,93.56,83.37,48
680448,85056,4069.15,92.00,40.22,48
680448,85056,3544.16,92.91,181.43,48
680448,85056,3858.28,91.80,85.65,48
680448,85056,4034.02,91.65,40.78,48
680448,85056,4106.25,92.44,15.17,48
680448,85056,3946.50,92.50,75.61,48
680448,85056,3967.61,93.89,94.78,48
680832,85104,3787.17,91.87,97.18,48
680832,85104,3571.37,93.11,174.56,48
680832,85104,4227.74,92.14,5.99,48
680832,85104,4221.03,92.97,5.26,48
680832,85104,4251.12,93.67,12.54,48
680832,85104,4037.04,93.72,60.34,48
680832,85104,3211.08,91.72,231.87,48
680832,85104,4298.56,93.37,0.43,48
681216,85152,4330.85,93.66,3.77,48
681216,85152,4294.97,93.56,10.47,48
681216,85152,1253.93,94.14,767.74,48
681216,85152,4130.75,93.67,40.13,48
681216,85152,4122.31,93.86,47.66,48
681216,85152,3948.20,92.92,75.92,48
681216,85152,3968.99,91.72,48.89,48
681216,85152,4212.48,94.11,37.97,48
681600,85200,3784.07,92.47,114.45,48
681600,85200,4356.27,94.15,2.39,48
681600,85200,4224.43,94.24,40.79,48
681600,85200,4234.49,93.24,3.66,48
681600,85200,4161.45,92.26,18.37,48
681600,85200,3673.49,92.08,123.55,48
681600,85200,4027.02,92.74,64.72,48
681600,85200,3507.04,92.18,167.21,48
681984,85248,4330.49,94.28,15.77,48
681984,85248,4281.46,92.86,0.10,48
681984,85248,4108.47,92.39,33.38,48
681984,85248,4332.84,93.54,2.20,48
681984,85248,4017.43,92.29,48.76,48
681984,85248,4300.41,93.03,0.10,48
681984,85248,3175.10,92.21,248.63,48
681984,85248,3675.52,92.44,139.80,48
682368,85296,4313.65,94.41,21.05,48
682368,85296,3982.76,93.06,82.41,48
682368,85296,3879.16,94.25,113.37,48
682368,85296,4145.63,93.60,48.12,48
682368,85296,3264.63,92.32,229.14,48
682368,85296,4287.94,93.98,16.58,48
682368,85296,3895.46,92.36,73.85,48
682368,85296,4139.86,94.09,46.91,48
682752,85344,3976.29,92.71,67.25,48
682752,85344,3125.16,92.18,261.99,48
682752,85344,4365.17,94.31,10.87,48
682752,85344,3977.96,91.82,44.89,48
682752,85344,4130.09,92.99,26.10,48
682752,85344,4246.08,94.34,37.91,48
682752,85344,2397.56,93.18,468.89,48
682752,85344,4155.93,93.91,44.44,48
683136,85392,4128.85,94.02,57.70,48
683136,85392,3566.37,94.19,186.85,48
683136,85392,3489.07,92.35,179.72,48
683136,85392,4223.75,92.86,8.85,48
683136,85392,4151.07,93.73,41.05,48
683136,85392,4248.43,92.05,0.71,48
683136,85392,3314.58,94.30,260.37,48
683136,85392,3860.45,92.26,84.76,48
683520,85440,4396.85,94.34,0.10,48
683520,85440,4044.74,92.50,36.91,48
683520,85440,4433.36,94.48,1.49,48
683520,85440,4299.59,93.73,0.60,48
683520,85440,4351.03,93.89,2.19,48
683520,85440,4193.38,92.02,1.09,48
683520,85440,4288.12,94.37,17.75,48
683520,85440,4146.23,94.47,60.57,48
683904,85488,4281.75,93.04,1.81,48
683904,85488,3466.71,91.77,158.12,48
683904,85488,3922.53,93.53,89.70,48
683904,85488,3985.29,93.89,83.58,48
683904,85488,3767.67,93.24,135.22,48
683904,85488,3209.08,92.44,248.17,48
683904,85488,3993.94,91.59,49.13,48
683904,85488,3605.24,92.88,154.95,48
684288,85536,3525.70,92.89,181.02,48
684288,85536,3473.89,92.44,185.92,48
684288,85536,3565.77,92.57,144.79,48
684288,85536,4310.79,93.63,11.30,48
684288,85536,4168.63,90.90,1.82,48
684288,85536,4071.31,92.82,29.09,48
684288,85536,3793.00,91.53,90.98,48
684288,85536,4143.07,92.86,32.45,48
684672,85584,3151.27,92.51,256.17,48
684672,85584,4122.50,93.95,60.32,48
684672,85584,4149.11,91.58,9.72,48
684672,85584,3710.32,91.51,116.65,48
684672,85584,4147.43,92.26,0.31,48
684672,85584,4141.11,91.63,0.28,48
684672,85584,4041.16,91.70,21.75,48
684672,85584,4328.00,93.73,1.28,48
685056,85632,4149.60,93.80,37.85,48
685056,85632,3876.28,94.15,108.88,48
685056,85632,4115.66,93.49,49.53,48
685056,85632,4159.63,93.64,45.23,48
685056,85632,3282.61,94.85,283.31,48
685056,85632,4314.46,94.05,18.87,48
685056,85632,4159.98,93.89,44.33,48
685056,85632,1402.76,93.43,708.55,48
685440,85680,3797.49,92.53,106.21,48
685440,85680,3533.34,93.59,197.73,48
685440,85680,4305.02,93.60,2.81,48
685440,85680,4217.31,92.75,1.52,48
685440,85680,3593.77,91.85,146.47,48
685440,85680,3950.39,93.54,91.27,48
685440,85680,3411.69,91.20,181.23,48
685440,85680,4375.63,93.97,4.00,48
685824,85728,4197.75,93.46,20.90,48
685824,85728,4093.97,94.66,75.19,48
685824,85728,4125.44,93.87,46.27,48
685824,85728,4259.27,94.47,41.20,48
685824,85728,3738.54,92.49,123.61,48
685824,85728,3856.63,93.18,102.24,48
685824,85728,4189.42,91.94,0.28,48
685824,85728,3232.48,93.06,269.75,48
686208,85776,3336.87,93.83,245.07,48
686208,85776,4196.34,91.96,0.81,48
686208,85776,3859.40,94.24,121.35,48
686208,85776,3998.45,92.11,63.85,48
686208,85776,4306.97,94.01,4.83,48
686208,85776,4180.96,93.67,38.51,48
686208,85776,3890.41,94.02,112.48,48
686208,85776,4251.98,92.82,0.10,48
686592,85824,4272.06,93.95,18.69,48
686592,85824,4190.74,92.55,1.37,48
686592,85824,4232.81,93.35,8.08,48
686592,85824,4230.65,92.16,0.57,48
686592,85824,3875.67,92.89,92.55,48
686592,85824,3770.76,93.29,122.96,48
686592,85824,3701.33,92.97,134.90,48
686592,85824,4208.09,93.47,31.40,48
686976,85872,3302.94,93.67,247.01,48
686976,85872,4197.32,92.28,7.66,48
686976,85872,4028.38,92.20,35.27,48
686976,85872,4014.05,91.47,22.63,48
686976,85872,3627.35,93.33,152.65,48
686976,85872,4221.83,92.79,4.51,48
686976,85872,3970.69,94.41,108.70,48
686976,85872,4140.85,93.11,20.90,48
687360,85920,3996.85,93.63,73.72,48
687360,85920,3748.99,93.70,146.78,48
687360,85920,4260.01,92.84,2.81,48
687360,85920,4320.03,93.84,0.39,48
687360,85920,4194.15,92.15,0.19,48
687360,85920,3395.50,92.86,207.58,48
687360,85920,4141.25,91.44,0.27,48
687360,85920,4340.67,93.37,0.00,48
687744,85968,3822.70,93.60,123.53,48
687744,85968,4152.17,93.90,44.22,48
687744,85968,4237.27,92.21,0.69,48
687744,85968,4349.24,94.63,17.36,48
687744,85968,3310.55,93.28,238.97,48
687744,85968,4279.23,94.38,28.72,48
687744,85968,3937.59,94.17,105.20,48
687744,85968,3452.64,92.36,196.15,48
688128,86016,4249.82,92.51,0.39,48
688128,86016,3852.72,91.90,88.40,48
688128,86016,4251.88,93.60,13.85,48
688128,86016,4157.10,93.72,44.14,48
688128,86016,3333.97,92.50,223.00,48
688128,86016,3965.69,93.40,78.89,48
688128,86016,4215.72,92.16,0.31,48
688128,86016,4250.78,93.20,2.89,48
688512,86064,4211.01,92.68,8.74,48
688512,86064,4257.47,93.28,7.86,48
688512,86064,4208.16,94.47,46.87,48
688512,86064,4269.42,92.96,2.72,48
688512,86064,4282.21,94.18,19.79,48
688512,86064,4293.22,93.76,12.28,48
688512,86064,4095.83,94.22,64.65,48
688512,86064,4104.42,91.69,16.41,48
688896,86112,4198.93,94.20,50.18,48
688896,86112,3461.38,93.72,217.74,48
688896,86112,3579.81,92.65,160.24,48
688896,86112,3423.38,92.04,188.71,48
688896,86112,2400.59,92.43,455.14,48
688896,86112,3633.52,94.02,180.78,48
688896,86112,4258.12,93.84,16.01,48
688896,86112,4025.91,93.70,63.42,48
689280,86160,4259.23,92.78,8.16,48
689280,86160,4254.10,92.67,10.19,48
689280,86160,4083.25,92.54,21.58,48
689280,86160,4374.38,94.24,1.37,48
689280,86160,4128.31,93.21,27.60,48
689280,86160,4022.63,91.91,51.09,48
689280,86160,4288.67,93.56,5.80,48
689280,86160,2693.45,93.18,400.11,48
689664,86208,2586.44,94.12,447.73,48
689664,86208,4084.52,91.71,16.16,48
689664,86208,4147.81,91.77,4.75,48
689664,86208,4199.82,94.22,46.75,48
689664,86208,3475.49,92.89,176.49,48
689664,86208,4276.63,94.25,29.74,48
689664,86208,3971.83,91.84,43.71,48
689664,86208,3619.13,93.79,178.63,48
690048,86256,4308.94,94.18,20.68,48
690048,86256,3999.28,93.06,70.87,48
690048,86256,2482.19,93.53,449.98,48
690048,86256,3229.18,91.61,231.76,48
690048,86256,3182.64,91.53,234.82,48
690048,86256,4078.77,92.36,27.42,48
690048,86256,3873.65,93.51,99.88,48
690048,86256,3988.66,93.03,76.28,48
690432,86304,3890.78,92.85,90.96,48
690432,86304,4251.62,93.49,24.92,48
690432,86304,4208.66,94.41,47.43,48
690432,86304,4211.23,93.71,35.15,48
690432,86304,4294.34,92.84,2.26,48
690432,86304,4103.64,92.69,28.35,48
690432,86304,3955.00,94.15,103.37,48
690432,86304,4280.22,93.32,1.00,48
690816,86352,4427.85,94.63,0.35,48
690816,86352,3305.87,94.78,275.23,48
690816,86352,4231.54,92.22,0.81,48
690816,86352,4280.86,93.67,11.49,48
690816,86352,4329.55,93.79,8.12,48
690816,86352,3864.22,92.19,84.52,48
690816,86352,3531.02,93.35,196.11,48
690816,86352,4237.82,92.57,0.28,48
691200,86400,3463.66,92.24,198.95,48
691200,86400,4055.79,92.24,47.01,48
691200,86400,4150.38,94.18,54.65,48
691200,86400,3489.99,92.63,193.12,48
691200,86400,4293.74,93.56,0.79,48
691200,86400,3399.67,93.50,226.50,48
691200,86400,4347.50,94.31,4.76,48
691200,86400,3637.77,91.94,145.03,48
691584,86448,4346.00,94.49,17.22,48
691584,86448,4242.23,92.91,3.03,48
691584,86448,4121.08,93.74,52.57,48
691584,86448,4165.09,93.07,29.12,48
691584,86448,3313.46,92.89,240.56,48
691584,86448,4189.95,93.82,33.48,48
691584,86448,3605.41,93.54,177.36,48
691584,86448,3791.02,94.04,146.82,48
691968,86496,4052.79,93.45,65.03,48
691968,86496,4172.03,94.50,53.72,48
691968,86496,3902.55,94.25,115.92,48
691968,86496,4260.01,93.85,10.74,48
691968,86496,4175.19,92.51,8.97,48
691968,86496,3908.23,91.73,56.29,48
691968,86496,3933.13,91.48,48.58,48
691968,86496,3685.25,93.96,164.83,48
692352,86544,4259.32,93.50,8.24,48
692352,86544,4266.97,93.40,0.26,48
692352,86544,4183.24,94.34,53.68,48
692352,86544,4095.88,92.14,21.56,48
692352,86544,3892.33,94.75,127.07,48
692352,86544,3429.87,94.02,233.61,48
692352,86544,4306.32,93.70,3.84,48
692352,86544,4269.85,93.80,7.31,48
692736,86592,4098.61,91.69,0.88,48
692736,86592,4302.96,94.08,23.92,48
692736,86592,3268.29,93.80,272.39,48
692736,86592,3392.14,91.67,206.88,48
692736,86592,3609.50,92.00,146.89,48
692736,86592,4001.21,92.40,49.75,48
692736,86592,4278.43,93.97,20.74,48
692736,86592,4188.12,94.49,57.59,48
693120,86640,4104.87,93.06,35.30,48
693120,86640,4306.26,94.07,14.69,48
693120,86640,1457.45,93.67,712.39,48
693120,86640,3282.53,91.65,222.34,48
693120,86640,3521.93,91.55,166.69,48
693120,86640,3541.69,92.68,171.73,48
693120,86640,3352.25,92.90,218.50,48
693120,86640,3966.85,92.29,48.65,48
693504,86688,4161.56,91.86,5.41,48
693504,86688,4179.34,92.53,16.84,48
693504,86688,3467.96,92.64,195.52,48
693504,86688,2262.48,93.12,500.78,48
693504,86688,4181.58,92.23,2.39,48
693504,86688,4248.28,92.83,0.60,48
693504,86688,4332.31,93.92,0.72,48
693504,86688,3313.04,92.95,243.39,48
693888,86736,3317.84,92.34,228.40,48
693888,86736,4121.36,91.83,8.75,48
693888,86736,3571.27,92.50,166.56,48
693888,86736,1609.50,93.69,670.33,48
693888,86736,4390.63,94.18,0.90,48
693888,86736,4301.41,93.80,12.89,48
693888,86736,3288.85,91.68,221.10,48
693888,86736,4134.97,92.65,23.09,48
694272,86784,4179.22,93.96,36.85,48
694272,86784,3945.55,93.66,89.04,48
694272,86784,4173.25,91.98,2.30,48
694272,86784,3826.73,92.54,100.33,48
694272,86784,4152.30,93.07,27.26,48
694272,86784,4246.14,92.69,4.44,48
694272,86784,3677.58,92.79,137.14,48
694272,86784,4041.76,92.01,42.83,48
694656,86832,3200.44,91.46,237.17,48
694656,86832,4259.48,92.90,1.84,48
694656,86832,4306.07,94.21,22.23,48
694656,86832,3506.06,93.10,195.04,48
694656,86832,4068.44,92.03,39.95,48
694656,86832,4025.62,94.18,90.88,48
694656,86832,3794.66,94.01,129.94,48
694656,86832,3760.61,93.47,140.51,48
695040,86880,3478.46,91.31,169.59,48
695040,86880,4290.22,93.13,1.16,48
695040,86880,4198.41,92.15,8.09,48
695040,86880,4111.98,93.31,52.06,48
695040,86880,4120.20,94.01,50.57,48
695040,86880,4283.66,93.57,0.28,48
695040,86880,3835.97,92.75,97.88,48
695040,86880,3640.98,92.67,154.99,48
695424,86928,3955.73,93.89,100.93,48
695424,86928,4145.84,94.63,61.19,48
695424,86928,4357.48,93.53,0.26,48
695424,86928,4118.63,94.08,55.14,48
695424,86928,4208.80,92.32,0.98,48
695424,86928,4006.56,93.39,68.56,48
695424,86928,4000.13,93.38,80.64,48
695424,86928,4208.76,93.66,43.23,48
695808,86976,4177.92,93.17,16.28,48
695808,86976,3709.40,94.31,166.24,48
695808,86976,3259.44,92.61,242.54,48
695808,86976,4240.58,93.03,9.07,48
695808,86976,3598.16,92.17,149.67,48
695808,86976,4222.83,93.60,21.48,48
695808,86976,3672.59,94.25,176.05,48
695808,86976,4090.25,93.43,46.05,48
696192,87024,4168.96,94.53,56.47,48
696192,87024,4058.13,90.70,1.34,48
696192,87024,4278.57,94.22,26.85,48
696192,87024,3812.57,93.46,117.14,48
696192,87024,3947.35,93.38,95.88,48
696192,87024,3507.97,91.88,161.45,48
696192,87024,4304.25,92.81,2.18,48
696192,87024,4371.37,94.24,10.93,48
696576,87072,3904.92,92.61,85.75,48
696576,87072,3481.09,93.76,216.28,48
696576,87072,3594.59,93.95,188.13,48
696576,87072,4132.71,91.91,1.34,48
696576,87072,4343.26,95.05,25.67,48
696576,87072,3700.46,93.90,151.07,48
696576,87072,4285.00,93.14,0.47,48
696576,87072,4160.05,93.35,32.28,48
696960,87120,3630.17,92.95,152.51,48
696960,87120,4046.37,92.17,44.91,48
696960,87120,4244.42,94.05,23.89,48
696960,87120,3655.84,93.40,154.17,48
696960,87120,3470.81,93.60,212.34,48
696960,87120,3748.11,94.31,161.16,48
696960,87120,2436.07,91.77,436.30,48
696960,87120,4186.86,92.29,12.37,48
697344,87168,4210.49,94.04,26.80,48
697344,87168,4339.81,94.07,1.68,48
697344,87168,4301.14,93.21,0.31,48
697344,87168,2194.05,91.07,458.67,48
697344,87168,3320.99,93.10,230.79,48
697344,87168,3300.92,92.72,238.43,48
697344,87168,4019.87,92.11,44.69,48
697344,87168,3200.46,93.06,262.37,48
697728,87216,3384.22,93.37,225.72,48
697728,87216,4031.58,92.35,40.45,48
697728,87216,3951.34,93.13,77.82,48
697728,87216,4062.39,92.40,36.00,48
697728,87216,4158.17,94.05,52.60,48
697728,87216,3915.93,93.92,108.93,48
697728,87216,4126.74,92.60,28.11,48
697728,87216,3922.15,92.50,67.24,48
698112,87264,3905.76,92.80,87.62,48
698112,87264,3796.61,92.86,110.37,48
698112,87264,4426.74,94.89,0.00,48
698112,87264,4215.98,93.52,32.92,48
698112,87264,4207.71,93.85,40.33,48
698112,87264,3957.60,94.24,107.79,48
698112,87264,4012.52,93.63,78.37,48
698112,87264,3474.27,91.93,189.45,48
698496,87312,3899.48,91.69,57.85,48
698496,87312,1279.32,93.99,754.97,48
698496,87312,3920.17,93.49,88.79,48
698496,87312,3595.33,91.82,141.46,48
698496,87312,3329.35,92.32,231.40,48
698496,87312,4382.64,94.12,0.69,48
698496,87312,3595.61,94.37,190.67,48
698496,87312,3905.88,94.28,114.02,48
698880,87360,4033.99,92.43,37.12,48
698880,87360,4304.15,94.15,20.67,48
698880,87360,4103.09,92.37,27.30,48
698880,87360,3893.78,94.05,118.13,48
698880,87360,3686.52,92.71,139.98,48
698880,87360,4186.59,92.49,16.98,48
698880,87360,3940.62,91.54,48.88,48
698880,87360,4093.21,91.65,14.08,48
699264,87408,4140.27,93.24,31.33,48
699264,87408,4072.16,94.31,90.08,48
699264,87408,4275.30,92.99,6.06,48
699264,87408,3954.26,92.39,69.00,48
699264,87408,3866.37,92.26,73.95,48
699264,87408,2097.78,92.75,534.80,48
699264,87408,3187.87,92.88,263.52,48
699264,87408,4308.41,93.32,0.00,48
699648,87456,4049.56,92.51,43.24,48
699648,87456,4023.73,91.39,27.12,48
699648,87456,4383.54,94.25,0.19,48
699648,87456,3991.77,94.40,93.56,48
699648,87456,4317.19,93.85,7.06,48
699648,87456,4287.46,93.20,2.81,48
699648,87456,3765.59,94.18,159.20,48
699648,87456,3723.10,93.74,144.73,48
700032,87504,4360.71,94.21,3.19,48
700032,87504,3914.58,92.39,76.95,48
700032,87504,4203.20,93.63,31.78,48
700032,87504,4076.73,92.92,47.19,48
700032,87504,4336.76,93.82,1.53,48
700032,87504,3818.78,90.80,62.30,48
700032,87504,4133.84,91.56,7.44,48
700032,87504,4016.02,92.85,61.17,48
700416,87552,3611.29,93.77,172.89,48
700416,87552,3751.12,94.12,148.49,48
700416,87552,4047.63,92.79,57.58,48
700416,87552,3654.23,92.65,139.63,48
700416,87552,1643.34,91.61,625.49,48
700416,87552,4301.15,92.74,0.69,48
700416,87552,3215.84,92.40,246.75,48
700416,87552,4327.22,94.01,10.46,48
700800,87600,3880.40,91.74,72.16,48
700800,87600,4012.66,92.15,44.47,48
700800,87600,4285.30,93.33,3.32,48
700800,87600,4169.63,92.02,5.74,48
700800,87600,4111.98,94.18,62.51,48
700800,87600,3459.05,93.50,215.61,48
700800,87600,4060.53,93.47,64.62,48
700800,87600,2480.67,94.52,482.20,48
701184,87648,3815.61,92.35,99.97,48
701184,87648,3784.83,92.88,115.42,48
701184,87648,4160.57,92.57,8.32,48
701184,87648,4056.25,93.06,56.41,48
701184,87648,3706.35,93.79,157.01,48
701184,87648,3308.26,93.56,244.84,48
701184,87648,3414.00,93.82,231.39,48
701184,87648,4211.14,92.19,0.85,48
701568,87696,3892.13,92.89,94.00,48
701568,87696,4271.95,92.93,0.39,48
701568,87696,4172.28,92.47,22.32,48
701568,87696,2581.30,94.18,450.62,48
701568,87696,3549.31,92.60,161.56,48
701568,87696,3718.90,92.36,130.59,48
701568,87696,3261.10,92.86,254.50,48
701568,87696,4282.79,93.54,6.12,48
701952,87744,4206.53,93.14,26.22,48
701952,87744,3147.76,92.60,270.52,48
701952,87744,3968.49,93.95,97.71,48
701952,87744,4091.28,92.26,32.72,48
701952,87744,3181.34,92.47,252.77,48
701952,87744,4265.44,92.78,1.34,48
701952,87744,4404.55,94.33,2.09,48
701952,87744,4203.24,92.65,1.17,48
702336,87792,3575.58,92.71,170.45,48
702336,87792,4334.93,93.98,11.96,48
702336,87792,4284.24,93.76,3.44,48
702336,87792,4246.08,93.34,5.81,48
702336,87792,4336.24,93.92,1.34,48
702336,87792,4143.48,91.94,0.31,48
702336,87792,3941.05,93.58,94.62,48
702336,87792,4173.65,94.47,51.48,48
702720,87840,3889.05,92.40,83.08,48
702720,87840,4218.29,94.12,22.95,48
702720,87840,3310.44,94.08,253.24,48
702720,87840,3464.23,92.12,178.08,48
702720,87840,3574.72,91.88,148.14,48
702720,87840,3953.08,93.57,91.55,48
702720,87840,3957.78,91.72,41.82,48
702720,87840,4229.06,93.52,23.58,48
703104,87888,4068.87,92.07,26.54,48
703104,87888,4289.53,93.55,1.77,48
703104,87888,3690.71,93.19,142.45,48
703104,87888,4055.01,94.36,81.37,48
703104,87888,4356.56,93.88,2.57,48
703104,87888,3633.82,92.39,152.25,48
703104,87888,4183.38,91.28,0.78,48
703104,87888,4245.42,92.54,0.85,48
703488,87936,4421.21,94.89,4.85,48
703488,87936,4253.70,92.72,0.23,48
703488,87936,3612.76,92.04,140.68,48
703488,87936,4185.07,91.80,0.28,48
703488,87936,4091.17,92.95,47.45,48
703488,87936,3906.30,92.21,74.12,48
703488,87936,4167.32,91.87,4.51,48
703488,87936,3707.13,92.22,126.44,48
703872,87984,4356.60,94.05,0.43,48
703872,87984,4082.72,91.47,14.06,48
703872,87984,4298.32,93.76,17.34,48
703872,87984,4173.77,92.55,6.40,48
703872,87984,4307.48,93.39,6.88,48
703872,87984,3696.26,94.08,163.69,48
703872,87984,4318.64,93.38,0.28,48
703872,87984,3297.93,92.17,226.89,48
704256,88032,4404.80,94.24,0.62,48
704256,88032,3519.26,94.34,220.64,48
704256,88032,3749.95,93.67,149.99,48
704256,88032,4259.57,94.15,32.58,48
704256,88032,3846.98,93.80,125.13,48
704256,88032,3337.13,93.47,237.83,48
704256,88032,3848.37,91.84,80.69,48
704256,88032,3988.92,93.89,98.31,48
704640,88080,4166.29,94.50,58.29,48
704640,88080,4144.62,93.30,38.21,48
704640,88080,4290.84,92.42,0.60,48
704640,88080,4236.60,92.69,0.31,48
704640,88080,4245.61,92.78,0.71,48
704640,88080,4118.44,92.43,20.51,48
704640,88080,4001.83,91.55,24.97,48
704640,88080,3664.03,92.71,146.10,48
705024,88128,4345.48,94.52,16.02,48
705024,88128,4150.40,94.48,64.36,48
705024,88128,3431.44,92.74,198.49,48
705024,88128,3482.76,92.43,176.33,48
705024,88128,4186.76,92.71,2.73,48
705024,88128,3496.90,93.63,213.13,48
705024,88128,3921.83,94.31,113.24,48
705024,88128,4314.93,93.00,2.39,48
705408,88176,3978.83,94.25,97.12,48
705408,88176,3243.92,94.19,272.29,48
705408,88176,4311.23,93.18,0.31,48
705408,88176,3987.21,94.12,96.71,48
705408,88176,3666.80,93.21,162.97,48
705408,88176,3428.17,92.96,217.10,48
705408,88176,4151.77,94.05,54.35,48
705408,88176,4001.84,92.93,59.02,48
705792,88224,4219.60,93.73,25.32,48
705792,88224,4236.95,94.47,39.58,48
705792,88224,3774.53,92.17,97.02,48
705792,88224,4019.04,92.25,45.57,48
705792,88224,4074.48,94.08,72.97,48
705792,88224,4141.50,91.72,6.74,48
705792,88224,4107.91,93.63,56.40,48
705792,88224,3873.34,94.03,108.93,48
706176,88272,4307.53,94.20,12.91,48
706176,88272,4087.63,93.60,55.66,48
706176,88272,4417.02,94.66,2.88,48
706176,88272,4295.25,93.54,0.31,48
706176,88272,4268.62,92.99,0.72,48
706176,88272,4202.66,93.07,19.81,48
706176,88272,1569.68,93.85,687.69,48
706176,88272,4245.63,92.72,0.43,48
706560,88320,3964.15,92.65,66.84,48
706560,88320,3983.24,93.13,75.23,48
706560,88320,4230.69,93.79,25.67,48
706560,88320,3935.43,93.92,96.43,48
706560,88320,1559.50,92.01,655.41,48
706560,88320,4007.76,92.09,47.88,48
706560,88320,4326.95,93.60,2.30,48
706560,88320,4225.99,92.39,2.45,48
706944,88368,4243.59,92.40,0.00,48
706944,88368,4009.50,93.31,71.08,48
706944,88368,4036.66,92.46,49.41,48
706944,88368,4245.13,94.18,37.20,48
706944,88368,4240.91,92.79,1.52,48
706944,88368,4147.15,94.11,54.65,48
706944,88368,4209.75,93.27,23.08,48
706944,88368,2304.30,94.36,523.29,48
707328,88416,4330.79,93.76,10.39,48
707328,88416,4246.37,93.89,23.92,48
707328,88416,4305.16,92.72,1.00,48
707328,88416,3976.69,93.66,86.70,48
707328,88416,3618.20,92.71,160.24,48
707328,88416,4330.94,93.83,1.24,48
707328,88416,3243.04,94.19,276.99,48
707328,88416,4082.62,93.43,54.72,48
707712,88464,4327.09,94.83,33.08,48
707712,88464,4311.83,94.31,22.93,48
707712,88464,4168.58,91.98,0.02,48
707712,88464,4102.22,89.96,0.00,48
707712,88464,3803.39,92.29,91.53,48
707712,88464,3897.74,92.61,79.02,48
707712,88464,4229.11,92.89,12.70,48
707712,88464,4291.05,94.27,20.99,48
708096,88512,4197.95,92.19,1.28,48
708096,88512,4245.27,92.62,0.69,48
708096,88512,4358.03,93.98,2.39,48
708096,88512,4281.19,94.19,19.45,48
708096,88512,4078.21,94.34,66.77,48
708096,88512,4153.76,93.66,39.53,48
708096,88512,4269.52,92.72,0.69,48
708096,88512,4329.44,94.10,9.68,48
708480,88560,4303.76,94.18,22.26,48
708480,88560,3474.11,93.13,197.46,48
708480,88560,4298.90,93.42,7.38,48
708480,88560,4175.73,94.15,45.11,48
708480,88560,3602.89,93.83,184.48,48
708480,88560,4235.83,92.61,1.43,48
708480,88560,3843.02,92.06,72.16,48
708480,88560,3407.94,93.80,231.78,48
708864,88608,3803.28,93.25,114.12,48
708864,88608,4147.81,93.06,37.84,48
708864,88608,2330.94,93.38,483.64,48
708864,88608,4264.81,94.65,38.12,48
708864,88608,4159.93,93.67,32.72,48
708864,88608,4275.08,94.28,27.77,48
708864,88608,4134.60,94.04,49.29,48
708864,88608,4010.03,93.10,63.70,48
709248,88656,4089.02,92.58,29.98,48
709248,88656,4061.55,94.01,67.86,48
709248,88656,3995.73,94.11,96.74,48
709248,88656,4097.92,93.46,55.45,48
709248,88656,4063.26,92.26,32.98,48
709248,88656,4126.43,93.94,49.72,48
709248,88656,4215.68,94.15,39.96,48
709248,88656,3987.04,94.60,106.94,48
709632,88704,4191.21,93.96,39.88,48
709632,88704,3358.41,93.94,246.07,48
709632,88704,4236.16,93.47,13.63,48
709632,88704,4121.36,94.39,67.62,48
709632,88704,4057.84,94.29,85.38,48
709632,88704,3258.60,94.40,271.53,48
709632,88704,4128.58,94.02,54.21,48
709632,88704,3903.58,92.92,95.86,48
710016,88752,4100.89,93.57,61.89,48
710016,88752,3766.15,93.09,132.10,48
710016,88752,4020.67,93.65,73.81,48
710016,88752,3944.11,92.35,61.61,48
710016,88752,4270.87,92.93,1.52,48
710016,88752,4011.30,92.18,57.96,48
710016,88752,4103.79,94.21,61.88,48
710016,88752,4155.32,93.77,51.35,48
710400,88800,4116.30,94.28,68.01,48
710400,88800,4249.28,93.88,19.09,48
710400,88800,4142.14,91.95,32.75,48
710400,88800,3534.97,92.75,185.87,48
710400,88800,1335.73,92.78,733.11,48
710400,88800,4351.36,93.76,1.24,48
710400,88800,3994.10,93.39,74.12,48
710400,88800,4253.70,93.10,3.55,48
710784,88848,4342.58,94.05,0.79,48
710784,88848,4206.05,92.02,0.02,48
710784,88848,4183.09,92.82,19.80,48
710784,88848,1589.06,93.34,677.52,48
710784,88848,3722.12,93.67,150.72,48
710784,88848,1658.56,93.89,666.76,48
710784,88848,4028.01,93.66,81.87,48
710784,88848,4229.93,93.11,8.65,48
711168,88896,4253.56,93.88,26.41,48
711168,88896,4205.41,94.50,52.43,48
711168,88896,4175.97,92.46,19.55,48
711168,88896,3951.41,94.01,97.24,48
711168,88896,3576.09,94.24,193.14,48
711168,88896,3626.54,93.63,180.21,48
711168,88896,3985.66,94.02,95.02,48
711168,88896,4285.92,93.73,13.52,48
711552,88944,4260.91,94.02,23.71,48
711552,88944,4013.13,92.50,52.70,48
711552,88944,4006.31,92.57,57.79,48
711552,88944,1455.52,94.16,715.43,48
711552,88944,3491.54,92.69,178.37,48
711552,88944,3282.35,92.28,239.70,48
711552,88944,4348.57,93.94,1.24,48
711552,88944,4294.60,93.08,3.29,48
711936,88992,3886.89,92.49,95.14,48
711936,88992,4151.08,92.00,14.67,48
711936,88992,4003.49,91.78,35.17,48
711936,88992,4151.72,94.25,52.84,48
711936,88992,4215.32,92.86,8.38,48
711936,88992,4219.65,94.18,46.83,48
711936,88992,4212.00,92.57,6.92,48
711936,88992,3589.01,93.04,167.19,48
712320,89040,4264.05,92.32,4.65,48
712320,89040,4359.45,94.15,5.40,48
712320,89040,4101.37,94.53,69.45,48
712320,89040,2494.99,93.95,457.02,48
712320,89040,4131.64,92.21,19.22,48
712320,89040,4183.20,93.62,27.06,48
712320,89040,4391.94,94.51,0.60,48
712320,89040,4001.40,92.54,49.94,48
712704,89088,4464.98,94.89,2.59,48
712704,89088,4225.74,94.37,33.34,48
712704,89088,3595.31,92.36,160.18,48
712704,89088,3728.00,92.81,126.82,48
712704,89088,4252.40,93.53,19.84,48
712704,89088,3964.51,94.41,108.00,48
712704,89088,4287.72,93.37,0.71,48
712704,89088,4136.58,92.44,20.04,48
713088,89136,3992.43,93.53,70.57,48
713088,89136,4150.24,93.38,32.63,48
713088,89136,3560.49,91.89,169.32,48
713088,89136,4226.13,92.79,0.10,48
713088,89136,4276.90,93.54,13.36,48
713088,89136,4265.67,94.30,32.15,48
713088,89136,3666.16,92.71,140.48,48
713088,89136,3234.09,91.97,226.92,48
713472,89184,4175.76,92.04,0.74,48
713472,89184,4388.11,94.15,0.72,48
713472,89184,4178.16,91.93,11.49,48
713472,89184,4264.95,93.37,9.51,48
713472,89184,4032.98,91.65,17.49,48
713472,89184,3326.13,92.57,232.86,48
713472,89184,4380.80,94.43,5.39,48
713472,89184,4173.02,94.54,53.53,48
713856,89232,3483.95,92.04,181.10,48
713856,89232,3794.25,93.10,121.02,48
713856,89232,1691.19,93.37,649.47,48
713856,89232,3913.71,92.11,67.94,48
713856,89232,3781.27,91.76,97.39,48
713856,89232,4375.98,93.98,0.28,48
713856,89232,3520.58,92.67,179.04,48
713856,89232,4122.30,93.83,58.02,48
714240,89280,4016.92,93.92,76.89,48
714240,89280,4457.95,94.79,0.31,48
714240,89280,3842.91,94.53,138.09,48
714240,89280,4083.81,93.24,56.95,48
714240,89280,4225.43,92.75,0.81,48
714240,89280,4331.01,93.73,2.71,48
714240,89280,4298.39,93.39,6.06,48
714240,89280,3599.27,93.70,184.68,48
714624,89328,4053.23,92.54,55.06,48
714624,89328,3891.76,92.19,73.13,48
714624,89328,4199.06,94.50,57.10,48
714624,89328,4255.91,93.10,2.53,48
714624,89328,4256.94,94.58,34.23,48
714624,89328,4192.20,93.49,20.80,48
714624,89328,3736.59,94.53,169.05,48
714624,89328,4261.85,92.93,0.02,48
715008,89376,1427.17,94.25,732.89,48
715008,89376,4269.49,93.18,0.01,48
715008,89376,4194.75,92.43,12.28,48
715008,89376,4085.60,90.89,5.20,48
715008,89376,4016.77,93.24,81.21,48
715008,89376,3438.74,91.33,160.30,48
715008,89376,4126.55,91.98,2.26,48
715008,89376,4387.10,94.43,1.37,48
715392,89424,4286.27,93.27,1.52,48
715392,89424,4361.69,94.05,4.85,48
715392,89424,3266.86,91.63,220.70,48
715392,89424,3900.28,94.98,130.16,48
715392,89424,4186.24,94.11,46.60,48
715392,89424,4157.25,93.72,52.94,48
715392,89424,4078.49,91.20,1.54,48
715392,89424,3851.12,93.08,94.49,48
715776,89472,4231.32,92.75,0.62,48
715776,89472,3734.37,94.22,149.56,48
715776,89472,4203.02,92.51,6.59,48
715776,89472,4273.33,92.92,1.66,48
715776,89472,4002.60,92.75,59.14,48
715776,89472,4033.06,92.88,50.64,48
715776,89472,4282.19,93.53,6.05,48
715776,89472,4313.37,94.05,6.80,48
716160,89520,1295.75,94.28,769.75,48
716160,89520,4202.58,93.72,43.67,48
716160,89520,1374.30,92.02,697.65,48
716160,89520,4101.88,93.34,39.82,48
716160,89520,4367.75,94.18,0.72,48
716160,89520,3689.73,93.51,149.18,48
716160,89520,4003.11,92.34,48.62,48
716160,89520,3332.36,94.31,260.51,48
716544,89568,3675.81,92.47,138.21,48
716544,89568,4110.75,93.83,55.33,48
716544,89568,3344.34,92.36,210.01,48
716544,89568,3919.40,92.75,74.46,48
716544,89568,3823.64,93.08,107.12,48
716544,89568,4249.54,93.98,23.71,48
716544,89568,4332.45,93.86,7.50,48
716544,89568,4178.73,92.35,20.82,48
716928,89616,4157.03,91.65,7.07,48
716928,89616,4400.71,94.44,0.88,48
716928,89616,3664.07,93.23,148.78,48
716928,89616,2153.53,92.88,526.52,48
716928,89616,4183.64,92.93,14.60,48
716928,89616,4099.55,92.05,34.44,48
716928,89616,3736.64,93.46,133.22,48
716928,89616,4053.51,94.27,71.14,48
717312,89664,4276.99,93.76,20.42,48
717312,89664,3901.09,91.61,55.65,48
717312,89664,4244.84,94.11,24.71,48
717312,89664,4074.75,92.96,48.25,48
717312,89664,3713.43,94.31,167.53,48
717312,89664,4343.64,93.89,0.00,48
717312,89664,3989.68,94.05,96.10,48
717312,89664,3292.37,94.44,272.75,48
717696,89712,4248.03,93.07,2.44,48
717696,89712,4334.92,94.19,15.25,48
717696,89712,4190.11,94.21,38.12,48
717696,89712,4241.36,93.49,19.35,48
717696,89712,4348.98,94.05,0.57,48
717696,89712,4368.98,94.27,4.65,48
717696,89712,4080.84,92.83,39.75,48
717696,89712,3971.70,92.26,59.76,48
718080,89760,4046.68,91.86,41.02,48
718080,89760,4286.69,93.04,0.39,48
718080,89760,3984.18,92.92,68.02,48
718080,89760,4010.33,92.42,59.52,48
718080,89760,4228.13,93.00,10.30,48
718080,89760,3318.84,92.26,216.45,48
718080,89760,3774.29,93.99,137.77,48
718080,89760,4338.06,93.85,0.39,48
718464,89808,3994.83,91.90,45.54,48
718464,89808,4163.48,93.40,37.02,48
718464,89808,3350.65,94.12,255.14,48
718464,89808,4051.55,92.47,40.27,48
718464,89808,3993.45,93.76,83.11,48
718464,89808,3989.32,94.66,101.06,48
718464,89808,3292.30,93.39,252.08,48
718464,89808,4254.18,94.11,32.91,48
718848,89856,4001.18,91.75,47.82,48
718848,89856,3644.43,93.63,164.12,48
718848,89856,3415.61,93.89,234.83,48
718848,89856,4277.00,93.27,2.39,48
718848,89856,4065.06,92.23,30.69,48
718848,89856,4257.21,94.11,31.71,48
718848,89856,3980.09,93.67,92.96,48
718848,89856,4392.67,94.67,6.05,48
719232,89904,3695.68,91.75,120.12,48
719232,89904,4205.06,94.36,44.32,48
719232,89904,4077.30,93.90,66.13,48
719232,89904,3378.23,93.14,217.50,48
719232,89904,4099.56,93.95,59.20,48
719232,89904,3617.82,92.53,165.28,48
719232,89904,4338.98,93.94,4.34,48
719232,89904,3475.10,93.77,207.72,48
719616,89952,4149.54,91.80,2.19,48
719616,89952,3823.09,92.88,111.18,48
719616,89952,4146.54,94.18,63.26,48
719616,89952,4012.42,92.46,59.20,48
719616,89952,3951.44,93.41,86.16,48
719616,89952,4371.73,94.01,0.31,48
719616,89952,4055.47,92.64,46.63,48
719616,89952,3957.25,92.79,72.78,48
720000,90000,3386.52,93.73,237.87,48
720000,90000,4078.66,93.03,50.82,48
720000,90000,4130.40,94.11,58.78,48
720000,90000,4364.71,93.41,0.61,48
720000,90000,3370.59,91.72,208.03,48
720000,90000,3908.91,92.59,76.19,48
720000,90000,3543.04,92.64,171.42,48
720000,90000,4228.75,92.60,7.15,48
720384,90048,4137.73,91.50,5.30,48
720384,90048,3931.43,92.78,72.62,48
720384,90048,4098.49,92.82,41.41,48
720384,90048,4357.51,93.82,3.77,48
720384,90048,3857.58,93.01,104.79,48
720384,90048,4004.50,92.15,53.04,48
720384,90048,4229.77,94.11,32.95,48
720384,90048,4412.60,94.46,0.01,48
720768,90096,3985.61,94.12,96.98,48
720768,90096,4345.72,93.42,3.04,48
720768,90096,4137.77,93.06,40.99,48
720768,90096,4357.38,94.85,14.12,48
720768,90096,4339.25,93.63,2.20,48
720768,90096,4324.26,93.70,8.37,48
720768,90096,3939.10,91.65,52.71,48
720768,90096,4271.74,93.03,4.89,48
721152,90144,3860.55,92.42,88.47,48
721152,90144,3679.10,93.42,141.33,48
721152,90144,4233.90,92.83,2.53,48
721152,90144,4296.96,93.31,2.39,48
721152,90144,3405.53,94.43,249.25,48
721152,90144,3585.07,92.51,162.85,48
721152,90144,3627.65,91.41,120.97,48
721152,90144,4214.86,92.40,7.31,48
721536,90192,4232.16,92.75,0.18,48
721536,90192,4390.27,93.65,1.34,48
721536,90192,1526.73,93.76,698.69,48
721536,90192,4283.75,94.30,21.43,48
721536,90192,4234.46,94.18,30.39,48
721536,90192,4254.32,93.38,4.98,48
721536,90192,4233.44,93.73,22.51,48
721536,90192,4057.25,92.96,50.66,48
721920,90240,3293.95,93.45,245.67,48
721920,90240,3876.20,94.27,126.87,48
721920,90240,3891.78,92.08,72.59,48
721920,90240,4297.46,93.67,13.17,48
721920,90240,3951.36,92.26,56.72,48
721920,90240,4183.08,93.85,41.67,48
721920,90240,3939.96,93.99,103.60,48
721920,90240,4104.42,91.43,5.35,48
722304,90288,3611.37,92.43,152.31,48
722304,90288,4110.07,92.29,21.51,48
722304,90288,4099.67,92.03,0.10,48
722304,90288,4125.82,93.40,46.93,48
722304,90288,3817.36,91.32,84.83,48
722304,90288,4217.16,92.64,1.34,48
722304,90288,4273.03,93.27,6.06,48
722304,90288,3970.23,94.47,105.82,48
722688,90336,3770.22,93.57,130.69,48
722688,90336,3407.72,92.75,200.32,48
722688,90336,4348.26,93.96,4.72,48
722688,90336,4087.63,90.70,0.00,48
722688,90336,3522.30,92.75,176.17,48
722688,90336,4190.74,93.82,41.37,48
722688,90336,3979.50,91.59,46.64,48
722688,90336,4274.14,92.67,0.43,48
723072,90384,4292.05,93.37,0.69,48
723072,90384,4315.39,94.19,7.05,48
723072,90384,4371.44,94.38,0.39,48
723072,90384,3813.43,91.98,94.13,48
723072,90384,3575.73,94.67,206.57,48
723072,90384,3777.55,92.35,108.76,48
723072,90384,3991.24,92.78,59.10,48
723072,90384,4271.07,93.30,7.30,48
723456,90432,3535.83,92.12,160.33,48
723456,90432,4275.85,94.26,20.15,48
723456,90432,3761.39,93.96,147.54,48
723456,90432,3694.31,91.87,116.73,48
723456,90432,4238.60,92.20,0.31,48
723456,90432,4419.36,94.59,1.87,48
723456,90432,3383.38,92.86,211.89,48
723456,90432,4095.47,94.01,60.94,48
723840,90480,4139.82,92.01,0.81,48
723840,90480,4241.68,91.97,1.07,48
723840,90480,3989.30,91.73,45.64,48
723840,90480,4349.61,94.01,3.58,48
723840,90480,3766.04,93.77,138.73,48
723840,90480,3993.31,93.27,58.83,48
723840,90480,4027.01,92.03,45.00,48
723840,90480,4272.31,93.67,9.72,48
724224,90528,4264.20,93.50,17.60,48
724224,90528,3140.03,90.96,241.64,48
724224,90528,3977.46,94.28,103.33,48
724224,90528,3888.33,92.47,77.57,48
724224,90528,4369.37,93.54,1.24,48
724224,90528,4308.53,94.79,34.17,48
724224,90528,3278.15,92.66,221.02,48
724224,90528,4335.46,93.79,0.92,48
724608,90576,3618.24,93.06,161.93,48
724608,90576,4348.20,94.12,2.26,48
724608,90576,3431.52,91.48,184.15,48
724608,90576,2271.00,92.13,487.31,48
724608,90576,3940.66,92.51,70.87,48
724608,90576,4244.36,93.34,13.66,48
724608,90576,4222.08,92.82,10.24,48
724608,90576,4166.29,92.00,11.72,48
724992,90624,3582.86,92.98,172.45,48
724992,90624,4230.41,93.95,30.48,48
724992,90624,3636.62,91.97,141.88,48
724992,90624,4330.70,93.57,0.31,48
724992,90624,4321.07,93.60,2.81,48
724992,90624,4159.65,91.93,12.68,48
724992,90624,4180.23,92.92,18.40,48
724992,90624,3688.33,94.41,172.56,48
725376,90672,3421.53,93.83,230.99,48
725376,90672,4262.19,92.85,8.46,48
725376,90672,3844.21,92.07,72.29,48
725376,90672,4172.27,91.72,0.47,48
725376,90672,3632.12,93.63,161.17,48
725376,90672,4163.65,92.65,10.75,48
725376,90672,4032.13,93.60,80.19,48
725376,90672,4252.30,93.08,1.38,48
725760,90720,4338.58,93.80,2.89,48
725760,90720,4057.74,93.98,78.34,48
725760,90720,4173.60,91.75,9.42,48
725760,90720,3726.50,94.18,159.81,48
725760,90720,3946.75,91.39,40.41,48
725760,90720,3888.64,92.39,83.68,48
725760,90720,3883.43,91.33,60.17,48
725760,90720,3760.19,91.72,91.14,48
726144,90768,4040.96,92.71,52.26,48
726144,90768,4196.51,92.19,2.91,48
726144,90768,3664.46,92.89,141.07,48
726144,90768,3419.72,93.20,217.05,48
726144,90768,4159.22,93.34,31.26,48
726144,90768,4111.28,90.94,0.71,48
726144,90768,1651.10,91.12,628.32,48
726144,90768,4117.15,94.05,60.42,48
726528,90816,3863.90,93.95,118.62,48
726528,90816,3915.18,93.77,101.49,48
726528,90816,4012.91,92.43,41.75,48
726528,90816,3786.87,92.17,93.54,48
726528,90816,3849.18,91.04,68.95,48
726528,90816,3606.25,93.86,189.44,48
726528,90816,4127.31,93.94,59.43,48
726528,90816,4316.12,93.76,8.03,48
726912,90864,4014.88,93.47,70.31,48
726912,90864,3641.15,93.31,161.60,48
726912,90864,4157.08,91.96,0.81,48
726912,90864,3774.81,91.69,95.97,48
726912,90864,4207.27,93.67,24.33,48
726912,90864,4310.39,93.46,1.28,48
726912,90864,4233.46,93.20,25.37,48
726912,90864,4216.77,92.29,3.01,48
727296,90912,4325.02,94.04,8.72,48
727296,90912,3984.45,91.75,48.73,48
727296,90912,4210.35,93.33,5.13,48
727296,90912,3336.82,94.44,261.62,48
727296,90912,4201.22,93.45,30.39,48
727296,90912,4120.97,91.68,6.17,48
727296,90912,4047.18,91.86,34.69,48
727296,90912,4259.76,93.50,11.80,48
727680,90960,4268.81,92.64,2.92,48
727680,90960,2376.72,93.50,482.50,48
727680,90960,3606.82,91.68,136.24,48
727680,90960,4207.33,91.90,0.60,48
727680,90960,3848.00,93.55,110.75,48
727680,90960,3788.97,94.35,149.07,48
727680,90960,3565.46,91.65,151.16,48
727680,90960,3215.42,92.51,253.97,48
728064,91008,3145.19,91.84,241.89,48
728064,91008,4156.37,91.59,3.83,48
728064,91008,4379.37,94.24,0.28,48
728064,91008,3431.30,93.30,214.66,48
728064,91008,4133.67,93.93,49.79,48
728064,91008,4062.15,92.43,44.07,48
728064,91008,3274.10,92.57,239.38,48
728064,91008,2206.77,92.05,470.86,48
728448,91056,4083.81,93.50,59.96,48
728448,91056,4056.44,94.43,87.13,48
728448,91056,3479.99,92.56,183.02,48
728448,91056,3243.16,91.94,240.69,48
728448,91056,4168.30,93.24,29.39,48
728448,91056,3254.98,93.65,258.12,48
728448,91056,3611.74,92.92,157.78,48
728448,91056,4132.84,91.22,15.31,48
728832,91104,3843.84,92.63,106.64,48
728832,91104,4117.87,92.12,16.76,48
728832,91104,3570.18,92.59,164.53,48
728832,91104,4355.64,93.65,1.00,48
728832,91104,3569.43,90.11,116.47,48
728832,91104,3603.63,93.76,182.05,48
728832,91104,4181.93,94.05,53.74,48
728832,91104,4305.65,93.34,0.78,48
729216,91152,4214.37,92.14,6.59,48
729216,91152,3834.61,92.72,81.18,48
729216,91152,3271.01,92.34,233.27,48
729216,91152,4249.70,93.14,9.57,48
729216,91152,3892.07,91.90,74.81,48
729216,91152,4107.13,91.17,0.28,48
729216,91152,3392.49,93.47,226.32,48
729216,91152,3646.44,91.29,138.37,48
729600,91200,4332.25,93.50,0.00,48
729600,91200,4239.38,93.34,10.99,48
729600,91200,4074.23,91.86,31.15,48
729600,91200,4324.14,93.57,8.15,48
729600,91200,1416.89,91.71,687.01,48
729600,91200,3849.56,92.02,84.35,48
729600,91200,4197.87,93.85,40.43,48
729600,91200,4313.00,93.60,2.59,48
729984,91248,4132.68,93.60,54.28,48
729984,91248,4136.46,91.65,19.19,48
729984,91248,3956.74,93.18,83.87,48
729984,91248,4129.67,92.95,40.57,48
729984,91248,3976.88,90.97,21.80,48
729984,91248,1637.80,91.72,628.11,48
729984,91248,4307.57,93.18,5.41,48
729984,91248,4295.27,93.82,5.66,48
730368,91296,4100.41,93.73,51.94,48
730368,91296,3988.78,92.07,51.06,48
730368,91296,3484.50,93.23,209.28,48
730368,91296,3544.03,92.39,162.33,48
730368,91296,4362.22,93.91,0.02,48
730368,91296,3933.27,92.43,71.24,48
730368,91296,4014.80,92.21,54.27,48
730368,91296,4355.54,93.96,1.30,48
730752,91344,4106.36,92.49,36.01,48
730752,91344,4390.16,94.02,3.84,48
730752,91344,4215.77,92.25,1.54,48
730752,91344,4205.47,93.40,30.29,48
730752,91344,3609.31,93.27,167.79,48
730752,91344,4377.57,93.85,0.72,48
730752,91344,3842.76,91.98,83.18,48
730752,91344,2478.16,91.46,422.27,48
731136,91392,3888.50,93.70,115.28,48
731136,91392,3638.20,90.99,127.45,48
731136,91392,4152.69,94.04,51.85,48
731136,91392,1639.78,93.92,671.07,48
731136,91392,4195.10,93.85,39.78,48
731136,91392,4058.22,92.59,35.99,48
731136,91392,4143.63,91.44,14.88,48
731136,91392,4225.65,94.28,37.97,48
731520,91440,4368.90,93.79,0.27,48
731520,91440,4207.77,92.82,3.95,48
731520,91440,3675.13,92.14,109.60,48
731520,91440,4189.26,92.00,3.17,48
731520,91440,3121.58,92.22,262.92,48
731520,91440,3877.19,91.65,71.25,48
731520,91440,4093.63,91.91,24.16,48
731520,91440,4193.64,92.17,3.01,48
731904,91488,4185.18,92.52,6.94,48
731904,91488,3232.41,94.50,284.53,48
731904,91488,1823.32,92.41,593.66,48
731904,91488,4129.27,93.82,50.64,48
731904,91488,3988.19,93.70,84.40,48
731904,91488,3910.76,91.94,77.92,48
731904,91488,4146.42,91.18,0.26,48
731904,91488,4353.74,93.66,0.43,48
732288,91536,3856.94,91.54,68.09,48
732288,91536,4157.63,93.57,37.25,48
732288,91536,4038.29,92.04,39.37,48
732288,91536,4306.01,93.82,17.80,48
732288,91536,4098.39,92.15,27.03,48
732288,91536,4241.45,92.85,0.71,48
732288,91536,3735.89,94.09,163.77,48
732288,91536,4334.61,93.85,4.98,48
732672,91584,4314.29,94.43,23.27,48
732672,91584,4276.90,93.37,1.83,48
732672,91584,4247.75,92.53,0.26,48
732672,91584,3477.92,91.61,168.11,48
732672,91584,4246.04,94.14,28.15,48
732672,91584,4218.02,92.11,4.32,48
732672,91584,3572.89,91.68,141.20,48
732672,91584,1685.41,93.57,656.26,48
733056,91632,3905.36,93.77,97.31,48
733056,91632,3872.52,93.82,126.14,48
733056,91632,3910.65,93.29,95.92,48
733056,91632,4261.86,92.66,0.25,48
733056,91632,4050.24,91.98,36.80,48
733056,91632,4144.06,92.70,23.24,48
733056,91632,2219.55,91.26,458.20,48
733056,91632,4199.96,92.29,0.81,48
733440,91680,3553.49,91.33,141.91,48
733440,91680,3978.92,92.05,56.51,48
733440,91680,4119.03,92.47,23.98,48
733440,91680,4232.03,94.25,34.08,48
733440,91680,3775.78,93.88,141.01,48
733440,91680,4227.24,93.31,12.39,48
733440,91680,4367.29,93.96,0.35,48
733440,91680,4151.62,93.69,51.72,48
733824,91728,4204.72,93.47,28.85,48
733824,91728,4196.75,92.00,0.39,48
733824,91728,3486.84,93.95,225.61,48
733824,91728,3686.31,93.64,147.33,48
733824,91728,3452.94,92.68,192.47,48
733824,91728,4242.53,92.29,0.88,48
733824,91728,3434.84,93.21,222.80,48
733824,91728,3758.54,92.57,120.87,48
734208,91776,3444.79,93.14,210.34,48
734208,91776,3637.14,92.40,151.94,48
734208,91776,3677.31,93.73,162.61,48
734208,91776,3768.96,93.60,137.67,48
734208,91776,2487.27,93.78,456.34,48
734208,91776,3419.77,93.37,223.07,48
734208,91776,3581.26,91.57,163.05,48
734208,91776,4146.24,94.28,63.61,48
734592,91824,3982.71,92.43,51.95,48
734592,91824,4342.97,93.79,3.18,48
734592,91824,4016.51,93.44,78.92,48
734592,91824,3937.90,94.09,109.28,48
734592,91824,4247.09,92.95,15.80,48
734592,91824,4163.90,92.92,31.65,48
734592,91824,4333.31,93.86,0.79,48
734592,91824,3779.46,93.59,134.40,48
734976,91872,4267.87,93.30,0.43,48
734976,91872,4328.08,93.73,6.95,48
734976,91872,3605.97,94.15,182.18,48
734976,91872,4024.09,92.20,33.42,48
734976,91872,4093.10,92.81,41.62,48
734976,91872,3771.69,91.33,94.72,48
734976,91872,4277.88,93.92,20.62,48
734976,91872,4322.39,93.70,6.83,48
735360,91920,4314.42,93.53,1.54,48
735360,91920,4314.05,93.46,1.54,48
735360,91920,3620.53,92.67,160.07,48
735360,91920,4185.98,91.83,0.25,48
735360,91920,3834.09,92.67,100.33,48
735360,91920,3547.55,93.23,197.27,48
735360,91920,4100.52,92.01,16.47,48
735360,91920,3698.41,92.61,124.40,48
735744,91968,3292.58,93.48,245.64,48
735744,91968,4116.95,91.57,18.84,48
735744,91968,3468.44,93.89,224.80,48
735744,91968,4285.62,93.42,1.30,48
735744,91968,3999.73,91.34,31.16,48
735744,91968,3946.35,94.16,102.33,48
735744,91968,4233.52,92.18,3.16,48
735744,91968,4131.99,93.17,39.39,48
736128,92016,3207.07,92.46,248.16,48
736128,92016,3528.42,91.31,159.40,48
736128,92016,4138.79,92.72,23.15,48
736128,92016,3527.50,91.20,142.06,48
736128,92016,4002.14,93.95,87.86,48
736128,92016,3986.47,93.66,90.61,48
736128,92016,3897.93,92.32,83.88,48
736128,92016,4147.64,93.40,33.19,48
736512,92064,4334.06,94.05,5.49,48
736512,92064,3893.91,91.13,70.40,48
736512,92064,3470.08,93.34,209.44,48
736512,92064,4323.02,94.18,23.09,48
736512,92064,4237.63,92.26,1.21,48
736512,92064,3892.08,91.20,44.46,48
736512,92064,4372.57,94.08,0.60,48
736512,92064,3196.00,94.25,291.18,48
736896,92112,3520.93,91.89,169.62,48
736896,92112,3699.44,91.37,106.05,48
736896,92112,4332.30,93.85,2.48,48
736896,92112,3946.46,91.42,40.86,48
736896,92112,3919.72,93.24,74.92,48
736896,92112,3765.96,93.83,140.97,48
736896,92112,4109.58,94.21,68.13,48
736896,92112,3891.25,92.32,80.14,48
737280,92160,4181.76,91.76,0.31,48
737280,92160,3964.51,92.11,54.62,48
737280,92160,3639.25,92.93,146.93,48
737280,92160,2498.38,94.04,459.79,48
737280,92160,4196.42,92.62,0.72,48
737280,92160,3397.17,94.08,240.96,48
737280,92160,3878.07,93.87,114.49,48
737280,92160,3570.46,92.81,181.22,48
737664,92208,4180.57,91.74,0.60,48
737664,92208,4095.01,93.67,54.48,48
737664,92208,3524.11,93.76,205.62,48
737664,92208,4342.73,94.08,8.97,48
737664,92208,1473.98,92.23,679.87,48
737664,92208,4120.59,92.29,26.17,48
737664,92208,4163.41,91.80,5.41,48
737664,92208,4172.65,91.75,20.36,48
738048,92256,1336.79,93.47,726.81,48
738048,92256,3799.78,91.44,79.81,48
738048,92256,3757.20,93.72,147.58,48
738048,92256,3999.32,92.96,63.84,48
738048,92256,4300.84,93.27,6.14,48
738048,92256,3623.22,92.74,162.63,48
738048,92256,3897.35,91.51,66.86,48
738048,92256,3819.01,92.98,110.07,48
738432,92304,4124.79,91.31,0.56,48
738432,92304,2732.11,93.14,391.70,48
738432,92304,1374.81,92.29,705.92,48
738432,92304,4006.33,92.60,70.65,48
738432,92304,4273.29,93.34,0.31,48
738432,92304,4054.30,92.50,33.26,48
738432,92304,4049.39,92.35,47.35,48
738432,92304,4170.62,91.82,6.05,48
738816,92352,4245.83,93.92,21.08,48
738816,92352,4123.33,93.01,37.22,48
738816,92352,4054.91,92.29,41.44,48
738816,92352,4302.91,93.86,0.39,48
738816,92352,3252.93,92.33,241.50,48
738816,92352,4192.05,91.65,6.34,48
738816,92352,3951.07,92.24,47.14,48
738816,92352,4232.84,92.36,1.21,48
739200,92400,4089.05,92.18,19.50,48
739200,92400,3909.25,92.54,86.08,48
739200,92400,4138.65,91.76,1.74,48
739200,92400,4217.13,92.29,3.44,48
739200,92400,4209.57,93.70,29.49,48
739200,92400,3897.32,93.67,93.31,48
739200,92400,4075.14,92.32,41.70,48
739200,92400,4269.36,92.82,0.92,48
739584,92448,4393.29,94.43,1.14,48
739584,92448,4167.44,91.68,14.19,48
739584,92448,4330.35,93.66,2.26,48
739584,92448,3871.56,91.73,81.74,48
739584,92448,3588.91,94.28,195.69,48
739584,92448,3976.46,92.29,65.99,48
739584,92448,4220.76,93.64,29.34,48
739584,92448,4225.86,92.71,0.04,48
739968,92496,1442.88,92.04,691.99,48
739968,92496,3172.52,91.69,237.28,48
739968,92496,3885.41,93.63,102.10,48
739968,92496,4256.51,94.35,36.05,48
739968,92496,4159.12,92.14,11.49,48
739968,92496,4120.08,91.62,2.20,48
739968,92496,3974.05,92.03,65.30,48
739968,92496,4191.04,94.08,44.93,48
740352,92544,4126.59,92.42,31.35,48
740352,92544,3648.53,91.75,129.07,48
740352,92544,1408.53,93.80,729.06,48
740352,92544,4156.53,92.89,29.03,48
740352,92544,4321.89,93.81,9.95,48
740352,92544,4098.90,91.75,20.94,48
740352,92544,4352.93,94.53,5.75,48
740352,92544,4236.18,92.82,1.34,48
740736,92592,4209.97,92.69,10.66,48
740736,92592,4392.15,94.41,0.33,48
740736,92592,3898.39,92.28,92.74,48
740736,92592,4238.15,92.00,0.47,48
740736,92592,3576.47,91.11,157.20,48
740736,92592,4013.44,91.37,24.26,48
740736,92592,4320.44,93.36,0.60,48
740736,92592,3645.17,93.15,150.90,48
741120,92640,3354.39,91.13,198.17,48
741120,92640,4210.23,92.51,2.17,48
741120,92640,4112.46,94.11,67.90,48
741120,92640,3963.35,91.35,38.75,48
741120,92640,3885.82,91.93,78.10,48
741120,92640,4157.56,92.46,18.55,48
741120,92640,3735.42,93.31,139.42,48
741120,92640,3990.74,92.66,65.21,48
741504,92688,3978.78,92.18,59.32,48
741504,92688,4177.20,93.60,38.26,48
741504,92688,3459.58,91.93,184.22,48
741504,92688,3427.45,91.65,171.53,48
741504,92688,3860.76,92.87,91.87,48
741504,92688,3650.01,91.41,129.56,48
741504,92688,4082.33,94.64,77.12,48
741504,92688,3962.18,93.73,92.10,48
741888,92736,3342.37,92.46,217.66,48
741888,92736,3862.76,91.44,76.67,48
741888,92736,4277.55,93.87,11.45,48
741888,92736,4071.12,92.00,28.38,48
741888,92736,4076.97,93.43,52.35,48
741888,92736,3563.05,91.26,144.78,48
741888,92736,3881.62,92.64,90.47,48
741888,92736,1301.53,92.70,727.21,48
742272,92784,4213.80,92.74,3.47,48
742272,92784,4161.25,91.64,0.79,48
742272,92784,4378.58,94.01,0.74,48
742272,92784,4340.79,94.25,10.07,48
742272,92784,4219.45,92.32,8.00,48
742272,92784,3578.09,92.06,164.51,48
742272,92784,4163.03,93.75,48.30,48
742272,92784,4419.21,94.02,0.48,48
742656,92832,3326.17,93.66,242.90,48
742656,92832,3451.88,93.76,225.84,48
742656,92832,4363.35,93.92,0.10,48
742656,92832,3826.01,91.77,70.17,48
742656,92832,4188.55,92.48,2.49,48
742656,92832,4307.18,93.64,9.27,48
742656,92832,4099.16,91.67,20.60,48
742656,92832,4196.71,92.29,2.39,48
743040,92880,4222.19,91.81,0.81,48
743040,92880,4100.94,91.69,0.26,48
743040,92880,4194.75,93.98,45.48,48
743040,92880,4247.13,92.57,7.74,48
743040,92880,4230.93,93.05,4.17,48
743040,92880,3818.86,94.39,138.02,48
743040,92880,4265.21,94.76,39.64,48
743040,92880,3860.76,92.85,96.07,48
743424,92928,3942.61,93.89,103.30,48
743424,92928,4274.59,93.43,4.51,48
743424,92928,4236.84,92.69,7.93,48
743424,92928,3558.60,92.80,175.94,48
743424,92928,4337.31,93.89,1.52,48
743424,92928,3837.26,91.40,76.10,48
743424,92928,4319.41,93.57,0.69,48
743424,92928,3598.38,91.13,130.74,48
743808,92976,3384.29,93.43,231.21,48
743808,92976,3297.60,94.24,269.00,48
743808,92976,3887.56,92.17,92.24,48
743808,92976,4284.14,93.14,0.10,48
743808,92976,4239.32,92.01,2.14,48
743808,92976,4355.64,93.85,1.63,48
743808,92976,4202.36,92.59,0.33,48
743808,92976,3348.88,91.06,193.94,48
744192,93024,4065.63,94.15,76.65,48
744192,93024,4209.98,92.39,0.74,48
744192,93024,4331.20,93.31,1.52,48
744192,93024,1375.74,94.02,735.30,48
744192,93024,3930.00,93.91,102.58,48
744192,93024,4305.75,94.01,5.32,48
744192,93024,3299.65,94.11,258.70,48
744192,93024,4086.99,92.17,46.21,48
744576,93072,4011.05,91.49,29.29,48
744576,93072,3956.44,92.58,70.62,48
744576,93072,4154.71,92.73,24.45,48
744576,93072,4344.83,93.75,1.38,48
744576,93072,4054.92,91.37,2.53,48
744576,93072,4303.48,94.56,24.81,48
744576,93072,3955.79,90.31,23.48,48
744576,93072,4013.25,93.52,68.10,48
744960,93120,4328.41,93.97,0.39,48
744960,93120,2214.50,93.68,520.43,48
744960,93120,3840.16,92.02,102.97,48
744960,93120,4278.34,92.74,1.53,48
744960,93120,3973.09,92.22,51.53,48
744960,93120,4212.60,92.50,10.81,48
744960,93120,4068.41,91.94,22.69,48
744960,93120,4160.37,93.28,27.49,48
745344,93168,4023.98,91.87,33.50,48
745344,93168,4053.84,93.57,75.20,48
745344,93168,2549.19,93.43,431.90,48
745344,93168,4383.29,94.31,0.02,48
745344,93168,3798.39,92.88,111.00,48
745344,93168,4325.19,93.53,2.62,48
745344,93168,4356.73,93.81,2.39,48
745344,93168,4211.30,94.41,41.36,48
745728,93216,4282.16,92.92,3.41,48
745728,93216,3394.44,94.09,239.25,48
745728,93216,1637.82,93.76,666.53,48
745728,93216,3744.80,92.95,135.96,48
745728,93216,4304.77,93.85,10.40,48
745728,93216,3934.08,92.99,80.60,48
745728,93216,3845.40,92.11,94.31,48
745728,93216,4129.63,93.89,52.34,48
746112,93264,4024.57,93.24,46.13,48
746112,93264,3899.79,93.57,99.21,48
746112,93264,3950.70,91.34,46.69,48
746112,93264,3665.29,93.37,162.15,48
746112,93264,3753.16,92.60,125.69,48
746112,93264,3798.66,91.57,94.14,48
746112,93264,3605.72,94.02,191.45,48
746112,93264,4262.60,92.99,4.04,48
746496,93312,3680.69,93.31,154.43,48
746496,93312,3990.29,92.24,66.06,48
746496,93312,3835.50,92.19,93.62,48
746496,93312,3905.11,91.73,57.78,48
746496,93312,4244.43,93.99,24.31,48
746496,93312,2274.32,91.86,471.12,48
746496,93312,4101.07,92.18,20.45,48
746496,93312,3358.15,91.96,210.73,48
746880,93360,4175.16,92.29,10.79,48
746880,93360,3627.11,93.67,172.68,48
746880,93360,4265.50,93.44,2.72,48
746880,93360,3671.30,93.02,158.77,48
746880,93360,4097.58,92.28,31.24,48
746880,93360,3961.44,91.77,67.05,48
746880,93360,2384.45,93.26,494.41,48
746880,93360,4205.97,92.47,1.34,48
747264,93408,4352.85,93.85,0.72,48
747264,93408,4174.45,93.44,20.25,48
747264,93408,4315.52,93.86,9.26,48
747264,93408,3771.33,91.86,87.34,48
747264,93408,3515.83,92.32,181.52,48
747264,93408,4156.00,94.05,56.22,48
747264,93408,3990.95,92.22,49.51,48
747264,93408,4089.29,92.89,38.92,48
747648,93456,3629.15,93.27,168.46,48
747648,93456,4060.36,92.19,29.85,48
747648,93456,3946.77,92.36,74.39,48
747648,93456,4276.94,93.28,0.02,48
747648,93456,4238.95,93.62,18.64,48
747648,93456,4101.74,92.39,41.00,48
747648,93456,4150.92,92.34,1.53,48
747648,93456,3809.71,92.21,98.13,48
748032,93504,4137.47,92.15,9.76,48
748032,93504,4271.54,93.24,6.60,48
748032,93504,3994.33,91.53,45.38,48
748032,93504,3762.25,93.89,146.57,48
748032,93504,4078.41,93.50,48.24,48
748032,93504,3955.93,93.63,90.09,48
748032,93504,4103.17,92.39,26.20,48
748032,93504,4145.84,93.24,34.34,48
748416,93552,3863.82,93.11,90.66,48
748416,93552,4146.81,93.18,33.32,48
748416,93552,4088.25,90.77,0.82,48
748416,93552,4182.53,92.47,11.71,48
748416,93552,3520.27,91.44,163.46,48
748416,93552,4267.60,92.53,0.10,48
748416,93552,4215.13,91.75,1.37,48
748416,93552,4153.14,92.89,28.96,48
748800,93600,4316.52,93.31,0.74,48
748800,93600,4012.38,91.63,31.67,48
748800,93600,4351.44,93.92,2.20,48
748800,93600,3591.26,93.70,185.89,48
748800,93600,4058.56,93.54,68.16,48
748800,93600,4236.47,93.85,17.93,48
748800,93600,4057.76,93.77,78.58,48
748800,93600,3670.59,93.72,166.62,48
749184,93648,3650.45,92.01,131.05,48
749184,93648,3911.84,91.68,64.85,48
749184,93648,3938.71,91.76,60.85,48
749184,93648,3545.05,93.61,193.10,48
749184,93648,4055.96,92.03,41.65,48
749184,93648,4319.21,93.86,4.80,48
749184,93648,4204.12,93.52,34.36,48
749184,93648,3947.08,92.30,59.37,48
749568,93696,3237.71,92.15,239.18,48
749568,93696,4178.77,92.01,1.34,48
749568,93696,4118.24,93.37,34.32,48
749568,93696,4350.09,94.51,13.03,48
749568,93696,4299.23,92.92,0.23,48
749568,93696,3852.16,91.86,86.06,48
749568,93696,4347.31,94.21,7.59,48
749568,93696,4141.42,93.87,36.02,48
749952,93744,4058.78,94.02,74.49,48
749952,93744,3817.83,92.26,91.82,48
749952,93744,4282.89,94.12,21.61,48
749952,93744,4316.28,93.66,2.44,48
749952,93744,4077.81,92.37,28.88,48
749952,93744,4142.11,91.49,23.92,48
749952,93744,4229.08,92.25,2.28,48
749952,93744,3999.68,92.45,57.17,48
750336,93792,4192.06,92.43,7.65,48
750336,93792,3610.52,91.30,139.46,48
750336,93792,4009.91,92.18,43.73,48
750336,93792,4082.13,91.44,5.31,48
750336,93792,4374.72,94.44,8.56,48
750336,93792,4302.16,93.57,5.55,48
750336,93792,3988.36,94.43,101.72,48
750336,93792,3878.34,92.25,89.28,48
750720,93840,4038.08,91.16,37.43,48
750720,93840,4270.44,93.01,0.74,48
750720,93840,3618.34,91.07,130.18,48
750720,93840,4132.62,91.77,3.59,48
750720,93840,3739.35,93.85,147.34,48
750720,93840,4226.47,92.54,2.20,48
750720,93840,3471.12,91.36,177.92,48
750720,93840,4193.91,91.96,0.10,48
751104,93888,4310.28,93.60,5.12,48
751104,93888,4187.02,92.40,4.09,48
751104,93888,3764.17,91.48,94.42,48
751104,93888,3526.82,91.55,148.77,48
751104,93888,3964.39,92.21,68.07,48
751104,93888,4294.47,93.54,0.43,48
751104,93888,4155.13,93.24,38.42,48
751104,93888,3439.42,93.62,227.52,48
751488,93936,4088.28,91.08,2.31,48
751488,93936,4206.32,92.36,4.69,48
751488,93936,3790.54,93.69,131.72,48
751488,93936,2528.72,93.60,442.09,48
751488,93936,3399.84,93.81,240.40,48
751488,93936,4290.50,93.08,3.30,48
751488,93936,3963.57,92.68,68.29,48
751488,93936,3501.25,91.80,159.02,48
751872,93984,3669.84,92.34,136.33,48
751872,93984,3823.82,90.81,73.44,48
751872,93984,3990.29,94.08,96.14,48
751872,93984,4221.24,94.54,37.42,48
751872,93984,3955.96,92.69,69.56,48
751872,93984,4293.46,94.22,19.13,48
751872,93984,4176.72,91.72,3.94,48
751872,93984,4401.63,94.11,1.36,48
752256,94032,4153.95,93.40,33.94,48
752256,94032,3944.44,93.63,91.46,48
752256,94032,4247.70,93.21,10.02,48
752256,94032,4170.71,92.49,27.05,48
752256,94032,4098.40,91.33,12.71,48
752256,94032,3853.10,92.38,90.35,48
752256,94032,4364.82,94.38,5.85,48
752256,94032,4182.27,93.37,35.71,48
752640,94080,4077.35,93.62,58.96,48
752640,94080,4172.69,92.11,3.74,48
752640,94080,4422.65,94.57,0.88,48
752640,94080,4182.87,91.55,2.31,48
752640,94080,4291.85,93.86,8.19,48
752640,94080,4335.58,93.67,0.19,48
752640,94080,4021.75,92.69,64.09,48
752640,94080,3997.50,93.98,92.46,48
753024,94128,3809.59,94.21,144.80,48
753024,94128,4359.83,93.57,1.15,48
753024,94128,3858.07,92.54,96.25,48
753024,94128,3247.49,92.14,241.93,48
753024,94128,4285.20,92.59,0.00,48
753024,94128,3574.75,92.60,169.73,48
753024,94128,3175.73,92.05,238.80,48
753024,94128,3660.78,93.12,147.91,48
753408,94176,4318.61,93.57,1.66,48
753408,94176,4093.93,92.36,36.13,48
753408,94176,3819.74,93.99,133.42,48
753408,94176,3795.88,91.43,84.67,48
753408,94176,4278.63,93.89,18.39,48
753408,94176,2353.48,93.79,494.76,48
753408,94176,3786.29,93.60,126.21,48
753408,94176,4192.00,93.50,19.35,48
753792,94224,3690.72,91.17,93.06,48
753792,94224,4161.94,92.51,17.15,48
753792,94224,3091.45,91.12,242.10,48
753792,94224,4322.52,93.39,1.37,48
753792,94224,3825.11,93.68,122.91,48
753792,94224,4210.63,93.99,43.38,48
753792,94224,3947.71,94.05,95.56,48
753792,94224,4257.84,92.79,1.37,48
754176,94272,3975.93,91.94,47.53,48
754176,94272,4017.18,93.37,66.31,48
754176,94272,4252.91,93.08,0.00,48
754176,94272,4370.85,94.54,15.88,48
754176,94272,3967.83,93.76,93.35,48
754176,94272,4333.68,93.89,3.94,48
754176,94272,4347.52,93.89,1.34,48
754176,94272,4171.34,93.86,43.19,48
754560,94320,4163.21,92.18,0.81,48
754560,94320,4267.87,93.57,11.47,48
754560,94320,4254.37,92.68,2.26,48
754560,94320,4135.72,92.19,22.14,48
754560,94320,4294.31,93.38,11.39,48
754560,94320,3441.04,93.82,226.22,48
754560,94320,3988.16,93.63,72.01,48
754560,94320,4292.16,93.10,0.88,48
754944,94368,3956.93,94.02,101.51,48
754944,94368,3787.34,94.44,154.50,48
754944,94368,4127.51,92.58,6.50,48
754944,94368,4042.43,94.02,75.56,48
754944,94368,4384.70,94.34,2.20,48
754944,94368,4179.98,94.53,57.54,48
754944,94368,4126.40,93.99,59.06,48
754944,94368,3585.79,94.15,195.63,48
755328,94416,4264.05,92.69,0.00,48
755328,94416,3623.80,93.66,171.19,48
755328,94416,4335.02,93.80,0.74,48
755328,94416,4277.32,93.46,6.25,48
755328,94416,3887.86,93.35,98.74,48
755328,94416,3614.73,92.33,163.00,48
755328,94416,1269.00,92.54,738.14,48
755328,94416,4084.44,93.99,70.07,48
755712,94464,4375.92,94.18,0.81,48
755712,94464,3904.01,91.16,45.40,48
755712,94464,3896.43,91.74,58.31,48
755712,94464,3417.81,92.37,190.98,48
755712,94464,3994.33,92.72,63.17,48
755712,94464,4380.46,94.28,8.00,48
755712,94464,4063.19,93.79,68.57,48
755712,94464,4310.39,93.54,1.54,48
756096,94512,4026.31,93.73,81.50,48
756096,94512,4394.30,94.51,0.94,48
756096,94512,4147.57,94.18,62.86,48
756096,94512,4055.92,93.40,65.74,48
756096,94512,3926.33,92.33,65.23,48
756096,94512,4197.80,92.75,2.45,48
756096,94512,4355.24,94.17,3.02,48
756096,94512,3645.62,92.43,147.42,48
756480,94560,4322.42,94.17,12.31,48
756480,94560,3726.60,93.05,140.03,48
756480,94560,3697.58,93.39,150.08,48
756480,94560,3959.00,92.04,47.11,48
756480,94560,4141.55,94.27,54.09,48
756480,94560,4193.60,92.93,9.53,48
756480,94560,4218.27,92.63,10.54,48
756480,94560,4216.11,92.83,4.32,48
756864,94608,4285.67,94.39,28.47,48
756864,94608,4268.47,92.35,0.28,48
756864,94608,4296.99,93.89,8.16,48
756864,94608,3956.78,93.50,85.24,48
756864,94608,4043.44,92.89,47.72,48
756864,94608,3762.64,92.12,86.71,48
756864,94608,3309.87,92.14,222.84,48
756864,94608,3735.26,93.99,157.48,48
757248,94656,4136.61,94.48,62.97,48
757248,94656,4114.22,94.05,58.73,48
757248,94656,3154.25,92.74,273.73,48
757248,94656,4184.96,93.44,25.30,48
757248,94656,4213.05,94.08,45.92,48
757248,94656,3713.31,94.73,177.14,48
757248,94656,3946.33,92.86,70.06,48
757248,94656,1506.35,93.95,706.04,48
757632,94704,4206.62,92.80,2.37,48
757632,94704,4128.60,92.88,32.05,48
757632,94704,4183.72,92.82,20.04,48
757632,94704,3696.95,93.43,150.62,48
757632,94704,3407.38,94.28,240.71,48
757632,94704,1606.08,93.73,672.45,48
757632,94704,4336.72,94.25,7.98,48
757632,94704,4121.94,91.69,3.86,48
758016,94752,3577.70,92.14,149.58,48
758016,94752,4301.76,93.49,1.48,48
758016,94752,4159.60,93.78,41.70,48
758016,94752,3839.90,93.02,107.76,48
758016,94752,4201.49,94.34,50.82,48
758016,94752,4194.68,92.25,11.30,48
758016,94752,4321.06,93.79,4.05,48
758016,94752,4299.08,94.21,20.93,48
758400,94800,4319.01,93.94,10.02,48
758400,94800,3632.09,92.61,147.36,48
758400,94800,4126.45,91.83,16.78,48
758400,94800,3986.76,94.04,92.94,48
758400,94800,4019.45,92.40,48.09,48
758400,94800,2328.17,93.64,493.37,48
758400,94800,4349.17,94.48,13.39,48
758400,94800,1400.39,93.74,728.08,48
758784,94848,4307.93,93.18,1.21,48
758784,94848,4368.34,94.65,6.36,48
758784,94848,3547.24,92.22,161.63,48
758784,94848,4284.85,94.52,29.56,48
758784,94848,4037.91,94.34,86.64,48
758784,94848,4162.55,93.89,45.33,48
758784,94848,3572.03,91.08,150.39,48
758784,94848,4223.82,93.16,21.38,48
759168,94896,4269.07,93.07,8.27,48
759168,94896,4391.50,94.11,1.54,48
759168,94896,4352.07,94.27,5.98,48
759168,94896,4290.33,93.24,0.98,48
759168,94896,3980.25,92.78,57.00,48
759168,94896,3807.97,91.96,93.64,48
759168,94896,3365.36,91.88,199.43,48
759168,94896,3311.30,94.69,274.25,48
759552,94944,4118.07,92.01,27.39,48
759552,94944,3816.32,92.30,98.90,48
759552,94944,3957.73,93.14,83.91,48
759552,94944,4195.60,93.30,18.09,48
759552,94944,1412.33,93.01,704.12,48
759552,94944,2227.51,94.05,527.56,48
759552,94944,4168.01,92.43,19.76,48
759552,94944,4032.74,93.24,65.29,48
759936,94992,4340.33,93.70,0.88,48
759936,94992,2531.97,93.96,454.33,48
759936,94992,4062.14,93.13,64.42,48
759936,94992,4062.38,93.84,79.68,48
759936,94992,3912.47,93.02,83.51,48
759936,94992,4115.92,91.52,1.21,48
759936,94992,4103.38,91.56,11.60,48
759936,94992,3204.93,93.49,260.13,48
760320,95040,4074.81,92.15,29.04,48
760320,95040,4290.62,93.40,0.72,48
760320,95040,4112.68,92.92,32.86,48
760320,95040,4117.32,93.60,47.46,48
760320,95040,3379.79,93.85,237.22,48
760320,95040,4145.12,91.58,6.03,48
760320,95040,4133.49,93.76,53.03,48
760320,95040,4394.01,94.48,1.43,48
760704,95088,4024.17,93.10,63.94,48
760704,95088,4066.55,94.05,70.74,48
760704,95088,4103.11,92.41,25.38,48
760704,95088,3176.78,91.26,235.36,48
760704,95088,3981.60,92.08,53.39,48
760704,95088,1694.27,92.68,631.58,48
760704,95088,4142.89,92.05,10.94,48
760704,95088,4023.49,93.01,59.27,48
761088,95136,3222.54,92.19,240.14,48
761088,95136,4361.19,94.21,3.77,48
761088,95136,4371.33,94.24,2.71,48
761088,95136,4111.98,93.60,45.69,48
761088,95136,4156.12,91.97,13.79,48
761088,95136,3703.41,93.66,153.77,48
761088,95136,3164.15,92.15,245.54,48
761088,95136,1525.41,91.44,656.02,48
761472,95184,4084.01,91.66,17.24,48
761472,95184,4280.25,93.89,12.73,48
761472,95184,3884.28,93.47,103.58,48
761472,95184,4441.06,94.72,0.00,48
761472,95184,3927.96,92.19,70.71,48
761472,95184,3739.60,92.39,113.16,48
761472,95184,4374.10,94.01,0.84,48
761472,95184,3807.26,91.93,97.00,48
761856,95232,4173.47,92.03,0.72,48
761856,95232,3365.22,94.51,256.90,48
761856,95232,3452.83,92.05,183.57,48
761856,95232,4265.12,92.85,6.22,48
761856,95232,4294.95,93.37,0.68,48
761856,95232,4110.27,91.36,6.40,48
761856,95232,4020.83,94.23,81.47,48
761856,95232,3419.71,94.79,254.55,48
762240,95280,4010.82,94.10,91.61,48
762240,95280,3613.18,92.99,167.27,48
762240,95280,4267.49,94.08,26.11,48
762240,95280,3613.71,93.73,181.51,48
762240,95280,3860.89,93.98,129.42,48
762240,95280,3752.12,93.20,134.90,48
762240,95280,4164.88,92.15,8.96,48
762240,95280,4389.91,94.20,1.24,48
762624,95328,3960.37,93.41,81.68,48
762624,95328,4275.16,93.79,16.51,48
762624,95328,4206.42,92.04,6.47,48
762624,95328,3814.39,92.19,89.20,48
762624,95328,3688.40,94.35,170.18,48
762624,95328,3936.12,93.04,79.09,48
762624,95328,4025.33,94.14,83.77,48
762624,95328,4019.01,92.05,37.69,48
763008,95376,4149.32,92.29,18.11,48
763008,95376,3599.51,93.83,174.51,48
763008,95376,4131.49,92.36,22.29,48
763008,95376,4266.46,93.96,18.07,48
763008,95376,4310.03,93.70,1.31,48
763008,95376,4289.72,93.82,19.35,48
763008,95376,4304.51,93.92,8.95,48
763008,95376,3952.35,91.97,61.75,48
763392,95424,4105.32,91.58,7.68,48
763392,95424,4139.32,92.76,23.12,48
763392,95424,4165.22,92.64,22.02,48
763392,95424,4156.66,91.84,0.88,48
763392,95424,4200.01,93.38,17.37,48
763392,95424,4006.43,93.54,72.59,48
763392,95424,4227.96,93.27,21.66,48
763392,95424,4197.52,92.37,0.00,48
763776,95472,3862.20,91.80,82.12,48
763776,95472,1357.11,92.07,707.55,48
763776,95472,3579.03,93.38,179.64,48
763776,95472,4331.85,93.92,7.26,48
763776,95472,3191.14,92.72,254.30,48
763776,95472,4277.90,93.43,1.01,48
763776,95472,3678.23,93.21,154.48,48
763776,95472,3148.83,92.57,271.20,48
764160,95520,4204.04,92.43,0.25,48
764160,95520,4317.05,93.89,9.95,48
764160,95520,4296.65,94.05,15.19,48
764160,95520,2471.80,91.72,419.99,48
764160,95520,3397.72,93.20,221.88,48
764160,95520,4247.92,92.83,2.28,48
764160,95520,3301.37,94.28,264.70,48
764160,95520,3678.81,94.12,171.44,48
764544,95568,3794.64,92.19,88.50,48
764544,95568,1447.47,94.12,726.37,48
764544,95568,4116.05,92.12,16.52,48
764544,95568,4246.93,92.72,1.28,48
764544,95568,4044.43,93.66,77.77,48
764544,95568,4236.47,92.92,1.11,48
764544,95568,4254.23,92.46,0.83,48
764544,95568,4076.65,91.33,15.95,48
764928,95616,3707.54,91.97,123.54,48
764928,95616,4099.02,93.65,55.19,48
764928,95616,4314.91,94.12,8.69,48
764928,95616,4085.17,93.45,45.48,48
764928,95616,4029.41,93.76,80.31,48
764928,95616,4024.07,93.40,63.69,48
764928,95616,4413.67,94.59,0.39,48
764928,95616,3949.22,91.22,34.88,48
765312,95664,3747.43,92.83,129.69,48
765312,95664,4389.39,94.22,0.26,48
765312,95664,4326.47,93.85,4.59,48
765312,95664,4068.32,92.30,34.29,48
765312,95664,4229.79,92.63,5.96,48
765312,95664,3963.35,92.72,65.83,48
765312,95664,4237.77,93.07,4.69,48
765312,95664,4007.26,91.30,29.15,48
765696,95712,4322.82,93.14,0.72,48
765696,95712,4286.63,93.31,2.75,48
765696,95712,4311.26,93.80,13.08,48
765696,95712,4234.79,92.54,1.37,48
765696,95712,3454.58,92.36,176.15,48
765696,95712,4307.90,94.35,20.07,48
765696,95712,1502.87,93.80,698.76,48
765696,95712,4335.50,93.93,2.25,48
766080,95760,4365.84,93.99,1.99,48
766080,95760,3876.03,91.68,61.81,48
766080,95760,4342.90,94.12,0.68,48
766080,95760,3963.48,91.48,49.79,48
766080,95760,3939.03,92.19,54.51,48
766080,95760,4214.39,92.65,0.88,48
766080,95760,4216.62,93.95,36.41,48
766080,95760,3943.45,92.89,73.76,48
766464,95808,4058.83,93.85,67.99,48
766464,95808,4194.13,92.54,16.71,48
766464,95808,3453.82,92.75,199.03,48
766464,95808,4000.89,92.84,73.00,48
766464,95808,3969.41,91.19,39.30,48
766464,95808,3893.65,90.38,33.75,48
766464,95808,3665.74,92.49,147.58,48
766464,95808,4284.57,93.42,5.13,48
766848,95856,4182.63,94.60,55.51,48
766848,95856,3890.74,93.85,105.94,48
766848,95856,3260.98,92.34,237.18,48
766848,95856,3960.13,92.21,67.09,48
766848,95856,4230.00,94.28,30.93,48
766848,95856,4146.27,91.78,0.78,48
766848,95856,4184.11,94.08,47.32,48
766848,95856,3612.79,92.11,146.18,48
767232,95904,4379.16,93.99,1.29,48
767232,95904,4002.14,92.75,55.08,48
767232,95904,3724.62,93.82,152.84,48
767232,95904,3342.91,94.35,255.89,48
767232,95904,4277.52,94.70,38.80,48
767232,95904,4049.04,92.86,47.54,48
767232,95904,4156.58,94.54,59.54,48
767232,95904,4244.04,93.24,16.74,48
767616,95952,3870.16,93.42,102.31,48
767616,95952,4172.11,91.86,1.43,48
767616,95952,3779.44,93.73,124.02,48
767616,95952,4070.04,91.97,37.69,48
767616,95952,4113.55,94.34,62.75,48
767616,95952,4036.23,92.26,37.46,48
767616,95952,4155.41,93.56,40.49,48
767616,95952,4257.27,92.86,0.68,48
768000,96000,1703.96,93.82,658.58,48
768000,96000,4171.21,93.00,16.46,48
768000,96000,4036.66,94.22,80.78,48
768000,96000,4101.50,92.82,29.70,48
768000,96000,3531.35,92.68,163.44,48
768000,96000,3299.57,92.04,227.67,48
768000,96000,3244.04,92.14,236.16,48
768000,96000,4337.76,93.70,0.74,48
768384,96048,3447.44,94.02,233.09,48
768384,96048,4428.09,94.37,0.43,48
768384,96048,4305.80,94.34,11.82,48
768384,96048,3457.66,93.38,200.51,48
768384,96048,4371.70,94.30,0.72,48
768384,96048,3670.37,94.04,169.12,48
768384,96048,4217.69,92.11,0.47,48
768384,96048,1262.33,94.29,771.86,48
768768,96096,3213.07,94.39,286.51,48
768768,96096,4192.85,93.26,28.85,48
768768,96096,4122.86,91.77,9.15,48
768768,96096,3890.07,92.32,91.94,48
768768,96096,4366.98,94.36,7.48,48
768768,96096,3868.87,91.58,63.92,48
768768,96096,4190.73,93.66,18.63,48
768768,96096,4219.92,94.08,38.68,48
769152,96144,3990.60,93.89,94.53,48
769152,96144,4241.01,92.63,3.14,48
769152,96144,4331.59,93.89,6.59,48
769152,96144,4096.70,92.54,35.20,48
769152,96144,3970.55,92.54,60.68,48
769152,96144,4236.01,94.55,40.05,48
769152,96144,4259.81,94.08,27.79,48
769152,96144,4251.03,93.86,20.28,48
769536,96192,4144.60,91.86,3.63,48
769536,96192,3876.29,94.30,113.48,48
769536,96192,3626.57,92.08,130.63,48
769536,96192,4352.13,94.00,0.32,48
769536,96192,3837.75,93.67,123.60,48
769536,96192,1573.29,92.72,660.89,48
769536,96192,3487.27,94.31,229.75,48
769536,96192,3873.58,92.63,103.09,48
769920,96240,4340.82,93.96,0.83,48
769920,96240,3127.65,92.89,278.08,48
769920,96240,4158.83,92.86,26.23,48
769920,96240,4113.13,91.98,16.29,48
769920,96240,4326.39,93.76,4.57,48
769920,96240,2562.24,93.11,420.99,48
769920,96240,3651.24,93.54,159.08,48
769920,96240,3667.80,94.45,182.22,48
770304,96288,3313.24,94.65,268.03,48
770304,96288,4148.18,94.06,57.84,48
770304,96288,4233.09,93.93,27.77,48
770304,96288,4060.22,94.02,77.27,48
770304,96288,4303.93,93.89,11.17,48
770304,96288,4091.29,93.53,53.59,48
770304,96288,4106.94,92.39,34.49,48
770304,96288,4255.24,92.61,0.71,48
770688,96336,3684.02,94.05,162.47,48
770688,96336,3150.84,92.56,273.18,48
770688,96336,3526.98,92.11,157.84,48
770688,96336,2144.91,92.35,504.18,48
770688,96336,3617.82,94.30,184.46,48
770688,96336,3085.08,91.83,262.17,48
770688,96336,4170.65,92.57,9.33,48
770688,96336,3194.03,92.08,238.74,48
771072,96384,3709.77,91.90,112.13,48
771072,96384,4007.76,93.29,61.46,48
771072,96384,4261.06,92.96,0.57,48
771072,96384,4199.57,92.33,4.98,48
771072,96384,3547.83,90.36,127.99,48
771072,96384,4112.94,93.67,45.38,48
771072,96384,4058.10,92.42,28.25,48
771072,96384,4139.52,90.74,8.53,48
771456,96432,3343.17,93.94,248.32,48
771456,96432,4254.68,94.12,25.11,48
771456,96432,4307.63,93.53,1.54,48
771456,96432,3249.94,92.19,238.10,48
771456,96432,4297.50,93.73,9.95,48
771456,96432,4023.69,93.82,84.89,48
771456,96432,4238.69,92.49,1.03,48
771456,96432,1336.82,93.71,734.98,48
771840,96480,3491.20,92.75,183.97,48
771840,96480,2309.98,92.57,476.78,48
771840,96480,4244.23,94.55,35.66,48
771840,96480,4282.68,94.07,24.38,48
771840,96480,3285.47,92.16,225.66,48
771840,96480,4308.40,93.53,5.07,48
771840,96480,4301.55,94.20,23.39,48
771840,96480,4215.60,92.68,1.54,48
772224,96528,3214.33,92.01,240.76,48
772224,96528,4080.25,93.53,55.71,48
772224,96528,4165.17,91.90,6.08,48
772224,96528,3788.08,92.46,108.07,48
772224,96528,3688.07,93.63,157.28,48
772224,96528,3997.04,94.15,92.19,48
772224,96528,3571.05,93.95,192.44,48
772224,96528,4249.26,93.37,0.43,48
772608,96576,4172.41,94.49,54.12,48
772608,96576,4224.36,92.93,0.26,48
772608,96576,3833.03,92.89,106.07,48
772608,96576,3882.13,91.65,78.95,48
772608,96576,3580.93,93.66,177.41,48
772608,96576,4117.90,93.91,50.98,48
772608,96576,4253.26,94.52,30.74,48
772608,96576,4120.13,91.70,6.03,48
772992,96624,3829.35,92.65,102.63,48
772992,96624,3569.89,94.51,202.20,48
772992,96624,4346.74,94.05,0.57,48
772992,96624,4187.39,93.69,31.41,48
772992,96624,4023.51,93.20,72.54,48
772992,96624,3563.90,92.07,167.03,48
772992,96624,3561.37,92.01,154.61,48
772992,96624,4114.65,92.91,24.99,48
773376,96672,3528.57,91.27,144.91,48
773376,96672,3700.93,92.31,138.16,48
773376,96672,4225.51,92.50,1.28,48
773376,96672,4321.86,93.59,1.21,48
773376,96672,4273.86,93.08,2.71,48
773376,96672,3936.54,92.94,80.02,48
773376,96672,4278.71,92.82,0.85,48
773376,96672,4179.02,92.29,0.95,48
773760,96720,4141.05,93.53,45.23,48
773760,96720,4002.11,91.69,18.87,48
773760,96720,4230.31,94.02,42.76,48
773760,96720,4208.99,94.49,54.82,48
773760,96720,4062.72,92.65,42.28,48
773760,96720,4260.85,92.20,0.58,48
773760,96720,3291.21,93.98,253.88,48
773760,96720,4285.43,93.57,8.68,48
774144,96768,3478.34,93.89,202.17,48
774144,96768,3806.40,92.43,90.77,48
774144,96768,3316.41,92.19,222.31,48
774144,96768,3888.27,93.03,91.61,48
774144,96768,4405.69,94.66,1.43,48
774144,96768,4249.72,92.75,0.39,48
774144,96768,4111.87,94.79,76.82,48
774144,96768,4382.54,94.18,0.74,48
774528,96816,3604.29,93.33,168.42,48
774528,96816,3919.27,93.98,109.80,48
774528,96816,4310.73,93.80,11.57,48
774528,96816,4221.35,92.33,0.43,48
774528,96816,4054.79,94.29,73.81,48
774528,96816,4253.38,92.53,2.87,48
774528,96816,4133.16,92.74,41.67,48
774528,96816,4230.21,93.27,17.26,48
774912,96864,4222.91,92.61,0.68,48
774912,96864,3237.05,93.13,258.78,48
774912,96864,4194.62,93.85,39.18,48
774912,96864,4166.54,92.71,22.84,48
774912,96864,4243.98,92.75,0.57,48
774912,96864,3736.45,91.90,111.62,48
774912,96864,4177.95,92.89,13.18,48
774912,96864,4281.09,93.91,16.69,48
775296,96912,3739.71,92.10,108.97,48
775296,96912,3319.69,92.43,233.58,48
775296,96912,4383.74,94.43,4.77,48
775296,96912,3809.83,93.21,111.18,48
775296,96912,3827.16,93.46,118.07,48
775296,96912,4258.52,92.61,0.69,48
775296,96912,3435.66,91.66,172.74,48
775296,96912,3882.66,92.53,84.64,48
775680,96960,4230.72,93.54,14.06,48
775680,96960,4162.53,92.22,17.64,48
775680,96960,4176.64,93.31,22.27,48
775680,96960,3898.75,91.87,65.70,48
775680,96960,4190.99,92.25,0.02,48
775680,96960,3843.39,92.78,102.28,48
775680,96960,3452.45,92.76,201.47,48
775680,96960,4126.35,94.07,51.03,48
776064,97008,3818.82,92.61,105.09,48
776064,97008,4335.80,94.07,8.25,48
776064,97008,3283.10,92.97,245.72,48
776064,97008,4370.23,94.12,1.24,48
776064,97008,4018.91,94.53,92.21,48
776064,97008,4293.60,93.04,1.24,48
776064,97008,4250.62,93.99,28.33,48
776064,97008,4180.45,94.18,47.88,48
776448,97056,3934.85,92.65,66.84,48
776448,97056,2378.15,93.62,483.05,48
776448,97056,4180.54,94.22,49.56,48
776448,97056,4373.59,94.41,8.38,48
776448,97056,4224.22,92.29,1.38,48
776448,97056,4137.68,92.28,21.95,48
776448,97056,4314.20,93.41,0.00,48
776448,97056,3241.13,92.21,236.07,48
776832,97104,4059.92,92.60,33.45,48
776832,97104,3874.18,94.12,110.84,48
776832,97104,4316.48,93.33,1.24,48
776832,97104,4321.68,94.07,0.43,48
776832,97104,3226.35,93.52,259.14,48
776832,97104,4047.89,94.20,84.17,48
776832,97104,4178.95,92.75,10.69,48
776832,97104,3508.39,92.22,165.32,48
777216,97152,4198.25,93.28,11.27,48
777216,97152,4003.87,92.16,56.53,48
777216,97152,4000.43,93.21,66.66,48
777216,97152,4314.62,93.92,7.12,48
777216,97152,4355.39,93.82,5.91,48
777216,97152,4073.14,92.22,41.59,48
777216,97152,4084.09,94.02,58.45,48
777216,97152,4293.53,93.25,4.83,48
777600,97200,3558.26,91.58,141.66,48
777600,97200,4272.83,93.53,7.20,48
777600,97200,1413.62,93.79,717.95,48
777600,97200,3930.43,92.61,65.58,48
777600,97200,4189.56,92.54,2.64,48
777600,97200,4303.88,94.31,23.37,48
777600,97200,4027.22,92.86,45.13,48
777600,97200,3973.42,92.42,63.62,48
777984,97248,4258.07,93.06,0.19,48
777984,97248,4034.60,92.55,48.48,48
777984,97248,4037.77,93.66,62.40,48
777984,97248,3998.40,92.51,53.76,48
777984,97248,3974.06,93.99,92.86,48
777984,97248,4243.59,92.37,0.23,48
777984,97248,2229.37,93.35,509.10,48
777984,97248,4274.01,94.17,27.77,48
778368,97296,4282.37,93.46,6.66,48
778368,97296,3491.10,92.26,181.44,48
778368,97296,3801.36,92.16,94.06,48
778368,97296,4042.22,92.54,42.32,48
778368,97296,4341.87,94.39,11.04,48
778368,97296,3214.18,92.71,255.12,48
778368,97296,3676.79,91.79,118.18,48
778368,97296,4151.13,91.90,1.72,48
778752,97344,4163.26,92.47,14.42,48
778752,97344,3899.33,91.77,59.94,48
778752,97344,4038.20,93.32,56.62,48
778752,97344,4172.26,91.51,0.78,48
778752,97344,4217.89,94.15,27.87,48
778752,97344,4120.37,92.54,35.17,48
778752,97344,3195.63,95.16,308.91,48
778752,97344,4184.45,94.21,46.65,48
779136,97392,3189.78,93.20,273.56,48
779136,97392,3948.66,92.23,69.48,48
779136,97392,3684.50,92.15,141.65,48
779136,97392,1259.33,92.68,742.35,48
779136,97392,4068.20,92.03,31.82,48
779136,97392,4173.48,94.45,53.80,48
779136,97392,1379.05,93.99,738.74,48
779136,97392,4286.44,93.53,3.39,48
779520,97440,4349.17,94.57,15.32,48
779520,97440,3846.67,94.02,126.38,48
779520,97440,3750.00,92.69,107.33,48
779520,97440,4176.55,92.01,2.52,48
779520,97440,3989.66,92.91,65.07,48
779520,97440,4416.56,94.63,0.71,48
779520,97440,3872.16,93.86,113.05,48
779520,97440,4137.17,93.53,32.47,48
779904,97488,3613.74,93.46,167.61,48
779904,97488,4374.61,94.30,1.21,48
779904,97488,4338.30,94.25,11.73,48
779904,97488,4175.74,91.88,3.29,48
779904,97488,4330.29,93.27,0.01,48
779904,97488,4368.44,93.73,0.32,48
779904,97488,4288.16,93.99,12.89,48
779904,97488,4126.43,91.74,8.44,48
780288,97536,3842.64,93.15,94.93,48
780288,97536,4289.52,94.14,17.34,48
780288,97536,3882.75,92.37,85.41,48
780288,97536,3926.89,93.92,100.71,48
780288,97536,2106.92,93.21,533.97,48
780288,97536,4378.35,94.21,1.38,48
780288,97536,3721.31,93.76,152.88,48
780288,97536,4200.37,92.48,0.00,48
780672,97584,4158.37,93.14,17.44,48
780672,97584,3960.08,93.76,94.53,48
780672,97584,4194.43,93.88,36.26,48
780672,97584,4089.24,92.32,31.19,48
780672,97584,4038.75,93.24,64.22,48
780672,97584,4286.31,93.73,11.50,48
780672,97584,4389.74,94.98,12.33,48
780672,97584,4290.52,93.92,28.23,48
781056,97632,4008.55,92.00,37.27,48
781056,97632,4053.13,94.41,82.03,48
781056,97632,4163.80,92.63,27.02,48
781056,97632,3844.73,91.64,72.22,48
781056,97632,4196.72,92.53,1.77,48
781056,97632,3549.13,93.60,187.33,48
781056,97632,4249.49,92.79,8.75,48
781056,97632,4119.22,91.97,18.41,48
781440,97680,3839.46,92.64,103.05,48
781440,97680,3766.78,92.37,120.19,48
781440,97680,3817.89,93.85,143.98,48
781440,97680,3252.08,92.26,236.89,48
781440,97680,4072.39,92.12,13.32,48
781440,97680,3858.44,92.43,95.58,48
781440,97680,4134.25,93.27,37.64,48
781440,97680,3317.79,93.57,242.14,48
781824,97728,3909.14,93.78,105.31,48
781824,97728,3930.24,92.98,80.37,48
781824,97728,4368.96,94.67,10.66,48
781824,97728,4041.74,93.70,76.62,48
781824,97728,3674.11,94.47,186.08,48
781824,97728,4223.79,92.95,21.66,48
781824,97728,3605.05,91.91,141.05,48
781824,97728,2321.15,92.46,463.35,48
782208,97776,3547.14,94.52,212.33,48
782208,97776,4311.32,93.82,4.67,48
782208,97776,4322.06,93.73,1.66,48
782208,97776,4134.15,91.73,6.65,48
782208,97776,4389.69,94.46,1.66,48
782208,97776,4219.92,92.36,2.25,48
782208,97776,4223.25,93.97,31.76,48
782208,97776,3364.87,92.75,209.15,48
782592,97824,1273.59,93.53,746.46,48
782592,97824,1454.69,91.12,650.52,48
782592,97824,3719.72,93.09,147.22,48
782592,97824,3905.25,93.73,97.49,48
782592,97824,3986.49,94.12,99.09,48
782592,97824,4123.70,92.37,8.19,48
782592,97824,4346.40,94.08,2.26,48
782592,97824,3588.35,90.98,137.52,48
782976,97872,2270.79,94.31,522.18,48
782976,97872,4243.40,93.40,3.97,48
782976,97872,4148.65,94.40,48.21,48
782976,97872,4379.55,94.45,4.83,48
782976,97872,4293.71,93.03,0.25,48
782976,97872,3855.14,93.28,107.41,48
782976,97872,3981.92,91.97,52.21,48
782976,97872,4407.12,94.79,1.33,48
783360,97920,4194.39,92.32,1.56,48
783360,97920,4224.86,92.68,0.68,48
783360,97920,3575.18,93.41,184.36,48
783360,97920,3344.98,93.94,247.88,48
783360,97920,4268.63,94.63,38.39,48
783360,97920,4348.69,94.13,3.49,48
783360,97920,3106.68,92.43,271.76,48
783360,97920,4076.30,91.52,7.72,48
783744,97968,4195.83,92.86,19.04,48
783744,97968,4243.47,92.82,8.74,48
783744,97968,4161.79,92.72,14.23,48
783744,97968,3983.84,94.14,96.35,48
783744,97968,3828.54,92.94,87.14,48
783744,97968,4168.15,93.00,29.08,48
783744,97968,3677.25,94.38,173.36,48
783744,97968,4380.17,94.25,1.38,48
784128,98016,4054.52,92.36,39.77,48
784128,98016,4194.70,94.36,53.08,48
784128,98016,3521.25,92.18,178.67,48
784128,98016,3432.95,94.34,240.51,48
784128,98016,3662.62,94.22,178.82,48
784128,98016,4401.37,94.51,0.69,48
784128,98016,3945.68,93.01,71.56,48
784128,98016,3559.47,94.44,205.65,48
784512,98064,4006.23,92.61,48.15,48
784512,98064,3412.58,94.33,235.72,48
784512,98064,4255.39,92.85,0.43,48
784512,98064,3979.07,92.57,71.14,48
784512,98064,3353.63,93.66,237.56,48
784512,98064,4357.35,94.60,13.92,48
784512,98064,3986.43,93.98,79.71,48
784512,98064,4280.91,93.31,6.07,48
784896,98112,3536.48,93.73,192.01,48
784896,98112,3353.49,93.85,241.44,48
784896,98112,3862.62,93.37,111.69,48
784896,98112,4246.82,92.75,6.05,48
784896,98112,4289.30,94.18,22.32,48
784896,98112,3786.14,93.76,131.42,48
784896,98112,4097.52,91.75,23.58,48
784896,98112,3836.70,92.88,90.77,48
785280,98160,4303.55,93.68,1.99,48
785280,98160,3463.26,92.74,197.19,48
785280,98160,4098.98,94.18,75.03,48
785280,98160,4045.69,92.31,42.73,48
785280,98160,4317.04,95.09,36.02,48
785280,98160,4269.62,92.88,0.39,48
785280,98160,4063.89,92.46,42.65,48
785280,98160,4301.13,93.18,0.28,48
785664,98208,4107.50,91.77,9.90,48
785664,98208,2187.81,92.57,504.96,48
785664,98208,4227.26,92.47,0.81,48
785664,98208,3793.13,91.23,70.58,48
785664,98208,4149.18,93.53,38.75,48
785664,98208,4112.99,91.88,1.54,48
785664,98208,3778.03,91.73,88.88,48
785664,98208,3842.16,93.76,122.55,48
786048,98256,3450.94,93.98,227.74,48
786048,98256,3992.57,93.24,67.24,48
786048,98256,4203.61,92.47,6.19,48
786048,98256,4161.34,92.50,6.89,48
786048,98256,4147.18,92.97,26.41,48
786048,98256,4243.75,93.50,19.72,48
786048,98256,4186.22,93.28,28.81,48
786048,98256,3651.84,94.33,182.53,48
786432,98304,4228.02,94.22,30.77,48
786432,98304,4329.85,94.54,14.27,48
786432,98304,4081.45,91.69,20.68,48
786432,98304,4342.52,94.34,6.00,48
786432,98304,4135.32,92.40,24.85,48
786432,98304,4278.35,94.65,31.02,48
786432,98304,2495.69,94.25,467.17,48
786432,98304,4220.86,92.68,0.72,48
786816,98352,3802.12,91.61,84.83,48
786816,98352,3685.98,92.36,128.81,48
786816,98352,3914.48,92.92,88.95,48
786816,98352,3963.66,92.77,78.23,48
786816,98352,4333.26,94.15,12.48,48
786816,98352,2180.52,92.42,507.01,48
786816,98352,3571.44,91.75,166.50,48
786816,98352,4102.39,91.50,10.80,48
787200,98400,4116.32,91.47,17.44,48
787200,98400,4008.22,91.29,45.47,48
787200,98400,4159.82,94.00,40.80,48
787200,98400,4230.96,92.82,0.26,48
787200,98400,3458.47,93.37,210.41,48
787200,98400,4399.16,94.57,4.97,48
787200,98400,3491.90,94.15,222.82,48
787200,98400,3803.21,94.05,145.61,48
787584,98448,3544.29,94.14,205.35,48
787584,98448,3912.17,91.47,61.01,48
787584,98448,4189.21,93.27,27.92,48
787584,98448,3668.35,90.86,90.79,48
787584,98448,4267.17,92.00,1.00,48
787584,98448,4327.15,94.05,7.57,48
787584,98448,3707.50,92.95,136.77,48
787584,98448,3226.64,91.52,223.17,48
787968,98496,4118.73,91.29,5.99,48
787968,98496,4208.26,92.64,4.11,48
787968,98496,4129.74,92.61,33.27,48
787968,98496,3793.75,91.04,83.18,48
787968,98496,4253.76,92.68,1.01,48
787968,98496,4328.71,93.92,0.28,48
787968,98496,3522.45,94.10,216.56,48
787968,98496,4179.20,92.51,2.39,48
788352,98544,3642.33,93.86,184.39,48
788352,98544,4309.20,93.42,0.57,48
788352,98544,4318.55,93.81,4.97,48
788352,98544,4270.34,94.41,33.27,48
788352,98544,4182.56,92.60,11.75,48
788352,98544,3289.08,92.36,234.90,48
788352,98544,4212.97,93.10,23.27,48
788352,98544,3977.85,92.25,50.97,48
788736,98592,3556.09,91.75,152.15,48
788736,98592,3858.47,91.38,72.27,48
788736,98592,3958.04,92.35,65.95,48
788736,98592,4313.29,92.81,0.57,48
788736,98592,3669.73,91.88,120.73,48
788736,98592,3256.05,92.68,241.30,48
788736,98592,3911.42,92.16,63.14,48
788736,98592,3848.24,92.35,84.44,48
789120,98640,3953.45,91.27,52.87,48
789120,98640,4139.87,93.71,49.08,48
789120,98640,4255.35,92.95,8.20,48
789120,98640,4276.39,92.96,1.62,48
789120,98640,4159.30,94.21,47.40,48
789120,98640,1587.27,90.76,615.12,48
789120,98640,4254.07,93.04,1.54,48
789120,98640,3393.66,93.54,236.79,48
789504,98688,4131.96,94.59,69.48,48
789504,98688,4249.34,92.57,5.58,48
789504,98688,3663.95,94.12,171.28,48
789504,98688,4001.54,93.93,83.66,48
789504,98688,4258.87,93.14,0.26,48
789504,98688,4243.77,93.31,3.52,48
789504,98688,3987.64,92.89,67.53,48
789504,98688,4234.33,92.95,10.84,48
789888,98736,4250.46,93.50,12.14,48
789888,98736,4209.72,92.21,1.67,48
789888,98736,3412.49,93.18,213.96,48
789888,98736,4142.78,93.89,48.39,48
789888,98736,4112.83,91.38,0.60,48
789888,98736,4330.31,93.56,0.26,48
789888,98736,4212.82,92.04,4.76,48
789888,98736,4117.74,91.80,5.58,48
790272,98784,3877.90,91.65,78.76,48
790272,98784,4167.85,92.43,1.60,48
790272,98784,3596.74,93.51,178.32,48
790272,98784,2140.14,94.18,550.81,48
790272,98784,4077.96,92.92,49.31,48
790272,98784,3614.71,93.94,179.44,48
790272,98784,4202.26,94.41,50.48,48
790272,98784,3505.98,91.87,161.87,48
790656,98832,3754.60,93.44,139.26,48
790656,98832,3706.40,93.77,156.50,48
790656,98832,3307.04,93.10,235.78,48
790656,98832,3731.13,91.90,115.45,48
790656,98832,3988.66,93.60,89.11,48
790656,98832,3559.99,92.82,170.82,48
790656,98832,3872.45,92.22,92.16,48
790656,98832,4199.43,92.39,6.34,48
791040,98880,4175.49,93.15,25.02,48
791040,98880,4244.20,92.42,0.57,48
791040,98880,3820.22,92.22,84.01,48
791040,98880,3985.49,93.79,92.46,48
791040,98880,4120.16,91.83,29.52,48
791040,98880,3846.97,92.56,96.46,48
791040,98880,3946.26,90.45,37.89,48
791040,98880,4036.04,92.29,45.68,48
791424,98928,4240.99,94.01,29.90,48
791424,98928,3185.97,92.57,253.36,48
791424,98928,4294.66,93.24,1.38,48
791424,98928,3473.30,93.94,200.84,48
791424,98928,3106.92,92.49,270.50,48
791424,98928,3968.98,92.54,66.92,48
791424,98928,4045.91,93.68,79.40,48
791424,98928,4290.78,94.12,23.55,48
791808,98976,4100.98,93.11,40.17,48
791808,98976,4382.65,94.25,0.10,48
791808,98976,3680.12,92.99,143.12,48
791808,98976,3926.85,91.09,51.78,48
791808,98976,3599.57,91.86,147.32,48
791808,98976,4277.11,93.77,12.35,48
791808,98976,4256.98,93.18,0.47,48
791808,98976,4283.27,92.67,0.88,48
792192,99024,4035.42,91.64,29.60,48
792192,99024,3616.30,93.34,176.20,48
792192,99024,4299.18,93.57,10.50,48
792192,99024,3622.86,91.97,147.14,48
792192,99024,4190.29,93.45,24.86,48
792192,99024,4110.20,93.66,57.57,48
792192,99024,2336.61,93.70,493.16,48
792192,99024,4220.29,92.43,2.34,48
792576,99072,4237.90,93.69,29.62,48
792576,99072,3459.46,91.94,181.93,48
792576,99072,3729.17,93.85,156.72,48
792576,99072,3967.15,93.60,81.52,48
792576,99072,4099.85,93.02,51.04,48
792576,99072,2203.28,90.69,474.44,48
792576,99072,4259.51,93.78,18.20,48
792576,99072,4092.93,92.49,46.34,48
792960,99120,4258.52,93.00,0.48,48
792960,99120,3671.39,91.40,129.43,48
792960,99120,3974.85,93.57,89.23,48
792960,99120,3540.81,92.50,168.12,48
792960,99120,2151.28,91.60,488.27,48
792960,99120,4039.95,91.37,23.20,48
792960,99120,3885.79,91.51,75.19,48
792960,99120,4050.96,92.31,47.60,48
793344,99168,2437.98,94.09,471.86,48
793344,99168,4129.83,93.73,44.09,48
793344,99168,4192.93,93.92,37.28,48
793344,99168,3930.39,92.98,87.15,48
793344,99168,4210.67,92.32,4.25,48
793344,99168,3986.15,92.81,75.56,48
793344,99168,3897.50,92.15,78.91,48
793344,99168,4045.98,93.28,64.43,48
793728,99216,4263.34,94.12,20.79,48
793728,99216,4161.16,91.79,1.37,48
793728,99216,3784.07,92.68,108.09,48
793728,99216,4036.88,92.99,52.91,48
793728,99216,3533.89,94.59,219.38,48
793728,99216,4155.07,91.31,0.10,48
793728,99216,3936.62,91.32,66.99,48
793728,99216,4133.07,91.30,0.10,48
794112,99264,4165.38,94.20,45.87,48
794112,99264,4315.14,93.25,0.90,48
794112,99264,4296.15,94.35,24.67,48
794112,99264,4084.45,91.38,12.35,48
794112,99264,3939.75,91.75,62.25,48
794112,99264,4284.46,92.88,3.99,48
794112,99264,4233.72,94.09,29.61,48
794112,99264,3478.76,93.51,198.15,48
794496,99312,4010.37,94.38,93.86,48
794496,99312,4065.90,93.54,57.86,48
794496,99312,4296.08,93.58,12.78,48
794496,99312,3266.90,94.64,278.90,48
794496,99312,4255.39,93.80,15.92,48
794496,99312,4053.13,91.58,21.86,48
794496,99312,4287.49,93.63,15.80,48
794496,99312,3897.92,92.67,83.82,48
794880,99360,4147.23,91.67,0.60,48
794880,99360,4198.52,93.57,32.82,48
794880,99360,4295.24,93.88,9.61,48
794880,99360,4229.17,92.12,1.37,48
794880,99360,3375.77,92.47,203.88,48
794880,99360,3980.59,92.53,71.18,48
794880,99360,4045.69,93.68,70.33,48
794880,99360,3934.40,92.30,65.11,48
795264,99408,4369.84,93.92,0.83,48
795264,99408,3945.06,94.21,105.86,48
795264,99408,4158.59,92.41,1.43,48
795264,99408,4417.75,94.48,1.46,48
795264,99408,3701.64,93.14,153.55,48
795264,99408,4127.60,92.39,18.60,48
795264,99408,2267.34,93.34,499.09,48
795264,99408,4267.60,93.34,9.29,48
795648,99456,4021.88,94.09,77.60,48
795648,99456,4179.32,91.83,0.32,48
795648,99456,3983.40,92.53,68.69,48
795648,99456,4046.44,92.39,46.56,48
795648,99456,4008.22,92.53,53.30,48
795648,99456,4062.06,94.25,67.98,48
795648,99456,3974.56,93.98,96.84,48
795648,99456,3965.90,91.48,43.30,48
796032,99504,3928.83,93.07,96.58,48
796032,99504,4138.94,92.50,20.03,48
796032,99504,3986.45,91.80,41.99,48
796032,99504,4120.69,91.90,17.17,48
796032,99504,4200.01,91.94,0.00,48
796032,99504,3980.21,91.83,47.75,48
796032,99504,4353.43,93.55,0.71,48
796032,99504,4178.80,93.12,29.22,48
796416,99552,3850.04,93.84,124.58,48
796416,99552,4158.73,92.28,4.90,48
796416,99552,3599.31,93.82,183.89,48
796416,99552,4344.54,93.82,4.12,48
796416,99552,3906.76,92.63,72.97,48
796416,99552,3574.60,92.11,163.21,48
796416,99552,4239.60,92.32,2.59,48
796416,99552,3752.57,92.78,127.10,48
796800,99600,3965.18,93.80,101.26,48
796800,99600,4032.50,92.23,51.15,48
796800,99600,4202.11,93.11,16.64,48
796800,99600,4043.56,93.57,76.04,48
796800,99600,4196.78,93.53,23.39,48
796800,99600,3450.92,91.38,158.60,48
796800,99600,4108.05,94.51,79.59,48
796800,99600,4136.83,92.79,31.45,48
797184,99648,4299.77,93.17,0.60,48
797184,99648,3376.87,93.95,245.21,48
797184,99648,4174.75,91.88,17.35,48
797184,99648,3479.49,91.04,164.42,48
797184,99648,4154.84,92.05,3.52,48
797184,99648,4249.00,92.51,2.92,48
797184,99648,4390.55,93.92,2.53,48
797184,99648,3618.09,92.81,162.43,48
797568,99696,3510.21,92.11,178.67,48
797568,99696,1422.78,93.03,702.39,48
797568,99696,4093.92,91.93,32.97,48
797568,99696,3576.00,92.39,157.19,48
797568,99696,3398.28,93.99,236.34,48
797568,99696,3685.73,91.12,113.87,48
797568,99696,3624.42,94.33,191.61,48
797568,99696,4212.90,92.90,0.69,48
797952,99744,4176.57,92.23,15.17,48
797952,99744,4201.25,92.02,0.71,48
797952,99744,3428.65,91.86,187.65,48
797952,99744,4159.23,94.05,53.51,48
797952,99744,4189.33,93.73,38.14,48
797952,99744,3772.79,92.64,111.21,48
797952,99744,4091.46,93.63,66.46,48
797952,99744,4159.43,91.77,1.24,48
798336,99792,4253.18,93.66,23.65,48
798336,99792,4024.28,92.48,58.81,48
798336,99792,4008.14,93.66,89.27,48
798336,99792,3803.66,93.02,117.36,48
798336,99792,3818.33,91.90,92.34,48
798336,99792,4296.44,93.70,4.56,48
798336,99792,4135.88,94.08,51.60,48
798336,99792,4232.40,92.42,6.98,48
798720,99840,4110.85,91.90,25.03,48
798720,99840,4190.19,94.66,61.43,48
798720,99840,4362.64,94.22,2.20,48
798720,99840,3918.17,90.80,62.69,48
798720,99840,4362.55,93.60,0.31,48
798720,99840,3492.69,93.83,211.80,48
798720,99840,4237.50,92.43,0.62,48
798720,99840,4050.22,92.03,40.31,48
799104,99888,4215.96,93.08,9.39,48
799104,99888,4326.08,93.99,10.88,48
799104,99888,4129.44,94.25,65.76,48
799104,99888,3987.18,92.50,67.23,48
799104,99888,4136.12,92.68,23.67,48
799104,99888,3664.20,91.30,107.38,48
799104,99888,2223.16,92.15,488.40,48
799104,99888,3965.00,89.60,0.65,48
799488,99936,3442.18,93.70,227.47,48
799488,99936,4165.02,91.08,1.37,48
799488,99936,4082.63,93.56,56.57,48
799488,99936,4012.31,92.20,39.05,48
799488,99936,4220.24,92.03,1.83,48
799488,99936,3432.81,94.50,243.19,48
799488,99936,3368.97,93.89,240.19,48
799488,99936,4293.88,93.66,17.94,48
799872,99984,1882.76,92.43,578.41,48
799872,99984,3189.26,92.50,257.52,48
799872,99984,4274.36,93.93,22.43,48
799872,99984,3179.89,94.33,294.21,48
799872,99984,3954.89,93.76,88.58,48
799872,99984,3998.04,92.17,57.09,48
799872,99984,4003.61,91.23,25.04,48
799872,99984,4239.58,93.57,19.40,48
800256,100032,4130.84,91.56,0.88,48
800256,100032,3577.04,93.05,166.24,48
800256,100032,2294.76,93.20,496.60,48
800256,100032,4297.97,93.09,0.95,48
800256,100032,4103.28,93.88,59.76,48
800256,100032,3938.56,91.80,47.85,48
800256,100032,4218.79,91.90,1.56,48
800256,100032,3968.92,91.48,51.99,48
800640,100080,4026.05,93.80,74.94,48
800640,100080,4274.59,93.09,1.24,48
800640,100080,4235.37,93.20,13.20,48
800640,100080,3425.97,92.82,201.82,48
800640,100080,4136.63,91.65,8.21,48
800640,100080,4324.74,94.27,10.49,48
800640,100080,3756.38,92.33,101.92,48
800640,100080,4210.72,92.43,0.60,48
801024,100128,4254.37,92.60,3.55,48
801024,100128,4334.02,93.56,0.81,48
801024,100128,4364.00,94.37,2.19,48
801024,100128,4199.86,92.43,19.36,48
801024,100128,3408.37,92.00,192.21,48
801024,100128,4333.09,93.67,1.52,48
801024,100128,4261.04,92.11,1.24,48
801024,100128,4157.77,92.47,20.17,48
801408,100176,3523.59,93.95,218.02,48
801408,100176,4316.91,93.18,1.43,48
801408,100176,4288.37,94.21,28.50,48
801408,100176,4287.27,94.03,9.86,48
801408,100176,4102.40,93.60,58.00,48
801408,100176,4067.51,92.08,30.77,48
801408,100176,4301.22,92.64,0.35,48
801408,100176,4194.00,92.53,11.48,48
801792,100224,4196.22,94.63,53.42,48
801792,100224,4255.94,93.94,21.15,48
801792,100224,4018.45,92.08,56.10,48
801792,100224,3936.91,93.66,92.24,48
801792,100224,4278.23,93.98,14.60,48
801792,100224,3528.68,93.03,185.90,48
801792,100224,4127.36,91.95,6.06,48
801792,100224,3380.65,92.74,216.30,48
802176,100272,4368.23,94.04,3.22,48
802176,100272,4139.67,92.29,14.75,48
802176,100272,3350.01,93.27,226.73,48
802176,100272,4038.33,92.42,55.68,48
802176,100272,3594.33,92.53,148.00,48
802176,100272,4086.86,91.37,12.20,48
802176,100272,3906.63,92.03,60.42,48
802176,100272,4242.24,93.09,17.40,48
802560,100320,4058.76,93.94,71.64,48
802560,100320,4253.13,92.00,0.04,48
802560,100320,2320.84,92.92,478.36,48
802560,100320,3219.87,92.77,260.57,48
802560,100320,3572.79,92.54,162.93,48
802560,100320,4039.01,92.00,42.02,48
802560,100320,4336.02,94.02,9.73,48
802560,100320,3660.50,94.05,171.40,48
802944,100368,3797.79,91.34,95.05,48
802944,100368,4218.51,94.01,36.63,48
802944,100368,4320.58,93.24,5.79,48
802944,100368,4184.56,93.79,32.29,48
802944,100368,4350.63,94.02,1.38,48
802944,100368,4015.98,93.02,67.12,48
802944,100368,4254.35,92.68,0.02,48
802944,100368,4256.08,93.28,7.21,48
803328,100416,4302.74,93.76,11.61,48
803328,100416,3507.34,92.78,172.90,48
803328,100416,3563.30,93.98,191.50,48
803328,100416,4249.17,93.49,9.87,48
803328,100416,4080.64,93.05,42.18,48
803328,100416,3939.89,94.28,107.11,48
803328,100416,4099.28,91.39,12.90,48
803328,100416,4115.76,91.91,14.63,48
803712,100464,3238.85,92.65,250.86,48
803712,100464,3182.38,92.11,256.91,48
803712,100464,3924.37,91.58,46.34,48
803712,100464,4100.74,93.50,58.82,48
803712,100464,4156.02,93.15,16.41,48
803712,100464,4095.65,94.08,70.78,48
803712,100464,3674.03,94.05,164.95,48
803712,100464,4365.68,94.17,1.21,48
804096,100512,4213.51,92.07,1.12,48
804096,100512,4037.16,92.46,54.58,48
804096,100512,3936.21,92.51,59.87,48
804096,100512,3643.74,92.33,138.52,48
804096,100512,4208.34,91.83,0.62,48
804096,100512,4026.26,92.39,54.02,48
804096,100512,4222.12,92.57,6.68,48
804096,100512,3956.75,93.24,90.00,48
804480,100560,3951.56,93.62,87.31,48
804480,100560,4059.95,92.05,29.98,48
804480,100560,3632.90,90.31,116.94,48
804480,100560,4212.01,92.75,13.01,48
804480,100560,4174.73,91.90,11.48,48
804480,100560,1695.65,91.92,632.92,48
804480,100560,4368.11,93.63,0.74,48
804480,100560,3292.38,93.17,249.79,48
804864,100608,3301.40,92.58,229.77,48
804864,100608,3261.55,92.43,243.49,48
804864,100608,4272.59,93.62,12.72,48
804864,100608,4136.06,92.39,33.91,48
804864,100608,3985.96,94.35,91.82,48
804864,100608,4379.81,94.02,1.53,48
804864,100608,4285.46,93.77,3.39,48
804864,100608,4112.34,94.01,59.90,48
805248,100656,3929.13,92.15,73.37,48
805248,100656,3494.33,92.96,191.15,48
805248,100656,4138.30,91.86,13.09,48
805248,100656,3324.21,91.72,215.68,48
805248,100656,4124.13,93.03,17.08,48
805248,100656,3989.60,92.11,49.38,48
805248,100656,3600.75,94.12,188.49,48
805248,100656,3390.92,93.76,237.11,48
805632,100704,3586.39,92.17,157.90,48
805632,100704,4201.36,93.73,39.79,48
805632,100704,4024.26,93.21,68.18,48
805632,100704,3997.58,91.52,27.90,48
805632,100704,4077.51,93.33,58.94,48
805632,100704,4291.27,92.78,0.02,48
805632,100704,4218.77,93.17,6.48,48
805632,100704,4213.01,92.21,0.28,48
806016,100752,4146.52,93.27,40.19,48
806016,100752,3387.04,93.32,217.94,48
806016,100752,4214.92,93.99,30.86,48
806016,100752,4080.75,93.40,51.77,48
806016,100752,3578.24,92.32,150.30,48
806016,100752,4084.36,92.47,23.96,48
806016,100752,3930.84,94.34,117.21,48
806016,100752,3938.73,92.06,62.90,48
806400,100800,3167.35,92.24,249.27,48
806400,100800,4016.05,91.90,46.79,48
806400,100800,3668.18,91.20,108.40,48
806400,100800,4297.19,94.05,18.21,48
806400,100800,4163.84,92.43,16.21,48
806400,100800,4198.94,92.45,8.32,48
806400,100800,3820.26,92.79,105.48,48
806400,100800,4120.57,92.61,22.76,48
806784,100848,3853.19,92.21,85.09,48
806784,100848,2308.15,92.11,480.99,48
806784,100848,4225.50,92.15,0.27,48
806784,100848,3470.24,93.52,208.00,48
806784,100848,4230.33,92.99,11.63,48
806784,100848,4269.71,93.50,10.83,48
806784,100848,3421.29,93.34,219.96,48
806784,100848,4210.12,93.27,24.25,48
807168,100896,4271.40,92.68,1.45,48
807168,100896,4045.73,92.08,35.79,48
807168,100896,3703.48,92.92,144.40,48
807168,100896,3995.95,93.37,79.43,48
807168,100896,4342.47,93.97,0.71,48
807168,100896,3850.73,91.86,63.37,48
807168,100896,4017.21,92.21,41.58,48
807168,100896,4228.37,92.18,4.09,48
807552,100944,4334.67,94.41,13.15,48
807552,100944,3996.13,91.64,54.92,48
807552,100944,3841.35,93.27,104.58,48
807552,100944,3244.82,92.32,241.93,48
807552,100944,3742.18,93.31,140.01,48
807552,100944,3996.04,93.99,94.33,48
807552,100944,4232.70,92.58,1.43,48
807552,100944,4219.34,92.14,0.74,48
807936,100992,4224.35,94.01,30.19,48
807936,100992,4389.16,93.99,1.38,48
807936,100992,4122.92,94.41,67.90,48
807936,100992,3645.94,94.51,188.05,48
807936,100992,4133.79,93.91,52.80,48
807936,100992,4020.97,92.39,41.47,48
807936,100992,3981.07,92.71,58.88,48
807936,100992,1617.56,93.15,662.76,48
808320,101040,4126.99,92.52,33.86,48
808320,101040,3316.93,91.85,217.66,48
808320,101040,4356.76,93.76,2.70,48
808320,101040,3464.12,91.87,175.26,48
808320,101040,4219.27,91.86,0.27,48
808320,101040,4090.30,92.74,40.66,48
808320,101040,3452.70,93.76,221.02,48
808320,101040,2482.40,91.69,422.10,48
808704,101088,4116.00,92.89,40.56,48
808704,101088,4348.44,94.08,1.21,48
808704,101088,4371.47,94.05,0.74,48
808704,101088,4184.71,93.37,27.27,48
808704,101088,3266.89,92.08,225.30,48
808704,101088,3798.04,93.36,129.22,48
808704,101088,4301.36,94.23,14.60,48
808704,101088,3245.37,94.05,272.93,48
809088,101136,1490.58,92.04,668.73,48
809088,101136,4333.02,93.60,5.60,48
809088,101136,3574.08,93.72,194.40,48
809088,101136,1380.50,93.64,723.45,48
809088,101136,3284.59,92.15,230.11,48
809088,101136,4119.26,91.33,15.31,48
809088,101136,3991.81,93.63,82.76,48
809088,101136,4396.29,94.35,0.81,48
809472,101184,4336.51,93.86,2.52,48
809472,101184,3974.17,92.04,51.81,48
809472,101184,4058.13,91.73,28.43,48
809472,101184,4374.41,94.18,1.63,48
809472,101184,4123.72,93.08,37.44,48
809472,101184,4190.63,94.22,46.58,48
809472,101184,4075.35,90.24,0.60,48
809472,101184,3750.80,93.72,136.83,48
809856,101232,4035.41,92.14,47.43,48
809856,101232,4192.37,91.89,16.43,48
809856,101232,1163.39,92.47,753.04,48
809856,101232,4256.49,92.64,0.81,48
809856,101232,3369.82,91.33,206.01,48
809856,101232,3601.55,92.19,161.27,48
809856,101232,3100.32,92.11,269.39,48
809856,101232,4194.71,91.83,7.72,48
810240,101280,4317.40,93.26,1.28,48
810240,101280,4351.03,94.18,2.64,48
810240,101280,3997.25,91.75,52.98,48
810240,101280,4353.83,94.08,0.00,48
810240,101280,3719.39,93.47,145.24,48
810240,101280,3838.55,92.15,91.29,48
810240,101280,3687.82,93.35,152.31,48
810240,101280,4120.21,92.29,11.50,48
810624,101328,4182.89,91.66,3.25,48
810624,101328,3496.74,92.64,174.43,48
810624,101328,1277.60,91.90,712.60,48
810624,101328,3781.76,92.08,108.41,48
810624,101328,4171.21,91.72,4.95,48
810624,101328,4201.24,92.12,3.85,48
810624,101328,4321.16,93.40,0.69,48
810624,101328,4132.94,94.10,60.81,48
811008,101376,3387.10,91.98,193.16,48
811008,101376,3321.84,93.50,235.60,48
811008,101376,4154.63,93.50,29.55,48
811008,101376,4153.48,93.71,42.40,48
811008,101376,3251.94,93.46,252.86,48
811008,101376,3690.65,92.18,130.29,48
811008,101376,4195.38,92.68,2.34,48
811008,101376,4216.08,93.94,30.45,48
811392,101424,4329.98,93.96,4.62,48
811392,101424,4348.89,93.78,0.81,48
811392,101424,3961.10,94.28,107.93,48
811392,101424,3833.99,90.87,52.28,48
811392,101424,3354.67,93.60,239.54,48
811392,101424,3934.61,92.81,79.24,48
811392,101424,4225.40,92.40,1.24,48
811392,101424,3997.01,92.32,43.39,48
811776,101472,4250.64,93.32,11.90,48
811776,101472,4141.43,91.69,21.31,48
811776,101472,4167.10,92.62,32.95,48
811776,101472,3278.73,90.52,191.43,48
811776,101472,3885.25,91.80,81.16,48
811776,101472,4291.90,92.46,0.10,48
811776,101472,4350.33,93.88,1.28,48
811776,101472,4369.06,94.28,6.74,48
812160,101520,3369.71,93.57,218.35,48
812160,101520,4217.07,92.29,9.00,48
812160,101520,4393.72,94.51,0.43,48
812160,101520,4393.95,94.15,1.83,48
812160,101520,4058.55,91.34,34.73,48
812160,101520,1626.26,92.76,641.96,48
812160,101520,4335.18,93.76,0.69,48
812160,101520,4283.65,93.53,8.79,48
812544,101568,4204.24,91.89,6.13,48
812544,101568,4348.26,94.41,7.74,48
812544,101568,3943.96,93.06,88.41,48
812544,101568,3977.34,93.14,80.58,48
812544,101568,4135.74,93.44,42.63,48
812544,101568,4036.53,91.97,41.19,48
812544,101568,3310.63,92.95,237.60,48
812544,101568,4343.35,94.11,0.68,48
812928,101616,2290.24,93.86,505.08,48
812928,101616,3582.51,92.81,162.90,48
812928,101616,4276.98,93.89,16.19,48
812928,101616,3417.13,93.21,214.86,48
812928,101616,3948.36,93.60,93.44,48
812928,101616,4194.36,91.82,2.48,48
812928,101616,4026.20,91.76,37.49,48
812928,101616,4288.42,93.50,0.72,48
813312,101664,3504.70,91.08,154.25,48
813312,101664,4168.29,91.37,1.28,48
813312,101664,4369.76,94.08,2.46,48
813312,101664,4355.34,93.58,0.05,48
813312,101664,3749.05,90.99,79.23,48
813312,101664,4182.02,94.36,59.82,48
813312,101664,4339.36,93.95,5.00,48
813312,101664,3935.84,92.14,67.60,48
813696,101712,4320.87,93.86,6.67,48
813696,101712,4205.38,92.21,2.86,48
813696,101712,3783.43,93.73,131.54,48
813696,101712,3520.63,93.59,190.13,48
813696,101712,3731.00,91.97,119.22,48
813696,101712,3355.84,94.28,259.56,48
813696,101712,4207.21,92.81,3.22,48
813696,101712,4423.36,94.41,2.98,48
814080,101760,2486.93,93.92,470.88,48
814080,101760,4401.65,94.18,0.10,48
814080,101760,3799.06,93.70,131.98,48
814080,101760,3269.66,90.95,206.84,48
814080,101760,4250.34,92.57,1.37,48
814080,101760,4001.10,92.02,48.85,48
814080,101760,3597.17,93.44,174.44,48
814080,101760,4403.04,95.29,15.48,48
814464,101808,4111.21,92.99,37.25,48
814464,101808,3870.11,92.63,100.32,48
814464,101808,4384.12,94.05,3.29,48
814464,101808,4346.28,93.86,1.37,48
814464,101808,4306.47,93.52,5.08,48
814464,101808,4198.69,92.51,7.42,48
814464,101808,4135.53,92.37,11.33,48
814464,101808,3792.02,91.93,111.01,48
814848,101856,3382.49,92.96,215.69,48
814848,101856,3830.94,94.15,132.52,48
814848,101856,4255.15,93.72,29.19,48
814848,101856,4195.26,93.86,44.37,48
814848,101856,4144.90,91.72,0.43,48
814848,101856,3854.08,92.07,80.73,48
814848,101856,3497.84,92.18,183.20,48
814848,101856,4358.77,93.99,3.00,48
815232,101904,3336.02,92.97,226.91,48
815232,101904,3318.51,92.49,234.92,48
815232,101904,4116.13,92.60,25.13,48
815232,101904,4082.11,91.23,17.12,48
815232,101904,3930.39,92.64,79.63,48
815232,101904,3581.45,92.12,146.34,48
815232,101904,1531.00,92.08,667.68,48
815232,101904,4094.99,91.47,3.40,48
815616,101952,4190.89,92.49,7.44,48
815616,101952,4088.24,90.91,0.83,48
815616,101952,4182.02,94.28,57.48,48
815616,101952,4046.74,90.48,3.48,48
815616,101952,4346.48,93.85,4.75,48
815616,101952,4200.89,92.92,12.10,48
815616,101952,2475.27,93.62,452.66,48
815616,101952,3891.14,92.42,92.15,48
816000,102000,4236.28,94.35,39.68,48
816000,102000,4054.57,92.63,24.15,48
816000,102000,3977.57,93.70,98.62,48
816000,102000,4400.07,94.28,0.79,48
816000,102000,3920.42,92.51,81.50,48
816000,102000,4069.02,94.24,80.87,48
816000,102000,4138.99,94.59,68.56,48
816000,102000,4268.88,93.83,21.68,48
816384,102048,3619.39,94.51,189.26,48
816384,102048,4168.66,92.89,31.23,48
816384,102048,3633.01,94.12,183.56,48
816384,102048,3927.80,92.45,82.65,48
816384,102048,4308.36,93.95,9.31,48
816384,102048,3838.55,94.24,137.25,48
816384,102048,3744.08,94.15,151.41,48
816384,102048,4013.54,92.07,42.09,48
816768,102096,3965.16,94.15,94.66,48
816768,102096,3810.76,91.12,76.50,48
816768,102096,1516.59,94.25,709.23,48
816768,102096,4196.35,92.74,17.52,48
816768,102096,3281.33,93.24,244.96,48
816768,102096,3699.74,91.34,92.47,48
816768,102096,3450.36,94.21,227.81,48
816768,102096,4159.07,92.15,15.02,48
817152,102144,3298.82,92.31,241.80,48
817152,102144,4197.95,92.46,1.54,48
817152,102144,3684.79,92.76,136.85,48
817152,102144,4162.97,92.18,14.74,48
817152,102144,3106.26,92.19,254.77,48
817152,102144,3266.63,92.35,241.23,48
817152,102144,4351.74,93.97,0.31,48
817152,102144,3994.53,94.68,98.08,48
817536,102192,4083.15,91.68,20.65,48
817536,102192,4357.50,93.91,3.78,48
817536,102192,4133.11,93.89,46.07,48
817536,102192,4317.41,93.44,1.70,48
817536,102192,4081.56,93.57,67.39,48
817536,102192,4254.65,92.11,1.00,48
817536,102192,3525.05,92.28,167.10,48
817536,102192,4351.22,94.15,5.65,48
817920,102240,4041.16,91.12,28.28,48
817920,102240,4147.81,91.62,10.74,48
817920,102240,3977.36,92.74,70.96,48
817920,102240,4324.92,94.39,17.06,48
817920,102240,3818.45,92.68,103.10,48
817920,102240,4168.84,94.02,47.26,48
817920,102240,3863.09,92.00,87.98,48
817920,102240,4123.77,94.10,63.87,48
818304,102288,3403.20,93.96,235.54,48
818304,102288,3962.29,93.72,88.81,48
818304,102288,4212.02,92.66,18.28,48
818304,102288,3356.01,94.68,262.44,48
818304,102288,4008.88,92.67,62.47,48
818304,102288,3911.51,93.47,92.85,48
818304,102288,4030.33,92.36,50.37,48
818304,102288,4278.36,93.23,7.39,48
818688,102336,4317.82,93.47,10.30,48
818688,102336,3372.52,93.89,235.39,48
818688,102336,4242.03,92.84,17.75,48
818688,102336,4155.66,94.31,64.05,48
818688,102336,3909.43,91.84,46.37,48
818688,102336,3347.16,93.64,242.52,48
818688,102336,3847.48,91.86,86.27,48
818688,102336,3564.13,93.82,184.24,48
819072,102384,4016.70,93.38,78.87,48
819072,102384,4096.03,91.28,15.30,48
819072,102384,4309.87,93.24,0.81,48
819072,102384,4418.90,94.44,1.38,48
819072,102384,1208.45,94.50,788.80,48
819072,102384,4177.31,92.63,20.31,48
819072,102384,4250.26,92.96,0.88,48
819072,102384,4342.05,93.54,1.54,48
819456,102432,4083.03,93.62,71.08,48
819456,102432,1381.76,94.28,746.86,48
819456,102432,4395.46,94.34,1.92,48
819456,102432,4125.55,93.71,52.41,48
819456,102432,4137.70,90.94,8.73,48
819456,102432,3842.65,94.30,138.68,48
819456,102432,4194.54,93.01,27.87,48
819456,102432,4196.86,91.99,17.54,48
819840,102480,3787.28,92.13,111.23,48
819840,102480,4158.15,92.24,21.83,48
819840,102480,3414.20,91.95,217.42,48
819840,102480,3618.61,91.54,144.38,48
819840,102480,4213.08,92.17,8.79,48
819840,102480,4175.31,91.19,4.69,48
819840,102480,4207.36,92.25,1.62,48
819840,102480,4264.45,93.84,17.61,48
820224,102528,4096.02,94.41,74.48,48
820224,102528,4239.31,92.62,11.33,48
820224,102528,4132.67,91.52,0.89,48
820224,102528,3635.98,93.04,150.22,48
820224,102528,4228.76,92.53,1.95,48
820224,102528,4096.45,91.75,27.49,48
820224,102528,3764.15,91.99,122.56,48
820224,102528,4030.26,92.77,52.94,48
820608,102576,4117.05,91.60,26.54,48
820608,102576,4122.16,91.33,12.54,48
820608,102576,3677.12,93.67,169.55,48
820608,102576,4166.16,94.01,45.12,48
820608,102576,3732.31,93.27,151.39,48
820608,102576,3635.65,92.42,149.11,48
820608,102576,4075.57,93.15,66.17,48
820608,102576,4032.29,93.38,74.15,48
820992,102624,3822.72,91.31,83.75,48
820992,102624,3768.48,92.00,108.38,48
820992,102624,4265.44,92.03,0.00,48
820992,102624,4205.27,92.39,12.58,48
820992,102624,4281.62,93.53,19.79,48
820992,102624,3314.10,94.34,263.91,48
820992,102624,4081.63,93.16,50.78,48
820992,102624,4351.26,93.47,2.52,48
821376,102672,4050.60,92.14,40.39,48
821376,102672,4307.78,93.20,4.10,48
821376,102672,4148.02,93.38,33.85,48
821376,102672,4177.02,92.78,21.24,48
821376,102672,4131.85,92.63,28.30,48
821376,102672,4163.85,91.29,0.19,48
821376,102672,4270.58,92.28,0.79,48
821376,102672,3692.23,93.53,165.86,48
821760,102720,3977.56,90.73,27.06,48
821760,102720,3460.65,93.64,223.59,48
821760,102720,3938.48,92.00,58.60,48
821760,102720,4201.79,93.79,41.04,48
821760,102720,1498.48,90.91,631.82,48
821760,102720,4189.36,92.24,3.29,48
821760,102720,4145.29,92.04,11.94,48
821760,102720,4189.23,91.85,6.43,48
822144,102768,4239.27,93.01,1.93,48
822144,102768,4088.70,91.75,18.09,48
822144,102768,4137.83,93.88,54.64,48
822144,102768,4299.44,92.73,2.42,48
822144,102768,4217.27,91.82,0.19,48
822144,102768,4026.96,92.56,50.40,48
822144,102768,3501.28,91.46,167.94,48
822144,102768,4257.77,91.85,0.60,48
822528,102816,4177.39,92.88,22.27,48
822528,102816,3763.20,92.45,124.48,48
822528,102816,3883.55,92.34,95.32,48
822528,102816,3513.70,93.69,208.25,48
822528,102816,2419.46,92.86,460.33,48
822528,102816,4265.11,93.70,20.14,48
822528,102816,4076.01,93.72,68.44,48
822528,102816,4321.51,93.85,17.27,48
822912,102864,4260.42,92.49,1.49,48
822912,102864,4169.62,91.33,3.16,48
822912,102864,3338.70,92.74,235.75,48
822912,102864,4006.47,92.21,57.01,48
822912,102864,3983.98,91.19,47.48,48
822912,102864,4130.82,91.65,0.31,48
822912,102864,4045.73,92.04,37.01,48
822912,102864,3736.40,93.21,141.79,48
823296,102912,4136.35,92.03,23.64,48
823296,102912,3904.56,94.32,115.62,48
823296,102912,4338.78,93.47,1.95,48
823296,102912,4380.34,93.63,3.17,48
823296,102912,4205.14,93.67,30.21,48
823296,102912,3409.33,94.09,236.73,48
823296,102912,4315.26,93.83,6.59,48
823296,102912,3925.52,90.42,39.09,48
823680,102960,4203.50,92.53,18.17,48
823680,102960,2456.23,93.38,453.35,48
823680,102960,3721.86,93.40,146.05,48
823680,102960,4283.64,93.16,0.02,48
823680,102960,4260.80,93.40,5.12,48
823680,102960,4374.34,93.44,0.18,48
823680,102960,3421.00,93.56,226.70,48
823680,102960,4151.94,93.96,52.40,48
824064,103008,4059.09,93.52,58.75,48
824064,103008,3840.84,92.42,95.88,48
824064,103008,1561.13,93.79,692.46,48
824064,103008,3848.78,91.64,87.28,48
824064,103008,4094.64,93.82,62.64,48
824064,103008,4199.27,93.70,34.00,48
824064,103008,4003.18,93.67,87.97,48
824064,103008,3743.25,93.82,152.80,48
824448,103056,4246.77,92.18,1.71,48
824448,103056,3722.12,92.49,132.38,48
824448,103056,3201.43,92.62,257.09,48
824448,103056,3940.73,93.93,99.50,48
824448,103056,2634.16,93.70,429.40,48
824448,103056,3434.26,91.81,196.32,48
824448,103056,3892.14,92.52,87.01,48
824448,103056,4179.21,93.50,40.85,48
824832,103104,3970.94,92.14,66.59,48
824832,103104,4296.40,94.38,23.54,48
824832,103104,4251.16,91.99,0.33,48
824832,103104,4244.33,93.92,31.84,48
824832,103104,4221.85,92.55,19.77,48
824832,103104,4106.02,94.06,69.28,48
824832,103104,4049.14,93.73,70.40,48
824832,103104,4066.32,92.14,43.12,48
825216,103152,4060.38,93.41,65.36,48
825216,103152,4260.13,92.76,10.36,48
825216,103152,3823.81,92.21,92.05,48
825216,103152,4084.38,94.22,76.34,48
825216,103152,3970.31,91.97,52.03,48
825216,103152,4292.27,93.74,12.67,48
825216,103152,3961.32,93.79,92.92,48
825216,103152,4097.18,91.81,35.64,48
825600,103200,4327.34,93.85,1.30,48
825600,103200,4359.73,93.94,0.81,48
825600,103200,3957.10,93.24,76.60,48
825600,103200,4196.50,91.86,0.83,48
825600,103200,3866.29,91.65,82.37,48
825600,103200,4281.47,92.52,1.32,48
825600,103200,3451.12,91.09,149.96,48
825600,103200,4170.02,91.51,1.98,48
825984,103248,4265.11,92.27,2.39,48
825984,103248,4065.15,91.95,30.47,48
825984,103248,3680.86,91.83,122.30,48
825984,103248,4409.09,94.12,0.39,48
825984,103248,3808.71,93.34,136.24,48
825984,103248,4209.54,93.91,30.96,48
825984,103248,3311.46,91.90,217.53,48
825984,103248,3882.64,91.93,84.64,48
826368,103296,4300.81,93.20,2.88,48
826368,103296,4323.95,93.82,6.00,48
826368,103296,4182.00,93.63,41.71,48
826368,103296,4178.52,92.37,21.40,48
826368,103296,4279.29,92.67,0.43,48
826368,103296,4033.18,91.40,23.83,48
826368,103296,3293.49,91.54,220.71,48
826368,103296,4316.57,93.47,10.66,48
826752,103344,4078.00,91.86,36.60,48
826752,103344,4373.97,93.86,0.72,48
826752,103344,4286.95,93.67,14.40,48
826752,103344,4172.51,93.73,46.79,48
826752,103344,4173.25,92.34,22.87,48
826752,103344,4135.48,93.67,53.59,48
826752,103344,4221.76,91.78,0.78,48
826752,103344,4184.06,92.39,11.74,48
827136,103392,3866.84,91.82,81.95,48
827136,103392,4293.71,93.92,18.82,48
827136,103392,4087.98,92.98,48.33,48
827136,103392,3803.64,93.43,136.43,48
827136,103392,4228.48,92.08,1.53,48
827136,103392,4289.01,93.54,11.26,48
827136,103392,3852.55,90.33,53.32,48
827136,103392,4252.48,92.03,0.85,48
827520,103440,4268.19,92.89,1.37,48
827520,103440,4386.16,94.09,0.31,48
827520,103440,3450.09,93.92,228.93,48
827520,103440,4379.19,93.82,4.98,48
827520,103440,4220.64,93.61,22.89,48
827520,103440,4180.44,92.13,17.79,48
827520,103440,3989.58,91.86,53.60,48
827520,103440,4017.22,94.13,81.36,48
827904,103488,4213.73,92.10,14.59,48
827904,103488,3854.49,92.11,88.44,48
827904,103488,4187.05,91.63,0.60,48
827904,103488,3232.13,91.79,223.50,48
827904,103488,3495.18,91.40,162.17,48
827904,103488,4229.69,93.63,31.62,48
827904,103488,4337.18,93.57,0.19,48
827904,103488,4378.97,93.73,0.81,48
828288,103536,3594.99,93.96,193.27,48
828288,103536,4253.98,92.53,0.81,48
828288,103536,4325.64,93.36,2.31,48
828288,103536,4076.26,93.14,69.09,48
828288,103536,4253.23,92.88,2.71,48
828288,103536,3796.11,93.60,141.57,48
828288,103536,3932.95,93.51,93.41,48
828288,103536,4078.55,93.67,68.57,48
828672,103584,3918.92,92.20,80.89,48
828672,103584,4219.70,92.18,3.60,48
828672,103584,4094.93,94.07,77.23,48
828672,103584,4159.44,93.35,39.92,48
828672,103584,3973.58,92.00,60.19,48
828672,103584,3704.02,91.32,124.83,48
828672,103584,4054.16,91.82,48.13,48
828672,103584,3945.22,90.26,25.26,48
829056,103632,4066.54,91.02,1.83,48
829056,103632,4066.15,92.66,53.98,48
829056,103632,4179.63,92.06,16.65,48
829056,103632,4071.06,92.50,24.60,48
829056,103632,3298.46,92.92,235.60,48
829056,103632,3234.62,91.05,221.35,48
829056,103632,3681.80,93.11,159.59,48
829056,103632,4339.96,93.50,0.33,48
829440,103680,4192.38,92.10,17.67,48
829440,103680,4276.37,92.85,0.72,48
829440,103680,4312.41,93.46,2.36,48
829440,103680,4275.79,93.11,0.62,48
829440,103680,3938.01,93.69,99.29,48
829440,103680,4232.62,93.82,35.49,48
829440,103680,4161.31,92.22,19.17,48
829440,103680,2467.03,92.28,440.63,48
829824,103728,3967.13,92.47,64.19,48
829824,103728,4164.32,91.28,0.60,48
829824,103728,4196.44,92.57,2.38,48
829824,103728,4168.98,91.54,4.56,48
829824,103728,4321.97,94.67,24.53,48
829824,103728,3689.05,93.98,169.81,48
829824,103728,4242.29,92.43,0.28,48
829824,103728,4192.86,92.10,1.52,48
830208,103776,4344.96,93.89,6.29,48
830208,103776,2530.20,93.45,438.16,48
830208,103776,4237.73,93.78,29.15,48
830208,103776,4320.64,93.46,10.68,48
830208,103776,4166.84,91.08,5.24,48
830208,103776,3692.21,93.57,170.06,48
830208,103776,4275.67,92.35,1.58,48
830208,103776,3529.94,91.71,169.75,48
830592,103824,4092.63,93.24,52.84,48
830592,103824,3745.20,92.98,136.61,48
830592,103824,3655.66,93.21,150.15,48
830592,103824,4190.25,93.44,26.66,48
830592,103824,3994.68,91.68,62.14,48
830592,103824,3850.97,91.63,69.22,48
830592,103824,4339.32,93.53,1.45,48
830592,103824,3756.03,93.11,131.20,48
830976,103872,3364.53,92.07,207.61,48
830976,103872,3777.69,93.99,149.21,48
830976,103872,4262.71,93.77,21.04,48
830976,103872,3936.59,92.59,71.92,48
830976,103872,4395.81,94.15,1.54,48
830976,103872,4329.24,93.43,0.78,48
830976,103872,3871.81,92.35,88.68,48
830976,103872,4229.55,93.72,36.75,48
831360,103920,3976.53,93.92,93.75,48
831360,103920,4282.07,93.34,1.43,48
831360,103920,4222.24,92.57,0.72,48
831360,103920,3751.48,92.06,115.76,48
831360,103920,3523.96,93.21,191.41,48
831360,103920,4067.15,91.67,42.11,48
831360,103920,4329.29,93.44,1.79,48
831360,103920,3990.39,92.21,63.45,48
831744,103968,4183.70,91.92,3.17,48
831744,103968,3631.63,92.90,152.80,48
831744,103968,4192.01,93.74,34.58,48
831744,103968,4327.83,93.75,1.53,48
831744,103968,3211.21,93.16,271.48,48
831744,103968,3596.89,92.39,152.12,48
831744,103968,4247.02,92.67,1.24,48
831744,103968,4317.56,93.37,7.51,48
832128,104016,4245.80,92.60,1.56,48
832128,104016,4162.99,92.41,29.77,48
832128,104016,4175.51,92.67,25.38,48
832128,104016,4293.25,93.72,11.36,48
832128,104016,4179.12,92.85,22.18,48
832128,104016,4399.67,94.34,1.28,48
832128,104016,4222.28,92.17,0.10,48
832128,104016,3981.61,93.85,96.76,48
832512,104064,4160.19,93.01,28.46,48
832512,104064,4037.77,90.70,3.25,48
832512,104064,3603.82,94.12,189.20,48
832512,104064,4016.54,92.59,66.99,48
832512,104064,4091.42,92.42,37.73,48
832512,104064,4195.71,93.89,42.39,48
832512,104064,4127.58,91.46,9.38,48
832512,104064,3356.34,93.16,233.73,48
832896,104112,4319.81,93.18,0.00,48
832896,104112,4119.87,93.56,48.14,48
832896,104112,3508.17,94.05,210.68,48
832896,104112,4250.24,92.32,0.31,48
832896,104112,4259.37,94.35,36.43,48
832896,104112,1817.80,90.38,579.42,48
832896,104112,4180.31,92.69,29.00,48
832896,104112,1609.36,92.32,627.96,48
833280,104160,4027.63,92.34,54.67,48
833280,104160,4139.14,92.42,23.54,48
833280,104160,3936.03,91.85,73.53,48
833280,104160,3747.22,93.96,159.43,48
833280,104160,4334.61,93.90,9.91,48
833280,104160,3587.11,91.46,162.15,48
833280,104160,3354.18,93.67,237.36,48
833280,104160,4105.18,93.15,47.31,48
833664,104208,3931.85,93.72,104.90,48
833664,104208,4193.70,92.35,1.24,48
833664,104208,3550.56,91.60,147.46,48
833664,104208,4144.96,91.44,0.68,48
833664,104208,4363.00,94.28,9.37,48
833664,104208,4181.66,93.86,45.20,48
833664,104208,4076.12,92.03,27.43,48
833664,104208,4328.63,93.85,1.11,48
834048,104256,3689.55,94.15,175.34,48
834048,104256,4195.00,93.88,42.45,48
834048,104256,4184.50,93.05,14.62,48
834048,104256,4056.06,91.89,35.10,48
834048,104256,3436.49,91.08,169.57,48
834048,104256,4043.63,91.60,31.20,48
834048,104256,4231.09,93.41,37.55,48
834048,104256,4299.85,93.05,0.32,48
834432,104304,3815.70,93.79,133.65,48
834432,104304,3840.24,93.79,131.48,48
834432,104304,4016.21,94.18,98.63,48
834432,104304,4339.01,93.74,0.10,48
834432,104304,3845.83,92.25,89.84,48
834432,104304,3769.07,91.74,111.11,48
834432,104304,4211.75,93.03,13.69,48
834432,104304,4265.55,93.10,7.44,48
834816,104352,4125.96,91.12,2.82,48
834816,104352,3989.73,91.43,56.83,48
834816,104352,4073.04,91.96,45.40,48
834816,104352,4372.64,93.92,0.28,48
834816,104352,4226.82,93.53,25.70,48
834816,104352,3676.73,93.40,154.14,48
834816,104352,4185.87,91.71,3.10,48
834816,104352,4182.27,93.99,45.96,48
835200,104400,4382.77,93.85,0.62,48
835200,104400,3555.35,93.63,187.94,48
835200,104400,4112.14,91.64,22.48,48
835200,104400,4265.36,92.39,0.74,48
835200,104400,3423.34,93.53,235.65,48
835200,104400,4044.04,92.42,50.08,48
835200,104400,4374.77,93.44,0.10,48
835200,104400,4336.93,93.85,7.64,48
835584,104448,3511.66,91.60,181.95,48
835584,104448,3468.36,91.30,159.47,48
835584,104448,4213.65,93.65,36.82,48
835584,104448,4259.93,92.38,2.01,48
835584,104448,4044.05,94.32,90.85,48
835584,104448,4249.24,92.14,1.34,48
835584,104448,3992.82,93.76,93.52,48
835584,104448,4136.11,91.47,21.92,48
835968,104496,2364.44,91.12,454.56,48
835968,104496,3335.55,91.22,210.68,48
835968,104496,4198.45,93.49,32.31,48
835968,104496,4120.84,93.47,53.53,48
835968,104496,3793.41,93.86,143.80,48
835968,104496,3784.95,92.89,132.06,48
835968,104496,3722.88,91.89,105.10,48
835968,104496,4125.13,91.44,11.53,48
836352,104544,4209.25,92.77,18.58,48
836352,104544,4045.09,91.50,39.16,48
836352,104544,4076.81,93.63,64.36,48
836352,104544,4362.15,94.08,2.25,48
836352,104544,4034.09,93.46,70.41,48
836352,104544,3359.81,93.38,234.78,48
836352,104544,4169.65,91.65,1.24,48
836352,104544,4351.04,94.24,0.71,48
836736,104592,4144.53,92.44,29.35,48
836736,104592,4163.02,93.73,56.09,48
836736,104592,4234.60,92.18,4.11,48
836736,104592,3931.55,93.66,103.46,48
836736,104592,4264.84,92.35,0.57,48
836736,104592,4364.76,94.09,4.71,48
836736,104592,4038.01,92.11,49.54,48
836736,104592,4346.14,94.05,4.74,48
837120,104640,3903.14,93.02,86.10,48
837120,104640,3353.90,91.44,190.37,48
837120,104640,4312.18,93.53,0.78,48
837120,104640,4192.27,92.11,7.65,48
837120,104640,3988.86,94.25,103.16,48
837120,104640,3501.36,91.39,168.20,48
837120,104640,4331.79,93.80,0.33,48
837120,104640,4137.98,92.59,18.24,48
837504,104688,3749.09,92.74,127.59,48
837504,104688,4428.58,94.72,3.09,48
837504,104688,3852.25,92.54,97.12,48
837504,104688,4146.32,92.04,15.86,48
837504,104688,3803.62,92.11,100.61,48
837504,104688,4269.07,92.73,1.17,48
837504,104688,4061.31,91.53,37.60,48
837504,104688,3377.51,93.73,238.48,48
837888,104736,2263.04,91.95,486.39,48
837888,104736,3692.53,92.28,131.57,48
837888,104736,3985.19,91.93,57.98,48
837888,104736,4197.75,91.61,0.81,48
837888,104736,4210.61,92.46,11.61,48
837888,104736,4135.96,93.97,59.05,48
837888,104736,4205.59,92.88,10.04,48
837888,104736,3431.22,93.82,213.16,48
838272,104784,3983.50,92.66,65.45,48
838272,104784,4318.13,93.77,4.51,48
838272,104784,4344.54,93.98,1.00,48
838272,104784,3460.54,93.53,225.77,48
838272,104784,4090.38,91.54,6.03,48
838272,104784,4358.11,93.54,3.58,48
838272,104784,4170.06,93.74,47.56,48
838272,104784,2317.57,92.32,467.06,48
838656,104832,3432.33,91.30,193.94,48
838656,104832,4265.48,93.94,6.70,48
838656,104832,4134.88,92.36,26.75,48
838656,104832,4248.47,92.86,9.96,48
838656,104832,4016.95,93.67,85.31,48
838656,104832,4099.77,93.37,47.29,48
838656,104832,4356.41,93.57,1.28,48
838656,104832,4108.70,93.44,63.74,48
839040,104880,4329.21,93.31,5.49,48
839040,104880,4131.94,93.85,62.19,48
839040,104880,3790.87,92.13,115.08,48
839040,104880,4253.72,94.85,39.00,48
839040,104880,4357.75,93.67,0.69,48
839040,104880,4416.79,94.51,1.13,48
839040,104880,4261.45,93.89,22.01,48
839040,104880,3839.90,91.16,80.82,48
839424,104928,4228.92,92.03,1.37,48
839424,104928,3342.58,90.98,199.42,48
839424,104928,3739.42,92.13,128.63,48
839424,104928,4365.96,93.99,5.45,48
839424,104928,3861.38,90.91,65.96,48
839424,104928,3748.76,91.32,105.72,48
839424,104928,3626.76,93.47,172.05,48
839424,104928,4155.36,92.85,31.66,48
839808,104976,4129.41,92.31,30.20,48
839808,104976,4307.43,94.28,19.74,48
839808,104976,3408.18,93.31,217.26,48
839808,104976,4225.01,92.22,2.18,48
839808,104976,4325.37,93.86,11.85,48
839808,104976,3297.29,91.97,230.18,48
839808,104976,3668.66,91.85,142.32,48
839808,104976,4225.30,91.40,4.68,48
840192,105024,4095.76,94.48,78.38,48
840192,105024,4314.29,93.97,19.37,48
840192,105024,4135.65,90.76,2.47,48
840192,105024,3763.17,93.67,148.97,48
840192,105024,2387.60,93.87,487.77,48
840192,105024,4204.19,91.57,1.24,48
840192,105024,3706.71,93.92,169.88,48
840192,105024,4008.06,93.26,69.19,48
840576,105072,3858.85,93.54,123.72,48
840576,105072,4143.69,91.83,2.41,48
840576,105072,4248.66,92.17,1.37,48
840576,105072,4201.40,91.90,4.14,48
840576,105072,3609.79,93.89,189.74,48
840576,105072,4156.04,92.17,23.41,48
840576,105072,4266.75,92.60,1.63,48
840576,105072,3947.94,92.11,62.23,48
840960,105120,3851.84,94.28,138.92,48
840960,105120,3370.11,93.90,243.74,48
840960,105120,4049.99,93.31,69.06,48
840960,105120,4278.84,93.93,20.43,48
840960,105120,4205.96,92.53,2.39,48
840960,105120,4185.11,93.05,28.16,48
840960,105120,4011.33,93.85,85.78,48
840960,105120,3895.01,92.57,84.32,48
841344,105168,4201.56,92.02,3.79,48
841344,105168,4125.37,91.61,20.39,48
841344,105168,4271.86,93.50,0.32,48
841344,105168,3319.95,92.81,220.15,48
841344,105168,4356.16,93.37,0.72,48
841344,105168,3955.94,92.39,75.39,48
841344,105168,4192.69,93.31,38.33,48
841344,105168,4377.31,94.52,3.17,48
841728,105216,3765.29,92.88,121.91,48
841728,105216,4010.37,93.02,64.73,48
841728,105216,3350.21,93.68,237.44,48
841728,105216,1485.09,93.01,682.47,48
841728,105216,3290.03,91.71,217.37,48
841728,105216,4326.78,93.45,2.86,48
841728,105216,4155.68,93.47,56.26,48
841728,105216,4068.44,91.72,32.47,48
842112,105264,3452.94,93.54,218.24,48
842112,105264,3227.05,92.17,249.64,48
842112,105264,4299.93,93.72,17.59,48
842112,105264,4375.14,93.75,0.81,48
842112,105264,3937.15,93.70,98.75,48
842112,105264,4031.16,92.17,44.85,48
842112,105264,3850.77,93.05,115.40,48
842112,105264,4190.20,93.63,41.42,48
842496,105312,4053.43,93.25,64.34,48
842496,105312,1733.77,93.26,645.58,48
842496,105312,3252.37,92.21,244.11,48
842496,105312,4299.90,93.63,4.87,48
842496,105312,4135.35,92.60,31.52,48
842496,105312,4375.18,94.16,0.60,48
842496,105312,4173.72,93.88,47.83,48
842496,105312,4328.34,93.68,10.04,48
842880,105360,4165.62,91.72,5.67,48
842880,105360,4053.74,92.21,40.13,48
842880,105360,3992.89,91.25,32.93,48
842880,105360,4234.25,92.07,1.83,48
842880,105360,4220.18,92.29,1.37,48
842880,105360,4193.74,92.36,2.89,48
842880,105360,3658.39,92.49,158.35,48
842880,105360,4380.46,94.14,0.43,48
843264,105408,4353.39,93.93,0.62,48
843264,105408,4191.53,93.44,33.58,48
843264,105408,4025.20,92.01,43.73,48
843264,105408,3407.92,92.83,210.00,48
843264,105408,4106.85,91.01,7.36,48
843264,105408,4251.30,93.21,5.09,48
843264,105408,3935.75,90.24,46.89,48
843264,105408,3436.41,92.42,202.57,48
843648,105456,4073.78,93.67,60.45,48
843648,105456,3744.19,92.27,110.14,48
843648,105456,3416.23,92.92,207.65,48
843648,105456,4252.14,94.19,27.96,48
843648,105456,4353.00,93.81,5.37,48
843648,105456,3799.35,93.21,131.98,48
843648,105456,4213.38,93.13,16.09,48
843648,105456,4306.70,93.38,0.00,48
844032,105504,4212.91,91.65,0.05,48
844032,105504,3520.25,92.47,175.57,48
844032,105504,4001.87,92.17,45.94,48
844032,105504,3700.25,93.12,132.55,48
844032,105504,4158.88,91.33,5.57,48
844032,105504,4088.54,94.09,67.06,48
844032,105504,4356.00,93.21,1.17,48
844032,105504,4280.34,93.59,12.01,48
844416,105552,3341.79,91.29,208.98,48
844416,105552,3980.38,93.74,87.48,48
844416,105552,4209.75,93.23,16.66,48
844416,105552,4181.64,92.75,21.21,48
844416,105552,4216.08,93.57,37.09,48
844416,105552,3913.15,93.62,103.90,48
844416,105552,4199.67,93.02,24.15,48
844416,105552,4223.11,92.68,4.62,48
844800,105600,3513.33,93.41,208.29,48
844800,105600,3582.19,91.52,132.68,48
844800,105600,4345.16,93.44,0.47,48
844800,105600,4197.44,94.35,44.42,48
844800,105600,4335.05,93.17,0.57,48
844800,105600,4359.61,93.76,0.71,48
844800,105600,4355.93,93.52,3.68,48
844800,105600,4076.48,91.43,29.46,48
845184,105648,4214.43,93.73,25.09,48
845184,105648,4283.57,93.47,0.68,48
845184,105648,4278.26,92.28,0.69,48
845184,105648,3885.06,93.70,118.40,48
845184,105648,4252.62,92.68,3.96,48
845184,105648,4204.12,91.46,5.03,48
845184,105648,4030.32,93.78,76.37,48
845184,105648,3749.16,93.25,139.75,48
845568,105696,4128.50,92.08,11.32,48
845568,105696,4009.82,92.10,47.11,48
845568,105696,3559.40,91.68,155.88,48
845568,105696,4165.52,93.93,53.17,48
845568,105696,4010.15,91.51,35.31,48
845568,105696,4376.57,94.18,3.96,48
845568,105696,4068.06,94.09,76.06,48
845568,105696,4072.54,92.66,47.96,48
845952,105744,4010.94,91.89,45.56,48
845952,105744,4153.96,93.67,47.94,48
845952,105744,4387.15,94.07,0.88,48
845952,105744,4152.66,92.32,12.68,48
845952,105744,3619.15,93.43,176.02,48
845952,105744,3811.52,91.41,91.69,48
845952,105744,3755.81,91.43,97.35,48
845952,105744,4358.58,94.32,1.33,48
846336,105792,4150.87,93.54,42.88,48
846336,105792,4211.97,92.79,1.48,48
846336,105792,4212.91,93.59,32.12,48
846336,105792,3596.70,92.45,160.20,48
846336,105792,4338.00,93.70,1.49,48
846336,105792,4148.19,92.56,23.60,48
846336,105792,3146.79,91.51,238.65,48
846336,105792,3839.99,93.33,102.30,48
846720,105840,3990.41,93.30,67.70,48
846720,105840,4224.32,93.93,40.79,48
846720,105840,3974.29,93.95,96.27,48
846720,105840,3417.26,92.11,195.33,48
846720,105840,2527.20,91.78,424.43,48
846720,105840,3793.20,92.14,103.08,48
846720,105840,3645.23,92.93,141.14,48
846720,105840,4246.04,92.69,6.13,48
847104,105888,4091.98,91.91,22.36,48
847104,105888,3944.68,93.66,103.28,48
847104,105888,4133.88,91.11,15.95,48
847104,105888,4374.47,94.15,4.98,48
847104,105888,4060.94,92.94,45.63,48
847104,105888,4147.42,93.99,47.69,48
847104,105888,3557.87,92.88,175.67,48
847104,105888,3635.78,92.53,145.15,48
847488,105936,4268.03,93.92,31.46,48
847488,105936,4318.39,92.52,0.19,48
847488,105936,3586.25,91.29,149.01,48
847488,105936,3850.11,93.83,122.39,48
847488,105936,3355.42,92.61,215.26,48
847488,105936,3167.95,91.76,245.44,48
847488,105936,3428.34,92.03,193.05,48
847488,105936,4398.99,93.95,0.31,48
847872,105984,3943.01,92.13,73.80,48
847872,105984,3867.00,93.92,122.46,48
847872,105984,4157.34,92.95,23.42,48
847872,105984,4330.48,93.40,1.83,48
847872,105984,4184.37,92.64,13.05,48
847872,105984,3542.88,92.45,169.16,48
847872,105984,3351.27,93.65,246.65,48
847872,105984,3603.62,90.87,143.06,48
848256,106032,4158.86,93.35,34.94,48
848256,106032,4069.46,93.67,69.23,48
848256,106032,3697.72,93.57,156.41,48
848256,106032,3947.31,94.05,102.55,48
848256,106032,4202.03,92.38,0.10,48
848256,106032,3412.47,93.26,226.17,48
848256,106032,3783.54,93.43,125.29,48
848256,106032,1991.15,91.92,546.85,48
848640,106080,3882.68,92.25,82.06,48
848640,106080,4059.79,92.24,35.07,48
848640,106080,4201.17,92.24,4.85,48
848640,106080,4224.82,93.79,32.76,48
848640,106080,4140.94,91.86,11.13,48
848640,106080,1366.73,92.42,705.38,48
848640,106080,4227.05,92.32,0.71,48
848640,106080,4332.47,93.57,1.34,48
849024,106128,4191.22,91.47,1.37,48
849024,106128,3350.56,91.86,208.45,48
849024,106128,4403.61,94.15,1.37,48
849024,106128,2153.04,92.00,511.21,48
849024,106128,4150.59,91.96,28.22,48
849024,106128,3904.63,93.50,94.98,48
849024,106128,3646.30,93.79,178.03,48
849024,106128,4353.86,94.24,12.65,48
849408,106176,3770.99,93.21,134.75,48
849408,106176,4145.36,91.79,22.47,48
849408,106176,3964.31,92.57,63.81,48
849408,106176,4379.78,94.09,2.28,48
849408,106176,3657.66,93.86,178.21,48
849408,106176,3553.81,91.77,169.62,48
849408,106176,2137.82,92.36,519.70,48
849408,106176,4055.14,93.71,69.93,48
849792,106224,4265.80,92.45,1.34,48
849792,106224,4232.35,92.31,4.80,48
849792,106224,4185.27,92.08,9.39,48
849792,106224,4022.83,93.89,87.34,48
849792,106224,3957.32,93.65,100.25,48
849792,106224,3708.52,91.37,112.18,48
849792,106224,3806.44,92.07,107.88,48
849792,106224,4407.77,93.99,0.02,48
850176,106272,4103.91,93.27,37.74,48
850176,106272,4233.62,92.97,11.31,48
850176,106272,3573.30,91.88,165.19,48
850176,106272,3914.10,91.37,69.85,48
850176,106272,3622.07,93.51,175.88,48
850176,106272,4183.22,91.43,0.43,48
850176,106272,3733.06,93.31,144.62,48
850176,106272,4146.96,94.18,56.64,48
850560,106320,3968.38,92.69,80.99,48
850560,106320,3681.45,93.18,158.56,48
850560,106320,3326.29,93.02,224.95,48
850560,106320,4205.58,91.43,6.26,48
850560,106320,2295.67,91.71,472.89,48
850560,106320,4283.77,91.99,0.18,48
850560,106320,4008.56,91.57,37.04,48
850560,106320,3578.30,91.88,159.51,48
850944,106368,4057.09,92.45,50.79,48
850944,106368,2330.81,91.33,435.00,48
850944,106368,4220.69,92.34,4.11,48
850944,106368,3455.72,93.23,212.72,48
850944,106368,3703.72,92.95,139.71,48
850944,106368,4118.55,91.54,2.39,48
850944,106368,3337.45,91.92,200.36,48
850944,106368,4139.86,93.77,50.29,48
851328,106416,4269.06,92.96,5.40,48
851328,106416,4230.43,92.66,1.37,48
851328,106416,4153.18,92.03,4.89,48
851328,106416,3873.52,91.23,64.15,48
851328,106416,4393.00,94.15,2.89,48
851328,106416,3848.75,91.92,86.63,48
851328,106416,1528.73,92.89,673.06,48
851328,106416,4398.69,94.31,2.53,48
851712,106464,4012.39,93.82,92.34,48
851712,106464,4260.37,92.53,4.83,48
851712,106464,3858.46,91.16,67.92,48
851712,106464,4197.02,91.64,1.70,48
851712,106464,3888.18,91.97,67.44,48
851712,106464,4384.21,93.37,0.04,48
851712,106464,2242.37,92.28,488.47,48
851712,106464,3566.33,92.36,155.71,48
852096,106512,4145.72,93.60,51.11,48
852096,106512,3987.41,92.04,56.46,48
852096,106512,3644.16,93.72,163.26,48
852096,106512,4233.39,92.22,0.75,48
852096,106512,3970.61,93.15,78.17,48
852096,106512,3258.80,92.11,240.99,48
852096,106512,4138.89,91.40,15.97,48
852096,106512,3644.72,92.98,148.76,48
852480,106560,3854.35,91.19,59.36,48
852480,106560,4089.91,92.53,40.97,48
852480,106560,4140.01,90.83,0.25,48
852480,106560,4245.35,92.63,3.66,48
852480,106560,4044.36,93.92,80.01,48
852480,106560,4047.47,90.99,28.93,48
852480,106560,4190.71,93.19,30.47,48
852480,106560,3881.02,91.14,76.27,48
852864,106608,3229.04,91.72,229.70,48
852864,106608,2512.18,90.79,417.44,48
852864,106608,4333.88,93.60,1.46,48
852864,106608,4366.35,93.95,1.83,48
852864,106608,4244.93,91.78,0.33,48
852864,106608,3497.56,91.71,170.43,48
852864,106608,4203.11,91.60,2.28,48
852864,106608,3739.42,93.18,146.00,48
853248,106656,3467.40,93.54,216.95,48
853248,106656,4276.07,93.82,16.38,48
853248,106656,2305.25,93.77,505.47,48
853248,106656,4192.58,92.39,19.78,48
853248,106656,3878.37,91.69,81.21,48
853248,106656,4313.80,93.33,0.39,48
853248,106656,4269.97,92.99,5.97,48
853248,106656,4315.95,94.01,11.00,48
853632,106704,4358.53,93.67,0.57,48
853632,106704,4331.20,93.77,8.19,48
853632,106704,4044.45,92.53,55.12,48
853632,106704,3387.02,93.39,234.78,48
853632,106704,2363.26,93.51,489.55,48
853632,106704,3333.50,92.03,224.96,48
853632,106704,4229.24,92.81,9.27,48
853632,106704,3878.45,91.83,84.83,48
854016,106752,4261.06,92.91,0.43,48
854016,106752,3581.39,91.43,149.88,48
854016,106752,4275.34,94.08,29.58,48
854016,106752,3573.97,92.32,151.43,48
854016,106752,4275.41,93.82,14.72,48
854016,106752,3852.72,90.72,75.89,48
854016,106752,4265.27,92.17,5.12,48
854016,106752,4349.66,93.92,8.93,48
854400,106800,4239.10,92.49,9.13,48
854400,106800,4174.32,93.64,43.53,48
854400,106800,4096.47,91.86,34.89,48
854400,106800,4332.55,93.60,0.81,48
854400,106800,3867.68,93.83,121.10,48
854400,106800,3743.44,90.76,97.27,48
854400,106800,3389.30,93.09,223.29,48
854400,106800,4294.63,93.11,0.79,48
854784,106848,4103.60,93.92,71.51,48
854784,106848,4283.76,93.63,9.25,48
854784,106848,3264.98,91.16,217.37,48
854784,106848,4139.16,91.67,3.59,48
854784,106848,4177.02,93.34,46.50,48
854784,106848,3605.71,94.42,200.66,48
854784,106848,4207.16,91.86,2.26,48
854784,106848,4073.81,93.92,75.84,48
855168,106896,4179.27,94.40,61.22,48
855168,106896,4036.22,92.88,62.58,48
855168,106896,3860.83,91.74,89.88,48
855168,106896,4096.78,93.05,40.60,48
855168,106896,3339.96,93.29,236.15,48
855168,106896,4046.09,93.79,81.15,48
855168,106896,3754.87,92.98,132.14,48
855168,106896,4254.98,92.88,0.39,48
855552,106944,3696.41,91.93,116.55,48
855552,106944,4025.63,92.60,47.65,48
855552,106944,4367.65,94.02,0.26,48
855552,106944,3724.28,93.92,159.39,48
855552,106944,3323.68,93.83,258.33,48
855552,106944,4308.65,93.64,9.60,48
855552,106944,4000.57,93.50,76.79,48
855552,106944,4184.99,93.92,42.15,48
855936,106992,3445.86,93.64,219.58,48
855936,106992,3304.54,93.35,242.70,48
855936,106992,4268.85,93.29,0.26,48
855936,106992,4331.44,93.47,1.24,48
855936,106992,4082.85,90.96,3.43,48
855936,106992,2336.89,93.02,474.87,48
855936,106992,3788.44,93.33,136.70,48
855936,106992,3701.71,91.53,120.98,48
856320,107040,4077.83,94.02,70.61,48
856320,107040,4279.93,93.09,0.81,48
856320,107040,4122.97,93.85,52.67,48
856320,107040,3328.21,91.92,223.21,48
856320,107040,4295.34,93.74,9.98,48
856320,107040,4178.09,93.64,35.28,48
856320,107040,4031.51,93.58,67.46,48
856320,107040,3346.39,92.97,227.41,48
856704,107088,3566.47,92.91,175.90,48
856704,107088,4173.72,93.94,46.39,48
856704,107088,4220.30,94.05,39.71,48
856704,107088,4139.78,93.73,51.75,48
856704,107088,4148.60,94.12,58.06,48
856704,107088,4125.60,90.69,1.00,48
856704,107088,4379.37,94.22,2.46,48
856704,107088,4389.40,93.72,0.05,48
857088,107136,4022.07,91.65,41.01,48
857088,107136,4309.05,93.12,0.81,48
857088,107136,4133.72,93.24,46.78,48
857088,107136,4075.99,93.01,47.63,48
857088,107136,3990.32,90.88,28.39,48
857088,107136,1788.27,93.31,637.66,48
857088,107136,3397.08,91.37,190.77,48
857088,107136,3706.03,91.79,123.19,48
857472,107184,4084.27,92.30,50.24,48
857472,107184,3640.42,93.58,175.01,48
857472,107184,4309.70,93.05,0.88,48
857472,107184,4196.51,93.01,19.00,48
857472,107184,4224.00,93.92,38.64,48
857472,107184,4009.80,92.92,69.69,48
857472,107184,4335.18,93.54,3.02,48
857472,107184,4240.65,92.04,1.56,48
857856,107232,3623.80,92.17,153.76,48
857856,107232,4237.96,93.86,37.65,48
857856,107232,4012.24,93.37,76.16,48
857856,107232,3931.42,91.12,48.14,48
857856,107232,4274.30,94.22,36.40,48
857856,107232,3732.69,93.79,155.00,48
857856,107232,4022.13,92.73,64.16,48
857856,107232,4274.40,93.25,16.39,48
858240,107280,3735.66,91.43,108.90,48
858240,107280,4151.30,92.07,22.91,48
858240,107280,4369.25,94.28,7.69,48
858240,107280,4219.01,93.70,32.22,48
858240,107280,4012.41,92.87,68.05,48
858240,107280,4134.83,93.96,63.47,48
858240,107280,3489.74,93.21,206.04,48
858240,107280,4180.49,92.07,0.81,48
858624,107328,4148.31,91.89,15.45,48
858624,107328,4147.86,92.56,26.58,48
858624,107328,4206.58,92.37,11.00,48
858624,107328,4260.71,93.80,14.86,48
858624,107328,3280.69,92.36,242.85,48
858624,107328,4396.74,94.12,0.43,48
858624,107328,4205.06,92.32,3.40,48
858624,107328,4085.64,92.97,47.85,48
859008,107376,4004.75,92.17,63.30,48
859008,107376,4210.46,91.99,0.19,48
859008,107376,4228.94,93.66,38.67,48
859008,107376,3494.80,93.02,206.75,48
859008,107376,4229.10,92.43,0.81,48
859008,107376,3896.91,91.36,69.02,48
859008,107376,4173.38,92.35,19.84,48
859008,107376,4093.52,91.47,18.08,48
859392,107424,4278.02,92.24,0.57,48
859392,107424,4263.48,92.81,1.24,48
859392,107424,3665.86,91.93,129.45,48
859392,107424,3655.32,91.84,147.51,48
859392,107424,4278.64,93.28,16.74,48
859392,107424,2446.28,93.12,443.61,48
859392,107424,3483.17,91.99,183.10,48
859392,107424,3711.05,91.64,125.02,48
859776,107472,2530.32,93.27,453.27,48
859776,107472,4017.46,91.82,60.44,48
859776,107472,4060.59,90.62,0.26,48
859776,107472,3614.55,91.00,144.04,48
859776,107472,3834.18,91.22,85.49,48
859776,107472,4357.61,93.60,7.00,48
859776,107472,3983.80,94.22,103.05,48
859776,107472,4213.07,93.41,19.48,48
860160,107520,3852.73,92.04,80.36,48
860160,107520,3465.95,92.27,188.06,48
860160,107520,4043.85,93.32,65.14,48
860160,107520,4064.56,93.14,51.98,48
860160,107520,3834.04,91.93,87.45,48
860160,107520,4258.55,92.23,1.83,48
860160,107520,4253.74,92.28,0.28,48
860160,107520,3480.98,93.02,198.23,48
860544,107568,3337.36,91.88,218.79,48
860544,107568,3550.53,93.08,195.65,48
860544,107568,4229.90,92.17,0.88,48
860544,107568,3933.06,91.71,68.45,48
860544,107568,2687.83,93.41,410.30,48
860544,107568,3883.89,93.64,117.08,48
860544,107568,4200.94,91.79,4.05,48
860544,107568,4157.57,93.98,53.75,48
860928,107616,4309.77,93.66,0.33,48
860928,107616,4111.93,91.77,39.19,48
860928,107616,4195.72,91.78,1.43,48
860928,107616,4148.11,90.99,1.51,48
860928,107616,3693.41,93.77,159.71,48
860928,107616,3459.91,92.42,192.70,48
860928,107616,4123.73,92.53,31.52,48
860928,107616,4207.29,93.02,13.94,48
861312,107664,4310.41,94.08,17.63,48
861312,107664,3903.95,92.08,61.65,48
861312,107664,4284.76,93.05,8.92,48
861312,107664,4246.73,93.11,9.74,48
861312,107664,4191.34,93.99,48.17,48
861312,107664,4263.26,93.03,2.60,48
861312,107664,3614.80,94.14,185.55,48
861312,107664,4222.11,91.89,13.52,48
861696,107712,4050.33,91.86,35.81,48
861696,107712,3717.63,93.35,141.81,48
861696,107712,4120.76,93.47,55.71,48
861696,107712,4141.41,91.93,14.23,48
861696,107712,3820.87,93.31,120.42,48
861696,107712,4203.03,93.37,30.74,48
861696,107712,3653.17,90.91,113.89,48
861696,107712,3817.13,92.03,87.49,48
862080,107760,3958.94,90.49,35.37,48
862080,107760,4022.72,93.14,76.08,48
862080,107760,3813.61,92.20,98.60,48
862080,107760,4239.28,91.95,9.54,48
862080,107760,4309.00,93.27,0.02,48
862080,107760,3695.70,93.34,150.98,48
862080,107760,4092.11,93.65,62.30,48
862080,107760,4064.39,93.86,75.91,48
862464,107808,4016.90,91.61,47.94,48
862464,107808,3883.35,91.40,78.52,48
862464,107808,4166.83,91.51,7.78,48
862464,107808,4127.41,91.58,0.80,48
862464,107808,4104.34,92.04,31.04,48
862464,107808,4222.34,92.86,17.19,48
862464,107808,4171.88,91.96,10.55,48
862464,107808,4330.51,93.89,11.94,48
862848,107856,4288.74,92.99,0.62,48
862848,107856,4299.61,93.09,2.41,48
862848,107856,4114.17,92.82,31.89,48
862848,107856,4319.88,93.53,0.10,48
862848,107856,4356.39,93.63,0.69,48
862848,107856,3976.41,91.79,47.16,48
862848,107856,4354.93,94.27,9.07,48
862848,107856,3989.43,92.03,53.62,48
863232,107904,3889.71,91.10,55.59,48
863232,107904,4124.93,91.58,10.88,48
863232,107904,4252.09,92.95,0.74,48
863232,107904,4036.94,93.20,62.15,48
863232,107904,4299.30,92.63,1.00,48
863232,107904,3878.43,91.61,77.24,48
863232,107904,4116.74,91.29,23.90,48
863232,107904,4051.16,91.51,40.75,48
863616,107952,4159.60,91.99,13.34,48
863616,107952,3176.05,92.73,274.01,48
863616,107952,1475.58,91.74,682.37,48
863616,107952,4345.16,93.50,1.37,48
863616,107952,4217.28,92.70,1.68,48
863616,107952,4021.09,92.28,49.08,48
863616,107952,4086.00,93.28,60.55,48
863616,107952,4034.56,92.50,48.98,48
864000,108000,4019.09,92.38,55.03,48
864000,108000,4271.74,93.79,21.33,48
864000,108000,4249.20,93.37,14.21,48
864000,108000,3631.98,93.24,165.59,48
864000,108000,4217.37,91.46,2.47,48
864000,108000,4003.73,92.99,64.30,48
864000,108000,4200.87,92.28,1.21,48
864000,108000,3268.27,92.25,226.07,48
864384,108048,3313.05,91.85,224.32,48
864384,108048,4294.21,93.50,3.67,48
864384,108048,2390.58,91.42,459.04,48
864384,108048,3379.39,93.68,239.33,48
864384,108048,4327.50,93.47,6.91,48
864384,108048,4331.61,93.76,12.40,48
864384,108048,3623.43,92.04,135.71,48
864384,108048,3435.37,92.20,196.44,48
864768,108096,4144.57,92.17,18.18,48
864768,108096,3988.14,93.35,83.25,48
864768,108096,4245.65,92.16,0.31,48
864768,108096,3370.33,91.40,199.90,48
864768,108096,1637.40,91.40,626.93,48
864768,108096,4198.88,92.22,4.00,48
864768,108096,4043.45,93.23,66.21,48
864768,108096,3453.26,93.85,231.41,48
865152,108144,4298.87,92.35,0.69,48
865152,108144,4028.13,92.31,40.70,48
865152,108144,4177.12,93.08,37.06,48
865152,108144,3975.81,91.71,61.88,48
865152,108144,4002.38,93.08,79.68,48
865152,108144,4350.21,93.57,1.45,48
865152,108144,3943.03,94.45,106.60,48
865152,108144,3406.07,92.11,196.83,48
865536,108192,4320.75,93.44,3.19,48
865536,108192,4321.75,93.60,2.70,48
865536,108192,4141.73,93.07,38.79,48
865536,108192,4142.05,91.71,1.64,48
865536,108192,3608.43,92.13,152.91,48
865536,108192,4247.00,92.72,2.51,48
865536,108192,4099.91,90.62,15.26,48
865536,108192,4397.99,94.11,0.28,48
865920,108240,4184.43,91.85,0.98,48
865920,108240,4323.62,93.41,0.74,48
865920,108240,4125.26,91.17,20.66,48
865920,108240,3758.49,93.54,138.63,48
865920,108240,3822.80,91.52,88.49,48
865920,108240,4147.44,93.57,48.19,48
865920,108240,4024.83,92.22,44.46,48
865920,108240,4119.83,91.12,9.09,48
866304,108288,3644.97,92.02,146.61,48
866304,108288,3959.08,91.99,61.25,48
866304,108288,3627.07,90.34,118.24,48
866304,108288,4329.75,93.50,4.81,48
866304,108288,3998.53,91.37,37.21,48
866304,108288,3978.63,92.60,59.77,48
866304,108288,3301.65,91.54,216.33,48
866304,108288,3863.01,91.75,69.31,48
866688,108336,4340.97,93.73,0.27,48
866688,108336,4001.54,91.68,52.63,48
866688,108336,4328.19,93.40,0.69,48
866688,108336,3751.40,93.96,153.01,48
866688,108336,4222.45,92.32,2.12,48
866688,108336,3933.14,93.87,101.33,48
866688,108336,4232.08,93.60,22.36,48
866688,108336,4055.17,91.92,46.92,48
867072,108384,4151.16,93.63,44.02,48
867072,108384,4333.68,93.92,0.76,48
867072,108384,3776.07,91.72,98.31,48
867072,108384,4129.52,91.97,21.08,48
867072,108384,4242.18,94.14,34.07,48
867072,108384,4290.63,92.74,0.69,48
867072,108384,4135.23,91.46,12.38,48
867072,108384,4006.53,91.86,48.65,48
867456,108432,4122.86,94.24,69.13,48
867456,108432,3323.83,93.30,245.78,48
867456,108432,4051.28,93.41,59.95,48
867456,108432,4271.81,92.89,0.69,48
867456,108432,3637.15,93.60,177.16,48
867456,108432,4171.22,92.94,26.64,48
867456,108432,3405.66,92.04,188.23,48
867456,108432,4176.86,91.44,9.21,48
867840,108480,4216.39,92.43,2.20,48
867840,108480,3753.48,92.42,109.54,48
867840,108480,3855.85,93.82,129.48,48
867840,108480,3759.01,91.28,99.86,48
867840,108480,3553.91,93.11,173.81,48
867840,108480,4206.69,91.78,0.60,48
867840,108480,3702.05,92.37,126.39,48
867840,108480,4100.21,93.57,52.08,48
868224,108528,4157.57,91.97,5.60,48
868224,108528,4211.81,91.64,2.20,48
868224,108528,4284.16,92.86,1.66,48
868224,108528,3431.37,91.93,190.45,48
868224,108528,4313.03,94.05,7.05,48
868224,108528,4251.05,92.56,0.78,48
868224,108528,4210.64,92.28,0.19,48
868224,108528,4125.85,92.20,30.61,48
868608,108576,4361.37,94.11,0.88,48
868608,108576,3846.61,92.65,98.07,48
868608,108576,4050.13,93.95,77.46,48
868608,108576,4102.48,93.79,63.41,48
868608,108576,4239.00,93.25,10.97,48
868608,108576,1569.37,91.08,634.47,48
868608,108576,4110.17,92.06,37.99,48
868608,108576,4074.24,93.34,55.04,48
868992,108624,4326.41,93.61,0.74,48
868992,108624,3902.04,91.50,80.36,48
868992,108624,4338.26,93.37,0.60,48
868992,108624,2251.74,92.35,502.97,48
868992,108624,4136.78,93.67,59.86,48
868992,108624,4265.35,93.16,1.29,48
868992,108624,4238.47,93.25,23.03,48
868992,108624,4181.08,93.65,31.32,48
869376,108672,4379.81,93.50,0.39,48
869376,108672,4177.78,92.07,11.04,48
869376,108672,4241.73,91.67,1.64,48
869376,108672,4047.17,90.72,24.87,48
869376,108672,4244.94,94.09,28.26,48
869376,108672,3786.62,90.48,88.63,48
869376,108672,3929.57,91.82,67.97,48
869376,108672,4102.27,92.23,31.93,48
869760,108720,4295.49,93.02,0.71,48
869760,108720,3328.94,91.68,217.24,48
869760,108720,3200.60,92.48,261.60,48
869760,108720,4032.61,91.47,33.14,48
869760,108720,4075.69,92.07,46.44,48
869760,108720,3967.57,92.28,67.28,48
869760,108720,4264.19,92.24,0.60,48
869760,108720,4326.49,93.40,5.43,48
870144,108768,3213.76,91.96,247.55,48
870144,108768,4369.41,93.74,0.19,48
870144,108768,4171.00,91.89,11.43,48
870144,108768,4132.28,93.66,50.61,48
870144,108768,3291.28,91.99,227.45,48
870144,108768,4152.51,91.62,0.28,48
870144,108768,3861.20,93.64,119.64,48
870144,108768,4262.20,92.56,2.55,48
870528,108816,1442.96,91.97,683.80,48
870528,108816,4328.93,93.08,0.33,48
870528,108816,4249.65,93.89,28.70,48
870528,108816,4075.21,92.03,37.73,48
870528,108816,3392.83,93.36,228.33,48
870528,108816,3498.18,92.49,188.52,48
870528,108816,4341.12,93.50,4.83,48
870528,108816,3728.39,93.77,158.81,48
870912,108864,3468.67,93.44,216.30,48
870912,108864,3708.55,91.96,122.08,48
870912,108864,3801.38,91.11,98.43,48
870912,108864,3426.60,93.95,231.34,48
870912,108864,4197.13,91.47,7.54,48
870912,108864,4084.09,91.13,19.51,48
870912,108864,1813.10,93.34,623.48,48
870912,108864,4191.43,93.70,39.58,48
871296,108912,3958.55,94.03,100.02,48
871296,108912,3721.93,91.88,127.64,48
871296,108912,3235.87,92.10,250.82,48
871296,108912,4379.67,94.01,1.37,48
871296,108912,3398.67,91.74,208.65,48
871296,108912,4290.34,92.70,0.10,48
871296,108912,2698.26,93.21,402.34,48
871296,108912,4168.15,91.26,4.31,48
871680,108960,4369.61,94.09,1.28,48
871680,108960,3251.54,91.96,244.78,48
871680,108960,4340.80,93.94,8.53,48
871680,108960,3945.35,91.71,60.55,48
871680,108960,3981.16,91.83,49.75,48
871680,108960,3523.36,94.28,207.34,48
871680,108960,4241.72,91.61,0.31,48
871680,108960,3837.99,90.65,73.28,48
872064,109008,4204.17,92.40,7.77,48
872064,109008,4370.17,94.26,3.52,48
872064,109008,4049.15,91.62,34.39,48
872064,109008,4119.39,91.43,1.54,48
872064,109008,4239.22,91.90,0.39,48
872064,109008,4108.38,93.02,49.03,48
872064,109008,4212.56,91.47,0.33,48
872064,109008,4045.46,91.33,34.64,48
872448,109056,4336.55,93.54,3.37,48
872448,109056,4236.49,93.41,19.93,48
872448,109056,4100.98,92.26,18.46,48
872448,109056,3771.36,93.22,137.26,48
872448,109056,3229.01,92.21,244.64,48
872448,109056,1808.44,93.15,619.19,48
872448,109056,4174.04,91.79,0.76,48
872448,109056,4372.76,94.08,1.00,48
872832,109104,3128.26,92.32,266.74,48
872832,109104,4323.51,93.70,7.58,48
872832,109104,3729.79,92.16,136.67,48
872832,109104,4127.06,91.75,9.21,48
872832,109104,4282.32,94.14,26.08,48
872832,109104,4331.17,93.89,5.92,48
872832,109104,3959.77,93.06,79.94,48
872832,109104,3510.01,91.11,167.31,48
873216,109152,3317.98,93.90,251.22,48
873216,109152,1729.61,90.72,612.41,48
873216,109152,3524.12,92.10,167.45,48
873216,109152,3356.02,94.24,262.37,48
873216,109152,3946.93,93.15,84.29,48
873216,109152,3954.96,92.56,69.43,48
873216,109152,4094.52,93.05,44.07,48
873216,109152,4220.76,91.79,0.71,48
873600,109200,4281.98,93.53,10.45,48
873600,109200,4117.56,93.37,56.13,48
873600,109200,3494.26,92.59,188.30,48
873600,109200,4250.86,94.22,40.85,48
873600,109200,3972.72,93.63,98.19,48
873600,109200,4052.33,93.51,61.60,48
873600,109200,4270.79,93.10,0.02,48
873600,109200,4203.86,93.92,42.45,48
873984,109248,4187.52,91.00,6.56,48
873984,109248,4049.77,92.83,53.35,48
873984,109248,3363.93,93.40,237.37,48
873984,109248,3957.72,93.70,94.17,48
873984,109248,3847.53,93.05,106.75,48
873984,109248,1519.31,93.70,701.23,48
873984,109248,4358.93,93.63,0.19,48
873984,109248,4231.50,92.43,1.55,48
874368,109296,3528.55,93.82,213.72,48
874368,109296,4339.42,93.65,1.45,48
874368,109296,3993.64,91.47,45.68,48
874368,109296,4008.68,91.88,50.22,48
874368,109296,3898.89,90.76,68.08,48
874368,109296,4140.72,92.69,43.43,48
874368,109296,4321.14,93.98,0.69,48
874368,109296,3655.55,91.65,131.62,48
874752,109344,2285.86,91.68,473.17,48
874752,109344,4290.85,93.24,1.24,48
874752,109344,4326.09,93.40,0.81,48
874752,109344,3840.50,91.33,75.17,48
874752,109344,4237.27,92.37,0.83,48
874752,109344,4049.90,92.03,40.46,48
874752,109344,3994.39,92.41,54.42,48
874752,109344,4160.30,94.46,59.47,48
875136,109392,4006.54,90.93,45.30,48
875136,109392,3631.89,93.21,176.16,48
875136,109392,3928.28,93.17,91.70,48
875136,109392,3387.59,93.07,226.95,48
875136,109392,3460.70,91.92,183.99,48
875136,109392,3991.23,92.63,75.50,48
875136,109392,4163.20,92.20,23.55,48
875136,109392,4350.38,94.05,2.48,48
875520,109440,3897.91,92.35,83.46,48
875520,109440,3911.18,93.95,120.79,48
875520,109440,4077.55,91.46,38.72,48
875520,109440,4349.02,93.24,0.39,48
875520,109440,4070.15,92.49,44.10,48
875520,109440,3700.07,93.89,168.88,48
875520,109440,2232.14,91.68,478.62,48
875520,109440,4036.05,93.63,71.80,48
875904,109488,3984.56,92.27,60.81,48
875904,109488,4138.06,93.18,42.77,48
875904,109488,4232.42,93.05,12.57,48
875904,109488,4223.50,92.86,8.51,48
875904,109488,3899.75,93.40,105.34,48
875904,109488,4333.07,93.74,0.69,48
875904,109488,4123.71,91.90,24.45,48
875904,109488,4301.95,93.85,5.93,48
876288,109536,4289.28,92.48,0.68,48
876288,109536,1505.57,93.27,686.61,48
876288,109536,4259.62,92.31,0.47,48
876288,109536,4037.42,93.16,56.48,48
876288,109536,4213.69,92.21,3.32,48
876288,109536,4326.72,93.96,11.99,48
876288,109536,3587.90,92.48,159.90,48
876288,109536,4184.32,92.75,20.88,48
876672,109584,4324.35,93.91,13.78,48
876672,109584,4085.87,91.54,32.49,48
876672,109584,3218.44,92.10,248.55,48
876672,109584,4339.48,93.34,0.61,48
876672,109584,4319.74,93.86,1.56,48
876672,109584,1543.84,93.64,694.38,48
876672,109584,4223.20,91.99,0.00,48
876672,109584,3934.11,92.32,65.79,48
877056,109632,3715.58,93.18,155.05,48
877056,109632,4346.03,93.91,0.71,48
877056,109632,3974.11,93.81,89.65,48
877056,109632,3942.66,90.69,42.92,48
877056,109632,4061.15,92.82,46.57,48
877056,109632,4180.37,93.64,29.98,48
877056,109632,3809.43,93.57,130.24,48
877056,109632,4180.34,91.43,0.74,48
877440,109680,3245.59,92.57,254.84,48
877440,109680,4396.45,94.20,3.96,48
877440,109680,4213.79,92.50,10.45,48
877440,109680,4122.32,91.36,21.17,48
877440,109680,3996.65,91.27,37.44,48
877440,109680,3579.45,91.08,155.15,48
877440,109680,4367.02,93.72,2.31,48
877440,109680,4116.31,91.59,20.27,48
877824,109728,3853.88,91.15,67.83,48
877824,109728,4174.78,91.76,0.66,48
877824,109728,3572.46,93.09,175.40,48
877824,109728,3632.46,91.18,140.81,48
877824,109728,4372.15,94.27,0.79,48
877824,109728,4014.25,93.77,73.14,48
877824,109728,4066.66,93.92,76.07,48
877824,109728,4360.48,93.85,0.00,48
878208,109776,4070.40,94.28,79.40,48
878208,109776,3623.53,93.31,168.60,48
878208,109776,4004.81,92.27,49.86,48
878208,109776,1598.34,93.63,682.46,48
878208,109776,4080.66,92.37,28.15,48
878208,109776,4156.47,91.20,3.06,48
878208,109776,3707.87,90.59,99.19,48
878208,109776,3827.08,93.70,119.38,48
878592,109824,4351.55,93.67,1.28,48
878592,109824,4090.92,91.92,34.22,48
878592,109824,4255.68,92.35,6.51,48
878592,109824,4269.21,92.54,0.00,48
878592,109824,3766.88,92.87,111.90,48
878592,109824,4287.47,91.92,0.32,48
878592,109824,4276.83,93.70,15.64,48
878592,109824,4233.27,93.57,23.01,48
878976,109872,3341.91,91.06,195.00,48
878976,109872,1600.45,93.72,683.13,48
878976,109872,4179.88,91.85,11.49,48
878976,109872,4131.99,93.44,50.27,48
878976,109872,3913.08,93.61,100.22,48
878976,109872,3501.72,91.93,175.26,48
878976,109872,3861.43,93.47,123.07,48
878976,109872,4148.33,91.78,16.76,48
879360,109920,4036.23,93.24,62.37,48
879360,109920,3954.87,91.81,52.38,48
879360,109920,4036.24,92.99,65.61,48
879360,109920,3975.30,91.99,61.20,48
879360,109920,3448.36,93.69,226.00,48
879360,109920,4275.34,94.14,26.32,48
879360,109920,4234.35,94.12,41.50,48
879360,109920,3308.96,91.88,227.79,48
879744,109968,4313.17,93.60,3.26,48
879744,109968,4093.20,92.13,39.73,48
879744,109968,4276.37,93.38,4.70,48
879744,109968,3423.11,90.72,183.17,48
879744,109968,3821.20,92.95,105.72,48
879744,109968,4055.10,94.26,78.96,48
879744,109968,4246.77,93.18,7.94,48
879744,109968,4320.27,93.15,2.39,48
880128,110016,4155.93,92.69,36.81,48
880128,110016,4255.36,94.09,26.09,48
880128,110016,4231.50,94.35,41.56,48
880128,110016,4279.54,92.69,0.43,48
880128,110016,4278.62,93.47,4.35,48
880128,110016,4400.33,94.12,0.19,48
880128,110016,4055.06,92.99,56.22,48
880128,110016,4350.34,93.63,1.43,48
880512,110064,3453.83,93.99,231.14,48
880512,110064,4205.46,91.91,9.39,48
880512,110064,1525.39,92.28,674.17,48
880512,110064,3681.16,94.02,168.14,48
880512,110064,4346.78,93.53,1.21,48
880512,110064,3289.61,92.63,244.09,48
880512,110064,4404.98,93.96,1.54,48
880512,110064,4129.63,90.57,1.01,48
880896,110112,2448.65,90.58,400.00,48
880896,110112,4206.49,91.89,0.60,48
880896,110112,4381.63,93.69,0.60,48
880896,110112,4344.03,93.47,0.83,48
880896,110112,4293.67,93.54,15.73,48
880896,110112,4094.36,92.79,39.00,48
880896,110112,4184.08,91.26,1.17,48
880896,110112,3723.40,92.99,141.53,48
881280,110160,3386.42,92.31,212.41,48
881280,110160,3578.17,91.32,136.32,48
881280,110160,3451.18,93.70,212.74,48
881280,110160,4205.18,93.47,35.09,48
881280,110160,4267.28,94.06,25.49,48
881280,110160,4158.41,91.87,1.95,48
881280,110160,4040.10,92.84,57.95,48
881280,110160,3407.18,93.50,232.32,48
881664,110208,4076.73,91.82,41.49,48
881664,110208,4292.00,93.28,2.48,48
881664,110208,3829.89,91.09,69.76,48
881664,110208,3677.98,93.70,171.29,48
881664,110208,3392.22,93.64,229.80,48
881664,110208,3994.33,91.05,35.45,48
881664,110208,3642.98,93.03,167.18,48
881664,110208,3660.97,92.76,159.80,48
882048,110256,4256.75,93.11,20.13,48
882048,110256,4290.71,93.90,10.24,48
882048,110256,4159.61,92.20,9.95,48
882048,110256,4196.63,91.41,3.71,48
882048,110256,4188.30,93.47,35.32,48
882048,110256,4308.94,93.74,6.51,48
882048,110256,4234.15,91.68,1.24,48
882048,110256,3893.42,91.55,63.78,48
882432,110304,4001.68,91.46,55.00,48
882432,110304,3938.59,93.24,96.23,48
882432,110304,3255.76,91.75,229.27,48
882432,110304,3325.16,94.15,258.79,48
882432,110304,3500.24,93.24,201.56,48
882432,110304,3980.31,92.94,87.93,48
882432,110304,4009.90,91.68,43.07,48
882432,110304,4131.44,93.57,47.77,48
882816,110352,4260.83,92.45,4.23,48
882816,110352,3985.85,92.84,78.73,48
882816,110352,4005.50,92.24,63.39,48
882816,110352,4180.72,92.28,3.16,48
882816,110352,4153.80,91.19,6.04,48
882816,110352,4194.12,91.90,4.38,48
882816,110352,3977.96,93.25,84.55,48
882816,110352,3522.02,93.60,210.31,48
883200,110400,4066.69,92.99,61.07,48
883200,110400,3893.15,90.67,40.00,48
883200,110400,4148.53,93.28,44.70,48
883200,110400,4128.19,92.78,31.18,48
883200,110400,4080.28,93.96,66.91,48
883200,110400,4155.57,93.99,49.53,48
883200,110400,4343.69,93.57,0.88,48
883200,110400,4112.90,93.11,49.00,48
883584,110448,3908.61,93.02,82.86,48
883584,110448,4158.86,93.28,37.89,48
883584,110448,4015.20,93.67,80.35,48
883584,110448,4220.40,92.61,0.28,48
883584,110448,4143.51,93.72,53.29,48
883584,110448,4099.28,91.99,13.18,48
883584,110448,4292.92,93.77,18.58,48
883584,110448,4086.72,91.36,31.88,48
883968,110496,3688.13,93.23,148.26,48
883968,110496,4368.48,94.04,7.38,48
883968,110496,3894.08,92.66,104.06,48
883968,110496,4164.44,91.99,20.04,48
883968,110496,3837.15,92.31,94.09,48
883968,110496,3822.30,91.50,88.17,48
883968,110496,3565.14,92.88,169.00,48
883968,110496,3575.30,92.99,171.42,48
884352,110544,4329.52,93.31,3.44,48
884352,110544,4100.64,94.15,61.88,48
884352,110544,3415.35,93.99,235.25,48
884352,110544,3351.45,93.73,241.87,48
884352,110544,3358.48,93.65,244.10,48
884352,110544,4330.46,93.77,9.02,48
884352,110544,3998.63,92.01,51.59,48
884352,110544,3382.05,93.74,238.19,48
884736,110592,4040.48,92.95,53.31,48
884736,110592,3649.16,91.99,152.36,48
884736,110592,3558.27,91.53,158.88,48
884736,110592,4347.49,93.54,0.33,48
884736,110592,4142.14,93.06,38.58,48
884736,110592,4284.77,93.44,3.96,48
884736,110592,4368.29,94.04,7.39,48
884736,110592,3274.23,91.72,232.23,48
885120,110640,3431.16,93.23,210.73,48
885120,110640,3649.36,91.44,135.42,48
885120,110640,4200.54,93.95,47.85,48
885120,110640,4076.85,92.30,28.18,48
885120,110640,3159.46,92.05,250.50,48
885120,110640,2397.12,94.22,481.22,48
885120,110640,3767.92,92.35,115.84,48
885120,110640,1650.42,91.51,628.81,48
885504,110688,3612.10,92.40,152.67,48
885504,110688,4241.69,92.36,0.32,48
885504,110688,3987.91,94.08,93.79,48
885504,110688,3644.60,92.11,145.34,48
885504,110688,3501.35,91.37,168.62,48
885504,110688,4262.25,93.21,5.61,48
885504,110688,4011.49,92.32,44.27,48
885504,110688,1542.22,91.72,664.24,48
885888,110736,4151.42,92.92,22.97,48
885888,110736,4001.97,93.61,72.11,48
885888,110736,4251.53,91.85,0.05,48
885888,110736,3644.01,93.11,162.05,48
885888,110736,4112.71,93.51,59.65,48
885888,110736,3247.72,94.22,269.48,48
885888,110736,4106.10,91.73,19.22,48
885888,110736,4058.74,91.23,23.44,48
886272,110784,4209.94,92.72,8.37,48
886272,110784,3997.54,91.10,34.38,48
886272,110784,1518.51,93.47,688.02,48
886272,110784,4208.30,92.25,1.21,48
886272,110784,4331.15,93.08,0.57,48
886272,110784,4228.24,92.49,4.72,48
886272,110784,4026.74,91.30,35.62,48
886272,110784,4318.78,93.79,13.36,48
886656,110832,3667.29,92.04,135.27,48
886656,110832,4193.68,93.58,37.41,48
886656,110832,3948.49,93.14,83.35,48
886656,110832,3204.07,92.49,250.15,48
886656,110832,4354.15,94.12,1.83,48
886656,110832,4244.62,93.50,24.64,48
886656,110832,3688.74,94.19,171.22,48
886656,110832,4286.18,93.61,8.83,48
887040,110880,3773.16,92.01,99.05,48
887040,110880,4372.02,93.66,0.31,48
887040,110880,4376.62,94.15,1.10,48
887040,110880,3519.81,92.00,181.75,48
887040,110880,3711.76,93.60,161.79,48
887040,110880,4191.73,92.05,1.64,48
887040,110880,3836.33,92.60,107.73,48
887040,110880,3622.22,92.60,161.58,48
887424,110928,3663.90,92.56,147.56,48
887424,110928,4246.17,92.24,0.81,48
887424,110928,4321.84,93.91,12.77,48
887424,110928,4294.44,93.11,0.81,48
887424,110928,4394.96,94.23,2.73,48
887424,110928,4240.19,92.48,10.04,48
887424,110928,3518.05,94.17,203.86,48
887424,110928,3634.01,91.97,139.72,48
887808,110976,4123.65,92.61,23.35,48
887808,110976,3347.77,93.93,249.64,48
887808,110976,3774.62,93.50,140.41,48
887808,110976,3816.82,91.31,90.12,48
887808,110976,4249.08,93.65,14.46,48
887808,110976,4177.79,93.70,33.53,48
887808,110976,3908.80,90.98,67.47,48
887808,110976,4272.34,93.18,2.20,48
888192,111024,3571.68,91.65,153.17,48
888192,111024,4151.94,93.40,38.09,48
888192,111024,4198.50,92.32,5.80,48
888192,111024,3671.72,93.41,154.77,48
888192,111024,3756.24,93.70,150.34,48
888192,111024,1534.02,91.94,658.92,48
888192,111024,3926.05,93.02,83.92,48
888192,111024,3386.53,93.43,232.12,48
888576,111072,1634.62,93.47,669.97,48
888576,111072,4284.88,92.71,0.88,48
888576,111072,3383.15,93.41,223.26,48
888576,111072,4244.53,93.77,22.45,48
888576,111072,4236.50,91.97,2.45,48
888576,111072,4142.36,92.71,30.97,48
888576,111072,4222.42,91.75,3.40,48
888576,111072,4143.05,92.85,17.61,48
888960,111120,3751.00,91.01,108.17,48
888960,111120,3570.97,93.31,174.03,48
888960,111120,3887.56,91.85,91.30,48
888960,111120,3924.24,93.63,97.37,48
888960,111120,4273.65,93.61,13.39,48
888960,111120,4098.15,92.22,22.14,48
888960,111120,2378.39,92.49,467.79,48
888960,111120,4074.15,93.82,73.88,48
889344,111168,4080.94,93.40,48.78,48
889344,111168,4383.37,93.99,1.37,48
889344,111168,4264.83,93.95,18.88,48
889344,111168,1439.09,93.72,720.85,48
889344,111168,1519.42,93.71,695.68,48
889344,111168,4053.86,92.17,48.08,48
889344,111168,4165.26,91.83,10.37,48
889344,111168,3845.48,91.38,76.72,48
889728,111216,4149.28,94.00,46.32,48
889728,111216,4226.12,93.92,29.27,48
889728,111216,3324.98,91.62,199.23,48
889728,111216,4115.40,92.12,22.31,48
889728,111216,3591.08,94.24,194.86,48
889728,111216,4377.86,94.18,8.13,48
889728,111216,4028.02,92.22,49.34,48
889728,111216,3402.66,93.79,234.55,48
890112,111264,4359.71,93.61,2.52,48
890112,111264,3861.36,92.24,92.66,48
890112,111264,4336.56,93.86,5.62,48
890112,111264,4199.03,91.62,0.19,48
890112,111264,4155.69,91.41,3.29,48
890112,111264,4295.42,94.22,23.45,48
890112,111264,4288.47,93.66,0.90,48
890112,111264,4205.59,93.02,0.69,48
890496,111312,3307.18,92.46,220.81,48
890496,111312,3788.90,91.86,106.12,48
890496,111312,4053.99,93.57,68.01,48
890496,111312,3259.37,91.62,223.14,48
890496,111312,3971.55,91.97,52.98,48
890496,111312,4320.43,93.33,2.36,48
890496,111312,3784.63,91.68,108.57,48
890496,111312,3611.00,92.11,149.07,48
890880,111360,4133.13,91.87,12.81,48
890880,111360,3825.92,92.07,99.24,48
890880,111360,4277.85,93.56,16.14,48
890880,111360,3992.49,92.42,55.50,48
890880,111360,3928.15,90.91,34.57,48
890880,111360,4210.04,94.15,48.78,48
890880,111360,4143.83,93.46,47.82,48
890880,111360,4230.84,92.50,13.38,48
891264,111408,4245.76,93.18,13.69,48
891264,111408,4136.17,93.34,38.31,48
891264,111408,4200.55,91.60,0.83,48
891264,111408,3924.03,91.98,60.51,48
891264,111408,4301.38,94.11,17.57,48
891264,111408,4017.65,92.32,45.52,48
891264,111408,4231.06,92.18,2.91,48
891264,111408,4011.25,93.41,77.49,48
891648,111456,3788.40,93.27,132.80,48
891648,111456,3635.96,92.95,159.10,48
891648,111456,4287.40,93.21,7.15,48
891648,111456,3330.32,92.40,222.19,48
891648,111456,4199.77,91.82,0.69,48
891648,111456,3554.31,92.08,158.98,48
891648,111456,3881.93,91.52,62.23,48
891648,111456,4002.72,92.47,49.87,48
892032,111504,3920.81,92.74,86.10,48
892032,111504,4169.30,93.31,31.95,48
892032,111504,3273.66,91.87,228.16,48
892032,111504,3272.77,92.57,251.20,48
892032,111504,4192.90,92.08,0.28,48
892032,111504,3941.42,92.08,69.47,48
892032,111504,3979.07,91.97,60.76,48
892032,111504,4210.90,94.22,39.07,48
892416,111552,3992.80,93.31,83.23,48
892416,111552,4309.38,93.95,6.83,48
892416,111552,4152.38,93.51,40.65,48
892416,111552,3953.43,92.68,64.42,48
892416,111552,4347.68,93.63,1.38,48
892416,111552,3232.72,92.04,241.55,48
892416,111552,3951.62,93.70,93.46,48
892416,111552,3928.72,92.91,76.31,48
892800,111600,4242.92,92.88,1.38,48
892800,111600,3822.76,91.37,77.32,48
892800,111600,3786.72,91.57,112.85,48
892800,111600,3984.18,91.16,32.99,48
892800,111600,4290.41,94.08,19.44,48
892800,111600,3601.77,93.38,176.31,48
892800,111600,3869.00,91.82,91.27,48
892800,111600,4187.30,91.83,4.54,48
893184,111648,4386.32,94.12,1.34,48
893184,111648,4198.39,93.80,35.01,48
893184,111648,3844.73,91.51,80.97,48
893184,111648,3898.77,91.34,57.97,48
893184,111648,4387.57,94.02,0.69,48
893184,111648,1651.22,93.60,671.30,48
893184,111648,3600.72,92.14,145.78,48
893184,111648,3821.54,93.53,130.11,48
893568,111696,4387.54,94.15,0.10,48
893568,111696,3624.46,91.23,144.18,48
893568,111696,3951.47,91.55,38.90,48
893568,111696,3634.90,91.28,143.67,48
893568,111696,3833.79,92.00,93.38,48
893568,111696,1519.08,89.92,611.44,48
893568,111696,3804.26,92.32,98.66,48
893568,111696,4364.99,93.92,1.24,48
893952,111744,4101.66,91.48,12.56,48
893952,111744,4351.54,93.88,1.34,48
893952,111744,3670.17,93.90,163.96,48
893952,111744,4224.46,93.02,12.51,48
893952,111744,4101.57,93.34,56.70,48
893952,111744,4341.50,93.34,0.32,48
893952,111744,4095.59,93.31,49.37,48
893952,111744,4053.13,92.13,50.62,48
894336,111792,4167.17,93.60,37.64,48
894336,111792,3406.57,92.31,211.04,48
894336,111792,4207.35,92.29,6.06,48
894336,111792,4005.44,92.69,59.03,48
894336,111792,4120.82,91.33,15.03,48
894336,111792,3296.97,91.93,220.48,48
894336,111792,4264.46,93.73,17.93,48
894336,111792,4321.44,93.51,0.31,48
894720,111840,4242.85,92.10,0.23,48
894720,111840,3931.45,92.03,78.94,48
894720,111840,4279.85,92.74,0.60,48
894720,111840,3887.98,93.65,114.38,48
894720,111840,3311.36,92.32,227.98,48
894720,111840,1771.02,90.07,573.72,48
894720,111840,3307.15,93.38,241.56,48
894720,111840,4201.33,92.79,1.34,48
895104,111888,4030.84,93.24,77.69,48
895104,111888,4012.21,92.68,55.96,48
895104,111888,2500.25,93.28,451.88,48
895104,111888,4155.82,91.89,7.45,48
895104,111888,4235.52,93.00,13.86,48
895104,111888,4340.14,94.06,2.48,48
895104,111888,1302.46,93.95,751.31,48
895104,111888,4365.05,93.92,1.37,48
895488,111936,4149.46,92.32,17.88,48
895488,111936,3265.67,92.52,244.92,48
895488,111936,4387.23,93.92,3.33,48
895488,111936,3964.26,93.21,76.73,48
895488,111936,3977.62,93.28,79.74,48
895488,111936,3971.81,93.53,85.91,48
895488,111936,3691.88,91.32,124.88,48
895488,111936,4279.72,93.47,2.20,48
895872,111984,3286.87,91.76,223.85,48
895872,111984,3999.56,91.91,49.50,48
895872,111984,4287.28,92.45,1.20,48
895872,111984,4266.36,94.07,25.64,48
895872,111984,4321.76,93.60,4.46,48
895872,111984,4254.50,93.67,19.46,48
895872,111984,3869.75,91.33,79.17,48
895872,111984,4031.65,93.57,72.84,48
896256,112032,4246.91,92.50,1.28,48
896256,112032,2316.14,93.84,507.09,48
896256,112032,3839.56,92.04,95.13,48
896256,112032,3337.73,92.11,222.51,48
896256,112032,3369.13,93.92,243.64,48
896256,112032,4313.28,93.44,1.43,48
896256,112032,3210.48,91.76,236.56,48
896256,112032,3381.38,91.63,211.30,48
896640,112080,4205.75,91.80,1.54,48
896640,112080,3408.98,93.33,229.27,48
896640,112080,1769.66,90.70,592.12,48
896640,112080,3743.60,93.65,156.34,48
896640,112080,1777.65,93.21,636.81,48
896640,112080,4234.26,93.37,9.05,48
896640,112080,3247.98,92.01,231.71,48
896640,112080,4260.96,92.57,0.32,48
897024,112128,4116.45,93.34,40.69,48
897024,112128,3793.50,91.83,100.07,48
897024,112128,3282.61,91.33,216.99,48
897024,112128,4126.46,93.44,52.42,48
897024,112128,4080.91,91.74,15.70,48
897024,112128,4123.98,92.57,29.22,48
897024,112128,4184.60,91.43,0.18,48
897024,112128,3803.28,93.93,135.12,48
897408,112176,4019.46,91.86,40.22,48
897408,112176,4241.20,92.98,0.02,48
897408,112176,4091.91,92.25,31.09,48
897408,112176,4287.15,92.57,1.85,48
897408,112176,4023.61,92.91,64.63,48
897408,112176,4142.12,91.65,14.57,48
897408,112176,4253.82,92.00,0.27,48
897408,112176,4210.43,93.24,30.32,48
897792,112224,3864.79,91.68,89.97,48
897792,112224,4021.46,92.79,54.66,48
897792,112224,3139.31,92.60,269.84,48
897792,112224,4204.75,92.28,1.34,48
897792,112224,4018.47,93.43,71.71,48
897792,112224,3359.50,93.07,231.42,48
897792,112224,3582.35,91.26,147.66,48
897792,112224,4330.77,94.08,11.03,48
898176,112272,4366.87,93.79,0.28,48
898176,112272,3910.83,91.85,77.25,48
898176,112272,4249.94,93.72,25.97,48
898176,112272,4224.99,92.11,0.00,48
898176,112272,4309.55,93.70,8.01,48
898176,112272,3585.46,93.77,188.80,48
898176,112272,4019.02,93.18,65.99,48
898176,112272,3283.44,89.75,193.88,48
898560,112320,4287.37,93.91,16.60,48
898560,112320,4101.32,93.70,57.15,48
898560,112320,4120.65,93.60,48.62,48
898560,112320,4094.80,93.53,60.66,48
898560,112320,4378.36,94.28,4.38,48
898560,112320,3326.45,92.92,230.81,48
898560,112320,4130.88,91.40,1.54,48
898560,112320,4172.83,91.70,1.01,48
898944,112368,4214.34,92.99,6.60,48
898944,112368,4318.45,93.93,1.39,48
898944,112368,4360.23,94.21,9.11,48
898944,112368,4265.37,92.79,0.79,48
898944,112368,4158.62,91.79,7.30,48
898944,112368,4252.35,92.68,0.19,48
898944,112368,4048.83,91.29,30.75,48
898944,112368,4178.11,93.40,25.03,48
899328,112416,3540.93,92.81,174.21,48
899328,112416,4124.97,90.92,0.26,48
899328,112416,4342.27,94.27,12.91,48
899328,112416,4358.93,93.66,1.24,48
899328,112416,3321.98,91.51,206.57,48
899328,112416,3253.36,92.50,233.84,48
899328,112416,3567.49,91.90,153.84,48
899328,112416,4246.44,92.35,0.72,48
899712,112464,4307.43,93.50,6.43,48
899712,112464,4262.44,93.68,16.06,48
899712,112464,3567.14,92.64,173.56,48
899712,112464,4404.71,94.49,3.46,48
899712,112464,4057.74,93.95,73.33,48
899712,112464,4361.39,93.96,2.46,48
899712,112464,4035.87,92.65,36.62,48
899712,112464,3637.90,91.50,132.35,48
900096,112512,3262.62,92.17,243.34,48
900096,112512,3724.87,93.38,140.85,48
900096,112512,4097.27,92.92,43.00,48
900096,112512,4135.35,91.26,13.90,48
900096,112512,3282.49,91.76,235.30,48
900096,112512,3906.62,92.10,83.01,48
900096,112512,1803.72,92.14,602.97,48
900096,112512,4141.23,91.98,1.24,48
900480,112560,4389.64,94.18,1.34,48
900480,112560,4177.33,91.83,0.60,48
900480,112560,1319.34,92.39,725.79,48
900480,112560,3818.03,93.20,130.97,48
900480,112560,4265.73,94.02,22.87,48
900480,112560,4198.87,93.15,27.24,48
900480,112560,4294.58,94.47,32.66,48
900480,112560,4269.55,92.38,0.10,48
900864,112608,4299.73,93.71,12.38,48
900864,112608,4252.01,93.34,10.81,48
900864,112608,3871.70,93.70,117.13,48
900864,112608,4195.89,93.17,30.82,48
900864,112608,3556.32,93.54,185.63,48
900864,112608,4387.17,94.35,0.57,48
900864,112608,4182.10,92.99,9.45,48
900864,112608,3673.07,93.15,145.98,48
901248,112656,4033.68,90.71,6.08,48
901248,112656,3809.55,91.40,89.55,48
901248,112656,2394.37,92.22,444.98,48
901248,112656,4139.69,94.21,63.83,48
901248,112656,3313.82,91.40,217.54,48
901248,112656,4246.53,93.89,17.29,48
901248,112656,3824.53,93.83,126.43,48
901248,112656,4298.99,93.34,0.62,48
901632,112704,3611.79,93.63,179.26,48
901632,112704,3605.65,93.33,168.90,48
901632,112704,4178.49,91.94,0.39,48
901632,112704,4358.98,94.12,0.32,48
901632,112704,3880.64,92.63,81.33,48
901632,112704,3810.32,91.57,105.72,48
901632,112704,4069.90,93.47,67.61,48
901632,112704,2435.80,92.07,441.23,48
902016,112752,4310.11,94.07,19.94,48
902016,112752,4091.68,91.28,0.58,48
902016,112752,4091.22,94.34,70.39,48
902016,112752,4301.14,93.44,13.66,48
902016,112752,4172.93,92.67,24.40,48
902016,112752,4130.45,92.01,2.24,48
902016,112752,4160.62,91.16,4.22,48
902016,112752,4219.96,92.15,1.24,48
902400,112800,3705.13,93.31,146.90,48
902400,112800,4158.58,92.86,28.67,48
902400,112800,4307.13,92.73,0.71,48
902400,112800,4323.07,93.44,0.60,48
902400,112800,3353.84,91.67,211.35,48
902400,112800,4047.29,93.70,71.31,48
902400,112800,1481.86,92.17,686.03,48
902400,112800,4304.89,93.21,1.04,48
902784,112848,1301.71,92.25,725.80,48
902784,112848,4268.18,93.22,10.49,48
902784,112848,3862.89,91.68,83.49,48
902784,112848,4034.93,91.00,8.59,48
902784,112848,4398.31,94.34,0.39,48
902784,112848,4236.46,92.26,1.38,48
902784,112848,4118.06,92.42,44.42,48
902784,112848,3613.03,92.29,148.80,48
903168,112896,4004.66,91.76,48.41,48
903168,112896,4221.16,92.10,3.19,48
903168,112896,4053.12,92.54,48.29,48
903168,112896,4107.82,93.04,45.19,48
903168,112896,3505.07,91.30,164.02,48
903168,112896,4274.31,93.40,10.17,48
903168,112896,4281.47,94.34,27.67,48
903168,112896,4112.58,91.96,11.00,48
903552,112944,3720.66,93.47,150.35,48
903552,112944,4296.31,94.02,20.87,48
903552,112944,4395.68,94.09,0.26,48
903552,112944,4164.96,91.86,10.79,48
903552,112944,4095.03,93.40,65.22,48
903552,112944,3813.10,91.19,76.75,48
903552,112944,4075.03,93.67,65.56,48
903552,112944,3609.69,93.50,178.25,48
903936,112992,4366.40,94.12,0.31,48
903936,112992,4198.27,91.83,0.48,48
903936,112992,4250.57,93.91,25.06,48
903936,112992,4084.78,91.77,41.78,48
903936,112992,3219.89,91.65,235.28,48
903936,112992,3611.00,93.41,176.04,48
903936,112992,4028.38,91.51,38.91,48
903936,112992,3428.16,94.48,247.01,48
904320,113040,4295.51,92.49,1.21,48
904320,113040,4166.36,93.49,44.50,48
904320,113040,4253.00,92.79,1.34,48
904320,113040,3460.85,91.90,185.03,48
904320,113040,4224.81,92.35,1.83,48
904320,113040,2442.15,92.39,446.80,48
904320,113040,4220.99,93.57,15.66,48
904320,113040,3825.36,92.59,109.67,48
904704,113088,3990.66,92.14,57.88,48
904704,113088,3991.64,93.73,86.98,48
904704,113088,4052.24,93.89,73.90,48
904704,113088,3553.97,92.39,169.85,48
904704,113088,4038.24,91.02,14.58,48
904704,113088,3632.13,93.54,173.80,48
904704,113088,3706.39,92.31,138.17,48
904704,113088,4192.82,92.37,0.02,48
905088,113136,3705.95,92.25,132.64,48
905088,113136,4304.73,93.45,0.32,48
905088,113136,4183.78,91.48,8.94,48
905088,113136,4207.52,92.01,2.86,48
905088,113136,4018.95,93.34,83.42,48
905088,113136,3549.76,92.63,182.52,48
905088,113136,4243.61,93.92,30.79,48
905088,113136,3180.07,90.91,218.56,48
905472,113184,4331.21,93.47,9.71,48
905472,113184,3922.36,93.13,90.63,48
905472,113184,3716.79,92.19,116.87,48
905472,113184,4104.71,93.70,60.10,48
905472,113184,3498.12,93.64,208.92,48
905472,113184,3971.48,92.99,75.61,48
905472,113184,3539.28,91.86,166.54,48
905472,113184,4127.03,91.68,23.58,48
905856,113232,4302.77,93.80,12.15,48
905856,113232,2461.74,92.57,447.45,48
905856,113232,3974.05,92.81,66.92,48
905856,113232,4233.51,92.56,9.32,48
905856,113232,4270.88,93.47,11.72,48
905856,113232,3418.68,94.25,241.26,48
905856,113232,4061.16,92.64,47.62,48
905856,113232,4298.96,93.99,20.18,48
906240,113280,3880.78,91.86,81.87,48
906240,113280,4263.10,92.31,0.81,48
906240,113280,4150.45,92.92,21.19,48
906240,113280,3795.65,92.32,105.15,48
906240,113280,4249.09,92.47,1.54,48
906240,113280,4149.56,91.69,6.63,48
906240,113280,4221.57,94.19,38.21,48
906240,113280,4392.02,94.41,9.06,48
906624,113328,3926.45,93.18,89.27,48
906624,113328,4124.15,91.66,2.57,48
906624,113328,4350.78,93.89,4.15,48
906624,113328,3852.30,92.28,97.07,48
906624,113328,4231.82,93.81,19.36,48
906624,113328,3600.52,92.29,159.74,48
906624,113328,4281.92,93.02,1.76,48
906624,113328,4008.54,92.11,46.51,48
907008,113376,4353.82,93.76,0.02,48
907008,113376,4216.77,91.71,2.63,48
907008,113376,4259.21,93.53,18.18,48
907008,113376,3978.60,92.99,83.02,48
907008,113376,1582.78,91.62,637.92,48
907008,113376,3946.22,92.76,77.75,48
907008,113376,3636.82,91.80,134.32,48
907008,113376,4348.71,93.95,6.10,48
907392,113424,2429.79,91.19,435.68,48
907392,113424,4098.67,91.51,9.62,48
907392,113424,3963.01,92.56,70.01,48
907392,113424,4046.01,93.57,70.10,48
907392,113424,4262.99,93.47,3.82,48
907392,113424,4162.93,91.10,0.32,48
907392,113424,4167.02,91.93,1.37,48
907392,113424,3870.76,94.25,129.20,48
907776,113472,4015.71,93.61,74.02,48
907776,113472,3534.64,91.82,176.76,48
907776,113472,1387.73,91.86,694.28,48
907776,113472,4335.22,93.89,0.72,48
907776,113472,4172.36,92.12,0.79,48
907776,113472,4289.08,93.50,13.90,48
907776,113472,4216.71,92.08,2.98,48
907776,113472,4081.40,91.76,18.01,48
908160,113520,3442.02,93.38,215.92,48
908160,113520,4143.27,91.76,0.60,48
908160,113520,2618.59,93.62,432.63,48
908160,113520,3875.66,91.80,67.06,48
908160,113520,4024.33,92.76,56.07,48
908160,113520,4107.45,92.06,41.25,48
908160,113520,4017.50,91.86,45.78,48
908160,113520,4146.63,92.39,23.31,48
908544,113568,3440.70,93.27,217.51,48
908544,113568,4112.81,93.25,46.19,48
908544,113568,4355.79,94.31,6.85,48
908544,113568,3563.97,92.14,157.32,48
908544,113568,3565.53,91.87,157.98,48
908544,113568,4287.52,93.67,10.71,48
908544,113568,4040.70,92.01,29.39,48
908544,113568,4184.08,92.22,3.79,48
908928,113616,4357.22,93.79,1.28,48
908928,113616,4282.12,93.63,15.04,48
908928,113616,4003.16,93.38,75.23,48
908928,113616,4060.93,92.32,40.04,48
908928,113616,4057.00,92.99,46.65,48
908928,113616,3983.78,93.59,83.69,48
908928,113616,2474.45,93.54,459.39,48
908928,113616,3307.84,91.24,197.98,48
909312,113664,3738.82,94.05,158.86,48
909312,113664,2288.02,93.62,505.41,48
909312,113664,3622.99,94.09,184.10,48
909312,113664,1599.78,93.27,667.78,48
909312,113664,4397.53,94.02,1.37,48
909312,113664,4073.43,92.07,26.70,48
909312,113664,4278.96,92.89,2.39,48
909312,113664,4211.52,92.56,15.08,48
909696,113712,3316.64,91.58,216.69,48
909696,113712,4336.62,93.67,0.02,48
909696,113712,4157.49,92.05,4.13,48
909696,113712,3880.71,91.93,77.82,48
909696,113712,4292.47,93.00,0.68,48
909696,113712,4064.68,94.09,71.50,48
909696,113712,3591.31,93.53,173.30,48
909696,113712,3300.58,91.72,226.65,48
910080,113760,4328.77,93.86,10.34,48
910080,113760,3659.11,94.22,186.66,48
910080,113760,3899.24,94.23,124.08,48
910080,113760,3979.58,91.87,42.96,48
910080,113760,4029.51,93.24,71.85,48
910080,113760,3740.33,94.31,159.26,48
910080,113760,4367.56,94.31,2.44,48
910080,113760,4346.53,93.95,0.26,48
910464,113808,4377.75,94.15,1.52,48
910464,113808,3896.82,91.83,66.09,48
910464,113808,4317.91,93.44,10.60,48
910464,113808,4079.47,91.96,40.36,48
910464,113808,4156.53,91.54,3.16,48
910464,113808,3745.99,93.41,140.96,48
910464,113808,4343.00,93.76,2.19,48
910464,113808,4289.55,93.37,2.31,48
910848,113856,4207.96,91.40,1.38,48
910848,113856,4206.19,92.10,3.15,48
910848,113856,3325.56,91.61,214.85,48
910848,113856,4157.29,91.83,5.84,48
910848,113856,4104.73,91.47,17.26,48
910848,113856,4106.24,91.52,10.96,48
910848,113856,4295.73,94.16,19.27,48
910848,113856,3563.45,91.83,147.10,48
911232,113904,3496.86,91.83,174.14,48
911232,113904,3781.64,92.47,105.63,48
911232,113904,4052.05,92.49,48.94,48
911232,113904,3859.28,92.29,85.36,48
911232,113904,3897.17,93.95,126.14,48
911232,113904,4045.68,92.50,47.40,48
911232,113904,3968.25,92.54,62.80,48
911232,113904,4144.83,92.00,19.89,48
911616,113952,4280.16,93.93,17.71,48
911616,113952,1654.43,91.68,632.54,48
911616,113952,4181.91,93.24,28.12,48
911616,113952,3260.37,91.20,209.84,48
911616,113952,4067.76,91.69,36.46,48
911616,113952,4252.41,92.10,0.31,48
911616,113952,4072.95,93.70,68.05,48
911616,113952,4387.46,94.05,0.39,48
912000,114000,4061.77,91.75,36.76,48
912000,114000,4164.97,92.68,22.04,48
912000,114000,4029.94,93.82,81.71,48
912000,114000,3483.59,92.08,183.42,48
912000,114000,4219.76,92.21,1.24,48
912000,114000,4173.48,93.34,42.98,48
912000,114000,3636.59,91.79,141.85,48
912000,114000,4167.76,91.90,14.43,48
912384,114048,4200.01,91.97,4.32,48
912384,114048,1624.27,93.54,665.64,48
912384,114048,3186.02,91.37,235.45,48
912384,114048,4338.67,94.05,7.82,48
912384,114048,3897.29,91.47,61.91,48
912384,114048,3829.61,93.89,124.40,48
912384,114048,4035.92,91.92,51.92,48
912384,114048,4361.11,94.37,3.66,48
912768,114096,4338.53,94.02,7.36,48
912768,114096,4151.63,91.80,16.33,48
912768,114096,3206.43,92.45,253.33,48
912768,114096,4057.01,93.44,62.78,48
912768,114096,4350.61,93.89,8.73,48
912768,114096,4089.48,93.03,46.68,48
912768,114096,3506.48,93.31,203.07,48
912768,114096,4339.97,93.79,2.47,48
913152,114144,4259.13,92.78,0.10,48
913152,114144,3889.49,92.19,76.61,48
913152,114144,4220.83,92.85,10.41,48
913152,114144,3707.63,94.04,156.75,48
913152,114144,4287.73,94.45,20.29,48
913152,114144,4322.12,93.83,0.10,48
913152,114144,3718.31,90.67,86.26,48
913152,114144,3322.24,91.40,221.84,48
913536,114192,4112.31,91.54,29.73,48
913536,114192,4017.17,92.39,52.76,48
913536,114192,4206.75,92.15,4.18,48
913536,114192,4376.72,94.07,2.20,48
913536,114192,4177.57,91.19,1.37,48
913536,114192,4396.56,94.08,0.62,48
913536,114192,3719.70,93.57,148.66,48
913536,114192,3551.37,92.39,172.76,48
913920,114240,3439.31,91.64,189.05,48
913920,114240,4312.14,93.25,6.77,48
913920,114240,4042.53,94.36,86.78,48
913920,114240,3875.25,91.78,80.89,48
913920,114240,4220.87,91.96,5.68,48
913920,114240,4143.45,93.76,45.13,48
913920,114240,4088.47,93.87,64.82,48
913920,114240,4304.15,93.14,0.11,48
914304,114288,4280.93,93.25,1.00,48
914304,114288,4148.03,91.65,11.22,48
914304,114288,3967.27,91.15,46.34,48
914304,114288,4030.55,91.57,34.10,48
914304,114288,3919.14,91.70,46.81,48
914304,114288,3766.80,93.96,145.37,48
914304,114288,4196.63,93.86,47.64,48
914304,114288,3944.03,92.08,58.34,48
914688,114336,3661.24,90.91,121.95,48
914688,114336,3505.58,92.31,173.33,48
914688,114336,4326.27,93.08,0.32,48
914688,114336,4044.35,94.45,82.30,48
914688,114336,3652.11,93.31,152.90,48
914688,114336,4273.56,92.83,1.08,48
914688,114336,3404.50,93.34,229.49,48
914688,114336,4306.42,93.85,1.34,48
915072,114384,3936.74,92.09,88.91,48
915072,114384,4090.03,94.08,78.39,48
915072,114384,4125.36,92.96,37.07,48
915072,114384,4218.19,93.66,30.67,48
915072,114384,4008.94,91.97,54.67,48
915072,114384,3893.86,91.55,72.61,48
915072,114384,3893.53,91.97,78.48,48
915072,114384,2605.49,93.08,405.45,48
915456,114432,4268.99,94.12,19.97,48
915456,114432,3293.00,92.31,238.33,48
915456,114432,3831.41,92.78,95.17,48
915456,114432,4217.25,93.14,18.81,48
915456,114432,3615.91,93.80,171.64,48
915456,114432,3282.51,91.26,215.28,48
915456,114432,3694.82,93.95,162.38,48
915456,114432,4029.37,91.16,16.36,48
915840,114480,4141.25,92.15,1.63,48
915840,114480,4103.75,93.35,42.33,48
915840,114480,3963.20,93.54,101.68,48
915840,114480,3823.71,91.44,91.46,48
915840,114480,3701.49,92.79,128.29,48
915840,114480,4281.70,93.02,9.00,48
915840,114480,4347.41,93.63,0.60,48
915840,114480,3848.64,91.52,56.20,48
916224,114528,4196.15,92.32,8.80,48
916224,114528,4053.39,92.26,43.12,48
916224,114528,4261.09,92.68,0.02,48
916224,114528,4083.54,91.88,40.85,48
916224,114528,3660.31,92.64,154.43,48
916224,114528,4041.37,93.17,70.42,48
916224,114528,4184.91,93.21,28.99,48
916224,114528,1530.18,91.65,662.63,48
916608,114576,3310.87,91.00,206.78,48
916608,114576,3971.74,92.02,53.89,48
916608,114576,4345.68,94.38,13.72,48
916608,114576,4133.17,91.82,20.45,48
916608,114576,4296.77,94.46,25.38,48
916608,114576,4024.76,91.86,43.21,48
916608,114576,4328.85,93.54,5.08,48
916608,114576,3620.81,92.46,161.26,48
916992,114624,4343.44,93.91,3.03,48
916992,114624,4218.91,93.73,29.37,48
916992,114624,3733.98,92.32,118.79,48
916992,114624,3499.82,92.20,188.31,48
916992,114624,4343.20,93.65,0.79,48
916992,114624,4005.67,91.72,42.21,48
916992,114624,4386.49,94.41,2.95,48
916992,114624,3632.61,93.21,167.54,48
917376,114672,3796.12,93.37,118.82,48
917376,114672,3880.05,91.06,56.40,48
917376,114672,4108.27,93.44,51.56,48
917376,114672,3974.49,93.46,74.93,48
917376,114672,4211.91,92.25,0.00,48
917376,114672,4191.80,91.91,0.72,48
917376,114672,4297.76,93.56,2.20,48
917376,114672,4064.56,93.73,69.65,48
917760,114720,3637.54,93.09,156.33,48
917760,114720,4101.98,93.53,53.15,48
917760,114720,4304.66,93.64,1.37,48
917760,114720,4043.73,93.72,65.73,48
917760,114720,4337.49,93.70,2.39,48
917760,114720,3845.71,91.41,81.59,48
917760,114720,4110.63,90.99,1.75,48
917760,114720,4086.50,92.24,25.56,48
918144,114768,4337.73,94.01,0.88,48
918144,114768,3659.36,93.26,164.94,48
918144,114768,4153.34,93.60,45.74,48
918144,114768,3932.02,92.47,71.00,48
918144,114768,3698.33,93.64,154.67,48
918144,114768,4236.79,92.17,0.00,48
918144,114768,4250.37,92.14,1.66,48
918144,114768,4096.50,92.02,28.75,48
918528,114816,4217.96,93.54,17.23,48
918528,114816,4304.24,93.54,7.94,48
918528,114816,3605.22,93.80,182.72,48
918528,114816,4062.87,94.25,78.45,48
918528,114816,4255.38,93.99,24.48,48
918528,114816,4116.25,93.02,29.93,48
918528,114816,4224.18,93.33,19.62,48
918528,114816,3984.46,92.20,53.99,48
918912,114864,3585.85,91.93,149.35,48
918912,114864,3974.08,91.93,48.57,48
918912,114864,3883.53,90.71,50.68,48
918912,114864,3243.47,90.83,215.15,48
918912,114864,4156.28,91.80,0.69,48
918912,114864,3371.00,90.45,186.77,48
918912,114864,4239.02,92.26,1.56,48
918912,114864,4292.10,92.66,1.24,48
919296,114912,1370.64,92.49,713.22,48
919296,114912,3300.92,91.54,222.03,48
919296,114912,3442.55,93.76,223.54,48
919296,114912,4327.88,93.72,0.02,48
919296,114912,4005.28,91.85,52.74,48
919296,114912,3766.51,91.52,94.09,48
919296,114912,4251.45,92.25,0.60,48
919296,114912,1520.91,90.91,643.98,48
919680,114960,4147.92,93.13,39.56,48
919680,114960,4201.64,91.57,0.57,48
919680,114960,4212.99,92.26,0.69,48
919680,114960,4151.63,93.86,49.89,48
919680,114960,3922.09,90.74,47.11,48
919680,114960,4277.51,93.57,8.29,48
919680,114960,4341.84,93.82,1.37,48
919680,114960,3939.50,91.48,56.50,48
920064,115008,4086.66,93.86,65.75,48
920064,115008,4307.21,93.89,11.86,48
920064,115008,3873.49,93.49,118.33,48
920064,115008,4327.08,94.12,9.63,48
920064,115008,3292.54,91.93,224.37,48
920064,115008,4211.18,92.66,1.38,48
920064,115008,4183.96,93.91,42.66,48
920064,115008,4130.56,93.18,37.62,48
920448,115056,4201.97,92.11,0.33,48
920448,115056,3350.11,91.75,212.90,48
920448,115056,3288.75,93.66,251.41,48
920448,115056,3931.75,92.01,62.04,48
920448,115056,4176.67,91.86,1.54,48
920448,115056,4053.62,91.76,16.16,48
920448,115056,3461.74,93.57,214.94,48
920448,115056,2198.11,91.73,481.99,48
920832,115104,4070.66,91.83,22.92,48
920832,115104,3907.49,91.75,73.55,48
920832,115104,3871.26,93.27,102.42,48
920832,115104,3948.56,93.14,82.22,48
920832,115104,3463.64,92.86,207.56,48
920832,115104,3560.42,93.44,181.25,48
920832,115104,4221.68,92.67,8.74,48
920832,115104,4158.03,93.34,42.33,48
921216,115152,4088.97,92.71,30.76,48
921216,115152,4156.04,93.63,40.58,48
921216,115152,4180.93,93.70,41.21,48
921216,115152,3244.12,92.01,230.19,48
921216,115152,3568.68,92.72,162.94,48
921216,115152,3461.50,92.60,192.49,48
921216,115152,4110.72,91.32,11.37,48
921216,115152,4015.82,92.78,64.41,48
921600,115200,4035.92,91.79,36.12,48
921600,115200,4069.38,92.11,28.41,48
921600,115200,4173.97,91.20,2.20,48
921600,115200,3802.79,93.75,125.87,48
921600,115200,4348.30,93.83,1.16,48
921600,115200,4298.91,93.38,1.83,48
921600,115200,3723.13,91.93,122.43,48
921600,115200,3559.13,92.14,157.21,48
921984,115248,4333.40,94.01,12.93,48
921984,115248,3933.93,92.22,72.25,48
921984,115248,4019.73,91.20,47.23,48
921984,115248,4212.10,93.50,35.77,48
921984,115248,4030.02,92.17,35.60,48
921984,115248,4016.41,93.54,76.23,48
921984,115248,3822.72,91.23,78.95,48
921984,115248,4189.02,91.52,1.01,48
922368,115296,3354.14,93.02,227.88,48
922368,115296,3488.43,91.86,176.60,48
922368,115296,4059.03,93.38,54.90,48
922368,115296,3664.38,93.53,168.24,48
922368,115296,4207.51,91.23,0.38,48
922368,115296,3542.10,91.26,160.77,48
922368,115296,4287.53,93.51,6.31,48
922368,115296,4225.63,93.47,15.94,48
922752,115344,2476.93,93.08,450.39,48
922752,115344,4211.36,92.03,0.43,48
922752,115344,3893.81,94.56,128.93,48
922752,115344,4135.22,93.74,53.64,48
922752,115344,3479.90,91.55,168.07,48
922752,115344,4369.87,94.04,2.65,48
922752,115344,3394.44,93.86,240.42,48
922752,115344,3495.63,93.34,211.56,48
923136,115392,4018.69,92.76,57.24,48
923136,115392,3696.71,93.06,146.62,48
923136,115392,3354.41,92.96,241.75,48
923136,115392,4189.44,92.75,9.66,48
923136,115392,4088.31,93.44,52.79,48
923136,115392,4356.08,94.22,0.71,48
923136,115392,3773.91,93.63,148.27,48
923136,115392,4175.52,93.21,43.68,48
923520,115440,4190.39,91.93,1.38,48
923520,115440,4336.91,93.87,1.39,48
923520,115440,4154.12,91.26,2.66,48
923520,115440,4104.75,91.90,24.33,48
923520,115440,3260.99,90.18,206.01,48
923520,115440,4316.59,93.45,3.73,48
923520,115440,4057.93,91.42,28.20,48
923520,115440,4268.19,93.57,12.53,48
923904,115488,3851.89,93.99,120.92,48
923904,115488,4238.07,92.49,1.47,48
923904,115488,4174.23,93.47,38.02,48
923904,115488,3577.18,93.14,163.78,48
923904,115488,4161.92,92.02,0.57,48
923904,115488,3912.31,91.09,63.72,48
923904,115488,4065.03,92.67,48.61,48
923904,115488,4204.93,93.63,29.89,48
924288,115536,4196.25,91.97,8.66,48
924288,115536,3714.89,92.14,132.82,48
924288,115536,3891.55,91.23,42.78,48
924288,115536,3695.17,92.84,142.23,48
924288,115536,4124.09,91.07,8.18,48
924288,115536,4226.93,93.00,17.58,48
924288,115536,4164.00,91.89,2.54,48
924288,115536,2205.50,92.75,496.52,48
924672,115584,3744.50,93.21,134.47,48
924672,115584,4192.72,93.01,32.20,48
924672,115584,4009.96,93.76,87.42,48
924672,115584,4309.67,93.50,1.38,48
924672,115584,4134.90,93.19,29.52,48
924672,115584,4167.17,93.92,46.56,48
924672,115584,4163.77,92.39,19.95,48
924672,115584,3328.63,91.31,202.44,48
925056,115632,3972.30,93.76,85.91,48
925056,115632,3521.41,92.25,173.45,48
925056,115632,4046.28,91.40,36.12,48
925056,115632,4217.55,93.62,30.56,48
925056,115632,4269.73,93.64,17.49,48
925056,115632,4179.55,92.02,0.02,48
925056,115632,3217.70,92.11,239.51,48
925056,115632,3987.14,91.52,39.96,48
925440,115680,4220.26,93.70,27.83,48
925440,115680,4195.78,93.43,30.52,48
925440,115680,3876.64,93.85,117.83,48
925440,115680,4075.87,91.82,41.03,48
925440,115680,3982.87,93.60,86.88,48
925440,115680,4026.94,91.58,28.15,48
925440,115680,4188.05,92.00,4.69,48
925440,115680,4168.30,91.86,2.39,48
925824,115728,2567.44,93.82,442.12,48
925824,115728,3884.64,91.26,70.03,48
925824,115728,3371.28,91.74,181.59,48
925824,115728,4269.97,91.92,0.33,48
925824,115728,3444.43,93.57,222.25,48
925824,115728,3271.58,91.94,226.75,48
925824,115728,3906.85,92.28,58.80,48
925824,115728,3503.87,94.17,212.65,48
926208,115776,4051.33,91.73,29.35,48
926208,115776,4158.98,92.21,16.64,48
926208,115776,4265.01,93.99,24.15,48
926208,115776,4325.34,93.57,10.68,48
926208,115776,3711.84,92.35,139.55,48
926208,115776,4273.31,93.54,6.10,48
926208,115776,4189.58,91.82,8.38,48
926208,115776,4094.65,93.84,63.25,48
926592,115824,4138.84,91.63,9.07,48
926592,115824,4371.21,93.86,0.28,48
926592,115824,4372.90,93.98,1.37,48
926592,115824,4218.78,93.61,20.78,48
926592,115824,4128.68,92.37,26.42,48
926592,115824,4186.34,92.40,6.19,48
926592,115824,4000.95,90.94,24.95,48
926592,115824,3251.15,91.68,236.32,48
926976,115872,4011.55,93.75,85.57,48
926976,115872,4199.27,93.79,38.01,48
926976,115872,4223.73,92.39,0.71,48
926976,115872,4179.59,91.48,2.75,48
926976,115872,3814.09,93.11,117.57,48
926976,115872,4023.47,93.18,69.49,48
926976,115872,3814.14,93.24,126.01,48
926976,115872,4150.86,91.41,2.26,48
927360,115920,4199.05,92.18,2.64,48
927360,115920,3125.93,92.57,274.51,48
927360,115920,3715.32,93.12,136.72,48
927360,115920,4352.89,93.89,0.47,48
927360,115920,3885.26,92.99,86.90,48
927360,115920,4054.94,91.44,32.34,48
927360,115920,3404.18,93.67,229.56,48
927360,115920,4002.93,91.83,35.75,48
927744,115968,3952.40,91.62,57.25,48
927744,115968,3910.44,91.91,56.93,48
927744,115968,4140.44,93.58,41.76,48
927744,115968,4014.91,91.86,46.08,48
927744,115968,3373.47,92.73,218.35,48
927744,115968,4230.78,93.77,11.85,48
927744,115968,3816.53,92.29,100.85,48
927744,115968,3876.02,91.23,73.23,48
928128,116016,4129.61,92.10,21.23,48
928128,116016,4100.47,91.86,27.94,48
928128,116016,4320.14,93.88,16.17,48
928128,116016,3842.36,93.24,116.72,48
928128,116016,4244.38,93.38,24.23,48
928128,116016,4125.01,91.87,13.29,48
928128,116016,3994.43,94.02,99.66,48
928128,116016,3898.89,91.86,70.10,48
928512,116064,4134.50,91.28,1.21,48
928512,116064,4021.90,91.61,36.16,48
928512,116064,4283.71,93.63,10.93,48
928512,116064,1438.82,93.66,716.51,48
928512,116064,4241.16,92.14,1.61,48
928512,116064,4212.72,93.85,39.86,48
928512,116064,4243.51,92.81,2.20,48
928512,116064,3494.69,91.76,167.52,48
928896,116112,4044.83,90.32,5.27,48
928896,116112,3454.45,91.30,170.55,48
928896,116112,3936.74,93.31,89.48,48
928896,116112,4196.46,91.86,0.93,48
928896,116112,4125.24,92.32,21.11,48
928896,116112,3332.11,91.45,206.44,48
928896,116112,3504.79,93.50,195.05,48
928896,116112,1744.66,93.91,655.94,48
929280,116160,3996.43,91.94,52.61,48
929280,116160,4380.47,93.57,0.23,48
929280,116160,3532.84,91.72,147.51,48
929280,116160,4113.56,92.39,20.44,48
929280,116160,4018.67,92.97,59.87,48
929280,116160,4154.80,91.73,2.99,48
929280,116160,4283.43,93.44,10.99,48
929280,116160,1620.31,93.66,678.20,48
929664,116208,4341.12,93.75,1.28,48
929664,116208,4144.12,91.47,11.21,48
929664,116208,4238.44,93.62,18.97,48
929664,116208,4153.64,92.99,31.86,48
929664,116208,3686.62,93.85,172.63,48
929664,116208,3853.33,93.13,102.25,48
929664,116208,4313.09,93.31,0.10,48
929664,116208,3898.67,92.35,80.86,48
930048,116256,4172.05,93.72,41.54,48
930048,116256,4243.55,93.43,6.17,48
930048,116256,3976.61,93.47,77.47,48
930048,116256,3442.37,91.86,181.42,48
930048,116256,3930.18,92.95,80.00,48
930048,116256,3685.02,93.31,141.90,48
930048,116256,4057.98,91.97,30.55,48
930048,116256,4320.01,93.89,12.57,48
930432,116304,3665.09,93.61,154.05,48
930432,116304,3849.92,91.97,92.49,48
930432,116304,3698.38,93.64,155.43,48
930432,116304,4224.93,93.40,30.60,48
930432,116304,4205.58,91.64,1.37,48
930432,116304,4346.33,93.40,0.60,48
930432,116304,4155.26,94.09,50.22,48
930432,116304,4281.10,92.85,0.43,48
930816,116352,4239.02,91.52,2.31,48
930816,116352,4216.45,91.93,1.21,48
930816,116352,4195.97,93.89,41.53,48
930816,116352,4281.79,93.31,3.35,48
930816,116352,4139.64,91.62,7.04,48
930816,116352,4328.34,93.76,0.71,48
930816,116352,4306.13,92.79,0.26,48
930816,116352,3750.59,92.93,131.01,48
931200,116400,4159.54,91.65,5.73,48
931200,116400,4293.37,94.09,20.69,48
931200,116400,3342.63,92.87,227.89,48
931200,116400,3628.74,92.74,149.47,48
931200,116400,4274.58,93.03,9.50,48
931200,116400,3839.57,93.77,125.01,48
931200,116400,4378.74,93.89,0.47,48
931200,116400,1540.18,92.01,668.84,48
931584,116448,4143.56,93.82,45.70,48
931584,116448,4146.54,92.88,26.54,48
931584,116448,4106.60,92.58,25.71,48
931584,116448,3934.81,92.64,77.30,48
931584,116448,3225.49,90.73,212.79,48
931584,116448,4215.30,93.61,23.91,48
931584,116448,3560.89,91.16,145.48,48
931584,116448,4165.59,91.47,2.45,48
931968,116496,3367.29,91.73,198.75,48
931968,116496,4038.10,91.13,18.35,48
931968,116496,3966.84,91.13,46.51,48
931968,116496,4347.62,93.73,0.39,48
931968,116496,3470.97,92.41,194.28,48
931968,116496,4218.33,92.92,20.36,48
931968,116496,4266.10,91.93,0.81,48
931968,116496,3404.72,93.28,224.06,48
932352,116544,4261.22,92.86,5.01,48
932352,116544,4107.85,92.29,22.36,48
932352,116544,4218.06,91.82,7.30,48
932352,116544,3230.03,90.94,204.47,48
932352,116544,3747.10,93.54,144.44,48
932352,116544,3766.25,91.87,103.13,48
932352,116544,4131.76,91.52,10.64,48
932352,116544,3909.18,93.85,104.45,48
932736,116592,3942.24,91.89,59.23,48
932736,116592,4193.86,92.91,19.92,48
932736,116592,4299.17,93.60,6.54,48
932736,116592,4143.40,92.61,16.95,48
932736,116592,4019.77,93.05,72.11,48
932736,116592,4092.84,93.77,63.13,48
932736,116592,4246.24,93.21,19.22,48
932736,116592,3270.93,91.59,211.55,48
933120,116640,4208.36,92.07,8.54,48
933120,116640,4082.64,91.68,30.37,48
933120,116640,3864.83,93.95,123.42,48
933120,116640,4067.43,93.72,73.60,48
933120,116640,2402.13,92.54,458.56,48
933120,116640,4044.26,91.34,6.58,48
933120,116640,4121.41,92.50,21.65,48
933120,116640,4111.54,93.66,60.38,48
933504,116688,4285.36,93.53,9.39,48
933504,116688,1626.41,91.57,635.44,48
933504,116688,3330.49,91.94,203.04,48
933504,116688,4235.98,92.89,3.76,48
933504,116688,3792.41,93.24,131.39,48
933504,116688,2467.40,91.33,416.83,48
933504,116688,3633.75,92.89,150.99,48
933504,116688,4110.08,91.67,34.83,48
933888,116736,4211.31,92.33,0.35,48
933888,116736,4351.30,93.64,2.53,48
933888,116736,3886.88,93.11,101.10,48
933888,116736,3966.07,93.14,79.63,48
933888,116736,4061.80,93.57,71.49,48
933888,116736,4033.66,93.37,64.77,48
933888,116736,4082.85,92.00,29.71,48
933888,116736,2299.92,91.29,461.34,48
934272,116784,4148.53,92.22,12.88,48
934272,116784,4052.22,92.02,27.28,48
934272,116784,4310.43,93.80,8.90,48
934272,116784,4176.83,91.54,7.87,48
934272,116784,4145.07,92.10,20.51,48
934272,116784,3486.53,93.09,202.23,48
934272,116784,3893.63,93.88,107.89,48
934272,116784,4346.52,94.31,8.65,48
934656,116832,4046.34,91.90,41.66,48
934656,116832,3690.88,92.92,151.20,48
934656,116832,4193.81,94.02,39.18,48
934656,116832,4109.61,92.98,42.68,48
934656,116832,2509.89,93.57,454.85,48
934656,116832,4185.56,92.86,13.56,48
934656,116832,3828.97,91.65,88.34,48
934656,116832,4115.12,92.50,36.66,48
935040,116880,3905.91,92.57,77.63,48
935040,116880,4035.42,92.82,62.87,48
935040,116880,4330.62,93.31,0.33,48
935040,116880,3976.94,91.51,55.85,48
935040,116880,4231.97,92.03,0.60,48
935040,116880,4170.78,93.30,28.94,48
935040,116880,4190.67,92.08,4.90,48
935040,116880,4070.52,92.85,49.15,48
935424,116928,3943.30,92.65,72.37,48
935424,116928,4347.56,93.70,0.02,48
935424,116928,4227.19,91.68,0.00,48
935424,116928,3896.10,93.16,95.05,48
935424,116928,3654.14,94.18,180.69,48
935424,116928,4193.52,92.39,13.38,48
935424,116928,3676.89,91.93,129.26,48
935424,116928,3886.14,91.69,66.91,48
935808,116976,3302.23,92.21,233.01,48
935808,116976,3670.41,94.02,168.50,48
935808,116976,4265.94,92.57,2.39,48
935808,116976,3794.62,93.10,123.27,48
935808,116976,4312.87,93.56,0.26,48
935808,116976,4209.03,92.43,2.26,48
935808,116976,4233.52,94.11,35.04,48
935808,116976,4242.71,92.63,1.34,48
936192,117024,3666.44,92.99,144.96,48
936192,117024,3484.80,92.51,186.59,48
936192,117024,4224.80,91.90,0.31,48
936192,117024,4002.28,91.69,35.93,48
936192,117024,4202.35,91.90,4.06,48
936192,117024,4116.28,92.02,31.54,48
936192,117024,4351.37,93.98,6.53,48
936192,117024,3864.89,91.41,67.59,48
936576,117072,4316.53,93.28,0.71,48
936576,117072,4229.69,91.76,0.32,48
936576,117072,1777.26,93.08,620.09,48
936576,117072,3606.64,90.86,122.16,48
936576,117072,3539.42,92.12,170.74,48
936576,117072,4404.77,94.42,0.28,48
936576,117072,3337.66,93.38,235.60,48
936576,117072,4086.84,93.92,71.85,48
936960,117120,4122.98,92.85,33.66,48
936960,117120,4134.77,91.73,9.86,48
936960,117120,4349.93,93.82,0.04,48
936960,117120,4119.96,91.28,0.33,48
936960,117120,4025.11,91.55,36.73,48
936960,117120,4361.44,93.70,1.52,48
936960,117120,3759.37,92.14,102.77,48
936960,117120,4246.26,93.31,10.45,48
937344,117168,4255.27,93.28,8.76,48
937344,117168,3943.13,93.78,106.85,48
937344,117168,3726.41,93.57,136.81,48
937344,117168,4098.39,93.47,53.08,48
937344,117168,4126.52,90.80,1.30,48
937344,117168,4254.39,93.14,1.24,48
937344,117168,3858.37,92.25,76.44,48
937344,117168,3978.44,91.74,62.01,48
937728,117216,3950.91,91.86,63.57,48
937728,117216,4068.84,92.47,33.06,48
937728,117216,3948.48,92.31,67.23,48
937728,117216,3781.90,92.71,117.58,48
937728,117216,3644.25,91.34,115.52,48
937728,117216,4328.86,93.53,0.35,48
937728,117216,4212.13,92.08,0.78,48
937728,117216,3544.94,90.85,156.25,48
938112,117264,4109.35,91.63,0.88,48
938112,117264,4236.87,92.50,0.90,48
938112,117264,4005.77,91.69,38.52,48
938112,117264,4360.74,93.99,0.81,48
938112,117264,4226.98,92.07,0.02,48
938112,117264,2401.90,91.41,433.06,48
938112,117264,4265.97,92.89,1.24,48
938112,117264,4215.32,92.12,2.03,48
938496,117312,3988.70,90.91,32.34,48
938496,117312,4207.28,92.01,1.63,48
938496,117312,4384.03,94.17,1.78,48
938496,117312,2545.95,91.98,412.39,48
938496,117312,4111.87,91.66,1.67,48
938496,117312,4281.02,93.31,2.48,48
938496,117312,4213.39,91.80,0.10,48
938496,117312,4154.41,91.51,1.99,48
938880,117360,4225.09,93.27,23.88,48
938880,117360,3995.51,91.66,36.33,48
938880,117360,4307.94,93.41,3.05,48
938880,117360,3976.89,91.51,55.86,48
938880,117360,3294.33,93.66,256.95,48
938880,117360,4382.50,94.27,1.37,48
938880,117360,3406.34,91.23,186.43,48
938880,117360,3993.27,91.17,35.46,48
939264,117408,4236.18,92.56,1.83,48
939264,117408,3874.28,93.96,124.14,48
939264,117408,3541.18,93.83,203.62,48
939264,117408,4154.21,93.20,33.49,48
939264,117408,4170.75,93.70,41.03,48
939264,117408,3720.32,92.21,127.83,48
939264,117408,3963.60,94.02,98.92,48
939264,117408,4164.05,91.67,17.88,48
939648,117456,3785.84,93.95,133.35,48
939648,117456,4285.89,92.88,2.36,48
939648,117456,4250.05,93.57,20.77,48
939648,117456,4061.47,93.63,72.36,48
939648,117456,4365.22,93.85,0.57,48
939648,117456,3697.16,93.48,153.78,48
939648,117456,4406.51,94.21,0.68,48
939648,117456,4165.48,91.69,3.59,48
940032,117504,4286.16,93.91,13.09,48
940032,117504,4284.71,93.47,8.58,48
940032,117504,4079.51,93.65,66.22,48
940032,117504,3507.07,93.11,201.40,48
940032,117504,4142.09,91.80,8.42,48
940032,117504,1601.80,91.68,635.16,48
940032,117504,4112.76,93.27,51.82,48
940032,117504,4258.76,93.39,8.65,48
940416,117552,4397.75,94.38,2.20,48
940416,117552,4354.67,93.87,0.71,48
940416,117552,4284.74,93.02,0.74,48
940416,117552,3177.19,90.94,232.28,48
940416,117552,4275.44,93.85,16.58,48
940416,117552,4285.65,93.44,4.54,48
940416,117552,3693.69,93.38,157.35,48
940416,117552,4108.94,92.08,17.64,48
940800,117600,4013.19,90.34,21.81,48
940800,117600,3634.03,93.17,172.12,48
940800,117600,3763.64,93.38,137.71,48
940800,117600,3881.62,93.73,113.49,48
940800,117600,4340.89,93.92,8.84,48
940800,117600,4152.00,93.20,38.65,48
940800,117600,4180.35,93.50,42.11,48
940800,117600,4038.94,93.67,69.08,48
941184,117648,4299.94,93.31,1.17,48
941184,117648,4268.32,93.44,6.63,48
941184,117648,3353.44,93.41,232.96,48
941184,117648,1736.27,93.52,642.67,48
941184,117648,4152.36,91.37,8.40,48
941184,117648,2160.26,92.25,505.02,48
941184,117648,4339.76,93.37,0.32,48
941184,117648,3670.63,91.30,118.77,48
941568,117696,3706.43,93.05,146.43,48
941568,117696,4288.66,93.06,3.18,48
941568,117696,4238.99,93.28,14.95,48
941568,117696,4118.09,92.07,21.51,48
941568,117696,4005.42,91.39,46.60,48
941568,117696,4021.18,93.41,73.48,48
941568,117696,4374.09,94.43,3.69,48
941568,117696,4080.64,93.15,57.55,48
941952,117744,3365.36,92.11,217.87,48
941952,117744,3922.68,93.57,108.31,48
941952,117744,4115.44,92.00,16.54,48
941952,117744,4382.00,93.92,0.97,48
941952,117744,3594.98,91.22,144.84,48
941952,117744,4175.42,92.17,6.36,48
941952,117744,3700.32,93.82,155.06,48
941952,117744,4196.28,92.11,6.75,48
942336,117792,4190.52,91.90,6.51,48
942336,117792,4255.85,92.39,0.72,48
942336,117792,4081.96,93.08,52.38,48
942336,117792,4009.34,91.91,45.65,48
942336,117792,4318.29,93.50,1.24,48
942336,117792,3699.70,92.47,124.68,48
942336,117792,3927.04,93.11,85.82,48
942336,117792,4291.24,93.62,7.47,48
942720,117840,4124.83,92.03,26.61,48
942720,117840,4197.98,92.95,11.81,48
942720,117840,4243.68,93.76,33.03,48
942720,117840,2413.65,91.76,435.69,48
942720,117840,4007.02,93.86,83.13,48
942720,117840,3979.69,91.95,71.19,48
942720,117840,4092.68,91.77,3.60,48
942720,117840,3639.27,92.86,154.78,48
943104,117888,4181.28,92.82,30.06,48
943104,117888,4276.11,93.28,0.23,48
943104,117888,4264.90,92.75,0.72,48
943104,117888,4166.39,94.21,60.17,48
943104,117888,3940.27,90.34,28.96,48
943104,117888,3816.96,91.76,92.46,48
943104,117888,4249.82,92.40,0.43,48
943104,117888,3965.02,93.88,94.81,48
943488,117936,4289.50,92.92,0.98,48
943488,117936,3550.20,91.33,151.43,48
943488,117936,3858.04,93.56,115.26,48
943488,117936,3476.08,94.02,228.28,48
943488,117936,3156.89,92.04,246.59,48
943488,117936,3482.84,91.87,172.74,48
943488,117936,4247.71,92.81,1.37,48
943488,117936,4041.81,92.03,42.43,48
943872,117984,4087.42,93.19,54.43,48
943872,117984,4203.62,91.90,9.84,48
943872,117984,3981.53,93.30,83.11,48
943872,117984,4130.00,93.47,49.58,48
943872,117984,3625.93,91.31,127.33,48
943872,117984,4373.49,94.05,3.79,48
943872,117984,4269.90,94.05,25.68,48
943872,117984,4068.76,91.51,23.34,48
944256,118032,3972.04,92.38,67.58,48
944256,118032,3407.94,92.52,202.31,48
944256,118032,3404.71,91.30,181.24,48
944256,118032,4148.76,91.22,8.51,48
944256,118032,4243.25,92.68,0.72,48
944256,118032,4084.25,93.80,70.05,48
944256,118032,4384.26,93.99,1.40,48
944256,118032,3612.43,92.66,146.86,48
944640,118080,1386.99,92.17,705.94,48
944640,118080,4316.84,93.34,0.81,48
944640,118080,4324.25,93.63,7.32,48
944640,118080,2465.15,91.11,423.79,48
944640,118080,3816.97,92.71,110.88,48
944640,118080,4243.28,93.02,13.79,48
944640,118080,4173.70,92.23,1.52,48
944640,118080,4264.49,92.45,2.18,48
945024,118128,3251.17,91.73,229.02,48
945024,118128,4221.12,93.60,18.67,48
945024,118128,4232.99,92.60,2.53,48
945024,118128,4147.50,92.55,11.83,48
945024,118128,2418.94,94.05,493.88,48
945024,118128,4312.49,93.72,7.53,48
945024,118128,4204.89,93.71,39.10,48
945024,118128,4126.97,90.63,1.29,48
945408,118176,4211.46,93.92,35.65,48
945408,118176,4062.05,92.73,51.05,48
945408,118176,3645.62,93.73,167.05,48
945408,118176,4361.47,93.92,1.52,48
945408,118176,4113.93,92.37,22.89,48
945408,118176,1253.01,91.88,726.76,48
945408,118176,4154.57,93.99,53.47,48
945408,118176,4180.49,92.11,6.94,48
945792,118224,3460.39,92.69,192.66,48
945792,118224,4224.81,92.42,5.58,48
945792,118224,3549.69,94.04,200.52,48
945792,118224,2355.97,93.06,482.19,48
945792,118224,4016.60,91.64,33.54,48
945792,118224,4177.57,93.77,43.56,48
945792,118224,3650.04,93.40,167.12,48
945792,118224,4219.70,93.70,23.96,48
946176,118272,4206.01,93.74,37.29,48
946176,118272,4335.40,93.83,1.54,48
946176,118272,4184.91,92.12,0.26,48
946176,118272,4029.49,91.27,30.78,48
946176,118272,1503.07,91.79,667.90,48
946176,118272,3984.13,91.03,30.72,48
946176,118272,4323.56,94.18,19.79,48
946176,118272,3720.87,92.28,128.42,48
946560,118320,3962.97,94.08,103.98,48
946560,118320,3859.87,91.69,74.26,48
946560,118320,4094.95,91.21,5.10,48
946560,118320,4238.11,93.44,28.97,48
946560,118320,3573.17,94.02,196.87,48
946560,118320,3553.07,94.14,199.33,48
946560,118320,3808.40,93.72,140.18,48
946560,118320,3942.91,91.90,62.35,48
946944,118368,4240.19,92.65,0.95,48
946944,118368,3137.93,92.44,264.66,48
946944,118368,3673.76,93.36,154.04,48
946944,118368,4294.63,92.53,1.29,48
946944,118368,4065.25,91.16,4.18,48
946944,118368,4344.97,93.95,2.46,48
946944,118368,3834.96,92.21,103.19,48
946944,118368,3254.33,92.42,241.13,48
947328,118416,3978.80,91.32,35.83,48
947328,118416,4292.00,93.99,21.28,48
947328,118416,4165.63,92.00,13.59,48
947328,118416,4132.73,91.66,0.68,48
947328,118416,4138.05,91.96,7.56,48
947328,118416,4243.45,92.79,4.91,48
947328,118416,4333.72,93.14,1.93,48
947328,118416,3465.00,93.73,214.49,48
947712,118464,4223.65,94.15,37.87,48
947712,118464,4201.56,92.42,12.68,48
947712,118464,4141.20,91.91,2.02,48
947712,118464,4071.06,90.83,2.26,48
947712,118464,3695.89,91.15,100.18,48
947712,118464,3433.20,92.88,198.48,48
947712,118464,3969.78,93.16,89.29,48
947712,118464,4129.38,92.35,21.87,48
948096,118512,4274.50,93.92,18.41,48
948096,118512,4363.09,93.89,1.24,48
948096,118512,3125.25,92.53,275.85,48
948096,118512,4030.46,92.25,48.00,48
948096,118512,4187.57,91.82,0.19,48
948096,118512,3669.63,94.44,180.28,48
948096,118512,3968.51,92.69,65.74,48
948096,118512,4111.15,92.35,30.28,48
948480,118560,3909.21,91.36,69.29,48
948480,118560,3871.47,93.66,119.89,48
948480,118560,4165.84,91.86,15.60,48
948480,118560,4071.25,93.57,68.09,48
948480,118560,4289.82,93.40,4.81,48
948480,118560,4316.18,93.63,2.39,48
948480,118560,4122.18,91.83,13.17,48
948480,118560,4187.65,93.77,31.27,48
948864,118608,3489.62,91.22,169.78,48
948864,118608,4260.93,92.57,0.74,48
948864,118608,4322.47,93.98,11.74,48
948864,118608,4034.62,93.08,69.47,48
948864,118608,3993.08,93.92,88.91,48
948864,118608,4086.40,93.84,72.08,48
948864,118608,2350.74,94.20,499.83,48
948864,118608,4219.17,93.31,24.13,48
949248,118656,3649.55,93.47,163.40,48
949248,118656,4228.11,92.89,19.03,48
949248,118656,3975.98,92.67,62.96,48
949248,118656,3980.28,94.18,94.50,48
949248,118656,3220.67,92.00,254.13,48
949248,118656,3999.01,91.44,38.84,48
949248,118656,4238.32,93.46,26.38,48
949248,118656,3917.12,93.68,109.29,48
949632,118704,4366.57,93.76,1.37,48
949632,118704,4262.45,93.09,2.72,48
949632,118704,3707.16,91.19,117.43,48
949632,118704,3589.65,90.46,125.83,48
949632,118704,4374.47,93.92,1.56,48
949632,118704,4308.34,93.49,1.38,48
949632,118704,3836.92,93.50,122.66,48
949632,118704,3809.25,91.83,81.68,48
950016,118752,4150.19,91.70,0.81,48
950016,118752,4109.12,91.10,11.21,48
950016,118752,4102.24,93.18,53.79,48
950016,118752,3393.84,93.70,234.08,48
950016,118752,4194.61,91.93,13.72,48
950016,118752,3333.77,91.54,223.34,48
950016,118752,4070.30,91.09,0.79,48
950016,118752,4192.05,93.41,25.47,48
950400,118800,4265.42,92.68,1.52,48
950400,118800,4273.77,93.55,14.47,48
950400,118800,4109.80,93.82,58.88,48
950400,118800,3423.72,93.44,223.60,48
950400,118800,3929.41,90.56,47.42,48
950400,118800,4201.95,92.29,2.04,48
950400,118800,4221.19,92.53,6.67,48
950400,118800,3948.56,93.70,94.99,48
950784,118848,3878.40,91.57,84.81,48
950784,118848,3547.54,93.69,209.01,48
950784,118848,3970.23,91.21,42.96,48
950784,118848,4250.29,93.57,20.32,48
950784,118848,4148.01,92.77,26.12,48
950784,118848,4299.73,92.91,4.91,48
950784,118848,4103.65,94.02,68.07,48
950784,118848,1666.80,91.65,630.94,48
951168,118896,4238.42,92.49,1.01,48
951168,118896,4313.84,93.64,1.21,48
951168,118896,4304.00,94.22,18.18,48
951168,118896,4159.40,91.43,0.00,48
951168,118896,4118.44,91.68,14.86,48
951168,118896,4095.78,91.78,35.19,48
951168,118896,3724.21,91.03,94.67,48
951168,118896,3542.08,91.18,157.30,48
951552,118944,4028.67,92.18,43.93,48
951552,118944,3924.53,92.01,67.29,48
951552,118944,3898.50,92.60,92.04,48
951552,118944,3621.12,93.01,162.62,48
951552,118944,4199.13,91.57,5.20,48
951552,118944,3965.46,90.78,28.56,48
951552,118944,4287.98,93.54,8.95,48
951552,118944,4355.64,93.68,0.43,48
951936,118992,4300.01,93.63,12.95,48
951936,118992,3528.76,92.10,174.15,48
951936,118992,4279.74,92.81,0.10,48
951936,118992,3700.17,90.45,94.75,48
951936,118992,4322.39,93.77,4.31,48
951936,118992,4156.28,90.27,1.28,48
951936,118992,4017.55,91.08,44.84,48
951936,118992,4105.83,92.36,29.36,48
952320,119040,2673.92,90.91,378.28,48
952320,119040,4188.52,93.05,34.82,48
952320,119040,4233.96,93.88,28.25,48
952320,119040,3502.57,93.18,200.21,48
952320,119040,4170.98,93.47,41.71,48
952320,119040,3726.63,92.28,127.47,48
952320,119040,3325.21,93.29,234.19,48
952320,119040,4374.30,93.82,0.28,48
952704,119088,4149.63,91.19,2.15,48
952704,119088,4351.86,93.47,3.46,48
952704,119088,3845.09,92.39,100.02,48
952704,119088,3930.57,91.86,64.82,48
952704,119088,3532.15,93.73,197.07,48
952704,119088,1733.04,91.09,599.06,48
952704,119088,4088.02,91.18,14.13,48
952704,119088,4246.10,92.03,0.69,48
953088,119136,4261.56,93.81,18.26,48
953088,119136,4378.18,93.65,0.47,48
953088,119136,4235.01,92.79,0.92,48
953088,119136,4275.81,93.76,15.34,48
953088,119136,4108.53,91.18,21.22,48
953088,119136,4216.42,92.32,2.51,48
953088,119136,3321.12,91.64,220.86,48
953088,119136,4157.62,92.14,19.99,48
953472,119184,4282.41,93.67,21.25,48
953472,119184,4028.95,91.65,44.91,48
953472,119184,3460.54,93.44,210.64,48
953472,119184,4248.48,94.02,34.69,48
953472,119184,4093.77,91.72,27.03,48
953472,119184,4279.22,93.57,17.77,48
953472,119184,3837.59,93.13,107.40,48
953472,119184,3975.62,93.85,96.42,48
953856,119232,3985.06,91.76,37.07,48
953856,119232,4260.47,94.17,31.21,48
953856,119232,1676.55,92.75,636.46,48
953856,119232,3968.66,91.26,57.18,48
953856,119232,4312.29,93.88,9.06,48
953856,119232,4123.25,92.04,21.20,48
953856,119232,3420.48,91.92,211.31,48
953856,119232,3321.04,91.46,214.56,48
954240,119280,3814.10,91.32,86.54,48
954240,119280,4172.75,93.18,32.38,48
954240,119280,3857.17,91.96,80.13,48
954240,119280,3794.52,92.21,104.76,48
954240,119280,4082.38,94.25,79.08,48
954240,119280,3515.76,91.75,174.92,48
954240,119280,4115.04,92.17,31.05,48
954240,119280,3994.84,91.19,48.70,48
954624,119328,4262.03,93.75,14.28,48
954624,119328,3992.13,93.38,86.41,48
954624,119328,4176.13,92.08,4.60,48
954624,119328,4131.39,91.00,23.52,48
954624,119328,3913.09,91.61,62.66,48
954624,119328,3386.16,93.97,247.28,48
954624,119328,4218.19,93.18,32.96,48
954624,119328,4294.31,93.18,0.72,48
955008,119376,4139.93,93.95,57.60,48
955008,119376,4213.65,92.43,1.24,48
955008,119376,4301.92,93.05,1.28,48
955008,119376,4345.07,93.81,0.01,48
955008,119376,1484.86,91.58,667.42,48
955008,119376,4211.14,91.86,0.26,48
955008,119376,4072.72,92.79,52.58,48
955008,119376,3780.32,93.28,138.58,48
955392,119424,4137.59,91.86,20.00,48
955392,119424,1805.76,92.43,600.57,48
955392,119424,3624.16,93.57,176.19,48
955392,119424,3582.52,93.86,191.48,48
955392,119424,3424.96,91.83,195.81,48
955392,119424,4301.32,93.57,1.37,48
955392,119424,4099.29,91.71,41.55,48
955392,119424,3727.67,93.30,148.08,48
955776,119472,3741.29,93.89,156.35,48
955776,119472,3805.34,93.27,128.60,48
955776,119472,4107.34,93.05,33.76,48
955776,119472,4366.49,93.50,0.62,48
955776,119472,1637.98,93.17,658.95,48
955776,119472,3480.22,91.50,183.15,48
955776,119472,4235.17,94.11,37.72,48
955776,119472,3989.27,92.31,61.53,48
956160,119520,4203.34,93.44,18.35,48
956160,119520,4329.95,93.21,8.72,48
956160,119520,4272.81,92.95,4.77,48
956160,119520,3994.33,91.85,62.19,48
956160,119520,4237.21,93.88,26.72,48
956160,119520,3986.95,93.36,78.68,48
956160,119520,4063.74,91.72,41.08,48
956160,119520,3885.35,93.18,119.12,48
956544,119568,4121.15,93.48,50.73,48
956544,119568,3596.36,91.54,165.37,48
956544,119568,4177.28,93.85,50.93,48
956544,119568,3599.72,93.18,168.44,48
956544,119568,3806.45,91.05,84.82,48
956544,119568,3852.63,92.74,103.30,48
956544,119568,3581.02,93.56,189.26,48
956544,119568,3864.09,92.71,102.56,48
956928,119616,4206.78,93.57,35.75,48
956928,119616,3394.13,91.01,197.22,48
956928,119616,4394.08,94.02,0.02,48
956928,119616,4084.83,93.92,70.03,48
956928,119616,3536.88,91.07,165.77,48
956928,119616,3290.79,93.57,255.87,48
956928,119616,1268.29,92.50,735.89,48
956928,119616,4385.49,93.82,1.77,48
957312,119664,4255.59,93.11,10.98,48
957312,119664,3526.33,92.89,194.66,48
957312,119664,4218.09,92.83,16.33,48
957312,119664,4038.22,92.29,46.82,48
957312,119664,3668.10,93.82,173.74,48
957312,119664,4342.49,93.92,2.26,48
957312,119664,3646.10,92.17,149.75,48
957312,119664,3870.09,91.96,83.73,48
957696,119712,3611.35,92.34,152.40,48
957696,119712,4315.59,93.24,10.03,48
957696,119712,4168.23,91.41,1.21,48
957696,119712,3826.31,92.40,104.88,48
957696,119712,4242.06,93.99,28.40,48
957696,119712,3970.43,93.44,92.20,48
957696,119712,4346.68,93.91,0.57,48
957696,119712,4096.96,90.55,19.90,48
958080,119760,4198.92,92.07,9.38,48
958080,119760,3945.42,92.70,70.25,48
958080,119760,3893.86,91.68,75.88,48
958080,119760,3609.83,91.11,148.28,48
958080,119760,4176.48,92.72,20.71,48
958080,119760,4104.96,93.34,56.73,48
958080,119760,4083.65,94.43,84.21,48
958080,119760,3952.28,91.05,52.99,48
958464,119808,3998.22,91.79,51.68,48
958464,119808,3863.55,91.12,80.26,48
958464,119808,4143.79,92.22,18.84,48
958464,119808,1359.87,91.93,704.99,48
958464,119808,4040.75,92.21,49.17,48
958464,119808,4330.05,93.73,10.05,48
958464,119808,4348.15,93.67,4.62,48
958464,119808,3752.44,91.80,104.05,48
958848,119856,3333.25,93.23,241.41,48
958848,119856,4061.76,93.92,77.32,48
958848,119856,4114.25,91.90,21.26,48
958848,119856,1703.28,92.86,631.66,48
958848,119856,4160.60,92.20,29.62,48
958848,119856,4353.10,93.88,0.31,48
958848,119856,3284.35,91.62,229.95,48
958848,119856,3309.59,91.15,217.61,48
959232,119904,4295.02,93.60,12.58,48
959232,119904,4243.32,94.11,23.44,48
959232,119904,3603.80,92.14,153.99,48
959232,119904,3708.56,91.23,108.55,48
959232,119904,4256.23,93.47,14.54,48
959232,119904,4324.66,94.22,10.75,48
959232,119904,3680.03,91.99,127.72,48
959232,119904,2546.01,93.34,444.01,48
959616,119952,4364.67,93.53,2.90,48
959616,119952,4043.45,91.65,41.29,48
959616,119952,3590.73,92.07,152.80,48
959616,119952,4338.99,93.34,1.93,48
959616,119952,4263.69,93.54,12.33,48
959616,119952,4004.22,92.89,59.12,48
959616,119952,4340.23,94.18,18.03,48
959616,119952,4265.63,92.42,6.35,48
960000,120000,4313.90,93.34,0.23,48
960000,120000,4228.25,93.37,5.28,48
960000,120000,4054.38,92.42,53.72,48
960000,120000,4401.32,94.11,2.39,48
960000,120000,4136.90,93.67,49.33,48
960000,120000,4022.15,92.14,59.64,48
960000,120000,4262.25,93.92,25.43,48
960000,120000,4347.88,93.80,0.28,48
960384,120048,4031.92,93.44,85.29,48
960384,120048,3425.77,93.36,215.40,48
960384,120048,3455.20,93.05,205.81,48
960384,120048,4171.69,91.38,0.26,48
960384,120048,1585.09,91.60,655.93,48
960384,120048,4246.55,92.09,0.28,48
960384,120048,4291.55,93.21,2.15,48
960384,120048,4371.36,93.93,0.78,48
960768,120096,4201.42,92.14,10.45,48
960768,120096,3477.19,92.14,185.18,48
960768,120096,4076.66,90.77,7.04,48
960768,120096,4159.92,91.40,3.53,48
960768,120096,4166.88,91.65,6.45,48
960768,120096,4217.70,91.82,1.26,48
960768,120096,4038.04,93.30,67.63,48
960768,120096,3732.41,93.14,153.59,48
961152,120144,4192.64,91.71,0.98,48
961152,120144,4384.18,94.15,2.26,48
961152,120144,3762.42,93.18,140.32,48
961152,120144,2513.53,92.95,447.46,48
961152,120144,3206.44,91.08,225.97,48
961152,120144,3837.74,92.10,91.98,48
961152,120144,4282.12,93.73,16.50,48
961152,120144,3489.72,91.34,163.01,48
961536,120192,4026.34,91.04,29.20,48
961536,120192,4193.24,91.56,0.31,48
961536,120192,4119.61,92.99,41.86,48
961536,120192,4351.13,93.60,8.18,48
961536,120192,4239.32,92.86,15.27,48
961536,120192,4188.40,91.43,0.92,48
961536,120192,3524.14,91.82,167.14,48
961536,120192,3947.15,91.90,59.77,48
961920,120240,4379.09,94.05,1.24,48
961920,120240,4005.31,91.97,56.59,48
961920,120240,3969.70,92.78,74.19,48
961920,120240,4359.74,93.82,8.77,48
961920,120240,3700.81,91.48,116.30,48
961920,120240,3746.08,91.86,117.80,48
961920,120240,4025.05,92.46,62.85,48
961920,120240,3486.17,93.51,214.96,48
962304,120288,4065.83,91.71,34.58,48
962304,120288,3382.68,93.64,233.71,48
962304,120288,4042.46,92.00,49.66,48
962304,120288,3856.14,92.56,97.86,48
962304,120288,4125.02,93.70,48.87,48
962304,120288,1707.30,90.76,616.70,48
962304,120288,4134.20,92.17,29.42,48
962304,120288,4198.07,91.72,1.43,48
962688,120336,3783.09,91.57,106.30,48
962688,120336,4190.46,93.71,45.28,48
962688,120336,4247.64,93.47,25.43,48
962688,120336,4196.87,92.14,11.16,48
962688,120336,4129.37,92.99,49.46,48
962688,120336,4129.64,93.96,56.20,48
962688,120336,3971.87,91.44,48.83,48
962688,120336,4188.41,92.09,0.74,48
963072,120384,3502.78,93.58,203.00,48
963072,120384,4362.72,94.08,0.78,48
963072,120384,4052.05,92.50,50.57,48
963072,120384,4258.47,92.95,7.92,48
963072,120384,4230.24,91.82,3.26,48
963072,120384,4200.82,92.43,8.57,48
963072,120384,4401.62,94.05,1.56,48
963072,120384,4321.34,93.71,15.39,48
963456,120432,4158.97,93.72,47.11,48
963456,120432,3906.07,92.42,91.21,48
963456,120432,4040.55,91.79,42.57,48
963456,120432,4382.65,93.89,3.09,48
963456,120432,3912.73,93.41,96.58,48
963456,120432,4129.90,91.49,0.18,48
963456,120432,4203.85,91.01,0.26,48
963456,120432,4140.42,92.42,30.76,48
963840,120480,4145.52,92.53,35.07,48
963840,120480,4230.75,92.74,12.38,48
963840,120480,3540.85,92.42,169.86,48
963840,120480,4186.87,93.70,47.17,48
963840,120480,4320.83,94.05,18.50,48
963840,120480,3907.26,90.72,53.93,48
963840,120480,2678.71,91.49,390.02,48
963840,120480,4370.69,93.63,0.39,48
964224,120528,3569.62,93.78,204.08,48
964224,120528,4193.68,93.50,38.79,48
964224,120528,4270.22,92.54,0.69,48
964224,120528,3535.15,91.97,160.69,48
964224,120528,4023.75,93.08,73.67,48
964224,120528,4076.73,91.22,21.60,48
964224,120528,3384.31,91.33,204.42,48
964224,120528,4257.79,92.21,0.26,48
964608,120576,4290.31,93.28,0.69,48
964608,120576,4412.75,94.17,0.23,48
964608,120576,3764.99,93.89,153.55,48
964608,120576,4059.99,92.11,38.94,48
964608,120576,4078.36,91.50,26.52,48
964608,120576,4253.91,92.46,2.28,48
964608,120576,3378.58,92.31,201.22,48
964608,120576,3578.11,92.42,169.97,48
964992,120624,4384.64,93.92,0.39,48
964992,120624,4177.18,92.95,32.59,48
964992,120624,4249.32,93.34,18.82,48
964992,120624,4182.19,93.39,27.10,48
964992,120624,3973.67,94.70,112.06,48
964992,120624,4032.59,91.04,35.38,48
964992,120624,4313.00,93.31,0.00,48
964992,120624,4277.99,92.62,1.01,48
965376,120672,4260.19,93.76,27.62,48
965376,120672,4160.43,91.09,0.39,48
965376,120672,4399.64,94.35,2.79,48
965376,120672,3806.55,93.47,128.25,48
965376,120672,3501.70,91.85,176.86,48
965376,120672,3760.95,91.16,87.29,48
965376,120672,4231.70,93.08,15.38,48
965376,120672,3982.02,92.37,52.37,48
965760,120720,4377.03,94.11,0.69,48
965760,120720,4023.60,91.36,45.68,48
965760,120720,3844.82,91.37,65.61,48
965760,120720,4173.76,93.77,43.68,48
965760,120720,4206.76,93.70,31.39,48
965760,120720,4203.56,92.53,9.26,48
965760,120720,4218.78,92.53,0.10,48
965760,120720,4227.42,92.14,0.31,48
966144,120768,3992.01,91.38,34.86,48
966144,120768,4328.76,93.47,0.43,48
966144,120768,4016.77,91.55,37.91,48
966144,120768,4281.19,93.28,0.72,48
966144,120768,4046.37,93.43,75.45,48
966144,120768,4174.45,91.72,2.01,48
966144,120768,3966.86,91.48,54.75,48
966144,120768,4355.89,93.76,1.53,48
966528,120816,4272.80,93.31,10.99,48
966528,120816,4197.72,92.53,11.49,48
966528,120816,4111.04,92.70,41.75,48
966528,120816,4156.81,91.51,9.69,48
966528,120816,4228.96,92.84,16.50,48
966528,120816,4213.48,93.57,37.23,48
966528,120816,4325.78,93.86,15.39,48
966528,120816,3947.24,90.77,31.87,48
966912,120864,4328.75,93.66,3.90,48
966912,120864,4260.89,91.86,1.89,48
966912,120864,3992.12,93.64,88.76,48
966912,120864,4052.18,91.86,39.05,48
966912,120864,4318.63,93.21,9.61,48
966912,120864,4107.34,90.80,11.39,48
966912,120864,3644.71,91.83,127.79,48
966912,120864,4314.63,94.08,18.42,48
967296,120912,4077.70,92.90,54.32,48
967296,120912,3758.01,93.31,139.86,48
967296,120912,4322.18,93.11,0.71,48
967296,120912,4327.94,93.27,1.28,48
967296,120912,4240.94,93.99,26.98,48
967296,120912,3891.22,92.81,92.00,48
967296,120912,3672.46,93.96,165.72,48
967296,120912,4090.61,93.66,52.64,48
967680,120960,4075.82,91.89,40.96,48
967680,120960,4092.31,91.75,27.78,48
967680,120960,3860.34,91.86,86.05,48
967680,120960,4136.33,94.04,60.67,48
967680,120960,4173.76,91.97,0.68,48
967680,120960,3688.28,93.44,152.62,48
967680,120960,4202.22,93.60,36.33,48
967680,120960,4145.37,93.28,41.20,48
968064,121008,4013.75,93.64,80.29,48
968064,121008,4263.66,93.27,5.79,48
968064,121008,4074.68,94.17,71.91,48
968064,121008,4113.80,93.46,57.79,48
968064,121008,4073.69,92.17,40.91,48
968064,121008,4182.34,91.54,4.09,48
968064,121008,4153.27,91.72,14.83,48
968064,121008,3661.00,93.37,165.38,48
968448,121056,3831.21,91.69,83.12,48
968448,121056,4329.98,93.67,0.78,48
968448,121056,3384.87,93.96,242.38,48
968448,121056,4179.99,91.68,5.25,48
968448,121056,4168.33,92.82,27.87,48
968448,121056,4177.85,92.10,16.23,48
968448,121056,4104.96,91.60,33.68,48
968448,121056,4082.62,91.90,16.90,48
968832,121104,4268.82,93.79,26.72,48
968832,121104,4187.97,91.59,0.18,48
968832,121104,4398.10,94.28,2.39,48
968832,121104,4273.98,92.89,2.39,48
968832,121104,3338.47,91.89,220.20,48
968832,121104,4344.13,93.66,3.29,48
968832,121104,3442.49,93.79,230.05,48
968832,121104,1590.96,93.61,676.55,48
969216,121152,4265.84,94.38,29.07,48
969216,121152,4353.28,94.01,5.98,48
969216,121152,4403.22,94.24,0.69,48
969216,121152,4316.07,93.64,0.62,48
969216,121152,4160.29,93.99,46.67,48
969216,121152,4221.96,92.00,3.63,48
969216,121152,3710.09,91.75,134.51,48
969216,121152,4017.94,91.37,36.75,48
969600,121200,3793.08,91.70,120.02,48
969600,121200,4254.57,92.79,0.19,48
969600,121200,3506.32,93.67,202.70,48
969600,121200,4152.02,92.73,24.34,48
969600,121200,4168.78,91.89,17.03,48
969600,121200,4009.43,91.34,34.69,48
969600,121200,4232.36,92.60,4.65,48
969600,121200,3715.55,91.33,114.28,48
969984,121248,3771.82,91.54,98.66,48
969984,121248,4034.29,92.11,45.73,48
969984,121248,4302.57,92.89,0.00,48
969984,121248,4306.10,93.76,16.20,48
969984,121248,4315.54,93.34,6.07,48
969984,121248,4320.45,93.39,0.33,48
969984,121248,4329.33,93.76,1.01,48
969984,121248,4363.66,94.05,7.90,48
970368,121296,4299.39,93.18,2.74,48
970368,121296,4160.88,91.44,0.28,48
970368,121296,3583.23,93.64,180.90,48
970368,121296,4297.84,93.31,1.90,48
970368,121296,4164.05,93.57,41.87,48
970368,121296,4055.78,92.20,47.62,48
970368,121296,4259.89,92.43,0.19,48
970368,121296,4367.91,94.28,0.31,48
970752,121344,4122.19,90.44,3.28,48
970752,121344,3551.04,93.85,207.78,48
970752,121344,4205.37,93.03,25.84,48
970752,121344,4163.62,91.34,2.85,48
970752,121344,4408.37,94.41,2.18,48
970752,121344,4084.90,94.01,57.40,48
970752,121344,4347.77,93.73,0.19,48
970752,121344,3997.49,90.67,32.75,48
971136,121392,4361.32,93.53,0.78,48
971136,121392,4179.21,92.99,28.18,48
971136,121392,3935.15,92.57,84.42,48
971136,121392,4174.36,94.02,52.86,48
971136,121392,3911.39,93.50,109.56,48
971136,121392,4286.20,93.95,21.32,48
971136,121392,4128.65,92.40,22.59,48
971136,121392,3162.27,91.96,254.77,48
971520,121440,2561.79,92.66,422.79,48
971520,121440,4209.80,93.21,30.16,48
971520,121440,3808.77,93.47,125.44,48
971520,121440,4133.53,91.60,18.44,48
971520,121440,4245.01,92.86,0.47,48
971520,121440,4307.55,93.99,16.83,48
971520,121440,3932.91,92.62,80.25,48
971520,121440,3574.34,91.97,164.44,48
971904,121488,4207.97,91.45,0.69,48
971904,121488,4173.79,91.55,0.35,48
971904,121488,4034.08,91.37,28.58,48
971904,121488,3978.98,91.62,54.29,48
971904,121488,4043.78,93.63,75.20,48
971904,121488,3704.31,92.06,138.02,48
971904,121488,3314.20,91.82,217.72,48
971904,121488,3923.54,92.67,86.43,48
972288,121536,4099.58,91.07,0.88,48
972288,121536,4186.01,91.75,2.26,48
972288,121536,4259.29,93.40,16.18,48
972288,121536,4157.21,91.62,0.92,48
972288,121536,3972.60,91.72,52.62,48
972288,121536,3379.33,91.68,207.29,48
972288,121536,3688.40,93.57,163.33,48
972288,121536,4145.11,93.56,45.61,48
972672,121584,4221.64,94.02,35.78,48
972672,121584,4179.98,91.69,0.58,48
972672,121584,3642.23,92.40,139.52,48
972672,121584,4197.56,91.94,0.19,48
972672,121584,4267.88,93.60,10.62,48
972672,121584,3927.16,91.86,67.68,48
972672,121584,4332.54,94.14,7.30,48
972672,121584,3942.70,91.68,62.26,48
973056,121632,4178.66,93.21,36.73,48
973056,121632,3535.29,93.23,183.64,48
973056,121632,4331.74,93.44,0.47,48
973056,121632,3754.38,93.70,150.03,48
973056,121632,4183.38,92.91,26.18,48
973056,121632,3757.95,91.62,99.74,48
973056,121632,3895.28,92.20,91.33,48
973056,121632,4204.16,92.35,3.29,48
973440,121680,4167.34,90.91,0.60,48
973440,121680,4066.03,91.62,27.75,48
973440,121680,4337.43,93.63,0.31,48
973440,121680,4180.27,93.28,32.74,48
973440,121680,4130.71,91.50,11.33,48
973440,121680,3885.87,92.89,99.42,48
973440,121680,2474.47,90.72,420.09,48
973440,121680,4145.07,91.72,2.60,48
973824,121728,4138.90,91.05,2.53,48
973824,121728,3816.98,91.26,82.19,48
973824,121728,4194.40,91.57,5.92,48
973824,121728,4285.58,92.56,0.32,48
973824,121728,3800.80,93.08,128.19,48
973824,121728,2549.37,91.95,419.14,48
973824,121728,4013.52,91.89,42.91,48
973824,121728,4393.70,94.27,1.00,48
974208,121776,4319.00,93.51,2.20,48
974208,121776,4158.59,91.37,0.19,48
974208,121776,3395.33,93.21,224.85,48
974208,121776,3633.71,93.86,188.76,48
974208,121776,4146.49,90.88,0.83,48
974208,121776,3999.23,92.11,54.87,48
974208,121776,3247.32,91.64,236.87,48
974208,121776,4188.24,91.94,0.60,48
974592,121824,4044.49,93.13,71.76,48
974592,121824,3272.39,91.19,216.15,48
974592,121824,4174.10,93.50,37.53,48
974592,121824,4288.56,93.24,1.22,48
974592,121824,4190.31,93.76,41.37,48
974592,121824,4111.77,90.80,2.12,48
974592,121824,4200.11,93.34,27.87,48
974592,121824,4334.63,93.70,0.88,48
974976,121872,4030.20,91.93,46.77,48
974976,121872,4400.26,94.21,4.06,48
974976,121872,3965.26,91.02,46.56,48
974976,121872,4186.48,92.05,0.78,48
974976,121872,4332.63,93.67,7.31,48
974976,121872,3814.09,91.86,99.79,48
974976,121872,3886.60,93.66,121.52,48
974976,121872,3619.13,93.60,181.63,48
975360,121920,4058.79,91.53,37.83,48
975360,121920,4151.08,92.99,33.56,48
975360,121920,4054.74,93.40,69.82,48
975360,121920,4309.11,93.92,20.07,48
975360,121920,3689.17,91.43,125.54,48
975360,121920,3984.23,90.77,34.02,48
975360,121920,4113.21,94.01,59.38,48
975360,121920,3322.82,91.68,221.85,48
975744,121968,4202.75,91.86,0.69,48
975744,121968,4202.98,93.38,23.63,48
975744,121968,4218.96,91.96,0.88,48
975744,121968,1808.65,93.47,638.39,48
975744,121968,3934.19,93.27,104.32,48
975744,121968,4078.86,91.65,18.39,48
975744,121968,3247.62,91.43,223.16,48
975744,121968,4097.62,93.31,58.88,48
976128,122016,3802.33,92.25,100.98,48
976128,122016,4357.91,93.79,0.47,48
976128,122016,4007.80,91.36,47.69,48
976128,122016,4242.92,92.46,0.28,48
976128,122016,4250.84,93.79,27.33,48
976128,122016,4383.05,93.72,0.05,48
976128,122016,4037.23,91.24,29.02,48
976128,122016,3676.98,94.03,169.16,48
976512,122064,3647.10,91.26,135.45,48
976512,122064,4115.57,93.51,47.37,48
976512,122064,4241.36,92.21,0.71,48
976512,122064,3925.24,91.68,61.28,48
976512,122064,4239.18,92.35,14.11,48
976512,122064,4138.26,92.08,1.24,48
976512,122064,4040.53,92.62,55.90,48
976512,122064,3820.94,92.25,96.61,48
976896,122112,4209.85,91.65,1.89,48
976896,122112,4380.30,93.53,0.02,48
976896,122112,3983.51,93.21,88.61,48
976896,122112,4019.02,92.03,54.21,48
976896,122112,4356.62,93.70,0.69,48
976896,122112,4292.42,92.82,0.28,48
976896,122112,3982.83,92.69,76.05,48
976896,122112,3870.97,94.02,123.42,48
977280,122160,4054.78,93.72,74.56,48
977280,122160,4261.18,93.34,2.01,48
977280,122160,4244.34,93.60,15.92,48
977280,122160,4160.16,90.59,5.21,48
977280,122160,3980.33,92.00,55.70,48
977280,122160,4070.68,92.11,36.36,48
977280,122160,3666.56,91.71,140.44,48
977280,122160,1297.38,91.95,712.45,48
977664,122208,4169.28,91.97,2.20,48
977664,122208,3712.43,93.95,168.12,48
977664,122208,4289.57,93.89,24.58,48
977664,122208,3353.83,91.05,200.86,48
977664,122208,4144.22,92.56,31.36,48
977664,122208,3679.37,91.08,127.05,48
977664,122208,3821.22,91.75,90.30,48
977664,122208,3605.42,92.82,158.09,48
978048,122256,4170.10,91.79,1.64,48
978048,122256,4328.40,94.25,13.71,48
978048,122256,4110.06,91.75,23.79,48
978048,122256,4244.88,91.89,1.28,48
978048,122256,3496.64,93.60,219.75,48
978048,122256,1577.36,91.85,653.62,48
978048,122256,3724.36,92.29,133.58,48
978048,122256,3811.73,93.02,127.03,48
978432,122304,3949.13,93.84,90.10,48
978432,122304,3847.40,91.58,86.34,48
978432,122304,4361.64,93.27,0.69,48
978432,122304,4201.29,91.97,2.22,48
978432,122304,4342.96,93.85,0.10,48
978432,122304,4353.16,93.71,0.00,48
978432,122304,4349.74,93.76,4.52,48
978432,122304,3924.75,91.04,59.09,48
978816,122352,4211.26,92.11,1.37,48
978816,122352,4025.98,93.11,66.57,48
978816,122352,4166.27,93.84,59.18,48
978816,122352,4193.64,93.05,21.85,48
978816,122352,3889.30,92.14,90.85,48
978816,122352,4192.39,92.47,9.22,48
978816,122352,3455.13,93.53,224.68,48
978816,122352,4110.17,92.01,30.72,48
979200,122400,4191.89,91.98,1.56,48
979200,122400,4381.71,93.98,0.19,48
979200,122400,4370.13,93.99,7.28,48
979200,122400,4010.06,93.62,83.75,48
979200,122400,4159.58,92.08,0.79,48
979200,122400,4207.47,92.88,28.75,48
979200,122400,4139.89,91.33,17.50,48
979200,122400,4237.69,93.47,27.93,48
979584,122448,4352.73,93.99,1.46,48
979584,122448,4306.57,93.96,10.19,48
979584,122448,3893.85,93.60,113.50,48
979584,122448,4359.93,93.81,0.88,48
979584,122448,4148.01,93.37,56.44,48
979584,122448,4328.74,94.02,8.80,48
979584,122448,3195.09,92.50,266.63,48
979584,122448,3963.28,92.10,64.07,48
979968,122496,3919.73,92.68,74.64,48
979968,122496,3973.93,91.76,52.88,48
979968,122496,3416.66,92.28,193.91,48
979968,122496,3487.36,92.71,193.96,48
979968,122496,3598.64,92.03,161.64,48
979968,122496,1455.43,92.04,678.73,48
979968,122496,4131.69,91.15,3.50,48
979968,122496,4081.61,91.57,26.57,48
980352,122544,4040.69,91.03,33.09,48
980352,122544,4254.50,94.16,25.03,48
980352,122544,2702.81,93.50,410.08,48
980352,122544,4308.78,93.47,9.28,48
980352,122544,3318.98,91.83,208.81,48
980352,122544,4084.46,92.39,42.08,48
980352,122544,4168.04,91.94,2.46,48
980352,122544,4010.28,94.04,86.43,48
980736,122592,3902.71,91.61,73.75,48
980736,122592,3950.58,93.70,107.53,48
980736,122592,3815.81,93.39,126.91,48
980736,122592,3950.30,93.47,95.67,48
980736,122592,3609.31,89.93,110.95,48
980736,122592,4142.13,91.68,14.20,48
980736,122592,4001.91,93.68,81.16,48
980736,122592,4224.33,92.15,4.90,48
981120,122640,3833.97,91.68,82.75,48
981120,122640,4187.18,93.96,49.92,48
981120,122640,4299.89,93.76,6.75,48
981120,122640,3669.97,93.18,148.65,48
981120,122640,3835.12,92.28,101.83,48
981120,122640,3414.43,91.54,180.68,48
981120,122640,4045.03,92.29,44.61,48
981120,122640,4164.26,93.79,53.10,48
981504,122688,4221.63,91.99,0.88,48
981504,122688,4329.83,93.40,4.79,48
981504,122688,4367.29,93.92,0.00,48
981504,122688,4289.61,93.50,11.47,48
981504,122688,4170.50,92.25,6.79,48
981504,122688,3458.43,93.41,215.28,48
981504,122688,4209.22,92.00,2.39,48
981504,122688,4365.25,93.96,0.10,48
981888,122736,4246.35,93.37,21.51,48
981888,122736,4190.27,92.18,8.25,48
981888,122736,4191.15,93.34,37.85,48
981888,122736,4350.92,93.63,0.47,48
981888,122736,3893.09,91.12,66.29,48
981888,122736,3902.91,93.89,118.52,48
981888,122736,4316.35,93.95,12.37,48
981888,122736,4233.19,91.36,0.47,48
982272,122784,4204.63,91.72,0.00,48
982272,122784,4022.86,91.90,50.93,48
982272,122784,3473.95,93.20,209.88,48
982272,122784,3472.53,93.57,213.80,48
982272,122784,4316.47,93.05,2.09,48
982272,122784,4285.88,93.31,2.03,48
982272,122784,3935.90,91.49,75.76,48
982272,122784,3803.97,91.85,98.61,48
982656,122832,3590.69,91.37,138.12,48
982656,122832,3646.52,93.89,179.09,48
982656,122832,3912.55,93.05,108.54,48
982656,122832,4046.00,91.82,39.02,48
982656,122832,4414.25,94.20,0.43,48
982656,122832,4355.90,93.66,1.28,48
982656,122832,4208.03,93.83,35.78,48
982656,122832,4252.15,92.35,1.73,48
983040,122880,4350.80,93.60,8.33,48
983040,122880,4055.50,93.72,72.03,48
983040,122880,3683.97,93.11,154.45,48
983040,122880,3464.05,91.32,170.77,48
983040,122880,4074.13,91.79,29.34,48
983040,122880,3795.42,93.44,130.66,48
983040,122880,4284.62,92.75,2.28,48
983040,122880,4196.47,93.21,21.28,48
983424,122928,3505.62,92.25,177.21,48
983424,122928,4268.12,94.26,26.69,48
983424,122928,4093.72,93.54,53.19,48
983424,122928,4117.51,93.08,39.82,48
983424,122928,3954.47,92.32,65.07,48
983424,122928,4211.44,93.44,26.76,48
983424,122928,4258.66,92.24,0.43,48
983424,122928,4287.81,92.71,1.38,48
983808,122976,3755.47,93.54,142.47,48
983808,122976,4363.72,93.91,0.74,48
983808,122976,4191.07,92.28,10.96,48
983808,122976,4303.93,93.80,10.09,48
983808,122976,4052.75,91.65,27.89,48
983808,122976,4278.82,93.34,15.01,48
983808,122976,4364.13,94.22,1.45,48
983808,122976,3244.07,92.47,246.46,48
984192,123024,4235.95,91.65,0.72,48
984192,123024,4182.94,92.40,7.53,48
984192,123024,4164.35,93.85,52.73,48
984192,123024,4017.02,91.75,48.12,48
984192,123024,4261.22,94.02,31.99,48
984192,123024,4105.13,91.84,22.11,48
984192,123024,4418.80,94.34,1.28,48
984192,123024,1835.32,93.47,622.58,48
984576,123072,4347.72,93.63,0.72,48
984576,123072,3327.22,93.27,236.50,48
984576,123072,4355.64,93.92,1.37,48
984576,123072,3978.58,91.46,57.36,48
984576,123072,3446.91,91.18,181.49,48
984576,123072,3815.88,92.00,99.05,48
984576,123072,4175.06,93.71,40.28,48
984576,123072,3267.63,93.02,256.61,48
984960,123120,3649.78,92.02,146.51,48
984960,123120,4166.23,91.13,0.39,48
984960,123120,4340.92,93.41,0.32,48
984960,123120,3779.26,91.43,88.13,48
984960,123120,4188.86,92.24,21.82,48
984960,123120,4234.38,93.61,33.17,48
984960,123120,4186.15,92.95,28.39,48
984960,123120,4344.64,94.25,9.33,48
985344,123168,3608.87,93.27,167.90,48
985344,123168,4286.82,93.76,24.40,48
985344,123168,4143.64,93.41,40.08,48
985344,123168,3814.76,93.88,136.72,48
985344,123168,3866.87,92.49,96.26,48
985344,123168,3450.84,93.92,231.81,48
985344,123168,3937.45,91.83,68.85,48
985344,123168,4261.35,94.31,30.14,48
985728,123216,4247.31,93.06,0.10,48
985728,123216,3570.85,94.03,199.27,48
985728,123216,3818.38,92.50,98.88,48
985728,123216,3982.45,93.79,93.87,48
985728,123216,4199.58,91.75,2.72,48
985728,123216,4381.52,94.35,0.00,48
985728,123216,3902.05,92.68,90.04,48
985728,123216,3720.09,91.68,118.94,48
986112,123264,3790.51,91.40,100.05,48
986112,123264,4202.06,91.57,0.57,48
986112,123264,4124.37,91.42,0.39,48
986112,123264,4210.87,92.04,0.28,48
986112,123264,1614.37,90.88,621.93,48
986112,123264,4271.23,92.78,0.76,48
986112,123264,3773.91,91.72,95.42,48
986112,123264,4245.35,93.15,16.71,48
986496,123312,4199.21,91.76,5.01,48
986496,123312,4352.89,93.50,0.71,48
986496,123312,4416.71,94.56,0.62,48
986496,123312,3439.09,93.92,230.13,48
986496,123312,4218.28,92.39,10.23,48
986496,123312,4204.90,92.25,1.60,48
986496,123312,4402.39,94.31,2.45,48
986496,123312,3357.80,91.74,219.86,48
986880,123360,4118.86,92.22,27.22,48
986880,123360,4209.18,91.87,0.00,48
986880,123360,2312.77,91.53,467.18,48
986880,123360,4358.89,93.50,0.19,48
986880,123360,4011.74,93.60,82.79,48
986880,123360,4348.47,93.86,1.63,48
986880,123360,4253.08,94.01,29.08,48
986880,123360,3677.14,93.50,163.82,48
987264,123408,3625.56,92.18,152.28,48
987264,123408,4309.12,93.20,2.56,48
987264,123408,4005.46,94.32,93.46,48
987264,123408,4319.52,93.15,0.19,48
987264,123408,4127.24,92.43,20.94,48
987264,123408,3762.62,91.71,95.48,48
987264,123408,4221.34,93.73,31.74,48
987264,123408,3781.11,92.38,120.04,48
987648,123456,4025.22,92.43,44.28,48
987648,123456,4174.74,93.44,38.91,48
987648,123456,3980.75,92.35,63.19,48
987648,123456,2708.00,93.69,414.16,48
987648,123456,4234.62,92.21,8.60,48
987648,123456,4352.80,94.38,8.97,48
987648,123456,4405.54,94.32,0.43,48
987648,123456,4321.74,94.06,0.47,48
988032,123504,4247.89,91.78,0.00,48
988032,123504,4285.67,92.82,0.28,48
988032,123504,3726.63,93.81,156.31,48
988032,123504,4271.12,92.89,2.39,48
988032,123504,1594.29,93.66,683.12,48
988032,123504,4188.14,91.30,1.46,48
988032,123504,3732.29,93.76,153.21,48
988032,123504,4165.92,93.33,35.56,48
988416,123552,4174.31,91.62,1.00,48
988416,123552,4113.36,93.86,59.55,48
988416,123552,4072.18,93.14,59.53,48
988416,123552,3789.16,93.70,142.95,48
988416,123552,4336.89,93.83,0.31,48
988416,123552,4363.81,93.96,2.52,48
988416,123552,4377.97,94.15,2.39,48
988416,123552,3633.68,91.18,139.70,48
988800,123600,4189.39,92.28,13.49,48
988800,123600,4062.65,92.98,55.06,48
988800,123600,3733.73,92.45,123.34,48
988800,123600,3986.14,92.33,50.43,48
988800,123600,3862.48,93.14,113.67,48
988800,123600,4351.82,93.70,5.49,48
988800,123600,3840.02,93.89,131.93,48
988800,123600,3295.21,92.10,227.16,48
989184,123648,4116.05,92.53,27.05,48
989184,123648,4319.37,93.74,0.33,48
989184,123648,4072.94,93.06,55.33,48
989184,123648,4122.96,92.46,33.71,48
989184,123648,3891.02,92.70,100.48,48
989184,123648,3402.65,90.86,195.72,48
989184,123648,4362.68,93.81,4.38,48
989184,123648,4282.68,93.75,10.45,48
989568,123696,4377.62,94.41,2.34,48
989568,123696,4088.13,92.06,36.25,48
989568,123696,3445.88,93.60,228.44,48
989568,123696,3955.23,91.67,67.23,48
989568,123696,4153.96,93.45,31.72,48
989568,123696,4128.03,91.21,7.44,48
989568,123696,3413.47,92.09,214.86,48
989568,123696,4372.70,93.67,0.28,48
989952,123744,4290.37,93.50,1.46,48
989952,123744,4088.72,93.09,47.18,48
989952,123744,4217.28,93.82,30.01,48
989952,123744,4377.14,94.09,0.74,48
989952,123744,3260.70,91.33,226.49,48
989952,123744,4146.79,91.61,12.81,48
989952,123744,4242.53,92.78,0.68,48
989952,123744,3937.91,93.08,89.82,48
990336,123792,4247.62,92.77,9.56,48
990336,123792,1462.75,92.03,683.72,48
990336,123792,3225.64,91.90,241.11,48
990336,123792,3887.67,93.58,106.21,48
990336,123792,4197.05,91.86,0.60,48
990336,123792,4018.93,91.32,43.29,48
990336,123792,4105.65,93.79,66.41,48
990336,123792,4234.81,92.96,4.09,48
990720,123840,4339.36,94.05,0.88,48
990720,123840,4260.72,93.63,12.46,48
990720,123840,4099.18,93.88,65.50,48
990720,123840,3474.55,92.27,192.10,48
990720,123840,4081.05,92.52,42.85,48
990720,123840,4259.44,92.42,1.60,48
990720,123840,3871.30,91.97,79.83,48
990720,123840,3396.03,93.91,246.37,48
991104,123888,3318.33,94.58,263.08,48
991104,123888,4389.39,94.44,4.94,48
991104,123888,1448.84,91.41,671.65,48
991104,123888,1579.65,91.86,650.00,48
991104,123888,4288.28,92.99,0.71,48
991104,123888,3956.51,93.92,97.19,48
991104,123888,4072.79,91.55,40.36,48
991104,123888,4011.48,93.96,97.09,48
991488,123936,4070.50,94.57,84.30,48
991488,123936,3385.05,94.02,246.95,48
991488,123936,3515.59,91.62,150.49,48
991488,123936,4344.76,93.89,0.37,48
991488,123936,2199.03,92.21,501.57,48
991488,123936,4315.59,93.57,5.46,48
991488,123936,3874.79,93.21,109.28,48
991488,123936,4102.45,93.57,45.32,48
991872,123984,4161.43,91.34,2.35,48
991872,123984,4399.66,94.16,1.21,48
991872,123984,4224.44,93.12,2.41,48
991872,123984,4289.81,92.63,0.71,48
991872,123984,4147.72,92.01,19.87,48
991872,123984,4340.23,93.37,0.23,48
991872,123984,4211.55,92.06,8.63,48
991872,123984,3835.66,92.14,92.28,48
992256,124032,3867.83,92.15,87.24,48
992256,124032,4067.66,92.69,43.75,48
992256,124032,3172.42,92.70,258.08,48
992256,124032,4360.22,93.86,0.26,48
992256,124032,3988.84,91.30,35.23,48
992256,124032,3273.85,92.59,254.38,48
992256,124032,4109.44,92.35,35.74,48
992256,124032,4194.49,93.70,29.39,48
992640,124080,4247.92,93.76,18.87,48
992640,124080,3475.73,93.67,212.57,48
992640,124080,4193.56,94.28,41.90,48
992640,124080,4017.37,93.39,77.71,48
992640,124080,3790.19,92.92,126.66,48
992640,124080,4062.30,93.08,48.73,48
992640,124080,4276.03,93.41,10.20,48
992640,124080,4223.01,91.76,0.88,48
993024,124128,4388.43,94.35,0.39,48
993024,124128,3623.98,93.60,176.59,48
993024,124128,4197.16,91.19,0.47,48
993024,124128,4045.20,91.58,41.18,48
993024,124128,1712.63,93.54,647.56,48
993024,124128,3931.00,91.75,75.48,48
993024,124128,3797.66,91.10,76.50,48
993024,124128,4226.22,91.28,7.95,48
993408,124176,3572.40,93.98,193.33,48
993408,124176,4025.47,93.63,68.24,48
993408,124176,4379.61,93.89,0.25,48
993408,124176,3801.00,93.62,133.23,48
993408,124176,4061.71,94.28,83.80,48
993408,124176,3459.55,93.60,222.74,48
993408,124176,4338.21,93.70,2.98,48
993408,124176,4372.63,94.41,9.23,48
993792,124224,4151.29,92.99,32.26,48
993792,124224,1453.33,94.32,730.24,48
993792,124224,4050.95,92.49,41.60,48
993792,124224,3553.14,91.85,167.22,48
993792,124224,4289.91,93.57,14.21,48
993792,124224,3429.73,91.53,189.00,48
993792,124224,4262.03,92.95,1.02,48
993792,124224,4341.40,93.44,0.02,48
994176,124272,4155.81,93.83,45.06,48
994176,124272,4197.28,93.70,42.90,48
994176,124272,3829.31,94.53,142.21,48
994176,124272,4242.87,92.38,0.26,48
994176,124272,3937.03,92.39,72.72,48
994176,124272,4275.64,92.46,0.33,48
994176,124272,3208.46,92.17,251.63,48
994176,124272,4269.17,93.14,7.64,48
994560,124320,4212.60,91.48,3.35,48
994560,124320,4163.15,94.05,51.34,48
994560,124320,3352.43,93.63,238.21,48
994560,124320,4426.68,94.37,0.02,48
994560,124320,3961.70,93.03,81.69,48
994560,124320,4219.91,91.62,0.92,48
994560,124320,3252.57,92.28,239.41,48
994560,124320,4337.36,93.77,2.27,48
994944,124368,4169.51,93.36,40.09,48
994944,124368,3430.12,93.47,225.50,48
994944,124368,3481.67,92.29,167.83,48
994944,124368,4235.69,93.85,40.58,48
994944,124368,4217.53,93.44,27.16,48
994944,124368,3649.60,93.24,154.39,48
994944,124368,3568.68,92.03,159.93,48
994944,124368,3817.39,91.61,86.55,48
995328,124416,2514.87,93.86,449.42,48
995328,124416,4348.88,93.53,2.20,48
995328,124416,4029.89,91.81,50.87,48
995328,124416,3776.99,91.16,89.33,48
995328,124416,4377.94,94.35,5.79,48
995328,124416,3608.64,93.60,177.32,48
995328,124416,4200.09,91.65,0.02,48
995328,124416,4312.27,93.96,10.48,48
995712,124464,4344.54,93.89,1.38,48
995712,124464,4227.15,91.63,4.93,48
995712,124464,4300.09,92.92,1.37,48
995712,124464,3443.12,93.45,214.57,48
995712,124464,3748.57,92.03,118.68,48
995712,124464,3450.82,93.66,219.61,48
995712,124464,3283.20,91.78,230.24,48
995712,124464,4274.83,92.84,0.92,48
996096,124512,4094.64,91.56,17.12,48
996096,124512,4334.78,93.50,0.61,48
996096,124512,3881.79,91.96,79.34,48
996096,124512,4214.58,93.50,25.96,48
996096,124512,3965.66,93.79,96.52,48
996096,124512,4125.20,91.86,19.91,48
996096,124512,3354.06,91.58,218.35,48
996096,124512,4129.09,91.42,12.76,48
996480,124560,3970.65,91.37,49.76,48
996480,124560,4289.20,93.64,6.28,48
996480,124560,3687.19,92.32,126.90,48
996480,124560,3619.57,93.34,166.97,48
996480,124560,3994.27,92.69,70.92,48
996480,124560,1389.23,92.84,710.59,48
996480,124560,4033.95,92.18,41.57,48
996480,124560,4291.90,93.81,7.60,48
996864,124608,4282.32,93.95,29.04,48
996864,124608,3231.58,91.68,237.12,48
996864,124608,4343.68,94.15,2.39,48
996864,124608,4233.91,92.15,0.88,48
996864,124608,4187.73,93.77,29.94,48
996864,124608,1709.49,93.47,647.57,48
996864,124608,3562.34,93.51,189.15,48
996864,124608,3428.18,91.58,173.87,48
997248,124656,3415.96,93.73,238.16,48
997248,124656,4134.97,93.72,55.32,48
997248,124656,4119.29,91.94,8.92,48
997248,124656,4162.51,91.86,0.02,48
997248,124656,3692.86,92.50,117.71,48
997248,124656,4155.75,91.53,10.28,48
997248,124656,4051.46,93.83,76.34,48
997248,124656,4226.45,91.75,0.57,48
997632,124704,4312.22,93.76,14.05,48
997632,124704,4365.58,93.79,0.10,48
997632,124704,4219.09,92.43,0.02,48
997632,124704,4132.38,91.16,2.61,48
997632,124704,4181.80,92.24,2.26,48
997632,124704,4415.70,94.37,3.17,48
997632,124704,3987.22,90.67,39.99,48
997632,124704,4195.39,92.06,1.21,48
998016,124752,3384.94,91.46,195.55,48
998016,124752,4007.40,90.91,30.49,48
998016,124752,4399.18,94.35,1.28,48
998016,124752,3657.15,93.65,166.25,48
998016,124752,4259.72,92.09,0.71,48
998016,124752,4374.85,94.24,6.93,48
998016,124752,4202.01,92.27,10.61,48
998016,124752,4203.99,93.72,39.71,48
998400,124800,4185.18,91.71,3.64,48
998400,124800,4236.34,92.92,1.52,48
998400,124800,4182.50,92.15,0.72,48
998400,124800,4209.42,91.89,3.22,48
998400,124800,1394.49,92.17,706.82,48
998400,124800,3692.01,93.44,164.73,48
998400,124800,3926.14,92.60,77.53,48
998400,124800,3972.40,93.85,89.63,48
998784,124848,4172.16,91.76,0.26,48
998784,124848,1635.11,93.86,677.54,48
998784,124848,3388.67,91.89,206.47,48
998784,124848,4131.84,92.11,20.15,48
998784,124848,3986.94,91.71,58.97,48
998784,124848,4046.37,92.08,38.45,48
998784,124848,3788.55,93.50,136.95,48
998784,124848,4141.85,92.24,17.70,48
999168,124896,3681.18,94.28,172.04,48
999168,124896,2609.80,93.33,420.36,48
999168,124896,4016.64,91.26,30.91,48
999168,124896,4385.41,94.02,1.78,48
999168,124896,4160.95,94.35,59.23,48
999168,124896,4157.17,91.73,2.56,48
999168,124896,4389.51,94.05,1.28,48
999168,124896,4275.97,94.36,35.02,48
999552,124944,4325.87,93.55,1.38,48
999552,124944,4076.36,93.28,62.95,48
999552,124944,1530.96,93.49,687.02,48
999552,124944,3937.27,94.25,107.33,48
999552,124944,3983.16,92.22,54.25,48
999552,124944,4109.78,93.92,60.44,48
999552,124944,1628.28,91.85,646.50,48
999552,124944,3726.04,94.30,166.01,48
999936,124992,4242.86,94.12,34.14,48
999936,124992,4230.60,92.56,10.40,48
999936,124992,4130.72,92.84,36.36,48
999936,124992,4344.56,93.99,0.28,48
999936,124992,4185.93,92.31,16.78,48
999936,124992,4282.69,92.69,2.81,48
999936,124992,4230.27,92.78,15.41,48
999936,124992,3938.51,91.93,72.04,48
1000320,125040,4144.90,91.72,15.25,48
1000320,125040,4265.26,93.64,15.94,48
1000320,125040,4041.76,90.99,34.59,48
1000320,125040,4121.23,92.13,39.85,48
1000320,125040,3438.88,91.92,204.76,48
1000320,125040,2401.02,93.69,479.40,48
1000320,125040,4292.41,93.54,10.89,48
1000320,125040,4269.61,92.92,2.26,48
1000704,125088,4367.59,94.19,1.34,48
1000704,125088,4244.56,92.45,5.08,48
1000704,125088,4013.47,92.39,56.46,48
1000704,125088,4038.81,93.60,66.11,48
1000704,125088,3908.13,92.89,83.81,48
1000704,125088,4063.62,93.34,56.89,48
1000704,125088,3954.33,93.53,99.34,48
1000704,125088,3455.04,93.28,216.99,48
1001088,125136,3886.32,93.72,103.98,48
1001088,125136,4057.40,90.94,31.85,48
1001088,125136,3990.03,91.90,46.50,48
1001088,125136,3429.63,93.89,231.27,48
1001088,125136,4344.40,93.50,0.31,48
1001088,125136,3970.46,93.98,100.21,48
1001088,125136,3935.68,91.64,72.60,48
1001088,125136,4388.94,94.41,2.32,48
1001472,125184,4058.74,92.46,50.80,48
1001472,125184,4319.85,93.71,0.27,48
1001472,125184,4077.97,93.40,71.76,48
1001472,125184,3603.72,94.28,193.47,48
1001472,125184,3752.87,94.20,162.08,48
1001472,125184,4351.29,93.86,7.74,48
1001472,125184,3437.64,92.76,203.46,48
1001472,125184,4231.42,91.52,6.29,48
1001856,125232,3962.14,91.62,43.57,48
1001856,125232,3988.39,91.82,51.70,48
1001856,125232,2418.39,91.64,439.49,48
1001856,125232,3346.69,92.67,225.63,48
1001856,125232,4304.49,93.59,5.39,48
1001856,125232,3741.68,92.42,111.17,48
1001856,125232,4160.92,92.57,26.79,48
1001856,125232,3299.45,94.35,264.27,48
1002240,125280,4380.30,94.34,6.17,48
1002240,125280,4202.11,92.85,12.76,48
1002240,125280,4203.54,93.83,40.85,48
1002240,125280,3550.97,92.08,160.72,48
1002240,125280,4344.17,93.63,0.69,48
1002240,125280,4150.47,93.96,50.98,48
1002240,125280,3607.79,92.47,154.00,48
1002240,125280,4233.82,93.33,16.93,48
1002624,125328,3635.83,91.49,151.15,48
1002624,125328,3949.42,93.80,95.11,48
1002624,125328,4248.27,93.92,36.26,48
1002624,125328,3402.79,92.79,207.15,48
1002624,125328,4261.87,92.35,0.71,48
1002624,125328,4147.48,92.36,18.85,48
1002624,125328,4235.11,92.92,7.29,48
1002624,125328,4161.81,92.22,0.71,48
1003008,125376,3866.87,93.23,96.53,48
1003008,125376,3712.39,93.80,156.15,48
1003008,125376,3574.51,92.98,187.29,48
1003008,125376,4142.40,91.26,5.46,48
1003008,125376,1477.69,91.96,684.72,48
1003008,125376,3289.26,92.25,229.23,48
1003008,125376,4349.37,93.82,3.17,48
1003008,125376,4037.77,91.89,42.92,48
1003392,125424,3363.17,92.17,221.92,48
1003392,125424,4327.27,93.79,10.42,48
1003392,125424,1595.54,93.89,688.53,48
1003392,125424,4032.50,92.32,42.16,48
1003392,125424,4368.79,94.89,15.13,48
1003392,125424,4245.02,94.22,31.74,48
1003392,125424,4099.97,92.18,32.64,48
1003392,125424,4356.53,93.83,1.37,48
1003776,125472,4198.57,92.07,1.45,48
1003776,125472,4401.94,94.28,0.19,48
1003776,125472,4210.55,93.96,42.43,48
1003776,125472,3966.79,92.64,62.48,48
1003776,125472,4366.80,93.89,1.37,48
1003776,125472,3593.89,94.09,195.92,48
1003776,125472,4323.73,94.18,26.44,48
1003776,125472,3921.94,91.02,53.79,48
1004160,125520,3990.31,93.14,79.67,48
1004160,125520,4256.02,92.99,5.28,48
1004160,125520,4209.45,92.31,6.40,48
1004160,125520,4233.96,92.56,3.96,48
1004160,125520,3957.88,92.04,71.27,48
1004160,125520,3424.29,93.44,227.30,48
1004160,125520,4165.26,93.93,42.97,48
1004160,125520,3664.70,92.22,122.14,48
1004544,125568,4209.85,92.00,0.69,48
1004544,125568,4229.37,92.99,21.57,48
1004544,125568,4302.65,93.77,2.39,48
1004544,125568,1543.41,92.06,665.86,48
1004544,125568,4219.34,91.81,2.31,48
1004544,125568,3813.51,93.50,133.10,48
1004544,125568,3461.21,93.92,226.16,48
1004544,125568,3658.43,93.31,176.91,48
1004928,125616,4023.93,91.16,35.28,48
1004928,125616,4390.51,94.15,0.69,48
1004928,125616,4062.33,93.34,64.11,48
1004928,125616,3694.32,92.03,135.39,48
1004928,125616,4387.51,94.02,0.78,48
1004928,125616,3516.86,91.50,173.85,48
1004928,125616,4144.73,92.31,28.08,48
1004928,125616,3711.83,93.71,161.14,48
1005312,125664,3956.97,92.03,54.35,48
1005312,125664,2304.52,93.46,497.89,48
1005312,125664,4341.95,93.96,0.28,48
1005312,125664,3678.17,92.72,140.48,48
1005312,125664,3651.95,92.33,136.63,48
1005312,125664,4216.25,92.49,7.96,48
1005312,125664,4051.24,92.52,56.70,48
1005312,125664,4171.13,93.23,25.35,48
1005696,125712,4192.86,91.60,9.38,48
1005696,125712,4338.34,93.72,6.14,48
1005696,125712,4232.68,94.06,32.40,48
1005696,125712,4043.14,93.50,67.78,48
1005696,125712,4275.74,93.34,12.28,48
1005696,125712,3946.02,93.39,93.87,48
1005696,125712,4168.33,92.53,20.58,48
1005696,125712,4002.33,92.66,60.54,48
1006080,125760,4371.01,93.76,2.46,48
1006080,125760,4190.16,91.97,17.02,48
1006080,125760,4143.47,91.39,6.84,48
1006080,125760,3735.41,92.43,130.84,48
1006080,125760,4342.73,93.60,2.82,48
1006080,125760,4322.53,93.77,4.00,48
1006080,125760,4214.32,91.97,1.38,48
1006080,125760,4370.86,93.89,0.33,48
1006464,125808,3460.76,93.92,223.98,48
1006464,125808,3761.07,92.61,114.34,48
1006464,125808,3864.16,92.74,102.10,48
1006464,125808,4040.14,91.89,47.47,48
1006464,125808,3428.32,92.36,188.14,48
1006464,125808,4167.65,91.86,3.84,48
1006464,125808,4225.75,93.70,38.10,48
1006464,125808,4207.40,93.84,39.26,48
1006848,125856,4182.78,91.32,0.26,48
1006848,125856,4386.41,94.15,0.90,48
1006848,125856,4214.87,93.44,30.79,48
1006848,125856,4187.38,91.40,0.47,48
1006848,125856,4384.59,94.49,10.52,48
1006848,125856,4354.79,93.85,1.43,48
1006848,125856,3646.21,92.21,152.34,48
1006848,125856,3708.48,92.43,128.33,48
1007232,125904,3240.32,94.45,282.34,48
1007232,125904,4105.44,93.63,64.64,48
1007232,125904,4319.36,93.63,5.63,48
1007232,125904,3864.95,94.22,131.02,48
1007232,125904,3490.70,93.79,218.85,48
1007232,125904,4209.56,93.72,32.02,48
1007232,125904,3740.24,93.71,151.81,48
1007232,125904,3540.63,91.96,162.87,48
1007616,125952,3699.75,93.07,144.44,48
1007616,125952,2545.99,93.31,454.34,48
1007616,125952,4144.16,91.58,8.15,48
1007616,125952,4356.76,94.12,8.92,48
1007616,125952,4160.79,94.02,43.83,48
1007616,125952,3892.18,91.97,77.75,48
1007616,125952,3778.20,92.99,135.69,48
1007616,125952,4323.70,93.85,3.99,48
1008000,126000,4289.24,93.18,3.05,48
1008000,126000,4136.98,92.27,34.67,48
1008000,126000,3950.86,91.74,66.32,48
1008000,126000,4290.76,93.95,10.93,48
1008000,126000,4164.86,92.21,9.90,48
1008000,126000,4132.89,94.28,68.42,48
1008000,126000,4105.66,93.96,56.29,48
1008000,126000,3482.22,93.50,215.23,48
1008384,126048,3853.91,92.15,89.28,48
1008384,126048,4317.41,93.53,5.69,48
1008384,126048,3821.31,93.13,114.03,48
1008384,126048,4221.35,92.03,1.56,48
1008384,126048,1774.59,91.32,601.31,48
1008384,126048,4174.38,93.66,50.97,48
1008384,126048,4305.25,93.70,9.09,48
1008384,126048,4339.34,93.61,0.02,48
1008768,126096,4134.45,92.11,20.52,48
1008768,126096,1333.97,91.99,709.53,48
1008768,126096,4325.10,92.89,0.02,48
1008768,126096,4207.14,92.71,9.75,48
1008768,126096,4214.59,94.08,42.85,48
1008768,126096,4083.07,91.60,37.70,48
1008768,126096,4032.97,91.25,36.06,48
1008768,126096,4163.82,93.89,43.36,48
1009152,126144,4206.08,91.96,8.39,48
1009152,126144,3920.07,92.52,86.46,48
1009152,126144,3664.03,93.89,175.94,48
1009152,126144,3410.34,92.56,212.97,48
1009152,126144,4417.77,94.35,2.71,48
1009152,126144,4343.40,93.63,0.81,48
1009152,126144,3274.95,91.79,232.96,48
1009152,126144,3599.45,91.93,150.27,48
1009536,126192,4226.49,93.73,34.21,48
1009536,126192,4227.42,92.57,13.60,48
1009536,126192,3758.84,91.72,95.68,48
1009536,126192,4304.32,92.31,0.02,48
1009536,126192,4000.05,92.60,56.98,48
1009536,126192,4027.20,93.52,73.79,48
1009536,126192,2077.46,92.14,527.26,48
1009536,126192,4323.38,93.40,0.28,48
1009920,126240,4006.62,93.89,86.71,48
1009920,126240,4262.30,93.13,9.37,48
1009920,126240,3827.23,92.07,105.66,48
1009920,126240,4076.20,92.30,28.36,48
1009920,126240,4175.32,92.73,28.19,48
1009920,126240,3840.93,92.57,105.49,48
1009920,126240,4198.48,92.94,1.33,48
1009920,126240,3993.75,92.17,67.09,48
1010304,126288,4320.86,93.82,4.57,48
1010304,126288,4265.57,91.91,0.19,48
1010304,126288,4135.66,92.39,31.18,48
1010304,126288,3878.51,92.96,92.72,48
1010304,126288,4259.84,92.42,0.58,48
1010304,126288,4297.07,92.93,0.39,48
1010304,126288,4159.83,92.38,26.47,48
1010304,126288,4331.14,93.45,1.70,48
1010688,126336,3989.99,91.29,45.91,48
1010688,126336,3910.15,91.09,55.69,48
1010688,126336,3952.22,93.62,92.82,48
1010688,126336,4108.22,93.54,57.33,48
1010688,126336,3765.94,94.41,152.48,48
1010688,126336,4248.07,94.12,34.09,48
1010688,126336,3597.05,92.49,155.64,48
1010688,126336,3403.86,93.31,217.01,48
1011072,126384,3992.90,92.25,62.42,48
1011072,126384,4120.02,92.93,32.42,48
1011072,126384,4215.50,92.24,1.34,48
1011072,126384,4328.57,93.75,2.81,48
1011072,126384,3686.27,94.08,171.54,48
1011072,126384,3634.38,94.25,192.44,48
1011072,126384,4070.32,93.40,67.52,48
1011072,126384,4231.83,92.39,4.68,48
1011456,126432,4301.36,93.79,11.51,48
1011456,126432,3541.99,92.71,175.32,48
1011456,126432,4214.05,91.37,0.31,48
1011456,126432,4284.02,93.02,1.44,48
1011456,126432,4193.68,92.00,1.32,48
1011456,126432,4210.76,91.86,1.90,48
1011456,126432,4249.95,92.24,1.52,48
1011456,126432,4210.12,92.29,0.88,48
1011840,126480,3776.15,93.47,142.70,48
1011840,126480,4091.88,91.92,31.58,48
1011840,126480,3689.32,93.24,160.79,48
1011840,126480,4275.65,92.45,0.10,48
1011840,126480,3807.96,91.75,84.67,48
1011840,126480,4358.10,93.89,5.80,48
1011840,126480,4145.86,93.79,50.61,48
1011840,126480,4334.14,93.64,2.44,48
1012224,126528,4048.37,90.81,0.26,48
1012224,126528,4108.69,93.27,48.89,48
1012224,126528,3448.61,93.20,213.30,48
1012224,126528,3978.33,92.13,64.01,48
1012224,126528,3378.30,91.26,201.91,48
1012224,126528,4011.76,93.15,75.11,48
1012224,126528,4272.36,93.40,13.04,48
1012224,126528,4228.70,93.51,28.57,48
1012608,126576,3909.16,93.86,109.74,48
1012608,126576,4042.35,93.63,75.57,48
1012608,126576,3992.40,92.56,57.73,48
1012608,126576,3643.03,91.08,135.89,48
1012608,126576,4318.11,93.60,0.65,48
1012608,126576,4269.16,92.77,3.77,48
1012608,126576,4327.86,93.54,2.52,48
1012608,126576,3880.74,93.64,107.89,48
1012992,126624,4116.31,93.76,62.62,48
1012992,126624,3376.13,93.40,224.09,48
1012992,126624,4273.17,94.11,29.96,48
1012992,126624,4169.56,93.70,44.01,48
1012992,126624,3440.26,94.15,234.85,48
1012992,126624,4264.26,92.35,0.26,48
1012992,126624,4382.71,93.92,0.10,48
1012992,126624,4206.87,92.14,5.04,48
1013376,126672,4370.41,94.49,11.69,48
1013376,126672,4120.52,92.45,22.49,48
1013376,126672,4006.58,92.21,54.50,48
1013376,126672,4202.96,92.06,7.97,48
1013376,126672,4109.69,92.11,23.65,48
1013376,126672,4152.47,91.72,20.02,48
1013376,126672,4154.79,92.29,10.62,48
1013376,126672,3847.21,91.41,80.61,48
1013760,126720,4373.25,94.34,11.59,48
1013760,126720,4275.01,93.31,14.34,48
1013760,126720,4151.53,93.80,48.03,48
1013760,126720,4183.19,91.75,1.37,48
1013760,126720,3205.71,92.39,249.90,48
1013760,126720,4053.67,93.95,81.19,48
1013760,126720,2384.67,93.89,494.36,48
1013760,126720,3233.86,92.10,243.66,48
1014144,126768,3708.04,92.32,136.15,48
1014144,126768,1873.65,93.53,621.51,48
1014144,126768,4102.83,92.17,25.58,48
1014144,126768,3765.19,93.10,130.27,48
1014144,126768,4400.55,94.44,4.77,48
1014144,126768,4136.71,91.34,0.81,48
1014144,126768,4053.79,92.81,60.39,48
1014144,126768,3323.15,91.71,222.10,48
1014528,126816,4085.02,93.63,61.93,48
1014528,126816,3685.03,93.47,162.98,48
1014528,126816,4075.44,92.21,34.76,48
1014528,126816,4043.77,94.05,82.51,48
1014528,126816,4195.02,92.18,2.31,48
1014528,126816,2509.52,93.88,453.25,48
1014528,126816,4322.03,94.10,9.05,48
1014528,126816,4134.37,93.60,35.65,48
1014912,126864,4039.84,91.16,34.44,48
1014912,126864,3516.21,91.83,173.02,48
1014912,126864,4006.76,92.29,57.20,48
1014912,126864,3962.52,94.33,102.39,48
1014912,126864,3537.27,91.22,156.05,48
1014912,126864,4158.06,92.04,6.99,48
1014912,126864,3785.99,91.75,105.38,48
1014912,126864,4149.40,92.11,0.31,48
1015296,126912,4220.42,93.05,6.59,48
1015296,126912,4055.87,93.27,72.66,48
1015296,126912,4253.40,92.49,13.21,48
1015296,126912,4331.75,93.70,5.91,48
1015296,126912,3782.45,91.58,95.85,48
1015296,126912,4193.57,92.03,10.66,48
1015296,126912,4313.77,92.95,2.24,48
1015296,126912,4326.92,94.00,12.43,48
1015680,126960,3990.62,94.38,105.04,48
1015680,126960,4213.49,92.54,4.98,48
1015680,126960,4221.85,93.38,31.75,48
1015680,126960,4209.93,92.46,16.68,48
1015680,126960,2645.90,93.44,418.74,48
1015680,126960,4225.77,91.81,4.00,48
1015680,126960,3987.46,91.51,37.62,48
1015680,126960,4260.30,93.89,26.85,48
