step,episode_count,avg_reward,avg_vmaf,avg_rebuffer_rate,episode_length
384,48,-10135.60,34.13,425.33,48
384,48,2186.89,85.20,114.70,48
384,48,2782.70,88.01,84.67,48
384,48,1453.62,86.46,173.80,48
384,48,2882.83,90.64,90.73,48
384,48,1175.54,92.47,219.21,48
384,48,3567.80,88.36,22.66,48
384,48,-942.96,30.22,67.17,48
768,96,-6050.60,33.67,268.60,48
768,96,1209.83,90.42,209.82,48
768,96,3041.26,87.97,64.07,48
768,96,1456.65,87.45,179.89,48
768,96,3196.51,89.12,60.11,48
768,96,-2539.59,91.87,483.45,48
768,96,-7744.50,30.90,330.51,48
768,96,929.91,27.98,0.00,48
1152,144,392.91,32.08,25.14,48
1152,144,2409.91,91.59,128.41,48
1152,144,491.36,88.29,250.78,48
1152,144,-514.48,31.05,56.51,48
1152,144,-5870.13,29.08,257.62,48
1152,144,-1259.91,91.71,386.99,48
1152,144,-8300.20,31.58,355.36,48
1152,144,-332.55,90.35,320.12,48
1536,192,-6076.95,25.83,260.75,48
1536,192,891.07,31.19,0.76,48
1536,192,3202.17,93.17,78.19,48
1536,192,-4088.85,33.14,196.02,48
1536,192,2336.34,87.86,112.01,48
1536,192,3933.30,88.74,7.95,48
1536,192,1947.32,88.20,144.13,48
1536,192,68.23,90.11,285.06,48
1920,240,-6686.07,30.66,287.99,48
1920,240,3822.37,87.70,9.60,48
1920,240,-50.37,27.87,34.23,48
1920,240,1004.55,87.61,208.66,48
1920,240,3917.95,89.39,9.46,48
1920,240,258.49,90.09,274.67,48
1920,240,2406.57,89.05,116.17,48
1920,240,-767.81,28.65,61.06,48
2304,288,-1100.02,31.18,80.58,48
2304,288,786.26,88.62,231.44,48
2304,288,3442.65,87.33,35.75,48
2304,288,-1753.99,90.97,421.74,48
2304,288,-2365.52,33.52,132.31,48
2304,288,3725.73,90.55,28.71,48
2304,288,-7324.24,29.36,309.86,48
2304,288,2504.76,90.06,112.88,48
2688,336,2355.27,90.30,121.72,48
2688,336,-1184.11,30.40,81.99,48
2688,336,3186.45,88.95,59.52,48
2688,336,821.45,31.47,4.54,48
2688,336,-7047.61,30.34,305.31,48
2688,336,2889.70,88.40,79.01,48
2688,336,3776.11,90.46,23.61,48
2688,336,-1432.10,89.18,392.72,48
3072,384,2632.39,88.28,95.02,48
3072,384,-3405.51,32.64,165.89,48
3072,384,2484.88,89.75,110.00,48
3072,384,3448.51,92.65,59.35,48
3072,384,3696.36,90.12,24.59,48
3072,384,3555.03,88.97,30.40,48
3072,384,-1307.13,31.51,91.19,48
3072,384,1980.88,88.90,140.78,48
3456,432,3733.97,87.82,11.17,48
3456,432,-1030.96,89.84,360.69,48
3456,432,-105.94,33.16,44.25,48
3456,432,3182.13,90.18,68.10,48
3456,432,1748.63,92.13,179.00,48
3456,432,-8441.30,33.08,363.57,48
3456,432,1703.22,88.55,165.08,48
3456,432,-4205.44,30.29,195.62,48
3840,480,25.41,88.71,285.00,48
3840,480,1911.62,87.23,144.40,48
3840,480,-911.84,31.35,72.88,48
3840,480,-13668.33,28.65,552.34,48
3840,480,-4534.49,33.23,212.69,48
3840,480,-13736.94,29.17,554.94,48
3840,480,-812.61,28.72,63.04,48
3840,480,3025.41,89.34,72.76,48
4224,528,-2130.19,28.88,116.27,48
4224,528,-4520.77,33.61,214.49,48
4224,528,3603.26,88.76,25.09,48
4224,528,3930.91,87.89,0.00,48
4224,528,3703.10,90.29,25.71,48
4224,528,-1001.58,89.99,364.34,48
4224,528,2727.09,89.33,90.38,48
4224,528,3643.82,88.20,23.98,48
4608,576,3455.42,91.24,49.77,48
4608,576,2893.62,91.98,95.12,48
4608,576,-5765.99,88.84,702.24,48
4608,576,-552.18,36.44,67.90,48
4608,576,545.53,29.53,13.16,48
4608,576,-497.96,87.69,321.36,48
4608,576,-3676.30,89.97,553.43,48
4608,576,765.57,89.52,231.01,48
4992,624,3318.63,89.46,51.84,48
4992,624,3894.93,87.05,0.00,48
4992,624,2138.90,88.81,128.77,48
4992,624,2801.95,88.01,80.43,48
4992,624,3217.09,84.98,40.03,48
4992,624,3891.32,91.88,23.02,48
4992,624,163.36,89.83,277.25,48
4992,624,3602.93,88.16,25.00,48
5376,672,2759.80,88.72,86.82,48
5376,672,-1917.54,30.18,111.44,48
5376,672,2610.37,91.51,110.67,48
5376,672,3647.79,90.09,30.11,48
5376,672,-3566.63,29.96,170.29,48
5376,672,-4280.71,34.15,207.93,48
5376,672,2144.85,87.56,128.89,48
5376,672,1978.62,87.53,136.30,48
5760,720,2759.93,89.30,93.57,48
5760,720,2275.56,88.28,116.79,48
5760,720,-6793.85,33.48,298.25,48
5760,720,2224.97,92.17,144.96,48
5760,720,332.34,87.78,263.48,48
5760,720,2537.86,90.87,118.34,48
5760,720,785.66,91.54,245.11,48
5760,720,2485.36,90.59,119.20,48
6144,768,850.52,28.47,0.76,48
6144,768,-2958.84,88.99,500.33,48
6144,768,162.46,35.98,40.27,48
6144,768,-1664.35,91.46,417.76,48
6144,768,-2094.88,30.39,116.07,48
6144,768,-1097.03,31.86,79.61,48
6144,768,3768.82,89.06,14.63,48
6144,768,3216.71,90.57,63.88,48
6528,816,112.67,90.30,286.14,48
6528,816,3698.59,85.28,3.44,48
6528,816,1063.50,31.37,1.49,48
6528,816,1276.41,88.81,191.36,48
6528,816,2780.61,89.73,87.76,48
6528,816,3271.31,88.62,52.56,48
6528,816,2703.15,89.41,95.66,48
6528,816,530.50,29.71,11.58,48
6912,864,-2738.79,30.71,140.19,48
6912,864,3667.88,89.43,23.69,48
6912,864,3095.15,89.15,67.48,48
6912,864,2525.11,90.05,111.34,48
6912,864,-745.64,30.05,65.85,48
6912,864,571.05,88.76,245.77,48
6912,864,2734.50,88.39,85.81,48
6912,864,1093.39,87.00,202.69,48
7296,912,-2293.97,29.46,121.76,48
7296,912,-1528.43,28.50,89.62,48
7296,912,3810.82,88.99,13.42,48
7296,912,-217.65,90.10,309.47,48
7296,912,2789.52,90.29,90.33,48
7296,912,-5101.92,31.24,228.08,48
7296,912,77.00,33.17,36.93,48
7296,912,3526.74,86.88,23.33,48
7680,960,3818.15,87.89,4.25,48
7680,960,4022.65,88.89,0.86,48
7680,960,2198.43,89.17,127.41,48
7680,960,-7363.47,33.72,316.10,48
7680,960,2580.76,90.34,112.38,48
7680,960,-2357.07,85.21,444.43,48
7680,960,3469.96,89.96,44.12,48
7680,960,-3386.67,30.47,166.81,48
8064,1008,-436.23,90.53,328.79,48
8064,1008,-123.60,88.91,297.22,48
8064,1008,3744.91,88.04,14.18,48
8064,1008,1562.18,90.61,183.64,48
8064,1008,-70.41,90.97,302.96,48
8064,1008,3563.41,89.56,34.15,48
8064,1008,-4042.43,32.22,190.06,48
8064,1008,-3651.82,88.61,550.55,48
8448,1056,711.12,30.66,9.32,48
8448,1056,-1585.48,29.47,94.51,48
8448,1056,3532.80,87.67,29.51,48
8448,1056,-422.90,28.97,46.00,48
8448,1056,-1286.69,88.88,381.05,48
8448,1056,236.49,89.01,271.39,48
8448,1056,-3256.04,28.06,155.17,48
8448,1056,-1330.57,90.13,388.99,48
8832,1104,-1270.45,30.52,85.08,48
8832,1104,3235.61,88.68,53.45,48
8832,1104,3901.77,91.99,22.66,48
8832,1104,1383.62,90.22,192.13,48
8832,1104,-4729.01,34.32,221.10,48
8832,1104,1839.56,89.36,158.22,48
8832,1104,3453.81,90.88,47.85,48
8832,1104,-2968.17,39.54,166.30,48
9216,1152,-508.77,89.30,323.78,48
9216,1152,-1022.87,29.47,71.52,48
9216,1152,936.25,28.30,0.00,48
9216,1152,3884.13,88.07,2.59,48
9216,1152,1795.11,89.98,164.15,48
9216,1152,42.29,28.16,33.48,48
9216,1152,824.03,91.00,237.86,48
9216,1152,-136.20,89.58,295.96,48
9600,1200,2807.16,85.26,69.48,48
9600,1200,4119.68,90.59,0.74,48
9600,1200,3100.80,88.42,63.70,48
9600,1200,-715.26,29.35,58.81,48
9600,1200,-16123.08,34.05,654.29,48
9600,1200,2158.70,91.13,139.80,48
9600,1200,2697.29,89.45,98.22,48
9600,1200,3419.24,89.75,46.14,48
9984,1248,-19210.90,29.85,766.86,48
9984,1248,-3206.25,34.07,163.26,48
9984,1248,3791.46,87.73,6.80,48
9984,1248,145.18,89.71,278.36,48
9984,1248,-7361.23,29.26,309.05,48
9984,1248,3427.34,88.33,36.58,48
9984,1248,-362.49,91.54,326.01,48
9984,1248,3822.59,89.22,16.76,48
10368,1296,2071.50,88.59,141.45,48
10368,1296,1658.09,91.02,179.10,48
10368,1296,-4206.67,27.90,191.92,48
10368,1296,-178.62,30.98,45.86,48
10368,1296,3567.13,89.00,29.93,48
10368,1296,3141.30,88.08,61.48,48
10368,1296,3778.14,89.23,17.40,48
10368,1296,3659.99,89.49,28.92,48
10752,1344,2131.93,88.87,133.72,48
10752,1344,2724.43,90.32,92.61,48
10752,1344,-22.32,89.59,291.54,48
10752,1344,-4224.69,26.50,192.90,48
10752,1344,-1923.98,92.26,438.88,48
10752,1344,1283.03,87.00,186.35,48
10752,1344,3399.95,87.16,33.25,48
10752,1344,1668.76,90.05,169.82,48
11136,1392,355.58,29.77,22.68,48
11136,1392,1126.30,86.87,195.37,48
11136,1392,-3205.76,26.64,148.92,48
11136,1392,3528.58,88.65,32.42,48
11136,1392,177.86,29.79,30.22,48
11136,1392,549.50,32.22,19.73,48
11136,1392,-4864.20,22.28,208.71,48
11136,1392,835.14,90.06,229.13,48
11520,1440,3197.20,89.01,57.96,48
11520,1440,3374.21,92.73,63.64,48
11520,1440,-226.57,28.80,40.92,48
11520,1440,225.91,29.95,23.33,48
11520,1440,2127.79,90.70,142.72,48
11520,1440,-4415.88,35.37,208.46,48
11520,1440,-136.96,88.68,296.17,48
11520,1440,2756.75,90.38,98.54,48
11904,1488,-21936.10,35.46,877.32,48
11904,1488,-2009.46,31.66,115.50,48
11904,1488,-1677.98,33.65,102.84,48
11904,1488,-1093.63,28.91,77.54,48
11904,1488,426.19,34.78,26.25,48
11904,1488,2769.50,86.71,76.01,48
11904,1488,1439.99,92.72,201.70,48
11904,1488,3489.38,90.25,42.12,48
12288,1536,-574.97,87.98,324.62,48
12288,1536,3464.67,92.41,54.95,48
12288,1536,-215.71,34.34,53.17,48
12288,1536,-4618.73,29.29,209.57,48
12288,1536,2931.89,89.30,80.45,48
12288,1536,-5257.33,33.00,237.77,48
12288,1536,2614.64,89.76,104.17,48
12288,1536,-367.05,22.77,39.57,48
12672,1584,3521.58,87.07,22.98,48
12672,1584,3119.97,88.42,58.45,48
12672,1584,-287.92,89.23,307.62,48
12672,1584,2989.61,89.77,79.49,48
12672,1584,534.79,33.37,16.97,48
12672,1584,-110.31,21.12,25.71,48
12672,1584,3160.12,90.38,65.54,48
12672,1584,3918.77,91.89,20.10,48
13056,1632,2794.45,85.29,67.63,48
13056,1632,4085.58,90.81,1.80,48
13056,1632,3687.84,88.92,18.68,48
13056,1632,-1469.63,29.20,95.52,48
13056,1632,3522.94,91.43,45.08,48
13056,1632,2179.50,87.09,123.39,48
13056,1632,3352.80,88.65,46.43,48
13056,1632,-7000.81,30.28,299.55,48
13440,1680,3599.70,88.55,29.23,48
13440,1680,1867.78,91.59,164.61,48
13440,1680,3757.67,88.36,13.93,48
13440,1680,-6582.62,27.92,281.53,48
13440,1680,886.65,86.63,209.23,48
13440,1680,3382.75,88.08,37.38,48
13440,1680,-470.28,27.68,48.60,48
13440,1680,841.71,88.41,224.08,48
13824,1728,3646.42,86.35,11.87,48
13824,1728,2871.56,88.22,79.74,48
13824,1728,-1717.97,30.26,100.86,48
13824,1728,-3004.47,29.68,147.57,48
13824,1728,1034.39,90.81,217.13,48
13824,1728,-7230.19,90.68,814.45,48
13824,1728,-4888.78,34.46,228.26,48
13824,1728,-760.62,26.98,55.94,48
14208,1776,243.28,30.40,20.35,48
14208,1776,-2782.31,28.54,137.90,48
14208,1776,3778.40,90.12,20.67,48
14208,1776,2179.72,90.80,136.94,48
14208,1776,1987.06,93.07,165.87,48
14208,1776,-5192.87,32.72,238.18,48
14208,1776,2218.13,87.76,118.58,48
14208,1776,-376.01,89.42,315.14,48
14592,1824,737.40,29.72,8.23,48
14592,1824,-2539.33,29.06,127.88,48
14592,1824,-7614.41,33.24,327.59,48
14592,1824,3060.27,89.18,66.67,48
14592,1824,3992.22,88.92,0.00,48
14592,1824,-8432.48,29.84,357.85,48
14592,1824,2794.51,92.10,101.68,48
14592,1824,1385.42,88.69,184.26,48
14976,1872,-976.77,22.88,61.88,48
14976,1872,-4644.74,33.50,216.60,48
14976,1872,-5920.09,31.72,259.94,48
14976,1872,-1325.14,29.90,82.69,48
14976,1872,1783.62,92.79,176.63,48
14976,1872,-6363.31,29.13,275.34,48
14976,1872,2851.88,90.98,89.35,48
14976,1872,3397.40,88.42,38.24,48
15360,1920,-20254.66,32.46,809.91,48
15360,1920,-199.29,88.18,294.70,48
15360,1920,-3480.38,32.42,168.72,48
15360,1920,2358.92,86.29,113.77,48
15360,1920,2718.00,86.98,78.04,48
15360,1920,1065.05,89.93,211.18,48
15360,1920,3293.83,89.36,55.59,48
15360,1920,2997.99,89.64,72.46,48
15744,1968,2294.04,88.85,120.46,48
15744,1968,3655.47,89.86,29.79,48
15744,1968,3526.14,89.41,35.37,48
15744,1968,2293.01,91.92,138.14,48
15744,1968,480.69,87.06,240.00,48
15744,1968,-660.51,90.24,342.47,48
15744,1968,1399.17,90.43,195.04,48
15744,1968,2410.57,89.29,114.09,48
16128,2016,-14667.55,31.54,596.16,48
16128,2016,-2298.28,26.94,119.06,48
16128,2016,-1573.48,92.42,419.89,48
16128,2016,2767.02,90.49,97.30,48
16128,2016,-207.44,30.16,44.44,48
16128,2016,-19555.66,33.77,781.91,48
16128,2016,-963.50,34.71,77.97,48
16128,2016,-567.32,29.23,54.15,48
16512,2064,3069.38,88.61,64.13,48
16512,2064,1397.98,92.06,202.96,48
16512,2064,-5373.83,29.05,234.99,48
16512,2064,3998.55,89.11,2.17,48
16512,2064,2693.24,87.33,82.36,48
16512,2064,2636.86,88.11,92.05,48
16512,2064,3536.79,87.97,28.37,48
16512,2064,-1819.91,30.70,111.20,48
16896,2112,1782.34,88.42,154.55,48
16896,2112,-2635.42,31.78,136.91,48
16896,2112,3746.76,85.19,0.90,48
16896,2112,-765.13,92.50,359.46,48
16896,2112,-4867.69,32.88,224.50,48
16896,2112,755.15,27.73,8.66,48
16896,2112,413.16,31.28,22.77,48
16896,2112,-38.65,91.49,299.62,48
17280,2160,-19308.32,30.32,768.16,48
17280,2160,2174.15,88.17,130.15,48
17280,2160,-1023.52,91.28,370.06,48
17280,2160,3958.00,92.60,20.54,48
17280,2160,-149.30,89.46,302.71,48
17280,2160,-814.95,86.86,333.03,48
17280,2160,3428.45,87.46,34.83,48
17280,2160,3769.45,86.41,3.23,48
17664,2208,3222.99,89.06,57.14,48
17664,2208,246.28,90.95,280.67,48
17664,2208,1996.08,90.50,152.78,48
17664,2208,3742.57,86.45,4.77,48
17664,2208,203.93,28.12,26.89,48
17664,2208,292.08,31.22,26.04,48
17664,2208,849.59,90.37,235.36,48
17664,2208,-8066.95,33.77,347.10,48
18048,2256,-1955.28,24.58,98.00,48
18048,2256,-1089.14,24.72,65.81,48
18048,2256,166.07,30.20,30.62,48
18048,2256,3609.29,86.98,21.50,48
18048,2256,4121.76,91.20,0.95,48
18048,2256,4133.00,90.47,0.28,48
18048,2256,-110.56,89.41,296.71,48
18048,2256,-569.54,29.41,54.57,48
18432,2304,3821.50,89.48,15.73,48
18432,2304,-4518.86,28.60,207.17,48
18432,2304,-19485.32,30.21,780.77,48
18432,2304,943.67,90.45,224.08,48
18432,2304,3174.09,88.42,57.32,48
18432,2304,-128.52,29.99,41.15,48
18432,2304,553.20,90.21,254.17,48
18432,2304,-3088.89,28.43,144.62,48
18816,2352,-4069.47,28.19,187.97,48
18816,2352,3835.78,90.13,16.08,48
18816,2352,2547.37,93.17,125.04,48
18816,2352,-3032.16,34.52,156.54,48
18816,2352,3439.65,87.31,34.40,48
18816,2352,-1043.48,31.98,81.03,48
18816,2352,3718.36,87.12,12.70,48
18816,2352,1628.84,90.27,177.66,48
19200,2400,583.69,87.40,235.10,48
19200,2400,3970.00,89.78,9.00,48
19200,2400,2110.02,90.08,137.20,48
19200,2400,-174.96,89.14,305.33,48
19200,2400,2702.95,87.92,91.22,48
19200,2400,3864.91,88.07,7.87,48
19200,2400,3671.74,91.17,32.51,48
19200,2400,-86.31,88.05,293.16,48
19584,2448,2827.48,86.46,71.52,48
19584,2448,148.87,29.03,31.76,48
19584,2448,2361.14,91.84,132.29,48
19584,2448,270.40,88.67,263.87,48
19584,2448,3055.16,91.83,80.56,48
19584,2448,-6860.75,89.06,785.10,48
19584,2448,2290.10,89.16,121.61,48
19584,2448,-123.16,89.55,297.09,48
19968,2496,4078.72,89.69,2.57,48
19968,2496,-839.89,32.73,73.50,48
19968,2496,3062.39,84.83,46.40,48
19968,2496,3071.14,86.76,52.66,48
19968,2496,-9327.07,36.22,401.78,48
19968,2496,-159.65,89.71,304.44,48
19968,2496,276.14,87.96,265.89,48
19968,2496,-2266.02,31.41,120.59,48
20352,2544,-5416.60,31.73,245.16,48
20352,2544,3955.06,87.69,0.34,48
20352,2544,-499.82,30.25,56.56,48
20352,2544,2561.72,88.85,107.13,48
20352,2544,2013.23,89.59,141.41,48
20352,2544,2510.55,87.58,102.97,48
20352,2544,-300.14,30.75,46.09,48
20352,2544,3273.25,90.34,60.21,48
20736,2592,2554.64,86.34,87.75,48
20736,2592,3478.23,88.25,29.96,48
20736,2592,3650.22,88.68,26.77,48
20736,2592,3825.58,88.99,13.07,48
20736,2592,2030.17,88.07,138.45,48
20736,2592,314.35,87.12,256.98,48
20736,2592,274.19,26.71,17.98,48
20736,2592,2515.95,92.42,122.60,48
21120,2640,3271.28,85.21,40.53,48
21120,2640,2226.05,89.20,129.51,48
21120,2640,3271.87,89.56,51.95,48
21120,2640,506.21,34.09,21.76,48
21120,2640,-4282.74,29.18,202.79,48
21120,2640,795.21,26.69,1.37,48
21120,2640,-1689.55,27.81,96.35,48
21120,2640,27.84,89.46,285.31,48
21504,2688,3649.00,84.93,4.25,48
21504,2688,2366.67,92.26,131.44,48
21504,2688,-181.20,91.91,316.09,48
21504,2688,-2119.34,32.24,118.55,48
21504,2688,-6952.30,31.45,302.45,48
21504,2688,639.63,30.57,14.24,48
21504,2688,2561.39,87.83,97.23,48
21504,2688,2177.82,89.22,132.89,48
21888,2736,-3965.64,88.24,562.77,48
21888,2736,-1127.39,30.98,81.01,48
21888,2736,3740.47,86.60,3.50,48
21888,2736,3023.65,91.16,80.80,48
21888,2736,1827.16,87.37,150.98,48
21888,2736,-6525.27,36.33,293.90,48
21888,2736,591.38,32.69,16.44,48
21888,2736,790.48,29.18,0.00,48
22272,2784,3372.46,88.70,43.64,48
22272,2784,153.33,87.43,266.38,48
22272,2784,-1079.04,29.20,72.07,48
22272,2784,-235.57,87.72,295.25,48
22272,2784,-3947.41,30.19,184.58,48
22272,2784,498.73,32.24,17.47,48
22272,2784,3965.53,89.44,3.09,48
22272,2784,1682.80,90.66,172.53,48
22656,2832,3997.24,89.67,1.52,48
22656,2832,3306.84,88.64,46.95,48
22656,2832,-1241.14,88.06,374.79,48
22656,2832,3338.34,88.20,41.41,48
22656,2832,1965.08,85.05,128.99,48
22656,2832,3738.75,91.12,31.23,48
22656,2832,3319.96,91.02,59.22,48
22656,2832,2363.13,87.40,109.18,48
23040,2880,495.65,27.70,14.61,48
23040,2880,2921.90,89.27,75.54,48
23040,2880,3733.92,89.96,23.16,48
23040,2880,1515.84,90.44,186.53,48
23040,2880,2432.63,87.58,103.02,48
23040,2880,-3044.76,30.68,150.80,48
23040,2880,-5517.06,33.29,250.73,48
23040,2880,2017.79,86.73,130.06,48
23424,2928,3775.76,90.00,19.76,48
23424,2928,-3490.30,87.28,534.89,48
23424,2928,-693.84,87.86,333.45,48
23424,2928,-2326.47,30.12,123.58,48
23424,2928,457.94,26.49,10.32,48
23424,2928,2221.64,87.54,120.75,48
23424,2928,-7116.86,31.30,308.36,48
23424,2928,-1264.05,30.67,84.08,48
23808,2976,1366.58,90.84,193.75,48
23808,2976,3071.40,91.72,78.75,48
23808,2976,4044.58,89.45,0.00,48
23808,2976,-453.16,26.23,47.99,48
23808,2976,-2336.16,31.20,126.51,48
23808,2976,3236.97,89.91,57.22,48
23808,2976,3681.04,90.40,32.82,48
23808,2976,2530.81,89.72,108.33,48
24192,3024,-738.29,30.72,62.98,48
24192,3024,474.33,33.52,21.30,48
24192,3024,-1726.32,28.76,103.51,48
24192,3024,-335.18,88.65,314.56,48
24192,3024,-1750.40,33.66,105.24,48
24192,3024,953.62,30.61,3.40,48
24192,3024,3901.75,90.74,15.29,48
24192,3024,-869.72,27.30,65.77,48
24576,3072,580.49,29.61,10.99,48
24576,3072,-7283.49,29.69,312.91,48
24576,3072,2874.18,86.77,78.93,48
24576,3072,-16621.84,35.39,679.30,48
24576,3072,2590.40,90.16,106.91,48
24576,3072,2962.82,89.31,74.80,48
24576,3072,1111.66,34.90,0.00,48
24576,3072,1664.10,89.11,164.37,48
24960,3120,-4925.29,25.81,212.40,48
24960,3120,-8748.41,35.10,377.88,48
24960,3120,3456.74,87.89,37.46,48
24960,3120,3751.25,84.71,1.78,48
24960,3120,2778.81,89.97,95.14,48
24960,3120,2199.40,84.86,107.50,48
24960,3120,-6764.92,26.86,283.67,48
24960,3120,3315.40,91.24,60.81,48
25344,3168,1204.00,90.27,205.20,48
25344,3168,-6655.45,32.25,292.21,48
25344,3168,3716.78,87.03,11.40,48
25344,3168,1909.69,87.64,141.93,48
25344,3168,2695.14,87.09,85.25,48
25344,3168,-2357.16,24.61,116.14,48
25344,3168,3892.01,87.94,0.19,48
25344,3168,341.78,90.32,273.23,48
25728,3216,712.19,31.38,13.20,48
25728,3216,3524.91,88.85,31.78,48
25728,3216,-9257.69,32.88,387.63,48
25728,3216,3333.36,87.61,41.06,48
25728,3216,62.99,90.31,290.98,48
25728,3216,2485.35,88.46,106.84,48
25728,3216,-273.53,29.12,48.57,48
25728,3216,-6329.85,30.07,276.60,48
26112,3264,-2428.81,32.41,127.65,48
26112,3264,-2298.74,86.60,441.57,48
26112,3264,2994.15,89.14,71.94,48
26112,3264,-2014.30,29.72,113.86,48
26112,3264,-2762.23,31.08,142.75,48
26112,3264,-1486.81,30.85,91.81,48
26112,3264,2539.04,90.59,115.27,48
26112,3264,2693.98,89.88,98.18,48
26496,3312,3887.61,89.63,11.43,48
26496,3312,872.28,29.86,2.66,48
26496,3312,326.25,25.44,16.72,48
26496,3312,4017.59,90.56,2.00,48
26496,3312,1483.42,90.80,188.83,48
26496,3312,22.26,27.47,26.61,48
26496,3312,-1856.24,88.68,417.57,48
26496,3312,-1972.40,31.73,110.29,48
26880,3360,1091.36,90.49,212.85,48
26880,3360,3827.10,90.80,20.41,48
26880,3360,3069.08,88.23,64.02,48
26880,3360,3024.20,88.55,66.27,48
26880,3360,-710.13,31.35,64.48,48
26880,3360,3560.63,87.49,21.75,48
26880,3360,2513.60,88.59,102.65,48
26880,3360,2794.55,89.28,88.37,48
27264,3408,-7753.01,28.66,328.77,48
27264,3408,3686.93,88.82,21.23,48
27264,3408,-282.33,28.73,44.86,48
27264,3408,2825.81,87.26,76.95,48
27264,3408,3144.10,88.29,64.69,48
27264,3408,3309.75,90.22,57.68,48
27264,3408,358.62,31.23,24.48,48
27264,3408,-4169.33,29.07,191.17,48
27648,3456,3767.14,88.89,14.70,48
27648,3456,3698.48,89.25,20.84,48
27648,3456,-112.35,88.45,292.15,48
27648,3456,-1225.98,34.15,86.89,48
27648,3456,-725.29,89.90,345.15,48
27648,3456,3272.49,91.90,63.65,48
27648,3456,-1870.93,31.91,105.53,48
27648,3456,-417.18,92.07,333.78,48
28032,3504,1358.59,90.97,198.86,48
28032,3504,-820.86,28.52,65.98,48
28032,3504,2573.77,91.80,115.39,48
28032,3504,3946.74,90.28,13.92,48
28032,3504,-5565.10,33.83,252.33,48
28032,3504,-6591.22,29.53,282.45,48
28032,3504,3836.19,90.71,25.14,48
28032,3504,-463.90,30.60,50.99,48
28416,3552,-5532.42,88.59,688.78,48
28416,3552,14.29,28.35,28.99,48
28416,3552,2659.25,86.74,85.84,48
28416,3552,-8202.14,32.83,352.25,48
28416,3552,-6473.73,30.39,281.60,48
28416,3552,2404.46,89.73,119.43,48
28416,3552,2280.28,86.88,110.18,48
28416,3552,718.97,26.53,4.90,48
28800,3600,3658.70,89.89,27.34,48
28800,3600,3180.11,87.00,51.22,48
28800,3600,2626.98,88.44,102.69,48
28800,3600,2279.40,85.05,107.59,48
28800,3600,837.53,28.59,0.00,48
28800,3600,3831.04,87.87,5.15,48
28800,3600,2466.54,86.41,99.45,48
28800,3600,3776.98,87.62,11.16,48
29184,3648,3688.94,86.73,11.79,48
29184,3648,2269.38,88.58,124.06,48
29184,3648,3122.46,88.75,62.90,48
29184,3648,3088.09,88.62,65.32,48
29184,3648,-1324.10,26.70,80.75,48
29184,3648,1525.54,92.09,190.91,48
29184,3648,3281.39,90.88,61.31,48
29184,3648,-2980.39,35.04,156.88,48
29568,3696,-948.97,31.59,75.82,48
29568,3696,654.24,30.49,10.71,48
29568,3696,3837.71,86.17,3.06,48
29568,3696,3331.50,89.77,49.65,48
29568,3696,398.24,92.46,277.07,48
29568,3696,-9662.69,33.45,407.36,48
29568,3696,1455.92,90.15,189.89,48
29568,3696,271.80,23.83,15.51,48
29952,3744,3884.06,87.61,0.28,48
29952,3744,-3941.35,32.90,189.31,48
29952,3744,-6845.45,37.89,310.13,48
29952,3744,216.11,88.54,273.77,48
29952,3744,-78.49,33.64,44.05,48
29952,3744,-328.81,89.24,313.08,48
29952,3744,3837.92,91.39,23.27,48
29952,3744,-2827.51,32.28,147.59,48
30336,3792,1326.16,87.77,185.53,48
30336,3792,-17664.83,36.37,717.13,48
30336,3792,515.23,88.45,251.38,48
30336,3792,1266.49,89.14,196.75,48
30336,3792,288.51,27.35,20.63,48
30336,3792,2643.07,90.07,98.95,48
30336,3792,577.52,30.58,18.54,48
30336,3792,-20433.71,30.59,815.96,48
30720,3840,45.78,88.36,278.36,48
30720,3840,-3955.47,90.46,580.04,48
30720,3840,3526.29,89.70,33.85,48
30720,3840,673.21,26.14,2.88,48
30720,3840,3183.46,88.58,60.13,48
30720,3840,-6888.19,28.07,291.61,48
30720,3840,-1450.93,27.61,91.56,48
30720,3840,-9604.31,31.03,403.19,48
31104,3888,3509.54,89.50,36.36,48
31104,3888,4180.11,92.29,3.50,48
31104,3888,-5656.79,92.61,711.33,48
31104,3888,3098.97,90.07,66.94,48
31104,3888,2786.06,86.92,77.18,48
31104,3888,2034.83,89.48,142.52,48
31104,3888,-3758.30,35.53,185.08,48
31104,3888,3783.64,90.51,19.08,48
31488,3936,2965.53,92.81,90.56,48
31488,3936,3955.61,90.21,9.09,48
31488,3936,-5317.24,36.13,249.34,48
31488,3936,2952.17,89.41,79.55,48
31488,3936,-1208.43,90.77,380.14,48
31488,3936,2812.43,89.36,88.18,48
31488,3936,-2013.24,25.17,107.72,48
31488,3936,3240.15,89.73,56.27,48
31872,3984,271.60,88.91,269.90,48
31872,3984,-527.85,32.08,57.91,48
31872,3984,-894.49,87.68,342.35,48
31872,3984,763.78,30.20,6.80,48
31872,3984,2833.12,90.52,90.09,48
31872,3984,-526.15,90.59,337.57,48
31872,3984,4074.80,91.07,0.76,48
31872,3984,2221.89,86.78,116.23,48
32256,4032,2167.73,91.20,142.88,48
32256,4032,2582.46,88.25,96.86,48
32256,4032,-802.84,86.49,332.09,48
32256,4032,3132.38,88.08,59.62,48
32256,4032,3254.62,89.49,58.16,48
32256,4032,-94.15,31.50,39.34,48
32256,4032,-78.84,89.12,290.09,48
32256,4032,3133.20,87.11,56.38,48
32640,4080,-958.17,89.86,357.90,48
32640,4080,1502.46,87.81,172.14,48
32640,4080,2808.41,90.44,94.74,48
32640,4080,2973.20,91.24,87.44,48
32640,4080,-4200.25,89.88,597.48,48
32640,4080,851.70,89.03,226.84,48
32640,4080,-3843.02,34.87,189.29,48
32640,4080,3432.58,88.53,36.00,48
33024,4128,616.96,85.82,226.64,48
33024,4128,3427.98,90.41,50.05,48
33024,4128,1293.19,91.56,208.56,48
33024,4128,3999.18,89.82,7.74,48
33024,4128,-1091.54,29.89,76.59,48
33024,4128,2062.23,87.95,133.94,48
33024,4128,3422.27,82.68,9.40,48
33024,4128,3457.78,85.81,26.02,48
33408,4176,3382.68,88.54,41.54,48
33408,4176,2852.76,85.82,74.00,48
33408,4176,3779.07,89.29,16.17,48
33408,4176,-1213.59,31.60,82.71,48
33408,4176,3852.38,86.06,0.00,48
33408,4176,2515.30,88.09,101.30,48
33408,4176,380.64,27.58,14.87,48
33408,4176,1297.09,89.24,196.34,48
33792,4224,3632.85,88.16,24.02,48
33792,4224,2246.20,88.56,127.49,48
33792,4224,2434.01,88.37,112.87,48
33792,4224,551.69,29.59,15.34,48
33792,4224,1758.96,88.58,157.32,48
33792,4224,948.60,30.61,2.34,48
33792,4224,1590.43,88.43,170.19,48
33792,4224,-759.07,23.76,56.22,48
34176,4272,252.12,87.49,265.55,48
34176,4272,3068.07,86.35,57.55,48
34176,4272,633.71,23.81,0.19,48
34176,4272,-2707.52,29.84,136.56,48
34176,4272,2531.59,88.05,102.75,48
34176,4272,1640.78,86.94,162.24,48
34176,4272,486.81,24.59,7.66,48
34176,4272,2335.74,85.95,98.74,48
34560,4320,3839.36,87.26,1.25,48
34560,4320,3688.93,85.89,7.06,48
34560,4320,3652.74,86.67,12.86,48
34560,4320,1769.13,88.71,156.43,48
34560,4320,556.60,26.62,8.37,48
34560,4320,-28.18,25.93,30.06,48
34560,4320,3387.75,85.42,24.39,48
34560,4320,-2576.70,28.76,131.12,48
34944,4368,1501.87,85.92,168.87,48
34944,4368,3810.77,87.16,8.25,48
34944,4368,-1676.32,26.76,89.84,48
34944,4368,3109.80,83.88,44.75,48
34944,4368,-726.59,89.22,342.96,48
34944,4368,1654.03,85.58,152.03,48
34944,4368,3583.49,88.80,27.59,48
34944,4368,-2002.37,26.72,105.44,48
35328,4416,2691.19,86.81,80.66,48
35328,4416,3303.14,88.58,44.42,48
35328,4416,581.39,89.04,246.94,48
35328,4416,2574.03,87.66,95.18,48
35328,4416,3691.59,84.36,1.29,48
35328,4416,-1447.73,22.20,79.20,48
35328,4416,3141.01,86.82,47.81,48
35328,4416,2719.52,87.95,86.08,48
35712,4464,511.87,21.57,1.24,48
35712,4464,-7152.69,30.17,305.83,48
35712,4464,3849.48,86.49,0.05,48
35712,4464,-4822.37,29.58,214.18,48
35712,4464,-1580.39,29.39,96.48,48
35712,4464,-3770.05,26.98,177.90,48
35712,4464,-1041.28,25.17,66.26,48
35712,4464,3777.09,86.60,7.81,48
36096,4512,3159.46,87.15,50.04,48
36096,4512,-1889.27,29.22,105.06,48
36096,4512,-4617.42,26.94,206.93,48
36096,4512,-975.81,30.85,77.00,48
36096,4512,-6056.40,26.28,260.42,48
36096,4512,3731.04,85.44,2.91,48
36096,4512,3689.04,87.53,12.85,48
36096,4512,700.88,88.26,235.65,48
36480,4560,3805.90,87.06,3.73,48
36480,4560,685.03,90.95,248.43,48
36480,4560,3475.32,88.78,36.93,48
36480,4560,-743.51,29.23,57.70,48
36480,4560,1934.81,85.93,138.65,48
36480,4560,712.04,31.03,6.51,48
36480,4560,-330.63,27.42,41.89,48
36480,4560,3238.02,88.79,53.27,48
36864,4608,3948.10,88.54,4.25,48
36864,4608,-2456.38,29.69,124.44,48
36864,4608,578.30,26.03,6.70,48
36864,4608,2645.53,89.91,101.26,48
36864,4608,-6748.03,30.15,291.41,48
36864,4608,3202.91,88.67,53.29,48
36864,4608,2518.85,83.24,80.15,48
36864,4608,3945.37,89.49,4.60,48
37248,4656,1249.95,88.27,193.13,48
37248,4656,1077.80,85.39,197.10,48
37248,4656,782.27,88.19,225.67,48
37248,4656,3771.30,87.35,7.78,48
37248,4656,3833.22,85.76,0.57,48
37248,4656,-5270.92,27.09,231.50,48
37248,4656,-3099.01,87.50,501.82,48
37248,4656,-2340.26,22.96,113.77,48
37632,4704,-6570.92,34.70,292.83,48
37632,4704,2043.09,88.20,137.40,48
37632,4704,2640.70,89.06,95.19,48
37632,4704,1635.36,86.28,155.19,48
37632,4704,2789.57,87.20,79.27,48
37632,4704,-1193.94,26.04,77.01,48
37632,4704,3765.24,88.05,11.18,48
37632,4704,3522.22,91.79,47.78,48
38016,4752,535.91,87.06,242.89,48
38016,4752,717.81,89.48,238.46,48
38016,4752,2965.15,85.82,61.23,48
38016,4752,3054.61,87.74,61.92,48
38016,4752,-924.20,87.24,346.53,48
38016,4752,-9123.06,29.45,375.25,48
38016,4752,1187.90,85.84,189.71,48
38016,4752,-422.27,24.77,39.51,48
38400,4800,3660.81,88.93,24.57,48
38400,4800,1194.00,88.97,197.83,48
38400,4800,874.27,30.62,1.39,48
38400,4800,3657.49,84.27,2.72,48
38400,4800,1573.27,87.65,169.75,48
38400,4800,2241.89,90.94,139.68,48
38400,4800,2083.79,87.23,131.87,48
38400,4800,-566.09,25.75,48.67,48
38784,4848,-1806.42,27.06,97.26,48
38784,4848,3362.83,87.78,43.19,48
38784,4848,3592.14,84.64,11.56,48
38784,4848,-2051.30,27.77,108.35,48
38784,4848,-7947.84,31.34,337.31,48
38784,4848,-1943.81,27.83,105.23,48
38784,4848,2840.53,87.74,76.20,48
38784,4848,1025.26,87.88,207.99,48
39168,4896,2867.02,88.08,78.24,48
39168,4896,-7254.84,31.15,316.12,48
39168,4896,2075.76,84.47,117.13,48
39168,4896,-599.20,27.01,51.64,48
39168,4896,3621.63,88.74,24.99,48
39168,4896,1679.87,89.54,174.00,48
39168,4896,3169.97,87.49,52.20,48
39168,4896,-174.77,86.59,289.00,48
39552,4944,796.75,90.65,237.95,48
39552,4944,3856.06,87.51,0.00,48
39552,4944,545.09,28.42,9.20,48
39552,4944,3630.32,89.40,30.29,48
39552,4944,1997.11,85.09,128.43,48
39552,4944,-477.03,23.84,43.52,48
39552,4944,-133.97,26.82,34.89,48
39552,4944,42.94,87.74,281.30,48
39936,4992,3061.48,87.56,62.39,48
39936,4992,1152.40,33.66,1.28,48
39936,4992,3954.58,87.82,0.00,48
39936,4992,-3155.13,29.08,156.86,48
39936,4992,-1029.82,24.71,65.25,48
39936,4992,2519.13,87.52,97.06,48
39936,4992,-1655.43,24.69,89.85,48
39936,4992,3282.10,89.39,52.82,48
40320,5040,1659.18,87.84,160.21,48
40320,5040,3340.39,86.46,39.98,48
40320,5040,2888.31,84.56,58.09,48
40320,5040,-4882.85,28.38,216.88,48
40320,5040,709.04,28.68,2.61,48
40320,5040,-3405.21,28.92,161.14,48
40320,5040,77.28,87.52,276.89,48
40320,5040,-956.31,25.46,64.35,48
40704,5088,-480.05,25.18,43.37,48
40704,5088,-2243.98,26.01,111.15,48
40704,5088,709.64,25.34,1.18,48
40704,5088,-4467.38,23.83,196.30,48
40704,5088,-4281.38,32.61,200.47,48
40704,5088,3758.83,85.33,0.00,48
40704,5088,2209.02,85.86,117.53,48
40704,5088,2777.67,86.49,76.89,48
41088,5136,-9371.90,30.84,389.32,48
41088,5136,-2494.62,26.63,125.50,48
41088,5136,1958.01,89.64,148.29,48
41088,5136,-48.52,23.73,27.29,48
41088,5136,2323.86,86.44,111.67,48
41088,5136,2672.12,89.00,96.33,48
41088,5136,162.34,87.14,269.14,48
41088,5136,3959.21,88.44,1.69,48
41472,5184,3998.15,88.82,0.00,48
41472,5184,3794.06,86.46,2.64,48
41472,5184,3697.10,87.44,10.72,48
41472,5184,-1242.87,30.09,83.37,48
41472,5184,335.37,28.98,21.94,48
41472,5184,-4620.39,27.28,201.86,48
41472,5184,742.12,25.88,0.00,48
41472,5184,-4190.40,88.59,589.56,48
41856,5232,1126.78,88.60,204.14,48
41856,5232,1856.31,88.37,156.89,48
41856,5232,2924.04,86.73,70.33,48
41856,5232,622.53,28.42,5.51,48
41856,5232,3048.94,85.86,56.94,48
41856,5232,-465.87,28.24,50.32,48
41856,5232,3765.40,89.14,15.50,48
41856,5232,3548.18,90.85,42.23,48
42240,5280,2706.08,88.39,89.02,48
42240,5280,3986.10,89.26,2.91,48
42240,5280,1881.45,89.90,155.11,48
42240,5280,2288.28,88.08,120.23,48
42240,5280,1814.96,89.80,160.58,48
42240,5280,1113.99,85.76,191.44,48
42240,5280,3918.73,87.53,0.31,48
42240,5280,869.47,89.14,225.40,48
42624,5328,3195.11,86.20,44.17,48
42624,5328,3485.53,89.18,38.60,48
42624,5328,1983.41,88.05,141.57,48
42624,5328,1181.07,87.88,198.44,48
42624,5328,-2225.63,26.48,113.24,48
42624,5328,606.72,85.50,232.73,48
42624,5328,499.95,89.07,252.90,48
42624,5328,-1729.58,25.99,96.01,48
43008,5376,3725.61,85.40,1.37,48
43008,5376,338.75,28.23,16.51,48
43008,5376,1260.03,86.64,183.36,48
43008,5376,3599.08,86.47,15.95,48
43008,5376,2286.10,89.04,125.70,48
43008,5376,193.53,25.60,21.38,48
43008,5376,46.70,26.42,30.31,48
43008,5376,-365.55,89.18,315.65,48
43392,5424,3262.82,86.94,38.15,48
43392,5424,3891.76,88.58,8.51,48
43392,5424,-563.39,88.37,327.22,48
43392,5424,3933.62,89.85,10.67,48
43392,5424,-611.06,87.83,325.47,48
43392,5424,-4373.67,85.27,583.66,48
43392,5424,2669.24,89.55,99.72,48
43392,5424,2686.27,85.87,77.12,48
43776,5472,2519.32,89.28,107.81,48
43776,5472,-1661.20,26.28,91.84,48
43776,5472,541.26,86.35,240.68,48
43776,5472,1853.05,90.81,162.33,48
43776,5472,2598.41,85.58,89.41,48
43776,5472,2418.13,87.87,106.42,48
43776,5472,1272.23,84.68,175.87,48
43776,5472,-361.79,31.34,52.24,48
44160,5520,2425.27,88.40,112.29,48
44160,5520,3246.77,85.38,34.20,48
44160,5520,3244.75,88.29,50.41,48
44160,5520,3771.39,85.08,0.00,48
44160,5520,-4386.97,24.61,192.86,48
44160,5520,848.26,27.21,0.00,48
44160,5520,2685.96,90.92,103.56,48
44160,5520,2168.17,91.06,143.09,48
44544,5568,3266.91,86.73,42.99,48
44544,5568,3765.70,88.45,15.18,48
44544,5568,-5730.68,88.45,693.95,48
44544,5568,3240.57,88.11,51.59,48
44544,5568,-1546.97,33.54,97.32,48
44544,5568,3013.02,87.19,63.88,48
44544,5568,-781.41,86.85,333.29,48
44544,5568,200.12,26.90,23.39,48
44928,5616,-1878.39,25.68,101.73,48
44928,5616,3012.16,88.04,64.77,48
44928,5616,45.70,87.90,280.07,48
44928,5616,478.56,27.31,11.01,48
44928,5616,-2603.46,27.90,128.26,48
44928,5616,-1948.40,29.83,106.90,48
44928,5616,2143.79,88.80,132.10,48
44928,5616,968.11,27.45,0.00,48
45312,5664,-828.55,88.58,344.84,48
45312,5664,3782.97,88.65,9.10,48
45312,5664,3421.33,85.61,26.81,48
45312,5664,154.20,90.26,281.15,48
45312,5664,3439.49,87.38,33.07,48
45312,5664,1498.60,91.22,190.03,48
45312,5664,3324.78,86.93,40.73,48
45312,5664,3144.13,85.64,46.25,48
45696,5712,-1596.53,30.29,97.55,48
45696,5712,3683.58,89.86,28.86,48
45696,5712,-7203.40,30.67,312.15,48
45696,5712,3650.48,87.74,20.93,48
45696,5712,3243.23,85.84,41.56,48
45696,5712,-191.47,86.58,286.95,48
45696,5712,1731.58,86.56,151.36,48
45696,5712,-4687.41,25.91,208.39,48
46080,5760,-2393.79,26.33,116.31,48
46080,5760,3690.24,89.78,24.54,48
46080,5760,580.19,26.98,8.40,48
46080,5760,436.65,25.51,12.38,48
46080,5760,-2299.86,31.81,127.55,48
46080,5760,-2385.55,30.00,123.06,48
46080,5760,204.41,89.72,274.85,48
46080,5760,-4495.02,22.74,190.23,48
46464,5808,3910.20,88.19,3.62,48
46464,5808,3777.58,88.24,12.52,48
46464,5808,3130.51,87.71,56.33,48
46464,5808,3845.74,88.09,6.59,48
46464,5808,-1574.07,30.43,94.69,48
46464,5808,617.85,23.44,0.00,48
46464,5808,-796.84,27.22,61.26,48
46464,5808,718.87,30.22,9.31,48
46848,5856,6.26,89.24,286.51,48
46848,5856,3718.15,84.48,4.89,48
46848,5856,1027.57,87.95,207.46,48
46848,5856,-5231.29,26.87,227.21,48
46848,5856,2292.10,85.15,107.21,48
46848,5856,1830.18,87.84,147.82,48
46848,5856,2384.52,85.58,106.98,48
46848,5856,3685.01,87.69,15.37,48
47232,5904,-4891.19,27.35,216.51,48
47232,5904,3220.75,87.61,49.13,48
47232,5904,3874.36,88.33,6.06,48
47232,5904,2423.16,87.22,101.18,48
47232,5904,1657.79,90.06,171.33,48
47232,5904,-662.99,23.94,51.82,48
47232,5904,1444.28,88.17,180.56,48
47232,5904,2657.12,87.10,92.53,48
47616,5952,-618.05,31.18,62.67,48
47616,5952,-1244.48,29.40,82.95,48
47616,5952,-364.52,27.53,46.75,48
47616,5952,3682.86,84.49,1.57,48
47616,5952,514.45,87.27,242.15,48
47616,5952,3227.78,84.13,33.87,48
47616,5952,1522.79,89.18,176.90,48
47616,5952,3973.97,88.68,0.88,48
48000,6000,3624.85,88.67,26.51,48
48000,6000,4247.67,91.89,0.00,48
48000,6000,-3588.79,28.54,166.42,48
48000,6000,1497.19,89.46,180.78,48
48000,6000,-4594.41,27.46,205.33,48
48000,6000,-628.58,89.70,334.14,48
48000,6000,3766.74,89.30,14.89,48
48000,6000,-179.11,28.24,37.37,48
48384,6048,445.52,87.02,246.33,48
48384,6048,2495.18,87.45,102.12,48
48384,6048,3699.85,89.28,20.79,48
48384,6048,-2738.23,27.53,135.98,48
48384,6048,3532.77,85.75,19.82,48
48384,6048,-3326.01,29.58,162.25,48
48384,6048,1711.07,85.68,149.59,48
48384,6048,3703.22,88.43,15.83,48
48768,6096,3823.76,88.98,13.11,48
48768,6096,-715.32,28.08,57.96,48
48768,6096,3653.70,87.49,18.95,48
48768,6096,3738.13,85.24,0.72,48
48768,6096,-2117.96,27.65,110.94,48
48768,6096,3363.83,87.49,38.70,48
48768,6096,4053.27,89.45,0.00,48
48768,6096,3598.18,87.80,23.20,48
49152,6144,-5822.08,29.28,257.20,48
49152,6144,3840.29,87.26,5.47,48
49152,6144,2061.08,89.22,144.51,48
49152,6144,-778.09,87.37,340.48,48
49152,6144,-347.29,86.36,300.40,48
49152,6144,2607.44,87.53,92.80,48
49152,6144,4002.90,89.60,4.55,48
49152,6144,3566.95,90.04,37.62,48
49536,6192,-3307.05,88.34,524.56,48
49536,6192,3579.82,86.85,19.12,48
49536,6192,-1168.45,25.18,71.14,48
49536,6192,-859.02,89.35,348.89,48
49536,6192,3583.09,87.96,21.83,48
49536,6192,-3125.54,29.00,153.76,48
49536,6192,383.36,23.39,9.05,48
49536,6192,3554.66,90.86,43.19,48
49920,6240,13.68,26.43,28.52,48
49920,6240,3272.10,90.80,61.60,48
49920,6240,3693.51,87.47,13.63,48
49920,6240,-6781.77,26.14,283.16,48
49920,6240,-2403.02,26.22,118.92,48
49920,6240,3872.24,87.54,0.79,48
49920,6240,3830.46,85.99,4.56,48
49920,6240,3064.00,88.79,70.66,48
50304,6288,442.59,88.22,253.82,48
50304,6288,-836.21,89.15,349.99,48
50304,6288,2987.96,86.65,60.46,48
50304,6288,1987.82,87.80,141.62,48
50304,6288,-422.58,30.01,50.73,48
50304,6288,38.44,28.22,33.57,48
50304,6288,663.11,86.22,230.11,48
50304,6288,3390.31,86.98,35.77,48
50688,6336,-8435.99,27.86,349.39,48
50688,6336,-1005.64,31.53,76.43,48
50688,6336,3770.10,89.50,21.84,48
50688,6336,-767.91,26.78,57.96,48
50688,6336,-1443.39,26.41,83.65,48
50688,6336,2816.93,91.00,95.62,48
50688,6336,-6557.38,29.55,281.87,48
50688,6336,3447.25,87.55,31.83,48
51072,6384,3201.23,86.03,44.48,48
51072,6384,2403.65,89.75,116.76,48
51072,6384,3657.49,87.31,15.67,48
51072,6384,689.53,86.24,223.67,48
51072,6384,-2003.07,85.55,422.87,48
51072,6384,1425.02,87.44,182.16,48
51072,6384,679.25,26.30,5.44,48
51072,6384,4125.31,90.37,0.05,48
51456,6432,-1108.39,88.73,361.32,48
51456,6432,-3023.83,30.29,146.83,48
51456,6432,3204.94,88.18,50.22,48
51456,6432,-3548.51,27.84,163.75,48
51456,6432,2494.41,88.21,105.15,48
51456,6432,3284.20,84.59,33.88,48
51456,6432,1823.33,86.48,141.32,48
51456,6432,3377.29,88.83,44.09,48
51840,6480,3728.65,88.55,14.77,48
51840,6480,-4274.54,28.53,194.73,48
51840,6480,3703.24,86.88,14.97,48
51840,6480,2349.39,88.22,118.96,48
51840,6480,2608.71,86.15,84.96,48
51840,6480,-1321.32,26.57,76.22,48
51840,6480,-138.88,24.73,37.86,48
51840,6480,-205.69,83.88,280.84,48
52224,6528,1693.88,88.20,161.46,48
52224,6528,3716.38,87.52,15.07,48
52224,6528,3096.33,87.59,57.92,48
52224,6528,698.75,23.24,0.32,48
52224,6528,-649.07,24.20,51.20,48
52224,6528,3773.97,87.07,2.15,48
52224,6528,1753.20,88.80,158.06,48
52224,6528,2925.48,87.95,72.84,48
52608,6576,3752.10,89.03,16.19,48
52608,6576,1460.87,86.88,174.48,48
52608,6576,2877.67,87.56,76.40,48
52608,6576,-6661.89,33.48,297.11,48
52608,6576,-680.67,27.29,59.79,48
52608,6576,1811.27,87.24,150.74,48
52608,6576,-339.88,32.77,54.14,48
52608,6576,1639.38,85.88,156.62,48
52992,6624,83.54,31.39,32.78,48
52992,6624,2150.54,86.98,123.75,48
52992,6624,-5646.26,26.80,241.38,48
52992,6624,136.59,27.81,22.87,48
52992,6624,482.76,23.57,5.80,48
52992,6624,2844.58,87.96,79.96,48
52992,6624,99.86,27.71,30.56,48
52992,6624,3489.64,86.38,27.54,48
53376,6672,540.34,35.41,26.98,48
53376,6672,-6199.78,30.37,268.17,48
53376,6672,-2789.72,30.57,145.19,48
53376,6672,-2573.64,30.06,131.08,48
53376,6672,3855.43,89.00,9.50,48
53376,6672,2343.62,85.53,104.70,48
53376,6672,3824.47,86.42,2.58,48
53376,6672,3717.42,89.00,20.28,48
53760,6720,-2035.35,86.58,423.97,48
53760,6720,585.89,89.47,243.98,48
53760,6720,3803.91,87.26,6.70,48
53760,6720,-2618.18,28.04,133.68,48
53760,6720,2690.21,87.83,91.47,48
53760,6720,3785.40,89.17,18.85,48
53760,6720,2511.08,86.46,96.94,48
53760,6720,3981.91,88.89,1.19,48
54144,6768,-741.93,88.58,337.64,48
54144,6768,-47.02,90.43,296.75,48
54144,6768,2245.97,87.58,122.11,48
54144,6768,-7750.90,28.87,329.53,48
54144,6768,3343.61,89.54,52.86,48
54144,6768,2155.77,84.84,116.85,48
54144,6768,-4071.69,29.26,185.24,48
54144,6768,3720.02,87.38,12.19,48
54528,6816,3698.11,87.01,16.09,48
54528,6816,159.99,28.29,28.09,48
54528,6816,3543.91,86.10,19.07,48
54528,6816,-265.93,27.41,38.82,48
54528,6816,-172.21,26.42,36.62,48
54528,6816,-6270.47,31.72,277.42,48
54528,6816,-2216.36,28.40,115.44,48
54528,6816,-4383.41,26.01,197.08,48
54912,6864,3625.98,87.94,20.03,48
54912,6864,-4761.03,25.66,208.23,48
54912,6864,734.07,27.19,2.09,48
54912,6864,-1154.51,83.24,342.38,48
54912,6864,824.28,29.93,3.32,48
54912,6864,1181.47,88.03,196.64,48
54912,6864,-124.44,30.11,39.77,48
54912,6864,3720.06,86.48,9.64,48
55296,6912,3684.78,85.60,10.60,48
55296,6912,977.67,85.48,197.32,48
55296,6912,3832.73,89.51,11.86,48
55296,6912,-3140.26,23.42,146.66,48
55296,6912,-1023.90,27.39,68.63,48
55296,6912,2260.94,88.21,118.71,48
55296,6912,3077.65,86.67,55.10,48
55296,6912,2940.28,89.24,75.82,48
55680,6960,188.51,22.89,19.86,48
55680,6960,2089.61,91.63,151.08,48
55680,6960,1607.28,89.18,173.31,48
55680,6960,2287.21,87.29,115.33,48
55680,6960,-723.68,87.10,330.33,48
55680,6960,3010.27,90.03,75.76,48
55680,6960,1082.35,85.75,194.28,48
55680,6960,-923.75,32.38,73.60,48
56064,7008,2960.39,90.36,80.31,48
56064,7008,859.56,88.17,220.22,48
56064,7008,2123.69,86.58,126.20,48
56064,7008,3537.19,87.52,30.36,48
56064,7008,3807.36,88.45,11.86,48
56064,7008,3070.66,88.77,66.87,48
56064,7008,3938.38,89.09,6.35,48
56064,7008,3319.23,88.58,50.02,48
56448,7056,1394.18,88.72,184.56,48
56448,7056,419.96,22.40,5.00,48
56448,7056,3100.51,87.93,63.12,48
56448,7056,524.04,85.79,236.53,48
56448,7056,3837.82,86.81,1.63,48
56448,7056,-5957.00,90.56,722.11,48
56448,7056,2438.82,86.98,100.92,48
56448,7056,636.95,24.49,0.02,48
56832,7104,-657.70,86.37,325.67,48
56832,7104,2317.39,89.16,120.42,48
56832,7104,1363.96,88.22,190.47,48
56832,7104,390.96,90.16,266.97,48
56832,7104,1713.01,90.30,167.91,48
56832,7104,3836.06,87.77,4.88,48
56832,7104,562.52,88.54,247.56,48
56832,7104,-8070.84,28.33,336.58,48
57216,7152,2311.95,88.08,118.44,48
57216,7152,144.01,24.51,23.01,48
57216,7152,617.30,88.75,240.01,48
57216,7152,3715.34,89.83,26.81,48
57216,7152,1444.21,89.15,183.01,48
57216,7152,3843.72,87.53,7.14,48
57216,7152,1898.31,89.46,150.99,48
57216,7152,3820.96,89.95,18.86,48
57600,7200,-26.86,23.72,28.34,48
57600,7200,298.16,23.91,11.75,48
57600,7200,648.70,27.52,7.85,48
57600,7200,2615.32,89.20,98.93,48
57600,7200,1411.39,85.90,171.31,48
57600,7200,901.62,89.54,225.20,48
57600,7200,506.98,28.12,12.27,48
57600,7200,492.97,31.29,16.28,48
57984,7248,-4042.82,87.09,569.85,48
57984,7248,-3286.64,32.82,161.92,48
57984,7248,2893.16,88.80,80.04,48
57984,7248,2405.02,88.97,114.89,48
57984,7248,654.97,25.85,2.15,48
57984,7248,3363.35,85.93,32.29,48
57984,7248,3801.86,85.23,0.26,48
57984,7248,3336.24,87.90,39.13,48
58368,7296,594.83,86.71,237.66,48
58368,7296,-1321.83,25.63,79.27,48
58368,7296,3603.47,87.81,22.46,48
58368,7296,1677.55,86.84,159.33,48
58368,7296,-494.99,89.24,322.21,48
58368,7296,3735.44,85.36,0.00,48
58368,7296,-37.89,89.11,291.95,48
58368,7296,788.43,27.28,0.92,48
58752,7344,-5873.26,32.86,260.99,48
58752,7344,3107.56,86.92,54.82,48
58752,7344,225.23,27.37,23.76,48
58752,7344,2746.08,90.06,94.87,48
58752,7344,-836.39,28.49,64.04,48
58752,7344,449.51,88.74,254.95,48
58752,7344,750.26,89.20,235.56,48
58752,7344,4023.25,89.04,0.49,48
59136,7392,-2659.68,27.48,132.47,48
59136,7392,3979.42,89.00,0.95,48
59136,7392,152.11,30.73,30.62,48
59136,7392,-144.89,87.97,293.06,48
59136,7392,3770.06,87.52,9.18,48
59136,7392,3338.51,87.97,40.50,48
59136,7392,-1665.29,28.78,96.11,48
59136,7392,3917.81,86.99,0.31,48
59520,7440,3906.69,89.40,8.76,48
59520,7440,4044.38,89.47,0.68,48
59520,7440,2960.78,87.35,67.34,48
59520,7440,-657.22,85.97,321.97,48
59520,7440,865.12,85.86,213.21,48
59520,7440,1337.62,87.07,178.40,48
59520,7440,2968.04,85.14,59.01,48
59520,7440,2941.84,86.30,62.90,48
59904,7488,3904.47,88.94,7.42,48
59904,7488,2317.08,88.45,120.13,48
59904,7488,-4070.87,24.48,180.69,48
59904,7488,3779.43,88.09,11.66,48
59904,7488,560.04,26.32,10.50,48
59904,7488,362.26,87.79,258.02,48
59904,7488,2891.73,86.17,67.62,48
59904,7488,910.54,84.60,206.18,48
60288,7536,3082.14,92.57,84.61,48
60288,7536,597.79,23.73,2.49,48
60288,7536,3700.06,86.72,13.27,48
60288,7536,3005.86,85.52,58.68,48
60288,7536,-3205.34,27.95,152.43,48
60288,7536,2632.74,86.63,88.45,48
60288,7536,-948.67,88.28,352.90,48
60288,7536,2470.62,91.78,122.62,48
60672,7584,-708.43,89.53,342.45,48
60672,7584,-1403.45,31.55,91.40,48
60672,7584,1207.28,87.63,196.92,48
60672,7584,4106.16,91.46,4.10,48
60672,7584,1037.61,84.52,195.78,48
60672,7584,1854.35,87.79,149.47,48
60672,7584,3550.52,91.28,44.18,48
60672,7584,269.81,86.31,256.53,48
61056,7632,699.12,27.41,2.57,48
61056,7632,3426.98,86.29,34.08,48
61056,7632,3916.62,88.17,3.73,48
61056,7632,-1082.07,91.48,379.54,48
61056,7632,-7544.80,26.96,316.89,48
61056,7632,245.23,20.74,12.79,48
61056,7632,-102.92,23.81,30.60,48
61056,7632,3504.43,89.46,36.81,48
61440,7680,-4559.62,26.23,201.09,48
61440,7680,3591.51,89.55,33.36,48
61440,7680,-782.75,24.34,53.27,48
61440,7680,2830.59,85.71,70.77,48
61440,7680,453.09,86.00,240.94,48
61440,7680,-6836.61,31.35,293.48,48
61440,7680,96.13,29.03,23.94,48
61440,7680,3664.38,90.79,30.98,48
61824,7728,1988.40,86.99,136.35,48
61824,7728,2765.34,86.83,75.60,48
61824,7728,126.75,32.23,38.41,48
61824,7728,2941.13,88.82,72.16,48
61824,7728,-249.40,88.99,302.92,48
61824,7728,657.20,87.76,231.85,48
61824,7728,793.36,89.39,229.36,48
61824,7728,2440.78,87.99,103.91,48
62208,7776,2711.74,86.02,80.60,48
62208,7776,-1076.63,27.75,70.11,48
62208,7776,-4356.73,26.97,195.24,48
62208,7776,722.47,26.05,3.78,48
62208,7776,293.46,26.94,17.59,48
62208,7776,3399.71,85.61,24.81,48
62208,7776,3152.47,89.00,62.16,48
62208,7776,821.04,28.36,0.28,48
62592,7824,3905.94,89.34,5.31,48
62592,7824,4017.84,90.81,9.42,48
62592,7824,2031.59,87.35,134.08,48
62592,7824,3877.24,87.04,2.31,48
62592,7824,-2980.06,28.18,144.02,48
62592,7824,3608.10,87.03,20.09,48
62592,7824,2906.37,89.21,82.41,48
62592,7824,3499.48,85.38,22.87,48
62976,7872,749.29,92.98,253.78,48
62976,7872,3268.45,86.59,48.12,48
62976,7872,822.19,85.42,208.65,48
62976,7872,2185.97,90.26,136.46,48
62976,7872,1126.20,90.84,212.84,48
62976,7872,-12031.69,27.52,490.61,48
62976,7872,3503.71,86.81,25.05,48
62976,7872,835.76,85.38,216.15,48
63360,7920,-540.17,89.52,330.02,48
63360,7920,3442.02,90.66,48.82,48
63360,7920,2285.32,89.04,122.57,48
63360,7920,736.55,23.81,0.00,48
63360,7920,-3983.23,27.57,181.17,48
63360,7920,-6978.20,25.48,288.50,48
63360,7920,3411.88,89.09,39.28,48
63360,7920,2067.59,87.62,131.05,48
63744,7968,1387.84,90.67,192.86,48
63744,7968,938.09,86.54,212.10,48
63744,7968,3672.16,84.58,6.15,48
63744,7968,2835.65,89.55,87.08,48
63744,7968,3290.33,88.94,47.93,48
63744,7968,-1221.72,27.74,78.38,48
63744,7968,2620.93,84.80,76.08,48
63744,7968,3754.51,84.60,0.48,48
64128,8016,-13258.71,29.81,542.34,48
64128,8016,2799.61,84.24,67.50,48
64128,8016,445.56,26.33,15.13,48
64128,8016,-4668.38,30.85,214.15,48
64128,8016,3162.09,89.00,55.03,48
64128,8016,3513.33,85.47,16.52,48
64128,8016,3672.79,88.57,22.18,48
64128,8016,3610.16,88.12,24.96,48
64512,8064,195.42,85.48,259.12,48
64512,8064,1984.85,86.63,132.15,48
64512,8064,3844.54,89.65,15.96,48
64512,8064,-15450.90,31.16,624.00,48
64512,8064,722.82,25.71,3.61,48
64512,8064,3868.29,90.82,16.97,48
64512,8064,2009.65,89.81,144.96,48
64512,8064,-5152.11,29.74,232.00,48
64896,8112,3618.30,89.25,34.16,48
64896,8112,59.56,28.41,31.07,48
64896,8112,-7445.36,30.17,318.05,48
64896,8112,798.26,29.65,3.50,48
64896,8112,3255.70,86.67,46.87,48
64896,8112,2444.94,87.49,107.32,48
64896,8112,265.64,30.51,24.31,48
64896,8112,190.97,29.57,26.24,48
65280,8160,3165.71,85.26,44.45,48
65280,8160,1760.85,87.16,151.21,48
65280,8160,544.29,87.83,244.99,48
65280,8160,-564.68,87.69,324.90,48
65280,8160,3670.41,89.14,24.69,48
65280,8160,3035.36,87.98,65.14,48
65280,8160,1800.04,87.67,153.44,48
65280,8160,3176.49,86.62,47.62,48
65664,8208,2448.68,85.75,97.15,48
65664,8208,-1039.12,27.06,68.96,48
65664,8208,-599.59,26.26,50.58,48
65664,8208,2985.52,87.67,71.51,48
65664,8208,1660.67,87.11,163.22,48
65664,8208,3464.47,81.31,10.64,48
65664,8208,3381.89,88.33,39.27,48
65664,8208,942.19,87.52,218.24,48
66048,8256,304.52,87.86,262.15,48
66048,8256,-1458.43,29.27,91.96,48
66048,8256,1802.37,89.26,161.48,48
66048,8256,2818.41,86.21,75.25,48
66048,8256,3583.29,89.30,30.76,48
66048,8256,3822.39,88.74,10.57,48
66048,8256,2740.49,87.15,83.83,48
66048,8256,3151.99,86.06,48.43,48
66432,8304,3545.40,87.60,26.24,48
66432,8304,725.19,25.20,0.96,48
66432,8304,3750.58,85.20,5.04,48
66432,8304,848.91,85.58,215.73,48
66432,8304,-576.26,28.17,57.14,48
66432,8304,-798.15,29.84,63.47,48
66432,8304,2911.34,87.72,67.07,48
66432,8304,2535.52,87.26,100.85,48
66816,8352,3304.55,90.06,57.24,48
66816,8352,1335.15,90.87,199.77,48
66816,8352,108.45,22.67,22.47,48
66816,8352,1909.88,87.52,144.67,48
66816,8352,640.23,25.41,3.78,48
66816,8352,-7353.70,25.63,305.55,48
66816,8352,701.72,25.67,5.20,48
66816,8352,585.29,24.94,2.30,48
67200,8400,-2567.32,25.67,124.19,48
67200,8400,3710.78,84.74,2.47,48
67200,8400,2065.91,85.09,126.00,48
67200,8400,-2515.21,87.03,461.52,48
67200,8400,-3006.18,90.61,510.87,48
67200,8400,2582.55,85.76,90.26,48
67200,8400,1887.03,81.53,122.62,48
67200,8400,3023.63,85.81,59.36,48
67584,8448,1461.94,88.05,179.55,48
67584,8448,3243.29,88.79,57.89,48
67584,8448,2925.68,85.41,64.38,48
67584,8448,-703.66,24.42,58.17,48
67584,8448,1709.87,87.79,160.60,48
67584,8448,-3187.76,29.85,156.27,48
67584,8448,3915.53,86.96,0.00,48
67584,8448,3860.70,86.22,0.02,48
67968,8496,3890.16,86.94,0.00,48
67968,8496,3170.20,88.29,57.78,48
67968,8496,3089.06,86.94,61.02,48
67968,8496,197.78,89.32,272.99,48
67968,8496,3415.62,88.45,45.19,48
67968,8496,2631.25,83.05,73.57,48
67968,8496,3222.48,86.05,46.05,48
67968,8496,3145.10,89.92,69.11,48
68352,8544,-1698.62,24.32,91.37,48
68352,8544,3835.95,86.93,0.10,48
68352,8544,-978.07,28.90,69.86,48
68352,8544,3871.88,88.73,11.62,48
68352,8544,-790.41,22.25,50.88,48
68352,8544,-4648.45,26.04,206.47,48
68352,8544,236.05,86.13,260.07,48
68352,8544,2724.44,85.41,74.42,48
68736,8592,3769.79,84.88,0.76,48
68736,8592,3121.93,82.41,40.40,48
68736,8592,751.39,25.63,1.83,48
68736,8592,-5087.14,26.34,223.46,48
68736,8592,2791.12,89.73,89.52,48
68736,8592,3089.43,83.57,43.81,48
68736,8592,321.09,28.48,20.02,48
68736,8592,2119.12,89.54,138.55,48
69120,8640,693.01,26.34,4.53,48
69120,8640,3899.28,87.79,4.74,48
69120,8640,4035.28,90.28,8.16,48
69120,8640,-6223.42,30.78,268.25,48
69120,8640,726.77,24.52,0.72,48
69120,8640,3736.25,87.60,12.37,48
69120,8640,-3896.47,88.28,567.37,48
69120,8640,216.07,87.35,269.37,48
69504,8688,2759.21,83.87,69.85,48
69504,8688,2245.45,87.53,121.59,48
69504,8688,1456.60,88.66,185.97,48
69504,8688,3887.55,87.25,3.77,48
69504,8688,3941.81,88.55,2.61,48
69504,8688,283.40,87.70,258.46,48
69504,8688,3045.12,87.84,64.66,48
69504,8688,3867.36,89.27,13.23,48
69888,8736,3739.75,87.90,16.95,48
69888,8736,-1307.52,26.98,78.55,48
69888,8736,3945.88,88.30,0.76,48
69888,8736,760.44,26.25,0.90,48
69888,8736,568.20,24.50,3.72,48
69888,8736,3429.12,88.02,37.60,48
69888,8736,3029.59,85.52,53.52,48
69888,8736,3681.23,84.34,1.49,48
70272,8784,4011.51,89.74,5.80,48
70272,8784,1957.49,87.76,144.19,48
70272,8784,3134.60,87.36,54.94,48
70272,8784,714.56,24.55,0.95,48
70272,8784,3998.71,88.34,1.67,48
70272,8784,3177.39,87.82,55.12,48
70272,8784,3857.22,89.54,16.93,48
70272,8784,3797.12,89.42,16.62,48
70656,8832,3632.24,86.77,16.87,48
70656,8832,-5033.61,23.44,215.90,48
70656,8832,3185.20,87.53,52.98,48
70656,8832,2568.15,85.83,86.67,48
70656,8832,2618.43,90.03,108.24,48
70656,8832,-4461.77,23.77,192.25,48
70656,8832,3474.10,88.82,37.64,48
70656,8832,-6930.61,27.07,290.05,48
71040,8880,3729.17,84.66,0.49,48
71040,8880,3107.51,86.92,55.48,48
71040,8880,-5510.60,24.60,235.27,48
71040,8880,1899.93,88.06,147.91,48
71040,8880,-6217.40,24.79,264.47,48
71040,8880,3887.80,86.15,0.92,48
71040,8880,-2178.71,86.71,433.82,48
71040,8880,2811.03,83.74,64.26,48
71424,8928,620.66,27.01,7.17,48
71424,8928,2386.98,86.20,104.12,48
71424,8928,-2039.87,29.53,112.94,48
71424,8928,3842.19,86.47,3.37,48
71424,8928,3724.66,84.69,4.33,48
71424,8928,3730.38,86.35,11.50,48
71424,8928,3622.79,87.83,22.62,48
71424,8928,290.68,27.74,18.94,48
71808,8976,2041.14,85.74,129.10,48
71808,8976,1837.06,87.20,144.40,48
71808,8976,-3193.60,27.37,152.53,48
71808,8976,972.35,83.30,195.72,48
71808,8976,2887.27,85.74,70.16,48
71808,8976,2701.71,90.33,100.95,48
71808,8976,-1617.08,26.04,92.24,48
71808,8976,-308.05,27.21,45.08,48
72192,9024,2763.65,87.21,81.46,48
72192,9024,-1551.58,24.95,83.76,48
72192,9024,730.25,27.27,3.75,48
72192,9024,3413.44,85.41,24.33,48
72192,9024,3046.85,86.72,61.27,48
72192,9024,2939.47,88.45,71.73,48
72192,9024,3607.43,85.77,12.82,48
72192,9024,341.31,86.67,257.42,48
72576,9072,391.39,23.88,14.46,48
72576,9072,2411.44,88.85,110.54,48
72576,9072,-316.12,23.95,40.46,48
72576,9072,3878.24,86.44,3.40,48
72576,9072,2782.68,85.02,73.00,48
72576,9072,-1939.23,26.74,103.59,48
72576,9072,3734.46,84.51,2.45,48
72576,9072,4003.04,89.03,0.00,48
72960,9120,391.79,23.14,14.07,48
72960,9120,1208.78,86.84,191.40,48
72960,9120,1905.48,90.07,153.69,48
72960,9120,3643.10,82.80,0.62,48
72960,9120,-14710.56,32.27,600.29,48
72960,9120,3818.52,89.81,16.81,48
72960,9120,3753.20,87.84,10.18,48
72960,9120,-11654.58,26.26,473.23,48
73344,9168,1584.83,89.36,175.37,48
73344,9168,712.78,29.86,10.01,48
73344,9168,-328.34,26.73,41.26,48
73344,9168,-651.38,24.87,51.29,48
73344,9168,750.95,26.12,3.50,48
73344,9168,-1998.94,27.32,108.55,48
73344,9168,-6765.08,28.24,289.32,48
73344,9168,-3472.17,28.19,163.78,48
73728,9216,1639.13,90.68,176.68,48
73728,9216,2901.31,84.17,62.77,48
73728,9216,43.78,25.70,26.80,48
73728,9216,-3912.12,23.90,177.23,48
73728,9216,3760.39,87.77,12.78,48
73728,9216,3101.52,87.09,56.56,48
73728,9216,914.30,86.52,214.70,48
73728,9216,903.72,88.11,218.79,48
74112,9264,3918.70,86.90,0.00,48
74112,9264,2793.14,88.29,85.12,48
74112,9264,2948.03,85.90,59.37,48
74112,9264,-2412.02,28.72,128.44,48
74112,9264,3949.61,88.78,0.72,48
74112,9264,-4253.52,25.24,192.06,48
74112,9264,3947.49,87.39,0.00,48
74112,9264,-5045.99,26.77,223.60,48
74496,9312,-535.73,30.44,53.18,48
74496,9312,290.55,86.53,252.34,48
74496,9312,295.74,23.45,12.17,48
74496,9312,2712.03,89.01,91.26,48
74496,9312,-2675.34,29.92,136.57,48
74496,9312,3906.34,89.80,12.55,48
74496,9312,2806.15,86.22,75.60,48
74496,9312,3569.45,87.41,25.75,48
74880,9360,1203.41,87.27,194.81,48
74880,9360,3239.11,85.21,40.03,48
74880,9360,-1470.88,26.20,84.91,48
74880,9360,3490.31,90.96,48.54,48
74880,9360,-4765.89,90.28,639.04,48
74880,9360,324.83,25.97,20.90,48
74880,9360,3891.44,87.05,0.45,48
74880,9360,2493.34,88.04,108.13,48
75264,9408,2835.58,88.09,78.66,48
75264,9408,666.82,88.41,238.77,48
75264,9408,-3841.13,29.74,180.24,48
75264,9408,591.45,21.42,2.61,48
75264,9408,-1163.82,25.74,70.15,48
75264,9408,3490.18,89.21,37.10,48
75264,9408,1184.33,90.15,210.41,48
75264,9408,1912.39,90.83,159.59,48
75648,9456,-1035.94,23.47,65.35,48
75648,9456,3754.25,86.64,4.65,48
75648,9456,1775.18,88.33,155.90,48
75648,9456,3819.49,87.50,7.42,48
75648,9456,-1300.35,28.58,80.46,48
75648,9456,-4456.49,25.72,198.32,48
75648,9456,3691.39,88.86,22.20,48
75648,9456,3773.28,88.92,19.39,48
76032,9504,3763.95,88.97,17.38,48
76032,9504,2040.49,88.22,137.50,48
76032,9504,3442.91,85.39,23.24,48
76032,9504,-1672.07,29.63,99.47,48
76032,9504,3848.26,89.00,15.31,48
76032,9504,-1055.81,28.99,74.51,48
76032,9504,571.66,88.32,244.03,48
76032,9504,3808.02,89.93,17.61,48
76416,9552,-3449.86,27.18,162.56,48
76416,9552,2913.26,85.33,63.92,48
76416,9552,67.88,88.09,278.52,48
76416,9552,3243.07,85.80,39.16,48
76416,9552,3189.79,86.27,42.79,48
76416,9552,-3350.75,28.78,161.03,48
76416,9552,-2063.56,85.87,426.85,48
76416,9552,-6421.44,88.48,746.63,48
76800,9600,-6081.82,25.48,261.23,48
76800,9600,-5065.98,25.84,220.40,48
76800,9600,276.16,88.45,270.56,48
76800,9600,3265.65,85.46,36.84,48
76800,9600,2877.57,85.70,67.09,48
76800,9600,2487.41,87.85,107.11,48
76800,9600,3966.57,88.18,0.72,48
76800,9600,3509.23,87.70,30.16,48
77184,9648,3524.78,83.25,14.75,48
77184,9648,3728.47,88.37,14.75,48
77184,9648,-2859.03,25.20,139.76,48
77184,9648,3606.13,87.59,21.51,48
77184,9648,3498.17,87.14,29.96,48
77184,9648,701.78,26.51,5.47,48
77184,9648,725.93,27.17,4.11,48
77184,9648,1233.89,86.53,191.75,48
77568,9696,387.67,24.90,15.55,48
77568,9696,3770.41,85.03,1.48,48
77568,9696,2232.83,86.97,119.62,48
77568,9696,2522.92,86.79,95.02,48
77568,9696,2977.97,87.99,74.93,48
77568,9696,-1106.11,25.93,72.66,48
77568,9696,3574.20,87.47,24.85,48
77568,9696,1907.93,88.44,149.85,48
77952,9744,499.65,25.06,9.65,48
77952,9744,2949.27,86.52,70.36,48
77952,9744,-4091.16,28.25,187.34,48
77952,9744,1835.71,84.73,139.52,48
77952,9744,1600.39,89.88,176.80,48
77952,9744,-120.07,23.86,33.27,48
77952,9744,-1791.15,30.53,105.32,48
77952,9744,3966.93,88.21,0.31,48
78336,9792,3443.09,88.94,40.76,48
78336,9792,-12366.95,28.41,504.42,48
78336,9792,3275.55,89.18,56.77,48
78336,9792,-3751.00,21.75,165.54,48
78336,9792,516.96,21.42,6.22,48
78336,9792,1746.03,88.31,161.50,48
78336,9792,-5706.38,29.07,251.30,48
78336,9792,3642.76,86.85,17.53,48
78720,9840,-2546.28,24.04,122.29,48
78720,9840,-2126.11,27.33,109.89,48
78720,9840,-10.84,89.26,292.54,48
78720,9840,3873.22,88.10,3.82,48
78720,9840,246.45,86.15,259.97,48
78720,9840,-5568.65,89.97,694.27,48
78720,9840,345.16,88.65,264.58,48
78720,9840,3259.11,87.14,47.83,48
79104,9888,852.91,87.74,222.62,48
79104,9888,-89.24,26.00,34.84,48
79104,9888,2631.95,86.23,88.99,48
79104,9888,3990.35,88.86,0.00,48
79104,9888,-271.89,22.64,33.96,48
79104,9888,2544.39,86.04,95.18,48
79104,9888,1072.32,87.12,207.20,48
79104,9888,4096.23,89.84,0.43,48
79488,9936,2323.20,87.39,115.09,48
79488,9936,-437.88,23.93,45.26,48
79488,9936,266.05,20.97,11.53,48
79488,9936,2054.38,86.54,130.34,48
79488,9936,3559.71,86.94,27.80,48
79488,9936,3921.60,87.12,0.28,48
79488,9936,-5117.57,90.61,663.84,48
79488,9936,3944.21,91.32,13.53,48
79872,9984,3529.22,86.07,23.57,48
79872,9984,3805.42,84.41,1.73,48
79872,9984,2140.20,89.78,138.76,48
79872,9984,2598.41,88.90,102.43,48
79872,9984,1148.47,86.48,196.55,48
79872,9984,3816.91,87.53,8.34,48
79872,9984,2861.25,86.08,70.48,48
79872,9984,3600.35,88.20,28.96,48
80256,10032,2235.53,89.38,128.05,48
80256,10032,2788.39,87.62,78.59,48
80256,10032,3654.12,88.85,23.84,48
80256,10032,3588.86,88.76,31.27,48
80256,10032,2294.22,88.15,116.66,48
80256,10032,1148.18,87.77,202.77,48
80256,10032,2291.17,88.83,122.40,48
80256,10032,696.59,22.79,0.28,48
80640,10080,-83.06,25.01,34.82,48
80640,10080,3167.76,87.06,54.95,48
80640,10080,-4030.48,30.63,188.11,48
80640,10080,2980.96,89.42,70.48,48
80640,10080,506.49,26.69,12.39,48
80640,10080,3141.04,88.66,61.30,48
80640,10080,3049.71,86.60,58.80,48
80640,10080,3249.76,85.27,36.95,48
81024,10128,1430.36,90.53,190.76,48
81024,10128,3884.01,86.72,0.28,48
81024,10128,3379.98,90.63,58.13,48
81024,10128,3028.39,86.61,59.36,48
81024,10128,431.08,25.81,13.18,48
81024,10128,-6529.02,29.53,283.86,48
81024,10128,3766.25,84.45,0.00,48
81024,10128,821.14,86.78,219.35,48
81408,10176,-1101.66,27.72,74.91,48
81408,10176,69.99,25.06,24.99,48
81408,10176,3398.36,86.21,32.37,48
81408,10176,-204.69,26.63,37.53,48
81408,10176,3848.65,86.54,6.36,48
81408,10176,770.31,24.65,0.88,48
81408,10176,3494.19,88.91,33.42,48
81408,10176,1577.72,89.02,174.64,48
81792,10224,-1692.93,29.96,101.75,48
81792,10224,2446.56,92.53,128.35,48
81792,10224,3531.80,87.02,24.88,48
81792,10224,-6961.24,28.73,294.98,48
81792,10224,3192.61,87.90,52.96,48
81792,10224,1068.58,86.66,200.24,48
81792,10224,647.95,28.83,12.08,48
81792,10224,3236.90,88.58,56.37,48
82176,10272,3785.22,85.30,0.68,48
82176,10272,38.56,25.41,25.39,48
82176,10272,-4193.78,25.06,186.14,48
82176,10272,1273.99,86.55,186.31,48
82176,10272,3804.37,87.16,2.67,48
82176,10272,-1951.78,27.50,110.12,48
82176,10272,2436.52,88.81,109.31,48
82176,10272,2995.96,85.57,58.92,48
82560,10320,-1394.27,23.56,78.38,48
82560,10320,-7365.07,27.60,312.31,48
82560,10320,631.05,29.94,13.46,48
82560,10320,2789.23,86.74,78.57,48
82560,10320,-273.30,86.91,302.08,48
82560,10320,3345.38,89.96,54.95,48
82560,10320,-18467.22,29.36,736.64,48
82560,10320,92.56,23.81,19.32,48
82944,10368,3631.51,90.20,30.65,48
82944,10368,2238.63,85.24,115.66,48
82944,10368,3450.85,89.35,40.72,48
82944,10368,-561.38,27.79,53.13,48
82944,10368,3456.60,87.38,34.74,48
82944,10368,-1426.86,27.44,86.48,48
82944,10368,3607.02,88.16,27.47,48
82944,10368,-474.59,87.34,316.72,48
83328,10416,3267.24,87.80,51.54,48
83328,10416,112.06,27.76,29.66,48
83328,10416,2609.41,88.30,97.16,48
83328,10416,859.81,86.78,218.22,48
83328,10416,3603.79,83.83,7.03,48
83328,10416,-693.23,30.40,59.20,48
83328,10416,2017.03,89.27,148.52,48
83328,10416,-5582.82,87.34,681.09,48
83712,10464,506.51,22.77,5.72,48
83712,10464,-1745.21,29.99,103.04,48
83712,10464,3379.47,85.72,35.15,48
83712,10464,741.17,30.12,10.39,48
83712,10464,-4438.72,25.70,202.08,48
83712,10464,709.87,23.45,3.21,48
83712,10464,4047.14,89.62,0.72,48
83712,10464,-1227.44,23.27,72.26,48
84096,10512,-1500.53,22.66,83.96,48
84096,10512,864.44,27.59,2.86,48
84096,10512,-13877.20,23.40,554.96,48
84096,10512,-2616.04,25.54,130.73,48
84096,10512,561.79,88.24,243.10,48
84096,10512,3780.50,89.80,20.12,48
84096,10512,3881.84,89.31,12.65,48
84096,10512,3742.14,87.35,15.59,48
84480,10560,1209.08,87.45,193.82,48
84480,10560,1483.68,86.61,165.46,48
84480,10560,-280.12,85.84,293.33,48
84480,10560,3840.04,87.38,6.41,48
84480,10560,1778.88,89.21,160.83,48
84480,10560,3348.51,86.85,39.16,48
84480,10560,-3385.74,26.99,156.91,48
84480,10560,3608.81,89.40,28.01,48
84864,10608,1041.26,88.85,212.68,48
84864,10608,3853.19,86.42,0.00,48
84864,10608,743.32,23.76,0.00,48
84864,10608,386.71,26.24,17.02,48
84864,10608,1653.76,89.29,171.82,48
84864,10608,822.21,86.13,221.79,48
84864,10608,2314.94,87.39,116.62,48
84864,10608,2695.17,88.82,98.84,48
85248,10656,-1397.83,29.06,83.60,48
85248,10656,-5554.20,29.15,244.75,48
85248,10656,3150.30,86.64,48.34,48
85248,10656,-649.23,24.83,52.03,48
85248,10656,3644.08,89.99,30.33,48
85248,10656,3377.29,87.14,39.90,48
85248,10656,3540.23,91.01,45.35,48
85248,10656,768.07,24.61,1.37,48
85632,10704,-830.80,23.73,57.82,48
85632,10704,774.97,27.30,0.88,48
85632,10704,1207.87,88.38,202.54,48
85632,10704,42.16,25.06,25.56,48
85632,10704,2049.47,83.48,120.10,48
85632,10704,-967.39,25.02,67.87,48
85632,10704,-4024.14,88.55,578.95,48
85632,10704,124.34,88.14,274.45,48
86016,10752,-1102.21,25.23,70.08,48
86016,10752,-3160.25,88.98,515.16,48
86016,10752,169.50,24.56,23.45,48
86016,10752,3360.21,86.52,35.07,48
86016,10752,3766.93,85.99,5.35,48
86016,10752,3293.72,86.59,42.49,48
86016,10752,3942.38,88.40,1.80,48
86016,10752,1260.63,88.93,195.50,48
86400,10800,2987.12,89.60,76.36,48
86400,10800,3633.66,85.48,9.78,48
86400,10800,3084.56,87.79,58.08,48
86400,10800,3966.92,89.11,5.05,48
86400,10800,-388.76,89.87,317.51,48
86400,10800,2973.38,87.94,68.61,48
86400,10800,3246.49,88.95,51.53,48
86400,10800,4011.97,89.50,3.70,48
86784,10848,-7314.70,27.38,308.94,48
86784,10848,415.72,87.67,255.46,48
86784,10848,-5234.55,29.03,233.62,48
86784,10848,-856.24,25.44,63.40,48
86784,10848,3797.74,86.87,8.53,48
86784,10848,3845.99,86.96,5.81,48
86784,10848,3725.33,92.71,39.33,48
86784,10848,-418.64,26.81,50.23,48
87168,10896,217.17,26.74,17.29,48
87168,10896,464.88,26.09,11.09,48
87168,10896,3468.85,84.77,19.26,48
87168,10896,2952.26,87.48,64.90,48
87168,10896,-14367.84,23.58,571.56,48
87168,10896,885.92,86.07,212.55,48
87168,10896,-3.26,87.74,282.48,48
87168,10896,3607.04,85.34,13.76,48
87552,10944,2836.64,87.33,72.45,48
87552,10944,-1042.99,24.99,63.12,48
87552,10944,4038.87,88.82,0.68,48
87552,10944,-2649.70,27.85,136.46,48
87552,10944,3799.77,87.35,10.00,48
87552,10944,41.96,29.43,33.88,48
87552,10944,276.83,24.02,15.97,48
87552,10944,2895.12,86.56,69.76,48
87936,10992,1430.29,86.79,178.68,48
87936,10992,-1868.35,26.92,98.70,48
87936,10992,-3187.54,27.40,150.32,48
87936,10992,3862.46,86.82,5.38,48
87936,10992,-207.55,27.39,37.45,48
87936,10992,3768.58,86.56,8.38,48
87936,10992,3304.91,89.05,51.76,48
87936,10992,3607.31,86.88,20.81,48
88320,11040,2902.45,87.92,75.58,48
88320,11040,810.90,89.56,234.97,48
88320,11040,-1539.85,24.53,87.50,48
88320,11040,3205.75,88.26,54.47,48
88320,11040,4024.10,88.87,0.00,48
88320,11040,1395.61,92.59,205.50,48
88320,11040,543.88,87.87,244.90,48
88320,11040,-1584.80,25.86,90.77,48
88704,11088,509.54,25.37,7.30,48
88704,11088,3273.60,91.17,64.24,48
88704,11088,3022.33,88.48,68.50,48
88704,11088,3872.43,86.40,0.76,48
88704,11088,2840.21,87.77,74.95,48
88704,11088,-1273.89,85.09,364.63,48
88704,11088,3690.37,91.25,39.50,48
88704,11088,2055.66,91.30,152.68,48
89088,11136,1348.11,88.93,194.22,48
89088,11136,1927.60,87.60,143.79,48
89088,11136,-14746.94,24.00,589.81,48
89088,11136,3783.91,87.43,9.55,48
89088,11136,3928.40,87.63,2.41,48
89088,11136,-517.91,22.03,44.74,48
89088,11136,3586.79,86.17,20.22,48
89088,11136,3778.49,84.77,1.61,48
89472,11184,3429.13,90.24,49.18,48
89472,11184,-3835.67,26.55,173.27,48
89472,11184,3887.58,87.87,0.31,48
89472,11184,-2943.83,25.74,140.03,48
89472,11184,-1.93,23.17,27.85,48
89472,11184,-1137.38,25.80,74.05,48
89472,11184,-343.87,26.27,41.56,48
89472,11184,3885.82,88.11,7.83,48
89856,11232,3677.98,86.57,11.74,48
89856,11232,-3370.41,24.82,155.33,48
89856,11232,-1161.01,25.73,74.99,48
89856,11232,3146.29,88.12,58.45,48
89856,11232,-1044.25,23.47,63.89,48
89856,11232,3008.29,85.37,55.04,48
89856,11232,3386.44,86.96,37.87,48
89856,11232,3772.65,87.53,9.31,48
90240,11280,2252.69,86.35,118.05,48
90240,11280,-668.61,29.40,59.10,48
90240,11280,140.38,22.44,22.22,48
90240,11280,1235.21,89.89,203.35,48
90240,11280,-14879.43,25.24,596.09,48
90240,11280,-528.10,88.71,324.41,48
90240,11280,3455.80,86.60,28.61,48
90240,11280,1951.64,87.56,141.28,48
90624,11328,1241.43,86.98,188.56,48
90624,11328,-4622.21,24.38,207.53,48
90624,11328,810.86,87.60,221.02,48
90624,11328,3928.75,89.13,6.78,48
90624,11328,-4051.53,29.63,187.91,48
90624,11328,3831.87,85.82,0.97,48
90624,11328,2592.96,86.70,87.84,48
90624,11328,3204.09,85.40,44.62,48
91008,11376,-218.75,24.78,34.99,48
91008,11376,-3262.87,25.38,155.36,48
91008,11376,574.21,85.68,230.20,48
91008,11376,2391.73,86.76,103.91,48
91008,11376,2287.01,87.23,113.74,48
91008,11376,-357.97,28.09,46.01,48
91008,11376,3839.00,86.56,4.15,48
91008,11376,1113.77,89.50,209.40,48
91392,11424,3007.14,87.55,64.99,48
91392,11424,2867.74,88.32,78.49,48
91392,11424,3930.49,88.20,1.43,48
91392,11424,-1638.68,27.76,94.57,48
91392,11424,-3014.55,86.38,497.79,48
91392,11424,3741.72,88.02,16.05,48
91392,11424,1397.21,85.78,170.97,48
91392,11424,-1636.62,25.96,93.11,48
91776,11472,799.61,26.44,1.24,48
91776,11472,3799.69,85.72,3.50,48
91776,11472,559.10,89.19,252.06,48
91776,11472,2758.36,87.61,83.84,48
91776,11472,34.23,27.88,31.61,48
91776,11472,2909.90,88.40,75.46,48
91776,11472,-1011.28,27.37,71.07,48
91776,11472,-34.65,31.59,39.80,48
92160,11520,3523.97,89.29,34.59,48
92160,11520,510.42,87.57,244.14,48
92160,11520,-155.07,87.03,293.22,48
92160,11520,271.34,89.18,266.51,48
92160,11520,3126.51,86.49,52.21,48
92160,11520,116.87,89.33,281.16,48
92160,11520,2359.44,88.49,114.13,48
92160,11520,492.53,28.99,14.00,48
92544,11568,3563.42,86.89,23.55,48
92544,11568,4016.86,88.28,0.61,48
92544,11568,3836.98,89.01,10.60,48
92544,11568,2627.11,90.13,102.15,48
92544,11568,-7682.46,29.91,327.86,48
92544,11568,947.86,29.43,0.76,48
92544,11568,2355.52,88.02,118.68,48
92544,11568,1264.98,87.70,191.66,48
92928,11616,863.45,29.78,6.70,48
92928,11616,-835.30,87.02,336.50,48
92928,11616,469.54,89.28,256.92,48
92928,11616,3120.24,90.12,65.92,48
92928,11616,-3567.03,26.03,167.52,48
92928,11616,-366.63,26.33,44.50,48
92928,11616,1577.68,87.32,168.47,48
92928,11616,554.70,23.19,5.36,48
93312,11664,628.02,26.17,4.33,48
93312,11664,1868.21,87.14,145.53,48
93312,11664,-3274.60,25.38,155.82,48
93312,11664,638.59,84.72,227.28,48
93312,11664,3487.66,84.98,17.60,48
93312,11664,3917.67,89.09,9.74,48
93312,11664,1852.64,89.00,156.24,48
93312,11664,2658.46,91.79,114.86,48
93696,11712,-620.65,24.94,46.82,48
93696,11712,-31.32,87.91,284.18,48
93696,11712,3272.96,87.08,48.61,48
93696,11712,3912.05,87.75,3.28,48
93696,11712,1603.25,88.55,171.91,48
93696,11712,-4128.13,26.93,186.81,48
93696,11712,1143.62,88.27,201.91,48
93696,11712,3073.14,84.58,48.32,48
94080,11760,2615.62,87.59,96.83,48
94080,11760,455.33,88.98,257.49,48
94080,11760,229.61,25.89,18.41,48
94080,11760,3403.10,87.88,37.23,48
94080,11760,-2478.71,30.46,129.96,48
94080,11760,3358.87,87.94,46.86,48
94080,11760,1326.99,85.89,182.90,48
94080,11760,3262.11,90.03,60.43,48
94464,11808,-366.35,88.88,320.31,48
94464,11808,3934.87,86.81,1.46,48
94464,11808,1456.64,86.24,172.85,48
94464,11808,3816.15,86.83,5.51,48
94464,11808,565.68,25.05,10.25,48
94464,11808,3670.87,85.35,6.86,48
94464,11808,326.75,24.58,18.38,48
94464,11808,510.83,89.27,255.60,48
94848,11856,1607.34,85.51,154.77,48
94848,11856,2730.95,85.93,81.13,48
94848,11856,-248.40,88.20,304.12,48
94848,11856,3893.89,88.92,8.65,48
94848,11856,-1047.56,25.77,67.66,48
94848,11856,-1313.35,29.55,80.40,48
94848,11856,-1870.76,24.35,97.10,48
94848,11856,-1295.90,24.74,78.40,48
95232,11904,3400.12,87.23,31.50,48
95232,11904,-199.12,23.92,35.00,48
95232,11904,3392.34,88.10,45.59,48
95232,11904,2971.86,86.08,65.49,48
95232,11904,-6358.46,28.15,271.75,48
95232,11904,-242.28,25.16,39.24,48
95232,11904,2064.84,87.72,128.99,48
95232,11904,540.87,85.40,236.48,48
95616,11952,4020.75,89.20,1.38,48
95616,11952,408.22,26.11,16.93,48
95616,11952,3569.36,90.23,38.44,48
95616,11952,2867.43,89.61,87.86,48
95616,11952,3768.33,86.64,7.31,48
95616,11952,294.93,27.59,20.39,48
95616,11952,-3214.81,27.51,155.19,48
95616,11952,-336.85,23.37,39.49,48
96000,12000,3508.47,90.49,40.27,48
96000,12000,3287.20,86.92,42.22,48
96000,12000,583.33,25.43,9.93,48
96000,12000,-2428.24,26.40,121.75,48
96000,12000,191.48,25.23,21.43,48
96000,12000,1428.26,85.36,173.64,48
96000,12000,61.38,26.72,24.60,48
96000,12000,3635.43,87.89,20.89,48
96384,12048,3088.41,87.81,61.19,48
96384,12048,-6523.61,28.54,282.70,48
96384,12048,2477.65,85.79,96.98,48
96384,12048,-465.77,91.09,335.03,48
96384,12048,3391.23,87.24,35.46,48
96384,12048,395.21,26.72,17.20,48
96384,12048,-7162.72,28.09,305.40,48
96384,12048,2167.66,88.53,130.70,48
96768,12096,-2041.83,27.06,110.54,48
96768,12096,2845.91,88.81,81.09,48
96768,12096,2976.67,90.49,80.01,48
96768,12096,1009.97,87.66,213.70,48
96768,12096,2190.67,83.25,110.77,48
96768,12096,2730.96,90.05,94.60,48
96768,12096,109.24,85.87,266.00,48
96768,12096,981.27,88.13,211.33,48
97152,12144,2942.35,86.49,65.33,48
97152,12144,1323.39,87.63,187.08,48
97152,12144,1906.88,86.57,141.88,48
97152,12144,1837.63,88.55,157.02,48
97152,12144,-3811.32,30.93,180.68,48
97152,12144,-1685.73,27.78,100.35,48
97152,12144,525.30,26.42,9.77,48
97152,12144,-16930.11,27.92,671.48,48
97536,12192,3298.94,86.46,37.99,48
97536,12192,2437.07,86.57,103.00,48
97536,12192,2738.12,89.08,94.50,48
97536,12192,-664.93,22.54,50.25,48
97536,12192,3323.36,89.48,53.15,48
97536,12192,3679.32,86.29,9.60,48
97536,12192,802.72,87.52,226.69,48
97536,12192,2701.78,86.26,81.76,48
97920,12240,2711.83,89.25,97.31,48
97920,12240,586.60,25.38,6.64,48
97920,12240,525.09,87.82,246.18,48
97920,12240,4055.39,89.43,2.20,48
97920,12240,85.73,22.27,20.56,48
97920,12240,-1978.21,88.46,426.16,48
97920,12240,-1943.13,87.25,422.75,48
97920,12240,673.87,24.47,1.48,48
98304,12288,3519.53,87.28,29.56,48
98304,12288,-5886.11,87.37,703.68,48
98304,12288,-1701.65,24.26,89.09,48
98304,12288,-1421.72,25.34,83.12,48
98304,12288,992.54,90.17,222.35,48
98304,12288,1878.13,87.81,150.24,48
98304,12288,3390.20,87.40,36.97,48
98304,12288,2870.15,89.25,80.43,48
98688,12336,267.92,27.53,23.83,48
98688,12336,3745.04,88.77,18.90,48
98688,12336,775.76,85.98,220.38,48
98688,12336,506.00,23.14,7.86,48
98688,12336,3490.47,89.42,40.37,48
98688,12336,3590.85,83.10,2.22,48
98688,12336,3757.96,86.96,17.46,48
98688,12336,2878.67,87.41,77.49,48
99072,12384,-8594.44,22.48,352.86,48
99072,12384,-3232.49,24.89,152.14,48
99072,12384,3321.96,86.95,38.99,48
99072,12384,-144.97,22.99,32.57,48
99072,12384,3877.50,87.91,4.15,48
99072,12384,705.97,26.59,3.43,48
99072,12384,3873.34,89.69,15.47,48
99072,12384,3765.73,85.73,3.50,48
99456,12432,3832.19,87.82,10.20,48
99456,12432,2920.40,86.11,66.42,48
99456,12432,-4146.25,24.25,188.06,48
99456,12432,3010.34,87.86,67.65,48
99456,12432,3661.17,86.65,16.00,48
99456,12432,1733.45,84.14,141.25,48
99456,12432,698.55,25.63,5.82,48
99456,12432,3857.89,86.25,0.23,48
99840,12480,3734.26,84.64,2.05,48
99840,12480,3843.95,86.67,3.83,48
99840,12480,581.94,19.79,1.37,48
99840,12480,3503.50,84.67,16.85,48
99840,12480,3179.12,88.23,57.65,48
99840,12480,3849.07,87.48,3.62,48
99840,12480,2940.22,85.96,61.94,48
99840,12480,3720.08,84.75,4.08,48
100224,12528,2477.23,87.14,102.34,48
100224,12528,1153.25,87.26,202.47,48
100224,12528,1710.20,89.16,163.84,48
100224,12528,3868.52,87.56,1.30,48
100224,12528,3810.79,88.17,12.29,48
100224,12528,3970.31,87.36,0.00,48
100224,12528,-1479.04,88.42,395.17,48
100224,12528,-5034.13,29.22,224.14,48
100608,12576,272.68,27.09,21.78,48
100608,12576,-3736.20,25.00,170.85,48
100608,12576,-261.63,26.42,39.61,48
100608,12576,282.46,20.50,12.17,48
100608,12576,2917.33,84.94,63.40,48
100608,12576,235.34,87.88,268.14,48
100608,12576,-189.01,28.50,41.12,48
100608,12576,2291.40,87.69,119.37,48
100992,12624,3841.42,86.24,0.19,48
100992,12624,3301.26,89.26,53.22,48
100992,12624,367.69,88.61,264.20,48
100992,12624,2821.14,86.82,77.31,48
100992,12624,3108.76,86.57,51.22,48
100992,12624,3796.93,86.06,3.33,48
100992,12624,2030.68,85.83,126.35,48
100992,12624,3911.77,87.67,1.16,48
101376,12672,3303.91,87.37,44.98,48
101376,12672,3682.14,84.36,4.28,48
101376,12672,3431.14,86.81,32.84,48
101376,12672,2451.13,89.32,116.28,48
101376,12672,-332.77,25.61,41.41,48
101376,12672,3298.78,83.08,23.92,48
101376,12672,3313.45,86.88,40.99,48
101376,12672,3943.41,89.00,4.01,48
101760,12720,3754.99,86.33,4.90,48
101760,12720,2443.15,85.61,96.75,48
101760,12720,3816.63,86.48,0.62,48
101760,12720,3020.18,88.15,65.72,48
101760,12720,3158.16,88.42,58.21,48
101760,12720,3750.13,86.03,2.55,48
101760,12720,-4405.85,23.49,197.07,48
101760,12720,342.66,28.69,17.58,48
102144,12768,-752.53,28.68,61.70,48
102144,12768,-833.35,22.15,55.59,48
102144,12768,2787.17,89.35,92.19,48
102144,12768,3301.02,87.60,42.48,48
102144,12768,2657.73,87.68,88.87,48
102144,12768,3486.90,87.41,32.64,48
102144,12768,-2084.94,27.45,112.25,48
102144,12768,3829.84,85.34,0.00,48
102528,12816,2818.29,89.10,88.19,48
102528,12816,3662.13,89.11,26.10,48
102528,12816,1274.27,88.75,193.03,48
102528,12816,677.24,23.31,1.29,48
102528,12816,3149.00,86.76,52.09,48
102528,12816,3610.70,86.20,19.68,48
102528,12816,-1362.83,25.25,80.64,48
102528,12816,3204.39,86.22,47.64,48
102912,12864,-1834.91,87.45,415.30,48
102912,12864,3473.87,86.04,23.20,48
102912,12864,3825.21,88.23,6.60,48
102912,12864,359.90,88.78,260.03,48
102912,12864,3791.38,90.15,19.78,48
102912,12864,3210.85,86.76,50.57,48
102912,12864,3347.27,86.83,40.42,48
102912,12864,4008.63,90.84,8.92,48
103296,12912,3803.69,87.93,5.56,48
103296,12912,300.70,89.36,266.99,48
103296,12912,3713.92,87.17,11.62,48
103296,12912,3302.45,88.90,49.64,48
103296,12912,2658.47,91.84,110.79,48
103296,12912,-3054.36,88.69,510.71,48
103296,12912,-2642.67,27.59,133.22,48
103296,12912,2516.73,86.14,94.40,48
103680,12960,3262.01,87.29,46.60,48
103680,12960,-4361.06,26.42,197.08,48
103680,12960,-1498.75,26.67,87.14,48
103680,12960,3319.40,84.68,34.25,48
103680,12960,-3582.39,83.56,525.90,48
103680,12960,1217.70,86.41,188.68,48
103680,12960,3851.30,87.86,5.28,48
103680,12960,3631.42,84.29,7.94,48
104064,13008,3659.96,88.07,18.08,48
104064,13008,3455.41,86.67,29.88,48
104064,13008,455.90,88.23,250.45,48
104064,13008,2115.68,87.82,137.49,48
104064,13008,3883.06,88.08,3.54,48
104064,13008,1632.34,88.45,173.08,48
104064,13008,-1065.24,85.78,355.39,48
104064,13008,3937.80,87.43,0.19,48
104448,13056,509.88,19.89,1.27,48
104448,13056,-2274.66,27.63,115.91,48
104448,13056,3782.09,85.66,2.48,48
104448,13056,3913.70,87.63,0.78,48
104448,13056,3614.42,88.10,25.08,48
104448,13056,-94.92,21.26,24.91,48
104448,13056,-2093.00,23.64,107.47,48
104448,13056,2640.31,85.76,85.63,48
104832,13104,3800.38,87.42,5.54,48
104832,13104,2817.66,87.38,80.90,48
104832,13104,3669.62,87.45,13.74,48
104832,13104,-1418.90,24.85,80.27,48
104832,13104,-3166.19,89.22,516.62,48
104832,13104,1453.84,88.34,180.18,48
104832,13104,3050.78,85.02,53.17,48
104832,13104,3861.99,87.47,5.74,48
105216,13152,2164.22,85.63,120.28,48
105216,13152,-4833.79,87.72,624.90,48
105216,13152,-2293.07,28.24,119.09,48
105216,13152,1340.58,87.91,188.69,48
105216,13152,3027.82,89.08,70.42,48
105216,13152,2077.25,84.80,121.50,48
105216,13152,1409.04,89.80,194.48,48
105216,13152,3861.73,86.92,0.45,48
105600,13200,3906.02,87.52,0.72,48
105600,13200,1057.38,88.05,208.03,48
105600,13200,-1588.47,24.49,87.16,48
105600,13200,2037.16,87.85,139.62,48
105600,13200,3144.67,85.74,49.93,48
105600,13200,3782.72,85.56,1.34,48
105600,13200,3593.69,88.73,33.62,48
105600,13200,3486.87,83.94,13.83,48
105984,13248,3812.00,87.82,8.49,48
105984,13248,3374.40,86.62,40.85,48
105984,13248,2980.04,88.09,70.23,48
105984,13248,2671.47,85.73,81.92,48
105984,13248,364.82,22.81,7.48,48
105984,13248,3741.21,89.27,20.25,48
105984,13248,962.31,84.74,202.10,48
105984,13248,2171.41,85.87,118.47,48
106368,13296,2692.01,89.38,95.74,48
106368,13296,-3967.97,23.58,178.15,48
106368,13296,3888.51,89.06,11.64,48
106368,13296,3713.71,84.56,3.58,48
106368,13296,2764.64,88.70,89.62,48
106368,13296,740.11,86.41,222.29,48
106368,13296,58.75,19.35,19.71,48
106368,13296,-1106.57,26.15,71.20,48
106752,13344,-4687.66,87.91,623.62,48
106752,13344,807.43,25.83,0.19,48
106752,13344,3409.85,84.90,26.90,48
106752,13344,312.11,21.59,11.29,48
106752,13344,-282.09,24.97,36.02,48
106752,13344,-481.33,24.34,43.55,48
106752,13344,3582.20,88.95,32.12,48
106752,13344,-5306.75,26.01,232.29,48
107136,13392,-2433.00,23.05,118.88,48
107136,13392,3605.11,86.08,15.38,48
107136,13392,195.98,20.50,14.20,48
107136,13392,2295.07,88.80,121.89,48
107136,13392,3688.41,84.82,6.68,48
107136,13392,1447.53,87.15,180.98,48
107136,13392,3855.19,86.19,0.78,48
107136,13392,-1581.65,26.25,88.56,48
107520,13440,3786.89,85.77,1.39,48
107520,13440,-5802.07,26.97,251.69,48
107520,13440,-611.43,25.14,52.75,48
107520,13440,-2603.82,29.54,133.58,48
107520,13440,2626.73,86.31,85.76,48
107520,13440,3525.86,85.32,20.49,48
107520,13440,3991.23,88.05,0.01,48
107520,13440,-1837.79,22.05,97.15,48
107904,13488,2276.17,83.34,98.94,48
107904,13488,3322.38,85.70,35.16,48
107904,13488,448.90,24.39,13.63,48
107904,13488,2679.32,88.03,89.68,48
107904,13488,763.47,25.18,3.96,48
107904,13488,-3822.04,24.36,170.95,48
107904,13488,1337.93,88.72,193.98,48
107904,13488,2399.07,87.35,108.84,48
108288,13536,2607.35,84.72,82.83,48
108288,13536,551.40,85.26,229.02,48
108288,13536,2881.33,86.93,75.32,48
108288,13536,3562.09,88.07,28.32,48
108288,13536,-1696.68,28.00,97.48,48
108288,13536,845.73,85.37,213.45,48
108288,13536,4.13,28.39,31.34,48
108288,13536,3735.22,84.04,0.81,48
108672,13584,3348.58,84.11,26.15,48
108672,13584,3533.76,88.82,32.35,48
108672,13584,2406.44,85.66,101.55,48
108672,13584,2531.15,90.34,114.58,48
108672,13584,3001.13,87.11,64.51,48
108672,13584,-517.41,20.35,43.83,48
108672,13584,302.98,24.69,12.77,48
108672,13584,3758.29,86.42,4.84,48
109056,13632,831.16,86.09,218.15,48
109056,13632,2456.91,88.22,106.76,48
109056,13632,3540.15,86.21,19.10,48
109056,13632,3826.07,85.67,4.03,48
109056,13632,609.86,28.98,11.81,48
109056,13632,-673.57,25.52,56.03,48
109056,13632,2817.44,85.20,69.98,48
109056,13632,2915.35,88.33,72.79,48
109440,13680,517.21,25.13,9.57,48
109440,13680,3840.24,85.25,0.00,48
109440,13680,2865.13,85.06,65.60,48
109440,13680,1795.56,85.98,142.51,48
109440,13680,2339.69,87.98,113.31,48
109440,13680,3693.75,89.32,22.80,48
109440,13680,706.34,25.69,3.82,48
109440,13680,643.06,25.44,1.33,48
109824,13728,3590.55,86.56,21.55,48
109824,13728,-3.56,23.21,27.41,48
109824,13728,-1151.24,23.12,70.11,48
109824,13728,282.46,23.25,10.76,48
109824,13728,3672.21,84.30,7.09,48
109824,13728,-4125.92,20.41,177.60,48
109824,13728,1986.19,86.51,133.91,48
109824,13728,3165.37,85.33,44.11,48
110208,13776,1367.12,88.67,189.22,48
110208,13776,597.31,87.80,238.39,48
110208,13776,794.55,25.10,0.58,48
110208,13776,2369.06,83.63,92.00,48
110208,13776,2459.71,86.34,104.00,48
110208,13776,3847.11,90.53,18.02,48
110208,13776,-2709.56,25.57,132.24,48
110208,13776,-2636.47,29.14,137.42,48
110592,13824,-889.06,28.09,65.58,48
110592,13824,3255.22,83.17,28.61,48
110592,13824,3799.89,88.47,12.94,48
110592,13824,3425.36,87.98,36.86,48
110592,13824,3950.68,87.86,0.61,48
110592,13824,3768.09,86.94,11.33,48
110592,13824,2903.08,87.63,74.17,48
110592,13824,302.51,25.96,19.01,48
110976,13872,700.68,24.01,1.52,48
110976,13872,3582.40,83.92,11.07,48
110976,13872,657.27,21.58,0.53,48
110976,13872,3891.65,87.27,0.43,48
110976,13872,571.63,25.80,10.66,48
110976,13872,3202.51,89.02,59.48,48
110976,13872,3691.31,88.29,16.56,48
110976,13872,2691.56,88.32,91.93,48
111360,13920,-250.01,89.99,310.24,48
111360,13920,-14069.79,30.02,564.68,48
111360,13920,839.84,85.87,210.68,48
111360,13920,-3765.99,27.08,174.90,48
111360,13920,3512.80,85.57,25.35,48
111360,13920,2608.06,86.76,93.22,48
111360,13920,3669.55,86.34,11.77,48
111360,13920,-1017.13,25.54,68.80,48
111744,13968,3713.38,87.86,18.62,48
111744,13968,3697.33,84.00,0.01,48
111744,13968,2324.76,89.96,122.59,48
111744,13968,2566.08,85.90,87.35,48
111744,13968,3519.30,87.81,32.91,48
111744,13968,3214.60,88.55,54.19,48
111744,13968,3411.13,88.39,40.92,48
111744,13968,2505.38,84.82,92.27,48
112128,14016,4041.06,89.92,2.61,48
112128,14016,-1941.06,27.79,106.18,48
112128,14016,3820.88,89.82,21.49,48
112128,14016,1852.32,88.20,150.67,48
112128,14016,3652.61,87.97,26.17,48
112128,14016,2854.08,88.87,85.84,48
112128,14016,3087.97,89.01,68.75,48
112128,14016,-61.89,23.43,31.93,48
112512,14064,1311.33,87.41,188.20,48
112512,14064,-3885.56,86.51,554.30,48
112512,14064,3786.41,84.61,0.00,48
112512,14064,3549.11,87.85,25.33,48
112512,14064,3173.74,82.34,32.04,48
112512,14064,2830.27,88.83,84.56,48
112512,14064,1277.18,87.58,189.27,48
112512,14064,2653.47,87.82,93.34,48
112896,14112,3870.16,86.93,0.00,48
112896,14112,3572.10,85.71,20.38,48
112896,14112,-126.71,24.75,33.42,48
112896,14112,221.03,87.59,260.32,48
112896,14112,1235.16,87.87,195.30,48
112896,14112,3930.33,87.96,1.91,48
112896,14112,2958.64,86.39,62.87,48
112896,14112,488.39,84.87,235.75,48
113280,14160,2432.97,87.47,105.30,48
113280,14160,4102.52,90.48,3.99,48
113280,14160,115.97,23.98,22.79,48
113280,14160,3874.92,86.72,2.47,48
113280,14160,3260.07,86.31,41.84,48
113280,14160,-1946.71,23.86,102.27,48
113280,14160,3887.02,86.90,1.47,48
113280,14160,3735.70,85.10,8.62,48
113664,14208,3794.38,87.76,8.30,48
113664,14208,2130.15,89.14,134.57,48
113664,14208,380.76,23.81,8.37,48
113664,14208,3775.58,85.85,7.01,48
113664,14208,3884.01,87.68,7.18,48
113664,14208,3986.55,88.63,0.88,48
113664,14208,3578.50,86.24,18.49,48
113664,14208,2892.57,88.61,78.85,48
114048,14256,-6210.43,30.52,276.34,48
114048,14256,-919.09,26.18,63.04,48
114048,14256,3202.23,85.84,42.61,48
114048,14256,-261.81,23.29,35.22,48
114048,14256,-2915.66,86.23,490.81,48
114048,14256,321.77,25.42,15.00,48
114048,14256,-696.85,25.03,55.40,48
114048,14256,3641.17,82.91,0.00,48
114432,14304,223.47,27.93,26.24,48
114432,14304,634.02,22.52,0.92,48
114432,14304,3201.99,88.83,53.96,48
114432,14304,877.37,86.03,216.55,48
114432,14304,2540.87,88.03,98.25,48
114432,14304,654.03,26.37,8.06,48
114432,14304,3525.78,85.35,18.77,48
114432,14304,-5996.03,28.35,263.35,48
114816,14352,3484.17,87.56,29.40,48
114816,14352,3019.13,89.67,72.42,48
114816,14352,3557.19,85.92,20.32,48
114816,14352,2245.29,88.32,125.59,48
114816,14352,-474.38,23.25,45.22,48
114816,14352,3777.90,85.09,0.61,48
114816,14352,2354.25,86.14,106.97,48
114816,14352,533.56,29.54,14.75,48
115200,14400,1871.95,86.44,145.88,48
115200,14400,138.74,21.66,20.66,48
115200,14400,3239.65,85.98,41.57,48
115200,14400,305.84,21.73,11.19,48
115200,14400,3972.32,87.39,0.79,48
115200,14400,-4571.50,25.52,204.52,48
115200,14400,3939.84,88.87,5.16,48
115200,14400,3929.73,88.28,2.80,48
115584,14448,1005.59,86.12,202.20,48
115584,14448,3535.68,87.24,26.85,48
115584,14448,3954.35,88.62,2.98,48
115584,14448,3298.22,84.27,30.74,48
115584,14448,880.67,88.26,220.73,48
115584,14448,3068.46,88.63,66.67,48
115584,14448,2373.58,86.97,110.18,48
115584,14448,-3692.69,24.44,168.76,48
115968,14496,3511.11,85.84,24.18,48
115968,14496,2173.67,88.34,128.39,48
115968,14496,3453.94,88.38,41.03,48
115968,14496,2264.78,86.86,115.33,48
115968,14496,3767.55,83.95,0.02,48
115968,14496,1599.62,84.73,150.87,48
115968,14496,-3621.69,26.02,170.91,48
115968,14496,-12624.03,27.57,511.71,48
116352,14544,2346.95,89.49,117.83,48
116352,14544,4061.72,89.70,1.43,48
116352,14544,3080.15,89.75,71.33,48
116352,14544,1365.01,88.88,188.53,48
116352,14544,-80.95,87.08,282.92,48
116352,14544,4039.01,89.39,2.10,48
116352,14544,-1759.36,20.40,89.24,48
116352,14544,-758.54,26.09,61.39,48
116736,14592,440.15,26.48,14.55,48
116736,14592,1386.79,86.12,178.40,48
116736,14592,-3682.40,27.09,172.87,48
116736,14592,2682.13,87.61,91.13,48
116736,14592,-127.70,24.44,30.94,48
116736,14592,2954.30,88.57,70.11,48
116736,14592,3253.73,85.51,37.29,48
116736,14592,271.63,22.71,14.94,48
117120,14640,2853.57,88.90,85.07,48
117120,14640,3604.93,86.27,14.17,48
117120,14640,1336.78,85.76,182.05,48
117120,14640,891.16,84.50,207.65,48
117120,14640,30.35,25.91,29.90,48
117120,14640,1086.68,85.20,195.77,48
117120,14640,3888.35,89.13,10.76,48
117120,14640,3753.27,85.31,2.27,48
117504,14688,-292.49,22.02,34.12,48
117504,14688,-627.66,23.29,45.89,48
117504,14688,3699.69,87.36,12.71,48
117504,14688,470.04,22.73,8.25,48
117504,14688,676.25,88.75,236.58,48
117504,14688,248.37,88.35,267.88,48
117504,14688,467.50,27.92,16.15,48
117504,14688,360.32,22.86,13.53,48
117888,14736,-3023.74,28.70,150.84,48
117888,14736,3339.44,88.83,47.57,48
117888,14736,2458.09,88.31,112.14,48
117888,14736,1120.26,86.54,202.41,48
117888,14736,3728.82,90.10,23.16,48
117888,14736,3089.58,82.26,36.52,48
117888,14736,3911.85,87.16,1.44,48
117888,14736,3737.43,86.62,8.55,48
118272,14784,-246.67,24.07,36.36,48
118272,14784,3778.07,87.96,14.77,48
118272,14784,3202.19,85.30,43.63,48
118272,14784,3278.65,87.90,44.19,48
118272,14784,147.53,24.04,22.39,48
118272,14784,3826.41,86.39,3.24,48
118272,14784,3107.05,89.65,69.76,48
118272,14784,3638.54,86.11,10.06,48
118656,14832,3567.53,84.42,13.33,48
118656,14832,227.07,26.49,25.45,48
118656,14832,3139.46,85.15,44.33,48
118656,14832,2477.72,85.76,95.64,48
118656,14832,3168.34,86.23,49.38,48
118656,14832,354.88,20.56,7.78,48
118656,14832,-1749.07,25.37,97.73,48
118656,14832,-131.67,25.96,34.53,48
119040,14880,3954.14,87.12,0.00,48
119040,14880,-301.04,22.60,38.88,48
119040,14880,98.57,22.90,20.16,48
119040,14880,1895.25,85.79,139.70,48
119040,14880,651.24,22.94,0.72,48
119040,14880,-3878.48,27.02,178.38,48
119040,14880,-3909.44,30.32,186.70,48
119040,14880,2146.73,85.34,118.39,48
119424,14928,625.54,22.65,2.37,48
119424,14928,-3556.58,23.84,164.54,48
119424,14928,3071.82,83.49,41.53,48
119424,14928,-3654.13,25.81,167.71,48
119424,14928,-1096.65,25.76,73.38,48
119424,14928,602.23,27.40,2.57,48
119424,14928,347.78,23.64,13.10,48
119424,14928,1178.58,84.83,185.55,48
119808,14976,-707.59,23.85,51.22,48
119808,14976,2821.54,87.22,79.23,48
119808,14976,-4564.85,23.09,198.33,48
119808,14976,-268.34,23.17,33.78,48
119808,14976,572.45,29.91,12.37,48
119808,14976,3811.51,85.17,0.33,48
119808,14976,3567.60,88.50,35.39,48
119808,14976,2187.42,88.80,133.09,48
120192,15024,964.41,87.73,211.73,48
120192,15024,1671.87,90.21,170.64,48
120192,15024,-3307.47,21.64,148.84,48
120192,15024,3639.52,87.08,19.09,48
120192,15024,2743.04,85.97,79.10,48
120192,15024,-2459.57,86.81,460.63,48
120192,15024,3212.36,89.71,61.67,48
120192,15024,-1283.52,23.94,78.19,48
120576,15072,-614.00,27.05,54.89,48
120576,15072,3858.32,88.77,15.36,48
120576,15072,-6869.46,29.11,290.95,48
120576,15072,3318.42,85.63,37.54,48
120576,15072,2550.92,85.46,90.99,48
120576,15072,3077.66,84.63,48.10,48
120576,15072,-1121.29,21.74,65.51,48
120576,15072,3432.05,88.71,43.33,48
120960,15120,490.31,21.44,6.51,48
120960,15120,3615.10,83.71,3.85,48
120960,15120,-16759.72,28.49,669.50,48
120960,15120,-881.53,22.28,55.98,48
120960,15120,-442.82,90.08,328.17,48
120960,15120,3664.57,86.51,17.14,48
120960,15120,-614.19,23.82,53.36,48
120960,15120,3193.73,83.98,42.70,48
121344,15168,3909.61,88.06,3.96,48
121344,15168,598.69,86.64,235.15,48
121344,15168,-4233.74,29.54,200.06,48
121344,15168,-425.89,86.12,311.01,48
121344,15168,3885.18,86.87,1.27,48
121344,15168,165.28,23.89,24.96,48
121344,15168,-177.61,88.32,300.05,48
121344,15168,-705.02,23.93,51.07,48
121728,15216,1998.45,90.23,150.73,48
121728,15216,-2704.18,29.26,140.60,48
121728,15216,3731.91,83.80,0.09,48
121728,15216,-156.84,25.34,35.44,48
121728,15216,3961.59,88.38,0.31,48
121728,15216,3636.26,85.02,10.52,48
121728,15216,-356.87,25.92,43.09,48
121728,15216,2901.99,88.51,75.56,48
122112,15264,-1372.94,87.23,380.32,48
122112,15264,2794.48,85.01,71.02,48
122112,15264,365.99,24.35,8.92,48
122112,15264,2928.62,87.58,66.90,48
122112,15264,712.58,25.96,5.12,48
122112,15264,3594.01,81.99,0.60,48
122112,15264,2263.36,86.93,116.45,48
122112,15264,1447.21,87.73,177.02,48
122496,15312,-6634.91,27.72,285.29,48
122496,15312,609.11,25.48,7.96,48
122496,15312,2753.06,85.22,72.74,48
122496,15312,-11297.47,25.86,455.28,48
122496,15312,3221.24,83.55,33.32,48
122496,15312,3756.64,84.47,0.19,48
122496,15312,2854.82,88.66,81.04,48
122496,15312,3409.15,83.00,19.55,48
122880,15360,1122.08,86.70,191.80,48
122880,15360,3296.51,88.04,47.10,48
122880,15360,-960.49,29.43,72.38,48
122880,15360,3633.78,84.66,7.08,48
122880,15360,3197.56,85.87,46.33,48
122880,15360,3671.73,85.21,12.45,48
122880,15360,1950.49,86.29,135.20,48
122880,15360,1226.25,85.15,182.94,48
123264,15408,-5709.60,28.59,252.88,48
123264,15408,3126.97,87.32,55.89,48
123264,15408,3780.55,87.55,12.96,48
123264,15408,-1994.83,26.88,104.35,48
123264,15408,-2965.01,88.50,496.71,48
123264,15408,1689.01,88.53,163.57,48
123264,15408,-1545.09,26.09,90.33,48
123264,15408,3563.00,84.26,14.24,48
123648,15456,1544.33,89.52,186.53,48
123648,15456,3396.71,89.72,47.75,48
123648,15456,-5979.40,24.69,253.63,48
123648,15456,633.85,20.78,0.19,48
123648,15456,3670.09,88.20,23.09,48
123648,15456,-5750.80,24.10,245.27,48
123648,15456,3698.29,83.96,1.83,48
123648,15456,419.57,20.78,5.33,48
124032,15504,-4446.69,27.78,201.24,48
124032,15504,4004.81,88.45,1.46,48
124032,15504,3897.25,87.73,1.83,48
124032,15504,3513.70,85.45,20.92,48
124032,15504,693.21,85.95,228.32,48
124032,15504,2579.65,88.72,101.19,48
124032,15504,13.33,92.13,305.72,48
124032,15504,3699.14,83.90,0.88,48
124416,15552,3827.64,86.42,1.66,48
124416,15552,-1888.42,18.80,89.70,48
124416,15552,585.29,86.02,236.22,48
124416,15552,3893.60,87.32,5.33,48
124416,15552,3561.21,86.96,25.07,48
124416,15552,-1275.60,26.31,76.22,48
124416,15552,275.32,21.34,10.96,48
124416,15552,746.95,23.80,1.06,48
124800,15600,3733.00,86.49,10.22,48
124800,15600,1974.81,86.75,139.98,48
124800,15600,3625.00,85.86,11.06,48
124800,15600,3929.39,88.30,1.24,48
124800,15600,2804.87,88.37,81.91,48
124800,15600,3552.50,87.65,28.97,48
124800,15600,716.35,25.62,1.39,48
124800,15600,3998.16,88.66,0.10,48
125184,15648,2227.10,88.90,127.50,48
125184,15648,3820.23,87.30,8.93,48
125184,15648,1471.80,86.83,172.97,48
125184,15648,-2173.88,23.58,107.42,48
125184,15648,3947.62,88.68,5.22,48
125184,15648,502.29,24.71,9.08,48
125184,15648,2756.47,85.83,74.28,48
125184,15648,-798.45,87.69,341.35,48
125568,15696,3996.33,88.30,0.00,48
125568,15696,3565.67,82.16,0.33,48
125568,15696,3811.22,86.64,2.82,48
125568,15696,3226.21,86.26,46.91,48
125568,15696,3926.21,87.96,4.77,48
125568,15696,3615.70,85.40,12.90,48
125568,15696,3801.45,85.57,2.42,48
125568,15696,665.67,23.29,4.46,48
125952,15744,1861.98,86.87,145.61,48
125952,15744,2657.75,85.58,84.19,48
125952,15744,-4840.86,22.79,208.97,48
125952,15744,2325.99,86.47,107.58,48
125952,15744,3093.60,87.11,58.51,48
125952,15744,43.03,24.29,28.16,48
125952,15744,144.19,24.43,21.41,48
125952,15744,-4880.10,28.86,219.41,48
126336,15792,3699.71,87.15,14.01,48
126336,15792,2295.72,87.26,113.31,48
126336,15792,2976.45,87.94,67.11,48
126336,15792,2860.38,87.39,75.71,48
126336,15792,-373.05,86.41,304.71,48
126336,15792,-556.42,21.80,45.43,48
126336,15792,2367.27,84.35,98.14,48
126336,15792,3536.90,85.29,19.84,48
126720,15840,-5425.60,23.97,230.14,48
126720,15840,-3036.69,23.14,141.49,48
126720,15840,-306.55,25.07,41.46,48
126720,15840,-1761.09,29.61,97.39,48
126720,15840,3810.14,84.65,0.27,48
126720,15840,179.58,25.70,20.55,48
126720,15840,3298.03,86.65,41.08,48
126720,15840,672.54,21.97,1.21,48
127104,15888,695.85,25.14,0.00,48
127104,15888,3646.17,84.53,6.17,48
127104,15888,3100.51,87.37,60.97,48
127104,15888,714.90,24.23,1.02,48
127104,15888,2202.11,86.27,118.79,48
127104,15888,304.99,88.48,263.62,48
127104,15888,701.64,23.49,0.39,48
127104,15888,-1874.69,26.31,104.89,48
127488,15936,-683.32,25.83,57.78,48
127488,15936,1361.38,89.55,189.96,48
127488,15936,3615.03,86.56,17.74,48
127488,15936,-2896.88,24.13,138.38,48
127488,15936,3739.87,86.74,8.51,48
127488,15936,1095.03,88.92,209.84,48
127488,15936,750.59,88.15,232.76,48
127488,15936,3654.19,86.59,12.16,48
127872,15984,3118.99,85.66,51.43,48
127872,15984,1943.91,88.80,145.80,48
127872,15984,3911.29,87.13,0.10,48
127872,15984,2962.12,85.82,61.31,48
127872,15984,170.85,86.90,266.65,48
127872,15984,1723.01,85.72,152.02,48
127872,15984,655.32,87.93,236.71,48
127872,15984,2058.17,84.19,125.13,48
128256,16032,2340.95,87.33,116.93,48
128256,16032,-5092.74,86.31,641.76,48
128256,16032,775.41,85.03,208.73,48
128256,16032,-249.76,20.25,31.92,48
128256,16032,2170.49,85.21,116.00,48
128256,16032,3445.63,83.34,19.74,48
128256,16032,3318.74,87.41,44.39,48
128256,16032,1960.59,85.15,129.88,48
128640,16080,3001.69,87.59,63.32,48
128640,16080,3745.97,84.82,0.55,48
128640,16080,-6287.49,91.44,754.17,48
128640,16080,104.07,26.46,29.95,48
128640,16080,2538.78,89.54,110.91,48
128640,16080,1123.50,87.09,199.15,48
128640,16080,1644.89,87.45,163.70,48
128640,16080,2919.66,88.34,79.29,48
129024,16128,591.61,23.24,6.41,48
129024,16128,-741.07,27.64,58.92,48
129024,16128,3750.34,84.76,0.96,48
129024,16128,-1412.99,27.87,86.50,48
129024,16128,3666.97,85.94,12.13,48
129024,16128,394.40,88.46,261.69,48
129024,16128,706.07,23.76,1.95,48
129024,16128,62.11,24.33,25.35,48
129408,16176,3240.45,87.07,49.79,48
129408,16176,3741.39,84.66,0.10,48
129408,16176,2961.09,88.39,73.96,48
129408,16176,3308.52,88.44,47.71,48
129408,16176,1358.70,86.64,179.06,48
129408,16176,3562.98,86.29,21.53,48
129408,16176,-10257.90,22.93,414.70,48
129408,16176,432.91,83.99,234.94,48
129792,16224,194.78,91.54,287.64,48
129792,16224,-2452.64,26.35,128.11,48
129792,16224,1495.09,87.58,171.58,48
129792,16224,4091.29,90.24,1.84,48
129792,16224,3858.04,89.06,13.59,48
129792,16224,2324.80,84.91,105.34,48
129792,16224,-612.39,23.00,48.21,48
129792,16224,2385.10,87.22,110.64,48
130176,16272,733.34,21.88,0.00,48
130176,16272,4007.36,90.18,7.85,48
130176,16272,2545.09,89.49,108.82,48
130176,16272,690.08,23.82,1.34,48
130176,16272,-2424.52,25.33,118.64,48
130176,16272,-5323.95,26.21,228.00,48
130176,16272,3687.43,86.06,11.24,48
130176,16272,584.19,24.66,4.89,48
130560,16320,2355.92,88.12,113.10,48
130560,16320,3399.15,85.46,31.02,48
130560,16320,3802.48,85.55,6.44,48
130560,16320,-460.16,26.07,46.37,48
130560,16320,3705.07,87.24,12.61,48
130560,16320,1007.90,86.63,205.26,48
130560,16320,673.23,23.57,0.62,48
130560,16320,-106.07,26.01,34.35,48
130944,16368,593.49,20.15,0.00,48
130944,16368,288.18,19.42,11.07,48
130944,16368,-1097.43,28.24,74.75,48
130944,16368,3314.03,87.01,44.43,48
130944,16368,-4831.26,23.48,213.79,48
130944,16368,-10083.16,24.99,414.75,48
130944,16368,3440.60,85.07,25.23,48
130944,16368,3591.47,88.97,29.71,48
131328,16416,3614.25,87.59,26.66,48
131328,16416,3148.06,87.09,53.26,48
131328,16416,-1388.49,24.64,81.97,48
131328,16416,3542.41,87.29,29.65,48
131328,16416,3348.15,85.00,31.91,48
131328,16416,568.34,21.73,0.00,48
131328,16416,3162.17,86.67,46.63,48
131328,16416,3389.05,85.51,30.25,48
131712,16464,4065.26,88.78,0.00,48
131712,16464,1397.45,85.35,173.56,48
131712,16464,-4560.32,22.56,201.28,48
131712,16464,3523.61,87.27,28.54,48
131712,16464,-2495.62,23.91,121.10,48
131712,16464,-2761.17,21.86,130.79,48
131712,16464,1003.11,87.36,207.74,48
131712,16464,3600.77,87.36,22.34,48
132096,16512,620.48,87.32,238.72,48
132096,16512,-1449.24,22.61,82.91,48
132096,16512,-4161.26,24.77,186.97,48
132096,16512,180.01,88.61,272.26,48
132096,16512,4001.78,88.83,1.76,48
132096,16512,418.34,16.40,0.10,48
132096,16512,2449.08,87.83,111.18,48
132096,16512,1476.05,85.23,162.53,48
132480,16560,-15625.43,26.11,623.39,48
132480,16560,3867.81,86.66,3.80,48
132480,16560,1505.90,86.87,173.67,48
132480,16560,3304.15,84.96,33.25,48
132480,16560,82.38,20.93,14.73,48
132480,16560,-1339.45,19.59,74.32,48
132480,16560,3830.07,85.83,0.04,48
132480,16560,3879.49,87.96,4.37,48
132864,16608,658.95,26.13,5.54,48
132864,16608,3778.88,85.41,1.25,48
132864,16608,119.51,26.16,26.79,48
132864,16608,-312.43,23.45,37.70,48
132864,16608,3136.51,82.28,34.49,48
132864,16608,-5.65,85.86,274.19,48
132864,16608,-376.04,29.40,50.66,48
132864,16608,2316.84,86.94,110.99,48
133248,16656,779.07,87.65,229.01,48
133248,16656,315.14,86.76,255.76,48
133248,16656,3507.90,86.65,27.73,48
133248,16656,3166.26,85.62,41.91,48
133248,16656,-4309.60,86.02,586.47,48
133248,16656,3747.04,85.75,3.10,48
133248,16656,3006.21,87.99,69.72,48
133248,16656,443.27,20.88,7.31,48
133632,16704,-1638.48,23.61,88.35,48
133632,16704,-3389.50,86.36,519.64,48
133632,16704,3471.76,84.66,19.56,48
133632,16704,1248.28,87.93,194.07,48
133632,16704,2826.82,88.06,80.32,48
133632,16704,1552.69,83.26,148.78,48
133632,16704,-72.55,86.86,286.77,48
133632,16704,109.49,24.97,24.98,48
134016,16752,1836.73,86.00,146.01,48
134016,16752,3841.63,86.37,0.00,48
134016,16752,1158.78,86.07,192.53,48
134016,16752,2820.61,84.86,64.41,48
134016,16752,-1776.99,22.68,92.48,48
134016,16752,-2826.84,28.58,140.92,48
134016,16752,-4814.20,22.88,208.71,48
134016,16752,-1048.44,23.76,65.91,48
134400,16800,3767.36,86.21,6.75,48
134400,16800,2811.38,86.53,79.80,48
134400,16800,3669.92,83.92,3.21,48
134400,16800,3037.23,88.53,69.13,48
134400,16800,3629.38,84.27,6.61,48
134400,16800,644.19,20.27,0.65,48
134400,16800,334.42,87.25,260.07,48
134400,16800,3467.24,85.09,15.64,48
134784,16848,285.93,22.88,13.75,48
134784,16848,738.85,88.40,234.05,48
134784,16848,3299.76,88.97,53.35,48
134784,16848,2177.68,85.86,121.34,48
134784,16848,-1194.54,25.52,75.81,48
134784,16848,2864.17,88.04,79.95,48
134784,16848,-5320.91,23.98,229.12,48
134784,16848,2420.95,84.10,95.11,48
135168,16896,2452.15,87.82,107.04,48
135168,16896,359.72,24.00,14.10,48
135168,16896,-2676.19,86.81,476.15,48
135168,16896,509.12,22.80,5.06,48
135168,16896,237.10,27.07,23.50,48
135168,16896,2707.26,82.66,70.60,48
135168,16896,2654.55,87.18,88.64,48
135168,16896,3656.22,82.09,0.00,48
135552,16944,641.56,89.73,246.09,48
135552,16944,2864.80,88.18,79.61,48
135552,16944,592.64,23.13,4.77,48
135552,16944,-503.73,21.01,42.77,48
135552,16944,-1315.71,26.65,79.72,48
135552,16944,3795.37,87.30,10.64,48
135552,16944,2677.91,86.09,83.93,48
135552,16944,4078.62,88.77,0.00,48
135936,16992,3429.71,84.17,19.11,48
135936,16992,-2308.43,85.69,442.20,48
135936,16992,3187.76,88.70,57.99,48
135936,16992,3713.21,85.06,7.32,48
135936,16992,724.00,24.28,0.00,48
135936,16992,-525.36,24.67,47.09,48
135936,16992,3756.25,86.72,10.94,48
135936,16992,2503.28,87.99,103.80,48
136320,17040,2744.90,82.99,66.20,48
136320,17040,2637.29,86.89,91.58,48
136320,17040,3424.76,86.28,30.77,48
136320,17040,3789.04,84.63,2.24,48
136320,17040,3815.05,85.28,0.58,48
136320,17040,468.17,85.66,241.71,48
136320,17040,3786.59,86.16,6.11,48
136320,17040,3750.88,88.17,13.35,48
136704,17088,2436.02,88.59,109.41,48
136704,17088,-89.86,24.52,29.63,48
136704,17088,350.14,21.33,8.40,48
136704,17088,3633.93,88.57,30.26,48
136704,17088,-1464.54,21.73,78.85,48
136704,17088,-4334.64,20.42,189.17,48
136704,17088,-4575.71,85.72,606.49,48
136704,17088,3914.40,87.95,4.95,48
137088,17136,1847.19,86.81,146.54,48
137088,17136,-73.90,20.70,23.83,48
137088,17136,3748.06,84.82,2.73,48
137088,17136,3735.49,86.33,6.22,48
137088,17136,3263.84,86.02,38.80,48
137088,17136,355.86,25.04,12.73,48
137088,17136,1977.87,86.81,137.62,48
137088,17136,3117.26,85.81,53.09,48
137472,17184,2633.37,88.23,98.30,48
137472,17184,-2977.12,22.48,139.38,48
137472,17184,-432.04,25.38,45.06,48
137472,17184,45.84,25.16,22.52,48
137472,17184,1533.30,83.92,158.96,48
137472,17184,-589.23,22.44,49.81,48
137472,17184,-1334.48,87.50,376.29,48
137472,17184,3099.79,87.05,57.31,48
137856,17232,3850.63,86.96,5.14,48
137856,17232,772.80,87.86,227.24,48
137856,17232,-2109.36,21.74,107.59,48
137856,17232,-270.58,21.90,31.62,48
137856,17232,25.47,21.31,20.42,48
137856,17232,3592.48,84.35,11.33,48
137856,17232,354.92,87.39,254.59,48
137856,17232,3701.87,86.69,12.95,48
138240,17280,2894.05,85.71,61.74,48
138240,17280,-3104.70,29.23,152.39,48
138240,17280,3869.76,86.59,0.28,48
138240,17280,1016.71,87.77,208.66,48
138240,17280,86.31,21.27,22.21,48
138240,17280,3310.16,84.28,33.12,48
138240,17280,2650.83,87.96,99.33,48
138240,17280,3811.54,86.86,4.26,48
138624,17328,-1120.28,23.17,70.20,48
138624,17328,3298.47,86.92,42.92,48
138624,17328,3560.12,86.30,17.64,48
138624,17328,549.59,18.39,1.54,48
138624,17328,2269.24,89.48,129.50,48
138624,17328,696.17,25.07,0.02,48
138624,17328,-3347.91,24.37,156.86,48
138624,17328,3649.86,89.46,26.23,48
139008,17376,652.61,19.68,0.00,48
139008,17376,1501.38,87.26,176.29,48
139008,17376,-1007.63,18.81,61.67,48
139008,17376,-4314.72,87.88,599.46,48
139008,17376,1048.91,87.21,207.96,48
139008,17376,3206.03,84.57,41.09,48
139008,17376,523.19,22.16,4.58,48
139008,17376,3323.02,83.64,27.83,48
139392,17424,2698.35,88.07,94.05,48
139392,17424,572.32,25.61,8.65,48
139392,17424,77.33,24.72,24.29,48
139392,17424,3771.33,85.45,0.23,48
139392,17424,-311.16,24.46,40.71,48
139392,17424,3852.90,87.58,4.81,48
139392,17424,3776.85,85.34,0.00,48
139392,17424,3763.18,88.19,17.53,48
139776,17472,2305.18,85.75,111.81,48
139776,17472,441.69,23.86,5.71,48
139776,17472,-189.35,22.65,34.68,48
139776,17472,2495.41,86.78,97.81,48
139776,17472,2125.10,82.83,110.65,48
139776,17472,-4325.17,23.17,190.17,48
139776,17472,-797.50,23.87,57.23,48
139776,17472,3827.50,86.34,0.80,48
140160,17520,-3582.67,26.40,165.00,48
140160,17520,3482.72,85.52,24.68,48
140160,17520,-3898.46,21.03,172.36,48
140160,17520,-1710.25,88.05,410.77,48
140160,17520,2628.04,83.91,76.27,48
140160,17520,3853.90,88.07,8.07,48
140160,17520,1199.86,86.05,186.83,48
140160,17520,3795.84,86.20,6.21,48
140544,17568,3635.06,83.55,6.48,48
140544,17568,3692.67,83.46,0.76,48
140544,17568,-4387.04,85.65,591.87,48
140544,17568,2145.39,84.73,115.46,48
140544,17568,2917.48,83.65,55.74,48
140544,17568,3463.44,87.22,35.98,48
140544,17568,3687.25,83.79,0.07,48
140544,17568,389.19,24.05,14.99,48
140928,17616,3660.28,83.31,0.25,48
140928,17616,-3016.23,87.93,503.41,48
140928,17616,3337.75,86.35,33.01,48
140928,17616,-5665.42,26.38,248.77,48
140928,17616,3968.60,89.22,7.57,48
140928,17616,3680.53,85.83,8.20,48
140928,17616,3233.64,87.09,44.89,48
140928,17616,2958.09,86.47,65.55,48
141312,17664,174.97,23.21,19.43,48
141312,17664,-1244.95,28.98,83.94,48
141312,17664,2007.59,86.90,137.72,48
141312,17664,2440.92,83.75,90.41,48
141312,17664,3432.42,84.41,20.51,48
141312,17664,3422.81,86.75,30.64,48
141312,17664,645.38,22.22,0.26,48
141312,17664,2135.84,88.12,128.00,48
141696,17712,-303.93,23.51,37.70,48
141696,17712,3977.98,88.96,4.70,48
141696,17712,612.19,22.32,1.01,48
141696,17712,-1349.99,22.46,74.07,48
141696,17712,3570.39,86.00,19.08,48
141696,17712,3747.70,85.41,3.59,48
141696,17712,2108.57,89.54,140.79,48
141696,17712,3348.85,86.13,35.10,48
142080,17760,525.76,18.19,0.00,48
142080,17760,565.73,86.64,240.60,48
142080,17760,3458.82,88.81,39.68,48
142080,17760,3707.79,86.07,8.18,48
142080,17760,-5526.38,24.42,238.48,48
142080,17760,3956.98,87.83,0.18,48
142080,17760,3527.80,83.89,10.38,48
142080,17760,3815.89,86.50,2.58,48
142464,17808,2702.52,87.34,87.60,48
142464,17808,3981.55,88.98,3.23,48
142464,17808,3696.03,87.92,14.83,48
142464,17808,2229.62,85.21,116.30,48
142464,17808,-2754.07,29.22,137.09,48
142464,17808,1592.58,88.07,175.23,48
142464,17808,-2278.38,23.67,111.37,48
142464,17808,-8286.15,21.72,340.44,48
142848,17856,843.24,84.52,210.98,48
142848,17856,3913.60,88.03,5.45,48
142848,17856,2009.74,86.67,130.94,48
142848,17856,3051.60,87.01,64.64,48
142848,17856,1443.16,84.21,166.61,48
142848,17856,3703.22,87.88,17.47,48
142848,17856,3616.34,86.70,12.90,48
142848,17856,-2002.51,22.35,101.14,48
143232,17904,3275.29,87.25,44.92,48
143232,17904,-1279.95,25.10,74.71,48
143232,17904,2989.76,87.96,68.84,48
143232,17904,2430.16,84.81,93.70,48
143232,17904,1600.65,86.13,164.44,48
143232,17904,3904.64,87.69,2.65,48
143232,17904,1170.08,84.12,182.11,48
143232,17904,3512.85,89.17,35.64,48
143616,17952,363.82,24.02,11.57,48
143616,17952,475.98,87.41,246.73,48
143616,17952,-1809.78,22.27,94.00,48
143616,17952,500.10,86.49,239.32,48
143616,17952,2586.64,85.25,86.92,48
143616,17952,1188.40,86.47,191.50,48
143616,17952,3588.23,87.02,23.95,48
143616,17952,3108.80,87.98,59.15,48
144000,18000,3331.79,84.73,36.62,48
144000,18000,4058.74,89.99,4.80,48
144000,18000,-3869.88,27.40,176.43,48
144000,18000,-6800.73,26.41,288.79,48
144000,18000,2606.93,87.43,94.52,48
144000,18000,356.10,20.93,10.11,48
144000,18000,3820.40,86.08,0.00,48
144000,18000,3847.38,86.46,0.86,48
144384,18048,-2694.14,29.48,138.36,48
144384,18048,2937.08,87.21,69.35,48
144384,18048,603.02,19.62,0.32,48
144384,18048,-11550.19,28.59,476.09,48
144384,18048,-1350.43,22.52,76.98,48
144384,18048,3624.20,83.24,4.81,48
144384,18048,174.55,26.11,26.09,48
144384,18048,3630.04,85.56,13.14,48
144768,18096,3140.91,86.33,50.64,48
144768,18096,338.28,27.52,23.43,48
144768,18096,3135.97,87.48,55.90,48
144768,18096,678.20,84.60,226.14,48
144768,18096,2460.99,84.98,97.81,48
144768,18096,1787.39,87.15,152.17,48
144768,18096,527.76,23.95,10.08,48
144768,18096,3805.14,85.42,0.31,48
145152,18144,-4311.04,23.30,188.96,48
145152,18144,60.69,25.13,22.41,48
145152,18144,-89.79,27.24,35.04,48
145152,18144,-549.01,23.52,46.14,48
145152,18144,3604.12,88.21,25.66,48
145152,18144,2537.56,85.83,92.21,48
145152,18144,-62.41,23.30,30.44,48
145152,18144,-4867.02,22.44,210.78,48
145536,18192,2933.90,87.01,68.10,48
145536,18192,-10166.87,24.04,413.02,48
145536,18192,3425.75,90.20,49.80,48
145536,18192,2210.61,86.07,118.12,48
145536,18192,1472.63,86.04,167.48,48
145536,18192,3181.50,85.02,43.45,48
145536,18192,683.08,23.18,3.00,48
145536,18192,711.78,26.94,4.43,48
145920,18240,-841.96,84.14,331.10,48
145920,18240,-811.13,25.18,59.99,48
145920,18240,334.93,22.21,14.00,48
145920,18240,1516.18,87.48,173.27,48
145920,18240,3384.19,83.59,25.27,48
145920,18240,3733.21,86.72,8.29,48
145920,18240,-3982.99,26.88,181.41,48
145920,18240,3965.17,87.71,0.80,48
146304,18288,2310.63,84.23,102.19,48
146304,18288,3586.15,86.84,19.98,48
146304,18288,3411.34,84.78,25.20,48
146304,18288,3327.52,88.23,43.01,48
146304,18288,3466.93,87.03,30.02,48
146304,18288,3382.97,85.18,29.54,48
146304,18288,2648.45,87.88,93.00,48
146304,18288,3686.65,83.24,3.67,48
146688,18336,3352.90,87.22,36.41,48
146688,18336,3859.64,86.37,0.64,48
146688,18336,805.81,22.36,0.62,48
146688,18336,1861.74,90.60,163.06,48
146688,18336,3080.79,84.97,48.16,48
146688,18336,3145.67,87.76,52.99,48
146688,18336,3375.73,84.43,26.27,48
146688,18336,3877.52,89.06,10.77,48
147072,18384,3583.23,84.88,15.15,48
147072,18384,3204.29,82.27,35.71,48
147072,18384,3787.41,86.40,11.87,48
147072,18384,3192.58,87.97,56.75,48
147072,18384,3658.45,82.96,0.39,48
147072,18384,2809.73,88.75,86.49,48
147072,18384,287.67,23.28,16.44,48
147072,18384,252.91,21.77,13.72,48
147456,18432,3282.44,84.57,37.85,48
147456,18432,589.96,21.23,4.77,48
147456,18432,2214.24,85.04,111.68,48
147456,18432,2866.03,84.88,63.98,48
147456,18432,2191.12,88.13,129.83,48
147456,18432,1683.18,86.73,159.06,48
147456,18432,2908.97,87.09,74.61,48
147456,18432,-5017.81,25.01,215.89,48
147840,18480,529.02,26.38,11.04,48
147840,18480,3566.09,84.44,13.00,48
147840,18480,3083.91,87.03,58.93,48
147840,18480,2756.45,84.74,71.43,48
147840,18480,-1088.79,24.71,71.37,48
147840,18480,3827.96,86.08,2.41,48
147840,18480,-4975.71,27.69,219.55,48
147840,18480,-262.79,25.95,39.75,48
148224,18528,3870.11,85.77,3.14,48
148224,18528,2032.70,87.82,135.94,48
148224,18528,4025.29,88.91,0.66,48
148224,18528,-61.51,20.21,27.86,48
148224,18528,-2943.90,23.31,139.33,48
148224,18528,3063.52,86.83,57.52,48
148224,18528,3289.27,84.21,33.02,48
148224,18528,185.31,20.24,13.81,48
148608,18576,2707.13,88.27,93.24,48
148608,18576,3739.19,85.03,0.75,48
148608,18576,3438.09,85.33,23.60,48
148608,18576,3606.13,87.01,19.68,48
148608,18576,3730.59,87.22,11.96,48
148608,18576,1607.55,87.33,165.04,48
148608,18576,2910.44,87.46,76.37,48
148608,18576,3449.83,83.22,17.65,48
148992,18624,543.33,86.54,237.06,48
148992,18624,1670.53,87.88,164.35,48
148992,18624,-4815.07,24.28,210.44,48
148992,18624,2079.92,85.15,115.74,48
148992,18624,1621.67,85.10,157.92,48
148992,18624,2958.60,83.75,50.80,48
148992,18624,3240.07,84.73,36.50,48
148992,18624,3462.50,86.52,30.13,48
149376,18672,911.14,88.38,223.62,48
149376,18672,3983.30,89.28,3.96,48
149376,18672,716.80,90.33,243.02,48
149376,18672,3918.67,87.74,4.71,48
149376,18672,3897.40,87.52,0.34,48
149376,18672,2167.62,88.31,125.56,48
149376,18672,-1111.05,23.53,69.11,48
149376,18672,1031.96,84.25,195.39,48
149760,18720,-13675.34,22.47,546.12,48
149760,18720,2186.43,82.97,108.04,48
149760,18720,3328.22,86.12,36.12,48
149760,18720,3370.29,87.07,37.76,48
149760,18720,3600.36,84.98,14.09,48
149760,18720,-2078.22,21.36,105.87,48
149760,18720,3424.17,87.95,34.53,48
149760,18720,3046.86,86.01,56.69,48
150144,18768,-3040.10,25.92,143.44,48
150144,18768,4013.03,89.30,0.78,48
150144,18768,607.04,22.43,3.73,48
150144,18768,-1903.44,87.64,423.91,48
150144,18768,3493.62,87.41,31.51,48
150144,18768,839.63,85.50,210.86,48
150144,18768,3361.99,84.53,28.20,48
150144,18768,-1401.56,23.28,79.79,48
150528,18816,3794.54,85.21,5.76,48
150528,18816,452.12,22.76,9.18,48
150528,18816,-3693.23,26.38,169.51,48
150528,18816,1257.01,87.23,190.96,48
150528,18816,4062.62,89.50,0.39,48
150528,18816,3592.29,82.45,1.24,48
150528,18816,-6512.77,24.53,273.55,48
150528,18816,3895.21,88.45,6.02,48
150912,18864,660.16,23.10,2.24,48
150912,18864,3853.57,86.84,1.54,48
150912,18864,3867.70,87.34,4.63,48
150912,18864,2349.70,87.63,112.57,48
150912,18864,2819.03,87.22,78.95,48
150912,18864,3705.42,83.97,0.00,48
150912,18864,1816.87,86.28,146.12,48
150912,18864,3773.19,85.22,0.01,48
151296,18912,-286.94,21.88,35.52,48
151296,18912,1726.66,85.79,148.52,48
151296,18912,2923.07,86.18,65.62,48
151296,18912,2520.13,84.82,91.36,48
151296,18912,3744.31,88.49,17.86,48
151296,18912,2804.76,85.52,74.07,48
151296,18912,-250.31,25.11,39.39,48
151296,18912,1938.39,88.38,142.97,48
151680,18960,-96.58,23.60,33.98,48
151680,18960,-3784.31,26.22,174.83,48
151680,18960,3527.55,86.55,27.55,48
151680,18960,751.07,22.33,0.00,48
151680,18960,3466.67,85.93,26.58,48
151680,18960,3236.96,84.76,39.49,48
151680,18960,266.08,19.01,7.66,48
151680,18960,1067.74,83.33,190.63,48
152064,19008,3849.19,87.23,4.80,48
152064,19008,3833.95,86.44,0.01,48
152064,19008,3014.75,86.63,61.96,48
152064,19008,586.79,20.63,2.03,48
152064,19008,3615.82,84.41,8.55,48
152064,19008,2977.35,86.91,67.73,48
152064,19008,-6312.02,25.78,269.70,48
152064,19008,-734.48,26.06,57.68,48
152448,19056,2877.14,85.77,72.85,48
152448,19056,3166.21,84.82,37.90,48
152448,19056,3541.19,86.29,25.67,48
152448,19056,161.42,20.83,20.59,48
152448,19056,612.66,23.45,2.92,48
152448,19056,605.88,20.71,0.72,48
152448,19056,-3495.85,85.91,520.18,48
152448,19056,-2441.04,26.48,125.00,48
152832,19104,3816.23,85.48,0.23,48
152832,19104,-3490.26,89.99,541.15,48
152832,19104,-4236.27,23.10,185.17,48
152832,19104,-917.58,23.20,58.97,48
152832,19104,3832.34,89.21,15.97,48
152832,19104,3789.74,84.31,0.00,48
152832,19104,730.72,88.94,235.33,48
152832,19104,2457.90,88.37,109.63,48
153216,19152,3669.80,87.43,18.24,48
153216,19152,2945.03,87.81,71.89,48
153216,19152,714.24,89.13,238.74,48
153216,19152,3455.78,86.08,26.12,48
153216,19152,3894.10,86.14,0.00,48
153216,19152,-309.16,23.56,40.51,48
153216,19152,3351.01,86.67,39.40,48
153216,19152,3865.58,86.25,0.88,48
153600,19200,403.32,22.05,11.76,48
153600,19200,4129.33,90.36,0.57,48
153600,19200,504.45,23.91,6.31,48
153600,19200,621.78,20.33,0.72,48
153600,19200,-1070.44,24.10,69.38,48
153600,19200,817.25,23.89,0.31,48
153600,19200,-293.16,24.17,39.23,48
153600,19200,3738.30,85.69,5.76,48
153984,19248,-257.51,22.33,36.57,48
153984,19248,-921.97,23.32,60.18,48
153984,19248,3593.72,89.75,32.37,48
153984,19248,615.23,23.13,2.37,48
153984,19248,1087.37,86.96,202.22,48
153984,19248,3827.84,85.26,0.00,48
153984,19248,608.23,20.81,1.79,48
153984,19248,-13539.22,22.13,537.44,48
154368,19296,3909.41,86.91,0.27,48
154368,19296,3680.84,86.09,10.11,48
154368,19296,2455.85,88.48,112.65,48
154368,19296,-3352.70,86.89,525.22,48
154368,19296,1248.02,82.80,173.21,48
154368,19296,757.37,85.02,220.10,48
154368,19296,542.12,23.95,6.21,48
154368,19296,3452.12,85.02,17.38,48
154752,19344,733.35,25.83,1.37,48
154752,19344,2619.09,88.08,99.99,48
154752,19344,2636.12,84.31,79.07,48
154752,19344,-305.46,20.41,34.18,48
154752,19344,1976.61,85.42,132.42,48
154752,19344,2290.10,85.94,108.08,48
154752,19344,3350.05,86.50,32.64,48
154752,19344,-3455.05,26.55,163.52,48
155136,19392,3705.85,84.59,2.31,48
155136,19392,2612.21,86.71,92.60,48
155136,19392,-1177.51,25.03,76.80,48
155136,19392,-888.69,25.37,65.77,48
155136,19392,1730.69,83.73,142.92,48
155136,19392,3800.47,86.35,4.18,48
155136,19392,3869.35,85.63,0.00,48
155136,19392,-740.21,25.21,52.54,48
155520,19440,2670.65,84.29,75.00,48
155520,19440,484.95,24.36,11.20,48
155520,19440,3206.82,85.83,43.30,48
155520,19440,462.19,86.23,243.61,48
155520,19440,3383.83,84.36,26.00,48
155520,19440,-5033.21,23.34,217.33,48
155520,19440,-1849.80,86.36,407.28,48
155520,19440,2291.27,89.44,126.09,48
155904,19488,-1990.53,24.69,101.14,48
155904,19488,3862.05,87.24,4.34,48
155904,19488,1549.93,86.51,163.17,48
155904,19488,3825.50,89.17,11.58,48
155904,19488,3445.71,83.14,18.11,48
155904,19488,3774.16,85.38,1.28,48
155904,19488,-217.15,25.04,34.28,48
155904,19488,3821.00,86.22,0.81,48
156288,19536,2393.43,86.67,104.43,48
156288,19536,3041.70,85.88,54.97,48
156288,19536,3861.56,85.69,0.02,48
156288,19536,3860.22,88.24,8.59,48
156288,19536,1020.06,87.36,205.58,48
156288,19536,2973.49,86.77,68.46,48
156288,19536,3881.33,86.59,0.00,48
156288,19536,3819.46,86.05,0.31,48
156672,19584,3706.17,85.01,3.26,48
156672,19584,3839.10,86.99,2.52,48
156672,19584,2163.42,85.56,120.20,48
156672,19584,3824.64,86.82,3.54,48
156672,19584,3364.79,83.03,20.25,48
156672,19584,3280.79,86.83,45.29,48
156672,19584,505.56,22.24,4.99,48
156672,19584,3544.42,85.57,22.15,48
157056,19632,3203.17,86.54,47.09,48
157056,19632,684.82,24.43,2.81,48
157056,19632,59.58,27.97,29.12,48
157056,19632,-1418.15,22.70,80.80,48
157056,19632,-1061.92,22.67,67.25,48
157056,19632,3272.43,86.47,43.19,48
157056,19632,3771.47,89.69,21.75,48
157056,19632,-4767.27,20.48,203.01,48
157440,19680,2565.41,83.03,75.62,48
157440,19680,3405.57,87.33,35.04,48
157440,19680,3504.61,88.58,34.32,48
157440,19680,3071.30,90.67,77.45,48
157440,19680,-972.30,25.42,67.38,48
157440,19680,957.80,85.78,202.99,48
157440,19680,3792.63,85.41,1.34,48
157440,19680,3827.40,86.02,0.00,48
157824,19728,2259.46,85.01,109.54,48
157824,19728,2146.88,85.76,115.59,48
157824,19728,2554.76,86.36,93.51,48
157824,19728,-18.09,22.57,23.09,48
157824,19728,3105.30,88.85,64.95,48
157824,19728,3928.19,87.60,3.73,48
157824,19728,648.05,25.89,9.42,48
157824,19728,-1344.63,22.10,74.20,48
158208,19776,279.38,22.59,14.54,48
158208,19776,519.08,20.24,0.00,48
158208,19776,-1752.65,86.44,405.56,48
158208,19776,3703.23,83.02,0.00,48
158208,19776,265.67,85.96,256.60,48
158208,19776,3986.53,88.64,1.28,48
158208,19776,3439.13,87.48,34.15,48
158208,19776,3681.76,83.39,0.58,48
158592,19824,2380.00,90.36,126.49,48
158592,19824,-1238.79,21.33,71.95,48
158592,19824,3742.58,84.74,0.00,48
158592,19824,3819.42,87.08,3.67,48
158592,19824,-2718.08,24.16,129.76,48
158592,19824,-11497.19,26.10,465.52,48
158592,19824,1722.87,82.97,142.09,48
158592,19824,3315.76,86.62,38.00,48
158976,19872,3004.43,86.44,55.92,48
158976,19872,2737.12,83.56,70.08,48
158976,19872,-2735.59,88.70,487.79,48
158976,19872,3086.77,86.64,54.57,48
158976,19872,3939.62,90.02,12.04,48
158976,19872,614.27,23.71,1.33,48
158976,19872,507.44,19.14,1.24,48
158976,19872,2859.99,83.80,60.44,48
159360,19920,3954.02,87.89,1.16,48
159360,19920,1151.72,84.64,184.15,48
159360,19920,3837.52,86.09,0.01,48
159360,19920,-4275.62,88.67,593.69,48
159360,19920,3301.38,85.49,34.66,48
159360,19920,-5826.09,26.28,250.04,48
159360,19920,2055.05,86.32,131.27,48
159360,19920,3890.91,86.62,0.88,48
159744,19968,407.15,25.23,12.81,48
159744,19968,585.64,21.21,0.05,48
159744,19968,-145.36,20.40,30.70,48
159744,19968,2788.03,84.99,69.80,48
159744,19968,1014.72,86.37,208.13,48
159744,19968,130.57,22.94,21.32,48
159744,19968,2206.10,86.81,120.51,48
159744,19968,91.72,22.24,21.98,48
160128,20016,453.50,26.77,13.66,48
160128,20016,3200.74,89.07,59.91,48
160128,20016,3888.77,86.98,1.64,48
160128,20016,-2660.19,19.94,121.59,48
160128,20016,214.83,21.91,16.95,48
160128,20016,1623.48,90.15,178.87,48
160128,20016,3768.07,84.42,0.00,48
160128,20016,3603.91,83.77,7.81,48
160512,20064,-4300.11,85.97,583.27,48
160512,20064,-2315.59,87.85,451.52,48
160512,20064,3631.29,85.58,12.10,48
160512,20064,3767.84,85.42,5.00,48
160512,20064,3984.65,88.71,0.10,48
160512,20064,1028.95,88.11,210.93,48
160512,20064,2560.60,84.55,87.80,48
160512,20064,4072.85,89.61,1.37,48
160896,20112,3897.86,87.57,0.47,48
160896,20112,621.29,22.98,2.64,48
160896,20112,-8908.61,23.22,368.64,48
160896,20112,479.00,22.59,8.12,48
160896,20112,3706.37,87.90,20.04,48
160896,20112,658.36,23.67,0.57,48
160896,20112,3617.44,83.23,8.43,48
160896,20112,-399.47,22.89,39.84,48
161280,20160,3545.34,82.26,3.72,48
161280,20160,759.11,25.42,0.05,48
161280,20160,-2721.74,86.69,475.97,48
161280,20160,3895.64,87.85,1.33,48
161280,20160,3648.63,85.41,8.68,48
161280,20160,413.36,26.06,15.05,48
161280,20160,3988.74,88.37,0.10,48
161280,20160,3472.84,87.15,29.52,48
161664,20208,3781.02,84.95,2.90,48
161664,20208,-2781.90,21.00,130.52,48
161664,20208,-19.87,88.65,287.60,48
161664,20208,3662.02,83.85,4.56,48
161664,20208,3576.88,85.99,20.55,48
161664,20208,3360.53,87.51,39.13,48
161664,20208,64.61,21.76,19.22,48
161664,20208,3279.99,85.66,37.43,48
162048,20256,-4079.76,22.28,179.29,48
162048,20256,793.82,27.08,1.63,48
162048,20256,2060.67,85.91,127.47,48
162048,20256,3623.95,87.95,22.74,48
162048,20256,3578.92,85.83,18.09,48
162048,20256,3722.06,86.80,11.15,48
162048,20256,-1031.36,26.23,68.70,48
162048,20256,326.41,22.57,9.96,48
162432,20304,478.12,21.98,7.70,48
162432,20304,2867.59,82.90,61.10,48
162432,20304,3781.76,85.53,1.63,48
162432,20304,484.52,88.60,252.07,48
162432,20304,-2844.53,20.40,129.43,48
162432,20304,-290.58,23.52,38.42,48
162432,20304,3818.31,86.39,3.50,48
162432,20304,3149.99,87.84,59.47,48
162816,20352,-15778.14,25.88,627.33,48
162816,20352,2331.03,86.42,107.21,48
162816,20352,3835.36,87.18,4.68,48
162816,20352,-2363.23,25.47,114.86,48
162816,20352,-183.60,22.60,31.28,48
162816,20352,-5098.17,23.71,218.99,48
162816,20352,828.96,25.96,0.43,48
162816,20352,3636.47,83.04,0.05,48
163200,20400,3885.38,85.89,1.32,48
163200,20400,2134.74,88.06,132.24,48
163200,20400,3768.21,84.70,0.92,48
163200,20400,2924.45,85.56,61.78,48
163200,20400,-9773.21,24.62,403.67,48
163200,20400,-3455.58,26.91,161.88,48
163200,20400,1897.46,86.80,143.85,48
163200,20400,3899.92,89.35,9.71,48
163584,20448,674.91,23.04,0.00,48
163584,20448,-2322.17,23.99,117.12,48
163584,20448,-3536.13,23.69,158.75,48
163584,20448,374.94,23.65,11.78,48
163584,20448,-2861.67,27.91,141.47,48
163584,20448,2814.86,86.76,83.11,48
163584,20448,2403.44,86.92,104.56,48
163584,20448,-26.18,24.37,28.28,48
163968,20496,2000.98,85.56,130.29,48
163968,20496,-2121.11,21.61,102.73,48
163968,20496,3770.86,87.11,7.08,48
163968,20496,340.16,24.64,15.24,48
163968,20496,3819.70,85.73,1.88,48
163968,20496,3801.40,85.16,0.00,48
163968,20496,3563.79,86.37,22.22,48
163968,20496,2281.44,87.14,113.19,48
164352,20544,2743.32,84.00,70.66,48
164352,20544,-5264.18,89.09,666.08,48
164352,20544,3918.27,87.57,0.04,48
164352,20544,3802.88,87.44,4.92,48
164352,20544,3663.86,84.98,9.66,48
164352,20544,2966.49,86.87,71.08,48
164352,20544,2627.29,85.22,80.72,48
164352,20544,691.96,20.07,0.02,48
164736,20592,3599.99,83.15,0.00,48
164736,20592,1901.26,87.11,146.22,48
164736,20592,2575.71,86.18,90.86,48
164736,20592,3681.53,85.58,9.25,48
164736,20592,3375.47,88.77,47.89,48
164736,20592,3786.81,86.26,7.38,48
164736,20592,3396.47,85.93,30.05,48
164736,20592,-1339.37,23.27,74.70,48
165120,20640,3774.27,84.91,0.00,48
165120,20640,-4011.75,87.79,572.24,48
165120,20640,3435.84,87.31,33.95,48
165120,20640,3637.10,84.18,10.53,48
165120,20640,560.33,25.33,9.82,48
165120,20640,3231.47,85.46,42.87,48
165120,20640,2965.60,83.64,54.12,48
165120,20640,3743.22,84.42,3.45,48
165504,20688,2640.42,83.74,72.04,48
165504,20688,3879.15,87.76,7.77,48
165504,20688,3805.02,85.67,1.07,48
165504,20688,2206.92,85.90,118.40,48
165504,20688,3667.31,86.03,12.94,48
165504,20688,2675.91,85.70,84.68,48
165504,20688,-3080.41,22.64,138.75,48
165504,20688,3758.03,84.94,2.57,48
165888,20736,-4764.00,24.87,213.17,48
165888,20736,1304.96,83.25,171.17,48
165888,20736,3004.41,86.29,63.49,48
165888,20736,577.51,22.78,7.59,48
165888,20736,515.84,20.68,5.13,48
165888,20736,3390.82,85.06,30.81,48
165888,20736,3477.48,90.24,44.34,48
165888,20736,341.34,21.84,9.73,48
166272,20784,3590.88,83.68,9.25,48
166272,20784,3894.33,86.69,0.57,48
166272,20784,2671.48,85.39,82.75,48
166272,20784,3633.03,83.62,5.31,48
166272,20784,3913.57,87.16,0.26,48
166272,20784,573.28,88.41,242.27,48
166272,20784,2892.09,87.38,75.99,48
166272,20784,3705.46,85.55,7.27,48
166656,20832,-1004.32,25.04,69.91,48
166656,20832,359.72,23.38,14.27,48
166656,20832,465.56,19.82,3.27,48
166656,20832,-1575.61,23.06,87.84,48
166656,20832,1692.74,86.20,156.69,48
166656,20832,-2926.82,84.03,482.64,48
166656,20832,3636.71,84.85,8.21,48
166656,20832,879.88,87.11,214.60,48
167040,20880,1764.16,85.08,145.07,48
167040,20880,381.23,23.46,8.20,48
167040,20880,-1094.14,25.51,72.13,48
167040,20880,3652.36,82.04,2.19,48
167040,20880,3406.76,82.78,19.10,48
167040,20880,3539.63,81.19,6.13,48
167040,20880,3172.08,84.81,45.39,48
167040,20880,3237.63,85.38,37.15,48
167424,20928,358.07,21.72,11.11,48
167424,20928,3554.47,87.21,19.46,48
167424,20928,257.32,20.49,14.98,48
167424,20928,556.81,19.99,1.34,48
167424,20928,3752.83,88.78,20.02,48
167424,20928,-2665.57,22.34,128.38,48
167424,20928,1638.24,85.05,153.81,48
167424,20928,757.22,24.66,1.01,48
167808,20976,3062.20,86.90,63.63,48
167808,20976,3851.32,85.61,1.65,48
167808,20976,-2092.58,24.01,108.37,48
167808,20976,3203.90,86.29,45.73,48
167808,20976,2805.36,86.87,76.21,48
167808,20976,3239.77,86.87,50.42,48
167808,20976,3516.07,84.36,18.07,48
167808,20976,3351.58,84.60,31.18,48
168192,21024,-3266.17,23.12,150.65,48
168192,21024,-1508.12,21.57,80.46,48
168192,21024,-1893.40,21.99,94.78,48
168192,21024,3741.96,86.97,11.70,48
168192,21024,3574.15,84.08,7.63,48
168192,21024,413.81,21.84,10.32,48
168192,21024,3606.53,83.36,8.32,48
168192,21024,-1380.90,21.51,76.16,48
168576,21072,3886.55,87.18,2.71,48
168576,21072,3098.19,86.26,56.31,48
168576,21072,-3600.59,24.62,162.40,48
168576,21072,3377.57,86.90,37.24,48
168576,21072,458.22,20.49,3.50,48
168576,21072,-1447.30,86.34,378.28,48
168576,21072,3623.25,83.38,3.22,48
168576,21072,3607.65,83.15,4.92,48
168960,21120,1664.42,84.92,154.41,48
168960,21120,1958.76,86.09,133.06,48
168960,21120,2683.55,87.86,95.10,48
168960,21120,179.46,21.97,15.32,48
168960,21120,3221.52,83.96,37.34,48
168960,21120,643.29,23.56,0.07,48
168960,21120,3573.38,85.99,24.13,48
168960,21120,448.20,18.36,1.90,48
169344,21168,2983.91,86.39,64.61,48
169344,21168,-2408.97,21.89,114.86,48
169344,21168,-1577.54,21.66,85.41,48
169344,21168,-1817.97,23.55,95.56,48
169344,21168,3705.81,85.34,6.55,48
169344,21168,1342.55,86.05,181.87,48
169344,21168,3089.52,86.70,57.16,48
169344,21168,628.00,23.02,3.37,48
169728,21216,2503.06,84.55,87.01,48
169728,21216,3694.34,88.98,23.25,48
169728,21216,721.40,24.04,3.37,48
169728,21216,3274.83,82.80,31.53,48
169728,21216,-1013.19,24.63,64.98,48
169728,21216,-4167.89,87.22,582.92,48
169728,21216,160.87,21.34,18.69,48
169728,21216,608.17,21.14,0.00,48
170112,21264,-5105.12,25.61,219.12,48
170112,21264,3926.18,86.62,0.26,48
170112,21264,-1228.43,22.89,74.03,48
170112,21264,615.47,21.19,0.73,48
170112,21264,3671.20,84.42,6.83,48
170112,21264,3660.22,84.68,4.22,48
170112,21264,2989.19,88.14,66.77,48
170112,21264,2058.30,85.12,126.38,48
170496,21312,-7458.46,19.56,301.75,48
170496,21312,3654.56,82.69,0.01,48
170496,21312,2775.66,83.90,66.92,48
170496,21312,3723.42,85.43,6.83,48
170496,21312,1722.11,86.70,158.07,48
170496,21312,4013.52,88.61,0.00,48
170496,21312,673.15,22.42,0.07,48
170496,21312,318.53,18.96,9.38,48
170880,21360,3411.30,85.83,28.08,48
170880,21360,2414.81,85.87,101.95,48
170880,21360,3662.08,86.20,11.11,48
170880,21360,515.83,24.81,7.38,48
170880,21360,3247.74,85.78,36.61,48
170880,21360,3616.29,87.28,20.10,48
170880,21360,460.36,19.14,2.56,48
170880,21360,1830.65,83.52,136.42,48
171264,21408,3530.73,85.97,20.36,48
171264,21408,3690.77,88.37,19.32,48
171264,21408,3069.30,87.12,59.47,48
171264,21408,-4573.71,25.39,203.38,48
171264,21408,3540.09,87.14,25.85,48
171264,21408,2576.04,87.14,97.36,48
171264,21408,3663.50,85.23,7.19,48
171264,21408,-1312.45,23.88,74.97,48
171648,21456,3786.69,89.16,18.96,48
171648,21456,-6290.69,26.37,270.02,48
171648,21456,3818.55,85.83,0.69,48
171648,21456,1602.79,86.60,163.57,48
171648,21456,1.77,23.12,23.35,48
171648,21456,-1159.65,21.78,64.51,48
171648,21456,3721.86,84.11,0.47,48
171648,21456,3106.99,87.12,57.61,48
172032,21504,3846.35,86.21,0.00,48
172032,21504,2086.81,85.07,122.57,48
172032,21504,3842.48,85.99,2.94,48
172032,21504,-1626.98,19.46,83.30,48
172032,21504,-2597.57,22.52,125.04,48
172032,21504,3601.46,82.69,3.60,48
172032,21504,3592.03,88.79,29.69,48
172032,21504,2955.81,86.15,62.49,48
172416,21552,3741.08,84.52,0.00,48
172416,21552,3642.33,87.62,23.49,48
172416,21552,3947.03,88.01,0.32,48
172416,21552,-4606.47,24.02,205.59,48
172416,21552,-9658.35,23.35,391.68,48
172416,21552,2164.54,87.56,123.99,48
172416,21552,439.62,23.37,9.67,48
172416,21552,631.78,20.92,0.00,48
172800,21600,3885.34,87.22,3.59,48
172800,21600,1699.44,86.29,151.13,48
172800,21600,3702.82,83.92,1.83,48
172800,21600,2829.08,88.24,83.85,48
172800,21600,3887.39,86.79,0.47,48
172800,21600,-1249.35,19.86,69.90,48
172800,21600,2259.51,84.43,103.69,48
172800,21600,-107.27,25.90,34.41,48
173184,21648,-675.11,23.88,54.36,48
173184,21648,1381.70,88.02,186.44,48
173184,21648,3292.31,87.07,43.54,48
173184,21648,594.80,18.78,1.01,48
173184,21648,3298.16,86.69,41.43,48
173184,21648,-3916.84,23.68,176.63,48
173184,21648,-663.54,23.14,53.18,48
173184,21648,54.40,87.82,281.79,48
173568,21696,3383.51,88.76,41.78,48
173568,21696,-459.53,23.35,46.86,48
173568,21696,2868.24,86.87,73.24,48
173568,21696,791.71,25.10,0.86,48
173568,21696,39.53,23.35,23.58,48
173568,21696,3784.02,84.95,1.81,48
173568,21696,2711.87,84.18,70.77,48
173568,21696,3303.00,88.33,47.40,48
173952,21744,-1620.57,85.98,393.68,48
173952,21744,600.63,21.68,1.76,48
173952,21744,3522.80,83.97,14.30,48
173952,21744,199.58,25.01,20.33,48
173952,21744,2495.09,87.40,105.05,48
173952,21744,-151.55,22.93,33.42,48
173952,21744,578.09,21.93,3.32,48
173952,21744,3467.28,89.26,43.18,48
174336,21792,-884.83,22.17,60.74,48
174336,21792,3801.98,84.01,0.00,48
174336,21792,3769.12,87.17,9.62,48
174336,21792,675.32,23.65,1.43,48
174336,21792,3907.84,87.92,5.85,48
174336,21792,-149.91,20.12,28.63,48
174336,21792,1576.47,84.85,159.97,48
174336,21792,3858.54,86.46,0.26,48
174720,21840,3984.88,88.55,0.61,48
174720,21840,-5174.37,88.11,658.15,48
174720,21840,3852.96,86.49,0.88,48
174720,21840,3723.92,85.12,2.72,48
174720,21840,637.75,20.61,0.00,48
174720,21840,2626.65,84.66,81.83,48
174720,21840,3354.89,88.24,41.76,48
174720,21840,3341.62,87.60,43.02,48
175104,21888,3293.35,84.24,35.82,48
175104,21888,1150.72,85.94,188.67,48
175104,21888,3552.31,87.53,26.40,48
175104,21888,733.27,24.47,0.72,48
175104,21888,-1047.85,23.83,66.27,48
175104,21888,1448.18,87.35,177.97,48
175104,21888,-4258.61,25.71,193.83,48
175104,21888,-858.47,23.58,58.06,48
175488,21936,2547.34,84.40,83.22,48
175488,21936,2173.93,84.79,117.79,48
175488,21936,-9720.17,22.55,393.12,48
175488,21936,-899.94,26.89,67.40,48
175488,21936,-693.98,83.32,311.04,48
175488,21936,3501.39,85.09,20.37,48
175488,21936,-872.10,27.20,65.16,48
175488,21936,3528.86,85.02,14.04,48
175872,21984,2882.18,83.50,59.00,48
175872,21984,-354.62,22.76,40.63,48
175872,21984,2287.38,83.78,104.22,48
175872,21984,-2166.35,26.10,110.12,48
175872,21984,3679.61,87.89,20.86,48
175872,21984,3535.95,86.82,25.22,48
175872,21984,573.92,21.16,0.00,48
175872,21984,538.48,21.02,2.19,48
176256,22032,646.73,21.17,0.04,48
176256,22032,-5186.50,25.58,231.87,48
176256,22032,3295.25,83.97,31.72,48
176256,22032,3136.33,84.49,44.28,48
176256,22032,3846.05,87.77,9.20,48
176256,22032,4135.68,89.68,0.26,48
176256,22032,2268.95,82.70,101.93,48
176256,22032,3390.78,83.61,24.00,48
176640,22080,-4575.00,87.50,609.58,48
176640,22080,3670.10,84.20,1.39,48
176640,22080,3319.79,86.50,39.81,48
176640,22080,3612.77,83.76,3.94,48
176640,22080,568.98,21.85,2.18,48
176640,22080,1180.61,85.55,190.49,48
176640,22080,629.84,25.04,7.70,48
176640,22080,1631.02,85.69,157.08,48
177024,22128,-11381.41,19.65,454.58,48
177024,22128,-6789.11,26.46,288.62,48
177024,22128,3855.26,86.86,5.35,48
177024,22128,3694.48,87.00,16.12,48
177024,22128,881.76,86.04,211.66,48
177024,22128,705.53,23.53,0.00,48
177024,22128,3832.00,85.63,0.00,48
177024,22128,-1378.09,24.41,80.53,48
177408,22176,3822.89,85.91,3.88,48
177408,22176,3112.91,85.17,51.22,48
177408,22176,3771.36,85.46,6.13,48
177408,22176,-934.70,24.69,63.30,48
177408,22176,3907.30,88.92,6.66,48
177408,22176,3895.35,87.52,2.12,48
177408,22176,2570.26,83.30,79.15,48
177408,22176,-360.22,21.49,33.77,48
177792,22224,-3993.27,20.96,173.86,48
177792,22224,1441.69,88.05,181.04,48
177792,22224,3772.74,85.62,3.48,48
177792,22224,3687.00,85.45,5.85,48
177792,22224,3431.65,85.11,33.25,48
177792,22224,3709.34,84.45,0.79,48
177792,22224,-972.96,22.86,62.13,48
177792,22224,-635.02,20.49,46.65,48
178176,22272,708.34,24.08,0.83,48
178176,22272,-3351.23,86.32,516.64,48
178176,22272,-1913.30,87.19,416.67,48
178176,22272,3567.06,85.16,15.07,48
178176,22272,3422.55,86.61,32.03,48
178176,22272,-2495.18,24.96,125.85,48
178176,22272,3163.06,89.53,62.60,48
178176,22272,2063.57,86.44,128.78,48
178560,22320,3737.72,87.04,6.87,48
178560,22320,3636.68,86.23,13.89,48
178560,22320,1043.96,84.81,199.61,48
178560,22320,3925.36,87.00,1.77,48
178560,22320,3670.99,84.11,5.13,48
178560,22320,672.01,20.19,0.09,48
178560,22320,3346.66,88.30,44.08,48
178560,22320,3979.67,88.86,4.23,48
178944,22368,3894.23,86.55,0.18,48
178944,22368,3653.57,86.88,18.14,48
178944,22368,3164.56,83.60,34.31,48
178944,22368,-2732.25,83.82,468.11,48
178944,22368,3988.89,88.71,3.37,48
178944,22368,-5048.10,22.96,217.70,48
178944,22368,3554.50,84.58,12.90,48
178944,22368,622.46,21.42,1.87,48
179328,22416,536.08,87.52,240.22,48
179328,22416,-4442.13,22.62,190.73,48
179328,22416,-845.97,20.21,52.48,48
179328,22416,-2601.06,22.78,124.42,48
179328,22416,3530.84,87.31,24.80,48
179328,22416,3444.03,84.90,24.08,48
179328,22416,3714.08,86.43,9.73,48
179328,22416,3750.49,84.97,2.36,48
179712,22464,611.79,19.22,0.00,48
179712,22464,3656.99,86.47,9.91,48
179712,22464,305.38,26.98,19.87,48
179712,22464,3788.80,85.86,1.28,48
179712,22464,-4868.07,87.81,635.34,48
179712,22464,1995.61,86.69,135.04,48
179712,22464,87.37,21.75,22.34,48
179712,22464,29.71,27.63,32.11,48
180096,22512,3267.97,86.17,40.49,48
180096,22512,2436.12,84.13,92.64,48
180096,22512,3820.88,84.72,0.43,48
180096,22512,740.52,23.12,0.71,48
180096,22512,3784.94,84.80,0.00,48
180096,22512,3650.63,82.38,0.00,48
180096,22512,1072.89,86.92,201.70,48
180096,22512,3636.26,89.82,37.39,48
180480,22560,3763.90,85.56,5.09,48
180480,22560,3455.14,83.87,18.78,48
180480,22560,2763.17,88.61,90.45,48
180480,22560,-266.04,23.23,36.58,48
180480,22560,3676.08,89.31,24.35,48
180480,22560,3136.73,82.29,36.06,48
180480,22560,1344.24,88.99,194.21,48
180480,22560,1094.99,85.65,194.58,48
180864,22608,1233.78,87.23,195.86,48
180864,22608,396.76,23.86,12.02,48
180864,22608,2809.55,87.95,81.24,48
180864,22608,-3450.13,83.39,513.60,48
180864,22608,2724.17,87.42,84.95,48
180864,22608,3808.69,85.88,0.57,48
180864,22608,-1125.93,20.84,68.06,48
180864,22608,3707.03,85.25,7.30,48
181248,22656,2231.40,85.96,114.43,48
181248,22656,576.41,21.79,4.31,48
181248,22656,2945.08,84.46,55.60,48
181248,22656,3841.63,85.95,0.98,48
181248,22656,-2850.72,23.31,134.56,48
181248,22656,2529.05,83.37,76.08,48
181248,22656,3030.68,85.51,50.42,48
181248,22656,3896.01,86.77,0.00,48
181632,22704,-461.23,21.66,42.80,48
181632,22704,495.17,20.20,1.29,48
181632,22704,-853.26,24.14,60.57,48
181632,22704,-41.75,87.82,287.95,48
181632,22704,3125.54,84.44,44.52,48
181632,22704,3235.85,89.27,60.61,48
181632,22704,3597.78,83.41,9.25,48
181632,22704,3384.55,87.36,39.33,48
182016,22752,597.79,21.49,1.48,48
182016,22752,3742.62,83.61,0.09,48
182016,22752,832.93,87.06,220.87,48
182016,22752,3792.40,86.52,7.64,48
182016,22752,-815.99,20.91,56.26,48
182016,22752,-5200.09,25.70,228.21,48
182016,22752,3678.37,86.73,16.26,48
182016,22752,3765.54,85.30,0.85,48
182400,22800,1475.20,85.51,166.51,48
182400,22800,3472.66,86.27,27.39,48
182400,22800,200.97,26.25,23.44,48
182400,22800,264.86,21.33,14.55,48
182400,22800,3699.03,84.03,2.72,48
182400,22800,684.74,22.57,3.06,48
182400,22800,1745.66,85.64,148.18,48
182400,22800,346.85,26.55,19.24,48
182784,22848,2676.70,87.22,88.49,48
182784,22848,3858.46,85.71,0.58,48
182784,22848,3335.90,89.13,52.34,48
182784,22848,3696.61,85.91,6.21,48
182784,22848,-4389.63,23.24,193.93,48
182784,22848,3612.68,85.76,15.54,48
182784,22848,2929.89,88.51,74.81,48
182784,22848,508.00,19.00,0.19,48
183168,22896,3166.96,86.79,54.93,48
183168,22896,3790.10,85.23,0.23,48
183168,22896,2872.23,87.67,78.79,48
183168,22896,2365.32,84.32,97.87,48
183168,22896,662.61,21.89,0.00,48
183168,22896,419.99,21.36,5.65,48
183168,22896,3835.71,86.35,0.78,48
183168,22896,3370.01,85.63,33.98,48
183552,22944,3568.46,84.23,11.83,48
183552,22944,3379.51,85.74,32.49,48
183552,22944,3357.17,85.42,34.38,48
183552,22944,-4900.52,22.80,212.66,48
183552,22944,3729.03,86.25,7.15,48
183552,22944,1416.81,86.53,179.12,48
183552,22944,651.03,23.91,0.00,48
183552,22944,92.16,86.98,272.06,48
183936,22992,-832.34,88.43,347.92,48
183936,22992,-457.79,23.81,45.38,48
183936,22992,3659.34,83.83,3.10,48
183936,22992,3869.21,87.57,7.42,48
183936,22992,3657.53,87.00,18.52,48
183936,22992,3371.63,86.65,38.15,48
183936,22992,465.53,21.32,5.78,48
183936,22992,2999.98,85.50,59.85,48
184320,23040,-2807.06,21.80,131.43,48
184320,23040,1888.62,84.73,138.13,48
184320,23040,486.01,25.31,14.35,48
184320,23040,3457.42,86.43,28.07,48
184320,23040,-1304.32,21.13,72.41,48
184320,23040,-3709.06,87.07,547.20,48
184320,23040,-1132.62,85.52,350.04,48
184320,23040,323.07,21.80,11.01,48
184704,23088,-396.15,23.18,42.55,48
184704,23088,3416.21,87.56,37.08,48
184704,23088,-2292.34,26.11,116.27,48
184704,23088,-613.87,24.42,49.96,48
184704,23088,-706.80,83.58,317.51,48
184704,23088,3422.08,86.55,32.58,48
184704,23088,3585.70,87.44,26.47,48
184704,23088,2979.57,86.10,62.76,48
185088,23136,675.93,24.35,1.93,48
185088,23136,3798.82,85.92,0.00,48
185088,23136,3771.39,88.96,22.85,48
185088,23136,3952.57,87.82,0.26,48
185088,23136,-107.63,26.16,38.53,48
185088,23136,3647.17,86.49,14.72,48
185088,23136,121.50,21.10,19.07,48
185088,23136,3669.40,82.19,0.10,48
185472,23184,3109.73,86.88,59.48,48
185472,23184,3388.42,84.18,26.57,48
185472,23184,3868.33,87.00,3.72,48
185472,23184,3356.39,88.66,42.56,48
185472,23184,3785.94,88.39,12.34,48
185472,23184,4009.78,88.90,0.00,48
185472,23184,3524.01,84.62,17.41,48
185472,23184,-1034.41,23.45,68.72,48
185856,23232,2978.77,88.19,71.86,48
185856,23232,3486.62,84.21,19.06,48
185856,23232,3609.04,85.98,18.13,48
185856,23232,568.87,20.92,0.28,48
185856,23232,3640.55,86.95,16.69,48
185856,23232,270.50,25.00,16.66,48
185856,23232,-4111.36,21.21,180.74,48
185856,23232,3853.20,87.05,2.26,48
186240,23280,2437.48,87.96,110.11,48
186240,23280,3912.07,87.50,0.79,48
186240,23280,-337.93,24.14,39.24,48
186240,23280,443.12,20.70,4.56,48
186240,23280,-357.09,25.58,42.42,48
186240,23280,3865.93,86.39,0.00,48
186240,23280,-1165.62,84.24,354.98,48
186240,23280,3476.10,84.16,16.36,48
186624,23328,3702.45,83.68,0.61,48
186624,23328,3119.92,87.78,60.76,48
186624,23328,3645.06,86.79,17.09,48
186624,23328,-2733.67,20.15,127.16,48
186624,23328,3678.72,84.53,0.00,48
186624,23328,2912.35,85.09,65.37,48
186624,23328,-1416.87,84.49,373.85,48
186624,23328,-228.96,23.66,38.13,48
187008,23376,-1422.59,20.21,75.59,48
187008,23376,-405.93,26.02,48.74,48
187008,23376,3944.94,87.02,0.72,48
187008,23376,3092.22,88.41,64.59,48
187008,23376,3586.13,83.25,8.20,48
187008,23376,3763.92,84.13,0.00,48
187008,23376,3489.11,86.05,26.05,48
187008,23376,3867.70,86.35,0.33,48
187392,23424,179.56,23.15,17.98,48
187392,23424,3109.96,90.00,74.25,48
187392,23424,-3631.02,23.22,164.41,48
187392,23424,3462.46,84.93,22.97,48
187392,23424,3387.08,85.82,33.25,48
187392,23424,-2133.02,85.20,427.11,48
187392,23424,-158.01,19.96,27.46,48
187392,23424,3749.92,87.86,19.31,48
187776,23472,3471.10,85.87,30.02,48
187776,23472,3321.34,85.68,42.26,48
187776,23472,-788.74,19.90,51.74,48
187776,23472,3581.48,86.96,24.10,48
187776,23472,2186.21,86.12,120.33,48
187776,23472,1985.29,85.30,130.83,48
187776,23472,3246.90,86.74,46.41,48
187776,23472,-987.03,22.20,63.64,48
188160,23520,-3168.65,18.48,141.57,48
188160,23520,2917.50,87.49,71.17,48
188160,23520,-267.20,22.10,33.37,48
188160,23520,227.56,17.92,10.27,48
188160,23520,3659.29,85.30,8.30,48
188160,23520,1462.43,84.39,165.52,48
188160,23520,-3940.14,24.72,178.22,48
188160,23520,3643.69,85.41,17.42,48
188544,23568,3934.60,86.69,0.00,48
188544,23568,3702.83,86.35,9.43,48
188544,23568,-1718.56,26.03,95.75,48
188544,23568,2957.56,86.82,67.56,48
188544,23568,3769.02,86.38,1.26,48
188544,23568,939.88,87.29,211.51,48
188544,23568,636.91,21.26,0.00,48
188544,23568,-4819.80,23.67,207.32,48
188928,23616,2640.32,88.21,92.79,48
188928,23616,437.84,21.48,4.75,48
188928,23616,3535.26,84.38,11.14,48
188928,23616,-778.73,23.29,53.57,48
188928,23616,1595.19,83.90,154.42,48
188928,23616,-2155.28,22.55,105.85,48
188928,23616,3678.03,85.29,8.29,48
188928,23616,-1560.84,23.07,87.72,48
189312,23664,2108.12,82.85,113.05,48
189312,23664,724.65,24.31,2.90,48
189312,23664,-13589.45,23.44,540.82,48
189312,23664,2071.84,87.98,135.99,48
189312,23664,3039.99,85.56,54.27,48
189312,23664,3583.28,84.76,14.25,48
189312,23664,-854.90,23.92,64.47,48
189312,23664,3529.12,88.18,30.41,48
189696,23712,461.97,22.42,6.59,48
189696,23712,632.43,22.96,1.56,48
189696,23712,3595.16,86.04,14.53,48
189696,23712,3766.20,85.29,1.34,48
189696,23712,3870.95,88.16,6.74,48
189696,23712,393.81,19.35,4.43,48
189696,23712,3809.57,85.74,0.06,48
189696,23712,3118.25,86.48,52.20,48
190080,23760,3037.22,86.37,60.19,48
190080,23760,3590.31,82.01,1.40,48
190080,23760,-4894.99,24.02,214.85,48
190080,23760,2769.79,83.33,68.68,48
190080,23760,3856.49,86.26,0.00,48
190080,23760,294.18,23.83,16.01,48
190080,23760,3591.56,82.28,1.43,48
190080,23760,3033.56,86.96,62.57,48
190464,23808,407.31,25.44,14.62,48
190464,23808,3559.32,82.35,9.53,48
190464,23808,557.01,21.51,2.78,48
190464,23808,3793.63,85.04,4.57,48
190464,23808,3647.21,86.35,15.95,48
190464,23808,602.50,90.66,255.18,48
190464,23808,-784.09,22.38,57.79,48
190464,23808,-3811.71,24.52,174.76,48
190848,23856,-3206.32,84.46,504.48,48
190848,23856,-1895.41,28.33,102.10,48
190848,23856,755.54,85.96,220.15,48
190848,23856,3405.66,85.95,31.25,48
190848,23856,3792.74,87.06,6.52,48
190848,23856,3637.83,85.41,11.65,48
190848,23856,406.73,86.14,250.10,48
190848,23856,-3757.02,21.93,168.50,48
191232,23904,-2051.99,29.70,115.02,48
191232,23904,3025.64,83.64,48.97,48
191232,23904,17.49,28.11,30.67,48
191232,23904,1356.80,85.98,183.99,48
191232,23904,-592.92,23.05,49.40,48
191232,23904,-3583.07,22.96,160.92,48
191232,23904,624.65,21.99,1.01,48
191232,23904,3696.02,84.58,3.22,48
191616,23952,3701.58,84.99,6.21,48
191616,23952,3779.14,84.19,0.25,48
191616,23952,3837.33,85.63,0.00,48
191616,23952,1387.78,81.76,159.93,48
191616,23952,2852.49,86.94,73.14,48
191616,23952,3333.20,87.98,45.97,48
191616,23952,3542.91,86.27,21.70,48
191616,23952,730.27,21.77,0.00,48
192000,24000,2255.58,82.90,98.81,48
192000,24000,3738.45,85.45,0.05,48
192000,24000,3605.17,84.01,11.93,48
192000,24000,3937.23,86.83,0.00,48
192000,24000,3906.08,88.04,3.96,48
192000,24000,3096.06,85.96,51.18,48
192000,24000,3656.76,84.70,6.24,48
192000,24000,2223.11,84.15,109.22,48
192384,24048,3779.44,86.96,10.51,48
192384,24048,-820.20,27.73,62.04,48
192384,24048,3767.92,85.10,2.18,48
192384,24048,-184.77,24.33,32.00,48
192384,24048,3340.07,86.30,35.37,48
192384,24048,-272.29,24.94,39.29,48
192384,24048,3682.70,87.55,16.78,48
192384,24048,3755.60,83.88,0.00,48
192768,24096,597.81,19.04,0.31,48
192768,24096,3316.69,88.26,46.74,48
192768,24096,878.96,89.95,230.03,48
192768,24096,376.08,21.27,8.47,48
192768,24096,3623.77,87.94,23.21,48
192768,24096,3385.27,84.46,25.45,48
192768,24096,-6905.81,26.52,292.45,48
192768,24096,1256.56,86.16,180.49,48
193152,24144,-4827.02,22.90,209.21,48
193152,24144,3686.24,84.23,1.16,48
193152,24144,3473.31,86.28,28.39,48
193152,24144,266.23,22.89,15.94,48
193152,24144,2263.82,84.69,111.28,48
193152,24144,3847.11,86.22,0.74,48
193152,24144,3675.86,87.61,15.46,48
193152,24144,-2103.70,25.02,108.03,48
193536,24192,2457.59,84.71,95.08,48
193536,24192,887.90,85.97,215.12,48
193536,24192,674.48,22.64,0.14,48
193536,24192,1371.83,85.75,171.45,48
193536,24192,3110.52,82.98,40.12,48
193536,24192,-3999.98,21.90,178.33,48
193536,24192,2725.34,84.74,73.40,48
193536,24192,-6962.48,19.12,285.24,48
193920,24240,3834.10,86.69,1.78,48
193920,24240,1161.64,86.11,191.67,48
193920,24240,3307.46,89.34,51.21,48
193920,24240,597.67,24.45,1.93,48
193920,24240,3838.79,85.74,0.23,48
193920,24240,1736.45,85.26,146.99,48
193920,24240,3575.20,83.22,9.09,48
193920,24240,3676.69,82.88,0.00,48
194304,24288,2274.87,86.59,113.11,48
194304,24288,-1480.66,20.80,76.83,48
194304,24288,1491.01,84.07,163.64,48
194304,24288,2948.21,89.79,81.08,48
194304,24288,3727.66,84.46,0.00,48
194304,24288,-1694.14,19.27,86.35,48
194304,24288,691.06,22.99,0.01,48
194304,24288,2307.01,86.08,108.82,48
194688,24336,3441.04,87.95,37.85,48
194688,24336,3566.48,86.86,24.06,48
194688,24336,3666.92,85.34,6.11,48
194688,24336,-73.62,21.54,26.73,48
194688,24336,3269.20,88.05,48.26,48
194688,24336,3437.93,86.71,31.33,48
194688,24336,3218.61,85.05,38.69,48
194688,24336,-3211.53,20.22,143.72,48
195072,24384,3707.41,86.30,9.24,48
195072,24384,428.25,84.42,237.86,48
195072,24384,-369.14,22.18,36.27,48
195072,24384,-4215.28,26.34,189.22,48
195072,24384,2669.15,89.20,98.46,48
195072,24384,3838.10,85.42,0.32,48
195072,24384,660.07,21.10,1.33,48
195072,24384,3586.96,82.54,2.09,48
195456,24432,3258.89,87.55,51.66,48
195456,24432,1542.64,84.64,162.12,48
195456,24432,-767.60,21.17,51.04,48
195456,24432,-373.17,23.74,41.89,48
195456,24432,2638.08,83.42,76.62,48
195456,24432,-3644.39,24.20,164.64,48
195456,24432,3740.95,84.60,0.72,48
195456,24432,3709.28,84.08,3.67,48
195840,24480,-975.40,85.98,348.68,48
195840,24480,3668.44,85.29,11.57,48
195840,24480,559.77,25.21,9.76,48
195840,24480,3123.63,83.54,41.79,48
195840,24480,3527.61,85.42,16.09,48
195840,24480,4012.39,88.18,0.02,48
195840,24480,3670.12,84.74,8.27,48
195840,24480,3652.28,88.58,24.82,48
196224,24528,448.56,17.59,4.31,48
196224,24528,829.24,86.02,216.43,48
196224,24528,3382.23,90.86,57.47,48
196224,24528,3718.24,83.65,0.00,48
196224,24528,3293.25,88.51,49.72,48
196224,24528,1774.07,88.30,155.60,48
196224,24528,3545.64,84.72,14.76,48
196224,24528,3671.68,86.49,16.39,48
196608,24576,3223.41,87.77,53.52,48
196608,24576,-309.15,24.26,43.07,48
196608,24576,-3519.23,21.62,160.96,48
196608,24576,3475.43,81.61,6.86,48
196608,24576,10.02,90.70,293.27,48
196608,24576,3774.42,84.89,1.76,48
196608,24576,3836.73,87.63,7.13,48
196608,24576,3727.06,87.47,14.84,48
196992,24624,4014.38,89.12,2.11,48
196992,24624,-1267.97,85.48,355.85,48
196992,24624,764.35,22.71,0.00,48
196992,24624,-1858.44,18.43,88.94,48
196992,24624,-1781.40,87.09,403.80,48
196992,24624,586.29,22.18,2.98,48
196992,24624,1496.09,86.35,170.28,48
196992,24624,644.66,19.23,0.84,48
197376,24672,3836.74,84.88,0.32,48
197376,24672,3088.42,82.77,43.06,48
197376,24672,3733.66,84.17,1.28,48
197376,24672,3498.61,86.05,22.54,48
197376,24672,2627.31,83.39,80.49,48
197376,24672,3807.58,85.55,0.00,48
197376,24672,3697.58,88.17,19.47,48
197376,24672,1538.55,87.20,168.55,48
197760,24720,3214.18,88.94,57.31,48
197760,24720,-826.80,19.46,53.55,48
197760,24720,237.81,23.35,17.08,48
197760,24720,-1003.73,25.68,68.75,48
197760,24720,-11686.13,26.49,474.12,48
197760,24720,3985.35,88.62,4.17,48
197760,24720,3588.08,81.90,1.14,48
197760,24720,-1061.31,85.89,356.36,48
198144,24768,3689.39,84.35,3.45,48
198144,24768,4000.23,88.61,2.15,48
198144,24768,3030.69,85.97,64.20,48
198144,24768,-3257.98,24.96,151.88,48
198144,24768,3859.28,86.00,0.00,48
198144,24768,2028.16,87.92,136.91,48
198144,24768,2781.26,86.84,78.99,48
198144,24768,3422.34,83.58,17.29,48
198528,24816,-4624.62,25.01,205.64,48
198528,24816,484.64,20.80,5.63,48
198528,24816,3605.92,82.62,4.66,48
198528,24816,-1638.45,23.01,87.16,48
198528,24816,-714.93,20.19,52.61,48
198528,24816,2755.71,86.32,80.09,48
198528,24816,635.17,22.79,2.16,48
198528,24816,1336.95,86.57,183.25,48
198912,24864,3851.60,87.58,4.28,48
198912,24864,-4004.87,21.57,178.45,48
198912,24864,3784.69,85.13,0.56,48
198912,24864,512.58,21.23,8.03,48
198912,24864,-4262.39,23.41,189.36,48
198912,24864,3530.84,82.07,12.19,48
198912,24864,1744.08,88.58,161.21,48
198912,24864,3706.10,87.31,13.72,48
199296,24912,-4171.78,25.00,187.12,48
199296,24912,2849.25,86.04,74.21,48
199296,24912,543.62,21.84,6.67,48
199296,24912,-3188.17,25.99,153.36,48
199296,24912,3873.18,85.82,0.01,48
199296,24912,3694.44,87.40,16.93,48
199296,24912,579.02,24.48,7.58,48
199296,24912,-1018.43,20.58,61.15,48
199680,24960,-667.97,21.48,50.87,48
199680,24960,3635.60,81.06,0.79,48
199680,24960,3761.79,87.01,9.92,48
199680,24960,1779.91,87.03,155.13,48
199680,24960,-531.44,23.18,48.77,48
199680,24960,3858.50,86.95,0.81,48
199680,24960,3871.94,86.04,0.74,48
199680,24960,2730.39,86.20,84.36,48
200064,25008,3580.80,87.94,27.51,48
200064,25008,2277.34,86.36,117.30,48
200064,25008,3947.45,87.61,0.25,48
200064,25008,-1837.17,25.54,98.34,48
200064,25008,-4141.19,26.45,192.94,48
200064,25008,2731.72,87.21,83.36,48
200064,25008,705.97,25.47,3.06,48
200064,25008,4037.24,89.87,3.56,48
200448,25056,-67.06,21.50,29.06,48
200448,25056,-2635.28,23.54,123.96,48
200448,25056,-263.98,20.89,31.72,48
200448,25056,3137.93,84.74,44.18,48
200448,25056,3793.28,85.82,0.25,48
200448,25056,3936.33,88.68,0.31,48
200448,25056,2584.78,89.42,103.21,48
200448,25056,-1725.19,23.47,90.94,48
200832,25104,-17257.64,27.53,691.16,48
200832,25104,2922.78,88.13,76.48,48
200832,25104,3754.85,87.68,15.12,48
200832,25104,3958.53,87.90,0.00,48
200832,25104,1832.05,84.21,139.33,48
200832,25104,-3943.85,86.06,556.35,48
200832,25104,469.57,22.96,7.04,48
200832,25104,2329.48,83.57,98.20,48
201216,25152,3602.91,81.58,0.00,48
201216,25152,739.48,85.09,218.44,48
201216,25152,833.60,25.75,0.00,48
201216,25152,-3475.47,85.33,519.91,48
201216,25152,3715.38,86.37,11.02,48
201216,25152,1025.11,89.33,217.18,48
201216,25152,-1197.74,87.49,366.74,48
201216,25152,3537.59,83.36,11.61,48
201600,25200,-1697.03,23.65,92.98,48
201600,25200,3570.00,84.64,14.49,48
201600,25200,3519.12,80.84,0.00,48
201600,25200,2899.01,88.82,83.88,48
201600,25200,3916.97,87.45,3.86,48
201600,25200,670.53,20.20,0.00,48
201600,25200,3190.66,86.29,50.26,48
201600,25200,3802.59,87.91,12.11,48
201984,25248,1904.25,84.95,132.49,48
201984,25248,2976.03,86.60,66.31,48
201984,25248,3275.77,85.02,38.47,48
201984,25248,-2512.80,25.39,124.54,48
201984,25248,3803.62,87.58,8.42,48
201984,25248,3795.53,87.22,6.60,48
201984,25248,515.88,87.88,249.80,48
201984,25248,3051.55,83.68,46.62,48
202368,25296,-111.30,22.15,31.12,48
202368,25296,3205.77,87.95,57.35,48
202368,25296,3584.68,84.21,11.64,48
202368,25296,1787.36,85.49,149.81,48
202368,25296,1086.56,87.54,203.17,48
202368,25296,3217.59,87.75,54.29,48
202368,25296,3920.78,89.48,8.50,48
202368,25296,477.00,22.71,7.14,48
202752,25344,698.66,21.18,0.22,48
202752,25344,7.33,87.77,277.46,48
202752,25344,-2939.37,86.29,491.61,48
202752,25344,3819.75,86.23,6.24,48
202752,25344,-1085.27,21.21,62.92,48
202752,25344,3023.14,84.81,53.58,48
202752,25344,3841.01,86.38,2.27,48
202752,25344,-2306.27,88.28,453.14,48
203136,25392,-1108.43,22.66,66.43,48
203136,25392,3928.51,87.35,0.25,48
203136,25392,-694.71,22.25,52.10,48
203136,25392,2093.53,85.66,126.00,48
203136,25392,1823.38,84.70,134.12,48
203136,25392,2920.23,85.87,62.83,48
203136,25392,3521.18,85.45,16.81,48
203136,25392,3199.61,85.10,42.92,48
203520,25440,3852.98,86.70,3.77,48
203520,25440,477.88,22.32,4.89,48
203520,25440,3125.32,85.80,49.68,48
203520,25440,1522.16,84.84,158.63,48
203520,25440,3986.27,88.81,6.35,48
203520,25440,-1586.87,26.37,91.02,48
203520,25440,3801.93,85.93,2.09,48
203520,25440,-2141.87,18.15,100.38,48
203904,25488,-3653.43,86.02,542.20,48
203904,25488,3093.07,82.64,41.18,48
203904,25488,634.47,21.03,1.49,48
203904,25488,3708.69,87.22,17.50,48
203904,25488,4040.11,88.17,0.80,48
203904,25488,3387.12,83.11,23.98,48
203904,25488,3907.74,87.26,0.62,48
203904,25488,-214.51,21.98,34.17,48
204288,25536,2668.65,86.94,90.28,48
204288,25536,-233.18,24.49,36.06,48
204288,25536,454.62,24.08,11.22,48
204288,25536,1774.23,87.92,155.78,48
204288,25536,-63.59,22.36,28.28,48
204288,25536,3876.84,85.70,0.00,48
204288,25536,3771.19,86.90,9.66,48
204288,25536,2535.49,84.37,89.22,48
204672,25584,3959.33,87.99,0.00,48
204672,25584,1957.41,86.61,139.32,48
204672,25584,3840.95,87.36,7.00,48
204672,25584,546.75,21.98,2.27,48
204672,25584,-23.45,22.87,29.69,48
204672,25584,-168.52,21.22,30.45,48
204672,25584,3201.48,85.63,44.75,48
204672,25584,522.98,20.34,3.41,48
205056,25632,-4154.59,19.70,178.00,48
205056,25632,3400.84,86.43,40.30,48
205056,25632,3526.95,86.59,22.22,48
205056,25632,3225.05,86.31,43.62,48
205056,25632,482.52,21.79,7.12,48
205056,25632,3311.88,84.92,35.01,48
205056,25632,-2157.89,87.76,439.13,48
205056,25632,3244.48,82.90,31.86,48
205440,25680,3694.73,84.92,4.18,48
205440,25680,3943.28,88.05,0.72,48
205440,25680,-737.50,22.84,54.03,48
205440,25680,3309.62,84.08,33.16,48
205440,25680,-13831.58,23.61,551.96,48
205440,25680,2682.84,85.51,82.91,48
205440,25680,3593.92,83.44,11.78,48
205440,25680,3584.37,82.80,4.78,48
205824,25728,1445.23,87.67,178.33,48
205824,25728,2852.45,86.75,73.50,48
205824,25728,3571.23,82.74,10.17,48
205824,25728,3880.91,86.94,0.71,48
205824,25728,3295.84,86.53,41.13,48
205824,25728,-1432.03,26.60,86.07,48
205824,25728,3558.46,82.52,4.97,48
205824,25728,-12742.71,20.82,508.94,48
206208,25776,59.99,22.35,23.21,48
206208,25776,689.94,20.24,0.00,48
206208,25776,3808.46,84.88,1.48,48
206208,25776,326.47,24.14,16.47,48
206208,25776,-2803.56,20.58,130.56,48
206208,25776,1563.54,86.47,168.13,48
206208,25776,3142.18,85.03,48.01,48
206208,25776,3973.90,88.14,0.31,48
206592,25824,4010.43,88.52,1.74,48
206592,25824,3088.35,86.82,57.42,48
206592,25824,-781.89,22.88,55.85,48
206592,25824,3845.67,87.92,6.30,48
206592,25824,-457.89,21.28,40.41,48
206592,25824,3671.84,87.99,24.71,48
206592,25824,3757.29,89.46,24.71,48
206592,25824,3827.51,86.23,3.86,48
206976,25872,3122.09,87.81,61.77,48
206976,25872,3905.62,87.89,6.37,48
206976,25872,1505.06,86.37,169.81,48
206976,25872,-9875.40,24.87,407.86,48
206976,25872,-3518.91,26.92,168.19,48
206976,25872,-3249.81,19.89,146.76,48
206976,25872,94.06,21.27,19.30,48
206976,25872,3756.76,86.17,9.95,48
207360,25920,3317.57,85.15,32.74,48
207360,25920,3753.47,90.55,26.87,48
207360,25920,623.65,25.31,8.32,48
207360,25920,1530.32,82.28,154.63,48
207360,25920,3063.10,86.85,57.29,48
207360,25920,165.14,24.34,22.65,48
207360,25920,1736.51,86.39,156.46,48
207360,25920,3741.73,86.23,9.65,48
207744,25968,-1013.84,21.30,62.16,48
207744,25968,-92.94,22.72,32.42,48
207744,25968,637.89,19.53,0.00,48
207744,25968,722.39,23.64,0.38,48
207744,25968,3616.46,85.40,15.85,48
207744,25968,1812.62,84.67,140.73,48
207744,25968,1980.47,84.51,127.33,48
207744,25968,712.09,20.83,0.60,48
208128,26016,-3539.74,84.81,528.37,48
208128,26016,-1269.04,24.38,81.33,48
208128,26016,559.34,20.57,1.83,48
208128,26016,3459.75,88.11,39.76,48
208128,26016,726.30,24.02,1.46,48
208128,26016,3751.33,84.94,4.33,48
208128,26016,637.25,23.46,3.37,48
208128,26016,127.84,24.19,23.48,48
208512,26064,3958.52,89.78,12.72,48
208512,26064,3836.73,85.92,2.25,48
208512,26064,3841.65,85.15,0.00,48
208512,26064,3737.25,84.87,5.17,48
208512,26064,2534.15,82.61,84.50,48
208512,26064,2974.61,84.43,58.48,48
208512,26064,3658.17,82.81,1.44,48
208512,26064,3912.98,87.17,0.19,48
208896,26112,233.80,21.45,15.89,48
208896,26112,3926.44,88.31,0.57,48
208896,26112,2768.19,88.28,87.88,48
208896,26112,3667.60,83.67,0.78,48
208896,26112,-3552.29,25.97,166.31,48
208896,26112,-175.72,22.12,33.88,48
208896,26112,1290.26,86.12,183.97,48
208896,26112,514.30,22.15,4.98,48
209280,26160,-20.20,21.31,24.78,48
209280,26160,2156.93,86.89,123.76,48
209280,26160,3548.66,86.26,24.21,48
209280,26160,3741.39,84.01,1.31,48
209280,26160,-4912.48,23.96,217.52,48
209280,26160,1404.83,86.84,175.17,48
209280,26160,639.48,23.29,5.55,48
209280,26160,-4885.68,22.56,210.96,48
209664,26208,604.57,19.68,0.00,48
209664,26208,2619.72,86.85,91.12,48
209664,26208,-3458.06,89.54,537.38,48
209664,26208,3856.31,86.38,2.27,48
209664,26208,-1623.99,86.11,391.35,48
209664,26208,3350.40,87.68,43.59,48
209664,26208,3794.33,87.29,14.43,48
209664,26208,2920.36,87.11,67.64,48
210048,26256,2891.10,89.11,83.42,48
210048,26256,3250.53,86.62,47.57,48
210048,26256,-965.86,86.95,352.04,48
210048,26256,3934.31,88.28,1.33,48
210048,26256,-1351.99,85.51,369.89,48
210048,26256,3932.42,87.14,1.24,48
210048,26256,370.59,23.90,12.72,48
210048,26256,3251.25,83.65,33.62,48
210432,26304,3224.36,84.97,42.01,48
210432,26304,3708.94,83.30,0.83,48
210432,26304,2725.56,81.95,60.03,48
210432,26304,3614.16,86.44,18.87,48
210432,26304,3408.78,85.24,27.69,48
210432,26304,232.30,21.84,15.63,48
210432,26304,776.02,86.84,218.89,48
210432,26304,-704.73,24.22,57.70,48
210816,26352,3173.61,87.31,51.27,48
210816,26352,2778.08,85.59,73.66,48
210816,26352,3274.16,87.39,46.35,48
210816,26352,3650.27,86.17,15.74,48
210816,26352,2635.45,85.13,83.62,48
210816,26352,3280.66,83.42,27.81,48
210816,26352,-1265.40,23.17,74.45,48
210816,26352,3.97,25.46,30.35,48
211200,26400,3394.06,85.98,34.91,48
211200,26400,1884.32,86.37,145.09,48
211200,26400,412.77,22.91,12.85,48
211200,26400,3513.33,85.44,21.98,48
211200,26400,1679.14,86.89,165.18,48
211200,26400,3729.71,87.17,18.68,48
211200,26400,693.73,23.93,1.52,48
211200,26400,3548.35,81.43,7.26,48
211584,26448,1770.02,88.03,157.52,48
211584,26448,3351.15,86.36,39.24,48
211584,26448,2738.76,88.26,89.16,48
211584,26448,3060.47,86.54,58.03,48
211584,26448,290.58,19.57,9.77,48
211584,26448,3835.40,86.10,0.57,48
211584,26448,-292.30,19.39,34.25,48
211584,26448,3404.91,86.80,36.27,48
211968,26496,-1023.34,22.61,63.63,48
211968,26496,3658.81,83.29,0.57,48
211968,26496,3752.07,83.51,0.01,48
211968,26496,3797.01,85.61,1.53,48
211968,26496,-1431.85,21.14,77.34,48
211968,26496,-7687.41,21.13,317.18,48
211968,26496,3607.42,83.02,5.40,48
211968,26496,3861.40,86.45,2.11,48
212352,26544,4155.94,90.50,0.00,48
212352,26544,3813.37,85.34,0.00,48
212352,26544,3589.59,83.72,8.98,48
212352,26544,3807.42,85.73,1.37,48
212352,26544,2899.77,85.75,66.09,48
212352,26544,3438.82,85.94,27.25,48
212352,26544,3941.92,88.23,3.93,48
212352,26544,366.96,16.75,1.94,48
212736,26592,3326.64,85.80,35.32,48
212736,26592,3202.97,88.07,54.08,48
212736,26592,3856.06,86.25,0.00,48
212736,26592,45.02,20.93,22.86,48
212736,26592,507.30,25.90,13.67,48
212736,26592,-1014.39,22.21,64.53,48
212736,26592,439.69,23.61,9.39,48
212736,26592,366.24,22.29,14.22,48
213120,26640,-1316.86,19.23,71.66,48
213120,26640,3849.07,85.81,0.00,48
213120,26640,186.86,22.81,18.78,48
213120,26640,2813.71,89.25,85.17,48
213120,26640,-1096.89,23.61,68.47,48
213120,26640,3722.39,84.01,0.79,48
213120,26640,2717.81,88.42,94.14,48
213120,26640,3644.69,85.19,8.48,48
213504,26688,3612.42,82.34,0.68,48
213504,26688,3837.36,87.85,2.71,48
213504,26688,-3201.81,83.25,496.68,48
213504,26688,3929.49,88.20,0.00,48
213504,26688,3435.76,84.82,25.18,48
213504,26688,3509.69,86.58,25.73,48
213504,26688,245.00,19.11,10.88,48
213504,26688,621.88,22.52,1.43,48
213888,26736,3345.92,81.69,20.51,48
213888,26736,3318.22,84.80,35.33,48
213888,26736,-1771.98,21.10,95.05,48
213888,26736,2066.87,86.30,127.91,48
213888,26736,-1404.86,19.31,73.70,48
213888,26736,3925.14,86.97,0.43,48
213888,26736,3197.61,85.63,45.98,48
213888,26736,-3912.88,22.67,179.25,48
214272,26784,3273.88,85.81,41.46,48
214272,26784,2348.80,84.95,103.13,48
214272,26784,3859.28,85.27,0.00,48
214272,26784,1822.64,84.71,140.84,48
214272,26784,1332.53,90.31,203.64,48
214272,26784,641.30,20.58,0.10,48
214272,26784,-2151.69,88.30,435.81,48
214272,26784,548.13,19.09,0.00,48
214656,26832,-688.15,87.39,335.05,48
214656,26832,979.03,86.26,210.86,48
214656,26832,125.60,19.43,14.17,48
214656,26832,2595.14,85.21,86.83,48
214656,26832,3232.15,88.88,58.20,48
214656,26832,3660.62,84.92,4.82,48
214656,26832,2883.01,83.19,58.50,48
214656,26832,3311.97,89.13,50.03,48
215040,26880,2533.64,82.97,80.10,48
215040,26880,24.29,19.17,23.04,48
215040,26880,1809.81,85.90,146.06,48
215040,26880,3842.42,85.07,0.54,48
215040,26880,3762.38,86.70,9.10,48
215040,26880,3932.08,87.06,0.00,48
215040,26880,2637.99,87.24,94.08,48
215040,26880,734.22,88.05,229.13,48
215424,26928,-220.82,20.85,34.88,48
215424,26928,3528.55,84.65,16.57,48
215424,26928,2539.91,86.99,99.50,48
215424,26928,1228.20,85.44,188.06,48
215424,26928,3186.88,82.93,34.35,48
215424,26928,3669.44,84.51,4.44,48
215424,26928,-2877.51,24.38,137.92,48
215424,26928,3662.39,84.92,7.99,48
215808,26976,3687.58,84.60,7.04,48
215808,26976,3723.93,85.04,3.89,48
215808,26976,3243.64,87.55,51.20,48
215808,26976,3370.65,86.44,38.88,48
215808,26976,1524.38,87.51,172.62,48
215808,26976,1955.28,86.88,140.79,48
215808,26976,600.02,89.78,250.89,48
215808,26976,-1047.84,22.70,64.35,48
216192,27024,636.59,22.31,2.13,48
216192,27024,2028.45,85.28,125.12,48
216192,27024,3829.73,86.08,0.43,48
216192,27024,3920.28,86.72,0.23,48
216192,27024,3458.74,85.98,27.24,48
216192,27024,2895.26,87.32,76.17,48
216192,27024,-2142.94,87.63,438.75,48
216192,27024,3724.55,83.26,0.00,48
216576,27072,1693.28,85.85,153.62,48
216576,27072,2830.07,86.86,75.97,48
216576,27072,3257.47,83.75,35.37,48
216576,27072,-5599.44,27.15,248.77,48
216576,27072,3693.82,86.03,7.90,48
216576,27072,-1896.50,23.71,100.67,48
216576,27072,510.88,21.14,5.98,48
216576,27072,3841.90,86.08,3.54,48
216960,27120,3174.86,84.17,36.27,48
216960,27120,3502.36,85.70,30.11,48
216960,27120,3143.60,84.65,45.18,48
216960,27120,3399.97,87.32,41.27,48
216960,27120,759.37,22.73,0.66,48
216960,27120,1140.14,85.59,190.61,48
216960,27120,2334.79,89.86,124.77,48
216960,27120,3829.73,86.04,4.15,48
217344,27168,3852.86,86.24,0.00,48
217344,27168,673.08,22.94,3.66,48
217344,27168,3594.15,84.96,13.85,48
217344,27168,4139.45,90.67,0.23,48
217344,27168,43.62,24.20,25.75,48
217344,27168,1464.02,83.96,164.01,48
217344,27168,-795.20,23.69,58.29,48
217344,27168,3668.31,85.31,8.35,48
217728,27216,3784.58,84.62,0.18,48
217728,27216,-4615.51,20.12,197.29,48
217728,27216,-3890.62,22.00,172.32,48
217728,27216,3986.13,89.20,5.18,48
217728,27216,-1515.26,85.75,385.43,48
217728,27216,3681.37,83.96,6.06,48
217728,27216,3480.59,86.10,24.16,48
217728,27216,2489.19,84.80,93.13,48
218112,27264,604.81,20.63,0.95,48
218112,27264,-430.51,22.96,43.86,48
218112,27264,3771.95,85.80,6.87,48
218112,27264,2735.47,86.04,77.14,48
218112,27264,642.51,23.96,6.21,48
218112,27264,3667.09,83.60,3.63,48
218112,27264,573.55,23.56,4.29,48
218112,27264,-4718.97,86.50,619.13,48
218496,27312,1179.28,89.10,203.93,48
218496,27312,3951.00,87.90,0.05,48
218496,27312,-2321.54,90.08,461.29,48
218496,27312,-3561.51,21.85,161.77,48
218496,27312,1621.36,85.24,158.54,48
218496,27312,2483.68,86.67,99.24,48
218496,27312,-9677.14,23.71,400.12,48
218496,27312,1785.46,87.78,158.38,48
218880,27360,8.49,18.35,20.77,48
218880,27360,-3844.31,24.39,172.12,48
218880,27360,3266.52,85.06,37.93,48
218880,27360,2459.09,87.74,109.20,48
218880,27360,-4003.17,24.95,186.61,48
218880,27360,3240.03,87.64,47.75,48
218880,27360,3283.64,86.05,42.52,48
218880,27360,674.51,25.89,5.65,48
219264,27408,3736.19,84.84,1.25,48
219264,27408,3921.19,86.75,0.00,48
219264,27408,3893.57,87.96,9.04,48
219264,27408,-774.92,19.03,52.98,48
219264,27408,3535.60,81.78,2.19,48
219264,27408,3880.12,87.84,2.61,48
219264,27408,-2957.72,23.65,138.03,48
219264,27408,3437.42,87.07,33.74,48
219648,27456,540.73,86.66,237.01,48
219648,27456,-158.79,22.70,32.22,48
219648,27456,-13040.08,21.77,521.58,48
219648,27456,3474.35,81.62,9.53,48
219648,27456,-2942.40,21.79,137.46,48
219648,27456,3727.88,88.98,21.85,48
219648,27456,2390.58,85.02,97.82,48
219648,27456,3749.47,85.66,6.24,48
220032,27504,556.43,23.43,4.85,48
220032,27504,3550.77,89.33,34.47,48
220032,27504,1057.72,85.44,198.18,48
220032,27504,-2922.88,86.02,487.49,48
220032,27504,-110.73,20.18,23.84,48
220032,27504,-1729.52,24.28,91.63,48
220032,27504,3800.14,84.41,0.00,48
220032,27504,1012.01,87.78,213.24,48
220416,27552,3659.71,82.56,0.13,48
220416,27552,3837.35,85.47,0.19,48
220416,27552,535.59,26.47,14.62,48
220416,27552,518.06,18.05,0.57,48
220416,27552,3256.88,87.46,46.02,48
220416,27552,3765.24,83.40,0.00,48
220416,27552,3579.78,86.17,17.47,48
220416,27552,-6192.36,26.55,266.33,48
220800,27600,-3514.07,20.78,157.43,48
220800,27600,2840.28,87.01,74.38,48
220800,27600,2846.52,84.93,63.93,48
220800,27600,-1380.92,83.47,363.35,48
220800,27600,-96.46,24.82,33.52,48
220800,27600,413.94,18.96,0.79,48
220800,27600,4074.34,89.49,0.35,48
220800,27600,3649.24,84.26,3.52,48
221184,27648,2265.72,86.32,112.96,48
221184,27648,3879.38,87.88,6.69,48
221184,27648,723.73,22.70,0.00,48
221184,27648,1491.11,87.80,177.16,48
221184,27648,3754.62,84.15,0.71,48
221184,27648,1897.42,86.59,138.23,48
221184,27648,3720.68,87.58,14.66,48
221184,27648,3709.07,86.04,11.10,48
221568,27696,3968.95,89.32,6.45,48
221568,27696,123.98,18.58,14.86,48
221568,27696,86.44,87.57,273.77,48
221568,27696,152.57,22.41,18.17,48
221568,27696,500.33,23.72,8.61,48
221568,27696,-939.45,20.34,57.57,48
221568,27696,3820.36,86.61,4.93,48
221568,27696,-4751.27,21.86,204.80,48
221952,27744,3750.50,86.79,11.14,48
221952,27744,3742.59,83.20,0.00,48
221952,27744,-462.46,25.70,45.08,48
221952,27744,1935.17,87.30,142.77,48
221952,27744,3835.03,85.47,0.32,48
221952,27744,522.94,16.12,0.00,48
221952,27744,-1795.37,88.33,413.45,48
221952,27744,-327.89,22.50,42.44,48
222336,27792,241.91,22.05,15.95,48
222336,27792,455.75,22.09,8.34,48
222336,27792,3862.67,85.80,1.21,48
222336,27792,480.66,23.37,8.20,48
222336,27792,3487.92,85.69,21.92,48
222336,27792,3800.40,85.71,3.18,48
222336,27792,3828.06,86.64,5.41,48
222336,27792,3829.88,88.53,10.85,48
222720,27840,-770.75,22.88,56.38,48
222720,27840,565.25,19.31,0.23,48
222720,27840,663.80,22.20,0.23,48
222720,27840,3822.13,85.82,1.24,48
222720,27840,-3264.61,24.46,150.77,48
222720,27840,2502.79,86.15,100.99,48
222720,27840,3876.88,85.98,1.24,48
222720,27840,650.25,21.64,0.00,48
223104,27888,392.71,23.83,12.56,48
223104,27888,3564.63,82.19,3.24,48
223104,27888,3741.82,85.14,0.28,48
223104,27888,3555.18,84.58,18.18,48
223104,27888,2541.57,88.20,105.37,48
223104,27888,3824.75,85.76,1.29,48
223104,27888,2489.57,86.53,99.21,48
223104,27888,-3662.80,24.42,170.09,48
223488,27936,3749.07,84.90,1.64,48
223488,27936,287.24,24.06,21.37,48
223488,27936,433.53,24.19,10.61,48
223488,27936,2511.34,86.14,100.86,48
223488,27936,-13893.03,22.48,551.10,48
223488,27936,3402.56,83.15,21.59,48
223488,27936,503.02,20.69,5.23,48
223488,27936,-808.20,84.29,328.38,48
223872,27984,3662.23,84.45,2.61,48
223872,27984,3187.40,90.81,70.59,48
223872,27984,2580.50,88.01,97.32,48
223872,27984,553.69,23.60,4.14,48
223872,27984,3718.96,86.35,14.52,48
223872,27984,3622.89,86.54,18.56,48
223872,27984,1317.77,88.02,190.96,48
223872,27984,2882.49,84.43,62.99,48
224256,28032,1410.04,88.76,188.03,48
224256,28032,3096.94,86.00,54.49,48
224256,28032,-518.48,24.32,47.43,48
224256,28032,2604.71,85.16,83.38,48
224256,28032,-1429.63,24.41,80.85,48
224256,28032,2818.75,88.56,81.17,48
224256,28032,415.72,19.27,5.31,48
224256,28032,3667.39,83.52,6.45,48
224640,28080,1864.57,85.49,143.79,48
224640,28080,3404.17,87.93,37.04,48
224640,28080,3796.59,87.78,9.29,48
224640,28080,3883.51,86.37,2.51,48
224640,28080,-141.78,19.45,30.33,48
224640,28080,2586.64,84.64,84.55,48
224640,28080,3962.25,87.64,4.26,48
224640,28080,-74.36,22.97,31.50,48
225024,28128,444.26,23.68,11.56,48
225024,28128,3087.51,85.02,48.66,48
225024,28128,3561.94,85.97,23.68,48
225024,28128,1527.03,86.05,164.47,48
225024,28128,630.46,20.43,0.28,48
225024,28128,3772.60,83.82,0.10,48
225024,28128,644.32,23.10,1.70,48
225024,28128,1640.34,87.39,169.14,48
225408,28176,654.70,21.20,0.00,48
225408,28176,3560.02,88.65,34.79,48
225408,28176,3321.67,80.22,13.16,48
225408,28176,352.29,19.87,11.83,48
225408,28176,538.29,22.82,6.96,48
225408,28176,3876.25,86.86,1.34,48
225408,28176,3452.12,87.98,33.15,48
225408,28176,3515.89,87.06,31.36,48
225792,28224,-748.86,22.60,54.08,48
225792,28224,3576.15,81.27,0.47,48
225792,28224,337.14,17.96,5.25,48
225792,28224,425.46,22.15,9.55,48
225792,28224,3209.48,84.38,44.70,48
225792,28224,4100.33,89.62,0.28,48
225792,28224,3587.12,83.45,8.42,48
225792,28224,-31.82,23.52,27.90,48
226176,28272,-14041.17,22.74,560.77,48
226176,28272,728.82,21.46,0.00,48
226176,28272,3468.66,83.35,15.50,48
226176,28272,-13081.72,21.89,521.87,48
226176,28272,590.39,20.84,1.37,48
226176,28272,3876.69,86.93,3.23,48
226176,28272,3714.65,84.43,0.00,48
226176,28272,-352.86,21.70,39.73,48
226560,28320,3758.48,85.52,1.21,48
226560,28320,-2692.32,21.15,124.49,48
226560,28320,3132.19,85.31,47.54,48
226560,28320,3056.64,82.34,44.35,48
226560,28320,-4360.81,87.35,598.71,48
226560,28320,1831.32,85.81,146.20,48
226560,28320,3719.97,84.37,3.59,48
226560,28320,3830.82,86.65,3.37,48
226944,28368,3857.47,85.14,0.00,48
226944,28368,130.36,24.84,24.18,48
226944,28368,3910.76,87.99,3.20,48
226944,28368,3631.41,83.12,0.00,48
226944,28368,-592.79,21.81,45.99,48
226944,28368,3776.71,85.14,2.19,48
226944,28368,3731.37,84.59,0.79,48
226944,28368,3796.75,85.93,2.18,48
227328,28416,625.34,86.22,233.27,48
227328,28416,712.86,85.12,223.31,48
227328,28416,1647.79,86.33,155.53,48
227328,28416,3749.54,84.48,2.85,48
227328,28416,3791.04,85.34,0.10,48
227328,28416,3934.57,86.33,0.00,48
227328,28416,2909.10,85.79,66.11,48
227328,28416,3851.22,85.67,0.10,48
227712,28464,3351.87,85.34,31.63,48
227712,28464,2522.00,85.77,94.73,48
227712,28464,-1895.61,85.96,407.95,48
227712,28464,3672.58,82.08,0.00,48
227712,28464,852.86,86.45,213.21,48
227712,28464,3173.06,87.05,53.11,48
227712,28464,3106.52,84.05,46.54,48
227712,28464,3931.01,87.70,0.25,48
228096,28512,-3206.00,84.18,498.87,48
228096,28512,506.40,25.67,11.08,48
228096,28512,3588.86,87.39,27.29,48
228096,28512,1978.86,83.99,127.16,48
228096,28512,3200.24,85.78,44.63,48
228096,28512,1706.46,84.90,150.36,48
228096,28512,3935.95,86.05,0.56,48
228096,28512,3826.14,86.13,0.10,48
228480,28560,1790.92,86.13,149.96,48
228480,28560,3116.62,88.39,61.71,48
228480,28560,676.43,21.50,0.57,48
228480,28560,2416.74,86.74,107.50,48
228480,28560,41.67,21.79,25.11,48
228480,28560,3479.57,84.68,22.67,48
228480,28560,-4474.77,20.68,195.31,48
228480,28560,-2018.75,20.46,100.01,48
228864,28608,239.34,23.48,15.35,48
228864,28608,623.65,20.93,0.01,48
228864,28608,521.07,25.60,10.55,48
228864,28608,3136.16,86.56,53.12,48
228864,28608,3761.84,85.00,3.23,48
228864,28608,2594.57,85.61,90.06,48
228864,28608,-1572.04,21.64,83.26,48
228864,28608,33.74,23.71,22.19,48
229248,28656,-2731.72,22.83,129.19,48
229248,28656,-3855.17,22.67,177.24,48
229248,28656,3403.27,82.65,16.84,48
229248,28656,606.43,24.36,5.39,48
229248,28656,1022.21,88.23,210.40,48
229248,28656,1375.93,86.76,178.90,48
229248,28656,3608.26,83.18,4.52,48
229248,28656,3256.46,88.20,55.26,48
229632,28704,1757.18,84.35,144.59,48
229632,28704,807.45,24.84,0.00,48
229632,28704,2471.33,86.75,103.88,48
229632,28704,1724.35,87.86,164.34,48
229632,28704,2346.01,87.99,115.46,48
229632,28704,-1453.61,87.25,392.46,48
229632,28704,2628.91,84.74,80.81,48
229632,28704,3211.70,86.33,49.30,48
230016,28752,670.89,20.39,0.27,48
230016,28752,3776.53,86.45,4.54,48
230016,28752,3068.90,85.83,56.46,48
230016,28752,-3029.15,21.33,137.88,48
230016,28752,3353.87,85.87,32.24,48
230016,28752,3696.97,84.07,6.10,48
230016,28752,3789.51,85.87,3.66,48
230016,28752,-2360.61,23.22,116.31,48
230400,28800,2483.89,84.70,89.93,48
230400,28800,3211.76,88.16,53.16,48
230400,28800,1144.61,86.37,193.43,48
230400,28800,716.78,22.69,0.00,48
230400,28800,3936.81,87.42,2.27,48
230400,28800,3542.86,84.26,15.29,48
230400,28800,66.32,20.63,20.71,48
230400,28800,-4296.60,22.59,189.88,48
230784,28848,-1563.66,24.58,85.81,48
230784,28848,3747.16,83.78,0.33,48
230784,28848,2433.59,86.59,101.72,48
230784,28848,1496.55,88.11,177.31,48
230784,28848,2764.76,83.95,72.17,48
230784,28848,3690.16,83.12,2.57,48
230784,28848,3654.56,82.66,2.81,48
230784,28848,-1958.65,22.41,100.20,48
231168,28896,544.08,18.84,0.00,48
231168,28896,3789.86,86.56,10.33,48
231168,28896,591.53,23.49,2.72,48
231168,28896,280.01,21.18,12.12,48
231168,28896,293.45,26.18,23.41,48
231168,28896,3803.83,84.94,0.47,48
231168,28896,2743.57,86.94,83.69,48
231168,28896,2635.26,84.73,81.25,48
231552,28944,3479.11,86.68,31.54,48
231552,28944,553.86,19.50,0.35,48
231552,28944,1767.93,83.34,131.77,48
231552,28944,2233.91,83.14,101.85,48
231552,28944,381.52,86.99,252.59,48
231552,28944,2074.93,84.40,118.72,48
231552,28944,599.01,22.12,1.01,48
231552,28944,3753.59,82.57,0.00,48
231936,28992,-1800.37,88.14,414.72,48
231936,28992,726.26,22.24,0.72,48
231936,28992,3953.20,88.07,0.00,48
231936,28992,3461.47,84.62,26.20,48
231936,28992,-12595.94,21.58,504.32,48
231936,28992,1888.75,81.78,124.29,48
231936,28992,-6078.59,26.76,265.99,48
231936,28992,3630.85,81.93,2.15,48
232320,29040,3805.45,86.02,7.57,48
232320,29040,-5666.41,25.69,246.35,48
232320,29040,1420.10,84.78,165.03,48
232320,29040,3730.23,83.71,4.47,48
232320,29040,-245.24,21.21,33.27,48
232320,29040,-2862.47,22.60,133.57,48
232320,29040,762.76,22.96,0.01,48
232320,29040,324.31,22.26,10.85,48
232704,29088,-2206.87,23.94,114.93,48
232704,29088,3649.53,84.62,6.48,48
232704,29088,3835.35,85.45,0.80,48
232704,29088,4017.44,89.69,0.78,48
232704,29088,3452.21,86.35,31.21,48
232704,29088,61.56,22.77,27.91,48
232704,29088,3325.45,82.52,25.73,48
232704,29088,374.15,21.59,9.90,48
233088,29136,688.20,22.89,1.57,48
233088,29136,-2127.09,17.70,99.17,48
233088,29136,3597.71,85.05,13.87,48
233088,29136,3884.00,85.70,0.26,48
233088,29136,-4504.10,22.92,196.67,48
233088,29136,3526.56,84.56,20.27,48
233088,29136,3679.15,86.82,13.73,48
233088,29136,2017.91,89.36,142.78,48
233472,29184,1658.03,85.62,150.48,48
233472,29184,680.30,22.34,1.49,48
233472,29184,2110.16,85.75,127.36,48
233472,29184,-2460.49,24.00,120.73,48
233472,29184,3132.22,87.51,60.42,48
233472,29184,3844.03,87.22,7.70,48
233472,29184,610.32,22.18,0.10,48
233472,29184,489.93,18.45,2.23,48
233856,29232,3866.25,86.49,2.28,48
233856,29232,3813.75,86.01,1.70,48
233856,29232,3525.73,84.40,17.58,48
233856,29232,3811.56,85.40,5.75,48
233856,29232,662.91,20.71,0.00,48
233856,29232,3802.69,86.88,7.15,48
233856,29232,3815.60,86.33,1.94,48
233856,29232,4075.27,90.39,8.10,48
234240,29280,-1714.92,22.61,92.76,48
234240,29280,3455.44,84.43,26.37,48
234240,29280,3591.18,81.86,0.00,48
234240,29280,3129.80,87.34,60.73,48
234240,29280,3804.27,88.09,12.39,48
234240,29280,471.24,19.28,4.99,48
234240,29280,597.01,23.32,5.17,48
234240,29280,-2802.02,27.48,136.84,48
234624,29328,3816.21,88.00,14.09,48
234624,29328,3717.51,86.10,12.69,48
234624,29328,3877.45,86.28,2.16,48
234624,29328,-1510.40,24.32,81.27,48
234624,29328,510.93,23.48,9.97,48
234624,29328,3546.89,86.35,24.94,48
234624,29328,3676.28,85.28,10.62,48
234624,29328,-12128.25,27.77,490.69,48
235008,29376,3467.03,83.92,24.66,48
235008,29376,3921.35,86.51,0.01,48
235008,29376,587.75,19.64,0.18,48
235008,29376,3741.03,86.06,9.62,48
235008,29376,3794.20,85.01,3.23,48
235008,29376,3865.77,85.79,0.43,48
235008,29376,3691.14,82.96,0.00,48
235008,29376,3847.25,86.91,1.56,48
235392,29424,2297.52,86.08,110.52,48
235392,29424,-3038.14,19.95,134.82,48
235392,29424,2023.46,89.89,145.70,48
235392,29424,-1286.86,19.29,73.22,48
235392,29424,493.35,18.63,3.65,48
235392,29424,-1508.19,22.22,83.88,48
235392,29424,3160.44,84.25,42.36,48
235392,29424,3911.72,85.71,0.00,48
235776,29472,3828.49,88.09,11.15,48
235776,29472,676.18,22.45,0.00,48
235776,29472,3786.77,84.75,2.30,48
235776,29472,3727.01,84.54,3.34,48
235776,29472,-10657.15,27.17,437.62,48
235776,29472,278.02,20.69,13.34,48
235776,29472,-2349.21,21.64,115.22,48
235776,29472,3263.05,83.57,28.69,48
236160,29520,-4356.73,24.30,191.83,48
236160,29520,2838.59,83.96,64.47,48
236160,29520,3823.65,85.08,0.26,48
236160,29520,-1149.18,27.24,77.76,48
236160,29520,3234.83,86.33,43.20,48
236160,29520,1514.28,85.72,166.50,48
236160,29520,3652.72,86.68,17.07,48
236160,29520,3827.56,87.42,8.33,48
236544,29568,3258.41,85.28,43.58,48
236544,29568,3738.21,84.44,2.65,48
236544,29568,3992.36,88.47,0.78,48
236544,29568,-4528.72,87.54,610.03,48
236544,29568,1633.99,85.78,153.50,48
236544,29568,2363.55,85.56,109.68,48
236544,29568,3456.62,83.06,16.96,48
236544,29568,156.80,21.80,20.20,48
236928,29616,1697.04,88.17,160.87,48
236928,29616,503.75,22.23,9.16,48
236928,29616,325.65,86.49,250.78,48
236928,29616,-554.47,24.81,49.54,48
236928,29616,3869.97,87.34,5.00,48
236928,29616,-9885.59,23.57,404.42,48
236928,29616,3949.29,87.52,0.25,48
236928,29616,-1456.94,21.45,81.72,48
237312,29664,2425.68,85.46,103.24,48
237312,29664,3959.91,87.06,0.00,48
237312,29664,702.45,21.71,0.72,48
237312,29664,-3416.76,20.18,152.00,48
237312,29664,-670.17,21.07,47.77,48
237312,29664,383.73,19.40,7.13,48
237312,29664,190.00,22.85,18.21,48
237312,29664,78.37,18.18,17.00,48
237696,29712,3993.07,88.58,0.66,48
237696,29712,524.57,24.71,6.79,48
237696,29712,3554.26,85.50,13.22,48
237696,29712,3634.79,83.97,3.25,48
237696,29712,2265.48,87.04,119.18,48
237696,29712,3510.75,83.40,14.67,48
237696,29712,3616.56,86.24,18.97,48
237696,29712,-704.43,24.40,54.06,48
238080,29760,590.92,19.10,0.00,48
238080,29760,662.47,21.19,1.17,48
238080,29760,-2188.56,23.32,109.18,48
238080,29760,-2947.24,18.23,133.50,48
238080,29760,-2443.48,22.83,118.96,48
238080,29760,3918.77,86.95,0.47,48
238080,29760,2165.52,84.10,115.76,48
238080,29760,3280.16,83.82,29.92,48
238464,29808,2957.57,87.93,72.63,48
238464,29808,-826.90,20.24,53.56,48
238464,29808,-3670.83,24.23,167.00,48
238464,29808,3336.63,89.31,48.10,48
238464,29808,3827.54,85.98,0.83,48
238464,29808,3534.90,84.12,18.10,48
238464,29808,1325.15,86.34,181.39,48
238464,29808,667.82,87.04,237.20,48
238848,29856,2747.89,86.14,79.22,48
238848,29856,2129.80,86.52,127.04,48
238848,29856,753.32,22.43,0.00,48
238848,29856,726.70,25.89,5.37,48
238848,29856,3849.21,86.02,1.53,48
238848,29856,3497.62,85.41,26.34,48
238848,29856,1185.80,85.00,190.84,48
238848,29856,3782.62,84.72,0.82,48
239232,29904,2135.18,85.20,120.54,48
239232,29904,3406.53,86.99,39.09,48
239232,29904,2469.39,85.59,97.83,48
239232,29904,-280.72,23.44,37.27,48
239232,29904,2837.96,88.11,81.21,48
239232,29904,-221.55,21.82,32.54,48
239232,29904,2876.73,86.73,74.11,48
239232,29904,3427.38,87.17,29.86,48
239616,29952,1226.48,87.06,192.36,48
239616,29952,-366.79,21.30,38.60,48
239616,29952,-3413.15,87.20,525.39,48
239616,29952,484.57,19.32,1.54,48
239616,29952,-1002.32,19.46,59.29,48
239616,29952,2043.65,83.72,118.30,48
239616,29952,3738.36,85.27,3.23,48
239616,29952,3554.56,81.99,4.17,48
240000,30000,3437.17,82.81,18.10,48
240000,30000,2968.15,83.88,52.18,48
240000,30000,500.84,24.06,7.83,48
240000,30000,655.59,22.18,0.31,48
240000,30000,3896.56,86.73,0.00,48
240000,30000,-2896.67,18.66,130.06,48
240000,30000,3799.63,85.09,0.28,48
240000,30000,3770.84,83.84,0.00,48
240384,30048,-3573.52,86.49,537.36,48
240384,30048,3338.95,87.57,48.03,48
240384,30048,3873.73,87.17,2.41,48
240384,30048,-1326.24,86.76,378.76,48
240384,30048,3460.99,84.39,22.66,48
240384,30048,3584.89,87.47,26.49,48
240384,30048,-762.31,87.65,340.37,48
240384,30048,-4458.72,23.83,194.73,48
240768,30096,1768.20,86.95,151.27,48
240768,30096,3567.54,83.04,11.88,48
240768,30096,3310.35,86.40,40.70,48
240768,30096,3759.55,84.03,2.37,48
240768,30096,2326.81,87.77,118.82,48
240768,30096,539.08,22.11,2.89,48
240768,30096,717.68,22.51,1.90,48
240768,30096,581.64,18.93,0.28,48
241152,30144,462.07,16.19,0.74,48
241152,30144,654.83,21.74,0.35,48
241152,30144,3008.91,85.65,58.60,48
241152,30144,-250.20,22.77,37.29,48
241152,30144,1842.11,82.44,128.53,48
241152,30144,1757.88,84.93,145.53,48
241152,30144,2524.22,83.20,84.13,48
241152,30144,4081.40,89.41,0.18,48
241536,30192,3877.86,86.46,3.40,48
241536,30192,3929.30,87.64,0.68,48
241536,30192,-161.76,22.29,31.53,48
241536,30192,1656.17,86.13,157.71,48
241536,30192,2094.66,83.76,117.00,48
241536,30192,534.78,18.80,0.32,48
241536,30192,3287.05,84.13,31.77,48
241536,30192,3648.82,82.16,0.09,48
241920,30240,3731.22,85.55,6.39,48
241920,30240,-942.88,84.81,345.49,48
241920,30240,2505.19,85.27,86.20,48
241920,30240,-4896.21,24.00,212.92,48
241920,30240,-2787.07,25.92,136.12,48
241920,30240,3803.95,91.41,27.38,48
241920,30240,3318.06,86.59,46.27,48
241920,30240,574.16,20.28,0.83,48
242304,30288,151.72,22.13,20.22,48
242304,30288,2773.78,87.87,84.89,48
242304,30288,2240.76,87.83,123.25,48
242304,30288,-119.96,20.24,27.02,48
242304,30288,-1454.48,84.80,377.91,48
242304,30288,813.21,24.51,0.92,48
242304,30288,683.31,22.33,0.57,48
242304,30288,1532.59,82.62,149.32,48
242688,30336,-133.00,23.99,30.30,48
242688,30336,3887.62,86.42,0.69,48
242688,30336,3552.35,82.86,7.39,48
242688,30336,4042.39,88.29,0.32,48
242688,30336,3735.08,85.67,10.62,48
242688,30336,3393.28,83.86,24.72,48
242688,30336,3729.05,85.68,10.12,48
242688,30336,-1523.44,18.42,76.39,48
243072,30384,-926.32,23.19,62.66,48
243072,30384,3815.05,85.30,3.35,48
243072,30384,-1241.96,23.44,76.65,48
243072,30384,288.98,85.63,253.53,48
243072,30384,526.75,16.76,0.00,48
243072,30384,58.66,21.67,24.50,48
243072,30384,2760.96,88.34,86.69,48
243072,30384,1186.31,87.27,196.04,48
243456,30432,-1529.17,24.63,82.74,48
243456,30432,3289.04,84.86,36.24,48
243456,30432,3109.72,85.44,47.56,48
243456,30432,3358.22,83.90,25.99,48
243456,30432,749.05,24.50,0.95,48
243456,30432,3529.12,87.79,27.03,48
243456,30432,2302.56,82.26,98.19,48
243456,30432,-406.18,20.07,38.44,48
243840,30480,1133.40,85.82,190.30,48
243840,30480,3797.95,85.76,4.77,48
243840,30480,624.60,22.51,2.18,48
243840,30480,3615.29,89.19,35.13,48
243840,30480,-3906.01,22.92,174.26,48
243840,30480,1850.72,82.94,132.49,48
243840,30480,-1707.69,86.01,401.72,48
243840,30480,3984.54,87.82,0.00,48
244224,30528,1302.14,83.02,169.42,48
244224,30528,3778.44,85.23,0.18,48
244224,30528,-4623.24,21.73,200.00,48
244224,30528,3895.23,87.22,1.28,48
244224,30528,2766.17,85.36,78.03,48
244224,30528,3162.59,81.98,35.49,48
244224,30528,3771.47,84.30,0.02,48
244224,30528,3844.37,87.42,3.31,48
244608,30576,3431.81,87.74,42.17,48
244608,30576,3760.14,85.17,1.83,48
244608,30576,-576.49,22.53,50.72,48
244608,30576,3731.23,84.50,0.00,48
244608,30576,2652.72,86.15,84.95,48
244608,30576,1.78,23.64,26.10,48
244608,30576,3365.92,86.41,34.77,48
244608,30576,1750.47,83.68,139.04,48
244992,30624,328.08,24.41,17.64,48
244992,30624,2582.48,86.85,91.15,48
244992,30624,-3194.90,23.77,148.38,48
244992,30624,3810.12,86.17,3.42,48
244992,30624,627.88,87.30,240.31,48
244992,30624,3998.73,88.55,0.78,48
244992,30624,1605.20,85.47,158.36,48
244992,30624,-3027.21,25.46,146.21,48
245376,30672,3979.65,90.20,9.04,48
245376,30672,3059.65,85.37,51.00,48
245376,30672,790.88,85.74,217.64,48
245376,30672,-4894.20,22.64,212.23,48
245376,30672,-302.74,22.77,36.02,48
245376,30672,693.82,21.99,0.00,48
245376,30672,3484.90,83.85,19.37,48
245376,30672,3744.47,84.46,4.91,48
245760,30720,2677.32,86.12,87.04,48
245760,30720,2712.07,84.03,72.83,48
245760,30720,438.85,87.18,247.23,48
245760,30720,191.18,20.97,17.20,48
245760,30720,2050.58,87.82,138.25,48
245760,30720,2727.35,79.99,54.08,48
245760,30720,494.23,20.17,1.70,48
245760,30720,3335.55,83.57,30.36,48
246144,30768,288.51,22.45,14.92,48
246144,30768,807.23,24.15,0.62,48
246144,30768,-3369.23,25.18,157.38,48
246144,30768,3620.23,83.04,2.19,48
246144,30768,2044.41,82.56,111.69,48
246144,30768,2613.39,86.61,92.01,48
246144,30768,71.12,24.05,24.58,48
246144,30768,-10953.00,19.02,440.60,48
246528,30816,3781.33,85.49,3.36,48
246528,30816,3566.89,83.69,12.61,48
246528,30816,3748.01,82.99,0.00,48
246528,30816,3775.53,85.50,4.84,48
246528,30816,3758.89,84.58,0.00,48
246528,30816,3305.58,88.45,52.48,48
246528,30816,3864.21,86.49,0.43,48
246528,30816,-1075.53,22.95,69.70,48
246912,30864,3752.95,83.97,1.42,48
246912,30864,3825.61,86.00,4.37,48
246912,30864,242.10,23.36,17.45,48
246912,30864,2999.73,83.79,51.57,48
246912,30864,2718.83,88.64,93.45,48
246912,30864,3375.27,84.64,31.19,48
246912,30864,3921.87,87.19,1.00,48
246912,30864,3756.92,85.22,3.37,48
247296,30912,3731.75,83.51,0.00,48
247296,30912,3380.83,83.50,19.86,48
247296,30912,1886.32,85.84,136.82,48
247296,30912,-97.71,22.32,30.28,48
247296,30912,3613.86,85.57,19.53,48
247296,30912,-2008.50,21.89,103.19,48
247296,30912,3660.95,83.07,3.35,48
247296,30912,-2482.42,20.91,121.93,48
247680,30960,-1190.37,21.52,71.18,48
247680,30960,3848.57,87.25,4.57,48
247680,30960,3852.25,85.68,1.63,48
247680,30960,3509.87,87.30,31.33,48
247680,30960,2696.13,84.57,76.37,48
247680,30960,2927.24,85.99,72.28,48
247680,30960,3041.94,85.11,56.84,48
247680,30960,3599.66,85.46,18.18,48
248064,31008,3795.63,86.94,5.67,48
248064,31008,618.67,19.52,1.19,48
248064,31008,2704.75,87.45,86.92,48
248064,31008,1900.27,88.32,149.86,48
248064,31008,-1511.74,85.37,381.66,48
248064,31008,-3185.05,23.23,150.89,48
248064,31008,-4299.87,25.57,190.30,48
248064,31008,3737.01,83.79,1.12,48
248448,31056,3729.83,84.22,3.50,48
248448,31056,-8922.82,21.57,366.53,48
248448,31056,2844.76,84.08,64.37,48
248448,31056,657.95,22.51,0.84,48
248448,31056,3845.08,85.74,0.87,48
248448,31056,3302.18,86.27,42.32,48
248448,31056,3313.65,88.40,48.55,48
248448,31056,2588.63,85.28,84.27,48
248832,31104,3699.86,84.86,6.69,48
248832,31104,2109.78,85.22,123.21,48
248832,31104,1955.96,84.51,135.20,48
248832,31104,-2780.17,20.27,127.48,48
248832,31104,3679.36,83.84,0.00,48
248832,31104,3812.66,85.39,3.03,48
248832,31104,3642.67,83.26,3.41,48
248832,31104,1491.20,87.75,173.40,48
249216,31152,-7067.41,26.70,300.66,48
249216,31152,1773.71,88.29,161.08,48
249216,31152,666.43,20.99,2.18,48
249216,31152,3549.87,84.92,17.89,48
249216,31152,3312.71,84.43,34.01,48
249216,31152,-3925.26,21.69,174.17,48
249216,31152,-1107.21,20.61,64.28,48
249216,31152,2139.02,86.67,125.35,48
249600,31200,2740.70,87.96,83.85,48
249600,31200,-596.22,20.38,41.79,48
249600,31200,1848.94,88.32,153.63,48
249600,31200,551.80,16.86,0.76,48
249600,31200,691.61,20.24,0.00,48
249600,31200,3708.98,84.61,1.26,48
249600,31200,3173.50,88.93,61.70,48
249600,31200,-339.65,22.74,39.00,48
249984,31248,3333.09,83.91,25.23,48
249984,31248,1834.59,84.02,135.72,48
249984,31248,1329.65,86.35,184.14,48
249984,31248,-1307.23,25.05,77.88,48
249984,31248,826.97,25.90,0.00,48
249984,31248,3197.41,84.59,38.78,48
249984,31248,-402.31,18.87,36.09,48
249984,31248,-1390.25,21.77,73.67,48
250368,31296,705.43,20.08,0.23,48
250368,31296,3233.46,89.19,59.73,48
250368,31296,3253.94,86.82,48.62,48
250368,31296,3463.15,83.22,16.92,48
250368,31296,1842.85,85.97,143.99,48
250368,31296,3815.37,84.14,0.01,48
250368,31296,3975.43,88.36,1.34,48
250368,31296,385.97,20.28,8.18,48
250752,31344,3694.43,89.32,24.39,48
250752,31344,682.46,19.27,0.00,48
250752,31344,2162.21,83.76,111.63,48
250752,31344,-4189.96,22.55,181.56,48
250752,31344,2838.01,87.75,78.12,48
250752,31344,3644.68,84.49,9.94,48
250752,31344,3048.78,87.47,64.04,48
250752,31344,-3391.15,23.88,157.40,48
251136,31392,3950.96,89.99,9.59,48
251136,31392,-5215.47,23.15,227.08,48
251136,31392,688.60,21.51,0.83,48
251136,31392,3293.78,85.77,34.96,48
251136,31392,3823.60,86.11,2.69,48
251136,31392,177.71,23.71,20.25,48
251136,31392,3752.67,85.08,0.72,48
251136,31392,632.53,18.84,0.09,48
251520,31440,604.52,18.75,0.19,48
251520,31440,-606.44,22.98,49.34,48
251520,31440,-492.72,18.81,35.99,48
251520,31440,1097.13,83.22,186.84,48
251520,31440,-2291.75,22.46,114.85,48
251520,31440,-1822.06,25.56,97.78,48
251520,31440,141.95,22.81,20.48,48
251520,31440,-2456.90,19.37,115.20,48
251904,31488,548.92,21.12,0.81,48
251904,31488,3605.55,85.76,11.69,48
251904,31488,3535.56,84.47,15.76,48
251904,31488,1677.88,85.30,150.89,48
251904,31488,2908.63,86.12,67.20,48
251904,31488,4090.17,89.35,0.18,48
251904,31488,3601.61,84.97,10.74,48
251904,31488,2478.34,83.81,92.43,48
252288,31536,3776.80,85.84,1.43,48
252288,31536,3819.20,85.66,0.00,48
252288,31536,1904.00,86.55,143.19,48
252288,31536,3551.26,81.71,4.36,48
252288,31536,3077.21,83.69,45.82,48
252288,31536,3778.57,84.71,0.88,48
252288,31536,-754.63,22.47,59.53,48
252288,31536,3709.98,84.31,0.85,48
252672,31584,3893.85,87.90,7.69,48
252672,31584,546.13,86.27,236.72,48
252672,31584,3934.54,87.90,1.31,48
252672,31584,614.17,25.36,6.70,48
252672,31584,762.06,23.91,0.88,48
252672,31584,-3188.61,83.93,500.26,48
252672,31584,-500.08,21.22,44.27,48
252672,31584,515.23,22.90,10.56,48
253056,31632,1260.39,85.97,185.91,48
253056,31632,-8813.28,21.64,357.69,48
253056,31632,2987.18,83.30,47.83,48
253056,31632,-1466.59,26.03,85.86,48
253056,31632,3434.76,86.44,32.50,48
253056,31632,3766.67,84.42,0.31,48
253056,31632,3313.11,88.46,48.89,48
253056,31632,3804.52,85.82,0.10,48
253440,31680,-3139.97,24.60,146.39,48
253440,31680,3810.42,85.52,1.62,48
253440,31680,2832.80,87.25,80.01,48
253440,31680,2984.14,86.38,66.48,48
253440,31680,-12904.66,20.65,511.12,48
253440,31680,3964.55,87.03,0.18,48
253440,31680,16.56,18.16,19.27,48
253440,31680,3510.05,87.11,29.96,48
253824,31728,-9664.98,22.26,392.92,48
253824,31728,3957.85,88.12,3.01,48
253824,31728,2153.53,86.74,126.42,48
253824,31728,1716.64,85.42,153.05,48
253824,31728,2521.84,85.53,96.21,48
253824,31728,413.77,23.54,13.36,48
253824,31728,3504.00,83.88,15.66,48
253824,31728,-4703.76,25.06,207.89,48
254208,31776,-12837.29,21.40,511.59,48
254208,31776,-1300.51,85.57,363.89,48
254208,31776,3929.26,87.22,1.48,48
254208,31776,3900.72,86.62,0.56,48
254208,31776,-2658.43,23.12,127.40,48
254208,31776,3805.29,86.05,0.76,48
254208,31776,2874.72,87.19,73.80,48
254208,31776,3890.88,87.08,0.01,48
254592,31824,3779.87,85.11,0.39,48
254592,31824,3434.88,86.63,32.78,48
254592,31824,-277.67,20.68,35.56,48
254592,31824,-583.10,26.04,53.36,48
254592,31824,3551.08,84.71,19.03,48
254592,31824,3996.66,88.77,2.43,48
254592,31824,698.09,23.18,1.21,48
254592,31824,3671.19,84.37,10.33,48
254976,31872,3740.99,87.58,12.72,48
254976,31872,593.52,20.83,1.37,48
254976,31872,2302.76,89.98,129.85,48
254976,31872,842.50,85.02,211.01,48
254976,31872,3805.75,85.05,0.00,48
254976,31872,3613.48,86.13,19.41,48
254976,31872,3659.84,85.83,17.05,48
254976,31872,3813.72,84.78,0.88,48
255360,31920,-13257.98,22.18,527.73,48
255360,31920,3313.74,84.62,34.11,48
255360,31920,449.00,17.96,3.33,48
255360,31920,534.86,19.85,0.01,48
255360,31920,308.11,22.23,13.94,48
255360,31920,333.88,22.34,18.46,48
255360,31920,3597.20,84.37,9.76,48
255360,31920,-6605.97,25.77,280.90,48
255744,31968,2843.21,85.13,68.26,48
255744,31968,3991.84,89.55,8.43,48
255744,31968,2684.43,85.12,80.67,48
255744,31968,3798.62,85.42,1.56,48
255744,31968,581.46,21.01,2.73,48
255744,31968,3814.14,85.69,4.35,48
255744,31968,1711.01,83.14,143.65,48
255744,31968,-1524.10,86.90,390.08,48
256128,32016,-1538.90,24.26,87.65,48
256128,32016,3320.54,85.30,32.44,48
256128,32016,3943.88,86.86,1.86,48
256128,32016,3772.34,86.63,3.06,48
256128,32016,1379.94,86.55,177.56,48
256128,32016,2851.44,85.27,70.09,48
256128,32016,3325.15,87.49,41.10,48
256128,32016,655.80,20.97,0.61,48
256512,32064,3671.65,82.58,0.00,48
256512,32064,742.48,23.80,0.00,48
256512,32064,3589.07,86.87,25.16,48
256512,32064,637.62,25.11,3.65,48
256512,32064,3432.15,87.25,37.39,48
256512,32064,2228.10,87.36,120.91,48
256512,32064,1160.14,83.90,186.67,48
256512,32064,552.49,19.84,1.01,48
256896,32112,3171.82,82.97,33.15,48
256896,32112,-9399.52,23.92,387.79,48
256896,32112,3117.99,85.61,52.73,48
256896,32112,2830.30,87.57,79.19,48
256896,32112,3726.58,85.66,12.23,48
256896,32112,2691.95,85.32,73.77,48
256896,32112,3433.11,86.91,34.33,48
256896,32112,3538.07,85.32,19.61,48
257280,32160,3677.04,86.22,16.39,48
257280,32160,3759.83,85.05,4.66,48
257280,32160,3274.82,85.45,41.64,48
257280,32160,3441.29,81.74,12.51,48
257280,32160,3959.07,87.99,0.71,48
257280,32160,3691.00,86.21,8.83,48
257280,32160,3597.11,81.29,0.00,48
257280,32160,3372.71,83.73,22.47,48
257664,32208,3354.09,83.43,23.65,48
257664,32208,3288.97,85.59,36.78,48
257664,32208,3444.21,88.71,42.93,48
257664,32208,1427.46,85.95,175.79,48
257664,32208,3631.53,87.55,24.17,48
257664,32208,2934.69,85.34,62.13,48
257664,32208,2688.08,83.19,72.46,48
257664,32208,1203.49,84.82,186.64,48
258048,32256,-561.65,21.36,46.05,48
258048,32256,3944.80,88.60,2.65,48
258048,32256,592.16,18.61,0.00,48
258048,32256,3795.06,86.42,7.00,48
258048,32256,645.82,22.56,1.37,48
258048,32256,3527.10,84.99,17.72,48
258048,32256,948.61,85.19,206.75,48
258048,32256,3753.43,87.79,15.37,48
258432,32304,2527.23,86.82,97.89,48
258432,32304,373.76,22.22,11.96,48
258432,32304,-17477.70,27.51,700.23,48
258432,32304,3854.53,86.80,2.34,48
258432,32304,-1230.92,21.93,73.46,48
258432,32304,165.22,26.19,20.89,48
258432,32304,3026.29,82.86,49.14,48
258432,32304,604.85,86.76,241.20,48
258816,32352,3846.56,86.20,0.00,48
258816,32352,3571.86,82.04,4.35,48
258816,32352,3370.36,85.64,31.21,48
258816,32352,-2406.45,20.57,114.42,48
258816,32352,1610.87,83.40,153.41,48
258816,32352,3682.37,82.63,2.69,48
258816,32352,3821.37,85.49,0.00,48
258816,32352,740.82,22.32,0.66,48
259200,32400,214.65,21.52,14.70,48
259200,32400,-2171.32,26.05,111.75,48
259200,32400,719.70,23.36,1.63,48
259200,32400,-11898.83,21.00,477.10,48
259200,32400,830.64,85.30,211.08,48
259200,32400,3534.77,85.18,18.76,48
259200,32400,915.93,84.69,207.40,48
259200,32400,3809.17,85.79,1.28,48
259584,32448,3137.34,86.91,55.50,48
259584,32448,2692.50,85.40,81.18,48
259584,32448,-2127.29,18.07,100.69,48
259584,32448,-989.57,21.17,60.02,48
259584,32448,3268.55,82.30,28.04,48
259584,32448,3487.00,85.14,22.25,48
259584,32448,2878.51,85.92,72.12,48
259584,32448,3932.01,87.51,0.05,48
259968,32496,651.30,23.65,2.26,48
259968,32496,3290.12,82.67,23.31,48
259968,32496,-588.07,23.37,48.33,48
259968,32496,518.18,19.80,2.36,48
259968,32496,-987.67,22.50,61.94,48
259968,32496,3722.80,83.43,0.19,48
259968,32496,3835.25,85.91,1.22,48
259968,32496,-1166.83,86.19,358.37,48
260352,32544,-4923.08,25.36,217.45,48
260352,32544,388.60,87.80,254.35,48
260352,32544,3675.27,86.45,12.53,48
260352,32544,349.23,26.16,20.52,48
260352,32544,3828.11,85.96,0.00,48
260352,32544,3777.45,85.31,1.01,48
260352,32544,943.91,89.15,220.59,48
260352,32544,3767.62,86.38,6.56,48
260736,32592,3461.27,85.89,25.40,48
260736,32592,-2212.05,20.90,107.29,48
260736,32592,-1087.59,25.28,71.61,48
260736,32592,877.71,85.21,210.97,48
260736,32592,598.30,25.33,7.74,48
260736,32592,3361.49,85.29,28.09,48
260736,32592,3607.49,86.44,21.11,48
260736,32592,-2757.67,84.67,463.93,48
261120,32640,3217.65,88.19,54.27,48
261120,32640,2873.14,88.34,79.38,48
261120,32640,-1221.60,21.59,70.19,48
261120,32640,162.24,26.23,24.21,48
261120,32640,3575.03,83.47,8.66,48
261120,32640,-4415.20,21.75,191.69,48
261120,32640,460.26,22.66,8.67,48
261120,32640,3598.56,85.70,16.42,48
261504,32688,672.40,86.86,233.01,48
261504,32688,3644.53,82.88,1.83,48
261504,32688,1885.53,82.23,123.78,48
261504,32688,1073.95,84.39,192.81,48
261504,32688,3577.22,85.88,19.50,48
261504,32688,-21.11,27.61,34.14,48
261504,32688,-4554.08,21.24,198.82,48
261504,32688,-598.67,87.13,323.42,48
261888,32736,3765.64,83.96,0.19,48
261888,32736,-3060.20,19.62,138.92,48
261888,32736,2355.63,87.47,114.69,48
261888,32736,656.79,24.19,3.12,48
261888,32736,-991.63,20.36,59.60,48
261888,32736,110.20,23.35,21.45,48
261888,32736,3692.42,84.83,9.13,48
261888,32736,-513.82,24.12,45.61,48
262272,32784,3374.25,87.62,41.35,48
262272,32784,-1834.24,19.59,93.89,48
262272,32784,2402.55,82.30,87.64,48
262272,32784,1810.43,86.73,152.18,48
262272,32784,-1198.21,87.76,371.27,48
262272,32784,-7810.83,20.83,320.52,48
262272,32784,-348.22,19.64,31.35,48
262272,32784,2080.73,84.75,121.00,48
262656,32832,3737.57,84.53,0.00,48
262656,32832,3532.83,83.00,11.34,48
262656,32832,3608.74,84.14,9.61,48
262656,32832,3364.27,86.12,31.67,48
262656,32832,443.32,18.61,1.26,48
262656,32832,3909.62,87.66,3.09,48
262656,32832,3574.64,84.26,5.77,48
262656,32832,2932.41,85.60,65.64,48
263040,32880,1022.19,84.98,198.92,48
263040,32880,3541.87,82.72,8.38,48
263040,32880,3710.95,84.34,2.73,48
263040,32880,12.45,21.10,22.00,48
263040,32880,3325.62,85.06,36.78,48
263040,32880,3647.57,84.47,10.81,48
263040,32880,41.56,20.38,22.46,48
263040,32880,3867.81,86.52,5.28,48
263424,32928,3639.51,84.35,4.88,48
263424,32928,2810.97,85.38,72.25,48
263424,32928,519.84,22.59,8.13,48
263424,32928,-4493.28,22.24,193.87,48
263424,32928,-620.65,20.87,47.89,48
263424,32928,1561.85,82.69,152.01,48
263424,32928,3812.33,87.92,11.67,48
263424,32928,3879.86,88.14,4.90,48
263808,32976,-883.57,19.16,54.87,48
263808,32976,-3459.92,23.80,157.14,48
263808,32976,161.40,23.78,18.82,48
263808,32976,3316.69,90.34,60.76,48
263808,32976,699.99,22.33,0.00,48
263808,32976,-5731.75,24.12,244.74,48
263808,32976,-816.35,20.58,54.80,48
263808,32976,1379.82,86.23,178.29,48
264192,33024,3866.57,85.15,0.84,48
264192,33024,645.68,19.55,0.00,48
264192,33024,-139.53,16.82,23.28,48
264192,33024,3743.99,84.50,0.19,48
264192,33024,3528.96,87.06,28.70,48
264192,33024,3382.81,85.43,33.91,48
264192,33024,3212.56,84.67,41.85,48
264192,33024,113.03,21.42,21.19,48
264576,33072,4078.67,88.62,0.19,48
264576,33072,478.58,21.92,7.13,48
264576,33072,3953.51,87.30,0.00,48
264576,33072,2280.10,86.00,112.45,48
264576,33072,3903.06,87.32,1.37,48
264576,33072,-3054.22,17.97,138.02,48
264576,33072,3171.88,87.38,53.20,48
264576,33072,3944.83,88.12,0.10,48
264960,33120,4001.77,88.25,0.64,48
264960,33120,2456.89,84.58,93.52,48
264960,33120,3934.67,87.22,0.33,48
264960,33120,3931.37,87.40,0.32,48
264960,33120,3377.99,84.36,23.21,48
264960,33120,541.23,18.89,0.65,48
264960,33120,683.41,23.49,0.72,48
264960,33120,1997.42,85.58,129.70,48
265344,33168,-755.15,24.01,58.32,48
265344,33168,-722.09,19.11,48.32,48
265344,33168,1588.40,86.97,161.37,48
265344,33168,584.88,20.25,0.86,48
265344,33168,2572.60,88.01,96.42,48
265344,33168,3453.40,84.00,18.46,48
265344,33168,3960.76,87.26,0.00,48
265344,33168,-5499.26,23.53,235.54,48
265728,33216,1550.69,84.74,161.53,48
265728,33216,-853.97,26.01,62.36,48
265728,33216,-2419.34,22.12,121.28,48
265728,33216,-206.38,21.27,31.25,48
265728,33216,-1657.42,19.01,83.88,48
265728,33216,3678.10,85.56,13.54,48
265728,33216,3303.41,86.52,38.06,48
265728,33216,1217.35,85.88,191.95,48
266112,33264,-1050.87,21.77,65.52,48
266112,33264,-4283.92,21.47,185.81,48
266112,33264,-3383.08,86.17,524.34,48
266112,33264,3688.01,86.05,15.35,48
266112,33264,2370.33,86.43,103.46,48
266112,33264,-45.86,21.21,27.50,48
266112,33264,3411.60,87.01,32.70,48
266112,33264,94.06,20.09,19.36,48
266496,33312,3855.58,89.25,13.85,48
266496,33312,3255.67,82.56,29.39,48
266496,33312,3755.39,86.53,10.24,48
266496,33312,3672.30,83.11,0.87,48
266496,33312,2203.69,84.77,114.14,48
266496,33312,2424.40,85.25,102.04,48
266496,33312,3021.01,85.75,54.34,48
266496,33312,-1137.02,20.56,66.60,48
266880,33360,4043.45,89.26,0.00,48
266880,33360,3952.68,86.92,0.61,48
266880,33360,3740.03,85.59,5.13,48
266880,33360,429.50,19.28,1.92,48
266880,33360,1579.14,87.95,175.02,48
266880,33360,2131.57,86.68,127.20,48
266880,33360,3645.55,87.34,16.00,48
266880,33360,-2833.97,22.14,131.93,48
267264,33408,3562.27,86.05,18.21,48
267264,33408,3706.11,84.12,0.88,48
267264,33408,3460.90,84.05,20.49,48
267264,33408,3661.94,82.52,0.71,48
267264,33408,884.28,87.60,218.66,48
267264,33408,1145.27,84.24,191.67,48
267264,33408,3937.54,87.28,2.53,48
267264,33408,-2230.73,22.53,114.08,48
267648,33456,-5596.99,23.22,239.62,48
267648,33456,-2189.23,24.47,110.91,48
267648,33456,514.35,24.30,10.83,48
267648,33456,3792.31,85.74,6.08,48
267648,33456,3842.90,86.71,4.27,48
267648,33456,-1480.87,18.94,77.91,48
267648,33456,-1835.11,26.55,99.64,48
267648,33456,3614.46,83.83,5.00,48
268032,33504,593.76,21.61,3.32,48
268032,33504,3793.65,85.92,0.00,48
268032,33504,-3976.13,88.20,571.98,48
268032,33504,-2385.04,20.85,114.90,48
268032,33504,3798.10,85.14,2.23,48
268032,33504,1905.13,82.55,123.65,48
268032,33504,-2153.72,86.32,432.60,48
268032,33504,3080.56,87.33,60.45,48
268416,33552,3453.65,87.60,35.66,48
268416,33552,212.01,18.19,13.21,48
268416,33552,1134.82,86.15,197.15,48
268416,33552,2708.68,89.18,97.03,48
268416,33552,3892.63,87.16,2.15,48
268416,33552,3856.50,85.45,1.16,48
268416,33552,3597.09,84.01,9.11,48
268416,33552,3772.77,85.23,0.00,48
268800,33600,3585.62,85.26,16.29,48
268800,33600,779.98,23.06,0.66,48
268800,33600,-3391.36,19.56,149.55,48
268800,33600,96.13,19.40,18.20,48
268800,33600,2010.20,87.66,140.47,48
268800,33600,3062.60,86.24,55.68,48
268800,33600,3092.33,83.41,47.29,48
268800,33600,3483.55,86.33,28.34,48
269184,33648,2217.32,85.73,113.60,48
269184,33648,-2702.09,23.52,129.49,48
269184,33648,672.60,21.09,1.57,48
269184,33648,2834.04,81.53,52.74,48
269184,33648,2671.38,87.89,93.83,48
269184,33648,3826.25,87.39,8.13,48
269184,33648,-1220.24,84.88,357.70,48
269184,33648,2932.67,86.60,64.69,48
269568,33696,2444.08,87.80,104.34,48
269568,33696,207.32,22.50,19.26,48
269568,33696,-1181.61,88.20,371.11,48
269568,33696,1561.67,83.89,157.88,48
269568,33696,3798.02,84.66,1.81,48
269568,33696,4021.40,88.95,2.43,48
269568,33696,2530.25,85.01,92.40,48
269568,33696,-244.32,22.14,33.48,48
269952,33744,3053.05,84.67,52.98,48
269952,33744,-201.83,21.56,33.43,48
269952,33744,785.42,23.75,0.72,48
269952,33744,-423.78,20.97,39.65,48
269952,33744,3069.71,84.53,49.16,48
269952,33744,-1903.14,20.05,93.22,48
269952,33744,-3821.30,21.46,169.77,48
269952,33744,3813.93,85.71,0.81,48
270336,33792,-3408.23,22.45,157.79,48
270336,33792,-2962.11,25.53,142.01,48
270336,33792,3864.16,87.34,7.27,48
270336,33792,3794.03,86.83,7.71,48
270336,33792,563.92,18.70,0.09,48
270336,33792,3810.60,85.03,0.65,48
270336,33792,3533.52,85.03,18.66,48
270336,33792,714.83,24.69,1.27,48
270720,33840,3649.87,84.35,8.12,48
270720,33840,663.73,25.75,5.44,48
270720,33840,1496.72,87.06,171.89,48
270720,33840,3424.99,85.10,23.05,48
270720,33840,3489.25,85.81,31.41,48
270720,33840,761.45,24.88,0.32,48
270720,33840,3433.45,85.68,29.23,48
270720,33840,548.40,18.40,0.76,48
271104,33888,2301.77,83.09,98.28,48
271104,33888,3720.22,86.80,11.54,48
271104,33888,3969.16,87.80,0.43,48
271104,33888,2938.65,83.04,48.43,48
271104,33888,325.02,23.66,14.79,48
271104,33888,3689.33,85.26,7.40,48
271104,33888,3693.68,83.72,3.71,48
271104,33888,972.18,85.43,201.99,48
271488,33936,3874.35,86.28,0.23,48
271488,33936,624.97,20.77,1.51,48
271488,33936,3830.29,85.02,0.00,48
271488,33936,-865.88,22.99,59.45,48
271488,33936,-1107.34,23.34,68.70,48
271488,33936,3199.09,83.20,36.95,48
271488,33936,3594.41,87.13,25.40,48
271488,33936,-955.93,22.89,64.02,48
271872,33984,2959.98,87.50,71.39,48
271872,33984,-218.42,25.64,39.31,48
271872,33984,-1747.44,21.66,89.20,48
271872,33984,450.21,20.99,5.10,48
271872,33984,2608.52,85.31,83.74,48
271872,33984,3718.77,83.81,3.64,48
271872,33984,374.94,21.79,14.50,48
271872,33984,3467.56,85.03,19.46,48
272256,34032,3778.39,84.20,0.00,48
272256,34032,2639.17,83.96,80.15,48
272256,34032,-1102.88,24.67,74.04,48
272256,34032,651.56,23.17,4.58,48
272256,34032,3630.87,82.58,0.69,48
272256,34032,2232.70,86.21,118.40,48
272256,34032,3524.58,87.56,26.67,48
272256,34032,522.58,21.45,4.89,48
272640,34080,654.71,23.28,2.31,48
272640,34080,3429.93,83.79,18.13,48
272640,34080,3605.94,86.53,17.15,48
272640,34080,2450.71,85.70,100.31,48
272640,34080,384.05,24.81,13.61,48
272640,34080,-991.11,25.49,66.77,48
272640,34080,2984.34,82.40,47.59,48
272640,34080,3685.19,83.39,2.69,48
273024,34128,1561.13,85.78,160.94,48
273024,34128,3722.63,84.63,11.79,48
273024,34128,-1873.93,20.77,96.94,48
273024,34128,3118.90,82.57,43.99,48
273024,34128,3776.64,85.25,1.08,48
273024,34128,-2849.85,21.43,133.34,48
273024,34128,1978.37,85.37,133.44,48
273024,34128,1458.87,84.23,159.68,48
273408,34176,1950.53,83.59,124.89,48
273408,34176,3804.65,85.08,0.23,48
273408,34176,556.76,18.38,0.18,48
273408,34176,3080.23,86.51,54.86,48
273408,34176,3687.15,83.55,5.37,48
273408,34176,3712.21,83.47,1.08,48
273408,34176,3899.31,87.51,1.16,48
273408,34176,-1085.59,85.53,355.17,48
273792,34224,3968.88,88.35,0.00,48
273792,34224,602.91,19.85,3.82,48
273792,34224,3797.59,86.42,3.55,48
273792,34224,3291.72,87.73,45.02,48
273792,34224,3810.20,85.79,1.83,48
273792,34224,501.49,26.21,11.87,48
273792,34224,3708.65,82.27,0.50,48
273792,34224,131.90,20.87,15.80,48
274176,34272,3861.27,88.51,13.30,48
274176,34272,-1619.91,22.08,89.60,48
274176,34272,3607.45,84.21,10.27,48
274176,34272,2817.07,84.85,69.50,48
274176,34272,-12401.30,19.92,494.17,48
274176,34272,3934.52,88.37,3.13,48
274176,34272,-100.75,21.12,29.99,48
274176,34272,277.91,19.90,11.93,48
274560,34320,3638.60,85.78,17.65,48
274560,34320,809.91,87.19,229.35,48
274560,34320,3700.98,84.68,6.14,48
274560,34320,3462.83,83.61,19.08,48
274560,34320,654.01,87.25,230.79,48
274560,34320,748.58,24.57,1.14,48
274560,34320,1144.49,85.38,190.74,48
274560,34320,733.35,84.23,219.05,48
274944,34368,3727.49,83.36,0.00,48
274944,34368,3729.39,85.79,4.46,48
274944,34368,-3094.58,24.78,146.91,48
274944,34368,2121.33,88.20,130.79,48
274944,34368,-3791.11,22.87,167.04,48
274944,34368,1583.55,86.65,163.29,48
274944,34368,689.55,23.38,0.39,48
274944,34368,3939.78,88.44,4.56,48
275328,34416,4032.70,88.65,0.55,48
275328,34416,-133.05,84.84,284.63,48
275328,34416,-1560.06,83.58,377.54,48
275328,34416,-1168.18,22.29,70.87,48
275328,34416,1308.31,85.32,184.83,48
275328,34416,3488.32,86.98,29.21,48
275328,34416,3346.57,88.74,50.46,48
275328,34416,-419.89,24.67,43.28,48
275712,34464,3355.99,86.26,36.36,48
275712,34464,3850.63,86.86,1.42,48
275712,34464,3506.57,85.92,18.88,48
275712,34464,-1798.39,19.87,91.32,48
275712,34464,3654.62,82.26,0.50,48
275712,34464,3783.19,85.18,3.40,48
275712,34464,3831.08,84.59,0.00,48
275712,34464,2890.98,84.33,64.81,48
276096,34512,-14584.85,23.19,581.06,48
276096,34512,3829.52,86.40,0.68,48
276096,34512,3813.77,85.10,0.27,48
276096,34512,-588.83,22.11,45.67,48
276096,34512,188.74,87.84,269.03,48
276096,34512,-579.76,21.70,46.19,48
276096,34512,3445.03,85.57,31.31,48
276096,34512,3992.07,87.83,1.33,48
276480,34560,3034.32,87.51,65.75,48
276480,34560,3799.43,85.06,0.00,48
276480,34560,2883.93,83.61,61.97,48
276480,34560,3705.38,85.55,4.60,48
276480,34560,1022.62,84.85,198.64,48
276480,34560,3473.47,88.53,34.53,48
276480,34560,1636.19,85.06,154.13,48
276480,34560,3158.76,84.30,44.12,48
276864,34608,1952.57,87.34,142.74,48
276864,34608,3791.84,85.64,1.16,48
276864,34608,456.71,17.95,1.29,48
276864,34608,2660.15,88.66,98.18,48
276864,34608,3399.36,84.86,27.24,48
276864,34608,1262.49,83.84,177.84,48
276864,34608,-4729.40,27.42,216.75,48
276864,34608,3898.56,87.09,0.64,48
277248,34656,-422.78,25.63,45.24,48
277248,34656,522.43,17.56,0.00,48
277248,34656,-1423.23,20.45,75.11,48
277248,34656,3920.03,86.87,1.24,48
277248,34656,635.67,22.69,1.49,48
277248,34656,2777.64,86.51,79.56,48
277248,34656,663.52,20.02,0.00,48
277248,34656,1218.93,84.86,185.88,48
277632,34704,3869.91,87.79,6.89,48
277632,34704,3786.33,84.03,1.34,48
277632,34704,3877.07,87.47,1.24,48
277632,34704,3263.48,85.56,37.98,48
277632,34704,-1577.21,21.14,82.42,48
277632,34704,3812.87,86.01,6.36,48
277632,34704,3006.46,85.84,61.72,48
277632,34704,3797.34,86.73,4.03,48
278016,34752,385.80,20.54,7.54,48
278016,34752,3582.81,87.01,22.50,48
278016,34752,3579.64,87.13,23.22,48
278016,34752,-3146.96,84.13,496.91,48
278016,34752,2015.54,88.03,143.32,48
278016,34752,3533.00,86.18,22.39,48
278016,34752,-3147.18,24.33,149.15,48
278016,34752,3120.78,87.16,53.01,48
278400,34800,680.56,87.38,235.02,48
278400,34800,3021.92,88.23,66.59,48
278400,34800,869.72,88.08,222.85,48
278400,34800,3808.26,85.36,3.10,48
278400,34800,295.51,21.97,14.82,48
278400,34800,3781.82,84.79,2.65,48
278400,34800,-3403.70,22.89,158.68,48
278400,34800,3323.05,88.08,51.82,48
278784,34848,-203.99,23.41,34.46,48
278784,34848,2363.88,86.43,109.76,48
278784,34848,-2366.17,22.51,118.60,48
278784,34848,-333.33,24.49,41.81,48
278784,34848,3058.79,89.88,74.75,48
278784,34848,3386.58,85.62,32.92,48
278784,34848,1765.21,86.39,155.98,48
278784,34848,-389.29,20.10,38.93,48
279168,34896,71.75,20.97,23.49,48
279168,34896,3782.09,85.53,1.63,48
279168,34896,414.22,19.78,4.20,48
279168,34896,-486.65,25.74,46.00,48
279168,34896,3743.25,85.39,3.85,48
279168,34896,1297.35,85.95,184.41,48
279168,34896,110.36,23.63,21.28,48
279168,34896,3794.14,85.94,6.63,48
279552,34944,3435.08,85.17,22.64,48
279552,34944,2985.44,88.63,74.81,48
279552,34944,3531.88,84.51,20.67,48
279552,34944,3505.34,86.64,28.92,48
279552,34944,791.42,22.85,0.00,48
279552,34944,2599.14,85.76,85.47,48
279552,34944,3264.17,83.00,28.24,48
279552,34944,2712.45,85.59,82.65,48
279936,34992,594.81,19.71,0.61,48
279936,34992,1769.08,86.09,150.44,48
279936,34992,3713.82,84.98,7.32,48
279936,34992,586.25,17.13,0.00,48
279936,34992,1273.88,88.82,197.93,48
279936,34992,-1932.92,19.54,95.21,48
279936,34992,3833.35,85.62,0.00,48
279936,34992,2916.95,83.50,57.06,48
280320,35040,1173.53,88.77,202.68,48
280320,35040,3980.71,88.04,0.00,48
280320,35040,3739.25,88.05,15.86,48
280320,35040,1281.89,86.08,186.07,48
280320,35040,1649.33,87.06,163.77,48
280320,35040,3750.19,84.14,2.03,48
280320,35040,3695.96,82.71,1.64,48
280320,35040,573.77,20.66,0.83,48
280704,35088,2319.53,84.22,103.06,48
280704,35088,3434.34,86.74,33.44,48
280704,35088,3814.95,85.56,1.33,48
280704,35088,3194.93,84.95,47.94,48
280704,35088,-959.41,19.11,59.13,48
280704,35088,-15681.43,25.04,624.47,48
280704,35088,-579.26,23.34,46.71,48
280704,35088,3519.25,85.88,21.67,48
281088,35136,-276.26,22.25,34.87,48
281088,35136,3359.64,86.54,37.47,48
281088,35136,-497.90,86.31,313.92,48
281088,35136,-4690.86,24.44,210.73,48
281088,35136,201.65,25.60,24.86,48
281088,35136,638.95,21.51,0.69,48
281088,35136,3801.27,86.78,8.86,48
281088,35136,2587.30,84.37,91.53,48
281472,35184,119.64,18.65,16.79,48
281472,35184,-318.48,21.40,33.23,48
281472,35184,3845.25,86.11,4.10,48
281472,35184,2909.19,87.60,76.27,48
281472,35184,-4166.08,85.16,575.10,48
281472,35184,3440.47,87.36,36.62,48
281472,35184,3708.76,86.84,9.51,48
281472,35184,-774.45,22.03,53.25,48
281856,35232,-3787.74,20.31,166.85,48
281856,35232,3835.60,87.02,5.65,48
281856,35232,-2875.91,84.83,481.26,48
281856,35232,3844.48,86.01,1.08,48
281856,35232,3176.86,87.23,52.31,48
281856,35232,-1666.51,25.27,96.44,48
281856,35232,633.65,21.48,1.54,48
281856,35232,3641.89,83.39,5.23,48
282240,35280,818.28,25.73,1.49,48
282240,35280,241.46,18.13,12.03,48
282240,35280,-173.52,85.59,294.34,48
282240,35280,3641.75,87.12,18.06,48
282240,35280,-2614.42,86.24,465.65,48
282240,35280,3012.33,85.86,59.24,48
282240,35280,3536.07,83.41,14.81,48
282240,35280,3088.87,88.75,71.47,48
282624,35328,-479.78,22.30,44.34,48
282624,35328,3766.12,89.65,23.00,48
282624,35328,3958.24,87.45,0.00,48
282624,35328,3912.11,86.95,1.00,48
282624,35328,3690.65,85.94,11.99,48
282624,35328,3560.54,86.44,20.07,48
282624,35328,3098.39,82.55,35.66,48
282624,35328,3593.31,82.88,9.51,48
283008,35376,-5261.10,25.62,230.96,48
283008,35376,-176.85,22.59,32.96,48
283008,35376,-2292.45,21.06,109.46,48
283008,35376,-1445.57,21.80,78.94,48
283008,35376,3752.59,84.70,1.52,48
283008,35376,3053.39,88.21,68.65,48
283008,35376,-3574.57,20.85,159.39,48
283008,35376,3753.68,85.00,2.16,48
283392,35424,1808.50,89.11,160.32,48
283392,35424,2354.42,88.45,121.99,48
283392,35424,3873.93,86.03,0.88,48
283392,35424,3171.07,84.80,42.94,48
283392,35424,2312.10,85.20,107.96,48
283392,35424,476.16,20.52,5.64,48
283392,35424,3734.92,84.42,0.74,48
283392,35424,3740.19,85.20,5.89,48
283776,35472,3699.57,83.55,0.05,48
283776,35472,3650.58,84.27,9.58,48
283776,35472,2159.60,88.26,129.37,48
283776,35472,-3470.27,22.32,155.83,48
283776,35472,2732.71,85.83,82.25,48
283776,35472,2627.64,85.92,88.03,48
283776,35472,3253.58,86.74,43.06,48
283776,35472,1732.41,86.57,152.92,48
284160,35520,959.21,85.10,201.14,48
284160,35520,-481.67,22.13,45.80,48
284160,35520,417.79,18.00,4.48,48
284160,35520,3172.97,81.43,31.95,48
284160,35520,423.60,21.99,9.93,48
284160,35520,1083.93,86.05,197.02,48
284160,35520,3746.71,86.22,8.93,48
284160,35520,-223.37,23.16,40.42,48
284544,35568,346.16,21.71,13.33,48
284544,35568,3867.15,86.70,1.94,48
284544,35568,3700.87,83.62,3.77,48
284544,35568,2857.92,85.23,71.45,48
284544,35568,2374.88,86.98,110.90,48
284544,35568,3926.04,87.69,2.41,48
284544,35568,-637.94,22.59,50.05,48
284544,35568,3774.71,84.38,0.02,48
284928,35616,3405.98,86.68,36.48,48
284928,35616,3780.91,85.09,0.32,48
284928,35616,3648.68,82.54,5.49,48
284928,35616,3117.86,85.20,48.60,48
284928,35616,3698.69,87.92,18.63,48
284928,35616,2339.11,85.96,109.28,48
284928,35616,-11471.68,20.48,459.59,48
284928,35616,3066.26,84.29,47.08,48
285312,35664,39.22,23.69,26.92,48
285312,35664,-837.39,21.68,56.73,48
285312,35664,3828.33,85.60,0.81,48
285312,35664,-3001.25,25.53,141.76,48
285312,35664,942.86,90.10,230.71,48
285312,35664,3721.31,87.40,15.98,48
285312,35664,1714.67,86.66,155.40,48
285312,35664,2020.48,85.71,135.32,48
285696,35712,752.26,22.51,0.00,48
285696,35712,3422.94,87.03,36.50,48
285696,35712,1952.27,84.78,130.36,48
285696,35712,-3418.63,19.79,152.91,48
285696,35712,2880.44,85.69,70.37,48
285696,35712,2927.16,86.08,69.06,48
285696,35712,3661.63,86.45,17.83,48
285696,35712,539.55,19.19,0.78,48
286080,35760,2648.62,85.12,83.15,48
286080,35760,-69.19,21.20,27.56,48
286080,35760,596.02,22.28,0.00,48
286080,35760,1264.34,85.09,180.46,48
286080,35760,2900.89,85.77,64.62,48
286080,35760,3649.55,81.19,0.66,48
286080,35760,-2883.98,23.18,138.03,48
286080,35760,2691.37,82.33,64.42,48
286464,35808,1305.94,84.89,174.18,48
286464,35808,-2668.50,89.56,488.00,48
286464,35808,-54.28,20.94,25.67,48
286464,35808,-1676.03,85.27,396.58,48
286464,35808,2894.64,86.70,69.64,48
286464,35808,-539.82,23.34,49.76,48
286464,35808,2778.96,84.18,68.79,48
286464,35808,-844.44,23.78,56.92,48
286848,35856,-727.65,22.51,59.25,48
286848,35856,3729.64,84.53,0.00,48
286848,35856,2657.67,84.97,84.02,48
286848,35856,-1283.24,20.74,73.01,48
286848,35856,-1447.06,23.59,82.15,48
286848,35856,-498.86,23.90,47.53,48
286848,35856,737.02,85.57,224.14,48
286848,35856,2167.04,82.67,109.49,48
287232,35904,3768.88,86.92,7.66,48
287232,35904,3266.25,84.46,34.01,48
287232,35904,3034.59,85.11,54.94,48
287232,35904,-3721.35,23.87,168.43,48
287232,35904,3535.68,83.28,12.77,48
287232,35904,1753.42,83.45,140.73,48
287232,35904,3779.71,85.21,4.54,48
287232,35904,1234.33,86.83,190.89,48
287616,35952,1766.67,89.14,158.35,48
287616,35952,682.19,22.90,0.23,48
287616,35952,245.10,22.77,16.31,48
287616,35952,1289.82,83.82,173.08,48
287616,35952,3285.71,85.64,39.13,48
287616,35952,-2821.89,25.06,136.21,48
287616,35952,2163.05,85.14,119.15,48
287616,35952,3768.43,84.08,0.62,48
288000,36000,-22.30,22.38,28.18,48
288000,36000,3696.61,83.34,0.83,48
288000,36000,3109.52,84.40,46.79,48
288000,36000,3775.19,84.58,0.00,48
288000,36000,949.84,83.42,193.18,48
288000,36000,-10691.60,25.49,435.26,48
288000,36000,2131.84,85.05,118.45,48
288000,36000,1190.27,85.17,184.52,48
288384,36048,1953.40,84.06,130.39,48
288384,36048,2689.97,84.19,73.29,48
288384,36048,2290.29,82.44,99.19,48
288384,36048,-3919.77,85.38,556.89,48
288384,36048,1705.48,86.94,159.94,48
288384,36048,3275.94,83.00,28.30,48
288384,36048,601.18,21.72,3.24,48
288384,36048,3752.00,84.44,0.00,48
288768,36096,3983.17,88.95,0.32,48
288768,36096,-12758.39,21.59,509.58,48
288768,36096,1544.24,87.08,168.55,48
288768,36096,749.60,23.38,0.00,48
288768,36096,3976.31,88.26,0.02,48
288768,36096,3337.23,86.81,41.15,48
288768,36096,1046.25,89.12,212.93,48
288768,36096,2729.55,85.94,78.75,48
289152,36144,-323.54,21.39,39.29,48
289152,36144,-152.25,24.73,34.58,48
289152,36144,-3174.04,86.42,506.03,48
289152,36144,2582.06,84.53,85.07,48
289152,36144,3343.92,87.01,39.26,48
289152,36144,-1885.29,22.50,99.65,48
289152,36144,-3145.91,21.12,145.45,48
289152,36144,1635.82,85.40,155.99,48
289536,36192,534.66,21.40,3.98,48
289536,36192,3084.68,86.15,53.99,48
289536,36192,267.16,19.46,13.32,48
289536,36192,615.06,24.33,1.18,48
289536,36192,-28.89,23.36,29.46,48
289536,36192,2165.67,85.28,119.77,48
289536,36192,3578.33,86.63,22.87,48
289536,36192,3036.60,86.28,56.57,48
289920,36240,2732.42,84.79,75.69,48
289920,36240,-349.04,22.60,40.19,48
289920,36240,3299.31,85.48,35.99,48
289920,36240,3870.27,85.91,0.00,48
289920,36240,-2271.84,24.80,115.90,48
289920,36240,3473.65,84.67,22.91,48
289920,36240,980.65,86.67,210.26,48
289920,36240,423.54,16.57,1.31,48
290304,36288,-2870.72,21.00,133.54,48
290304,36288,3620.58,85.37,10.16,48
290304,36288,3910.00,86.69,0.58,48
290304,36288,-1718.18,24.73,91.75,48
290304,36288,-302.30,20.55,35.82,48
290304,36288,-1156.80,24.09,72.53,48
290304,36288,3531.19,90.68,43.35,48
290304,36288,312.27,26.90,17.80,48
290688,36336,3674.06,87.89,21.10,48
290688,36336,3008.88,86.70,64.76,48
290688,36336,2828.96,84.31,65.38,48
290688,36336,-3173.63,25.19,147.28,48
290688,36336,2967.82,82.54,50.45,48
290688,36336,213.47,19.32,15.50,48
290688,36336,-4723.92,22.03,202.00,48
290688,36336,1508.64,85.41,163.39,48
291072,36384,3270.51,85.99,38.97,48
291072,36384,-13202.42,20.95,520.61,48
291072,36384,1822.86,85.79,147.69,48
291072,36384,3267.09,86.18,44.02,48
291072,36384,1269.41,86.85,187.32,48
291072,36384,-1765.80,25.15,95.79,48
291072,36384,3058.11,87.91,63.56,48
291072,36384,-2187.78,21.90,105.51,48
291456,36432,1924.70,86.72,143.44,48
291456,36432,3214.98,86.67,48.35,48
291456,36432,3836.77,86.38,1.33,48
291456,36432,-14631.14,25.05,583.87,48
291456,36432,3689.95,87.04,15.11,48
291456,36432,566.48,17.81,0.00,48
291456,36432,-4369.17,87.67,598.98,48
291456,36432,3927.26,88.01,3.00,48
291840,36480,3692.68,83.21,0.00,48
291840,36480,2217.22,86.29,118.33,48
291840,36480,469.17,23.72,10.70,48
291840,36480,3293.62,84.51,30.93,48
291840,36480,3724.74,88.68,20.13,48
291840,36480,2222.15,85.00,113.31,48
291840,36480,-3111.11,22.94,144.75,48
291840,36480,50.92,22.90,24.51,48
292224,36528,454.64,18.99,3.00,48
292224,36528,-5829.21,23.76,247.10,48
292224,36528,3117.71,83.13,40.12,48
292224,36528,-1227.39,24.08,74.41,48
292224,36528,1578.16,84.99,162.14,48
292224,36528,3985.62,87.90,0.05,48
292224,36528,2607.38,84.39,81.32,48
292224,36528,-766.59,20.78,55.02,48
292608,36576,3733.11,85.82,10.86,48
292608,36576,336.49,22.17,13.10,48
292608,36576,-5242.47,26.56,231.96,48
292608,36576,3884.30,87.24,3.87,48
292608,36576,864.05,89.52,232.47,48
292608,36576,-85.73,22.38,29.49,48
292608,36576,68.63,21.90,23.97,48
292608,36576,-510.03,83.29,301.32,48
292992,36624,3204.61,84.64,40.51,48
292992,36624,3896.37,87.40,0.59,48
292992,36624,3635.39,84.90,14.01,48
292992,36624,3085.96,88.49,64.06,48
292992,36624,3866.87,88.55,9.80,48
292992,36624,3171.56,86.34,51.20,48
292992,36624,3785.10,83.70,0.00,48
292992,36624,3741.16,83.40,0.19,48
293376,36672,3816.53,84.80,2.43,48
293376,36672,2805.62,86.09,75.62,48
293376,36672,1845.07,85.47,139.32,48
293376,36672,3874.96,86.44,0.00,48
293376,36672,-761.97,21.02,53.93,48
293376,36672,-3644.12,23.49,165.71,48
293376,36672,3773.69,84.81,0.61,48
293376,36672,429.13,16.52,0.61,48
293760,36720,-828.03,22.46,55.70,48
293760,36720,3807.07,85.45,0.66,48
293760,36720,825.35,26.74,1.46,48
293760,36720,3722.03,85.39,9.05,48
293760,36720,2178.84,87.00,126.50,48
293760,36720,1983.58,88.30,145.39,48
293760,36720,-602.19,21.23,42.86,48
293760,36720,-3504.76,22.49,159.76,48
294144,36768,3437.08,87.00,31.34,48
294144,36768,3408.45,85.97,31.95,48
294144,36768,-1314.42,24.39,78.66,48
294144,36768,3266.88,84.30,36.78,48
294144,36768,580.35,20.90,0.00,48
294144,36768,3818.29,86.45,3.29,48
294144,36768,3366.10,83.26,21.64,48
294144,36768,2721.19,87.50,86.61,48
294528,36816,-291.92,22.63,37.96,48
294528,36816,-1374.90,22.97,79.16,48
294528,36816,3818.62,86.20,0.23,48
294528,36816,109.13,20.88,20.41,48
294528,36816,3555.19,86.41,18.85,48
294528,36816,-2949.55,85.73,492.78,48
294528,36816,2807.54,82.46,57.57,48
294528,36816,-1510.15,23.17,84.54,48
294912,36864,334.33,21.45,11.16,48
294912,36864,-1479.94,22.82,83.01,48
294912,36864,3542.31,87.38,25.80,48
294912,36864,3769.40,85.73,3.37,48
294912,36864,-887.91,21.10,55.43,48
294912,36864,3884.00,85.64,2.42,48
294912,36864,3534.33,82.18,1.68,48
294912,36864,-3691.71,18.63,157.83,48
295296,36912,-2337.27,18.83,109.79,48
295296,36912,-469.59,16.93,38.09,48
295296,36912,3678.77,85.69,11.08,48
295296,36912,3594.93,85.05,16.23,48
295296,36912,-3321.67,20.88,148.54,48
295296,36912,2831.18,83.18,57.91,48
295296,36912,3692.36,81.67,0.01,48
295296,36912,2088.47,84.75,119.86,48
295680,36960,3661.51,83.76,0.28,48
295680,36960,383.94,20.60,9.01,48
295680,36960,-88.10,21.24,28.91,48
295680,36960,-140.43,21.82,31.88,48
295680,36960,-15361.73,25.45,613.48,48
295680,36960,2551.41,84.09,85.64,48
295680,36960,3383.42,85.89,33.25,48
295680,36960,524.23,85.69,238.11,48
296064,37008,2875.65,85.43,67.51,48
296064,37008,542.56,19.04,0.47,48
296064,37008,543.53,20.22,0.69,48
296064,37008,3356.48,81.66,18.85,48
296064,37008,631.97,22.56,2.20,48
296064,37008,632.31,21.98,2.34,48
296064,37008,2160.17,86.94,126.20,48
296064,37008,650.02,21.59,2.13,48
296448,37056,-4502.49,87.17,602.75,48
296448,37056,4030.21,89.60,0.76,48
296448,37056,-2572.64,22.45,124.50,48
296448,37056,935.79,85.90,204.85,48
296448,37056,3526.68,86.26,21.62,48
296448,37056,1192.70,84.38,184.16,48
296448,37056,2336.16,82.26,91.55,48
296448,37056,-3015.35,82.90,481.20,48
296832,37104,3375.01,83.73,24.33,48
296832,37104,3403.20,84.83,28.97,48
296832,37104,3538.60,83.37,16.75,48
296832,37104,3570.93,83.26,8.27,48
296832,37104,-2730.12,23.68,132.77,48
296832,37104,-1657.83,21.08,87.29,48
296832,37104,3832.03,86.80,3.96,48
296832,37104,3888.62,86.53,2.39,48
297216,37152,3612.38,84.55,11.99,48
297216,37152,3623.21,82.00,1.21,48
297216,37152,3254.89,87.56,46.49,48
297216,37152,-1002.57,20.59,59.64,48
297216,37152,3650.52,83.91,6.36,48
297216,37152,3455.09,85.17,23.68,48
297216,37152,3249.52,87.94,50.45,48
297216,37152,2691.50,88.42,95.04,48
297600,37200,-237.29,18.90,29.43,48
297600,37200,2719.39,80.73,58.34,48
297600,37200,3612.91,84.26,8.19,48
297600,37200,3901.65,86.65,1.59,48
297600,37200,-108.84,22.36,28.85,48
297600,37200,-497.82,24.26,45.89,48
297600,37200,2197.15,84.95,109.60,48
297600,37200,3873.11,88.18,9.38,48
297984,37248,2547.64,84.78,82.28,48
297984,37248,3937.09,89.84,9.98,48
297984,37248,3891.03,86.44,0.00,48
297984,37248,3225.17,85.12,43.07,48
297984,37248,346.49,21.25,11.91,48
297984,37248,2282.87,87.61,112.31,48
297984,37248,-446.28,22.85,44.24,48
297984,37248,3788.30,84.33,0.18,48
298368,37296,404.22,25.58,16.14,48
298368,37296,23.20,19.68,22.92,48
298368,37296,4001.52,88.47,2.86,48
298368,37296,448.46,18.11,1.84,48
298368,37296,3935.50,87.83,4.75,48
298368,37296,3104.78,82.99,37.75,48
298368,37296,2388.87,84.74,102.64,48
298368,37296,3229.20,87.82,54.80,48
298752,37344,1448.27,84.07,163.39,48
298752,37344,3685.11,87.73,18.15,48
298752,37344,3759.39,84.15,2.65,48
298752,37344,-8387.90,21.07,341.97,48
298752,37344,-1899.42,83.67,402.18,48
298752,37344,-125.79,23.29,32.46,48
298752,37344,522.19,21.78,3.77,48
298752,37344,3764.61,85.49,0.66,48
299136,37392,3522.94,84.75,18.08,48
299136,37392,3887.44,86.89,0.00,48
299136,37392,1367.21,89.98,199.08,48
299136,37392,-2082.79,85.26,421.21,48
299136,37392,3718.80,83.85,0.80,48
299136,37392,198.01,24.95,22.34,48
299136,37392,576.31,22.11,4.18,48
299136,37392,3733.99,84.28,0.00,48
299520,37440,-2731.04,27.77,139.19,48
299520,37440,3930.73,87.77,2.57,48
299520,37440,3726.29,86.35,6.30,48
299520,37440,-115.78,19.47,30.35,48
299520,37440,-284.36,18.16,28.67,48
299520,37440,3447.72,82.86,21.63,48
299520,37440,3836.00,85.35,0.00,48
299520,37440,3640.20,86.95,19.43,48
299904,37488,3457.29,85.13,19.35,48
299904,37488,3388.99,84.60,27.02,48
299904,37488,3383.61,88.59,47.19,48
299904,37488,3824.68,85.15,1.17,48
299904,37488,3482.74,84.42,16.85,48
299904,37488,122.92,20.55,18.21,48
299904,37488,2268.63,84.91,109.81,48
299904,37488,3849.41,86.61,0.72,48
300288,37536,2666.52,83.47,76.24,48
300288,37536,3390.71,84.62,30.05,48
300288,37536,3727.95,84.77,4.82,48
300288,37536,3873.60,87.17,0.43,48
300288,37536,3350.21,83.58,27.01,48
300288,37536,3676.76,84.46,2.48,48
300288,37536,3391.25,87.03,36.32,48
300288,37536,3674.78,85.16,9.10,48
300672,37584,3766.25,85.46,1.46,48
300672,37584,3803.15,86.06,6.17,48
300672,37584,1455.81,88.01,177.93,48
300672,37584,252.95,17.57,11.05,48
300672,37584,-3073.95,22.63,141.93,48
300672,37584,2437.68,85.26,96.55,48
300672,37584,3719.34,85.60,4.96,48
300672,37584,3157.42,81.56,36.02,48
301056,37632,3490.35,84.28,19.72,48
301056,37632,502.79,21.18,6.79,48
301056,37632,3894.67,88.25,9.33,48
301056,37632,3807.45,85.28,2.08,48
301056,37632,2337.68,86.52,109.71,48
301056,37632,-5447.31,87.17,673.94,48
301056,37632,2270.93,85.42,112.62,48
301056,37632,3959.22,89.04,8.68,48
301440,37680,3459.48,86.14,31.89,48
301440,37680,2996.69,83.80,51.18,48
301440,37680,3595.66,84.23,8.81,48
301440,37680,3268.37,89.10,55.82,48
301440,37680,2793.59,82.97,65.26,48
301440,37680,3544.25,82.07,6.77,48
301440,37680,583.25,23.45,5.37,48
301440,37680,727.65,84.46,217.86,48
301824,37728,-458.20,86.01,309.08,48
301824,37728,2807.45,86.13,75.37,48
301824,37728,3648.64,83.04,7.52,48
301824,37728,1252.06,86.77,188.05,48
301824,37728,316.77,16.69,5.63,48
301824,37728,3225.69,86.94,48.28,48
301824,37728,3698.48,85.04,2.26,48
301824,37728,3747.41,85.33,0.48,48
302208,37776,3225.19,84.33,38.60,48
302208,37776,753.25,23.92,0.80,48
302208,37776,48.16,20.89,24.05,48
302208,37776,3817.42,85.63,0.54,48
302208,37776,3527.44,88.19,28.17,48
302208,37776,2324.86,86.16,108.53,48
302208,37776,3709.31,87.11,14.01,48
302208,37776,-2480.79,19.30,116.34,48
302592,37824,-1294.82,20.91,73.05,48
302592,37824,3727.07,84.56,4.08,48
302592,37824,-4433.17,25.50,196.89,48
302592,37824,3529.65,85.71,24.43,48
302592,37824,3157.91,79.67,28.43,48
302592,37824,3749.89,85.03,2.10,48
302592,37824,-3404.70,23.43,156.35,48
302592,37824,3787.84,84.29,0.00,48
302976,37872,203.63,20.92,17.61,48
302976,37872,2855.24,89.85,90.66,48
302976,37872,3491.58,85.36,18.35,48
302976,37872,3479.08,87.77,37.58,48
302976,37872,2575.91,87.72,94.63,48
302976,37872,174.85,24.20,22.90,48
302976,37872,3290.57,85.41,38.18,48
302976,37872,3837.45,86.44,0.00,48
303360,37920,3889.88,86.69,0.00,48
303360,37920,2808.35,84.40,69.64,48
303360,37920,-2853.12,24.02,137.40,48
303360,37920,364.99,18.53,8.26,48
303360,37920,3748.08,87.09,7.11,48
303360,37920,3974.57,88.49,0.81,48
303360,37920,3290.52,82.94,25.92,48
303360,37920,3385.66,82.97,19.09,48
303744,37968,2948.83,85.45,61.97,48
303744,37968,3189.99,85.32,44.01,48
303744,37968,3827.31,85.83,2.79,48
303744,37968,-2217.42,19.99,106.50,48
303744,37968,3802.08,86.87,12.28,48
303744,37968,3549.29,84.64,14.24,48
303744,37968,3728.49,87.21,9.58,48
303744,37968,3822.08,87.36,5.57,48
304128,38016,-364.90,20.75,39.31,48
304128,38016,3648.58,82.68,0.74,48
304128,38016,3481.26,86.73,28.51,48
304128,38016,3653.85,84.04,6.57,48
304128,38016,3380.40,82.68,21.49,48
304128,38016,3499.47,85.79,23.20,48
304128,38016,2914.00,87.21,71.60,48
304128,38016,108.49,22.24,21.13,48
304512,38064,2867.57,88.05,75.75,48
304512,38064,3611.97,85.73,14.12,48
304512,38064,3534.27,85.45,22.94,48
304512,38064,3695.59,85.53,6.23,48
304512,38064,-1183.16,22.19,72.34,48
304512,38064,2899.47,89.22,83.33,48
304512,38064,3387.95,83.63,20.57,48
304512,38064,-151.81,21.55,33.15,48
304896,38112,-596.21,25.44,48.37,48
304896,38112,3156.68,87.07,56.56,48
304896,38112,978.52,83.32,193.35,48
304896,38112,3398.11,87.07,34.77,48
304896,38112,-2973.54,21.58,139.25,48
304896,38112,959.92,84.77,204.50,48
304896,38112,3760.30,84.06,0.69,48
304896,38112,-2364.58,18.53,109.73,48
305280,38160,-3205.21,85.21,507.72,48
305280,38160,3833.22,85.93,0.31,48
305280,38160,3940.29,87.63,0.21,48
305280,38160,3450.76,83.48,19.42,48
305280,38160,3726.89,84.65,0.00,48
305280,38160,701.75,24.40,1.14,48
305280,38160,-1436.21,19.13,77.91,48
305280,38160,3397.20,82.67,22.59,48
305664,38208,-344.42,20.05,36.39,48
305664,38208,672.70,21.27,0.00,48
305664,38208,-1848.94,21.03,93.70,48
305664,38208,3474.98,84.46,18.22,48
305664,38208,3062.33,86.19,58.60,48
305664,38208,469.21,20.42,9.23,48
305664,38208,493.29,88.73,252.51,48
305664,38208,2208.61,86.69,117.10,48
306048,38256,3734.06,85.00,7.20,48
306048,38256,2155.54,85.01,115.86,48
306048,38256,3411.60,85.76,28.96,48
306048,38256,-1140.13,22.51,71.84,48
306048,38256,-222.05,24.13,36.20,48
306048,38256,-9926.17,24.54,403.97,48
306048,38256,2874.07,88.18,78.35,48
306048,38256,3156.57,83.23,38.98,48
306432,38304,3801.00,85.40,2.13,48
306432,38304,3800.65,85.36,0.81,48
306432,38304,3119.74,83.54,38.26,48
306432,38304,-1712.67,22.03,87.64,48
306432,38304,-2115.37,22.05,106.35,48
306432,38304,623.77,24.51,3.70,48
306432,38304,493.97,18.66,1.95,48
306432,38304,-1136.50,25.84,73.27,48
306816,38352,3064.80,85.13,52.05,48
306816,38352,3848.49,86.81,2.48,48
306816,38352,3716.70,84.36,3.31,48
306816,38352,483.93,17.98,0.19,48
306816,38352,3714.77,83.99,2.53,48
306816,38352,3612.32,84.70,8.33,48
306816,38352,609.64,21.13,2.53,48
306816,38352,3816.79,84.94,0.61,48
307200,38400,3138.24,87.41,56.04,48
307200,38400,3925.04,87.71,5.32,48
307200,38400,3608.11,87.41,23.89,48
307200,38400,3927.61,86.82,0.28,48
307200,38400,729.69,24.73,0.88,48
307200,38400,243.03,21.44,16.28,48
307200,38400,3650.62,89.52,28.49,48
307200,38400,617.59,22.95,2.82,48
307584,38448,-3329.58,24.80,156.66,48
307584,38448,3124.42,83.97,44.37,48
307584,38448,3695.20,89.82,27.83,48
307584,38448,1978.24,84.49,129.16,48
307584,38448,2450.90,85.82,97.76,48
307584,38448,3890.36,86.16,0.62,48
307584,38448,3718.01,85.52,9.81,48
307584,38448,3702.36,85.41,7.80,48
307968,38496,3542.62,87.96,32.49,48
307968,38496,3271.52,86.81,42.21,48
307968,38496,158.95,18.63,12.34,48
307968,38496,3761.42,83.52,0.78,48
307968,38496,-2519.44,86.54,463.39,48
307968,38496,3640.37,83.32,0.05,48
307968,38496,3003.54,83.55,53.07,48
307968,38496,1702.20,83.05,141.16,48
308352,38544,564.99,23.73,3.89,48
308352,38544,-1111.63,21.40,67.65,48
308352,38544,3239.24,86.89,46.49,48
308352,38544,-4269.73,24.15,187.31,48
308352,38544,3736.18,85.97,9.97,48
308352,38544,-83.28,18.40,26.04,48
308352,38544,3717.28,86.28,12.03,48
308352,38544,3689.43,83.67,1.00,48
308736,38592,1881.16,84.27,133.96,48
308736,38592,3834.85,87.94,12.16,48
308736,38592,537.58,20.45,2.20,48
308736,38592,2661.75,83.68,78.15,48
308736,38592,-1333.18,22.42,74.17,48
308736,38592,2034.70,83.54,120.40,48
308736,38592,649.85,25.58,6.46,48
308736,38592,142.80,19.52,18.56,48
309120,38640,3438.75,80.93,6.19,48
309120,38640,3739.23,84.53,1.70,48
309120,38640,607.66,20.20,1.49,48
309120,38640,625.68,21.89,0.19,48
309120,38640,826.71,25.53,0.39,48
309120,38640,3931.36,88.07,3.93,48
309120,38640,-62.44,25.07,30.89,48
309120,38640,466.52,18.98,1.93,48
309504,38688,164.22,20.75,15.95,48
309504,38688,3255.60,86.11,45.89,48
309504,38688,928.71,85.95,209.09,48
309504,38688,3260.94,86.99,45.56,48
309504,38688,209.07,21.12,16.04,48
309504,38688,544.18,19.37,0.18,48
309504,38688,3965.66,89.28,4.97,48
309504,38688,3757.11,84.68,0.72,48
309888,38736,3306.97,82.93,24.94,48
309888,38736,568.40,20.36,1.64,48
309888,38736,623.71,23.25,2.79,48
309888,38736,-82.57,24.13,32.13,48
309888,38736,2471.61,83.28,90.25,48
309888,38736,3765.74,83.85,0.57,48
309888,38736,562.20,17.66,0.00,48
309888,38736,252.62,21.06,15.55,48
310272,38784,3245.19,80.54,23.00,48
310272,38784,3430.58,80.92,7.36,48
310272,38784,552.71,19.28,1.44,48
310272,38784,3602.29,80.33,0.00,48
310272,38784,3108.12,85.36,49.61,48
310272,38784,-2863.27,23.96,137.42,48
310272,38784,-4117.83,20.43,179.08,48
310272,38784,3817.78,85.35,0.00,48
310656,38832,-743.20,21.49,53.36,48
310656,38832,112.32,23.03,22.52,48
310656,38832,3871.52,85.91,1.37,48
310656,38832,453.47,20.37,4.65,48
310656,38832,662.71,21.34,0.00,48
310656,38832,3948.38,88.64,7.67,48
310656,38832,-10544.03,24.36,430.99,48
310656,38832,3933.31,88.12,3.71,48
311040,38880,3700.28,86.14,8.43,48
311040,38880,3198.63,84.37,43.06,48
311040,38880,3631.72,82.65,0.79,48
311040,38880,3673.73,83.07,4.33,48
311040,38880,2045.76,88.42,137.54,48
311040,38880,-1509.09,22.59,84.85,48
311040,38880,2744.17,84.15,74.25,48
311040,38880,-137.95,22.79,33.24,48
311424,38928,3692.64,84.98,9.97,48
311424,38928,2054.23,87.49,131.48,48
311424,38928,2461.86,82.29,83.28,48
311424,38928,3738.85,86.06,3.10,48
311424,38928,2118.31,82.69,113.56,48
311424,38928,3731.54,85.13,4.12,48
311424,38928,-12547.27,21.63,505.43,48
311424,38928,3938.53,88.89,7.66,48
311808,38976,1705.08,87.50,158.47,48
311808,38976,-2368.88,17.75,112.30,48
311808,38976,2910.43,84.03,59.36,48
311808,38976,3360.87,84.81,25.86,48
311808,38976,2775.31,83.73,68.63,48
311808,38976,-2804.81,22.66,133.82,48
311808,38976,246.96,24.03,19.18,48
311808,38976,3817.53,85.95,2.34,48
312192,39024,3785.96,86.02,0.61,48
312192,39024,3643.34,85.24,10.60,48
312192,39024,3699.71,86.38,10.65,48
312192,39024,-251.00,23.35,36.17,48
312192,39024,575.88,23.09,8.72,48
312192,39024,3389.17,85.52,28.68,48
312192,39024,3811.31,85.97,1.14,48
312192,39024,338.15,16.47,7.77,48
312576,39072,-2916.43,21.86,134.39,48
312576,39072,3808.07,87.59,14.61,48
312576,39072,3080.89,85.35,53.60,48
312576,39072,508.33,22.28,5.83,48
312576,39072,-14.45,19.13,22.70,48
312576,39072,-1583.00,14.61,73.49,48
312576,39072,3890.68,86.46,0.00,48
312576,39072,3690.28,84.57,5.04,48
312960,39120,-3615.76,21.27,164.09,48
312960,39120,-3802.42,22.84,169.76,48
312960,39120,3766.52,86.22,3.86,48
312960,39120,140.14,21.86,20.58,48
312960,39120,3470.84,86.40,32.46,48
312960,39120,460.82,19.65,0.00,48
312960,39120,553.63,19.15,0.76,48
312960,39120,3815.92,85.59,0.47,48
313344,39168,3828.10,86.17,1.38,48
313344,39168,473.99,18.52,0.00,48
313344,39168,3251.72,85.55,45.10,48
313344,39168,3571.01,84.43,9.53,48
313344,39168,-1401.47,23.70,78.67,48
313344,39168,2899.75,84.43,56.61,48
313344,39168,3658.26,83.62,4.52,48
313344,39168,643.06,21.21,0.92,48
313728,39216,3683.07,85.57,12.38,48
313728,39216,3844.22,85.62,0.80,48
313728,39216,-1938.65,86.83,419.53,48
313728,39216,3508.35,84.43,22.35,48
313728,39216,632.87,19.63,0.01,48
313728,39216,-1137.11,24.42,72.05,48
313728,39216,-180.99,22.88,36.08,48
313728,39216,-3659.15,24.25,170.67,48
314112,39264,3834.08,85.99,1.38,48
314112,39264,3640.63,82.55,0.18,48
314112,39264,3596.10,86.99,21.42,48
314112,39264,-214.83,19.65,31.70,48
314112,39264,3836.39,86.96,4.31,48
314112,39264,-746.48,20.62,54.03,48
314112,39264,3666.65,86.79,14.31,48
314112,39264,3559.58,83.77,8.09,48
314496,39312,-3137.98,85.40,498.61,48
314496,39312,2014.32,85.42,133.87,48
314496,39312,3740.38,83.35,0.00,48
314496,39312,-3831.67,19.39,164.18,48
314496,39312,3618.17,86.94,20.03,48
314496,39312,3972.98,88.85,3.16,48
314496,39312,2969.29,82.41,52.61,48
314496,39312,-4419.98,22.18,196.20,48
314880,39360,985.25,85.36,206.48,48
314880,39360,609.31,23.54,7.14,48
314880,39360,3454.17,86.51,26.64,48
314880,39360,723.16,21.57,0.10,48
314880,39360,3950.57,87.02,0.00,48
314880,39360,3880.51,85.91,0.00,48
314880,39360,739.98,25.12,2.26,48
314880,39360,-2340.94,82.81,438.14,48
315264,39408,-3279.80,85.63,511.43,48
315264,39408,3529.33,83.86,11.45,48
315264,39408,2700.66,84.51,77.61,48
315264,39408,3540.38,87.27,30.32,48
315264,39408,2656.25,85.56,82.30,48
315264,39408,2291.74,87.96,121.78,48
315264,39408,3665.77,85.18,11.12,48
315264,39408,2632.27,82.74,76.72,48
315648,39456,3806.71,85.77,0.57,48
315648,39456,2344.28,83.29,99.72,48
315648,39456,2251.26,84.68,110.61,48
315648,39456,3604.59,81.94,2.78,48
315648,39456,662.63,21.49,0.84,48
315648,39456,-251.61,21.14,36.32,48
315648,39456,29.75,20.51,23.45,48
315648,39456,3630.71,82.64,0.00,48
316032,39504,3907.57,87.00,1.24,48
316032,39504,3584.60,84.08,7.39,48
316032,39504,3792.67,89.36,18.53,48
316032,39504,75.11,20.67,24.81,48
316032,39504,57.06,22.63,21.86,48
316032,39504,-671.43,23.15,54.50,48
316032,39504,3643.67,82.75,0.19,48
316032,39504,3224.05,84.88,36.55,48
316416,39552,-599.27,21.22,46.71,48
316416,39552,-3692.66,19.75,161.31,48
316416,39552,1351.29,87.05,181.46,48
316416,39552,657.85,19.40,0.74,48
316416,39552,1528.34,87.19,170.89,48
316416,39552,-1705.92,25.50,96.00,48
316416,39552,-1751.02,23.28,93.22,48
316416,39552,3439.89,82.86,14.92,48
316800,39600,656.14,22.64,0.96,48
316800,39600,4057.85,89.57,0.00,48
316800,39600,3200.80,85.64,41.25,48
316800,39600,3700.00,84.14,1.83,48
316800,39600,225.17,19.86,13.45,48
316800,39600,3596.53,85.09,12.73,48
316800,39600,2540.88,82.49,82.57,48
316800,39600,492.53,21.51,7.19,48
317184,39648,-139.27,23.47,36.15,48
317184,39648,1540.30,81.56,140.68,48
317184,39648,3081.32,81.18,33.75,48
317184,39648,3408.58,85.15,29.42,48
317184,39648,3872.62,86.76,2.09,48
317184,39648,594.82,20.33,0.19,48
317184,39648,3327.74,85.62,31.56,48
317184,39648,2740.74,85.97,78.50,48
317568,39696,-231.58,22.61,34.11,48
317568,39696,3734.64,87.07,13.28,48
317568,39696,3581.02,83.76,5.77,48
317568,39696,3682.72,83.38,0.86,48
317568,39696,3876.62,85.29,0.35,48
317568,39696,375.06,24.80,11.59,48
317568,39696,3680.60,83.36,0.00,48
317568,39696,607.89,19.74,1.18,48
317952,39744,117.01,23.76,23.69,48
317952,39744,3767.27,84.83,3.77,48
317952,39744,1634.01,86.06,157.87,48
317952,39744,3743.13,85.10,3.75,48
317952,39744,3022.27,84.50,52.72,48
317952,39744,701.07,20.40,0.00,48
317952,39744,-10806.05,26.64,444.59,48
317952,39744,3693.30,84.03,2.28,48
318336,39792,-5824.15,25.09,250.64,48
318336,39792,-2614.22,17.98,118.02,48
318336,39792,1898.02,84.25,130.03,48
318336,39792,-615.55,20.52,45.17,48
318336,39792,3312.51,83.42,27.98,48
318336,39792,-4029.54,86.87,568.36,48
318336,39792,3794.72,86.23,3.73,48
318336,39792,3785.79,86.02,2.55,48
318720,39840,343.99,18.80,7.00,48
318720,39840,3390.26,83.40,24.19,48
318720,39840,463.80,17.06,0.69,48
318720,39840,617.56,21.13,1.94,48
318720,39840,-3323.87,86.13,516.01,48
318720,39840,3709.51,85.64,7.24,48
318720,39840,-1861.31,21.58,95.73,48
318720,39840,3653.40,82.96,3.49,48
319104,39888,-1025.25,22.90,65.94,48
319104,39888,2454.73,85.58,97.86,48
319104,39888,375.35,24.28,16.96,48
319104,39888,3508.75,85.45,19.33,48
319104,39888,2829.53,87.06,78.31,48
319104,39888,3875.07,85.29,1.63,48
319104,39888,699.95,22.40,1.29,48
319104,39888,3007.19,85.16,55.18,48
319488,39936,-3579.88,24.84,167.81,48
319488,39936,3761.59,83.90,1.49,48
319488,39936,3449.93,83.06,19.66,48
319488,39936,3638.29,83.83,2.08,48
319488,39936,634.28,20.76,0.00,48
319488,39936,3237.82,80.68,21.38,48
319488,39936,608.63,20.29,1.12,48
319488,39936,-581.65,20.30,44.35,48
319872,39984,3404.78,85.59,30.18,48
319872,39984,-718.10,22.73,56.61,48
319872,39984,3674.30,85.30,9.85,48
319872,39984,-125.41,16.32,21.39,48
319872,39984,2267.42,84.70,108.95,48
319872,39984,3777.10,84.08,0.23,48
319872,39984,548.10,20.90,2.14,48
319872,39984,3640.14,84.14,1.59,48
320256,40032,3091.29,87.99,63.45,48
320256,40032,-1225.39,22.00,71.41,48
320256,40032,3145.82,84.72,46.98,48
320256,40032,-3451.65,23.62,158.00,48
320256,40032,3802.85,84.83,0.00,48
320256,40032,3463.13,87.81,36.09,48
320256,40032,595.94,20.97,0.09,48
320256,40032,3141.61,83.78,40.84,48
320640,40080,1140.92,85.81,194.14,48
320640,40080,239.41,19.43,14.26,48
320640,40080,3702.64,86.33,14.16,48
320640,40080,629.24,21.24,1.40,48
320640,40080,3867.65,85.85,0.00,48
320640,40080,3215.96,86.64,47.66,48
320640,40080,3376.96,84.21,26.08,48
320640,40080,516.75,17.88,0.61,48
321024,40128,1827.34,85.34,141.04,48
321024,40128,3135.54,79.81,27.44,48
321024,40128,-4937.67,20.91,209.20,48
321024,40128,-3070.30,85.66,499.70,48
321024,40128,2547.80,85.25,90.17,48
321024,40128,2109.64,85.25,119.32,48
321024,40128,3572.11,81.89,3.66,48
321024,40128,3661.54,84.88,4.70,48
321408,40176,-64.34,19.27,25.92,48
321408,40176,-861.85,23.53,61.99,48
321408,40176,3980.32,87.70,2.04,48
321408,40176,195.25,19.03,16.57,48
321408,40176,-1061.54,23.80,68.23,48
321408,40176,3121.95,88.08,64.39,48
321408,40176,3769.31,85.58,3.96,48
321408,40176,3774.73,84.76,0.00,48
321792,40224,2862.75,86.45,77.30,48
321792,40224,4012.32,87.89,0.56,48
321792,40224,488.46,19.74,0.70,48
321792,40224,3416.75,86.85,30.46,48
321792,40224,-1138.96,23.64,67.75,48
321792,40224,3829.52,85.27,0.72,48
321792,40224,3873.38,85.81,1.46,48
321792,40224,-1747.37,88.69,417.04,48
322176,40272,2990.20,85.63,58.46,48
322176,40272,3940.46,87.41,0.00,48
322176,40272,2538.35,84.81,90.47,48
322176,40272,3559.11,86.15,18.12,48
322176,40272,3502.22,85.34,20.91,48
322176,40272,368.47,18.90,5.66,48
322176,40272,-292.55,20.67,31.86,48
322176,40272,1283.62,85.73,183.53,48
322560,40320,-197.39,25.02,38.39,48
322560,40320,2342.82,84.46,99.68,48
322560,40320,2132.08,83.71,111.81,48
322560,40320,3731.87,84.50,0.00,48
322560,40320,3693.52,83.31,0.10,48
322560,40320,-1300.27,16.87,68.21,48
322560,40320,3668.14,85.91,17.88,48
322560,40320,714.33,27.21,3.75,48
322944,40368,806.01,24.32,0.00,48
322944,40368,3844.79,86.28,1.83,48
322944,40368,3556.62,85.46,19.69,48
322944,40368,3650.28,82.13,0.31,48
322944,40368,1438.93,87.24,180.30,48
322944,40368,444.49,22.68,8.40,48
322944,40368,218.79,22.40,16.36,48
322944,40368,1007.79,86.52,207.76,48
323328,40416,3692.62,85.37,8.70,48
323328,40416,-835.13,21.59,58.15,48
323328,40416,3610.37,84.63,12.62,48
323328,40416,-338.81,22.10,38.13,48
323328,40416,-1980.91,25.74,106.70,48
323328,40416,3725.12,85.18,4.35,48
323328,40416,-1082.36,21.48,65.91,48
323328,40416,3772.18,87.01,6.89,48
323712,40464,3945.96,87.17,0.18,48
323712,40464,3866.53,86.52,0.61,48
323712,40464,3765.27,84.62,0.69,48
323712,40464,3481.29,83.16,13.38,48
323712,40464,-693.05,23.37,51.46,48
323712,40464,3086.77,84.95,47.66,48
323712,40464,3747.90,84.25,0.18,48
323712,40464,281.29,23.04,17.06,48
324096,40512,3632.60,89.30,30.58,48
324096,40512,-538.38,21.13,45.48,48
324096,40512,3772.29,85.38,5.62,48
324096,40512,3548.78,84.14,8.47,48
324096,40512,3457.38,87.87,36.83,48
324096,40512,3685.61,85.06,8.84,48
324096,40512,3744.03,85.04,0.00,48
324096,40512,-1003.68,22.71,65.68,48
324480,40560,-9416.55,23.00,383.69,48
324480,40560,489.68,16.67,0.00,48
324480,40560,-1908.42,18.83,93.08,48
324480,40560,2718.71,84.90,74.00,48
324480,40560,898.55,89.04,220.21,48
324480,40560,70.36,21.88,25.27,48
324480,40560,2291.11,82.91,97.75,48
324480,40560,3641.31,81.55,0.00,48
324864,40608,1601.84,82.54,142.50,48
324864,40608,640.03,21.60,0.31,48
324864,40608,3634.39,84.55,14.26,48
324864,40608,3693.08,85.10,10.05,48
324864,40608,3789.15,84.62,0.54,48
324864,40608,2488.87,82.76,88.54,48
324864,40608,3622.43,85.64,18.88,48
324864,40608,-3061.28,21.62,139.88,48
325248,40656,3354.58,89.13,49.11,48
325248,40656,1895.28,82.50,123.88,48
325248,40656,-10063.86,24.10,406.53,48
325248,40656,-8842.87,23.05,364.73,48
325248,40656,521.25,16.69,0.74,48
325248,40656,-1291.65,20.13,72.09,48
325248,40656,3342.60,88.67,48.66,48
325248,40656,-443.29,25.32,47.52,48
325632,40704,-2268.72,88.56,449.45,48
325632,40704,3842.09,85.85,0.23,48
325632,40704,1683.94,89.61,172.87,48
325632,40704,-2098.61,20.70,103.39,48
325632,40704,-301.89,23.06,37.50,48
325632,40704,2174.61,83.98,109.28,48
325632,40704,672.22,22.52,0.31,48
325632,40704,1264.88,83.88,177.56,48
326016,40752,-2583.13,20.86,121.93,48
326016,40752,3686.09,84.22,1.01,48
326016,40752,1660.98,85.19,156.75,48
326016,40752,-461.64,19.62,40.45,48
326016,40752,620.13,23.61,6.23,48
326016,40752,2258.02,83.61,105.19,48
326016,40752,3843.00,85.83,0.00,48
326016,40752,-4821.78,87.99,633.13,48
326400,40800,179.14,22.15,19.40,48
326400,40800,3690.42,84.28,1.31,48
326400,40800,-8708.83,21.76,354.00,48
326400,40800,3226.42,83.48,34.79,48
326400,40800,3373.96,83.55,23.91,48
326400,40800,3257.18,89.18,53.24,48
326400,40800,3878.11,86.52,4.08,48
326400,40800,3766.35,85.23,6.42,48
326784,40848,235.65,23.31,19.29,48
326784,40848,3732.10,86.48,7.73,48
326784,40848,3749.68,83.64,0.00,48
326784,40848,3694.29,84.52,2.39,48
326784,40848,705.50,25.37,4.45,48
326784,40848,2461.67,83.02,86.44,48
326784,40848,693.31,21.75,0.00,48
326784,40848,2158.40,85.09,115.03,48
327168,40896,1946.41,80.95,120.62,48
327168,40896,3458.93,85.03,19.28,48
327168,40896,529.32,18.68,0.00,48
327168,40896,3382.76,83.76,27.25,48
327168,40896,1952.77,84.64,127.86,48
327168,40896,-5871.93,25.65,255.70,48
327168,40896,-1192.33,84.92,356.70,48
327168,40896,3581.35,83.46,10.46,48
327552,40944,2956.68,86.91,64.46,48
327552,40944,2956.62,85.06,58.19,48
327552,40944,2909.33,84.92,65.51,48
327552,40944,3487.93,86.32,27.54,48
327552,40944,3715.42,84.67,3.03,48
327552,40944,2857.99,84.68,65.63,48
327552,40944,3727.01,85.22,4.17,48
327552,40944,3960.75,87.66,0.28,48
327936,40992,-681.29,20.99,49.77,48
327936,40992,3838.51,86.37,3.99,48
327936,40992,-969.99,22.69,65.68,48
327936,40992,3626.04,85.02,11.32,48
327936,40992,-1170.36,22.19,71.73,48
327936,40992,3159.46,84.49,42.85,48
327936,40992,3108.72,87.80,63.48,48
327936,40992,-4215.32,21.53,182.41,48
328320,41040,3729.63,85.01,7.55,48
328320,41040,2345.57,85.76,110.40,48
328320,41040,3695.49,83.37,1.28,48
328320,41040,122.18,19.14,18.80,48
328320,41040,2729.05,82.94,63.94,48
328320,41040,3550.25,87.18,28.95,48
328320,41040,3818.51,86.81,2.98,48
328320,41040,-4320.78,20.71,186.87,48
328704,41088,1808.03,83.87,139.75,48
328704,41088,691.37,21.78,1.38,48
328704,41088,3949.56,87.56,0.88,48
328704,41088,3867.18,85.39,0.00,48
328704,41088,666.15,21.99,0.87,48
328704,41088,3781.17,85.41,0.69,48
328704,41088,605.18,19.27,0.00,48
328704,41088,3626.11,85.09,12.53,48
329088,41136,544.53,18.06,2.39,48
329088,41136,3071.96,86.86,55.58,48
329088,41136,-431.86,21.07,43.69,48
329088,41136,4076.35,88.75,1.22,48
329088,41136,3594.32,83.60,3.75,48
329088,41136,3920.60,87.80,0.66,48
329088,41136,3642.93,83.17,4.17,48
329088,41136,3691.73,87.64,19.98,48
329472,41184,3490.90,84.49,20.33,48
329472,41184,1198.59,85.25,186.59,48
329472,41184,-207.10,21.95,32.44,48
329472,41184,2802.57,81.60,60.66,48
329472,41184,-208.82,24.67,38.82,48
329472,41184,664.99,20.82,2.73,48
329472,41184,3158.42,85.44,43.27,48
329472,41184,3376.18,89.89,54.46,48
329856,41232,3699.43,82.50,1.84,48
329856,41232,3375.99,88.94,47.09,48
329856,41232,-216.32,19.26,29.15,48
329856,41232,561.62,20.18,0.83,48
329856,41232,577.45,19.38,2.76,48
329856,41232,2815.76,86.45,82.68,48
329856,41232,3639.40,88.38,23.02,48
329856,41232,-3272.01,87.64,519.39,48
330240,41280,-16546.52,26.77,660.66,48
330240,41280,3878.14,86.56,1.00,48
330240,41280,-22.31,24.18,28.26,48
330240,41280,3897.05,85.99,0.00,48
330240,41280,3858.51,86.71,0.34,48
330240,41280,570.79,18.70,0.00,48
330240,41280,3739.81,83.75,0.00,48
330240,41280,3895.45,86.65,0.78,48
330624,41328,3735.05,84.69,2.17,48
330624,41328,-360.87,23.08,37.27,48
330624,41328,3780.94,85.10,1.31,48
330624,41328,1506.62,82.55,153.92,48
330624,41328,3685.90,86.32,12.66,48
330624,41328,3769.04,83.67,0.43,48
330624,41328,-1299.32,22.77,74.14,48
330624,41328,3546.94,88.51,33.39,48
331008,41376,2507.02,87.32,98.42,48
331008,41376,513.39,24.60,11.51,48
331008,41376,-908.74,22.91,59.27,48
331008,41376,-3192.89,22.59,147.96,48
331008,41376,3383.13,85.96,30.21,48
331008,41376,3574.26,84.23,13.81,48
331008,41376,3585.26,85.90,13.78,48
331008,41376,1699.69,82.75,143.94,48
331392,41424,3854.52,85.56,1.48,48
331392,41424,-149.64,23.45,33.61,48
331392,41424,2308.79,87.48,116.51,48
331392,41424,-759.92,21.18,48.95,48
331392,41424,618.24,21.94,2.67,48
331392,41424,2837.87,85.57,70.54,48
331392,41424,-7605.88,19.21,309.36,48
331392,41424,2250.02,87.26,123.51,48
331776,41472,3781.79,86.16,9.18,48
331776,41472,3682.16,82.62,0.92,48
331776,41472,3931.75,86.56,0.00,48
331776,41472,2579.20,85.45,90.87,48
331776,41472,3842.55,85.90,3.01,48
331776,41472,3977.16,87.39,2.15,48
331776,41472,3680.49,83.26,1.79,48
331776,41472,3434.14,84.40,24.17,48
332160,41520,3722.16,83.86,0.76,48
332160,41520,-3998.43,21.54,175.26,48
332160,41520,3765.47,87.07,10.03,48
332160,41520,517.82,21.16,8.45,48
332160,41520,594.93,22.68,3.94,48
332160,41520,1895.10,86.33,144.49,48
332160,41520,3921.46,86.74,0.00,48
332160,41520,1912.40,82.79,125.24,48
332544,41568,3154.49,83.97,40.10,48
332544,41568,3880.18,86.30,1.17,48
332544,41568,-8910.01,20.88,361.66,48
332544,41568,567.81,18.64,0.81,48
332544,41568,-263.04,22.84,39.17,48
332544,41568,3922.13,88.53,5.26,48
332544,41568,3444.34,85.55,28.57,48
332544,41568,3731.05,84.39,3.32,48
332928,41616,-3085.99,22.98,139.47,48
332928,41616,3084.35,85.46,54.17,48
332928,41616,3332.48,83.01,23.59,48
332928,41616,3794.59,84.83,0.00,48
332928,41616,544.31,20.65,1.37,48
332928,41616,111.08,22.34,23.68,48
332928,41616,-12375.25,21.92,491.97,48
332928,41616,3567.40,84.27,15.15,48
333312,41664,87.49,23.92,21.96,48
333312,41664,-597.50,22.44,51.68,48
333312,41664,3302.95,83.35,29.15,48
333312,41664,3448.79,82.67,17.49,48
333312,41664,3809.61,85.74,1.34,48
333312,41664,511.72,22.91,4.93,48
333312,41664,3905.64,85.94,0.00,48
333312,41664,502.24,83.18,229.42,48
333696,41712,3686.09,83.87,2.90,48
333696,41712,3946.04,88.82,4.45,48
333696,41712,-388.92,24.77,43.98,48
333696,41712,-352.39,20.93,37.10,48
333696,41712,2431.55,88.19,110.74,48
333696,41712,2101.23,85.35,122.92,48
333696,41712,3699.92,82.83,0.25,48
333696,41712,3094.89,86.78,54.13,48
334080,41760,3145.22,85.44,47.64,48
334080,41760,1358.68,86.68,179.26,48
334080,41760,263.22,21.77,15.11,48
334080,41760,3783.37,85.84,4.66,48
334080,41760,-3400.40,85.31,514.90,48
334080,41760,-1952.79,22.51,102.59,48
334080,41760,2773.45,82.77,60.71,48
334080,41760,3752.10,83.53,0.09,48
334464,41808,584.76,18.95,0.09,48
334464,41808,1519.88,86.48,171.68,48
334464,41808,3499.86,84.75,19.72,48
334464,41808,3301.18,87.05,44.53,48
334464,41808,3689.33,83.93,0.56,48
334464,41808,3752.10,83.74,0.00,48
334464,41808,3565.62,85.35,15.81,48
334464,41808,3617.16,83.13,8.17,48
334848,41856,587.82,17.92,0.10,48
334848,41856,2407.46,87.52,107.76,48
334848,41856,3760.97,85.13,0.02,48
334848,41856,4148.20,90.50,0.01,48
334848,41856,3704.71,86.44,1.53,48
334848,41856,3625.57,81.99,0.92,48
334848,41856,-4589.94,20.73,196.12,48
334848,41856,3912.55,86.54,0.78,48
335232,41904,-4175.26,87.43,582.99,48
335232,41904,556.05,19.17,0.76,48
335232,41904,3788.56,86.72,8.87,48
335232,41904,1577.95,86.57,168.71,48
335232,41904,2856.33,83.07,57.36,48
335232,41904,3836.33,86.12,3.22,48
335232,41904,1828.36,88.75,161.30,48
335232,41904,3737.68,85.41,5.59,48
335616,41952,636.68,18.99,0.00,48
335616,41952,2812.63,87.11,80.99,48
335616,41952,161.87,18.61,14.56,48
335616,41952,2001.07,86.20,132.66,48
335616,41952,3772.61,85.21,0.62,48
335616,41952,2034.60,82.72,124.37,48
335616,41952,578.78,23.66,8.48,48
335616,41952,3724.67,90.11,25.28,48
336000,42000,610.06,18.76,0.32,48
336000,42000,61.56,25.99,30.00,48
336000,42000,3775.49,83.71,0.47,48
336000,42000,3848.79,85.72,0.76,48
336000,42000,267.70,20.25,13.97,48
336000,42000,526.21,19.41,0.66,48
336000,42000,287.09,18.89,13.24,48
336000,42000,2868.68,86.48,69.48,48
336384,42048,503.36,19.49,0.59,48
336384,42048,258.63,25.31,19.93,48
336384,42048,1869.02,84.60,139.21,48
336384,42048,3691.99,85.40,8.08,48
336384,42048,-905.37,83.98,335.82,48
336384,42048,1513.77,84.98,161.93,48
336384,42048,-10.31,20.92,22.15,48
336384,42048,2977.16,84.41,54.50,48
336768,42096,228.65,18.67,13.66,48
336768,42096,3734.34,83.64,0.00,48
336768,42096,3641.90,83.98,5.99,48
336768,42096,422.43,23.93,13.16,48
336768,42096,-3051.30,22.19,139.93,48
336768,42096,3559.86,81.21,0.31,48
336768,42096,-1169.00,23.69,72.48,48
336768,42096,3950.67,87.74,0.00,48
337152,42144,738.16,86.39,227.34,48
337152,42144,421.44,25.51,15.24,48
337152,42144,-657.45,17.81,45.18,48
337152,42144,-3195.18,23.08,148.21,48
337152,42144,-2483.51,84.37,446.21,48
337152,42144,3570.71,85.39,20.74,48
337152,42144,3288.90,84.07,28.98,48
337152,42144,3592.10,84.26,7.23,48
337536,42192,3700.90,85.98,8.89,48
337536,42192,-2859.43,19.08,131.46,48
337536,42192,1940.67,86.16,137.83,48
337536,42192,3802.28,85.58,2.46,48
337536,42192,2272.91,85.38,112.58,48
337536,42192,617.13,20.19,0.31,48
337536,42192,1453.84,87.70,180.71,48
337536,42192,3745.52,83.46,0.00,48
337920,42240,3404.70,84.66,28.94,48
337920,42240,1358.29,85.39,171.11,48
337920,42240,3214.93,86.08,43.91,48
337920,42240,2670.82,81.32,70.89,48
337920,42240,2692.44,85.27,81.18,48
337920,42240,-132.25,21.04,26.89,48
337920,42240,-1124.28,22.29,70.78,48
337920,42240,3852.10,86.65,3.50,48
338304,42288,1036.44,86.47,205.24,48
338304,42288,2378.86,82.11,88.15,48
338304,42288,1064.44,86.21,202.14,48
338304,42288,179.84,18.88,12.48,48
338304,42288,3512.24,84.21,17.74,48
338304,42288,3717.66,84.48,0.72,48
338304,42288,2230.33,85.41,111.82,48
338304,42288,-7.62,21.79,26.11,48
338688,42336,-5170.93,25.52,224.95,48
338688,42336,-2341.56,23.96,115.67,48
338688,42336,-3867.94,24.61,176.26,48
338688,42336,3946.12,87.80,1.60,48
338688,42336,-4852.69,24.72,215.87,48
338688,42336,3546.68,85.75,23.52,48
338688,42336,-90.87,21.99,30.04,48
338688,42336,-369.75,85.44,299.07,48
339072,42384,2979.48,84.57,55.20,48
339072,42384,3670.39,83.71,4.58,48
339072,42384,3844.09,85.81,0.32,48
339072,42384,3111.07,83.72,40.45,48
339072,42384,3612.99,89.38,32.04,48
339072,42384,-3638.15,23.70,165.74,48
339072,42384,3689.30,83.77,2.89,48
339072,42384,-304.33,21.31,36.45,48
339456,42432,-606.20,23.91,52.79,48
339456,42432,2954.91,84.55,58.38,48
339456,42432,3625.47,88.44,24.83,48
339456,42432,-1843.94,20.94,92.86,48
339456,42432,-1023.16,83.87,341.70,48
339456,42432,3365.12,87.75,42.49,48
339456,42432,574.74,18.73,0.09,48
339456,42432,2095.61,86.92,131.85,48
339840,42480,1561.43,84.98,161.35,48
339840,42480,2617.53,82.52,77.39,48
339840,42480,3809.39,86.50,0.96,48
339840,42480,1499.00,88.46,183.65,48
339840,42480,3682.21,83.65,0.81,48
339840,42480,-3507.08,22.12,156.50,48
339840,42480,604.66,21.97,5.18,48
339840,42480,2270.96,85.49,113.05,48
340224,42528,3741.46,84.88,4.38,48
340224,42528,2894.07,86.40,71.64,48
340224,42528,2156.45,84.65,115.42,48
340224,42528,260.64,19.59,12.84,48
340224,42528,-1228.26,86.69,372.18,48
340224,42528,-3555.78,21.47,160.03,48
340224,42528,3812.71,85.04,3.05,48
340224,42528,3810.57,85.83,1.38,48
340608,42576,3723.24,85.82,6.92,48
340608,42576,3782.85,84.76,0.01,48
340608,42576,3855.14,85.77,0.72,48
340608,42576,3281.86,88.99,53.36,48
340608,42576,3724.50,82.80,1.17,48
340608,42576,3736.77,83.53,0.00,48
340608,42576,519.04,17.84,0.00,48
340608,42576,3716.40,83.07,0.27,48
340992,42624,3713.31,87.08,13.00,48
340992,42624,1760.28,87.41,157.49,48
340992,42624,1979.63,89.52,149.40,48
340992,42624,3924.20,87.62,4.45,48
340992,42624,675.64,20.94,0.60,48
340992,42624,3683.29,85.47,11.70,48
340992,42624,3568.05,86.43,21.28,48
340992,42624,3820.04,85.96,1.63,48
341376,42672,574.55,19.56,1.68,48
341376,42672,244.16,16.21,9.11,48
341376,42672,377.56,21.52,10.52,48
341376,42672,3658.79,83.65,1.38,48
341376,42672,2854.87,87.34,78.81,48
341376,42672,3797.44,86.68,5.57,48
341376,42672,1295.07,85.08,180.33,48
341376,42672,3692.79,85.27,7.47,48
341760,42720,3733.48,85.71,7.75,48
341760,42720,527.88,17.97,1.39,48
341760,42720,3577.54,83.29,9.16,48
341760,42720,3673.29,83.04,0.00,48
341760,42720,3519.41,86.80,28.65,48
341760,42720,615.49,21.46,1.22,48
341760,42720,3193.80,85.81,49.53,48
341760,42720,3391.93,85.59,35.08,48
342144,42768,3958.27,88.00,0.18,48
342144,42768,3747.21,85.35,1.31,48
342144,42768,1378.58,85.21,173.88,48
342144,42768,461.96,26.63,14.99,48
342144,42768,4007.55,88.47,1.71,48
342144,42768,3432.86,86.24,27.95,48
342144,42768,2920.75,85.98,64.29,48
342144,42768,697.61,22.47,2.19,48
342528,42816,3576.17,84.68,16.73,48
342528,42816,538.53,17.37,0.02,48
342528,42816,623.38,21.50,4.34,48
342528,42816,1236.16,86.72,191.06,48
342528,42816,2431.01,87.62,112.50,48
342528,42816,-2730.35,84.65,471.00,48
342528,42816,-1333.40,22.83,77.37,48
342528,42816,3940.04,87.41,0.05,48
342912,42864,2448.90,83.90,93.13,48
342912,42864,2543.91,86.97,101.41,48
342912,42864,3764.98,85.49,5.43,48
342912,42864,651.18,23.54,1.55,48
342912,42864,3512.26,85.45,23.08,48
342912,42864,3560.05,82.99,9.75,48
342912,42864,659.70,23.08,2.15,48
342912,42864,3917.68,87.23,0.26,48
343296,42912,3709.12,82.58,0.23,48
343296,42912,3858.57,86.12,2.04,48
343296,42912,590.83,23.18,2.96,48
343296,42912,3665.10,83.22,1.34,48
343296,42912,3874.26,85.98,0.82,48
343296,42912,1579.21,87.01,167.56,48
343296,42912,1390.10,88.38,187.32,48
343296,42912,565.63,21.85,1.46,48
343680,42960,233.34,22.58,14.47,48
343680,42960,3461.80,79.85,1.35,48
343680,42960,1825.27,84.01,134.67,48
343680,42960,-16.08,20.69,24.91,48
343680,42960,-3294.56,84.67,507.68,48
343680,42960,3049.09,87.56,66.03,48
343680,42960,2736.28,82.28,63.24,48
343680,42960,3577.49,86.57,16.98,48
344064,43008,-950.11,23.77,66.74,48
344064,43008,413.82,23.76,13.05,48
344064,43008,3348.62,83.39,24.89,48
344064,43008,3555.95,84.43,17.52,48
344064,43008,3769.42,85.66,2.20,48
344064,43008,3930.98,87.31,1.38,48
344064,43008,3394.81,85.34,27.70,48
344064,43008,264.14,18.18,9.90,48
344448,43056,647.08,21.19,0.79,48
344448,43056,2831.65,84.99,66.83,48
344448,43056,404.66,21.00,10.93,48
344448,43056,3523.43,82.69,11.66,48
344448,43056,366.73,16.73,1.64,48
344448,43056,-2593.66,21.86,127.02,48
344448,43056,4040.39,88.82,0.26,48
344448,43056,3856.13,86.51,4.03,48
344832,43104,666.09,22.55,2.39,48
344832,43104,-3991.45,85.63,562.43,48
344832,43104,450.23,22.37,6.87,48
344832,43104,3703.08,83.48,0.00,48
344832,43104,3349.12,84.56,35.01,48
344832,43104,422.03,19.27,4.44,48
344832,43104,3803.48,88.87,17.24,48
344832,43104,43.32,19.52,16.41,48
345216,43152,604.32,22.78,4.33,48
345216,43152,549.77,21.58,4.99,48
345216,43152,536.08,18.91,2.66,48
345216,43152,3761.03,82.85,0.00,48
345216,43152,3389.47,85.14,30.00,48
345216,43152,3166.53,80.79,28.89,48
345216,43152,1572.98,87.80,169.96,48
345216,43152,3867.50,84.82,0.00,48
345600,43200,3640.12,83.01,1.15,48
345600,43200,3726.18,84.30,1.82,48
345600,43200,3715.42,84.42,4.96,48
345600,43200,-2118.17,18.49,100.02,48
345600,43200,3953.67,87.09,0.00,48
345600,43200,586.67,19.30,0.69,48
345600,43200,-410.18,21.98,42.23,48
345600,43200,1406.98,88.66,189.91,48
345984,43248,572.12,23.50,7.61,48
345984,43248,-3286.80,24.00,154.47,48
345984,43248,1937.19,84.58,131.86,48
345984,43248,-152.03,21.90,33.37,48
345984,43248,3125.59,85.80,53.28,48
345984,43248,568.93,21.24,5.76,48
345984,43248,3770.85,85.58,0.27,48
345984,43248,3637.30,82.99,0.05,48
346368,43296,3705.20,83.29,0.88,48
346368,43296,3699.02,87.79,14.14,48
346368,43296,3723.44,84.68,4.35,48
346368,43296,3462.38,87.74,36.00,48
346368,43296,-195.09,21.36,30.39,48
346368,43296,-404.14,19.24,36.77,48
346368,43296,-564.43,85.56,315.37,48
346368,43296,3614.78,84.95,13.73,48
346752,43344,3761.41,85.98,6.56,48
346752,43344,3287.72,83.93,29.41,48
346752,43344,3477.80,82.08,6.83,48
346752,43344,1398.23,84.07,164.43,48
346752,43344,3642.69,84.40,9.37,48
346752,43344,-1199.54,21.93,69.71,48
346752,43344,-3898.96,87.01,558.40,48
346752,43344,3680.76,86.03,17.67,48
347136,43392,420.57,19.14,3.97,48
347136,43392,-917.03,22.09,60.79,48
347136,43392,-3060.39,18.74,138.17,48
347136,43392,-405.93,17.63,36.29,48
347136,43392,3528.01,82.37,10.33,48
347136,43392,-1127.70,85.46,358.60,48
347136,43392,-333.15,21.41,38.38,48
347136,43392,3853.46,86.56,0.00,48
347520,43440,2627.81,83.85,75.69,48
347520,43440,-3970.58,19.97,174.23,48
347520,43440,3941.03,88.00,0.10,48
347520,43440,3166.95,84.56,43.00,48
347520,43440,2765.98,85.68,77.40,48
347520,43440,3822.50,86.71,2.44,48
347520,43440,3913.23,86.89,0.54,48
347520,43440,3245.64,80.46,22.21,48
347904,43488,-49.69,21.25,25.19,48
347904,43488,570.81,18.67,0.32,48
347904,43488,391.77,21.01,6.23,48
347904,43488,-909.14,21.67,59.07,48
347904,43488,3756.73,84.02,0.00,48
347904,43488,3810.11,86.01,0.58,48
347904,43488,-1330.87,21.10,76.86,48
347904,43488,391.23,24.74,15.01,48
348288,43536,2955.74,86.83,66.86,48
348288,43536,-14215.75,23.19,567.04,48
348288,43536,2815.36,88.16,81.58,48
348288,43536,586.41,19.45,0.88,48
348288,43536,3730.70,83.32,0.26,48
348288,43536,3602.62,84.42,14.68,48
348288,43536,3241.98,85.83,44.88,48
348288,43536,3729.26,86.39,10.82,48
348672,43584,-390.19,18.87,35.36,48
348672,43584,3713.97,84.77,1.64,48
348672,43584,314.20,17.98,5.39,48
348672,43584,3635.89,84.38,9.90,48
348672,43584,3639.13,87.52,22.35,48
348672,43584,2952.05,87.92,72.55,48
348672,43584,3657.31,87.25,16.22,48
348672,43584,3528.98,85.82,20.36,48
349056,43632,3672.35,83.83,2.09,48
349056,43632,3435.92,87.67,37.00,48
349056,43632,3604.49,82.33,0.25,48
349056,43632,514.73,24.18,10.65,48
349056,43632,-108.51,21.87,29.70,48
349056,43632,500.26,18.55,0.00,48
349056,43632,3375.92,81.53,17.01,48
349056,43632,3507.51,87.48,34.76,48
349440,43680,2404.24,84.00,94.39,48
349440,43680,3469.74,88.37,38.49,48
349440,43680,3791.73,85.41,2.33,48
349440,43680,3737.98,84.28,0.58,48
349440,43680,-1833.07,21.06,97.55,48
349440,43680,299.34,22.55,17.11,48
349440,43680,2434.94,84.94,99.35,48
349440,43680,471.12,17.64,2.18,48
349824,43728,-3583.70,19.96,155.61,48
349824,43728,3377.47,85.59,37.35,48
349824,43728,-714.21,21.64,51.93,48
349824,43728,3724.19,84.10,4.15,48
349824,43728,546.67,21.18,3.48,48
349824,43728,3104.98,85.81,52.15,48
349824,43728,3676.25,83.56,4.36,48
349824,43728,2903.72,87.70,74.00,48
350208,43776,793.28,24.26,0.26,48
350208,43776,3380.47,89.91,51.79,48
350208,43776,-2298.15,86.56,443.48,48
350208,43776,-1094.53,19.09,57.37,48
350208,43776,3652.52,85.80,11.91,48
350208,43776,3681.35,84.19,6.00,48
350208,43776,463.82,20.26,4.39,48
350208,43776,3613.28,85.20,8.70,48
350592,43824,-3132.78,19.16,139.56,48
350592,43824,2783.93,85.37,72.11,48
350592,43824,-758.45,25.73,61.84,48
350592,43824,2021.98,86.00,130.65,48
350592,43824,3421.32,85.65,27.80,48
350592,43824,3516.85,85.04,19.05,48
350592,43824,-325.81,87.70,308.96,48
350592,43824,164.39,23.15,19.72,48
350976,43872,2173.41,89.02,132.96,48
350976,43872,3676.39,87.55,20.25,48
350976,43872,3201.15,85.58,42.21,48
350976,43872,1870.57,81.94,128.01,48
350976,43872,479.28,17.15,2.70,48
350976,43872,3786.04,84.60,0.07,48
350976,43872,-2734.05,17.96,121.66,48
350976,43872,1685.29,87.18,162.19,48
351360,43920,-35.80,20.79,24.86,48
351360,43920,3790.71,84.85,0.00,48
351360,43920,3516.13,84.43,15.41,48
351360,43920,3644.10,85.07,8.29,48
351360,43920,-4558.40,24.81,198.84,48
351360,43920,-544.39,23.21,48.52,48
351360,43920,2357.71,83.44,96.48,48
351360,43920,585.79,21.01,1.83,48
351744,43968,-956.48,22.63,66.36,48
351744,43968,546.88,21.12,3.31,48
351744,43968,-4009.79,22.07,179.86,48
351744,43968,3381.04,83.33,20.27,48
351744,43968,3784.47,84.97,0.00,48
351744,43968,602.04,17.98,0.10,48
351744,43968,3641.27,82.66,1.29,48
351744,43968,-1914.88,21.68,98.63,48
352128,44016,313.22,19.08,9.55,48
352128,44016,3383.01,85.40,28.24,48
352128,44016,434.80,21.89,9.58,48
352128,44016,408.08,21.78,8.42,48
352128,44016,3987.99,87.78,0.01,48
352128,44016,3508.32,85.04,18.34,48
352128,44016,-2161.10,17.69,102.44,48
352128,44016,1232.62,85.76,188.42,48
352512,44064,3501.13,83.60,16.00,48
352512,44064,3770.84,87.02,9.85,48
352512,44064,2321.58,84.38,98.79,48
352512,44064,2527.82,84.82,90.22,48
352512,44064,3170.38,83.13,36.81,48
352512,44064,1320.41,85.94,177.86,48
352512,44064,3895.78,86.97,1.57,48
352512,44064,2095.18,85.31,126.22,48
352896,44112,805.87,25.33,0.05,48
352896,44112,627.73,20.52,1.24,48
352896,44112,571.81,22.24,2.68,48
352896,44112,3890.90,86.44,0.00,48
352896,44112,-464.58,21.10,40.76,48
352896,44112,1418.86,85.02,167.07,48
352896,44112,3873.79,87.67,2.89,48
352896,44112,437.70,86.50,247.50,48
353280,44160,3091.46,82.23,37.59,48
353280,44160,-583.88,20.47,42.39,48
353280,44160,2251.04,86.14,113.72,48
353280,44160,3416.68,87.29,31.60,48
353280,44160,-8896.02,22.91,364.76,48
353280,44160,3819.80,85.38,2.18,48
353280,44160,2632.78,80.28,62.98,48
353280,44160,3628.33,84.46,8.40,48
353664,44208,1009.74,84.59,196.21,48
353664,44208,3531.16,84.78,16.25,48
353664,44208,3734.78,85.23,3.03,48
353664,44208,-1584.27,88.86,402.43,48
353664,44208,3894.96,87.13,2.34,48
353664,44208,3733.96,84.71,1.54,48
353664,44208,548.31,19.28,0.69,48
353664,44208,2194.97,81.62,101.79,48
354048,44256,3177.54,87.17,49.78,48
354048,44256,3718.84,85.97,10.47,48
354048,44256,3157.56,86.54,49.23,48
354048,44256,371.73,27.03,14.80,48
354048,44256,-3118.18,83.90,492.44,48
354048,44256,-2291.03,21.52,114.15,48
354048,44256,3565.45,81.38,0.00,48
354048,44256,3524.48,84.03,17.56,48
354432,44304,3758.09,84.42,4.25,48
354432,44304,1798.27,84.85,136.82,48
354432,44304,2569.96,83.37,80.70,48
354432,44304,3496.14,82.22,12.93,48
354432,44304,41.06,21.25,24.31,48
354432,44304,-294.19,21.71,41.00,48
354432,44304,3923.00,86.83,0.61,48
354432,44304,3065.58,85.05,54.31,48
354816,44352,2911.16,87.04,73.94,48
354816,44352,739.21,25.01,2.45,48
354816,44352,1316.79,84.95,176.13,48
354816,44352,-14688.20,24.54,588.56,48
354816,44352,3728.55,85.53,8.40,48
354816,44352,3809.22,87.95,12.97,48
354816,44352,3672.12,87.75,17.72,48
354816,44352,3446.66,85.54,21.31,48
355200,44400,-210.75,22.44,35.50,48
355200,44400,1630.21,86.20,162.17,48
355200,44400,3450.72,84.33,23.61,48
355200,44400,98.35,17.16,14.33,48
355200,44400,3467.61,85.33,23.32,48
355200,44400,-42.76,20.94,26.06,48
355200,44400,-216.28,20.51,32.95,48
355200,44400,3508.31,83.44,12.50,48
355584,44448,3872.39,86.30,0.62,48
355584,44448,1924.78,88.12,147.81,48
355584,44448,2930.63,86.04,65.90,48
355584,44448,3791.34,85.90,0.72,48
355584,44448,-2690.78,86.16,469.43,48
355584,44448,3773.95,85.82,0.04,48
355584,44448,3625.13,83.96,9.09,48
355584,44448,3553.48,82.65,4.59,48
355968,44496,3853.65,85.68,0.10,48
355968,44496,3841.70,87.15,2.18,48
355968,44496,3891.20,88.32,7.15,48
355968,44496,1751.34,89.63,168.41,48
355968,44496,3055.15,86.96,61.09,48
355968,44496,3883.28,86.85,0.43,48
355968,44496,1918.80,82.45,122.77,48
355968,44496,2832.11,86.83,73.69,48
356352,44544,-769.93,22.14,52.99,48
356352,44544,-369.73,22.61,41.14,48
356352,44544,3707.32,84.50,7.67,48
356352,44544,691.51,22.04,2.26,48
356352,44544,-341.61,19.61,33.16,48
356352,44544,3870.64,88.08,9.41,48
356352,44544,3454.45,84.40,21.26,48
356352,44544,2610.48,86.46,88.20,48
356736,44592,3797.34,85.87,1.22,48
356736,44592,3881.55,87.05,1.72,48
356736,44592,691.70,22.90,2.28,48
356736,44592,3197.67,84.91,42.38,48
356736,44592,118.24,21.27,21.21,48
356736,44592,2123.43,84.81,122.93,48
356736,44592,3135.49,83.28,39.76,48
356736,44592,2946.49,84.36,60.41,48
357120,44640,750.04,23.23,0.76,48
357120,44640,3284.03,86.82,42.30,48
357120,44640,3722.33,83.91,0.00,48
357120,44640,529.79,20.77,0.01,48
357120,44640,566.20,20.29,2.17,48
357120,44640,1868.38,85.55,140.43,48
357120,44640,2768.41,87.57,86.39,48
357120,44640,2770.63,83.88,65.49,48
357504,44688,3938.19,87.11,2.62,48
357504,44688,3240.12,83.82,32.90,48
357504,44688,1640.39,86.13,161.57,48
357504,44688,-35.64,22.16,26.46,48
357504,44688,3744.77,85.01,1.60,48
357504,44688,488.98,19.61,2.36,48
357504,44688,508.37,19.21,1.48,48
357504,44688,160.12,19.97,16.24,48
357888,44736,1684.05,85.94,158.32,48
357888,44736,-3942.79,20.43,171.09,48
357888,44736,4004.84,87.49,0.00,48
357888,44736,543.53,18.78,0.27,48
357888,44736,-1803.38,22.41,92.48,48
357888,44736,3186.59,84.37,42.17,48
357888,44736,3411.73,86.41,30.75,48
357888,44736,3139.67,83.26,38.62,48
358272,44784,-515.94,25.32,45.59,48
358272,44784,3436.29,88.04,38.02,48
358272,44784,-80.70,21.41,28.69,48
358272,44784,130.20,19.75,17.43,48
358272,44784,3566.69,80.83,0.00,48
358272,44784,92.69,21.31,20.42,48
358272,44784,-2328.19,19.45,105.88,48
358272,44784,3810.90,85.53,1.90,48
358656,44832,3974.98,87.50,0.01,48
358656,44832,3975.63,88.01,1.20,48
358656,44832,3490.78,86.12,26.07,48
358656,44832,456.67,21.68,7.33,48
358656,44832,3215.57,87.04,49.29,48
358656,44832,666.78,23.16,0.00,48
358656,44832,3353.87,83.99,22.22,48
358656,44832,2950.87,85.56,62.06,48
359040,44880,3788.26,84.05,0.00,48
359040,44880,-1395.87,21.91,78.27,48
359040,44880,3802.99,87.97,9.35,48
359040,44880,-2800.19,22.61,132.19,48
359040,44880,3917.12,88.45,6.17,48
359040,44880,3692.68,85.15,8.66,48
359040,44880,3717.27,84.00,1.94,48
359040,44880,1941.10,84.18,127.04,48
359424,44928,-3237.62,19.37,145.24,48
359424,44928,1405.81,84.69,169.92,48
359424,44928,-977.93,85.21,344.86,48
359424,44928,-4609.55,23.17,203.13,48
359424,44928,3819.60,85.57,4.05,48
359424,44928,-1077.15,88.37,363.00,48
359424,44928,3859.85,87.85,7.75,48
359424,44928,3910.45,86.91,1.24,48
359808,44976,3611.59,82.78,0.00,48
359808,44976,-1597.73,21.27,83.28,48
359808,44976,3881.94,86.56,1.44,48
359808,44976,3517.61,82.83,13.85,48
359808,44976,3634.57,87.05,18.82,48
359808,44976,-406.46,22.60,39.33,48
359808,44976,3814.57,85.57,0.86,48
359808,44976,1108.38,84.01,184.59,48
360192,45024,3788.90,84.50,0.00,48
360192,45024,3446.96,83.53,11.96,48
360192,45024,3450.82,83.34,16.28,48
360192,45024,3459.95,86.04,30.60,48
360192,45024,1583.43,85.34,161.51,48
360192,45024,3669.15,87.51,19.75,48
360192,45024,-48.04,22.38,25.94,48
360192,45024,3752.37,85.29,4.28,48
360576,45072,3468.87,86.83,32.75,48
360576,45072,1109.01,87.81,205.58,48
360576,45072,3782.35,85.69,4.65,48
360576,45072,581.08,18.18,0.00,48
360576,45072,203.65,23.30,22.65,48
360576,45072,2216.70,85.48,115.29,48
360576,45072,3846.33,88.23,9.11,48
360576,45072,3539.89,87.46,29.39,48
360960,45120,-5223.07,25.77,232.60,48
360960,45120,1649.02,86.17,163.18,48
360960,45120,3641.42,87.06,16.15,48
360960,45120,3738.63,83.92,3.66,48
360960,45120,3122.39,82.94,40.91,48
360960,45120,3926.90,86.36,0.61,48
360960,45120,254.13,18.57,9.90,48
360960,45120,3552.80,84.07,19.16,48
361344,45168,3968.16,87.17,0.92,48
361344,45168,143.83,17.68,15.15,48
361344,45168,3254.51,85.26,33.16,48
361344,45168,627.99,22.00,2.34,48
361344,45168,3438.96,83.70,22.19,48
361344,45168,1883.42,86.15,145.99,48
361344,45168,352.70,22.72,14.50,48
361344,45168,-3940.88,24.48,179.22,48
361728,45216,289.22,21.95,12.96,48
361728,45216,3434.91,89.05,45.24,48
361728,45216,-1047.49,22.31,66.19,48
361728,45216,575.05,20.96,0.33,48
361728,45216,2866.85,86.79,73.88,48
361728,45216,4011.53,88.93,1.48,48
361728,45216,424.36,22.80,12.36,48
361728,45216,2893.19,84.08,58.16,48
362112,45264,2890.91,87.30,73.46,48
362112,45264,3849.36,86.89,4.79,48
362112,45264,3732.73,84.07,0.00,48
362112,45264,3588.64,82.39,3.06,48
362112,45264,584.06,19.18,0.04,48
362112,45264,-1832.25,22.82,95.20,48
362112,45264,3497.42,84.73,18.75,48
362112,45264,3867.92,85.34,0.00,48
362496,45312,3288.74,88.43,50.88,48
362496,45312,3841.89,85.31,0.69,48
362496,45312,2901.57,87.30,70.71,48
362496,45312,54.29,19.23,16.64,48
362496,45312,3694.04,84.38,2.25,48
362496,45312,3813.82,85.82,1.32,48
362496,45312,3646.32,83.22,1.94,48
362496,45312,3894.09,86.29,0.00,48
362880,45360,2428.40,83.04,87.39,48
362880,45360,616.47,25.93,8.51,48
362880,45360,3480.37,82.85,16.33,48
362880,45360,3872.18,89.31,12.17,48
362880,45360,3404.82,87.20,39.81,48
362880,45360,3037.52,88.82,72.12,48
362880,45360,3807.13,85.51,1.66,48
362880,45360,121.69,18.83,15.14,48
363264,45408,3736.85,86.53,9.61,48
363264,45408,-16.69,22.76,25.87,48
363264,45408,599.75,20.80,1.34,48
363264,45408,605.94,26.36,9.44,48
363264,45408,-15346.37,24.32,613.48,48
363264,45408,3931.84,86.98,1.24,48
363264,45408,-195.24,22.18,33.23,48
363264,45408,745.27,21.87,0.00,48
363648,45456,2008.66,87.46,137.87,48
363648,45456,-4874.34,88.88,637.47,48
363648,45456,-550.51,22.48,47.23,48
363648,45456,-3131.34,23.89,146.61,48
363648,45456,3586.81,82.19,4.59,48
363648,45456,4038.01,88.51,1.29,48
363648,45456,3628.74,84.45,6.80,48
363648,45456,676.83,22.63,0.61,48
364032,45504,3811.80,88.26,11.07,48
364032,45504,3950.00,87.36,4.17,48
364032,45504,3773.46,86.12,5.99,48
364032,45504,3479.94,87.34,31.76,48
364032,45504,3688.87,86.60,12.53,48
364032,45504,2958.52,86.92,69.82,48
364032,45504,-1883.70,20.82,97.21,48
364032,45504,-1213.85,21.86,71.13,48
364416,45552,1172.69,87.33,198.03,48
364416,45552,2576.67,88.48,100.48,48
364416,45552,2243.13,85.28,109.91,48
364416,45552,3843.62,86.84,1.94,48
364416,45552,377.10,18.11,6.09,48
364416,45552,3227.77,87.06,45.67,48
364416,45552,-149.49,18.57,25.87,48
364416,45552,625.03,21.99,0.68,48
364800,45600,3368.34,87.93,42.16,48
364800,45600,-6323.92,19.08,264.54,48
364800,45600,-2933.84,19.30,134.46,48
364800,45600,3489.82,87.59,31.83,48
364800,45600,3396.09,84.82,29.43,48
364800,45600,-231.52,21.27,33.61,48
364800,45600,3446.20,85.28,28.23,48
364800,45600,1498.08,85.68,164.87,48
365184,45648,-2496.20,23.71,123.85,48
365184,45648,2256.54,85.71,109.69,48
365184,45648,3663.96,83.32,7.00,48
365184,45648,1665.34,84.91,151.33,48
365184,45648,3860.83,88.04,8.59,48
365184,45648,3894.02,86.04,0.05,48
365184,45648,3249.53,83.43,34.51,48
365184,45648,850.62,24.47,0.00,48
365568,45696,3764.77,85.63,2.23,48
365568,45696,-360.58,22.84,41.40,48
365568,45696,2003.12,86.38,133.38,48
365568,45696,2874.90,86.57,69.96,48
365568,45696,2114.68,85.18,117.70,48
365568,45696,1509.52,87.53,175.14,48
365568,45696,4018.91,87.97,0.00,48
365568,45696,3378.76,86.78,34.34,48
365952,45744,3505.53,87.28,27.93,48
365952,45744,2756.50,89.27,92.85,48
365952,45744,3401.97,88.67,46.63,48
365952,45744,435.61,22.50,10.33,48
365952,45744,3724.17,88.31,17.54,48
365952,45744,3748.38,83.23,0.10,48
365952,45744,3789.01,85.48,2.26,48
365952,45744,74.22,20.88,19.92,48
366336,45792,-3994.17,24.67,181.22,48
366336,45792,-4315.27,25.03,193.05,48
366336,45792,1933.95,83.60,128.44,48
366336,45792,3236.73,86.53,40.93,48
366336,45792,3743.45,85.24,5.92,48
366336,45792,3865.35,86.43,1.97,48
366336,45792,112.89,19.69,18.43,48
366336,45792,3858.12,86.78,3.10,48
366720,45840,-79.07,86.64,282.85,48
366720,45840,1586.95,85.61,160.22,48
366720,45840,3301.20,84.87,37.58,48
366720,45840,3909.99,87.02,0.43,48
366720,45840,-904.83,21.96,60.58,48
366720,45840,3741.63,84.73,0.00,48
366720,45840,-1376.08,19.01,74.87,48
366720,45840,3798.47,84.09,0.00,48
367104,45888,3578.53,84.80,14.86,48
367104,45888,3829.06,85.86,3.19,48
367104,45888,3539.13,81.83,4.72,48
367104,45888,644.03,22.96,2.33,48
367104,45888,-639.47,20.40,46.66,48
367104,45888,705.13,20.43,0.00,48
367104,45888,2117.68,85.10,122.37,48
367104,45888,-33.36,23.52,30.40,48
367488,45936,-3331.09,24.24,152.91,48
367488,45936,3126.26,86.32,56.22,48
367488,45936,1669.69,88.18,166.05,48
367488,45936,3346.14,85.37,34.97,48
367488,45936,3907.86,87.57,6.89,48
367488,45936,3800.97,88.01,12.18,48
367488,45936,4106.31,89.30,0.02,48
367488,45936,675.44,19.66,0.01,48
367872,45984,-1124.65,22.35,68.15,48
367872,45984,451.15,19.03,1.37,48
367872,45984,3744.35,85.33,2.16,48
367872,45984,3713.63,83.23,0.19,48
367872,45984,3002.34,85.57,59.84,48
367872,45984,3650.90,82.93,3.35,48
367872,45984,3919.60,87.59,1.38,48
367872,45984,3765.04,86.09,4.18,48
368256,46032,2831.01,85.06,70.20,48
368256,46032,3640.24,83.52,3.96,48
368256,46032,4044.09,89.30,1.64,48
368256,46032,3792.01,85.30,2.36,48
368256,46032,1274.53,85.63,181.95,48
368256,46032,-688.38,87.98,333.49,48
368256,46032,-235.82,23.87,39.16,48
368256,46032,-12836.95,21.08,510.31,48
368640,46080,3839.27,86.56,3.47,48
368640,46080,3627.44,82.60,0.00,48
368640,46080,3211.75,82.83,30.82,48
368640,46080,1630.43,85.43,153.44,48
368640,46080,1842.91,86.99,145.98,48
368640,46080,3680.21,83.10,0.00,48
368640,46080,-2620.84,20.34,122.65,48
368640,46080,2808.37,85.59,71.91,48
369024,46128,3678.72,84.93,10.57,48
369024,46128,2683.59,85.05,83.00,48
369024,46128,-1393.36,87.19,375.31,48
369024,46128,636.56,20.48,1.16,48
369024,46128,2804.78,83.15,62.05,48
369024,46128,2596.26,83.10,80.17,48
369024,46128,3974.70,88.25,0.23,48
369024,46128,3806.36,85.85,0.88,48
369408,46176,-1506.84,87.98,391.80,48
369408,46176,3555.86,84.02,7.95,48
369408,46176,3517.13,85.26,20.79,48
369408,46176,749.40,25.56,2.85,48
369408,46176,-1838.62,24.71,99.41,48
369408,46176,1715.24,83.01,141.95,48
369408,46176,2043.99,85.67,133.47,48
369408,46176,3408.00,86.60,31.96,48
369792,46224,3434.37,86.68,34.86,48
369792,46224,2996.55,85.27,61.75,48
369792,46224,3798.63,85.43,3.27,48
369792,46224,2053.63,84.56,119.97,48
369792,46224,3900.09,86.79,0.00,48
369792,46224,3852.38,85.40,0.23,48
369792,46224,-3237.02,21.30,148.87,48
369792,46224,3302.50,87.31,42.45,48
370176,46272,3462.56,85.01,27.34,48
370176,46272,3895.52,87.21,1.22,48
370176,46272,3916.13,87.77,4.00,48
370176,46272,3569.52,83.30,15.59,48
370176,46272,3398.30,83.04,19.82,48
370176,46272,1434.10,87.00,180.45,48
370176,46272,3740.72,85.24,5.98,48
370176,46272,3491.01,82.57,14.74,48
370560,46320,3794.21,85.83,1.28,48
370560,46320,3880.27,87.30,3.17,48
370560,46320,599.30,22.57,2.26,48
370560,46320,2141.94,85.91,126.27,48
370560,46320,3939.82,86.96,0.00,48
370560,46320,800.45,24.11,0.00,48
370560,46320,664.22,21.96,1.56,48
370560,46320,3752.32,84.22,0.33,48
370944,46368,3745.04,83.75,0.00,48
370944,46368,1518.76,86.55,167.31,48
370944,46368,3900.07,86.16,0.00,48
370944,46368,3195.95,85.29,46.43,48
370944,46368,3770.94,83.80,0.09,48
370944,46368,-1.28,20.59,23.00,48
370944,46368,233.51,17.74,8.82,48
370944,46368,3310.88,85.09,38.59,48
371328,46416,-519.71,84.94,307.42,48
371328,46416,3711.67,83.63,2.96,48
371328,46416,3846.01,87.69,5.11,48
371328,46416,3555.83,81.98,3.59,48
371328,46416,3870.97,86.42,2.50,48
371328,46416,1418.39,86.85,177.42,48
371328,46416,2226.60,84.27,105.11,48
371328,46416,-367.70,84.79,302.17,48
371712,46464,3858.97,85.38,0.00,48
371712,46464,-53.85,21.12,30.25,48
371712,46464,2756.85,86.38,81.81,48
371712,46464,-67.68,21.48,27.55,48
371712,46464,-1794.79,16.94,86.38,48
371712,46464,3598.50,82.16,3.03,48
371712,46464,2694.19,87.08,84.24,48
371712,46464,529.98,17.81,0.62,48
372096,46512,1614.36,84.31,155.01,48
372096,46512,3707.17,84.48,9.82,48
372096,46512,3877.25,86.83,0.03,48
372096,46512,3457.45,85.59,28.99,48
372096,46512,372.64,24.17,13.25,48
372096,46512,3834.26,86.23,0.89,48
372096,46512,3039.66,83.74,45.30,48
372096,46512,3814.54,84.39,0.19,48
372480,46560,3473.78,86.53,27.33,48
372480,46560,2742.51,83.90,74.43,48
372480,46560,3867.61,86.03,0.69,48
372480,46560,3799.27,86.25,4.22,48
372480,46560,615.06,21.74,1.83,48
372480,46560,2404.06,85.84,99.33,48
372480,46560,-3701.89,86.53,548.10,48
372480,46560,2366.68,87.61,112.89,48
372864,46608,3055.44,82.95,45.73,48
372864,46608,3769.05,84.55,2.62,48
372864,46608,676.23,20.34,0.00,48
372864,46608,-985.35,83.18,334.23,48
372864,46608,3250.82,83.74,34.39,48
372864,46608,-3289.38,24.57,153.33,48
372864,46608,267.80,25.20,19.34,48
372864,46608,-868.38,21.06,57.70,48
373248,46656,675.75,21.78,0.28,48
373248,46656,3327.45,85.59,32.65,48
373248,46656,2245.73,88.52,127.70,48
373248,46656,-1576.32,19.60,84.58,48
373248,46656,-2939.02,19.89,134.67,48
373248,46656,4034.33,89.32,5.17,48
373248,46656,1350.05,86.59,181.35,48
373248,46656,661.61,24.92,2.39,48
373632,46704,3376.69,80.48,14.60,48
373632,46704,-1380.94,21.09,79.33,48
373632,46704,3737.89,84.13,1.00,48
373632,46704,3525.95,82.80,9.71,48
373632,46704,3959.62,87.85,1.56,48
373632,46704,2244.77,88.04,122.48,48
373632,46704,3190.94,86.56,50.14,48
373632,46704,-4463.27,24.91,201.23,48
374016,46752,-1016.99,19.98,57.61,48
374016,46752,3844.46,87.47,3.21,48
374016,46752,-208.12,23.21,34.34,48
374016,46752,1781.52,87.03,154.45,48
374016,46752,2234.55,88.35,125.19,48
374016,46752,3905.99,86.79,1.28,48
374016,46752,-1174.90,22.28,72.80,48
374016,46752,3662.27,85.43,11.99,48
374400,46800,3807.39,86.73,4.01,48
374400,46800,3832.93,85.36,2.88,48
374400,46800,3753.99,83.72,0.60,48
374400,46800,518.00,16.66,0.00,48
374400,46800,3338.99,85.44,34.13,48
374400,46800,-4192.38,88.56,587.80,48
374400,46800,2214.47,88.72,128.30,48
374400,46800,2697.04,87.35,91.94,48
374784,46848,2019.72,86.38,131.13,48
374784,46848,-2562.45,23.06,127.71,48
374784,46848,3201.81,81.66,28.35,48
374784,46848,3638.69,87.62,20.07,48
374784,46848,318.17,24.04,16.07,48
374784,46848,3831.48,87.07,5.00,48
374784,46848,-382.62,24.04,41.66,48
374784,46848,3564.59,84.95,20.59,48
375168,46896,3684.93,82.98,0.80,48
375168,46896,498.11,19.32,2.64,48
375168,46896,761.43,22.59,0.99,48
375168,46896,2031.18,86.21,129.97,48
375168,46896,-4864.02,22.93,207.00,48
375168,46896,2985.03,83.09,49.47,48
375168,46896,3333.32,84.57,30.72,48
375168,46896,3456.03,85.60,26.72,48
375552,46944,3824.68,87.14,3.41,48
375552,46944,-2760.81,21.30,130.79,48
375552,46944,-146.24,20.94,30.77,48
375552,46944,3408.80,85.34,25.72,48
375552,46944,-4209.44,21.71,185.82,48
375552,46944,643.03,22.62,1.34,48
375552,46944,3809.09,85.48,0.76,48
375552,46944,3697.60,85.90,10.14,48
375936,46992,1467.71,87.16,179.93,48
375936,46992,3893.89,86.52,1.05,48
375936,46992,1969.89,87.65,137.93,48
375936,46992,3695.36,84.67,8.54,48
375936,46992,731.47,21.75,0.00,48
375936,46992,3353.23,82.36,17.92,48
375936,46992,3558.16,82.12,2.26,48
375936,46992,3904.99,85.35,0.00,48
376320,47040,2636.63,86.60,91.41,48
376320,47040,-2980.94,86.91,495.74,48
376320,47040,-3208.47,23.85,149.81,48
376320,47040,2039.05,86.11,132.47,48
376320,47040,3688.76,84.30,6.64,48
376320,47040,-900.60,22.85,59.05,48
376320,47040,-3444.31,20.87,155.26,48
376320,47040,3726.54,88.39,14.37,48
376704,47088,-507.73,16.82,38.21,48
376704,47088,387.34,17.48,4.06,48
376704,47088,1969.76,82.25,121.24,48
376704,47088,2661.31,84.28,80.70,48
376704,47088,3885.75,86.37,0.48,48
376704,47088,3896.11,86.17,0.27,48
376704,47088,3470.20,84.56,13.84,48
376704,47088,2922.91,86.09,69.66,48
377088,47136,3748.45,88.49,15.77,48
377088,47136,4091.69,89.55,0.72,48
377088,47136,-282.72,24.61,43.16,48
377088,47136,3500.45,87.27,32.01,48
377088,47136,-885.59,23.74,61.40,48
377088,47136,-7182.43,20.13,297.42,48
377088,47136,473.24,19.09,2.53,48
377088,47136,-3834.05,21.15,171.16,48
377472,47184,3219.84,85.06,41.45,48
377472,47184,30.37,20.76,22.55,48
377472,47184,160.56,21.05,14.44,48
377472,47184,2740.16,85.83,78.63,48
377472,47184,3641.68,83.26,0.10,48
377472,47184,3835.91,86.28,0.19,48
377472,47184,-7793.89,21.17,321.40,48
377472,47184,1171.46,86.39,198.05,48
377856,47232,-5262.79,26.35,227.93,48
377856,47232,-352.26,22.79,40.52,48
377856,47232,3771.37,88.67,17.02,48
377856,47232,3785.82,86.10,2.39,48
377856,47232,642.98,21.85,2.52,48
377856,47232,3516.06,83.04,14.75,48
377856,47232,3743.65,85.04,0.92,48
377856,47232,550.55,18.75,0.76,48
378240,47280,677.84,27.90,13.55,48
378240,47280,2900.06,85.64,67.68,48
378240,47280,3336.93,83.56,25.05,48
378240,47280,493.30,19.13,1.24,48
378240,47280,670.01,24.84,4.00,48
378240,47280,3956.41,86.11,0.00,48
378240,47280,3428.43,86.99,36.22,48
378240,47280,3757.55,84.80,1.80,48
378624,47328,3790.52,84.30,0.58,48
378624,47328,-1089.71,22.06,67.01,48
378624,47328,-158.33,22.39,32.24,48
378624,47328,-2263.24,24.80,117.53,48
378624,47328,388.44,19.41,8.04,48
378624,47328,460.98,24.45,16.92,48
378624,47328,349.75,22.07,11.25,48
378624,47328,3880.32,88.35,8.21,48
379008,47376,3712.02,83.63,3.03,48
379008,47376,561.70,20.16,3.92,48
379008,47376,3738.80,84.82,1.16,48
379008,47376,-1732.38,24.63,92.47,48
379008,47376,3930.54,87.44,0.65,48
379008,47376,3687.16,85.32,13.11,48
379008,47376,-14475.95,23.55,576.38,48
379008,47376,683.48,22.62,2.20,48
379392,47424,407.04,22.01,9.60,48
379392,47424,-882.63,22.32,62.78,48
379392,47424,3883.17,86.83,0.00,48
379392,47424,3538.90,83.31,5.42,48
379392,47424,3705.78,86.85,9.38,48
379392,47424,2875.29,84.38,62.37,48
379392,47424,1951.67,85.84,139.78,48
379392,47424,647.27,19.99,0.00,48
379776,47472,2958.96,85.27,58.31,48
379776,47472,535.11,21.30,3.47,48
379776,47472,2774.66,84.90,70.95,48
379776,47472,3818.65,85.67,0.05,48
379776,47472,3602.90,81.89,1.18,48
379776,47472,2015.09,86.53,133.59,48
379776,47472,511.02,21.54,3.67,48
379776,47472,-8295.88,22.32,340.17,48
380160,47520,-1058.85,22.29,65.35,48
380160,47520,-495.60,20.75,40.22,48
380160,47520,2485.01,82.90,80.51,48
380160,47520,3819.15,85.06,0.88,48
380160,47520,3382.44,84.09,23.95,48
380160,47520,2882.54,84.83,64.20,48
380160,47520,855.27,25.45,0.60,48
380160,47520,1791.84,88.86,159.11,48
380544,47568,3863.60,86.31,0.10,48
380544,47568,-802.92,19.18,53.09,48
380544,47568,3725.67,83.60,0.50,48
380544,47568,1594.38,85.13,154.85,48
380544,47568,3102.80,85.71,50.09,48
380544,47568,572.96,19.66,1.38,48
380544,47568,-2645.77,83.73,458.74,48
380544,47568,-1204.80,25.04,75.49,48
380928,47616,3948.58,88.89,8.51,48
380928,47616,2816.93,85.65,79.21,48
380928,47616,2467.09,84.70,95.20,48
380928,47616,-205.58,23.02,40.00,48
380928,47616,-1754.21,20.75,90.42,48
380928,47616,3316.25,86.28,39.29,48
380928,47616,3674.90,83.91,1.52,48
380928,47616,1551.79,81.42,145.01,48
381312,47664,3343.60,86.22,35.74,48
381312,47664,3758.43,83.51,0.35,48
381312,47664,2684.43,87.52,92.71,48
381312,47664,3612.39,82.45,0.39,48
381312,47664,2747.55,86.00,76.19,48
381312,47664,2764.02,88.19,88.05,48
381312,47664,-2289.30,20.28,108.60,48
381312,47664,2914.37,84.07,58.70,48
381696,47712,423.44,19.15,3.78,48
381696,47712,51.38,21.73,22.64,48
381696,47712,2577.49,83.29,77.99,48
381696,47712,129.60,19.99,18.93,48
381696,47712,600.33,21.07,0.00,48
381696,47712,593.67,22.38,1.49,48
381696,47712,1314.96,86.14,186.44,48
381696,47712,3999.62,88.01,2.49,48
382080,47760,-2312.94,22.49,111.30,48
382080,47760,3769.23,84.16,0.00,48
382080,47760,3748.97,84.44,0.00,48
382080,47760,3774.96,85.24,0.88,48
382080,47760,3731.37,87.73,19.81,48
382080,47760,3629.38,85.66,14.66,48
382080,47760,3843.80,86.11,0.68,48
382080,47760,3951.57,88.07,1.68,48
382464,47808,3845.00,85.43,0.00,48
382464,47808,-678.14,19.58,46.00,48
382464,47808,2534.19,84.38,87.49,48
382464,47808,2908.20,88.41,80.81,48
382464,47808,2621.01,83.79,79.99,48
382464,47808,3782.85,86.86,12.04,48
382464,47808,3730.64,86.12,10.88,48
382464,47808,3667.51,84.63,4.66,48
382848,47856,91.71,19.20,20.19,48
382848,47856,-700.35,19.03,48.52,48
382848,47856,3712.09,84.25,1.65,48
382848,47856,4066.13,89.10,1.78,48
382848,47856,601.22,22.87,4.80,48
382848,47856,-4315.51,23.12,192.55,48
382848,47856,3724.72,84.15,3.77,48
382848,47856,3686.27,83.54,1.76,48
383232,47904,3605.97,81.59,2.06,48
383232,47904,-664.74,20.61,47.98,48
383232,47904,-5125.95,24.77,223.74,48
383232,47904,3997.57,89.10,0.74,48
383232,47904,2631.50,83.08,74.46,48
383232,47904,3563.64,86.55,24.69,48
383232,47904,-8733.96,19.63,350.70,48
383232,47904,3914.21,86.84,0.10,48
383616,47952,3404.36,84.43,25.14,48
383616,47952,-4609.77,22.65,197.58,48
383616,47952,693.34,21.09,0.10,48
383616,47952,3823.62,85.51,0.05,48
383616,47952,3723.63,84.51,0.57,48
383616,47952,-1712.44,24.88,93.16,48
383616,47952,3684.19,84.22,4.39,48
383616,47952,3966.93,87.89,0.21,48
384000,48000,3772.55,86.29,4.15,48
384000,48000,2576.52,86.86,96.87,48
384000,48000,3887.02,87.47,4.48,48
384000,48000,589.86,19.62,0.35,48
384000,48000,3675.17,82.03,0.03,48
384000,48000,1881.60,87.19,143.43,48
384000,48000,-1164.08,22.22,71.43,48
384000,48000,-1743.22,19.23,87.16,48
384384,48048,3639.99,83.32,5.31,48
384384,48048,594.29,21.81,1.43,48
384384,48048,2971.68,85.32,57.07,48
384384,48048,471.55,15.52,0.23,48
384384,48048,3542.88,84.19,14.57,48
384384,48048,3652.12,85.66,15.36,48
384384,48048,3642.97,84.47,9.42,48
384384,48048,1931.78,89.41,152.06,48
384768,48096,580.59,19.06,0.35,48
384768,48096,1057.18,85.92,195.76,48
384768,48096,3893.85,86.31,0.23,48
384768,48096,-3857.67,84.80,550.79,48
384768,48096,-2084.91,19.89,100.03,48
384768,48096,-2775.61,88.09,488.26,48
384768,48096,1652.63,82.97,140.30,48
384768,48096,-3755.53,23.39,170.60,48
385152,48144,-434.25,19.89,38.75,48
385152,48144,3402.75,87.70,40.50,48
385152,48144,-112.36,20.14,28.86,48
385152,48144,3640.91,83.29,0.00,48
385152,48144,-2681.36,26.56,132.52,48
385152,48144,1435.00,86.57,176.45,48
385152,48144,3240.73,85.77,46.86,48
385152,48144,-10905.01,19.03,434.19,48
385536,48192,3756.84,84.81,0.45,48
385536,48192,3627.99,86.12,16.76,48
385536,48192,-887.19,22.08,57.14,48
385536,48192,3604.17,81.45,0.00,48
385536,48192,3383.68,81.45,15.93,48
385536,48192,3823.55,84.96,0.00,48
385536,48192,-2951.09,25.80,144.12,48
385536,48192,3797.18,88.72,16.16,48
385920,48240,537.11,22.26,6.10,48
385920,48240,3999.94,88.27,0.00,48
385920,48240,2224.51,84.40,110.52,48
385920,48240,354.58,17.55,5.25,48
385920,48240,4032.37,89.12,2.49,48
385920,48240,3375.34,84.35,30.76,48
385920,48240,3948.75,87.31,1.00,48
385920,48240,423.40,24.38,14.22,48
386304,48288,-10.29,22.96,28.99,48
386304,48288,3810.73,86.37,2.31,48
386304,48288,3867.56,86.66,0.65,48
386304,48288,3806.47,84.65,0.10,48
386304,48288,63.02,19.92,20.20,48
386304,48288,3378.81,87.34,38.17,48
386304,48288,3330.64,83.58,32.37,48
386304,48288,2191.81,84.49,112.78,48
386688,48336,3564.98,83.19,7.91,48
386688,48336,3925.36,88.09,7.43,48
386688,48336,560.26,19.37,0.95,48
386688,48336,1903.65,87.18,143.79,48
386688,48336,588.38,87.27,236.19,48
386688,48336,582.92,86.33,234.27,48
386688,48336,388.25,21.55,7.49,48
386688,48336,-2638.14,21.41,127.04,48
387072,48384,-101.09,21.81,28.38,48
387072,48384,2092.62,85.07,122.07,48
387072,48384,3671.90,83.07,1.25,48
387072,48384,3022.10,83.71,53.39,48
387072,48384,-1106.47,19.70,64.40,48
387072,48384,3933.95,86.84,1.54,48
387072,48384,3840.55,87.23,4.41,48
387072,48384,3332.58,87.34,40.27,48
387456,48432,3172.39,83.78,37.40,48
387456,48432,386.14,23.43,13.72,48
387456,48432,-816.61,84.67,330.65,48
387456,48432,-2052.17,25.96,109.47,48
387456,48432,3737.07,84.99,4.89,48
387456,48432,668.86,21.88,1.00,48
387456,48432,3836.68,85.41,0.00,48
387456,48432,3327.45,84.89,32.03,48
387840,48480,-5813.87,23.19,244.93,48
387840,48480,3793.34,85.20,0.18,48
387840,48480,3686.10,84.49,4.53,48
387840,48480,3868.83,86.42,0.86,48
387840,48480,575.59,22.03,5.44,48
387840,48480,-4137.19,85.60,573.71,48
387840,48480,2798.83,84.42,71.09,48
387840,48480,3080.64,83.48,43.86,48
388224,48528,3552.83,89.35,33.45,48
388224,48528,1643.61,87.63,165.42,48
388224,48528,-356.98,24.03,41.95,48
388224,48528,-13238.67,22.33,530.42,48
388224,48528,562.93,20.48,2.78,48
388224,48528,3475.24,86.74,30.56,48
388224,48528,-3889.34,24.65,177.02,48
388224,48528,706.77,19.68,0.32,48
388608,48576,-242.05,23.93,37.32,48
388608,48576,3727.51,84.68,0.72,48
388608,48576,-509.38,20.90,44.05,48
388608,48576,3930.26,87.60,1.81,48
388608,48576,3844.22,85.78,0.00,48
388608,48576,-573.07,23.40,48.66,48
388608,48576,3839.51,86.48,2.65,48
388608,48576,1721.91,88.98,167.69,48
388992,48624,3545.42,83.64,14.98,48
388992,48624,3524.24,86.85,23.95,48
388992,48624,3639.63,83.65,5.65,48
388992,48624,2580.73,87.20,95.25,48
388992,48624,3585.79,83.80,15.25,48
388992,48624,3568.77,89.12,39.52,48
388992,48624,3584.66,87.38,29.38,48
388992,48624,3538.72,83.39,14.12,48
389376,48672,390.91,17.32,3.79,48
389376,48672,3753.86,84.96,1.53,48
389376,48672,1011.38,85.11,201.89,48
389376,48672,864.16,87.70,219.56,48
389376,48672,3951.32,86.34,0.23,48
389376,48672,-275.63,82.18,283.70,48
389376,48672,-3875.24,88.31,564.69,48
389376,48672,1792.17,87.73,157.06,48
389760,48720,-1129.76,22.95,70.50,48
389760,48720,442.12,17.69,2.90,48
389760,48720,3685.44,83.98,3.57,48
389760,48720,-148.96,20.59,30.25,48
389760,48720,2399.35,85.95,104.06,48
389760,48720,3660.10,88.75,25.81,48
389760,48720,3875.82,87.09,2.92,48
389760,48720,3831.53,85.11,0.00,48
390144,48768,3856.78,85.89,0.83,48
390144,48768,287.57,21.92,12.63,48
390144,48768,3111.01,86.76,57.04,48
390144,48768,15.75,19.67,21.44,48
390144,48768,633.97,20.09,2.32,48
390144,48768,3870.39,85.91,0.19,48
390144,48768,2320.97,86.64,117.65,48
390144,48768,3872.92,86.55,0.32,48
390528,48816,3778.47,85.11,3.27,48
390528,48816,2894.00,84.81,62.43,48
390528,48816,2808.51,84.50,68.11,48
390528,48816,3016.95,86.00,57.13,48
390528,48816,373.07,18.27,6.24,48
390528,48816,3723.13,84.59,9.07,48
390528,48816,3592.17,85.66,17.51,48
390528,48816,19.17,16.04,16.32,48
390912,48864,-1909.32,20.69,96.81,48
390912,48864,2518.30,85.20,89.75,48
390912,48864,3309.50,86.15,38.59,48
390912,48864,3296.83,85.29,34.38,48
390912,48864,3557.59,86.96,28.05,48
390912,48864,3109.20,83.07,41.03,48
390912,48864,3798.43,85.99,3.85,48
390912,48864,3896.33,86.22,0.95,48
391296,48912,3668.38,86.40,10.68,48
391296,48912,3253.69,86.65,41.98,48
391296,48912,-818.65,19.61,53.41,48
391296,48912,2727.71,82.72,66.72,48
391296,48912,2433.81,84.25,94.10,48
391296,48912,2151.35,87.18,126.17,48
391296,48912,3299.71,87.66,46.14,48
391296,48912,3720.34,82.46,0.00,48
391680,48960,-363.34,21.68,38.65,48
391680,48960,2490.42,85.03,92.10,48
391680,48960,3376.37,85.71,29.91,48
391680,48960,2023.28,86.36,132.57,48
391680,48960,629.07,20.16,0.35,48
391680,48960,147.73,23.46,20.31,48
391680,48960,3805.56,85.34,0.32,48
391680,48960,3824.75,85.04,0.23,48
392064,49008,664.41,21.45,1.00,48
392064,49008,3448.23,86.19,30.22,48
392064,49008,3886.36,89.77,17.21,48
392064,49008,369.11,20.41,6.50,48
392064,49008,3372.44,83.62,25.31,48
392064,49008,3850.84,85.07,0.19,48
392064,49008,3782.44,84.82,0.00,48
392064,49008,2327.99,84.01,100.08,48
392448,49056,3179.08,84.17,38.74,48
392448,49056,3448.56,83.56,18.75,48
392448,49056,3599.36,86.80,25.05,48
392448,49056,3719.03,83.12,0.43,48
392448,49056,3810.38,87.35,9.51,48
392448,49056,3775.49,85.87,4.89,48
392448,49056,3349.99,84.06,28.68,48
392448,49056,3567.24,83.92,12.61,48
392832,49104,3127.57,87.94,59.10,48
392832,49104,2435.35,84.01,94.23,48
392832,49104,3847.35,86.71,2.48,48
392832,49104,3351.20,85.79,32.34,48
392832,49104,3927.70,86.58,2.39,48
392832,49104,3525.32,86.43,22.56,48
392832,49104,3803.44,84.18,0.00,48
392832,49104,512.12,19.10,1.86,48
393216,49152,3417.80,85.56,27.28,48
393216,49152,3902.17,86.74,1.09,48
393216,49152,3731.73,87.32,18.64,48
393216,49152,3732.76,84.50,0.00,48
393216,49152,3904.97,86.64,2.79,48
393216,49152,3918.72,87.90,2.31,48
393216,49152,3448.30,83.89,20.07,48
393216,49152,3554.98,83.67,8.29,48
393600,49200,-874.06,21.30,58.80,48
393600,49200,556.26,22.08,5.19,48
393600,49200,662.69,24.86,3.70,48
393600,49200,3966.23,87.90,0.35,48
393600,49200,3487.21,85.92,30.49,48
393600,49200,577.68,20.52,3.02,48
393600,49200,1558.91,85.53,159.90,48
393600,49200,3620.39,84.00,10.69,48
393984,49248,170.70,22.76,18.74,48
393984,49248,3778.98,84.90,2.48,48
393984,49248,3397.53,85.66,31.06,48
393984,49248,3834.15,86.40,0.47,48
393984,49248,562.42,24.73,9.67,48
393984,49248,560.91,17.51,0.05,48
393984,49248,-497.72,23.24,44.79,48
393984,49248,-1028.85,21.91,66.03,48
394368,49296,3770.57,84.99,3.32,48
394368,49296,-14299.72,23.18,572.71,48
394368,49296,3611.90,85.97,19.96,48
394368,49296,-2625.40,22.89,126.95,48
394368,49296,749.56,23.00,3.12,48
394368,49296,3895.14,87.85,5.65,48
394368,49296,-2087.32,20.74,101.22,48
394368,49296,3926.70,86.94,0.23,48
394752,49344,2928.85,82.63,53.82,48
394752,49344,3704.88,83.71,5.25,48
394752,49344,3646.28,85.34,13.60,48
394752,49344,3644.00,85.29,10.60,48
394752,49344,1490.83,87.24,173.09,48
394752,49344,277.36,23.08,15.48,48
394752,49344,-2493.91,19.73,114.83,48
394752,49344,4017.16,88.29,0.23,48
395136,49392,3446.60,86.54,34.00,48
395136,49392,-7.59,21.31,26.21,48
395136,49392,3857.37,90.42,19.41,48
395136,49392,3654.49,83.67,1.84,48
395136,49392,3761.91,85.74,4.86,48
395136,49392,3849.91,87.96,13.23,48
395136,49392,68.66,21.48,20.95,48
395136,49392,772.59,22.53,0.00,48
395520,49440,-2402.44,20.51,118.40,48
395520,49440,-573.35,23.40,52.04,48
395520,49440,2262.16,85.24,111.69,48
395520,49440,639.99,20.50,1.01,48
395520,49440,510.36,24.31,9.44,48
395520,49440,3856.97,85.17,3.15,48
395520,49440,3798.44,85.79,1.83,48
395520,49440,-3335.50,23.57,155.82,48
395904,49488,3149.75,84.43,39.79,48
395904,49488,3700.30,86.08,11.48,48
395904,49488,3695.43,87.63,15.72,48
395904,49488,3719.85,85.69,11.85,48
395904,49488,3328.14,86.49,36.59,48
395904,49488,725.34,23.43,3.46,48
395904,49488,3598.57,83.85,13.06,48
395904,49488,1658.77,84.50,151.92,48
396288,49536,3815.44,85.59,0.58,48
396288,49536,-3477.15,85.38,523.22,48
396288,49536,3735.85,86.48,13.14,48
396288,49536,2472.98,84.52,96.90,48
396288,49536,3516.90,86.63,28.74,48
396288,49536,668.05,22.05,0.00,48
396288,49536,3815.90,88.87,14.60,48
396288,49536,-398.59,22.04,42.95,48
396672,49584,-5498.07,24.98,238.37,48
396672,49584,411.11,16.92,3.77,48
396672,49584,-1365.67,84.98,369.64,48
396672,49584,3772.97,83.67,0.62,48
396672,49584,-568.84,19.88,43.23,48
396672,49584,2711.93,82.63,71.80,48
396672,49584,-2640.70,23.83,130.50,48
396672,49584,3711.66,85.40,0.27,48
397056,49632,-4250.48,87.15,586.08,48
397056,49632,-2476.56,22.31,122.59,48
397056,49632,3821.16,85.86,0.00,48
397056,49632,-1841.27,19.87,91.59,48
397056,49632,3133.69,87.36,59.66,48
397056,49632,584.24,23.80,0.69,48
397056,49632,598.44,21.46,2.69,48
397056,49632,2983.01,86.93,65.22,48
397440,49680,3604.52,87.01,25.92,48
397440,49680,3810.76,85.48,0.69,48
397440,49680,2135.77,85.07,117.63,48
397440,49680,788.07,22.20,0.00,48
397440,49680,-3127.64,24.40,148.95,48
397440,49680,2176.94,86.26,122.24,48
397440,49680,3805.67,84.83,0.77,48
397440,49680,-3431.66,23.74,157.08,48
397824,49728,2902.00,82.12,50.15,48
397824,49728,3882.04,86.82,3.15,48
397824,49728,536.13,19.70,1.02,48
397824,49728,-1321.67,83.33,361.29,48
397824,49728,3582.16,84.81,17.73,48
397824,49728,2282.14,87.87,123.74,48
397824,49728,-2307.66,20.63,111.77,48
397824,49728,3463.59,85.92,28.71,48
398208,49776,-9905.13,23.93,406.47,48
398208,49776,-1674.07,24.06,88.96,48
398208,49776,3378.27,86.24,34.40,48
398208,49776,-706.48,21.22,50.41,48
398208,49776,3466.83,87.36,34.39,48
398208,49776,3883.11,86.11,1.44,48
398208,49776,755.77,23.28,0.00,48
398208,49776,260.40,25.24,19.01,48
398592,49824,3266.61,84.92,35.26,48
398592,49824,3861.01,86.66,3.22,48
398592,49824,3822.15,84.16,0.00,48
398592,49824,3748.40,85.10,1.64,48
398592,49824,2733.55,85.30,80.25,48
398592,49824,3796.73,85.13,0.00,48
398592,49824,-13202.01,22.58,529.80,48
398592,49824,1856.53,86.11,144.57,48
398976,49872,2391.48,83.70,97.75,48
398976,49872,3792.36,85.27,0.00,48
398976,49872,3955.39,88.42,4.93,48
398976,49872,3581.84,81.35,0.05,48
398976,49872,3761.94,83.62,2.26,48
398976,49872,3266.27,86.09,43.46,48
398976,49872,3967.30,88.25,4.69,48
398976,49872,2406.90,82.46,93.36,48
399360,49920,3739.44,83.78,0.75,48
399360,49920,313.11,21.58,12.99,48
399360,49920,1255.84,87.98,195.92,48
399360,49920,3617.16,82.33,2.63,48
399360,49920,-421.32,24.32,47.97,48
399360,49920,3697.81,83.02,1.21,48
399360,49920,256.74,20.87,15.73,48
399360,49920,3212.60,82.72,33.44,48
399744,49968,3799.17,84.84,3.06,48
399744,49968,3066.12,86.33,56.25,48
399744,49968,3772.21,85.14,2.17,48
399744,49968,3973.36,88.55,5.10,48
399744,49968,489.21,17.85,0.00,48
399744,49968,3985.04,86.78,0.00,48
399744,49968,3532.62,86.48,27.31,48
399744,49968,2050.69,84.14,118.01,48
400128,50016,3766.00,84.71,0.01,48
400128,50016,3562.98,87.10,27.48,48
400128,50016,738.51,23.02,0.00,48
400128,50016,3795.36,84.31,0.66,48
400128,50016,3824.05,85.24,2.15,48
400128,50016,-670.60,21.34,53.37,48
400128,50016,3526.47,86.39,19.44,48
400128,50016,3728.73,85.47,3.71,48
400512,50064,3393.18,83.48,28.18,48
400512,50064,478.55,22.56,6.35,48
400512,50064,1801.18,84.45,140.13,48
400512,50064,-2160.37,86.26,433.50,48
400512,50064,3067.11,88.43,68.65,48
400512,50064,167.75,20.07,18.05,48
400512,50064,-855.58,20.58,57.24,48
400512,50064,3153.61,87.91,55.32,48
400896,50112,-1931.53,18.62,93.16,48
400896,50112,1560.20,87.70,171.49,48
400896,50112,3657.45,83.39,1.21,48
400896,50112,3883.30,87.13,3.38,48
400896,50112,3388.71,84.84,29.40,48
400896,50112,3973.72,87.59,2.48,48
400896,50112,2563.60,81.42,73.35,48
400896,50112,3521.62,84.47,20.53,48
401280,50160,3630.41,87.39,22.75,48
401280,50160,4032.55,89.74,0.58,48
401280,50160,-748.67,19.61,49.36,48
401280,50160,3942.61,86.93,0.00,48
401280,50160,-3018.80,21.67,138.04,48
401280,50160,3787.17,85.78,4.73,48
401280,50160,3012.64,87.75,65.26,48
401280,50160,4055.19,89.63,3.44,48
401664,50208,4035.08,88.84,1.10,48
401664,50208,3647.26,86.74,19.57,48
401664,50208,-254.77,21.34,32.92,48
401664,50208,3828.45,86.25,3.44,48
401664,50208,3822.25,86.11,1.24,48
401664,50208,3962.10,86.74,0.32,48
401664,50208,3946.49,86.76,0.00,48
401664,50208,3083.55,86.28,58.06,48
402048,50256,3652.55,86.80,19.86,48
402048,50256,-1269.20,24.89,71.49,48
402048,50256,641.66,20.91,1.17,48
402048,50256,2299.67,89.23,128.51,48
402048,50256,3010.14,84.61,56.54,48
402048,50256,2240.41,81.99,99.90,48
402048,50256,3627.68,82.97,0.00,48
402048,50256,3799.34,84.51,0.61,48
402432,50304,283.82,21.78,15.38,48
402432,50304,4030.54,89.17,1.32,48
402432,50304,3486.50,87.52,36.12,48
402432,50304,2485.58,86.70,98.87,48
402432,50304,2994.83,85.41,58.16,48
402432,50304,3427.46,86.46,30.56,48
402432,50304,3364.20,86.46,35.67,48
402432,50304,2213.19,86.35,118.82,48
402816,50352,89.79,20.46,20.21,48
402816,50352,-2895.72,23.82,136.52,48
402816,50352,291.30,24.70,15.92,48
402816,50352,-2614.87,86.61,469.40,48
402816,50352,28.69,20.68,22.12,48
402816,50352,3876.13,87.54,5.64,48
402816,50352,3339.12,83.79,26.04,48
402816,50352,3694.76,86.02,12.57,48
403200,50400,-1559.71,23.78,86.39,48
403200,50400,3806.08,85.95,0.34,48
403200,50400,2855.49,86.32,73.23,48
403200,50400,-1538.46,24.34,83.86,48
403200,50400,1877.75,87.27,144.71,48
403200,50400,3769.14,84.71,1.69,48
403200,50400,3855.49,85.98,0.00,48
403200,50400,-207.40,20.53,30.07,48
403584,50448,3741.67,86.42,11.49,48
403584,50448,3748.42,84.17,0.83,48
403584,50448,3867.63,85.29,1.01,48
403584,50448,-1333.48,87.62,378.63,48
403584,50448,3269.96,86.53,44.42,48
403584,50448,4060.86,88.87,0.00,48
403584,50448,3369.98,87.97,44.14,48
403584,50448,595.88,20.99,0.88,48
403968,50496,3734.15,84.94,1.22,48
403968,50496,461.87,22.18,9.00,48
403968,50496,-12799.42,22.37,515.73,48
403968,50496,3487.85,84.54,19.95,48
403968,50496,3745.95,83.85,0.34,48
403968,50496,-5148.01,87.46,652.42,48
403968,50496,4074.84,90.09,3.08,48
403968,50496,2967.18,89.83,82.42,48
404352,50544,3779.23,85.94,2.89,48
404352,50544,3801.95,85.54,0.00,48
404352,50544,3876.87,86.01,0.62,48
404352,50544,3024.14,86.72,61.26,48
404352,50544,709.30,22.08,3.32,48
404352,50544,150.85,24.44,22.76,48
404352,50544,3635.37,82.64,2.18,48
404352,50544,3264.00,83.31,32.56,48
404736,50592,4009.22,87.87,0.76,48
404736,50592,3722.93,86.33,9.72,48
404736,50592,190.63,23.43,21.77,48
404736,50592,-3156.60,22.56,145.75,48
404736,50592,-2930.44,23.34,137.00,48
404736,50592,-1058.61,21.89,66.58,48
404736,50592,3450.77,83.38,10.88,48
404736,50592,3856.16,85.29,0.28,48
405120,50640,3935.73,86.72,0.00,48
405120,50640,3846.19,86.52,1.15,48
405120,50640,221.75,18.37,11.81,48
405120,50640,1586.52,83.62,155.53,48
405120,50640,-2338.99,21.51,116.17,48
405120,50640,3962.82,86.66,0.00,48
405120,50640,3796.03,84.68,0.00,48
405120,50640,164.28,23.50,23.60,48
405504,50688,3813.01,85.65,0.92,48
405504,50688,2252.04,87.30,120.51,48
405504,50688,2591.05,82.50,80.65,48
405504,50688,787.66,20.87,0.01,48
405504,50688,3800.12,86.02,8.75,48
405504,50688,1840.91,87.25,148.83,48
405504,50688,3796.19,86.34,5.75,48
405504,50688,3293.15,87.95,49.21,48
405888,50736,-374.48,19.91,38.74,48
405888,50736,3351.87,88.96,51.63,48
405888,50736,3759.69,84.10,0.57,48
405888,50736,3933.07,87.18,0.10,48
405888,50736,3811.56,84.74,0.91,48
405888,50736,3876.80,86.17,0.32,48
405888,50736,3498.95,86.75,24.81,48
405888,50736,2564.54,86.49,91.56,48
406272,50784,720.79,20.92,1.37,48
406272,50784,2943.34,88.09,77.87,48
406272,50784,132.52,19.96,16.81,48
406272,50784,679.53,21.98,0.23,48
406272,50784,3876.94,85.82,1.56,48
406272,50784,3459.72,86.43,32.46,48
406272,50784,3910.76,86.88,0.00,48
406272,50784,-2800.85,21.53,134.55,48
406656,50832,9.80,18.80,18.60,48
406656,50832,3667.59,84.54,8.34,48
406656,50832,-3048.12,86.82,497.63,48
406656,50832,3829.99,85.78,1.00,48
406656,50832,3964.11,87.37,0.28,48
406656,50832,2654.67,87.18,91.28,48
406656,50832,390.48,19.93,7.62,48
406656,50832,486.47,21.44,4.92,48
407040,50880,-1652.41,20.36,86.80,48
407040,50880,3218.30,83.93,36.05,48
407040,50880,3839.62,87.24,4.24,48
407040,50880,-3552.91,19.07,156.39,48
407040,50880,663.70,24.40,3.95,48
407040,50880,-3152.97,20.66,147.57,48
407040,50880,-707.94,86.51,331.48,48
407040,50880,3512.04,85.24,23.29,48
407424,50928,3878.10,88.54,8.87,48
407424,50928,3542.36,88.27,31.08,48
407424,50928,3314.20,86.07,34.65,48
407424,50928,-2839.94,84.81,472.74,48
407424,50928,3895.29,86.48,0.35,48
407424,50928,-536.94,22.91,47.96,48
407424,50928,3920.24,87.31,0.79,48
407424,50928,3849.13,88.10,16.85,48
407808,50976,-1336.14,85.59,368.40,48
407808,50976,3759.26,83.51,0.00,48
407808,50976,3771.68,87.77,14.62,48
407808,50976,3864.90,87.12,7.10,48
407808,50976,3954.67,87.56,1.58,48
407808,50976,-1269.58,17.37,65.34,48
407808,50976,3759.14,85.70,8.47,48
407808,50976,2564.74,87.83,102.14,48
408192,51024,3867.29,86.02,1.21,48
408192,51024,-685.23,21.05,51.21,48
408192,51024,3793.17,84.15,0.00,48
408192,51024,-857.79,21.09,59.57,48
408192,51024,-234.23,20.40,32.99,48
408192,51024,3731.95,84.65,1.66,48
408192,51024,3244.79,83.71,35.51,48
408192,51024,3755.33,84.74,0.10,48
408576,51072,-2557.67,87.02,470.02,48
408576,51072,3094.23,85.31,46.42,48
408576,51072,3958.85,87.74,0.79,48
408576,51072,-2123.60,84.53,429.13,48
408576,51072,3781.32,85.17,2.75,48
408576,51072,3870.06,86.89,0.57,48
408576,51072,-516.75,83.71,302.94,48
408576,51072,2910.95,85.16,67.75,48
408960,51120,3742.58,84.10,1.34,48
408960,51120,-2068.76,24.21,107.45,48
408960,51120,-1367.42,19.24,73.07,48
408960,51120,432.04,24.32,10.60,48
408960,51120,3713.50,83.90,0.47,48
408960,51120,3549.17,83.90,15.55,48
408960,51120,3935.98,86.99,0.56,48
408960,51120,563.85,18.64,0.23,48
409344,51168,2287.83,88.51,121.62,48
409344,51168,-3341.96,20.90,149.08,48
409344,51168,3916.47,87.05,0.71,48
409344,51168,3473.57,83.45,18.27,48
409344,51168,3801.89,87.86,11.54,48
409344,51168,2044.93,82.83,119.48,48
409344,51168,3483.16,84.85,21.82,48
409344,51168,2266.35,85.20,109.43,48
409728,51216,3175.08,86.01,47.23,48
409728,51216,2817.62,86.22,77.71,48
409728,51216,606.34,19.47,1.79,48
409728,51216,3656.88,83.71,5.87,48
409728,51216,3828.93,85.76,0.09,48
409728,51216,3870.06,85.82,1.48,48
409728,51216,622.49,21.48,2.82,48
409728,51216,3826.87,86.05,1.00,48
410112,51264,3661.16,86.48,18.14,48
410112,51264,3697.65,83.31,0.65,48
410112,51264,3455.29,83.02,16.56,48
410112,51264,3377.74,85.34,35.18,48
410112,51264,2285.89,88.00,121.75,48
410112,51264,607.11,18.77,0.00,48
410112,51264,2403.43,88.06,110.97,48
410112,51264,3516.80,83.55,14.97,48
410496,51312,3947.08,89.00,5.97,48
410496,51312,1463.97,83.48,162.70,48
410496,51312,3790.18,84.16,0.00,48
410496,51312,-3019.51,24.43,141.16,48
410496,51312,3344.49,85.75,37.88,48
410496,51312,3513.66,80.83,4.53,48
410496,51312,2971.25,83.76,54.00,48
410496,51312,3828.59,85.15,0.01,48
410880,51360,3567.54,85.42,16.03,48
410880,51360,3876.21,85.83,0.19,48
410880,51360,1235.69,87.99,199.14,48
410880,51360,-294.75,19.44,31.82,48
410880,51360,447.03,18.56,2.48,48
410880,51360,-5135.69,24.02,224.80,48
410880,51360,3704.63,83.81,3.76,48
410880,51360,-1452.28,19.98,79.59,48
411264,51408,528.79,18.85,2.20,48
411264,51408,3643.48,87.79,22.52,48
411264,51408,3771.91,86.14,5.52,48
411264,51408,3682.69,84.48,7.94,48
411264,51408,-168.10,22.63,33.42,48
411264,51408,3778.96,85.93,2.41,48
411264,51408,-1056.41,87.50,356.71,48
411264,51408,2384.79,85.55,106.94,48
411648,51456,3508.24,84.86,24.92,48
411648,51456,3139.68,88.08,61.85,48
411648,51456,3352.01,83.98,30.84,48
411648,51456,3170.01,87.68,56.10,48
411648,51456,3822.31,84.81,3.42,48
411648,51456,3811.75,88.86,20.65,48
411648,51456,-5091.23,22.80,220.89,48
411648,51456,3701.62,84.69,3.67,48
412032,51504,3772.79,85.39,3.14,48
412032,51504,-3228.62,22.27,149.12,48
412032,51504,2777.44,83.08,65.30,48
412032,51504,1907.63,86.99,143.68,48
412032,51504,3887.92,88.59,12.44,48
412032,51504,3843.59,85.26,0.64,48
412032,51504,-849.97,22.73,57.37,48
412032,51504,3940.69,88.12,0.31,48
412416,51552,1455.13,83.54,162.38,48
412416,51552,1359.30,84.91,174.77,48
412416,51552,2561.81,86.80,89.69,48
412416,51552,-3013.83,25.69,144.62,48
412416,51552,2933.43,85.35,62.30,48
412416,51552,654.29,21.80,0.81,48
412416,51552,1673.34,84.31,147.77,48
412416,51552,3906.09,86.78,0.00,48
412800,51600,3434.68,83.86,24.52,48
412800,51600,3782.45,86.18,4.79,48
412800,51600,3202.03,81.04,28.89,48
412800,51600,1179.84,86.76,194.68,48
412800,51600,3903.56,87.09,0.00,48
412800,51600,-3561.73,22.74,161.99,48
412800,51600,-873.56,21.37,55.67,48
412800,51600,3970.20,87.79,0.47,48
413184,51648,444.21,21.44,8.42,48
413184,51648,3888.76,86.07,0.00,48
413184,51648,437.33,21.81,7.15,48
413184,51648,3135.80,83.62,42.45,48
413184,51648,1194.41,87.70,195.42,48
413184,51648,4024.22,88.40,0.04,48
413184,51648,3650.83,87.28,18.62,48
413184,51648,3439.30,82.90,17.96,48
413568,51696,-608.81,22.06,47.87,48
413568,51696,-5201.72,23.84,222.94,48
413568,51696,848.01,85.88,213.52,48
413568,51696,605.92,24.10,5.80,48
413568,51696,3756.21,85.25,1.98,48
413568,51696,539.14,18.12,0.87,48
413568,51696,3440.25,85.77,28.73,48
413568,51696,-1634.61,20.22,85.21,48
413952,51744,3629.90,85.94,17.60,48
413952,51744,3715.89,83.52,3.50,48
413952,51744,3288.69,85.66,36.89,48
413952,51744,1614.56,85.18,155.86,48
413952,51744,-1895.21,25.74,104.36,48
413952,51744,3401.33,87.15,32.42,48
413952,51744,-11273.64,20.40,452.27,48
413952,51744,410.23,22.47,8.29,48
414336,51792,463.92,26.28,13.32,48
414336,51792,1781.27,89.33,166.36,48
414336,51792,-3500.95,84.80,523.77,48
414336,51792,3945.57,87.84,0.66,48
414336,51792,3980.82,87.58,0.05,48
414336,51792,2787.11,89.37,92.40,48
414336,51792,3929.08,87.88,5.31,48
414336,51792,2679.47,86.82,88.86,48
414720,51840,2590.60,89.58,105.89,48
414720,51840,2919.48,87.99,76.96,48
414720,51840,2375.35,86.92,108.71,48
414720,51840,489.08,21.46,5.06,48
414720,51840,3078.85,86.83,56.41,48
414720,51840,-25.98,21.50,26.92,48
414720,51840,143.14,20.46,19.25,48
414720,51840,583.19,19.84,0.00,48
415104,51888,-98.83,20.94,29.43,48
415104,51888,3963.31,88.28,4.72,48
415104,51888,3722.58,83.32,4.25,48
415104,51888,4015.61,88.16,0.00,48
415104,51888,3544.92,84.12,14.59,48
415104,51888,3853.65,86.99,5.31,48
415104,51888,-3429.99,19.58,151.34,48
415104,51888,3810.34,85.44,0.88,48
415488,51936,-805.91,19.26,52.74,48
415488,51936,3835.44,87.12,5.59,48
415488,51936,3336.28,85.11,38.55,48
415488,51936,1869.21,88.68,153.87,48
415488,51936,3794.12,85.53,3.95,48
415488,51936,3855.28,86.55,1.76,48
415488,51936,3826.36,88.09,10.32,48
415488,51936,1985.57,84.01,128.08,48
415872,51984,3451.40,83.43,17.17,48
415872,51984,-3713.22,26.17,174.86,48
415872,51984,-804.47,21.46,54.48,48
415872,51984,3800.45,84.97,0.32,48
415872,51984,548.24,20.39,2.27,48
415872,51984,594.90,18.85,0.00,48
415872,51984,-723.20,24.45,56.86,48
415872,51984,3802.19,87.64,12.22,48
416256,52032,3507.61,87.66,33.01,48
416256,52032,3875.25,86.86,2.18,48
416256,52032,3688.59,85.10,12.57,48
416256,52032,4175.00,89.59,0.00,48
416256,52032,1965.85,84.52,129.12,48
416256,52032,2855.91,85.27,67.72,48
416256,52032,3809.63,86.01,3.82,48
416256,52032,-1074.22,22.08,67.55,48
416640,52080,2855.13,86.56,78.25,48
416640,52080,3423.58,87.12,36.86,48
416640,52080,338.36,22.99,15.22,48
416640,52080,4037.25,88.85,2.58,48
416640,52080,3581.40,88.88,29.27,48
416640,52080,-2070.21,84.54,424.72,48
416640,52080,2611.68,83.55,81.96,48
416640,52080,-4120.58,21.05,180.01,48
417024,52128,1830.39,87.23,150.08,48
417024,52128,2001.25,84.28,126.45,48
417024,52128,3766.02,84.43,0.18,48
417024,52128,2932.52,83.06,54.91,48
417024,52128,677.62,22.31,0.32,48
417024,52128,-5747.14,24.48,245.40,48
417024,52128,2153.04,84.03,115.51,48
417024,52128,1575.35,83.22,154.48,48
417408,52176,3670.92,84.25,7.84,48
417408,52176,3215.78,84.28,38.85,48
417408,52176,3175.15,85.34,45.40,48
417408,52176,7.36,21.84,26.29,48
417408,52176,3354.23,88.67,48.61,48
417408,52176,631.38,21.66,1.39,48
417408,52176,-710.63,24.26,54.30,48
417408,52176,2487.82,87.36,105.82,48
417792,52224,3762.62,84.44,0.00,48
417792,52224,2997.09,84.91,51.24,48
417792,52224,3589.51,87.78,27.92,48
417792,52224,2010.19,87.86,136.88,48
417792,52224,3733.77,84.40,0.00,48
417792,52224,-589.37,20.70,45.06,48
417792,52224,3959.61,87.06,0.88,48
417792,52224,-145.77,21.08,30.29,48
418176,52272,491.56,18.56,1.15,48
418176,52272,784.29,23.25,0.00,48
418176,52272,3715.12,84.94,0.23,48
418176,52272,-161.16,23.50,32.39,48
418176,52272,766.54,25.30,3.56,48
418176,52272,3163.87,85.64,47.94,48
418176,52272,3447.62,88.52,38.27,48
418176,52272,3610.87,83.74,7.43,48
418560,52320,3915.72,86.91,1.89,48
418560,52320,3593.75,85.63,19.11,48
418560,52320,388.64,19.66,8.49,48
418560,52320,3190.82,86.72,49.88,48
418560,52320,3939.15,87.47,0.72,48
418560,52320,3119.98,85.07,49.20,48
418560,52320,3462.48,86.11,26.61,48
418560,52320,206.93,23.52,20.75,48
418944,52368,-13423.75,22.12,533.46,48
418944,52368,2337.91,88.99,122.27,48
418944,52368,-446.97,84.44,301.90,48
418944,52368,829.88,24.81,0.32,48
418944,52368,602.89,20.92,0.33,48
418944,52368,3836.87,86.43,3.97,48
418944,52368,525.52,21.00,5.60,48
418944,52368,731.10,22.03,0.00,48
419328,52416,1568.67,88.34,173.51,48
419328,52416,3880.99,86.72,1.09,48
419328,52416,3785.59,85.82,0.58,48
419328,52416,3852.61,85.87,0.31,48
419328,52416,-2680.14,20.09,125.56,48
419328,52416,3808.97,85.80,3.12,48
419328,52416,-496.33,24.68,48.26,48
419328,52416,3825.71,85.79,5.78,48
419712,52464,703.57,22.34,2.26,48
419712,52464,1595.30,84.68,156.34,48
419712,52464,442.46,21.79,10.28,48
419712,52464,2274.91,85.48,112.89,48
419712,52464,-946.39,20.10,59.88,48
419712,52464,-1633.55,20.93,85.48,48
419712,52464,1329.00,85.22,175.53,48
419712,52464,1447.81,90.00,193.16,48
420096,52512,3766.08,86.59,7.55,48
420096,52512,1419.85,88.03,185.08,48
420096,52512,3872.86,85.55,0.43,48
420096,52512,3743.22,85.25,7.06,48
420096,52512,-475.49,19.86,43.46,48
420096,52512,4022.24,89.05,0.53,48
420096,52512,2736.37,84.47,73.01,48
420096,52512,3755.21,85.22,0.74,48
420480,52560,-2000.60,18.27,96.51,48
420480,52560,3507.88,86.80,32.16,48
420480,52560,2582.35,86.25,90.22,48
420480,52560,3533.15,88.57,34.23,48
420480,52560,-3141.50,86.80,503.46,48
420480,52560,3878.68,86.10,2.92,48
420480,52560,2978.00,82.95,50.02,48
420480,52560,-2123.48,22.90,105.77,48
420864,52608,-570.81,21.19,44.38,48
420864,52608,-609.08,21.52,47.71,48
420864,52608,3696.65,85.78,9.95,48
420864,52608,1152.94,85.77,196.50,48
420864,52608,2836.17,83.66,65.41,48
420864,52608,3879.77,87.40,0.68,48
420864,52608,-2086.82,21.15,104.44,48
420864,52608,1739.65,85.19,151.42,48
421248,52656,3746.40,83.02,0.00,48
421248,52656,644.45,20.68,0.00,48
421248,52656,733.43,21.52,0.25,48
421248,52656,-1477.32,22.15,83.50,48
421248,52656,3788.23,85.21,1.17,48
421248,52656,3806.60,85.21,0.64,48
421248,52656,2754.44,82.22,65.15,48
421248,52656,2835.61,82.87,58.14,48
421632,52704,3334.29,83.19,29.72,48
421632,52704,3338.57,84.99,33.13,48
421632,52704,1410.69,84.96,171.78,48
421632,52704,-2196.11,19.98,107.19,48
421632,52704,3606.19,86.93,23.65,48
421632,52704,-683.24,21.69,50.93,48
421632,52704,741.09,22.54,0.81,48
421632,52704,3615.36,81.92,0.72,48
422016,52752,1853.93,85.75,138.01,48
422016,52752,628.52,21.27,1.02,48
422016,52752,-557.85,21.70,43.74,48
422016,52752,3756.28,88.18,17.25,48
422016,52752,3729.36,84.63,6.88,48
422016,52752,-745.96,24.14,58.07,48
422016,52752,634.58,23.29,3.10,48
422016,52752,3964.67,86.76,0.00,48
422400,52800,467.83,22.22,8.25,48
422400,52800,252.29,23.11,19.74,48
422400,52800,2215.54,88.44,129.20,48
422400,52800,697.13,22.39,1.28,48
422400,52800,2981.29,88.80,77.99,48
422400,52800,-1617.92,20.20,87.45,48
422400,52800,2944.87,87.93,78.08,48
422400,52800,3865.57,88.24,12.16,48
422784,52848,2315.21,85.68,107.15,48
422784,52848,3669.45,86.30,10.23,48
422784,52848,4087.62,89.46,0.79,48
422784,52848,3765.01,84.90,1.28,48
422784,52848,657.97,20.43,0.00,48
422784,52848,1458.28,85.63,170.91,48
422784,52848,3872.88,87.66,6.25,48
422784,52848,3724.42,84.93,0.27,48
423168,52896,2028.45,85.76,130.80,48
423168,52896,593.04,20.26,0.00,48
423168,52896,3813.16,87.53,12.08,48
423168,52896,-2799.89,21.89,135.16,48
423168,52896,3299.21,85.59,41.27,48
423168,52896,-3491.19,22.46,160.57,48
423168,52896,3939.11,87.15,0.00,48
423168,52896,1923.73,82.45,126.73,48
423552,52944,4002.96,88.41,0.69,48
423552,52944,2860.29,88.08,81.13,48
423552,52944,1742.98,84.21,143.39,48
423552,52944,3730.84,84.68,3.94,48
423552,52944,-13154.34,22.57,528.01,48
423552,52944,33.35,24.63,27.88,48
423552,52944,3462.39,87.08,31.23,48
423552,52944,3906.80,86.77,0.66,48
423936,52992,-130.58,19.53,23.60,48
423936,52992,3273.18,85.13,37.58,48
423936,52992,591.99,21.22,1.49,48
423936,52992,3947.80,87.72,2.60,48
423936,52992,-726.30,87.10,335.96,48
423936,52992,3651.90,84.15,1.95,48
423936,52992,3692.97,85.64,9.70,48
423936,52992,-2002.64,21.15,101.22,48
424320,53040,-370.01,22.57,40.96,48
424320,53040,3737.00,84.07,1.21,48
424320,53040,2217.06,87.08,124.48,48
424320,53040,-5795.54,25.55,249.83,48
424320,53040,3266.89,85.20,40.37,48
424320,53040,3732.17,85.42,3.68,48
424320,53040,-1227.12,88.03,375.83,48
424320,53040,-4049.53,24.40,182.33,48
424704,53088,3648.95,86.75,16.40,48
424704,53088,-381.37,18.93,35.55,48
424704,53088,3171.67,86.38,49.35,48
424704,53088,3642.86,85.24,11.50,48
424704,53088,-482.57,21.53,43.11,48
424704,53088,2714.53,86.81,82.82,48
424704,53088,2221.42,86.26,116.28,48
424704,53088,3815.92,85.80,0.62,48
425088,53136,575.94,20.08,0.88,48
425088,53136,634.10,21.47,1.48,48
425088,53136,-553.95,21.60,44.57,48
425088,53136,3050.98,87.52,59.98,48
425088,53136,3305.43,87.56,47.28,48
425088,53136,-3527.20,25.08,163.08,48
425088,53136,2017.93,85.60,126.65,48
425088,53136,2842.34,84.34,68.59,48
425472,53184,3789.99,84.34,0.61,48
425472,53184,1642.86,85.60,158.21,48
425472,53184,3674.95,86.70,16.88,48
425472,53184,617.73,19.59,0.00,48
425472,53184,-2077.38,24.93,107.79,48
425472,53184,2634.99,83.72,79.02,48
425472,53184,3785.96,84.76,0.77,48
425472,53184,-5109.87,24.58,223.47,48
425856,53232,3734.26,86.27,10.56,48
425856,53232,3725.28,85.17,3.87,48
425856,53232,3556.95,87.65,28.35,48
425856,53232,-68.59,22.10,30.69,48
425856,53232,3830.84,89.93,21.66,48
425856,53232,3044.76,86.38,62.91,48
425856,53232,3066.05,83.48,40.58,48
425856,53232,3089.31,84.36,50.17,48
426240,53280,3698.00,84.89,7.29,48
426240,53280,1390.01,85.06,169.66,48
426240,53280,2681.49,86.71,91.02,48
426240,53280,-2417.12,23.82,117.37,48
426240,53280,3752.37,85.24,0.44,48
426240,53280,683.50,20.51,0.02,48
426240,53280,-2729.29,20.64,126.36,48
426240,53280,4070.50,88.88,1.87,48
426624,53328,3380.28,88.79,44.66,48
426624,53328,787.00,87.18,222.62,48
426624,53328,3601.67,84.11,8.65,48
426624,53328,-804.45,21.66,55.73,48
426624,53328,-49.63,21.61,27.65,48
426624,53328,-3031.17,21.04,138.76,48
426624,53328,4009.74,88.34,0.00,48
426624,53328,3163.66,88.94,62.45,48
427008,53376,-281.07,15.91,30.33,48
427008,53376,3698.04,83.53,1.65,48
427008,53376,3814.35,85.00,0.00,48
427008,53376,3953.98,88.41,8.07,48
427008,53376,3592.52,86.46,19.22,48
427008,53376,3361.91,86.62,37.24,48
427008,53376,3884.28,86.77,3.17,48
427008,53376,204.54,21.41,19.18,48
427392,53424,2025.47,86.36,135.56,48
427392,53424,668.92,23.66,1.83,48
427392,53424,3555.54,86.07,25.86,48
427392,53424,550.90,22.17,4.29,48
427392,53424,3323.94,88.51,49.79,48
427392,53424,-290.55,18.39,30.71,48
427392,53424,710.27,21.69,0.00,48
427392,53424,2185.59,84.18,112.32,48
427776,53472,-698.82,20.13,47.62,48
427776,53472,1159.94,88.61,206.56,48
427776,53472,3737.44,87.71,13.39,48
427776,53472,3479.11,84.89,20.26,48
427776,53472,3263.17,85.06,38.49,48
427776,53472,744.98,22.04,0.00,48
427776,53472,-15596.76,24.64,618.44,48
427776,53472,3825.67,84.46,0.00,48
428160,53520,-626.74,24.52,49.20,48
428160,53520,3839.37,85.95,0.10,48
428160,53520,-611.56,20.89,46.60,48
428160,53520,1758.27,87.54,157.45,48
428160,53520,619.27,19.80,1.17,48
428160,53520,-549.81,20.24,44.34,48
428160,53520,2004.68,82.99,122.73,48
428160,53520,-5093.57,24.35,222.43,48
428544,53568,3861.93,84.54,0.05,48
428544,53568,1327.99,87.22,180.56,48
428544,53568,644.21,21.76,0.00,48
428544,53568,3985.61,87.57,0.71,48
428544,53568,3116.29,86.85,53.64,48
428544,53568,2733.72,86.79,80.96,48
428544,53568,-1233.82,86.17,359.92,48
428544,53568,3723.29,84.04,1.31,48
428928,53616,159.03,21.34,17.54,48
428928,53616,561.30,19.45,0.72,48
428928,53616,3889.25,87.69,4.11,48
428928,53616,3714.13,82.85,0.76,48
428928,53616,554.88,17.61,0.66,48
428928,53616,644.96,20.72,0.25,48
428928,53616,230.77,18.50,10.11,48
428928,53616,814.88,23.98,0.00,48
429312,53664,3300.25,84.89,35.57,48
429312,53664,-1695.59,85.30,397.20,48
429312,53664,2935.57,87.94,74.42,48
429312,53664,741.43,22.45,0.79,48
429312,53664,-5594.60,24.67,240.16,48
429312,53664,-1007.51,20.29,63.31,48
429312,53664,487.15,18.77,2.69,48
429312,53664,828.99,22.76,0.00,48
429696,53712,3794.83,87.03,8.76,48
429696,53712,420.76,21.90,8.92,48
429696,53712,2531.88,85.44,89.40,48
429696,53712,3689.88,86.25,12.24,48
429696,53712,-934.72,20.33,59.38,48
429696,53712,3751.87,84.01,0.21,48
429696,53712,-1237.01,20.17,71.21,48
429696,53712,-2922.28,22.74,139.27,48
430080,53760,3769.09,85.56,5.56,48
430080,53760,-641.41,86.09,322.01,48
430080,53760,2099.15,85.30,121.05,48
430080,53760,3783.09,84.86,0.00,48
430080,53760,3615.41,85.30,13.18,48
430080,53760,-838.38,85.03,331.58,48
430080,53760,3261.60,89.55,58.86,48
430080,53760,3661.22,83.11,1.21,48
430464,53808,3641.85,87.24,20.63,48
430464,53808,3679.27,84.83,10.73,48
430464,53808,3623.51,83.65,4.53,48
430464,53808,3146.31,83.19,42.81,48
430464,53808,299.41,18.79,10.71,48
430464,53808,-3961.40,20.53,172.13,48
430464,53808,3728.19,84.70,6.26,48
430464,53808,3721.97,88.45,19.46,48
430848,53856,3642.28,85.36,6.59,48
430848,53856,600.25,21.60,2.35,48
430848,53856,-13986.92,22.40,559.75,48
430848,53856,3968.50,87.76,0.60,48
430848,53856,2074.96,87.03,135.89,48
430848,53856,-1869.96,20.98,99.12,48
430848,53856,585.21,20.53,3.74,48
430848,53856,3531.04,82.94,10.58,48
431232,53904,3753.59,85.41,3.24,48
431232,53904,3277.33,82.65,29.55,48
431232,53904,624.13,21.63,0.68,48
431232,53904,3642.12,85.91,13.76,48
431232,53904,3846.33,85.64,2.20,48
431232,53904,3512.12,85.58,26.76,48
431232,53904,1215.97,84.63,183.80,48
431232,53904,404.58,18.14,2.97,48
431616,53952,-2126.27,87.17,433.63,48
431616,53952,3321.48,87.26,43.56,48
431616,53952,3622.78,83.16,6.43,48
431616,53952,3915.95,86.27,0.66,48
431616,53952,568.23,20.47,1.50,48
431616,53952,3116.82,84.29,45.92,48
431616,53952,-223.73,22.79,37.61,48
431616,53952,3134.37,84.92,46.83,48
432000,54000,1446.43,86.56,175.84,48
432000,54000,3912.71,86.99,0.23,48
432000,54000,1002.51,85.41,200.28,48
432000,54000,3628.49,86.87,19.06,48
432000,54000,495.01,23.94,11.65,48
432000,54000,253.68,18.07,11.92,48
432000,54000,-1042.06,22.46,67.03,48
432000,54000,570.02,20.91,0.28,48
432384,54048,2616.25,88.68,98.61,48
432384,54048,-199.41,21.97,36.05,48
432384,54048,338.35,21.06,10.46,48
432384,54048,3782.87,86.32,7.40,48
432384,54048,3845.53,87.06,7.00,48
432384,54048,-4951.97,22.90,212.00,48
432384,54048,3774.84,84.42,2.20,48
432384,54048,3773.58,84.72,0.79,48
432768,54096,3814.19,85.52,1.24,48
432768,54096,3038.85,88.88,68.16,48
432768,54096,3617.21,83.57,9.09,48
432768,54096,3470.35,83.74,20.84,48
432768,54096,667.55,20.32,0.00,48
432768,54096,3974.25,88.44,4.04,48
432768,54096,3642.96,86.84,21.09,48
432768,54096,591.60,20.83,1.46,48
433152,54144,3885.38,86.69,1.22,48
433152,54144,115.69,21.43,18.76,48
433152,54144,4045.63,89.21,1.01,48
433152,54144,3430.53,85.29,29.90,48
433152,54144,2004.84,87.79,135.61,48
433152,54144,-10.37,20.39,23.71,48
433152,54144,3735.56,85.95,11.21,48
433152,54144,2022.30,87.57,141.86,48
433536,54192,3851.45,85.58,0.00,48
433536,54192,494.08,18.96,4.17,48
433536,54192,695.61,21.97,1.79,48
433536,54192,3794.79,88.95,18.67,48
433536,54192,3901.62,86.10,0.35,48
433536,54192,1937.75,85.67,133.10,48
433536,54192,3923.48,86.23,0.00,48
433536,54192,1042.39,88.64,214.03,48
433920,54240,3771.31,89.94,25.34,48
433920,54240,-3733.89,20.61,167.88,48
433920,54240,-3460.90,85.18,523.59,48
433920,54240,680.24,22.57,2.28,48
433920,54240,3706.90,86.48,12.66,48
433920,54240,3678.33,86.51,17.67,48
433920,54240,3895.27,86.89,0.10,48
433920,54240,1966.17,83.10,125.52,48
434304,54288,-984.58,18.46,58.35,48
434304,54288,2791.15,88.11,84.50,48
434304,54288,3850.00,86.78,5.19,48
434304,54288,44.91,18.13,17.63,48
434304,54288,3917.46,86.72,0.57,48
434304,54288,-4636.22,23.03,204.78,48
434304,54288,2021.51,83.86,129.47,48
434304,54288,3471.34,87.69,35.72,48
434688,54336,-961.76,86.82,349.55,48
434688,54336,1515.67,88.06,177.63,48
434688,54336,3238.29,86.02,43.08,48
434688,54336,268.52,21.45,16.35,48
434688,54336,3922.40,86.84,1.66,48
434688,54336,1826.78,81.45,127.64,48
434688,54336,546.58,21.17,1.39,48
434688,54336,754.34,23.96,2.78,48
435072,54384,3820.50,85.12,2.26,48
435072,54384,609.84,21.95,2.46,48
435072,54384,4081.36,88.46,0.00,48
435072,54384,3744.73,84.94,0.12,48
435072,54384,2236.59,85.01,116.42,48
435072,54384,1781.50,87.98,157.81,48
435072,54384,4010.93,87.77,0.00,48
435072,54384,3708.01,86.60,15.39,48
435456,54432,705.12,21.56,1.54,48
435456,54432,-179.92,20.70,29.31,48
435456,54432,4033.21,87.72,0.33,48
435456,54432,692.12,21.32,0.00,48
435456,54432,3274.06,86.59,45.72,48
435456,54432,3841.69,85.91,0.00,48
435456,54432,-8325.78,22.44,343.78,48
435456,54432,3788.03,85.79,8.12,48
435840,54480,756.78,21.92,0.00,48
435840,54480,-3978.40,23.08,178.24,48
435840,54480,2411.88,85.56,103.26,48
435840,54480,-1732.22,20.26,89.99,48
435840,54480,485.86,21.86,4.81,48
435840,54480,578.29,22.57,6.48,48
435840,54480,4058.18,89.46,0.33,48
435840,54480,2516.86,83.06,84.09,48
436224,54528,3595.88,83.29,6.40,48
436224,54528,3778.59,85.93,5.10,48
436224,54528,3814.62,85.42,0.05,48
436224,54528,3791.48,85.61,4.01,48
436224,54528,-8.02,19.91,24.51,48
436224,54528,3360.80,89.25,51.98,48
436224,54528,-3206.66,22.74,148.69,48
436224,54528,-215.06,20.50,31.22,48
436608,54576,632.54,23.76,0.16,48
436608,54576,-2560.51,83.64,453.01,48
436608,54576,189.81,19.63,16.21,48
436608,54576,607.32,18.62,0.21,48
436608,54576,-626.99,86.50,326.87,48
436608,54576,3591.73,84.67,20.28,48
436608,54576,3135.04,85.01,44.21,48
436608,54576,3720.27,86.16,8.29,48
436992,54624,-495.79,20.17,40.91,48
436992,54624,2813.01,85.63,76.10,48
436992,54624,283.64,19.19,9.72,48
436992,54624,644.69,22.79,0.58,48
436992,54624,635.88,21.05,0.04,48
436992,54624,3833.85,86.33,1.54,48
436992,54624,-2002.97,22.42,102.80,48
436992,54624,-854.41,20.36,53.36,48
437376,54672,3807.66,84.85,0.88,48
437376,54672,674.16,22.42,0.60,48
437376,54672,2999.02,87.52,67.58,48
437376,54672,-2222.78,19.51,105.54,48
437376,54672,2341.83,85.42,106.25,48
437376,54672,3501.44,83.06,14.34,48
437376,54672,2880.56,86.30,71.85,48
437376,54672,3534.75,83.50,10.52,48
437760,54720,3903.12,86.42,0.00,48
437760,54720,3375.77,84.81,26.24,48
437760,54720,575.73,20.67,3.12,48
437760,54720,3926.33,87.30,0.39,48
437760,54720,2804.80,83.05,61.83,48
437760,54720,35.83,19.09,23.33,48
437760,54720,3732.75,84.17,0.28,48
437760,54720,3866.81,87.77,6.46,48
438144,54768,2459.70,86.79,108.57,48
438144,54768,3755.62,85.96,5.36,48
438144,54768,3670.27,83.47,2.26,48
438144,54768,2435.80,87.21,105.12,48
438144,54768,3904.41,86.81,1.92,48
438144,54768,-358.92,22.76,41.54,48
438144,54768,486.98,20.76,4.81,48
438144,54768,2935.39,85.16,57.09,48
438528,54816,726.08,21.85,0.92,48
438528,54816,3933.05,87.20,0.05,48
438528,54816,-372.15,86.66,308.93,48
438528,54816,-3272.19,22.48,149.45,48
438528,54816,708.80,24.14,1.33,48
438528,54816,2238.50,85.80,113.16,48
438528,54816,3739.43,83.74,3.67,48
438528,54816,3988.89,87.79,0.00,48
438912,54864,3638.13,83.19,2.61,48
438912,54864,3847.95,86.03,1.49,48
438912,54864,-1435.20,88.88,390.79,48
438912,54864,3772.98,84.51,1.53,48
438912,54864,380.68,20.51,9.77,48
438912,54864,3516.66,85.44,24.69,48
438912,54864,662.57,22.37,2.28,48
438912,54864,3744.49,84.72,2.95,48
439296,54912,598.55,20.80,1.94,48
439296,54912,2676.94,86.33,85.68,48
439296,54912,4018.14,88.05,1.15,48
439296,54912,697.16,22.67,0.00,48
439296,54912,3717.03,82.71,0.00,48
439296,54912,3098.94,81.83,35.90,48
439296,54912,3883.57,86.38,0.32,48
439296,54912,3524.07,85.50,26.61,48
439680,54960,2574.98,87.20,92.08,48
439680,54960,1354.95,88.57,184.23,48
439680,54960,3234.33,86.89,48.15,48
439680,54960,1711.55,85.17,147.51,48
439680,54960,-3163.17,22.23,144.88,48
439680,54960,765.70,23.04,0.35,48
439680,54960,2264.35,84.48,110.47,48
439680,54960,3752.38,84.04,3.12,48
440064,55008,-1860.87,20.48,97.15,48
440064,55008,2232.16,83.72,105.73,48
440064,55008,3318.26,86.96,45.40,48
440064,55008,3626.27,84.84,10.56,48
440064,55008,3854.35,87.33,5.16,48
440064,55008,3008.85,84.41,54.36,48
440064,55008,-1539.96,24.08,85.59,48
440064,55008,3708.31,84.70,0.18,48
440448,55056,41.56,22.03,25.04,48
440448,55056,3925.14,86.53,0.82,48
440448,55056,-1538.67,24.94,87.83,48
440448,55056,3351.62,85.80,34.28,48
440448,55056,389.23,20.51,9.00,48
440448,55056,3964.31,87.02,1.78,48
440448,55056,3724.00,84.74,1.74,48
440448,55056,-2709.57,86.32,474.62,48
440832,55104,-1132.10,24.81,71.50,48
440832,55104,-1094.24,85.56,354.56,48
440832,55104,2129.09,86.06,121.93,48
440832,55104,478.37,20.16,3.21,48
440832,55104,524.13,20.14,1.94,48
440832,55104,688.90,22.01,0.74,48
440832,55104,-4513.70,23.46,201.20,48
440832,55104,3571.04,86.47,20.98,48
441216,55152,2478.40,83.64,91.42,48
441216,55152,3411.55,85.11,26.25,48
441216,55152,3049.54,87.90,66.12,48
441216,55152,-2614.41,24.72,129.02,48
441216,55152,3800.66,85.41,0.16,48
441216,55152,-1713.59,17.82,85.33,48
441216,55152,3323.83,84.72,32.69,48
441216,55152,3647.49,86.43,16.88,48
441600,55200,988.36,85.48,204.55,48
441600,55200,181.34,20.07,15.57,48
441600,55200,-3569.67,21.78,160.51,48
441600,55200,-1839.42,21.29,94.79,48
441600,55200,2965.99,86.31,66.64,48
441600,55200,595.56,85.44,228.91,48
441600,55200,3780.34,84.53,3.67,48
441600,55200,-387.82,20.67,40.51,48
441984,55248,534.50,18.92,2.02,48
441984,55248,735.90,23.03,1.48,48
441984,55248,3250.44,84.22,33.77,48
441984,55248,3425.36,84.97,24.03,48
441984,55248,3268.09,84.52,33.59,48
441984,55248,3624.55,86.12,12.89,48
441984,55248,3764.02,85.33,8.29,48
441984,55248,3835.56,84.72,0.86,48
442368,55296,-37.56,20.85,21.29,48
442368,55296,667.15,87.95,239.33,48
442368,55296,3931.26,87.51,0.61,48
442368,55296,3868.93,85.44,0.25,48
442368,55296,3793.64,84.88,0.00,48
442368,55296,3729.24,84.12,0.69,48
442368,55296,3201.63,87.18,52.14,48
442368,55296,-271.95,21.82,32.98,48
442752,55344,-4871.34,89.81,645.95,48
442752,55344,519.92,22.68,7.48,48
442752,55344,3833.30,84.98,0.00,48
442752,55344,-674.89,23.78,55.11,48
442752,55344,1756.21,85.44,148.54,48
442752,55344,4030.50,88.46,0.00,48
442752,55344,2194.17,87.84,125.98,48
442752,55344,3672.49,88.92,22.63,48
443136,55392,-216.10,18.23,27.10,48
443136,55392,1473.83,87.42,178.82,48
443136,55392,3491.05,83.54,13.76,48
443136,55392,-640.65,20.69,48.07,48
443136,55392,2782.76,87.77,86.05,48
443136,55392,1159.83,87.51,200.75,48
443136,55392,298.59,18.80,9.00,48
443136,55392,-3135.14,22.86,147.38,48
443520,55440,-897.74,24.04,61.92,48
443520,55440,3425.31,85.46,30.88,48
443520,55440,3835.27,86.75,2.63,48
443520,55440,3595.29,86.72,24.03,48
443520,55440,-1044.93,22.55,69.41,48
443520,55440,3700.43,84.04,0.26,48
443520,55440,644.52,20.83,1.21,48
443520,55440,2884.96,84.87,63.67,48
443904,55488,-5260.66,23.21,226.27,48
443904,55488,488.25,20.86,7.74,48
443904,55488,3636.97,84.93,10.61,48
443904,55488,-1357.76,24.88,78.23,48
443904,55488,705.07,21.71,0.00,48
443904,55488,3485.05,85.37,20.52,48
443904,55488,664.18,22.08,0.28,48
443904,55488,-2321.29,21.31,115.62,48
444288,55536,675.60,21.18,1.72,48
444288,55536,3648.52,83.79,4.34,48
444288,55536,-768.32,23.08,55.84,48
444288,55536,3515.76,83.99,11.29,48
444288,55536,3852.57,86.52,0.00,48
444288,55536,3637.53,88.88,28.02,48
444288,55536,3797.44,84.86,0.28,48
444288,55536,-2373.36,19.71,113.98,48
444672,55584,3038.50,86.45,55.42,48
444672,55584,-3077.18,84.08,488.96,48
444672,55584,745.29,23.03,0.00,48
444672,55584,3789.07,85.79,0.32,48
444672,55584,3779.55,85.82,5.17,48
444672,55584,837.86,23.60,0.00,48
444672,55584,2630.95,84.85,80.51,48
444672,55584,3933.41,87.42,1.17,48
445056,55632,1735.45,86.55,156.37,48
445056,55632,3062.97,85.83,52.39,48
445056,55632,3124.78,86.19,54.40,48
445056,55632,385.33,18.83,7.27,48
445056,55632,3679.45,83.86,2.32,48
445056,55632,-747.62,22.80,56.11,48
445056,55632,-16.63,18.19,24.29,48
445056,55632,-260.69,85.58,289.87,48
445440,55680,-288.55,22.51,35.11,48
445440,55680,3506.90,85.93,26.04,48
445440,55680,3679.06,86.67,11.07,48
445440,55680,3800.04,87.13,4.57,48
445440,55680,3845.61,86.79,6.39,48
445440,55680,-2445.07,19.21,112.34,48
445440,55680,2223.34,86.19,114.97,48
445440,55680,3810.20,85.48,0.95,48
445824,55728,739.60,23.31,0.21,48
445824,55728,3837.86,85.43,0.19,48
445824,55728,-3853.50,27.60,179.73,48
445824,55728,541.00,20.36,1.49,48
445824,55728,3767.20,85.49,7.14,48
445824,55728,731.10,22.00,0.31,48
445824,55728,387.36,22.45,11.11,48
445824,55728,-1594.28,23.07,88.23,48
446208,55776,-3012.83,23.51,146.15,48
446208,55776,3754.42,84.91,5.56,48
446208,55776,3359.04,87.41,39.08,48
446208,55776,3698.69,84.80,4.28,48
446208,55776,3628.54,82.22,4.16,48
446208,55776,3430.73,84.60,23.60,48
446208,55776,3501.27,82.59,9.61,48
446208,55776,3786.95,86.72,4.36,48
446592,55824,2278.71,88.96,126.09,48
446592,55824,3468.56,86.27,27.87,48
446592,55824,606.41,19.84,0.39,48
446592,55824,3727.43,85.93,11.22,48
446592,55824,1819.74,83.85,134.14,48
446592,55824,3979.65,88.13,1.64,48
446592,55824,2765.49,84.04,71.27,48
446592,55824,3556.24,87.90,28.02,48
446976,55872,162.53,21.97,18.61,48
446976,55872,2864.44,86.62,74.15,48
446976,55872,561.73,21.21,3.96,48
446976,55872,3682.14,87.53,17.56,48
446976,55872,600.11,22.57,4.58,48
446976,55872,3884.67,87.25,1.33,48
446976,55872,2100.16,86.46,127.69,48
446976,55872,641.97,22.14,3.46,48
447360,55920,3392.21,86.76,36.73,48
447360,55920,3224.88,86.89,49.08,48
447360,55920,3810.90,87.63,10.83,48
447360,55920,3514.27,87.06,28.87,48
447360,55920,1253.23,89.75,205.02,48
447360,55920,3565.58,86.19,19.34,48
447360,55920,327.59,24.28,15.25,48
447360,55920,-245.86,18.64,32.46,48
447744,55968,3215.16,88.61,59.89,48
447744,55968,3610.99,84.42,16.57,48
447744,55968,3765.03,85.48,0.05,48
447744,55968,3942.12,87.59,0.69,48
447744,55968,2422.19,87.31,106.18,48
447744,55968,739.20,24.43,0.02,48
447744,55968,-3622.65,88.04,545.28,48
447744,55968,1872.65,85.28,139.01,48
448128,56016,-948.64,18.06,59.85,48
448128,56016,-2765.04,19.76,126.96,48
448128,56016,-571.42,18.83,39.81,48
448128,56016,3586.85,86.05,18.97,48
448128,56016,3547.10,85.71,18.08,48
448128,56016,3601.85,84.26,13.30,48
448128,56016,762.21,23.70,0.00,48
448128,56016,3820.12,85.41,1.74,48
448512,56064,2733.66,86.52,86.20,48
448512,56064,3787.02,84.72,0.00,48
448512,56064,801.79,27.36,1.48,48
448512,56064,-3120.40,23.35,149.57,48
448512,56064,3506.61,84.00,16.98,48
448512,56064,3804.62,87.14,6.67,48
448512,56064,-334.57,21.28,34.08,48
448512,56064,600.35,23.11,4.47,48
448896,56112,2382.59,88.32,116.41,48
448896,56112,3717.54,85.45,6.89,48
448896,56112,4022.56,88.82,3.92,48
448896,56112,768.00,23.95,0.38,48
448896,56112,4035.25,88.11,0.92,48
448896,56112,3992.72,87.66,0.00,48
448896,56112,3870.44,85.03,0.09,48
448896,56112,3687.52,88.15,19.61,48
449280,56160,3518.47,86.09,28.76,48
449280,56160,588.35,23.91,7.54,48
449280,56160,-408.50,18.43,33.66,48
449280,56160,3370.92,85.97,30.84,48
449280,56160,97.72,22.11,22.65,48
449280,56160,3957.17,87.80,1.00,48
449280,56160,-2758.35,21.21,128.73,48
449280,56160,3077.36,84.70,44.97,48
449664,56208,287.23,20.47,13.39,48
449664,56208,3886.37,86.85,2.26,48
449664,56208,592.52,17.18,0.00,48
449664,56208,3477.95,88.07,36.52,48
449664,56208,628.29,20.42,0.68,48
449664,56208,-1475.86,23.98,84.96,48
449664,56208,2521.87,84.72,93.46,48
449664,56208,3330.21,83.84,28.04,48
450048,56256,657.38,23.39,1.24,48
450048,56256,814.24,23.75,1.21,48
450048,56256,864.69,25.81,0.60,48
450048,56256,3814.74,87.14,11.08,48
450048,56256,-2818.59,22.41,135.83,48
450048,56256,2428.57,87.31,108.07,48
450048,56256,-1026.00,20.44,60.44,48
450048,56256,3951.11,89.09,8.29,48
450432,56304,3167.45,84.82,43.11,48
450432,56304,1818.13,88.46,158.34,48
450432,56304,3760.06,90.12,26.37,48
450432,56304,783.45,22.52,1.24,48
450432,56304,-2212.79,25.38,112.68,48
450432,56304,547.52,20.79,1.64,48
450432,56304,3039.90,87.40,65.93,48
450432,56304,3912.67,88.20,2.39,48
450816,56352,3561.98,87.12,24.66,48
450816,56352,3982.32,87.55,0.62,48
450816,56352,3824.93,85.21,0.43,48
450816,56352,3842.61,85.99,6.20,48
450816,56352,3313.17,86.10,43.65,48
450816,56352,3674.14,85.64,12.12,48
450816,56352,3695.97,82.76,0.00,48
450816,56352,806.20,24.16,0.00,48
451200,56400,3542.03,86.45,24.73,48
451200,56400,1041.60,86.98,207.01,48
451200,56400,-4081.77,26.05,188.79,48
451200,56400,3519.72,85.86,24.18,48
451200,56400,761.16,24.68,1.28,48
451200,56400,-8572.75,22.25,349.86,48
451200,56400,3995.49,88.98,1.38,48
451200,56400,978.32,85.68,204.59,48
451584,56448,-399.97,24.13,43.57,48
451584,56448,-1155.43,22.68,70.22,48
451584,56448,3844.86,87.16,5.84,48
451584,56448,3782.04,84.57,1.28,48
451584,56448,3744.08,84.26,2.26,48
451584,56448,-321.57,22.43,38.94,48
451584,56448,3543.58,88.11,27.55,48
451584,56448,3719.89,85.35,11.58,48
451968,56496,577.85,17.97,0.61,48
451968,56496,1707.07,85.59,152.59,48
451968,56496,3710.54,85.20,11.04,48
451968,56496,2983.59,86.35,63.70,48
451968,56496,3749.69,84.60,0.61,48
451968,56496,2410.36,83.58,94.76,48
451968,56496,-289.88,21.66,35.33,48
451968,56496,-367.81,21.11,40.28,48
452352,56544,504.48,20.11,1.33,48
452352,56544,1798.45,84.39,140.11,48
452352,56544,-3910.37,22.00,174.19,48
452352,56544,3823.18,86.62,6.62,48
452352,56544,2634.63,86.35,88.20,48
452352,56544,1687.59,88.10,169.43,48
452352,56544,3408.08,84.86,30.01,48
452352,56544,3339.69,85.13,30.69,48
452736,56592,3726.65,87.89,16.22,48
452736,56592,3852.08,86.17,0.04,48
452736,56592,-2430.02,22.82,118.40,48
452736,56592,3678.88,84.78,9.93,48
452736,56592,-5395.54,25.16,235.08,48
452736,56592,667.26,22.57,2.37,48
452736,56592,27.31,21.47,19.69,48
452736,56592,2541.37,84.16,88.35,48
453120,56640,3597.83,84.98,13.52,48
453120,56640,1255.00,84.33,181.30,48
453120,56640,-2414.63,20.21,113.14,48
453120,56640,-2212.15,20.73,105.47,48
453120,56640,3830.18,85.71,1.32,48
453120,56640,3250.90,85.91,41.36,48
453120,56640,3989.47,89.37,3.92,48
453120,56640,113.87,21.75,21.60,48
453504,56688,3929.62,87.05,0.05,48
453504,56688,3626.69,86.13,15.55,48
453504,56688,3336.06,85.98,36.78,48
453504,56688,3627.08,87.14,21.12,48
453504,56688,1873.28,86.54,141.46,48
453504,56688,-7901.39,20.79,322.54,48
453504,56688,3599.92,86.36,23.44,48
453504,56688,-1484.99,19.84,77.78,48
453888,56736,3300.96,86.15,39.36,48
453888,56736,-1472.26,81.75,369.44,48
453888,56736,-887.74,21.90,56.77,48
453888,56736,3828.26,85.49,1.36,48
453888,56736,2436.80,87.14,106.42,48
453888,56736,3998.71,88.66,2.88,48
453888,56736,704.66,21.37,0.09,48
453888,56736,3379.30,87.49,40.22,48
454272,56784,-1008.64,20.14,61.49,48
454272,56784,-4239.03,24.53,190.23,48
454272,56784,-95.49,20.84,29.34,48
454272,56784,3787.12,85.94,1.55,48
454272,56784,3432.54,84.62,21.42,48
454272,56784,3272.15,83.33,27.56,48
454272,56784,608.40,22.94,3.27,48
454272,56784,3162.10,85.74,50.85,48
454656,56832,2018.22,85.20,130.53,48
454656,56832,67.99,20.89,17.85,48
454656,56832,505.16,21.38,6.17,48
454656,56832,-782.35,23.86,57.86,48
454656,56832,3717.46,86.08,12.27,48
454656,56832,707.66,19.94,0.00,48
454656,56832,2010.38,85.63,130.48,48
454656,56832,259.83,18.96,12.84,48
455040,56880,3802.23,89.28,16.13,48
455040,56880,672.80,20.20,0.00,48
455040,56880,3823.05,84.86,0.00,48
455040,56880,3721.00,83.40,0.00,48
455040,56880,-184.72,20.55,29.55,48
455040,56880,-5620.68,23.62,240.34,48
455040,56880,2912.05,86.68,68.87,48
455040,56880,-469.93,20.09,39.31,48
455424,56928,3571.27,88.17,27.70,48
455424,56928,814.71,23.99,0.00,48
455424,56928,655.06,86.43,225.04,48
455424,56928,168.80,17.73,15.97,48
455424,56928,-14174.29,22.74,566.55,48
455424,56928,-1077.45,19.38,61.89,48
455424,56928,3365.00,82.85,23.16,48
455424,56928,3837.43,84.95,0.00,48
455808,56976,772.52,86.95,228.16,48
455808,56976,1287.38,86.25,185.63,48
455808,56976,3536.83,84.22,13.08,48
455808,56976,3801.46,85.16,0.43,48
455808,56976,3525.47,82.75,7.68,48
455808,56976,3937.63,87.44,0.43,48
455808,56976,-4263.12,23.79,191.21,48
455808,56976,-278.45,21.60,35.71,48
456192,57024,-1131.25,22.58,66.55,48
456192,57024,2646.37,82.11,71.88,48
456192,57024,509.69,20.40,1.91,48
456192,57024,3450.48,86.94,33.84,48
456192,57024,2978.43,87.32,66.14,48
456192,57024,3746.52,87.17,11.65,48
456192,57024,3840.85,87.02,5.84,48
456192,57024,494.99,18.02,2.83,48
456576,57072,2493.49,85.63,97.22,48
456576,57072,3708.81,86.47,15.89,48
456576,57072,3365.62,84.60,27.35,48
456576,57072,-146.85,20.29,29.04,48
456576,57072,3753.71,84.85,2.18,48
456576,57072,502.20,23.46,6.59,48
456576,57072,3766.65,86.10,6.00,48
456576,57072,285.52,22.13,16.84,48
456960,57120,3811.77,85.19,1.21,48
456960,57120,3623.59,84.48,6.42,48
456960,57120,2150.03,84.89,116.27,48
456960,57120,-472.55,21.18,43.17,48
456960,57120,3249.37,85.19,41.57,48
456960,57120,2014.85,85.30,132.29,48
456960,57120,3657.64,85.30,12.97,48
456960,57120,3364.42,85.65,32.87,48
457344,57168,3679.34,86.85,15.23,48
457344,57168,3857.96,86.38,0.57,48
457344,57168,-1062.00,20.03,64.51,48
457344,57168,653.93,26.26,3.15,48
457344,57168,2630.37,83.45,77.24,48
457344,57168,3865.95,87.06,5.66,48
457344,57168,3855.88,86.62,1.44,48
457344,57168,3879.81,88.56,10.14,48
457728,57216,2203.66,85.05,111.67,48
457728,57216,3976.43,88.09,0.02,48
457728,57216,261.40,22.39,13.12,48
457728,57216,3305.62,83.92,33.65,48
457728,57216,3885.11,88.24,5.44,48
457728,57216,3726.35,84.64,1.76,48
457728,57216,3617.40,85.24,11.94,48
457728,57216,3645.92,83.00,0.00,48
458112,57264,64.14,26.06,29.68,48
458112,57264,628.92,21.64,0.61,48
458112,57264,2360.39,86.52,107.60,48
458112,57264,3903.13,87.32,1.28,48
458112,57264,4140.69,89.77,0.00,48
458112,57264,2857.08,85.76,70.94,48
458112,57264,3605.70,83.94,14.83,48
458112,57264,-120.62,23.43,34.29,48
458496,57312,4022.44,87.70,0.78,48
458496,57312,686.15,22.06,1.28,48
458496,57312,3241.35,87.98,50.24,48
458496,57312,3488.11,84.27,19.56,48
458496,57312,-581.57,22.48,46.46,48
458496,57312,-69.27,20.35,25.24,48
458496,57312,3529.39,84.88,17.26,48
458496,57312,-4250.37,23.18,191.13,48
458880,57360,2863.16,85.58,64.62,48
458880,57360,1660.14,85.79,156.31,48
458880,57360,2474.83,87.25,101.39,48
458880,57360,8.81,20.51,25.07,48
458880,57360,3369.76,86.49,35.27,48
458880,57360,3836.55,86.30,4.98,48
458880,57360,610.07,19.20,0.00,48
458880,57360,106.14,19.06,18.21,48
459264,57408,3214.95,86.18,46.56,48
459264,57408,2157.74,85.58,121.10,48
459264,57408,3809.04,86.15,0.92,48
459264,57408,679.17,21.33,1.00,48
459264,57408,1659.16,84.84,151.99,48
459264,57408,3285.81,84.61,35.64,48
459264,57408,3843.20,86.46,1.29,48
459264,57408,-2210.87,24.13,113.09,48
459648,57456,3670.35,83.80,1.28,48
459648,57456,2352.95,87.18,111.28,48
459648,57456,-1292.73,22.62,79.64,48
459648,57456,3661.75,84.16,9.22,48
459648,57456,2170.12,84.24,119.54,48
459648,57456,3819.77,88.12,13.84,48
459648,57456,-12421.16,21.15,492.17,48
459648,57456,3888.78,86.40,0.00,48
460032,57504,3273.45,84.61,36.66,48
460032,57504,-14080.82,22.62,561.86,48
460032,57504,3855.55,86.25,1.30,48
460032,57504,3763.91,84.89,1.26,48
460032,57504,3700.59,83.76,2.14,48
460032,57504,3897.24,86.47,0.43,48
460032,57504,3731.65,85.75,1.76,48
460032,57504,3906.41,86.12,0.00,48
460416,57552,779.63,21.69,0.00,48
460416,57552,3648.85,88.81,29.28,48
460416,57552,3449.94,87.69,41.52,48
460416,57552,3040.65,85.92,59.08,48
460416,57552,3189.20,86.69,54.01,48
460416,57552,254.58,20.14,12.88,48
460416,57552,3535.66,85.24,19.00,48
460416,57552,1648.74,83.98,148.70,48
460800,57600,3400.61,83.41,19.77,48
460800,57600,-3874.31,24.03,178.10,48
460800,57600,3685.21,84.08,5.02,48
460800,57600,3872.08,85.49,0.27,48
460800,57600,3141.99,85.09,45.26,48
460800,57600,3759.89,84.21,0.00,48
460800,57600,3746.74,87.64,14.68,48
460800,57600,3609.51,89.26,36.01,48
461184,57648,3606.25,83.82,6.04,48
461184,57648,3197.27,88.25,56.27,48
461184,57648,3717.51,84.30,7.50,48
461184,57648,636.71,22.56,6.20,48
461184,57648,1406.66,85.86,173.00,48
461184,57648,3379.86,83.35,20.97,48
461184,57648,599.53,22.54,6.36,48
461184,57648,-8161.55,19.84,329.48,48
461568,57696,3357.25,84.56,28.44,48
461568,57696,2933.69,84.88,61.24,48
461568,57696,3785.64,85.47,5.33,48
461568,57696,3616.42,89.40,31.87,48
461568,57696,1148.63,86.38,194.25,48
461568,57696,3137.46,88.27,59.52,48
461568,57696,3833.77,85.70,0.10,48
461568,57696,3922.08,86.63,0.00,48
461952,57744,464.92,21.35,6.05,48
461952,57744,3187.54,88.07,54.68,48
461952,57744,-880.75,21.16,57.17,48
461952,57744,321.24,21.74,13.05,48
461952,57744,2380.91,88.64,116.51,48
461952,57744,-2808.73,86.36,479.30,48
461952,57744,3785.85,84.82,1.06,48
461952,57744,269.87,18.50,10.35,48
462336,57792,3705.52,87.76,18.62,48
462336,57792,3482.54,85.47,25.96,48
462336,57792,3868.70,87.25,2.69,48
462336,57792,-2691.74,21.43,125.88,48
462336,57792,-5236.03,21.45,221.02,48
462336,57792,3926.99,87.78,1.17,48
462336,57792,1869.54,85.21,139.14,48
462336,57792,-1339.14,84.85,367.07,48
462720,57840,3907.90,86.70,0.41,48
462720,57840,3202.65,87.56,51.01,48
462720,57840,3091.07,87.13,61.98,48
462720,57840,-1451.75,84.54,375.83,48
462720,57840,1914.36,86.62,140.85,48
462720,57840,525.03,17.17,0.00,48
462720,57840,549.98,19.59,0.82,48
462720,57840,1681.96,84.50,148.39,48
463104,57888,341.72,21.13,13.81,48
463104,57888,2152.28,85.19,114.79,48
463104,57888,-527.58,22.54,46.07,48
463104,57888,3806.38,85.21,0.65,48
463104,57888,-2734.77,18.84,122.92,48
463104,57888,-576.48,21.39,46.45,48
463104,57888,459.17,19.01,5.03,48
463104,57888,517.40,18.32,2.73,48
463488,57936,373.89,23.22,15.18,48
463488,57936,3524.72,85.87,24.21,48
463488,57936,3247.97,87.52,51.65,48
463488,57936,3761.07,85.58,5.44,48
463488,57936,-25.73,19.21,22.94,48
463488,57936,575.37,20.24,1.22,48
463488,57936,-967.51,23.21,62.02,48
463488,57936,3812.44,89.46,19.53,48
463872,57984,3674.57,85.27,9.69,48
463872,57984,2092.66,84.31,117.03,48
463872,57984,3796.54,85.18,0.26,48
463872,57984,3742.41,83.56,1.82,48
463872,57984,509.86,19.60,1.53,48
463872,57984,736.47,23.99,2.81,48
463872,57984,3876.70,86.60,1.32,48
463872,57984,-1694.91,89.94,420.25,48
464256,58032,3382.10,89.58,52.34,48
464256,58032,673.19,21.79,1.21,48
464256,58032,2063.74,84.11,120.46,48
464256,58032,3719.79,86.48,10.86,48
464256,58032,3400.82,82.73,19.97,48
464256,58032,2784.40,85.98,80.53,48
464256,58032,-4333.92,25.59,196.69,48
464256,58032,3856.45,89.21,14.76,48
464640,58080,530.98,19.52,2.34,48
464640,58080,-3082.03,20.59,138.96,48
464640,58080,-3290.39,21.98,148.25,48
464640,58080,3463.57,87.66,38.42,48
464640,58080,545.82,24.52,8.44,48
464640,58080,2314.72,86.58,111.51,48
464640,58080,3700.34,84.52,1.49,48
464640,58080,3230.44,87.71,53.69,48
465024,58128,3878.01,85.32,0.00,48
465024,58128,73.87,21.52,21.23,48
465024,58128,3719.70,84.82,1.20,48
465024,58128,203.30,19.96,15.08,48
465024,58128,3120.59,85.21,42.42,48
465024,58128,3872.64,87.79,7.46,48
465024,58128,3711.04,85.52,7.48,48
465024,58128,3755.19,85.20,2.21,48
465408,58176,-15.87,23.75,31.06,48
465408,58176,3692.66,85.88,9.02,48
465408,58176,359.44,20.97,10.11,48
465408,58176,3411.55,82.63,16.10,48
465408,58176,-4024.71,21.42,177.99,48
465408,58176,3637.40,86.59,23.51,48
465408,58176,3811.33,87.41,6.95,48
465408,58176,3777.75,86.80,8.76,48
465792,58224,3661.31,88.24,23.91,48
465792,58224,1829.65,87.01,151.89,48
465792,58224,602.43,20.20,2.48,48
465792,58224,750.19,23.70,0.58,48
465792,58224,3219.55,82.82,36.70,48
465792,58224,3911.48,87.19,2.53,48
465792,58224,3598.56,83.57,6.49,48
465792,58224,3187.54,85.42,40.62,48
466176,58272,3879.07,88.73,10.66,48
466176,58272,620.56,20.78,1.53,48
466176,58272,-4105.94,21.54,181.47,48
466176,58272,-79.36,24.08,30.44,48
466176,58272,3855.67,86.39,0.00,48
466176,58272,-790.64,19.31,50.76,48
466176,58272,351.44,23.18,11.86,48
466176,58272,3867.15,86.31,3.73,48
466560,58320,4001.98,88.66,3.34,48
466560,58320,4022.10,89.06,0.39,48
466560,58320,3388.00,87.12,36.23,48
466560,58320,568.23,20.24,3.78,48
466560,58320,-3477.88,21.61,157.42,48
466560,58320,702.91,21.60,0.00,48
466560,58320,3910.59,85.81,0.00,48
466560,58320,2776.68,85.91,78.53,48
466944,58368,657.95,22.06,1.24,48
466944,58368,544.68,22.47,4.55,48
466944,58368,-333.95,22.27,39.27,48
466944,58368,2943.34,86.13,63.33,48
466944,58368,3501.10,87.26,33.28,48
466944,58368,3693.79,83.77,2.06,48
466944,58368,235.86,18.12,9.21,48
466944,58368,2292.21,86.09,111.30,48
467328,58416,2319.75,86.58,108.98,48
467328,58416,3732.52,83.16,0.56,48
467328,58416,3914.40,87.47,3.67,48
467328,58416,3795.07,85.29,1.39,48
467328,58416,1925.71,89.25,152.76,48
467328,58416,3468.39,84.31,14.67,48
467328,58416,3637.03,82.22,0.88,48
467328,58416,1690.41,87.29,163.78,48
467712,58464,487.63,20.47,6.21,48
467712,58464,3853.92,86.54,0.00,48
467712,58464,-92.41,21.65,29.04,48
467712,58464,1753.90,86.05,154.72,48
467712,58464,3953.93,88.59,3.68,48
467712,58464,3756.79,84.42,2.59,48
467712,58464,724.54,25.67,7.02,48
467712,58464,2137.93,86.15,124.35,48
468096,58512,593.40,23.83,3.96,48
468096,58512,-4334.59,26.21,198.30,48
468096,58512,3204.00,84.41,39.40,48
468096,58512,-1088.23,21.84,67.14,48
468096,58512,3095.03,88.07,62.41,48
468096,58512,3791.77,85.88,3.82,48
468096,58512,3638.37,83.46,2.27,48
468096,58512,2108.00,86.66,130.47,48
468480,58560,3699.69,84.48,7.58,48
468480,58560,553.57,20.75,5.50,48
468480,58560,2462.32,86.44,101.90,48
468480,58560,3122.57,84.66,52.90,48
468480,58560,2450.61,85.33,97.66,48
468480,58560,497.34,19.37,1.87,48
468480,58560,3794.73,87.22,8.32,48
468480,58560,3077.30,83.37,44.74,48
468864,58608,3799.97,86.64,1.34,48
468864,58608,-3618.25,88.76,549.21,48
468864,58608,-2072.52,19.34,101.05,48
468864,58608,629.77,20.62,1.14,48
468864,58608,3061.52,84.97,58.41,48
468864,58608,741.20,23.15,0.02,48
468864,58608,3205.10,84.60,42.46,48
468864,58608,3678.70,83.35,0.62,48
469248,58656,4134.01,90.27,0.02,48
469248,58656,2976.63,84.92,56.60,48
469248,58656,2743.86,87.95,88.34,48
469248,58656,3840.88,86.24,3.09,48
469248,58656,3869.91,85.25,0.81,48
469248,58656,3932.30,87.44,0.00,48
469248,58656,-2121.11,88.57,440.67,48
469248,58656,3708.11,83.13,0.10,48
469632,58704,3940.42,87.04,1.37,48
469632,58704,673.73,19.81,0.74,48
469632,58704,3905.76,87.01,0.27,48
469632,58704,3990.96,87.70,0.09,48
469632,58704,2694.69,89.02,99.01,48
469632,58704,3522.38,86.13,24.64,48
469632,58704,3867.31,85.80,1.83,48
469632,58704,3738.18,84.71,0.28,48
470016,58752,640.49,20.46,0.00,48
470016,58752,3544.88,86.18,23.06,48
470016,58752,-2251.85,19.24,107.56,48
470016,58752,526.43,22.79,6.88,48
470016,58752,-1742.54,18.42,88.18,48
470016,58752,813.09,86.39,217.32,48
470016,58752,-4590.97,21.25,194.59,48
470016,58752,515.95,22.06,8.12,48
470400,58800,2085.05,83.72,117.27,48
470400,58800,3285.35,84.75,36.06,48
470400,58800,2910.38,88.35,74.79,48
470400,58800,411.38,20.77,9.70,48
470400,58800,3882.62,86.39,0.32,48
470400,58800,-619.90,23.58,52.29,48
470400,58800,3855.66,87.38,6.54,48
470400,58800,3956.87,88.23,1.63,48
470784,58848,3490.83,85.39,22.61,48
470784,58848,570.84,19.93,0.41,48
470784,58848,579.18,18.36,0.00,48
470784,58848,3523.27,84.99,16.51,48
470784,58848,2729.78,84.03,77.80,48
470784,58848,3271.72,86.53,42.90,48
470784,58848,3701.66,87.40,17.74,48
470784,58848,-3322.24,25.83,158.44,48
471168,58896,3189.48,85.41,47.33,48
471168,58896,3784.44,86.56,9.41,48
471168,58896,318.57,25.24,16.36,48
471168,58896,3365.12,85.20,31.34,48
471168,58896,526.23,23.66,9.34,48
471168,58896,2366.05,84.89,102.17,48
471168,58896,3880.68,85.74,0.00,48
471168,58896,-4406.35,21.90,190.15,48
471552,58944,623.40,20.75,0.92,48
471552,58944,754.56,23.38,0.28,48
471552,58944,3889.43,86.28,0.02,48
471552,58944,157.12,21.69,22.40,48
471552,58944,383.22,19.93,6.28,48
471552,58944,3482.48,83.62,18.92,48
471552,58944,2027.38,85.52,127.10,48
471552,58944,684.27,22.85,1.28,48
471936,58992,2946.14,85.09,60.57,48
471936,58992,3231.68,85.39,42.43,48
471936,58992,155.72,21.20,20.38,48
471936,58992,514.52,19.61,2.96,48
471936,58992,2312.96,85.78,110.88,48
471936,58992,3337.09,84.73,29.36,48
471936,58992,3969.22,86.89,0.00,48
471936,58992,-2584.35,27.87,133.82,48
472320,59040,3654.93,84.79,4.87,48
472320,59040,2764.59,85.87,76.43,48
472320,59040,588.37,19.79,0.00,48
472320,59040,3663.22,83.97,0.61,48
472320,59040,3691.58,84.94,6.83,48
472320,59040,3380.03,86.51,34.73,48
472320,59040,-592.89,20.50,45.94,48
472320,59040,3922.40,89.28,10.53,48
472704,59088,1353.14,85.83,180.93,48
472704,59088,3755.42,83.44,0.31,48
472704,59088,526.24,18.18,0.01,48
472704,59088,603.78,21.99,1.81,48
472704,59088,2374.42,87.14,110.21,48
472704,59088,3804.85,84.45,0.12,48
472704,59088,3498.27,84.76,22.84,48
472704,59088,3660.53,83.84,3.34,48
473088,59136,3646.31,82.76,2.84,48
473088,59136,-4069.89,21.72,179.57,48
473088,59136,586.52,22.40,3.85,48
473088,59136,3742.36,84.65,2.16,48
473088,59136,-1193.95,23.58,71.60,48
473088,59136,3289.16,84.71,34.19,48
473088,59136,3255.14,85.78,43.93,48
473088,59136,3832.37,86.69,1.48,48
473472,59184,-3164.50,26.74,155.64,48
473472,59184,-52.22,22.87,29.23,48
473472,59184,3877.86,86.47,1.74,48
473472,59184,3688.23,85.21,5.66,48
473472,59184,650.38,19.55,0.85,48
473472,59184,3501.88,85.64,24.75,48
473472,59184,3704.82,83.77,1.51,48
473472,59184,3314.72,86.04,40.51,48
473856,59232,347.82,21.76,14.25,48
473856,59232,-982.80,21.48,62.77,48
473856,59232,470.32,17.91,0.00,48
473856,59232,2742.81,86.36,80.31,48
473856,59232,789.05,24.27,1.08,48
473856,59232,-3561.63,20.43,157.73,48
473856,59232,-2541.13,25.03,128.11,48
473856,59232,-3010.67,21.62,141.45,48
474240,59280,191.68,23.12,22.01,48
474240,59280,3651.31,82.55,0.00,48
474240,59280,2112.40,86.23,128.07,48
474240,59280,305.16,22.18,15.81,48
474240,59280,3623.27,86.27,17.10,48
474240,59280,594.26,19.74,1.21,48
474240,59280,-1468.30,19.77,79.64,48
474240,59280,1279.14,88.45,197.34,48
474624,59328,3228.96,86.16,48.27,48
474624,59328,3876.42,86.31,0.60,48
474624,59328,1361.49,85.73,176.53,48
474624,59328,1890.48,86.62,139.30,48
474624,59328,3279.37,84.81,34.99,48
474624,59328,1671.60,86.95,158.28,48
474624,59328,3946.16,87.20,0.27,48
474624,59328,-1774.37,22.80,95.53,48
475008,59376,-2863.78,18.62,129.57,48
475008,59376,-93.56,22.90,31.86,48
475008,59376,-387.95,25.02,41.68,48
475008,59376,3867.84,86.93,0.10,48
475008,59376,3983.25,88.45,1.83,48
475008,59376,287.61,23.46,18.25,48
475008,59376,3900.91,87.01,4.15,48
475008,59376,3656.07,84.85,12.93,48
475392,59424,707.91,21.61,0.00,48
475392,59424,3811.69,86.75,7.20,48
475392,59424,3781.01,86.10,2.48,48
475392,59424,3722.52,84.92,5.63,48
475392,59424,3737.74,83.77,0.61,48
475392,59424,1649.77,87.29,165.42,48
475392,59424,3810.58,85.21,1.54,48
475392,59424,677.03,21.51,1.17,48
475776,59472,710.91,21.63,0.00,48
475776,59472,2808.99,85.42,71.74,48
475776,59472,3848.71,88.14,11.03,48
475776,59472,475.02,18.74,3.24,48
475776,59472,-1680.93,19.21,87.88,48
475776,59472,3744.17,85.29,7.03,48
475776,59472,3257.02,87.14,45.14,48
475776,59472,1747.51,87.86,159.84,48
476160,59520,-2784.87,20.95,129.64,48
476160,59520,3172.81,88.89,64.20,48
476160,59520,2043.10,87.45,139.02,48
476160,59520,2370.25,88.09,118.57,48
476160,59520,3206.52,86.96,53.15,48
476160,59520,3730.69,86.73,13.77,48
476160,59520,3877.90,85.08,0.60,48
476160,59520,3883.51,85.99,0.00,48
476544,59568,-567.44,21.83,48.92,48
476544,59568,529.20,22.26,8.93,48
476544,59568,3569.60,84.77,13.51,48
476544,59568,841.07,24.03,0.00,48
476544,59568,3864.30,86.91,6.97,48
476544,59568,580.03,20.95,0.92,48
476544,59568,-575.40,23.23,50.09,48
476544,59568,75.69,19.43,19.49,48
476928,59616,-3333.98,86.11,519.95,48
476928,59616,520.74,22.26,4.45,48
476928,59616,384.74,25.16,16.14,48
476928,59616,3668.94,88.90,26.36,48
476928,59616,-1258.86,21.02,73.77,48
476928,59616,-631.63,21.83,48.44,48
476928,59616,312.46,22.23,13.11,48
476928,59616,3755.52,85.08,0.60,48
477312,59664,518.12,19.13,1.85,48
477312,59664,3489.73,86.59,27.41,48
477312,59664,-185.22,21.13,34.74,48
477312,59664,3754.89,85.65,0.19,48
477312,59664,2772.06,86.76,76.93,48
477312,59664,1769.12,84.46,146.16,48
477312,59664,-787.59,21.76,55.93,48
477312,59664,3534.74,82.36,0.00,48
477696,59712,3908.98,87.23,3.08,48
477696,59712,3817.70,85.06,1.22,48
477696,59712,3760.59,86.54,5.70,48
477696,59712,-2559.43,20.40,119.64,48
477696,59712,2979.37,83.93,55.41,48
477696,59712,587.71,20.31,2.87,48
477696,59712,-361.13,22.18,38.85,48
477696,59712,3703.65,83.90,6.45,48
478080,59760,3795.17,85.63,3.92,48
478080,59760,3784.71,84.99,0.83,48
478080,59760,1069.71,85.78,201.26,48
478080,59760,-3523.15,86.50,528.12,48
478080,59760,-1251.81,20.70,72.40,48
478080,59760,2131.80,83.30,115.22,48
478080,59760,2699.17,85.16,82.00,48
478080,59760,1241.36,85.74,184.96,48
478464,59808,3472.93,85.25,23.48,48
478464,59808,3871.04,86.93,2.65,48
478464,59808,3345.09,84.56,30.66,48
478464,59808,2122.49,86.00,122.81,48
478464,59808,3186.82,85.63,48.61,48
478464,59808,3790.59,88.17,17.75,48
478464,59808,2292.43,84.44,109.43,48
478464,59808,-7817.77,19.94,315.67,48
478848,59856,1062.05,85.85,199.51,48
478848,59856,3492.97,86.28,24.74,48
478848,59856,724.24,20.64,0.00,48
478848,59856,3435.60,85.38,28.17,48
478848,59856,3498.15,85.42,22.98,48
478848,59856,-646.55,23.18,52.18,48
478848,59856,3831.65,85.19,0.00,48
478848,59856,3737.89,86.16,9.27,48
479232,59904,782.74,24.12,0.01,48
479232,59904,111.85,20.80,23.02,48
479232,59904,-4013.21,21.08,176.69,48
479232,59904,3543.33,81.01,3.72,48
479232,59904,373.24,20.66,9.54,48
479232,59904,3615.89,82.78,0.86,48
479232,59904,3088.41,89.48,67.84,48
479232,59904,3725.06,85.14,5.25,48
479616,59952,3666.44,85.78,10.20,48
479616,59952,526.75,20.16,3.39,48
479616,59952,-3488.30,21.75,156.85,48
479616,59952,-1299.76,22.22,71.35,48
479616,59952,4093.91,89.49,1.24,48
479616,59952,-332.92,22.13,39.16,48
479616,59952,2753.85,83.16,69.88,48
479616,59952,3768.22,87.60,9.78,48
480000,60000,3393.88,83.60,20.14,48
480000,60000,731.64,22.46,0.33,48
480000,60000,4000.42,88.54,5.72,48
480000,60000,789.25,25.11,0.01,48
480000,60000,3382.04,85.20,31.62,48
480000,60000,2676.24,85.65,80.67,48
480000,60000,1456.20,86.82,179.60,48
480000,60000,3041.20,82.19,42.88,48
480384,60048,3510.29,87.37,29.12,48
480384,60048,-4693.08,23.47,205.30,48
480384,60048,3414.70,83.09,18.61,48
480384,60048,1979.47,83.42,124.65,48
480384,60048,1746.58,83.71,146.69,48
480384,60048,3594.97,83.34,10.84,48
480384,60048,-1082.86,22.21,65.89,48
480384,60048,719.39,23.09,0.61,48
480768,60096,3719.04,85.26,4.09,48
480768,60096,3209.36,85.45,43.67,48
480768,60096,496.08,19.47,2.26,48
480768,60096,712.83,20.58,0.00,48
480768,60096,806.35,23.21,0.00,48
480768,60096,3811.23,85.22,0.05,48
480768,60096,332.88,20.70,12.89,48
480768,60096,-130.84,23.26,30.63,48
481152,60144,3819.35,85.04,1.49,48
481152,60144,3782.33,83.79,0.00,48
481152,60144,-14314.20,24.08,573.58,48
481152,60144,-524.07,19.52,42.76,48
481152,60144,3883.58,85.72,0.00,48
481152,60144,-290.10,24.25,41.22,48
481152,60144,3567.64,85.96,15.52,48
481152,60144,2048.68,87.20,136.23,48
481536,60192,-857.44,22.15,56.46,48
481536,60192,2583.45,83.51,83.86,48
481536,60192,3792.56,85.34,0.19,48
481536,60192,358.63,18.91,4.03,48
481536,60192,3938.89,87.20,0.10,48
481536,60192,2941.22,86.15,63.32,48
481536,60192,1673.64,85.41,157.06,48
481536,60192,513.62,16.87,0.00,48
481920,60240,1545.78,86.81,167.46,48
481920,60240,3338.91,86.37,40.63,48
481920,60240,1814.53,84.17,137.92,48
481920,60240,-1419.38,84.80,373.83,48
481920,60240,3750.00,85.89,6.52,48
481920,60240,192.04,18.02,14.51,48
481920,60240,2750.34,86.91,86.57,48
481920,60240,2298.33,86.62,113.66,48
482304,60288,-239.66,24.01,39.13,48
482304,60288,1293.79,86.54,183.33,48
482304,60288,3768.59,85.38,4.26,48
482304,60288,-2893.96,22.27,140.07,48
482304,60288,608.07,20.03,0.00,48
482304,60288,3604.15,87.59,26.64,48
482304,60288,3860.18,86.23,0.28,48
482304,60288,3651.12,82.56,1.59,48
482688,60336,2260.08,85.09,112.32,48
482688,60336,3666.64,85.64,14.67,48
482688,60336,3856.82,86.21,0.43,48
482688,60336,3876.32,86.08,2.02,48
482688,60336,3829.97,84.94,0.28,48
482688,60336,3071.81,88.59,65.81,48
482688,60336,-217.87,21.10,32.64,48
482688,60336,3776.94,85.40,0.98,48
483072,60384,560.99,19.42,0.00,48
483072,60384,670.49,20.69,0.00,48
483072,60384,3524.41,86.53,27.15,48
483072,60384,3924.57,86.91,0.71,48
483072,60384,3445.48,87.93,34.30,48
483072,60384,3306.92,84.80,31.46,48
483072,60384,3313.23,86.52,38.78,48
483072,60384,3648.22,87.48,22.76,48
483456,60432,-4893.59,24.51,217.66,48
483456,60432,3889.08,88.48,4.92,48
483456,60432,-11556.55,20.74,461.43,48
483456,60432,3626.77,82.66,0.00,48
483456,60432,3242.50,84.30,40.60,48
483456,60432,-1910.87,84.73,411.56,48
483456,60432,2664.88,84.97,82.60,48
483456,60432,2053.78,86.69,135.53,48
483840,60480,3902.39,88.49,6.28,48
483840,60480,3435.24,85.70,26.35,48
483840,60480,3199.89,84.01,40.70,48
483840,60480,3717.77,83.36,0.00,48
483840,60480,3859.51,86.01,0.00,48
483840,60480,3762.23,84.96,3.46,48
483840,60480,3730.10,84.79,5.91,48
483840,60480,3295.36,86.76,46.23,48
484224,60528,3670.33,83.70,6.76,48
484224,60528,3866.28,87.12,6.60,48
484224,60528,189.84,22.06,15.89,48
484224,60528,-1806.77,19.51,92.74,48
484224,60528,2738.72,84.63,73.57,48
484224,60528,3535.97,84.82,16.83,48
484224,60528,3883.75,85.16,1.31,48
484224,60528,3839.30,85.63,1.40,48
484608,60576,-3265.82,23.23,147.89,48
484608,60576,-7582.92,21.49,316.82,48
484608,60576,47.87,21.70,20.76,48
484608,60576,3259.01,83.88,33.71,48
484608,60576,2478.54,85.45,94.00,48
484608,60576,2630.78,87.23,94.90,48
484608,60576,1309.87,83.11,170.82,48
484608,60576,3690.92,84.47,9.79,48
484992,60624,-1003.20,85.62,343.08,48
484992,60624,-3060.91,86.54,499.24,48
484992,60624,3210.71,87.04,51.78,48
484992,60624,2272.93,86.02,115.07,48
484992,60624,3979.11,88.19,0.39,48
484992,60624,3643.81,84.00,5.93,48
484992,60624,2830.08,84.61,66.29,48
484992,60624,-168.75,17.57,28.60,48
485376,60672,3809.48,86.90,5.38,48
485376,60672,3988.48,88.31,0.31,48
485376,60672,3499.61,81.71,7.30,48
485376,60672,2718.30,84.42,71.50,48
485376,60672,3696.70,86.14,11.70,48
485376,60672,2877.28,86.51,70.69,48
485376,60672,450.56,23.37,12.25,48
485376,60672,789.16,23.63,0.00,48
485760,60720,3237.36,89.10,57.95,48
485760,60720,-137.27,21.98,33.95,48
485760,60720,304.70,26.77,19.79,48
485760,60720,3908.59,87.87,0.39,48
485760,60720,3749.45,87.31,10.14,48
485760,60720,-3779.19,22.27,166.61,48
485760,60720,1796.10,87.17,154.66,48
485760,60720,1230.56,89.07,203.50,48
486144,60768,3700.75,83.55,3.78,48
486144,60768,3641.93,83.56,3.70,48
486144,60768,3967.30,87.69,0.32,48
486144,60768,603.12,20.89,1.21,48
486144,60768,554.14,22.42,4.01,48
486144,60768,3723.58,87.60,14.84,48
486144,60768,3035.96,86.86,66.61,48
486144,60768,3700.05,84.47,5.99,48
486528,60816,2587.67,87.98,102.53,48
486528,60816,3623.45,85.52,15.17,48
486528,60816,3755.96,84.83,0.00,48
486528,60816,-8356.22,21.54,342.46,48
486528,60816,-161.00,18.61,26.47,48
486528,60816,2084.70,84.46,122.40,48
486528,60816,41.15,21.82,25.06,48
486528,60816,3751.01,84.64,1.84,48
486912,60864,-3014.26,22.45,136.06,48
486912,60864,-1381.54,20.98,72.69,48
486912,60864,3987.73,88.03,3.68,48
486912,60864,3777.11,84.45,1.43,48
486912,60864,3747.27,86.97,13.42,48
486912,60864,-2845.39,20.64,130.76,48
486912,60864,-3313.05,85.03,511.40,48
486912,60864,2731.13,86.57,84.17,48
487296,60912,4000.84,88.71,0.88,48
487296,60912,3586.94,84.18,10.69,48
487296,60912,310.93,22.34,17.33,48
487296,60912,-3179.05,17.32,136.64,48
487296,60912,3980.96,89.86,9.68,48
487296,60912,-11829.73,20.24,472.52,48
487296,60912,-859.27,22.99,57.96,48
487296,60912,3019.21,84.95,55.17,48
487680,60960,-3899.07,88.44,566.17,48
487680,60960,3784.61,85.62,0.62,48
487680,60960,3835.43,87.22,4.89,48
487680,60960,4004.67,88.21,0.00,48
487680,60960,-5586.40,24.17,239.89,48
487680,60960,2824.70,87.08,79.35,48
487680,60960,3463.90,89.59,45.86,48
487680,60960,479.25,17.76,0.81,48
488064,61008,1924.73,85.07,135.58,48
488064,61008,505.23,19.55,3.24,48
488064,61008,307.61,19.95,13.13,48
488064,61008,-2868.65,20.80,134.51,48
488064,61008,-2541.09,21.60,122.42,48
488064,61008,3790.07,86.12,4.80,48
488064,61008,3775.05,85.62,0.32,48
488064,61008,3928.61,87.06,0.54,48
488448,61056,686.46,22.02,2.84,48
488448,61056,3670.17,85.56,11.26,48
488448,61056,2972.84,83.27,50.88,48
488448,61056,3550.70,82.27,7.47,48
488448,61056,3631.07,83.02,7.17,48
488448,61056,-12809.96,21.20,510.31,48
488448,61056,3700.53,82.64,1.16,48
488448,61056,3787.66,84.01,0.00,48
488832,61104,487.01,20.26,4.47,48
488832,61104,3594.37,88.52,28.91,48
488832,61104,3801.00,85.75,1.54,48
488832,61104,3777.69,85.29,0.71,48
488832,61104,2940.22,84.11,56.55,48
488832,61104,4004.64,88.29,1.27,48
488832,61104,3400.15,84.28,27.28,48
488832,61104,3578.58,84.12,11.90,48
489216,61152,3869.78,89.01,13.90,48
489216,61152,2488.07,86.72,100.91,48
489216,61152,3818.45,85.84,0.56,48
489216,61152,222.52,25.48,20.16,48
489216,61152,1168.68,89.61,208.30,48
489216,61152,3750.79,84.08,0.18,48
489216,61152,3228.20,85.73,43.67,48
489216,61152,588.59,20.64,3.06,48
489600,61200,2672.73,84.88,79.09,48
489600,61200,671.40,23.12,0.19,48
489600,61200,3892.17,87.39,5.60,48
489600,61200,-4436.67,22.30,192.10,48
489600,61200,-5789.88,24.06,249.90,48
489600,61200,1963.04,84.99,130.16,48
489600,61200,1730.61,85.89,149.81,48
489600,61200,3906.00,86.66,1.52,48
489984,61248,3520.90,83.97,16.32,48
489984,61248,3658.36,83.93,1.54,48
489984,61248,1203.56,89.41,207.01,48
489984,61248,517.69,17.12,1.19,48
489984,61248,3603.12,80.92,0.08,48
489984,61248,507.37,21.60,4.83,48
489984,61248,3734.86,84.77,2.30,48
489984,61248,673.28,21.63,0.31,48
490368,61296,-3248.47,83.99,498.39,48
490368,61296,3870.64,86.61,3.25,48
490368,61296,3653.37,85.88,15.55,48
490368,61296,649.44,20.37,0.62,48
490368,61296,-10118.07,22.01,410.67,48
490368,61296,-9092.44,23.27,373.59,48
490368,61296,3864.36,86.81,1.68,48
490368,61296,2513.14,87.12,103.74,48
490752,61344,3623.09,86.38,18.13,48
490752,61344,-415.48,22.68,39.48,48
490752,61344,3836.16,86.61,3.69,48
490752,61344,2092.42,89.57,144.63,48
490752,61344,208.86,20.50,15.70,48
490752,61344,2047.14,84.58,123.23,48
490752,61344,3909.07,86.41,0.00,48
490752,61344,3644.11,83.45,5.31,48
491136,61392,2534.85,84.86,90.94,48
491136,61392,3892.24,87.67,2.55,48
491136,61392,3813.43,85.95,4.10,48
491136,61392,3852.56,86.03,5.26,48
491136,61392,3313.10,86.41,40.26,48
491136,61392,3600.14,86.53,20.54,48
491136,61392,2067.05,85.96,131.00,48
491136,61392,-155.23,20.21,27.66,48
491520,61440,3975.99,87.93,1.34,48
491520,61440,3635.66,88.09,20.47,48
491520,61440,-7651.13,20.55,314.18,48
491520,61440,3381.93,85.81,35.08,48
491520,61440,2677.80,86.36,86.13,48
491520,61440,3866.77,86.56,2.18,48
491520,61440,665.05,22.09,0.31,48
491520,61440,2955.48,85.35,61.60,48
491904,61488,3799.87,85.62,0.57,48
491904,61488,3939.74,87.17,2.54,48
491904,61488,3702.56,86.10,5.31,48
491904,61488,3751.47,84.49,3.52,48
491904,61488,730.60,20.68,0.69,48
491904,61488,3149.82,84.51,41.72,48
491904,61488,3358.13,83.26,20.90,48
491904,61488,-3154.75,23.13,147.13,48
492288,61536,3932.52,88.00,2.28,48
492288,61536,-140.43,19.85,28.05,48
492288,61536,2722.53,83.62,71.30,48
492288,61536,2900.40,82.99,57.21,48
492288,61536,-8092.46,21.27,333.11,48
492288,61536,3001.85,85.93,63.16,48
492288,61536,3654.46,83.69,3.72,48
492288,61536,-2260.15,24.68,117.52,48
492672,61584,247.06,19.78,14.62,48
492672,61584,482.82,16.70,0.28,48
492672,61584,3611.28,82.16,3.03,48
492672,61584,2524.10,86.20,98.34,48
492672,61584,3705.22,83.95,2.75,48
492672,61584,3700.12,85.44,13.45,48
492672,61584,3639.27,83.62,2.51,48
492672,61584,-1237.50,21.06,71.85,48
493056,61632,242.80,22.57,18.99,48
493056,61632,3802.29,85.20,0.26,48
493056,61632,-4192.73,25.32,190.13,48
493056,61632,514.27,21.79,8.37,48
493056,61632,3768.69,89.23,20.31,48
493056,61632,992.55,86.23,205.99,48
493056,61632,-111.24,23.89,32.61,48
493056,61632,3712.86,85.18,6.50,48
493440,61680,1498.62,89.27,184.47,48
493440,61680,3786.25,84.89,1.17,48
493440,61680,-3063.51,22.68,143.08,48
493440,61680,3706.08,83.16,0.26,48
493440,61680,3173.38,84.07,42.84,48
493440,61680,3750.47,84.09,0.57,48
493440,61680,-936.06,22.62,64.83,48
493440,61680,-2127.47,27.23,112.35,48
493824,61728,3729.90,84.70,2.71,48
493824,61728,4100.21,89.18,0.66,48
493824,61728,2986.23,87.71,67.16,48
493824,61728,-3060.43,88.09,504.83,48
493824,61728,3929.96,89.47,10.80,48
493824,61728,-2675.48,22.76,130.71,48
493824,61728,3104.21,85.88,52.76,48
493824,61728,2209.13,86.17,117.80,48
494208,61776,918.33,87.37,214.25,48
494208,61776,3628.64,88.70,33.74,48
494208,61776,-863.35,23.31,60.57,48
494208,61776,3360.59,84.20,25.18,48
494208,61776,426.67,20.04,6.15,48
494208,61776,3792.15,84.65,0.32,48
494208,61776,3673.57,87.46,16.68,48
494208,61776,-3744.13,87.52,551.09,48
494592,61824,-2932.44,86.09,487.52,48
494592,61824,3564.16,83.90,10.85,48
494592,61824,-236.59,18.41,28.94,48
494592,61824,3896.11,87.09,4.99,48
494592,61824,3759.78,84.69,0.01,48
494592,61824,3855.16,86.15,1.06,48
494592,61824,-2370.06,22.80,119.57,48
494592,61824,3833.73,85.65,0.47,48
494976,61872,-11012.26,18.98,441.03,48
494976,61872,2717.18,84.07,77.10,48
494976,61872,3393.90,86.66,36.89,48
494976,61872,3851.67,86.46,0.43,48
494976,61872,475.13,21.02,4.81,48
494976,61872,-365.54,20.86,38.95,48
494976,61872,3721.09,83.65,1.62,48
494976,61872,3529.51,88.36,31.27,48
495360,61920,3522.28,85.75,22.73,48
495360,61920,-2254.34,88.30,449.02,48
495360,61920,3314.00,81.45,18.09,48
495360,61920,-4294.79,87.32,589.69,48
495360,61920,3561.04,86.68,20.37,48
495360,61920,3887.88,86.15,0.00,48
495360,61920,649.22,20.51,0.26,48
495360,61920,3693.51,82.33,0.00,48
495744,61968,-803.03,20.12,55.41,48
495744,61968,3724.49,86.82,11.88,48
495744,61968,3651.04,84.16,7.01,48
495744,61968,1568.26,85.28,157.35,48
495744,61968,40.34,19.22,18.77,48
495744,61968,3832.00,86.82,3.33,48
495744,61968,3980.19,88.08,1.24,48
495744,61968,3949.17,88.28,1.02,48
496128,62016,3788.72,84.78,1.14,48
496128,62016,498.48,21.27,5.83,48
496128,62016,444.82,21.28,9.13,48
496128,62016,261.97,20.94,13.80,48
496128,62016,1553.39,86.44,167.15,48
496128,62016,464.92,22.14,11.25,48
496128,62016,-1603.24,87.74,401.54,48
496128,62016,3952.99,87.01,0.00,48
496512,62064,3796.56,84.90,0.83,48
496512,62064,3922.55,87.35,0.61,48
496512,62064,735.08,21.97,0.00,48
496512,62064,-1246.20,22.14,73.33,48
496512,62064,-3523.94,87.28,540.91,48
496512,62064,3640.30,83.73,5.36,48
496512,62064,3555.60,88.21,33.75,48
496512,62064,3920.15,86.77,0.92,48
496896,62112,3663.01,84.99,12.12,48
496896,62112,3617.41,85.85,18.25,48
496896,62112,1693.58,88.47,163.23,48
496896,62112,935.80,86.20,208.99,48
496896,62112,2434.65,87.30,109.40,48
496896,62112,655.90,20.59,0.66,48
496896,62112,3572.75,86.79,23.24,48
496896,62112,-557.03,25.85,49.65,48
497280,62160,-10370.20,18.47,416.70,48
497280,62160,1530.17,82.86,156.11,48
497280,62160,1848.76,83.31,133.85,48
497280,62160,3535.88,86.66,26.67,48
497280,62160,3839.32,86.30,4.08,48
497280,62160,-2007.40,21.64,104.41,48
497280,62160,3651.34,82.22,0.00,48
497280,62160,731.75,22.12,0.61,48
497664,62208,4077.02,89.63,0.64,48
497664,62208,3634.92,87.86,24.00,48
497664,62208,3612.94,84.83,11.56,48
497664,62208,1212.00,88.23,197.00,48
497664,62208,3910.04,86.65,0.00,48
497664,62208,3844.24,85.84,0.43,48
497664,62208,3838.14,85.40,1.81,48
497664,62208,3709.19,83.99,1.08,48
498048,62256,-14341.13,23.36,571.44,48
498048,62256,728.83,22.18,0.00,48
498048,62256,730.22,23.44,3.10,48
498048,62256,3808.67,84.86,0.32,48
498048,62256,-169.43,25.22,39.30,48
498048,62256,3739.63,83.87,2.10,48
498048,62256,3729.82,85.36,2.49,48
498048,62256,569.57,22.58,2.16,48
498432,62304,3918.50,86.24,1.32,48
498432,62304,3365.03,86.67,41.96,48
498432,62304,625.26,22.14,4.08,48
498432,62304,3482.98,88.97,40.37,48
498432,62304,3821.91,85.94,3.36,48
498432,62304,3525.88,86.16,23.95,48
498432,62304,1470.73,87.83,174.43,48
498432,62304,3789.75,85.03,0.00,48
498816,62352,499.75,20.66,4.25,48
498816,62352,3583.52,85.52,17.29,48
498816,62352,3696.08,82.73,0.81,48
498816,62352,3181.59,82.98,36.90,48
498816,62352,2333.05,88.22,117.88,48
498816,62352,3647.46,85.80,15.57,48
498816,62352,425.99,17.56,4.97,48
498816,62352,-905.90,21.21,61.58,48
499200,62400,3766.20,84.40,4.52,48
499200,62400,3821.54,85.98,0.31,48
499200,62400,2941.91,82.62,51.59,48
499200,62400,-12015.65,21.17,477.78,48
499200,62400,3804.75,84.90,0.00,48
499200,62400,3927.66,87.56,2.20,48
499200,62400,-2028.54,23.01,102.10,48
499200,62400,205.26,19.96,12.81,48
499584,62448,3334.71,87.21,40.73,48
499584,62448,3058.21,82.56,46.53,48
499584,62448,-176.93,20.67,29.67,48
499584,62448,3944.68,87.78,0.32,48
499584,62448,3819.24,84.50,0.56,48
499584,62448,3507.65,82.25,8.36,48
499584,62448,3709.77,83.77,7.26,48
499584,62448,1662.19,86.55,158.99,48
499968,62496,-9232.26,22.48,379.01,48
499968,62496,376.33,24.41,17.76,48
499968,62496,3230.84,82.55,35.89,48
499968,62496,-1604.32,26.98,96.96,48
499968,62496,538.02,21.02,0.61,48
499968,62496,8.77,18.48,23.32,48
499968,62496,411.16,21.97,8.48,48
499968,62496,3602.11,84.36,9.75,48
500352,62544,3643.03,83.03,0.00,48
500352,62544,4004.38,87.91,0.32,48
500352,62544,3721.83,86.59,14.14,48
500352,62544,286.20,18.50,10.91,48
500352,62544,2863.57,85.95,67.86,48
500352,62544,667.65,20.90,0.00,48
500352,62544,64.65,19.92,22.56,48
500352,62544,1562.65,84.71,155.65,48
500736,62592,3165.23,83.27,38.42,48
500736,62592,784.92,22.14,0.61,48
500736,62592,3971.07,87.99,0.92,48
500736,62592,3583.20,88.19,26.42,48
500736,62592,3460.73,86.32,26.58,48
500736,62592,3943.51,87.70,0.61,48
500736,62592,3499.96,86.55,27.72,48
500736,62592,2921.40,85.71,66.66,48
501120,62640,3830.71,86.46,4.84,48
501120,62640,3614.37,82.83,2.20,48
501120,62640,3249.66,85.64,44.25,48
501120,62640,-507.00,22.58,47.74,48
501120,62640,452.98,19.24,6.19,48
501120,62640,-881.04,23.94,60.32,48
501120,62640,3143.82,88.41,59.06,48
501120,62640,3704.30,88.54,21.91,48
501504,62688,3884.34,86.66,0.19,48
501504,62688,-166.48,22.54,32.22,48
501504,62688,-3351.11,87.04,520.27,48
501504,62688,-4210.21,21.59,184.80,48
501504,62688,3896.91,86.59,0.00,48
501504,62688,2910.19,85.45,65.02,48
501504,62688,4010.00,88.97,3.27,48
501504,62688,286.86,22.87,16.15,48
501888,62736,744.80,23.05,1.59,48
501888,62736,3879.83,85.59,0.00,48
501888,62736,1720.00,85.83,149.78,48
501888,62736,1622.05,87.06,166.79,48
501888,62736,2857.38,86.79,68.31,48
501888,62736,-2431.47,21.20,117.22,48
501888,62736,3773.87,84.76,0.43,48
501888,62736,3979.17,87.99,0.18,48
502272,62784,3442.87,87.88,35.34,48
502272,62784,3890.62,87.42,0.71,48
502272,62784,3838.51,85.60,0.62,48
502272,62784,-1868.30,86.11,409.58,48
502272,62784,1435.45,87.91,186.69,48
502272,62784,3765.01,85.13,4.48,48
502272,62784,77.72,21.92,23.36,48
502272,62784,3689.13,85.18,8.26,48
502656,62832,3653.16,82.97,0.00,48
502656,62832,3781.81,86.14,8.48,48
502656,62832,1218.40,84.00,182.36,48
502656,62832,-11567.87,20.54,465.92,48
502656,62832,2189.34,88.22,133.86,48
502656,62832,662.63,21.46,0.00,48
502656,62832,3362.64,86.27,38.78,48
502656,62832,539.81,22.51,3.94,48
503040,62880,3731.06,88.69,23.59,48
503040,62880,79.45,19.45,20.57,48
503040,62880,3875.78,87.50,8.37,48
503040,62880,577.03,20.86,2.10,48
503040,62880,406.58,20.27,8.56,48
503040,62880,3592.97,85.34,20.65,48
503040,62880,3794.92,84.85,3.24,48
503040,62880,3851.15,85.68,0.00,48
503424,62928,435.74,17.41,1.56,48
503424,62928,3846.26,85.60,2.12,48
503424,62928,3645.84,83.26,5.47,48
503424,62928,3469.05,86.53,32.65,48
503424,62928,3148.94,86.02,51.29,48
503424,62928,-8692.18,22.82,359.41,48
503424,62928,1190.60,82.13,178.58,48
503424,62928,3783.69,87.19,9.81,48
503808,62976,3849.12,87.10,4.34,48
503808,62976,2028.68,87.81,140.28,48
503808,62976,1481.03,87.83,182.57,48
503808,62976,3126.06,85.18,50.73,48
503808,62976,3601.69,86.24,20.08,48
503808,62976,-364.14,20.53,36.91,48
503808,62976,579.41,21.25,1.16,48
503808,62976,696.02,22.76,2.42,48
504192,63024,-538.25,21.74,40.89,48
504192,63024,3848.50,86.82,2.53,48
504192,63024,1582.28,85.24,159.36,48
504192,63024,295.66,17.88,9.10,48
504192,63024,3364.64,86.36,37.22,48
504192,63024,3802.00,86.55,6.59,48
504192,63024,3623.45,85.17,17.24,48
504192,63024,3672.83,86.84,18.45,48
504576,63072,725.20,24.05,2.86,48
504576,63072,1399.90,85.27,172.85,48
504576,63072,3864.07,86.57,0.02,48
504576,63072,-168.09,22.97,33.06,48
504576,63072,3737.08,85.94,10.05,48
504576,63072,-12.53,23.09,31.51,48
504576,63072,-4857.43,23.22,211.10,48
504576,63072,-2699.75,22.26,127.73,48
504960,63120,3776.41,86.09,8.21,48
504960,63120,3655.20,84.53,9.12,48
504960,63120,-18.90,16.82,19.10,48
504960,63120,3566.91,84.17,16.97,48
504960,63120,3515.93,83.09,11.61,48
504960,63120,1916.80,81.49,121.64,48
504960,63120,-1708.83,21.63,87.91,48
504960,63120,3962.66,87.95,1.24,48
505344,63168,3627.87,83.59,2.94,48
505344,63168,2789.66,83.79,66.50,48
505344,63168,3754.28,85.12,1.38,48
505344,63168,-3886.53,22.24,171.57,48
505344,63168,2875.59,84.28,60.25,48
505344,63168,3096.20,82.36,33.98,48
505344,63168,3622.42,86.84,18.05,48
505344,63168,-1307.38,20.45,71.93,48
505728,63216,3268.99,83.80,32.88,48
505728,63216,-2820.81,22.78,132.34,48
505728,63216,3663.33,87.40,19.74,48
505728,63216,2790.87,84.27,73.02,48
505728,63216,3886.36,87.17,1.17,48
505728,63216,3447.39,82.47,17.33,48
505728,63216,3821.86,84.68,1.38,48
505728,63216,2708.37,84.11,76.34,48
506112,63264,3251.69,83.40,33.73,48
506112,63264,2893.52,86.07,71.20,48
506112,63264,-8459.35,21.64,346.86,48
506112,63264,3562.75,88.41,29.50,48
506112,63264,138.17,19.18,17.09,48
506112,63264,2342.46,85.40,103.07,48
506112,63264,2634.99,86.30,88.86,48
506112,63264,-9607.76,23.04,392.45,48
506496,63312,3997.02,87.08,0.00,48
506496,63312,3345.23,86.12,33.21,48
506496,63312,3201.52,87.80,53.37,48
506496,63312,2298.72,89.69,130.05,48
506496,63312,3692.62,84.50,3.96,48
506496,63312,234.75,19.16,13.53,48
506496,63312,3779.06,85.00,4.21,48
506496,63312,3229.27,84.90,36.60,48
506880,63360,2550.67,83.29,84.80,48
506880,63360,-4450.68,87.48,604.56,48
506880,63360,3679.41,82.88,1.49,48
506880,63360,838.18,24.85,1.37,48
506880,63360,-4300.62,21.64,189.84,48
506880,63360,3922.31,86.87,0.33,48
506880,63360,3903.57,87.41,4.96,48
506880,63360,149.21,22.52,22.07,48
507264,63408,386.30,20.57,9.68,48
507264,63408,3739.97,85.19,3.97,48
507264,63408,3410.07,87.15,33.86,48
507264,63408,705.35,22.83,1.83,48
507264,63408,3502.38,88.09,34.74,48
507264,63408,3270.10,88.88,57.13,48
507264,63408,-4807.75,20.51,202.86,48
507264,63408,3655.17,86.14,14.19,48
507648,63456,3957.00,88.51,0.25,48
507648,63456,3627.63,83.65,2.65,48
507648,63456,144.65,20.11,14.02,48
507648,63456,3157.06,84.56,45.64,48
507648,63456,556.01,17.86,0.00,48
507648,63456,3593.47,84.61,15.08,48
507648,63456,3086.66,82.99,43.57,48
507648,63456,494.69,19.18,2.15,48
508032,63504,573.89,18.22,1.43,48
508032,63504,166.05,24.46,23.00,48
508032,63504,3845.98,86.16,1.64,48
508032,63504,-9275.58,23.33,379.68,48
508032,63504,3318.44,86.28,36.70,48
508032,63504,4000.36,87.77,0.00,48
508032,63504,3818.46,85.03,0.01,48
508032,63504,4065.18,88.71,0.05,48
508416,63552,-1298.96,23.16,76.06,48
508416,63552,2978.93,86.11,60.92,48
508416,63552,1574.90,85.47,160.73,48
508416,63552,3871.56,87.09,2.48,48
508416,63552,2156.26,84.62,113.18,48
508416,63552,2387.38,84.20,95.96,48
508416,63552,682.90,22.12,0.26,48
508416,63552,3839.33,85.26,0.00,48
508800,63600,3421.65,88.03,41.08,48
508800,63600,-3303.15,85.62,516.78,48
508800,63600,-12507.14,20.39,499.82,48
508800,63600,-12678.30,21.60,508.04,48
508800,63600,3786.00,85.02,0.62,48
508800,63600,356.59,19.32,8.58,48
508800,63600,3330.86,86.32,40.56,48
508800,63600,104.52,22.29,23.81,48
509184,63648,534.07,21.94,4.95,48
509184,63648,3364.11,84.58,25.86,48
509184,63648,-343.79,21.76,36.21,48
509184,63648,3905.29,86.48,2.43,48
509184,63648,1283.87,86.30,185.57,48
509184,63648,-1798.42,86.89,407.86,48
509184,63648,3923.72,90.05,14.49,48
509184,63648,3588.19,88.52,27.80,48
509568,63696,3896.96,86.89,0.39,48
509568,63696,1942.72,91.23,162.62,48
509568,63696,3368.79,85.81,36.49,48
509568,63696,1428.69,88.37,181.81,48
509568,63696,3794.67,83.95,1.21,48
509568,63696,3377.36,83.48,24.55,48
509568,63696,348.15,19.70,8.96,48
509568,63696,3624.52,84.45,6.65,48
509952,63744,2700.89,85.64,81.81,48
509952,63744,3401.41,84.18,24.43,48
509952,63744,-2664.59,21.36,123.94,48
509952,63744,1916.26,88.95,151.82,48
509952,63744,1373.07,86.08,176.76,48
509952,63744,-1700.40,21.09,92.70,48
509952,63744,255.00,20.60,15.53,48
509952,63744,3272.06,86.82,44.66,48
510336,63792,3557.20,85.01,16.46,48
510336,63792,3744.60,83.60,0.56,48
510336,63792,3534.34,83.85,16.72,48
510336,63792,3238.69,84.48,38.37,48
510336,63792,-124.15,22.70,31.22,48
510336,63792,3283.81,85.54,38.30,48
510336,63792,3927.38,87.00,1.70,48
510336,63792,2837.58,84.13,65.49,48
510720,63840,3799.19,86.68,7.36,48
510720,63840,3882.76,87.28,0.35,48
510720,63840,2000.12,87.16,139.50,48
510720,63840,3509.70,87.30,29.87,48
510720,63840,-1678.78,87.70,404.69,48
510720,63840,3975.80,88.20,1.16,48
510720,63840,800.41,23.84,0.78,48
510720,63840,499.74,21.38,6.68,48
511104,63888,3850.67,86.73,0.19,48
511104,63888,3447.78,88.04,42.15,48
511104,63888,1837.55,89.50,159.04,48
511104,63888,3793.92,85.15,0.01,48
511104,63888,658.04,20.68,0.23,48
511104,63888,-7676.35,20.85,318.47,48
511104,63888,3930.23,89.26,9.02,48
511104,63888,2966.62,88.99,75.75,48
511488,63936,3673.79,82.71,0.79,48
511488,63936,3958.95,88.31,3.99,48
511488,63936,3727.29,85.11,6.09,48
511488,63936,3980.80,88.09,2.19,48
511488,63936,3426.18,82.30,17.53,48
511488,63936,3747.05,82.61,0.05,48
511488,63936,-2100.45,21.01,103.74,48
511488,63936,-4214.99,21.78,185.00,48
511872,63984,-21.41,19.60,21.99,48
511872,63984,31.27,22.62,24.69,48
511872,63984,541.93,20.73,0.78,48
511872,63984,1417.70,85.50,171.31,48
511872,63984,3726.45,86.13,8.54,48
511872,63984,3581.23,86.98,23.54,48
511872,63984,1983.37,85.94,135.55,48
511872,63984,3992.68,88.74,2.74,48
512256,64032,-1059.64,22.90,68.94,48
512256,64032,389.27,18.77,5.54,48
512256,64032,3942.63,88.19,0.69,48
512256,64032,-110.25,20.16,28.58,48
512256,64032,-1236.57,21.79,74.22,48
512256,64032,-1848.90,18.79,88.29,48
512256,64032,3637.27,84.07,6.00,48
512256,64032,2475.92,85.30,96.44,48
512640,64080,3549.68,89.20,37.15,48
512640,64080,-3463.86,24.73,164.32,48
512640,64080,3754.57,84.79,0.35,48
512640,64080,1853.47,86.74,147.23,48
512640,64080,1630.93,86.79,163.37,48
512640,64080,2564.87,85.40,88.73,48
512640,64080,3681.41,85.38,10.35,48
512640,64080,732.81,21.47,0.00,48
513024,64128,3228.78,85.43,45.48,48
513024,64128,1571.42,87.46,172.49,48
513024,64128,3241.03,85.74,44.67,48
513024,64128,762.39,24.27,0.00,48
513024,64128,3895.97,87.09,0.00,48
513024,64128,3683.42,84.49,7.92,48
513024,64128,3672.94,82.22,0.00,48
513024,64128,3812.26,84.25,0.39,48
513408,64176,3578.63,86.63,25.19,48
513408,64176,3429.21,86.26,34.76,48
513408,64176,594.77,21.69,2.27,48
513408,64176,469.59,18.32,2.20,48
513408,64176,3848.63,86.25,0.24,48
513408,64176,576.74,19.62,1.87,48
513408,64176,3223.20,84.58,40.46,48
513408,64176,2646.26,84.05,78.01,48
513792,64224,1856.56,82.07,130.84,48
513792,64224,3876.42,86.37,0.93,48
513792,64224,-3940.71,20.72,175.36,48
513792,64224,1997.20,86.56,133.75,48
513792,64224,3841.75,85.40,0.00,48
513792,64224,434.66,20.32,8.04,48
513792,64224,3822.15,84.96,0.00,48
513792,64224,3565.40,87.92,29.94,48
514176,64272,3676.31,85.32,12.71,48
514176,64272,-4418.21,21.86,195.39,48
514176,64272,3486.02,87.20,33.44,48
514176,64272,3961.37,87.03,0.05,48
514176,64272,-115.49,20.68,26.89,48
514176,64272,3420.54,88.54,42.20,48
514176,64272,2153.42,85.52,119.76,48
514176,64272,589.03,22.92,6.19,48
514560,64320,-3055.20,84.54,492.96,48
514560,64320,-3510.53,21.57,158.12,48
514560,64320,-424.37,19.35,39.45,48
514560,64320,3953.49,88.18,1.60,48
514560,64320,3701.91,85.95,14.93,48
514560,64320,3812.22,86.48,6.85,48
514560,64320,1166.39,82.97,181.65,48
514560,64320,3502.39,84.30,8.62,48
514944,64368,-3180.78,22.72,147.57,48
514944,64368,3703.64,86.42,16.31,48
514944,64368,3541.18,86.10,24.50,48
514944,64368,1673.01,88.86,169.98,48
514944,64368,-821.09,21.47,56.57,48
514944,64368,3781.61,87.97,14.57,48
514944,64368,3475.94,86.02,28.23,48
514944,64368,717.78,22.03,0.01,48
515328,64416,3347.33,84.27,27.63,48
515328,64416,154.33,20.92,16.32,48
515328,64416,3512.62,86.77,28.51,48
515328,64416,-9917.54,24.84,408.38,48
515328,64416,3744.51,86.01,7.44,48
515328,64416,442.24,16.81,0.84,48
515328,64416,-505.58,19.43,43.54,48
515328,64416,3992.85,88.05,0.61,48
515712,64464,719.56,21.15,0.39,48
515712,64464,-217.80,19.93,30.74,48
515712,64464,650.30,21.58,0.31,48
515712,64464,3699.87,84.18,3.27,48
515712,64464,3784.07,84.87,0.00,48
515712,64464,550.34,18.82,0.19,48
515712,64464,2611.73,84.23,81.10,48
515712,64464,1938.86,82.70,124.74,48
516096,64512,-18.91,21.02,23.00,48
516096,64512,-2823.62,20.77,131.43,48
516096,64512,2586.70,87.16,92.93,48
516096,64512,3973.50,88.83,5.23,48
516096,64512,3028.92,86.36,62.65,48
516096,64512,-1269.50,87.81,371.42,48
516096,64512,3760.23,84.81,4.42,48
516096,64512,3097.80,84.99,48.04,48
516480,64560,-635.02,23.20,49.90,48
516480,64560,148.12,20.87,20.94,48
516480,64560,2150.24,87.89,131.83,48
516480,64560,664.13,19.86,0.16,48
516480,64560,3732.90,85.87,4.55,48
516480,64560,-2889.39,22.21,135.63,48
516480,64560,709.28,23.15,0.27,48
516480,64560,-1038.19,20.87,63.08,48
516864,64608,-840.47,24.27,58.75,48
516864,64608,3684.19,85.84,10.78,48
516864,64608,2144.09,81.95,106.30,48
516864,64608,3688.97,86.06,11.70,48
516864,64608,-2542.27,23.35,124.84,48
516864,64608,-2268.18,23.14,114.56,48
516864,64608,2194.63,87.80,124.27,48
516864,64608,3906.60,87.23,3.10,48
517248,64656,1047.15,85.02,191.09,48
517248,64656,3765.65,87.40,10.82,48
517248,64656,3479.77,86.03,27.86,48
517248,64656,694.95,21.24,0.10,48
517248,64656,3638.91,86.76,20.58,48
517248,64656,-4528.58,26.65,203.60,48
517248,64656,3621.42,87.08,21.26,48
517248,64656,-1465.83,19.68,75.29,48
517632,64704,-1795.33,87.83,410.80,48
517632,64704,1660.94,85.95,156.80,48
517632,64704,560.64,19.28,0.00,48
517632,64704,1686.95,87.04,160.24,48
517632,64704,3327.33,87.48,44.82,48
517632,64704,519.58,19.58,0.78,48
517632,64704,3305.29,86.07,36.17,48
517632,64704,404.52,14.17,0.00,48
518016,64752,3514.29,87.87,31.43,48
518016,64752,-864.48,22.42,60.74,48
518016,64752,3696.61,85.60,13.08,48
518016,64752,3111.11,87.05,54.59,48
518016,64752,160.68,18.71,14.37,48
518016,64752,1484.50,86.16,174.15,48
518016,64752,-1070.19,22.86,68.45,48
518016,64752,3580.97,81.83,0.71,48
518400,64800,549.52,18.46,1.37,48
518400,64800,3799.67,88.05,15.69,48
518400,64800,686.15,20.63,0.00,48
518400,64800,-891.35,84.24,335.13,48
518400,64800,3826.43,85.97,0.00,48
518400,64800,-1004.73,25.76,65.46,48
518400,64800,3928.75,87.68,3.03,48
518400,64800,3929.66,87.58,0.86,48
518784,64848,1916.64,85.77,140.01,48
518784,64848,365.99,24.17,14.23,48
518784,64848,-903.05,19.29,55.13,48
518784,64848,-14347.72,23.93,570.94,48
518784,64848,651.35,21.03,0.10,48
518784,64848,3730.48,83.60,0.81,48
518784,64848,3404.84,84.89,31.19,48
518784,64848,3024.94,84.89,55.87,48
519168,64896,3544.72,84.32,16.47,48
519168,64896,-26.75,22.64,29.13,48
519168,64896,3921.05,86.56,1.56,48
519168,64896,527.56,22.04,5.89,48
519168,64896,3901.32,87.70,3.32,48
519168,64896,3699.15,83.72,3.03,48
519168,64896,2470.35,84.50,95.04,48
519168,64896,3302.35,85.77,36.56,48
519552,64944,3607.48,82.29,2.53,48
519552,64944,567.33,24.60,11.67,48
519552,64944,-4468.01,87.49,598.13,48
519552,64944,2047.98,87.18,130.82,48
519552,64944,2342.56,87.62,116.27,48
519552,64944,2114.54,88.63,136.91,48
519552,64944,898.67,86.16,210.58,48
519552,64944,1562.63,87.63,175.28,48
519936,64992,322.51,20.51,12.72,48
519936,64992,-63.37,19.49,24.68,48
519936,64992,2144.45,86.74,126.09,48
519936,64992,3034.75,89.96,77.41,48
519936,64992,-5669.53,24.48,243.69,48
519936,64992,279.09,21.09,15.62,48
519936,64992,3068.20,86.49,59.75,48
519936,64992,655.71,21.96,0.18,48
520320,65040,3381.31,83.79,19.31,48
520320,65040,770.38,22.49,0.00,48
520320,65040,3947.18,87.17,0.00,48
520320,65040,-1215.15,20.97,70.28,48
520320,65040,3894.09,86.86,0.88,48
520320,65040,3707.75,84.85,8.13,48
520320,65040,-3123.98,24.72,150.30,48
520320,65040,3682.17,84.47,2.96,48
520704,65088,3432.18,86.33,28.85,48
520704,65088,3927.90,88.19,3.06,48
520704,65088,-293.17,18.89,31.89,48
520704,65088,2251.21,83.82,104.02,48
520704,65088,667.17,20.01,1.94,48
520704,65088,3693.60,89.21,25.17,48
520704,65088,1933.72,83.95,126.35,48
520704,65088,3506.86,84.22,16.24,48
521088,65136,3089.01,86.31,54.77,48
521088,65136,-462.63,17.87,38.79,48
521088,65136,2662.47,88.03,96.26,48
521088,65136,3042.42,85.94,59.89,48
521088,65136,1926.02,83.95,128.11,48
521088,65136,771.56,22.08,0.00,48
521088,65136,4171.93,90.56,0.05,48
521088,65136,-15338.21,24.70,611.74,48
521472,65184,3369.33,83.26,22.16,48
521472,65184,-3207.65,22.61,149.50,48
521472,65184,3675.33,83.18,0.00,48
521472,65184,590.39,22.54,3.17,48
521472,65184,3687.05,87.01,17.97,48
521472,65184,3764.23,88.41,15.18,48
521472,65184,3801.75,85.40,0.88,48
521472,65184,625.08,22.23,2.19,48
521856,65232,3831.32,85.29,0.00,48
521856,65232,-593.68,19.79,43.76,48
521856,65232,3193.80,85.85,44.65,48
521856,65232,4009.26,88.04,0.02,48
521856,65232,3396.98,81.67,14.55,48
521856,65232,3289.21,84.31,34.62,48
521856,65232,3999.27,87.98,0.56,48
521856,65232,3737.26,84.35,2.97,48
522240,65280,1490.72,89.40,187.48,48
522240,65280,3182.84,85.17,47.50,48
522240,65280,1706.34,87.10,156.44,48
522240,65280,308.47,21.27,14.75,48
522240,65280,456.35,18.93,5.71,48
522240,65280,3847.43,87.60,8.25,48
522240,65280,-3062.35,24.15,144.17,48
522240,65280,3992.87,88.96,3.21,48
522624,65328,2152.17,88.15,132.20,48
522624,65328,3817.28,86.22,0.88,48
522624,65328,3679.65,84.03,4.18,48
522624,65328,3395.17,85.71,35.13,48
522624,65328,-3148.15,21.51,144.81,48
522624,65328,3386.55,84.63,24.94,48
522624,65328,2379.83,85.28,101.76,48
522624,65328,-3044.66,84.83,490.35,48
523008,65376,-4262.60,21.79,187.63,48
523008,65376,2272.27,84.78,110.98,48
523008,65376,3822.23,85.55,0.69,48
523008,65376,704.24,89.05,240.72,48
523008,65376,1590.15,85.71,158.13,48
523008,65376,1420.33,87.72,180.18,48
523008,65376,3431.90,82.61,17.83,48
523008,65376,3208.51,83.69,36.80,48
523392,65424,4106.14,89.50,0.00,48
523392,65424,-15.04,22.81,26.56,48
523392,65424,3958.85,87.25,0.26,48
523392,65424,-333.22,21.20,36.63,48
523392,65424,3786.32,86.48,9.16,48
523392,65424,-4005.64,21.24,174.38,48
523392,65424,602.70,21.60,2.09,48
523392,65424,-522.94,21.39,45.70,48
523776,65472,3710.42,85.52,10.17,48
523776,65472,3726.79,84.65,3.03,48
523776,65472,-2815.47,18.75,125.71,48
523776,65472,3498.38,87.18,31.57,48
523776,65472,-973.35,22.72,63.69,48
523776,65472,2479.16,88.84,114.40,48
523776,65472,-1518.74,19.27,80.46,48
523776,65472,3685.71,88.24,22.91,48
524160,65520,3632.68,82.19,2.73,48
524160,65520,3739.55,84.15,2.43,48
524160,65520,-9113.70,19.81,366.92,48
524160,65520,3043.08,86.70,62.64,48
524160,65520,-1697.33,20.97,88.90,48
524160,65520,563.94,20.88,4.42,48
524160,65520,220.78,22.65,17.60,48
524160,65520,3530.88,84.10,17.09,48
524544,65568,3893.89,86.64,3.63,48
524544,65568,2842.45,86.47,73.25,48
524544,65568,-952.58,23.35,64.55,48
524544,65568,3732.11,83.91,0.02,48
524544,65568,3611.58,83.34,6.05,48
524544,65568,3480.12,82.83,11.98,48
524544,65568,3275.74,86.52,38.27,48
524544,65568,3573.52,87.14,23.03,48
524928,65616,3791.81,84.58,0.57,48
524928,65616,360.93,21.09,10.37,48
524928,65616,524.90,19.72,0.61,48
524928,65616,3877.54,85.67,0.00,48
524928,65616,1965.75,86.76,143.43,48
524928,65616,723.68,22.34,0.00,48
524928,65616,3248.19,86.60,38.84,48
524928,65616,3820.66,85.32,0.54,48
525312,65664,3947.46,90.14,12.75,48
525312,65664,-244.07,25.09,38.28,48
525312,65664,3521.56,82.57,8.45,48
525312,65664,1792.12,85.28,146.71,48
525312,65664,-2192.43,20.63,108.62,48
525312,65664,3681.38,84.09,3.88,48
525312,65664,-2356.63,20.85,114.31,48
525312,65664,3563.79,83.32,5.04,48
525696,65712,617.56,20.27,0.09,48
525696,65712,-2356.13,19.02,111.09,48
525696,65712,3640.75,83.62,4.69,48
525696,65712,75.79,24.76,27.27,48
525696,65712,-1915.57,84.70,407.96,48
525696,65712,-1814.75,18.99,91.52,48
525696,65712,-3945.85,18.33,169.66,48
525696,65712,3479.99,84.06,21.12,48
526080,65760,3233.70,85.19,41.95,48
526080,65760,679.49,20.68,0.00,48
526080,65760,-17.42,23.97,31.60,48
526080,65760,3711.40,83.24,0.76,48
526080,65760,3625.56,86.41,16.58,48
526080,65760,-1998.28,22.65,102.19,48
526080,65760,3575.46,86.22,20.26,48
526080,65760,2868.69,84.56,64.35,48
526464,65808,-2712.66,87.73,480.26,48
526464,65808,-3025.00,19.59,140.65,48
526464,65808,3888.26,86.69,2.72,48
526464,65808,3961.88,88.71,1.37,48
526464,65808,3117.17,88.98,67.42,48
526464,65808,707.07,21.11,0.00,48
526464,65808,-1184.43,84.07,353.16,48
526464,65808,2768.73,86.39,81.35,48
526848,65856,-651.87,20.57,49.52,48
526848,65856,386.09,20.77,8.76,48
526848,65856,3763.41,85.18,4.02,48
526848,65856,3120.20,85.07,42.19,48
526848,65856,619.32,23.09,2.91,48
526848,65856,3662.00,84.51,4.53,48
526848,65856,-1819.98,22.52,94.42,48
526848,65856,208.84,22.19,19.89,48
527232,65904,327.97,21.84,9.39,48
527232,65904,1974.79,88.09,145.49,48
527232,65904,3629.42,87.73,24.23,48
527232,65904,1518.67,86.48,171.43,48
527232,65904,4076.67,89.07,1.56,48
527232,65904,3110.39,88.85,61.37,48
527232,65904,3053.70,86.50,59.60,48
527232,65904,3624.67,85.24,14.68,48
527616,65952,77.12,21.74,23.87,48
527616,65952,605.60,19.10,0.23,48
527616,65952,3708.44,83.81,0.00,48
527616,65952,4079.47,89.81,3.74,48
527616,65952,463.06,23.84,8.51,48
527616,65952,3415.99,84.17,20.00,48
527616,65952,3719.29,83.83,0.00,48
527616,65952,3769.22,85.06,0.05,48
528000,66000,3720.66,83.74,0.43,48
528000,66000,3613.53,86.63,22.29,48
528000,66000,2155.36,87.20,129.05,48
528000,66000,3397.95,86.63,35.68,48
528000,66000,-2859.37,19.60,132.11,48
528000,66000,2895.64,85.84,72.17,48
528000,66000,617.37,20.31,0.26,48
528000,66000,-4142.19,88.35,584.25,48
528384,66048,-190.04,21.92,34.88,48
528384,66048,-1866.69,22.57,95.90,48
528384,66048,3404.54,82.30,16.06,48
528384,66048,1873.73,86.26,146.31,48
528384,66048,672.77,24.46,1.33,48
528384,66048,588.67,19.86,0.68,48
528384,66048,-435.96,22.00,42.22,48
528384,66048,3721.10,86.81,12.55,48
528768,66096,3181.84,86.74,54.06,48
528768,66096,2442.14,84.17,90.29,48
528768,66096,3784.76,86.89,9.14,48
528768,66096,138.06,17.46,9.73,48
528768,66096,3523.19,85.69,25.99,48
528768,66096,3197.68,86.41,44.79,48
528768,66096,-2189.03,21.70,107.62,48
528768,66096,544.35,21.83,5.57,48
529152,66144,3286.27,87.19,44.14,48
529152,66144,-437.36,21.00,41.87,48
529152,66144,3593.77,87.05,27.94,48
529152,66144,3677.91,84.77,5.84,48
529152,66144,731.57,23.57,0.27,48
529152,66144,3915.59,88.74,12.61,48
529152,66144,3911.91,86.51,0.82,48
529152,66144,3562.73,82.75,14.03,48
529536,66192,3758.17,83.76,0.60,48
529536,66192,2894.19,82.99,59.29,48
529536,66192,3920.83,87.19,1.39,48
529536,66192,299.83,23.59,16.39,48
529536,66192,3326.67,87.85,43.55,48
529536,66192,641.00,21.94,1.48,48
529536,66192,3912.01,88.27,0.57,48
529536,66192,707.04,23.78,1.56,48
529920,66240,3864.71,86.04,0.00,48
529920,66240,1939.05,87.90,145.57,48
529920,66240,3613.95,82.80,5.40,48
529920,66240,633.80,21.30,1.49,48
529920,66240,1521.59,87.13,170.43,48
529920,66240,3793.57,84.90,0.21,48
529920,66240,-77.72,22.62,30.29,48
529920,66240,3571.01,85.28,17.46,48
530304,66288,-12815.33,21.39,512.42,48
530304,66288,1710.77,86.37,153.69,48
530304,66288,3361.86,80.24,12.35,48
530304,66288,462.96,19.87,4.15,48
530304,66288,-3097.82,20.97,141.14,48
530304,66288,3658.45,84.07,8.13,48
530304,66288,907.70,26.80,0.00,48
530304,66288,3789.05,86.55,4.31,48
530688,66336,-6214.70,25.35,265.65,48
530688,66336,3808.77,86.70,5.49,48
530688,66336,1832.28,85.25,142.17,48
530688,66336,3273.22,88.55,54.24,48
530688,66336,4082.18,89.53,0.28,48
530688,66336,3565.17,85.35,21.21,48
530688,66336,412.23,20.34,8.94,48
530688,66336,-750.93,20.52,55.54,48
531072,66384,3121.28,83.65,44.58,48
531072,66384,1980.17,85.30,130.74,48
531072,66384,3277.32,88.10,50.16,48
531072,66384,49.10,23.66,26.82,48
531072,66384,621.70,20.03,0.35,48
531072,66384,2648.28,87.46,95.24,48
531072,66384,3576.32,83.21,7.44,48
531072,66384,-2962.23,86.42,493.69,48
531456,66432,3545.00,86.16,25.73,48
531456,66432,3344.39,83.92,31.32,48
531456,66432,3751.00,87.13,12.95,48
531456,66432,-3945.25,21.17,173.94,48
531456,66432,3532.80,84.62,16.22,48
531456,66432,3793.58,85.29,0.00,48
531456,66432,3814.60,85.49,0.31,48
531456,66432,4020.39,88.99,2.17,48
531840,66480,1995.98,85.52,131.22,48
531840,66480,4016.85,88.74,1.01,48
531840,66480,3898.77,86.37,0.00,48
531840,66480,3566.84,85.61,21.14,48
531840,66480,3979.55,88.66,1.00,48
531840,66480,4026.41,87.90,0.74,48
531840,66480,3947.82,87.30,0.38,48
531840,66480,571.54,20.45,0.10,48
532224,66528,3579.27,85.82,23.74,48
532224,66528,644.96,21.60,2.30,48
532224,66528,3477.19,87.86,31.75,48
532224,66528,3859.48,88.51,10.31,48
532224,66528,-6303.38,25.45,268.64,48
532224,66528,-483.69,21.45,40.59,48
532224,66528,603.54,17.54,0.00,48
532224,66528,-1568.12,23.05,86.74,48
532608,66576,3932.62,85.82,0.00,48
532608,66576,1830.33,86.26,146.61,48
532608,66576,2996.79,84.97,59.56,48
532608,66576,3937.91,87.65,0.18,48
532608,66576,3119.51,85.83,49.09,48
532608,66576,-2844.12,17.84,126.82,48
532608,66576,-117.13,21.89,31.59,48
532608,66576,55.19,22.10,25.20,48
532992,66624,3694.08,87.25,17.49,48
532992,66624,-4975.87,22.28,217.97,48
532992,66624,4066.24,89.00,0.61,48
532992,66624,-73.43,20.08,27.61,48
532992,66624,2021.84,84.34,126.02,48
532992,66624,-2337.27,83.46,435.22,48
532992,66624,3174.39,84.92,44.89,48
532992,66624,-2917.44,22.94,140.62,48
533376,66672,89.87,22.27,23.15,48
533376,66672,-196.15,21.24,33.49,48
533376,66672,3888.18,87.08,3.76,48
533376,66672,515.24,21.26,6.68,48
533376,66672,3728.30,84.14,3.18,48
533376,66672,3710.68,86.02,11.34,48
533376,66672,3708.78,84.04,0.80,48
533376,66672,-3872.83,22.55,172.85,48
533760,66720,-386.72,18.80,35.25,48
533760,66720,3841.77,86.74,1.24,48
533760,66720,-2891.67,87.31,491.35,48
533760,66720,1635.11,83.86,149.80,48
533760,66720,3574.38,82.77,10.20,48
533760,66720,-68.65,21.46,28.28,48
533760,66720,3458.16,85.30,23.65,48
533760,66720,597.19,21.65,2.64,48
534144,66768,3612.22,88.03,26.24,48
534144,66768,1808.91,86.87,152.51,48
534144,66768,3488.98,86.37,29.66,48
534144,66768,2784.55,83.97,69.01,48
534144,66768,3847.69,85.88,3.92,48
534144,66768,645.89,19.66,0.82,48
534144,66768,3681.33,84.01,5.42,48
534144,66768,3552.73,85.35,16.63,48
534528,66816,3593.27,83.13,5.10,48
534528,66816,580.57,19.78,0.10,48
534528,66816,1658.25,87.19,164.64,48
534528,66816,585.79,19.31,1.82,48
534528,66816,3783.59,86.05,6.90,48
534528,66816,1386.17,87.64,184.35,48
534528,66816,3578.80,82.65,2.88,48
534528,66816,2608.20,85.97,93.32,48
534912,66864,2362.89,88.93,119.25,48
534912,66864,2022.16,86.77,137.04,48
534912,66864,-676.56,21.25,53.03,48
534912,66864,3933.91,86.39,0.00,48
534912,66864,389.76,22.44,14.16,48
534912,66864,-223.26,20.00,32.09,48
534912,66864,3817.45,84.49,3.76,48
534912,66864,1080.67,86.19,197.85,48
535296,66912,-1867.52,24.22,99.84,48
535296,66912,3717.72,85.51,6.34,48
535296,66912,724.17,24.32,1.48,48
535296,66912,3852.90,85.77,0.00,48
535296,66912,3462.09,84.42,22.24,48
535296,66912,534.64,22.85,6.40,48
535296,66912,4033.18,88.69,0.00,48
535296,66912,3339.19,82.82,25.63,48
535680,66960,460.71,20.11,5.91,48
535680,66960,3738.24,86.12,13.01,48
535680,66960,2227.69,84.21,109.06,48
535680,66960,3583.93,85.30,19.84,48
535680,66960,4044.72,88.74,0.00,48
535680,66960,2524.14,84.72,90.27,48
535680,66960,661.77,23.13,5.65,48
535680,66960,1210.79,83.26,175.99,48
536064,67008,3186.01,88.32,54.77,48
536064,67008,-549.24,19.51,41.95,48
536064,67008,3817.82,86.48,1.64,48
536064,67008,3080.56,84.13,46.33,48
536064,67008,3695.53,85.66,12.89,48
536064,67008,3741.63,84.06,0.66,48
536064,67008,3484.77,82.88,14.59,48
536064,67008,3852.17,88.51,6.84,48
536448,67056,3008.41,86.43,59.70,48
536448,67056,-934.12,86.43,342.60,48
536448,67056,3593.48,88.06,29.71,48
536448,67056,3750.02,83.72,0.88,48
536448,67056,3788.92,87.16,14.09,48
536448,67056,-3177.60,22.48,145.92,48
536448,67056,-1148.93,86.06,361.76,48
536448,67056,3755.88,85.78,5.55,48
536832,67104,-4667.15,22.94,207.70,48
536832,67104,2617.61,86.23,92.34,48
536832,67104,1946.10,88.06,144.73,48
536832,67104,-2401.44,22.52,118.72,48
536832,67104,4093.59,89.63,0.84,48
536832,67104,3938.83,86.92,1.01,48
536832,67104,3788.60,88.03,12.54,48
536832,67104,-2927.95,25.33,143.44,48
537216,67152,1308.07,86.08,183.29,48
537216,67152,3711.60,84.79,5.80,48
537216,67152,3840.33,86.07,0.00,48
537216,67152,-739.86,22.29,54.67,48
537216,67152,3983.36,87.57,0.00,48
537216,67152,81.89,25.04,28.68,48
537216,67152,3850.55,87.20,1.59,48
537216,67152,541.40,17.82,0.00,48
537600,67200,3432.57,87.84,39.17,48
537600,67200,-24.64,21.63,28.35,48
537600,67200,13.50,21.36,23.95,48
537600,67200,107.76,21.50,21.64,48
537600,67200,3283.19,86.36,45.90,48
537600,67200,1513.66,88.19,179.20,48
537600,67200,-2962.17,21.59,136.27,48
537600,67200,1506.79,88.36,179.72,48
537984,67248,2193.49,85.00,114.46,48
537984,67248,-431.36,21.95,43.88,48
537984,67248,3067.55,85.51,55.95,48
537984,67248,4010.00,88.88,3.10,48
537984,67248,3505.11,85.33,19.67,48
537984,67248,3899.12,89.41,10.17,48
537984,67248,-387.05,88.19,320.25,48
537984,67248,225.86,21.92,17.81,48
538368,67296,-219.50,21.75,35.93,48
538368,67296,3810.37,85.21,2.26,48
538368,67296,-1686.90,19.77,87.48,48
538368,67296,2955.49,84.94,62.45,48
538368,67296,2724.05,87.79,91.54,48
538368,67296,543.37,22.14,6.60,48
538368,67296,3699.89,82.72,0.61,48
538368,67296,182.53,23.17,20.44,48
538752,67344,3909.22,87.06,4.29,48
538752,67344,3730.78,84.95,4.47,48
538752,67344,3901.64,86.61,0.00,48
538752,67344,1236.72,85.71,185.80,48
538752,67344,3924.95,87.31,1.84,48
538752,67344,3936.92,88.41,3.58,48
538752,67344,3789.52,85.37,0.85,48
538752,67344,135.16,18.05,14.46,48
539136,67392,656.09,22.15,0.68,48
539136,67392,3711.06,83.96,1.37,48
539136,67392,1598.36,85.53,161.72,48
539136,67392,3779.35,85.34,1.64,48
539136,67392,767.01,23.18,0.39,48
539136,67392,626.35,20.66,1.43,48
539136,67392,3222.43,85.90,46.68,48
539136,67392,3823.94,86.26,1.59,48
539520,67440,1994.66,85.79,132.59,48
539520,67440,-1144.77,87.75,366.71,48
539520,67440,-2763.77,18.99,129.78,48
539520,67440,2870.70,86.83,77.20,48
539520,67440,2898.24,85.04,62.32,48
539520,67440,608.17,22.08,3.25,48
539520,67440,655.10,21.31,0.00,48
539520,67440,3739.74,85.85,5.74,48
539904,67488,3998.54,88.60,0.78,48
539904,67488,-1427.91,87.98,388.05,48
539904,67488,3802.82,85.59,2.72,48
539904,67488,697.40,21.97,0.00,48
539904,67488,2794.53,85.88,74.73,48
539904,67488,2767.46,88.65,90.25,48
539904,67488,1217.63,86.23,188.79,48
539904,67488,2727.05,85.21,79.20,48
540288,67536,3927.86,86.42,0.05,48
540288,67536,-13529.74,23.63,542.80,48
540288,67536,3540.86,89.21,38.10,48
540288,67536,-10.98,23.45,28.14,48
540288,67536,3880.14,86.33,0.61,48
540288,67536,-609.00,22.32,45.97,48
540288,67536,3428.85,87.72,40.25,48
540288,67536,2083.47,84.07,120.98,48
540672,67584,3391.26,87.64,36.94,48
540672,67584,3962.76,86.68,0.00,48
540672,67584,3935.03,87.38,2.09,48
540672,67584,3812.85,88.18,15.76,48
540672,67584,3391.97,87.13,37.11,48
540672,67584,3798.51,86.61,5.74,48
540672,67584,-124.02,19.01,27.05,48
540672,67584,3980.91,88.61,2.36,48
541056,67632,-688.69,20.34,50.73,48
541056,67632,-2635.26,22.38,126.06,48
541056,67632,1295.05,88.02,190.87,48
541056,67632,3680.91,86.16,11.57,48
541056,67632,601.83,22.06,5.10,48
541056,67632,3782.15,85.09,0.32,48
541056,67632,3267.89,84.03,34.73,48
541056,67632,3409.80,86.98,37.41,48
541440,67680,537.54,20.62,3.48,48
541440,67680,958.12,87.20,210.50,48
541440,67680,768.86,26.22,0.72,48
541440,67680,-421.76,85.60,305.31,48
541440,67680,-1218.13,21.21,72.74,48
541440,67680,3584.23,87.30,20.99,48
541440,67680,2175.57,89.05,135.99,48
541440,67680,467.75,24.77,14.12,48
541824,67728,3161.87,85.27,45.48,48
541824,67728,3515.68,84.53,20.36,48
541824,67728,-1055.44,21.30,63.97,48
541824,67728,3697.23,84.13,3.24,48
541824,67728,688.17,22.55,2.39,48
541824,67728,-1456.70,17.92,73.93,48
541824,67728,3839.37,85.36,0.45,48
541824,67728,-1043.13,22.33,66.11,48
542208,67776,-1252.14,24.50,72.68,48
542208,67776,3163.82,86.85,55.10,48
542208,67776,-1813.88,18.45,89.64,48
542208,67776,3857.14,85.69,0.62,48
542208,67776,-5170.68,23.56,221.82,48
542208,67776,2863.67,84.19,63.92,48
542208,67776,2933.89,87.12,70.99,48
542208,67776,-3606.06,23.08,163.02,48
542592,67824,614.89,20.64,2.22,48
542592,67824,3718.48,85.41,7.11,48
542592,67824,487.10,18.66,2.88,48
542592,67824,-4804.09,23.76,212.41,48
542592,67824,-3075.88,86.99,500.30,48
542592,67824,2427.33,83.76,93.17,48
542592,67824,4002.67,88.20,0.00,48
542592,67824,3532.68,83.23,15.84,48
542976,67872,3689.34,87.07,16.22,48
542976,67872,3777.13,84.39,0.34,48
542976,67872,-1647.69,22.26,87.78,48
542976,67872,2703.21,86.40,82.99,48
542976,67872,3599.34,83.32,7.20,48
542976,67872,639.15,20.24,0.32,48
542976,67872,-12569.65,21.00,504.68,48
542976,67872,-2467.84,17.82,113.00,48
543360,67920,797.17,23.72,0.47,48
543360,67920,3636.53,82.43,1.87,48
543360,67920,3615.21,85.10,16.63,48
543360,67920,-5657.20,26.78,249.59,48
543360,67920,3739.19,85.56,3.89,48
543360,67920,3391.83,84.68,30.76,48
543360,67920,652.64,20.12,0.00,48
543360,67920,695.83,22.97,1.92,48
543744,67968,3951.67,88.58,5.03,48
543744,67968,3752.89,85.09,0.62,48
543744,67968,405.38,20.88,8.60,48
543744,67968,2937.61,88.54,75.09,48
543744,67968,3318.31,82.78,27.10,48
543744,67968,-924.93,23.00,62.69,48
543744,67968,3456.32,86.27,31.85,48
543744,67968,3826.98,85.22,0.05,48
544128,68016,3651.12,82.62,0.61,48
544128,68016,-1777.06,21.36,94.62,48
544128,68016,466.79,19.44,0.88,48
544128,68016,-3991.54,23.30,175.30,48
544128,68016,665.41,22.11,0.00,48
544128,68016,3913.04,86.96,3.69,48
544128,68016,3533.21,86.17,21.13,48
544128,68016,633.49,19.79,0.00,48
544512,68064,2477.44,87.37,105.61,48
544512,68064,3924.75,86.93,0.63,48
544512,68064,2700.46,85.50,83.18,48
544512,68064,-702.05,21.21,52.29,48
544512,68064,3869.95,85.87,0.00,48
544512,68064,-4445.61,21.52,190.39,48
544512,68064,-3510.59,24.54,165.09,48
544512,68064,-2976.27,21.09,136.88,48
544896,68112,271.25,17.75,9.91,48
544896,68112,640.46,22.45,1.21,48
544896,68112,3890.97,86.42,0.19,48
544896,68112,-3527.46,18.82,154.88,48
544896,68112,3293.91,84.79,36.51,48
544896,68112,397.80,17.08,0.00,48
544896,68112,-412.00,83.15,294.43,48
544896,68112,294.16,21.11,14.71,48
545280,68160,3843.76,86.15,2.37,48
545280,68160,3964.57,88.67,3.27,48
545280,68160,3620.28,87.99,27.19,48
545280,68160,3832.84,86.60,3.67,48
545280,68160,2038.30,84.46,125.92,48
545280,68160,-36.68,22.92,29.80,48
545280,68160,632.16,19.90,1.26,48
545280,68160,3727.01,83.66,0.66,48
545664,68208,-2400.48,23.24,117.49,48
545664,68208,3314.68,88.52,50.70,48
545664,68208,653.81,23.28,0.68,48
545664,68208,3879.38,85.82,0.58,48
545664,68208,455.51,21.09,8.45,48
545664,68208,1778.82,86.87,152.59,48
545664,68208,3733.65,85.76,5.85,48
545664,68208,2817.79,84.76,71.77,48
546048,68256,2791.48,86.89,80.23,48
546048,68256,3442.16,85.55,28.55,48
546048,68256,-1417.53,18.57,72.88,48
546048,68256,680.34,23.80,2.95,48
546048,68256,33.89,18.66,21.11,48
546048,68256,-355.37,22.35,39.89,48
546048,68256,3771.78,84.28,0.10,48
546048,68256,3941.48,87.86,0.43,48
546432,68304,-3798.21,21.45,168.74,48
546432,68304,-310.30,22.72,37.80,48
546432,68304,3758.38,85.38,2.20,48
546432,68304,3778.90,85.05,3.67,48
546432,68304,3914.08,87.14,0.02,48
546432,68304,3376.50,84.01,25.82,48
546432,68304,3845.77,85.00,0.10,48
546432,68304,2004.36,88.16,145.32,48
546816,68352,439.07,18.27,0.01,48
546816,68352,3748.56,88.36,14.63,48
546816,68352,3675.40,86.10,12.11,48
546816,68352,1174.96,89.57,210.48,48
546816,68352,649.62,21.26,0.38,48
546816,68352,3046.61,85.02,53.82,48
546816,68352,3948.90,88.34,0.90,48
546816,68352,85.70,21.41,21.27,48
547200,68400,66.32,20.76,25.28,48
547200,68400,3688.74,86.46,13.34,48
547200,68400,374.25,21.70,11.96,48
547200,68400,-3939.69,20.72,171.23,48
547200,68400,1520.18,84.60,156.96,48
547200,68400,-702.16,20.47,49.59,48
547200,68400,-828.88,22.44,58.32,48
547200,68400,758.95,22.96,1.56,48
547584,68448,2077.00,86.16,126.77,48
547584,68448,1468.94,84.81,166.71,48
547584,68448,3531.83,86.05,24.80,48
547584,68448,-163.68,24.55,35.23,48
547584,68448,-2802.67,85.77,473.47,48
547584,68448,-403.61,24.48,43.81,48
547584,68448,3855.95,86.10,0.79,48
547584,68448,3873.23,85.49,0.80,48
547968,68496,319.41,21.15,15.24,48
547968,68496,3325.84,86.41,41.14,48
547968,68496,3435.33,89.35,43.89,48
547968,68496,2425.10,86.32,104.81,48
547968,68496,1375.09,89.54,191.72,48
547968,68496,-3024.79,20.49,135.44,48
547968,68496,3238.67,86.93,46.25,48
547968,68496,616.58,19.81,0.05,48
548352,68544,-4564.03,22.54,200.13,48
548352,68544,3847.82,86.49,1.28,48
548352,68544,3231.03,82.27,31.05,48
548352,68544,3848.15,86.01,0.00,48
548352,68544,-198.63,23.81,36.99,48
548352,68544,2282.76,85.89,111.16,48
548352,68544,-3273.25,24.32,154.84,48
548352,68544,3739.89,85.67,7.58,48
548736,68592,566.69,18.29,0.00,48
548736,68592,3500.69,85.00,24.88,48
548736,68592,3576.37,88.99,32.39,48
548736,68592,3903.07,89.51,13.72,48
548736,68592,3740.73,84.93,0.10,48
548736,68592,727.29,22.09,0.00,48
548736,68592,652.99,21.08,0.00,48
548736,68592,3051.52,83.42,51.83,48
549120,68640,3836.33,89.62,18.62,48
549120,68640,-740.86,22.99,58.39,48
549120,68640,3753.14,83.65,0.41,48
549120,68640,508.30,22.00,3.21,48
549120,68640,2391.57,89.99,123.60,48
549120,68640,3537.51,84.84,14.42,48
549120,68640,3813.01,87.10,7.85,48
549120,68640,-438.37,20.06,37.04,48
549504,68688,-2220.51,83.73,431.89,48
549504,68688,3785.69,84.61,0.00,48
549504,68688,1429.06,88.22,181.58,48
549504,68688,3654.77,84.45,5.95,48
549504,68688,3551.06,86.70,22.25,48
549504,68688,3578.79,89.86,36.79,48
549504,68688,1803.36,84.95,141.33,48
549504,68688,3475.60,86.34,28.00,48
549888,68736,1685.51,87.17,160.80,48
549888,68736,226.65,21.80,21.18,48
549888,68736,3693.57,82.30,3.42,48
549888,68736,994.06,84.79,195.00,48
549888,68736,2824.88,85.92,74.49,48
549888,68736,272.79,18.88,11.35,48
549888,68736,3844.17,85.38,0.00,48
549888,68736,3672.49,86.59,16.15,48
550272,68784,1802.04,84.82,141.30,48
550272,68784,3634.79,86.01,18.04,48
550272,68784,3364.44,85.92,32.88,48
550272,68784,593.38,18.85,0.00,48
550272,68784,4080.18,89.47,0.05,48
550272,68784,3654.65,82.76,1.99,48
550272,68784,3785.94,84.09,1.21,48
550272,68784,3923.36,86.58,1.46,48
550656,68832,3727.98,84.11,0.00,48
550656,68832,3516.39,80.69,0.05,48
550656,68832,1334.83,86.34,177.16,48
550656,68832,1316.86,88.89,194.73,48
550656,68832,-6471.28,27.53,281.13,48
550656,68832,3660.91,83.23,2.49,48
550656,68832,-2954.06,24.88,140.11,48
550656,68832,-3377.22,86.27,524.90,48
551040,68880,628.07,22.38,0.28,48
551040,68880,3854.94,85.28,0.66,48
551040,68880,625.07,21.78,1.66,48
551040,68880,514.99,19.15,2.79,48
551040,68880,3029.68,86.31,61.51,48
551040,68880,27.64,21.60,24.55,48
551040,68880,-4114.56,22.45,181.42,48
551040,68880,3687.31,88.11,24.80,48
551424,68928,2467.23,83.89,91.82,48
551424,68928,19.89,19.57,23.70,48
551424,68928,3747.39,86.20,7.01,48
551424,68928,1660.83,83.74,146.93,48
551424,68928,3831.44,84.71,0.34,48
551424,68928,3890.54,86.40,0.90,48
551424,68928,3564.70,86.33,24.96,48
551424,68928,3685.18,84.50,2.29,48
551808,68976,3267.23,87.20,48.76,48
551808,68976,3169.49,88.54,61.41,48
551808,68976,410.94,18.90,5.90,48
551808,68976,3834.14,85.51,0.87,48
551808,68976,3988.97,88.36,2.33,48
551808,68976,2053.97,85.86,128.04,48
551808,68976,1903.23,85.40,136.64,48
551808,68976,-8112.53,21.61,333.19,48
552192,69024,3767.47,87.07,13.09,48
552192,69024,4015.29,86.67,0.00,48
552192,69024,-2421.13,19.70,116.68,48
552192,69024,572.26,23.05,4.88,48
552192,69024,3301.81,83.40,30.12,48
552192,69024,337.64,21.00,9.95,48
552192,69024,1763.06,84.63,141.62,48
552192,69024,3727.30,85.84,9.40,48
552576,69072,3852.40,86.05,3.80,48
552576,69072,3570.06,86.81,25.36,48
552576,69072,3808.95,88.02,15.60,48
552576,69072,3766.00,85.05,5.63,48
552576,69072,-1518.17,21.40,82.22,48
552576,69072,-12612.96,20.82,502.52,48
552576,69072,-1667.44,20.56,87.32,48
552576,69072,3652.51,87.27,19.19,48
552960,69120,3155.99,86.50,51.48,48
552960,69120,3482.16,87.02,27.63,48
552960,69120,848.61,86.91,221.06,48
552960,69120,3846.76,86.19,1.00,48
552960,69120,3874.60,87.15,2.40,48
552960,69120,382.77,25.31,19.23,48
552960,69120,-3601.15,22.05,163.81,48
552960,69120,-3285.31,24.37,154.42,48
553344,69168,3474.90,87.42,32.78,48
553344,69168,98.33,19.83,20.17,48
553344,69168,3270.72,87.55,48.46,48
553344,69168,3969.73,90.12,13.30,48
553344,69168,3758.65,87.52,12.42,48
553344,69168,3124.93,85.15,49.89,48
553344,69168,2418.34,83.42,89.77,48
553344,69168,705.91,24.79,2.55,48
553728,69216,1297.19,86.70,185.07,48
553728,69216,-3992.58,21.79,178.27,48
553728,69216,1581.85,86.15,161.85,48
553728,69216,-1649.04,22.53,88.71,48
553728,69216,3532.40,83.63,14.48,48
553728,69216,3880.24,86.36,3.57,48
553728,69216,3397.62,85.07,28.05,48
553728,69216,-4130.53,24.14,185.76,48
554112,69264,2648.03,85.66,82.84,48
554112,69264,-2244.35,24.54,117.59,48
554112,69264,-1336.17,18.71,73.79,48
554112,69264,658.04,22.36,0.71,48
554112,69264,3727.93,84.66,0.69,48
554112,69264,1643.23,87.66,169.12,48
554112,69264,-8465.52,22.80,350.56,48
554112,69264,3861.27,86.53,6.17,48
554496,69312,3639.95,88.49,25.80,48
554496,69312,3703.40,89.51,27.08,48
554496,69312,3412.15,86.84,34.38,48
554496,69312,3936.00,87.78,5.42,48
554496,69312,-3974.92,85.95,561.32,48
554496,69312,3274.55,84.77,35.81,48
554496,69312,435.67,20.96,5.71,48
554496,69312,3774.64,84.53,0.54,48
554880,69360,3903.34,86.73,2.65,48
554880,69360,579.36,21.42,2.26,48
554880,69360,-148.44,22.36,35.28,48
554880,69360,3605.60,82.00,1.62,48
554880,69360,3869.94,86.46,0.00,48
554880,69360,3819.11,84.93,0.66,48
554880,69360,3156.08,88.23,62.09,48
554880,69360,3546.72,82.52,7.17,48
555264,69408,3797.58,84.61,0.33,48
555264,69408,3680.97,83.34,0.00,48
555264,69408,3345.29,83.79,29.98,48
555264,69408,3484.30,82.30,8.92,48
555264,69408,3907.93,88.01,1.57,48
555264,69408,-3109.62,85.81,504.44,48
555264,69408,1296.09,89.23,197.53,48
555264,69408,3768.09,85.82,8.98,48
555648,69456,-10686.60,19.33,430.01,48
555648,69456,3212.64,84.77,44.40,48
555648,69456,846.51,23.38,0.58,48
555648,69456,3759.37,86.26,8.51,48
555648,69456,2608.29,87.10,90.01,48
555648,69456,1545.98,85.88,163.19,48
555648,69456,411.26,19.46,6.18,48
555648,69456,3822.52,85.98,0.18,48
556032,69504,3935.09,87.81,0.61,48
556032,69504,-1321.74,21.24,71.71,48
556032,69504,1504.85,84.89,161.80,48
556032,69504,3591.53,86.71,19.48,48
556032,69504,3946.90,87.81,4.53,48
556032,69504,-692.95,20.04,51.15,48
556032,69504,2993.10,84.81,58.11,48
556032,69504,3714.95,85.89,9.26,48
556416,69552,1592.56,89.57,178.00,48
556416,69552,547.32,19.27,2.19,48
556416,69552,645.39,23.23,6.70,48
556416,69552,-4183.18,20.70,180.82,48
556416,69552,-299.10,23.37,43.44,48
556416,69552,590.24,21.44,5.05,48
556416,69552,4011.13,89.71,3.75,48
556416,69552,3497.20,84.37,13.09,48
556800,69600,3567.76,83.56,8.11,48
556800,69600,-3820.08,21.52,171.19,48
556800,69600,-378.00,24.61,47.04,48
556800,69600,-1630.96,88.81,405.02,48
556800,69600,2087.63,88.41,137.15,48
556800,69600,3719.33,83.07,0.00,48
556800,69600,3726.85,87.57,16.28,48
556800,69600,-645.57,21.13,50.10,48
557184,69648,-3942.48,24.78,181.53,48
557184,69648,383.67,17.96,5.40,48
557184,69648,3199.13,82.73,33.11,48
557184,69648,3927.20,87.14,1.54,48
557184,69648,2554.78,83.86,87.04,48
557184,69648,3691.59,86.25,7.33,48
557184,69648,3836.98,84.85,0.00,48
557184,69648,3797.04,84.11,0.00,48
557568,69696,-185.98,19.29,28.51,48
557568,69696,3522.80,87.45,28.23,48
557568,69696,3797.26,85.08,2.37,48
557568,69696,-2031.08,18.77,96.47,48
557568,69696,3852.56,87.96,8.04,48
557568,69696,-654.14,22.15,49.03,48
557568,69696,3844.97,88.46,14.89,48
557568,69696,3443.02,86.99,36.13,48
557952,69744,607.70,22.33,4.92,48
557952,69744,3565.74,85.54,19.37,48
557952,69744,290.75,25.67,21.24,48
557952,69744,-378.24,18.22,38.22,48
557952,69744,3145.55,84.47,50.69,48
557952,69744,3544.55,84.56,16.93,48
557952,69744,762.59,25.75,1.48,48
557952,69744,3491.59,85.65,25.83,48
558336,69792,-469.07,22.69,44.16,48
558336,69792,-1038.83,23.22,65.76,48
558336,69792,-4455.14,21.83,193.29,48
558336,69792,4030.97,89.15,0.86,48
558336,69792,3837.68,86.13,1.93,48
558336,69792,2828.62,86.21,74.74,48
558336,69792,-498.60,22.97,47.65,48
558336,69792,3745.05,85.03,2.94,48
558720,69840,3842.72,87.34,9.38,48
558720,69840,3973.26,88.83,1.45,48
558720,69840,404.47,17.18,0.66,48
558720,69840,3276.99,85.82,43.90,48
558720,69840,3847.08,86.73,1.21,48
558720,69840,4034.88,88.19,0.79,48
558720,69840,-11638.60,20.37,466.46,48
558720,69840,520.66,17.66,1.94,48
559104,69888,3072.61,83.46,51.11,48
559104,69888,-6602.52,27.33,286.88,48
559104,69888,3593.11,83.95,12.70,48
559104,69888,3988.36,87.39,0.00,48
559104,69888,54.88,21.14,25.74,48
559104,69888,3886.01,87.01,0.00,48
559104,69888,704.15,21.07,0.00,48
559104,69888,2294.47,87.55,119.97,48
559488,69936,3333.77,84.42,30.76,48
559488,69936,3823.75,88.42,13.37,48
559488,69936,3861.23,86.06,1.61,48
559488,69936,2829.79,87.03,77.39,48
559488,69936,3157.66,85.62,49.26,48
559488,69936,3779.42,85.46,4.70,48
559488,69936,3464.42,84.54,21.20,48
559488,69936,3598.11,84.10,8.85,48
559872,69984,3613.65,83.04,0.60,48
559872,69984,3221.23,85.83,44.01,48
559872,69984,-14504.17,23.72,576.85,48
559872,69984,607.01,18.78,0.00,48
559872,69984,3552.25,89.01,33.91,48
559872,69984,3854.77,88.20,7.54,48
559872,69984,3048.08,87.57,66.26,48
559872,69984,3743.82,87.21,14.62,48
560256,70032,3462.99,81.17,7.46,48
560256,70032,3611.31,85.86,16.08,48
560256,70032,3207.94,88.17,53.41,48
560256,70032,3683.46,83.53,6.63,48
560256,70032,3633.04,83.30,5.25,48
560256,70032,346.80,20.63,13.82,48
560256,70032,3804.93,85.50,3.45,48
560256,70032,3841.55,86.88,4.95,48
560640,70080,3827.69,85.16,1.66,48
560640,70080,3228.57,87.17,45.48,48
560640,70080,2661.97,84.45,77.37,48
560640,70080,2874.52,88.41,80.98,48
560640,70080,3867.46,86.82,0.90,48
560640,70080,3818.76,87.16,6.32,48
560640,70080,3283.61,85.43,41.90,48
560640,70080,3656.48,85.22,11.79,48
561024,70128,824.72,22.92,0.25,48
561024,70128,3270.60,86.06,41.63,48
561024,70128,638.09,18.67,0.00,48
561024,70128,587.08,18.83,0.18,48
561024,70128,-4355.78,21.55,190.34,48
561024,70128,3740.51,86.67,7.47,48
561024,70128,-56.84,21.34,27.99,48
561024,70128,-30.29,21.59,28.19,48
561408,70176,3370.81,87.05,39.48,48
561408,70176,-121.70,22.82,34.64,48
561408,70176,2429.71,84.48,98.70,48
561408,70176,2171.42,82.58,112.21,48
561408,70176,3460.89,86.96,31.19,48
561408,70176,3878.73,88.21,10.32,48
561408,70176,-4020.51,22.19,179.19,48
561408,70176,3529.56,85.43,22.22,48
561792,70224,476.25,23.24,12.78,48
561792,70224,-1414.53,17.98,75.12,48
561792,70224,3364.46,85.06,35.26,48
561792,70224,3262.64,86.59,46.75,48
561792,70224,3812.78,84.93,0.00,48
561792,70224,3649.96,83.54,2.68,48
561792,70224,-155.85,19.59,24.85,48
561792,70224,1193.26,84.77,184.32,48
562176,70272,3835.17,86.30,3.24,48
562176,70272,-3778.59,21.36,173.10,48
562176,70272,1635.86,85.23,158.36,48
562176,70272,4019.20,88.54,1.24,48
562176,70272,1538.89,88.28,178.89,48
562176,70272,33.50,20.49,23.20,48
562176,70272,-1836.83,20.47,92.46,48
562176,70272,-2321.25,17.85,110.12,48
562560,70320,338.13,22.54,10.71,48
562560,70320,3921.24,87.94,3.34,48
562560,70320,635.92,20.56,0.00,48
562560,70320,3749.07,85.68,6.08,48
562560,70320,3689.53,86.79,16.48,48
562560,70320,3703.80,87.52,17.75,48
562560,70320,3883.38,87.67,1.83,48
562560,70320,754.26,25.97,4.08,48
562944,70368,1992.52,83.63,127.01,48
562944,70368,3163.78,87.17,54.13,48
562944,70368,3655.61,83.18,0.66,48
562944,70368,-129.22,19.34,25.06,48
562944,70368,3979.93,87.72,0.66,48
562944,70368,2133.71,86.20,125.23,48
562944,70368,3832.51,85.57,0.32,48
562944,70368,3169.50,87.24,51.69,48
563328,70416,3044.86,85.97,56.50,48
563328,70416,3796.79,86.29,5.22,48
563328,70416,3759.25,89.37,21.30,48
563328,70416,1109.83,86.19,199.04,48
563328,70416,3899.63,86.59,0.60,48
563328,70416,-21.07,20.50,25.24,48
563328,70416,-1951.50,22.48,103.49,48
563328,70416,2298.76,84.63,102.85,48
563712,70464,1950.99,85.06,134.18,48
563712,70464,386.10,23.31,14.46,48
563712,70464,38.86,18.70,19.42,48
563712,70464,-127.07,20.69,28.62,48
563712,70464,3802.52,89.52,18.99,48
563712,70464,-127.97,21.68,28.45,48
563712,70464,2773.98,83.72,69.28,48
563712,70464,3930.17,89.97,10.90,48
564096,70512,3098.76,82.42,41.42,48
564096,70512,-1973.73,25.32,105.54,48
564096,70512,-929.92,21.47,57.39,48
564096,70512,581.75,22.91,7.14,48
564096,70512,231.71,21.26,18.46,48
564096,70512,-4549.16,23.31,200.46,48
564096,70512,3428.02,84.40,23.08,48
564096,70512,3459.77,85.75,30.87,48
564480,70560,3895.52,86.37,0.00,48
564480,70560,629.18,86.97,235.51,48
564480,70560,-4096.89,22.87,186.09,48
564480,70560,483.74,23.48,7.79,48
564480,70560,136.04,19.35,19.21,48
564480,70560,-1857.82,21.40,98.12,48
564480,70560,552.59,21.12,2.92,48
564480,70560,4021.96,89.37,4.63,48
564864,70608,3648.86,82.83,1.95,48
564864,70608,3783.43,86.88,7.19,48
564864,70608,683.02,21.34,1.24,48
564864,70608,1300.34,88.08,195.34,48
564864,70608,3611.89,85.70,17.28,48
564864,70608,639.60,20.71,0.00,48
564864,70608,3854.82,86.88,0.86,48
564864,70608,3867.05,85.19,0.00,48
565248,70656,-2830.32,21.08,133.61,48
565248,70656,3790.33,83.38,0.00,48
565248,70656,-3142.86,24.78,146.84,48
565248,70656,2203.57,87.36,125.25,48
565248,70656,3796.69,84.98,0.02,48
565248,70656,3866.13,86.67,2.62,48
565248,70656,1690.90,85.09,153.65,48
565248,70656,1025.15,83.99,197.91,48
565632,70704,-14978.31,23.58,596.75,48
565632,70704,958.63,87.24,211.91,48
565632,70704,1939.89,86.31,137.11,48
565632,70704,1655.13,84.81,152.75,48
565632,70704,582.75,19.89,0.00,48
565632,70704,3927.62,86.86,1.22,48
565632,70704,-937.24,86.29,342.07,48
565632,70704,3839.08,86.85,1.38,48
566016,70752,3738.28,86.57,7.39,48
566016,70752,3599.58,86.19,23.47,48
566016,70752,3856.06,86.65,0.88,48
566016,70752,3166.30,87.17,53.16,48
566016,70752,3521.12,83.88,15.54,48
566016,70752,804.62,26.90,3.50,48
566016,70752,-2610.80,84.89,462.70,48
566016,70752,1727.65,88.77,165.70,48
566400,70800,3391.64,85.54,32.28,48
566400,70800,3793.20,85.72,2.18,48
566400,70800,502.68,19.30,4.70,48
566400,70800,491.87,21.98,9.01,48
566400,70800,342.19,23.74,15.22,48
566400,70800,3596.08,80.95,2.34,48
566400,70800,109.36,20.69,18.98,48
566400,70800,1386.70,86.41,180.85,48
566784,70848,3424.73,86.39,31.36,48
566784,70848,1885.26,86.30,141.60,48
566784,70848,2024.14,83.81,121.75,48
566784,70848,3617.07,87.48,24.18,48
566784,70848,3900.83,86.13,0.00,48
566784,70848,3503.06,87.22,31.19,48
566784,70848,3255.42,82.11,26.75,48
566784,70848,1881.53,86.02,138.21,48
567168,70896,3874.70,86.10,1.97,48
567168,70896,3953.53,87.89,0.00,48
567168,70896,3698.48,83.65,3.70,48
567168,70896,-10052.94,23.90,409.47,48
567168,70896,1262.97,85.03,180.64,48
567168,70896,3718.29,85.48,7.95,48
567168,70896,4015.42,89.22,0.79,48
567168,70896,-1920.59,21.33,96.12,48
567552,70944,3459.59,81.03,5.56,48
567552,70944,1792.45,88.91,162.96,48
567552,70944,3756.19,84.99,0.00,48
567552,70944,3694.26,83.84,0.61,48
567552,70944,3304.23,83.60,22.99,48
567552,70944,348.52,17.69,5.56,48
567552,70944,2789.13,88.70,87.83,48
567552,70944,3970.63,88.76,0.92,48
567936,70992,1488.66,88.18,179.11,48
567936,70992,-1753.13,81.81,383.11,48
567936,70992,4033.60,87.97,0.61,48
567936,70992,-336.33,83.54,293.23,48
567936,70992,3815.00,84.32,1.28,48
567936,70992,4065.06,88.55,0.00,48
567936,70992,3781.07,84.72,0.31,48
567936,70992,3927.38,86.50,0.83,48
568320,71040,501.61,18.70,2.35,48
568320,71040,551.36,19.48,4.18,48
568320,71040,3203.39,84.67,39.03,48
568320,71040,-1506.26,22.06,83.56,48
568320,71040,3906.66,86.82,3.65,48
568320,71040,607.53,22.07,2.75,48
568320,71040,3860.55,86.94,2.76,48
568320,71040,3511.20,86.28,23.85,48
568704,71088,3638.70,85.64,12.75,48
568704,71088,2970.18,84.60,62.10,48
568704,71088,-1619.11,20.22,84.98,48
568704,71088,2547.28,85.04,87.67,48
568704,71088,3602.69,85.06,8.87,48
568704,71088,-945.26,21.94,59.36,48
568704,71088,-8201.23,20.28,337.86,48
568704,71088,3724.42,83.19,0.00,48
569088,71136,3173.03,84.99,44.32,48
569088,71136,4010.81,88.24,0.98,48
569088,71136,3736.52,85.28,3.76,48
569088,71136,3411.83,86.34,33.20,48
569088,71136,3510.39,87.73,32.20,48
569088,71136,3665.14,83.18,0.00,48
569088,71136,4065.51,90.41,4.19,48
569088,71136,708.40,19.74,0.00,48
569472,71184,3951.76,88.78,7.59,48
569472,71184,2525.99,86.49,97.86,48
569472,71184,1846.67,83.01,133.34,48
569472,71184,4053.35,88.92,0.10,48
569472,71184,1672.19,85.26,158.58,48
569472,71184,3957.86,88.25,0.10,48
569472,71184,-4995.88,22.87,216.26,48
569472,71184,3796.88,85.47,3.37,48
569856,71232,701.59,21.98,2.38,48
569856,71232,-4311.49,22.96,187.41,48
569856,71232,3921.36,86.66,0.71,48
569856,71232,768.66,24.06,0.27,48
569856,71232,3614.80,86.38,20.28,48
569856,71232,-4165.64,21.85,185.62,48
569856,71232,-13586.86,22.11,540.32,48
569856,71232,3407.75,87.14,38.93,48
570240,71280,3694.94,83.00,1.30,48
570240,71280,3071.93,86.38,55.36,48
570240,71280,3958.23,87.17,0.19,48
570240,71280,1788.21,84.86,142.99,48
570240,71280,3817.98,86.11,0.95,48
570240,71280,2172.33,84.90,116.66,48
570240,71280,-1421.90,19.34,75.08,48
570240,71280,3800.03,84.51,0.00,48
570624,71328,431.77,21.33,8.42,48
570624,71328,516.20,20.33,1.33,48
570624,71328,1411.40,84.93,169.11,48
570624,71328,3207.00,84.27,39.29,48
570624,71328,2053.10,83.29,117.82,48
570624,71328,-45.07,20.33,24.86,48
570624,71328,1733.18,84.87,143.09,48
570624,71328,3252.64,85.52,40.72,48
571008,71376,306.72,23.16,16.48,48
571008,71376,3928.01,87.32,0.41,48
571008,71376,3406.90,88.96,46.52,48
571008,71376,2342.45,85.54,107.38,48
571008,71376,2195.74,89.83,138.48,48
571008,71376,3759.71,84.70,0.28,48
571008,71376,1585.72,86.19,159.65,48
571008,71376,2050.96,86.45,134.18,48
571392,71424,745.95,22.47,1.98,48
571392,71424,-13164.12,22.05,525.65,48
571392,71424,3744.43,89.50,23.67,48
571392,71424,3602.88,84.23,14.46,48
571392,71424,-2167.75,22.91,110.23,48
571392,71424,3369.84,85.04,29.85,48
571392,71424,1297.40,89.12,194.75,48
571392,71424,1631.77,86.92,161.95,48
571776,71472,-292.70,21.12,34.04,48
571776,71472,3643.95,83.68,5.41,48
571776,71472,1300.91,88.77,194.67,48
571776,71472,3726.90,86.19,11.81,48
571776,71472,3972.18,87.80,0.88,48
571776,71472,1992.09,84.90,128.49,48
571776,71472,1940.84,88.78,147.46,48
571776,71472,3791.86,84.55,0.31,48
572160,71520,3581.17,89.19,35.34,48
572160,71520,2789.67,86.37,76.97,48
572160,71520,3988.99,88.70,3.55,48
572160,71520,-2196.15,19.80,109.31,48
572160,71520,3541.83,84.47,17.81,48
572160,71520,2415.74,85.94,103.18,48
572160,71520,2460.19,87.37,107.02,48
572160,71520,494.78,22.68,7.74,48
572544,71568,404.57,22.36,9.38,48
572544,71568,3740.56,87.53,13.37,48
572544,71568,3664.19,85.40,7.82,48
572544,71568,3636.89,88.81,25.55,48
572544,71568,576.92,20.48,0.18,48
572544,71568,3830.58,85.48,1.54,48
572544,71568,414.28,21.27,7.62,48
572544,71568,3791.34,84.26,0.61,48
572928,71616,3763.88,85.44,0.92,48
572928,71616,-3209.34,85.48,508.77,48
572928,71616,2928.81,86.32,63.23,48
572928,71616,1577.10,85.72,165.07,48
572928,71616,3590.42,81.83,1.37,48
572928,71616,-1447.19,20.50,80.18,48
572928,71616,90.77,17.32,17.66,48
572928,71616,3139.23,84.01,41.26,48
573312,71664,277.30,20.85,12.68,48
573312,71664,-3572.94,20.90,159.74,48
573312,71664,3855.95,85.80,0.00,48
573312,71664,367.34,18.88,9.87,48
573312,71664,-1832.53,24.15,100.16,48
573312,71664,2913.99,86.14,68.29,48
573312,71664,-1289.09,87.25,377.42,48
573312,71664,1685.65,86.61,160.23,48
573696,71712,-1034.60,20.70,62.42,48
573696,71712,3834.68,85.43,0.86,48
573696,71712,3877.61,89.12,13.82,48
573696,71712,558.71,22.93,4.79,48
573696,71712,3860.83,86.55,1.56,48
573696,71712,-190.74,20.16,31.06,48
573696,71712,3991.20,88.41,1.48,48
573696,71712,515.75,22.54,8.18,48
574080,71760,3818.34,89.09,14.49,48
574080,71760,-1547.07,20.99,85.21,48
574080,71760,3834.19,86.31,3.56,48
574080,71760,3753.97,85.04,2.57,48
574080,71760,3552.33,90.68,45.29,48
574080,71760,3123.79,86.90,57.10,48
574080,71760,3511.64,87.92,31.36,48
574080,71760,3858.45,86.05,2.53,48
574464,71808,3954.34,88.23,1.56,48
574464,71808,-350.27,21.11,38.10,48
574464,71808,2858.07,84.29,70.10,48
574464,71808,4016.28,87.85,0.38,48
574464,71808,3305.56,85.50,34.27,48
574464,71808,3778.89,87.16,12.02,48
574464,71808,220.36,25.54,22.90,48
574464,71808,2818.45,86.89,81.31,48
574848,71856,3998.20,88.81,6.80,48
574848,71856,-647.69,22.50,53.49,48
574848,71856,514.87,20.69,3.10,48
574848,71856,-3041.52,23.88,143.31,48
574848,71856,618.51,20.47,0.56,48
574848,71856,2116.75,83.79,117.09,48
574848,71856,3699.61,86.30,16.42,48
574848,71856,3905.96,87.77,8.53,48
575232,71904,3525.99,84.08,15.80,48
575232,71904,3942.54,87.41,0.19,48
575232,71904,-2420.66,20.23,115.68,48
575232,71904,3698.25,84.07,0.69,48
575232,71904,3303.29,83.02,32.76,48
575232,71904,2883.10,87.38,77.02,48
575232,71904,2951.04,84.83,65.06,48
575232,71904,-3201.68,88.74,522.62,48
575616,71952,3908.45,85.70,0.05,48
575616,71952,-2982.88,18.39,133.13,48
575616,71952,659.31,88.85,243.47,48
575616,71952,3585.23,83.82,9.54,48
575616,71952,-15545.18,23.76,618.18,48
575616,71952,3007.23,83.40,51.74,48
575616,71952,3762.82,84.53,1.32,48
575616,71952,3768.85,85.13,1.88,48
576000,72000,1671.37,89.48,175.67,48
576000,72000,3758.82,89.03,20.02,48
576000,72000,3869.21,86.23,4.04,48
576000,72000,2947.25,84.86,56.69,48
576000,72000,3028.70,86.77,60.38,48
576000,72000,-2782.78,19.11,128.49,48
576000,72000,724.06,23.35,1.38,48
576000,72000,3712.98,85.25,9.81,48
576384,72048,3993.68,87.86,3.19,48
576384,72048,3536.56,88.58,34.34,48
576384,72048,1565.65,85.85,166.37,48
576384,72048,3839.30,87.14,6.99,48
576384,72048,-2085.20,87.85,432.42,48
576384,72048,3892.22,86.72,3.31,48
576384,72048,3614.85,83.08,2.24,48
576384,72048,2686.32,85.63,85.13,48
576768,72096,3859.75,86.30,0.32,48
576768,72096,583.41,22.53,5.66,48
576768,72096,-1152.89,22.02,73.55,48
576768,72096,197.93,20.22,15.93,48
576768,72096,3641.40,85.33,15.51,48
576768,72096,-2684.02,85.67,466.01,48
576768,72096,3724.77,86.37,8.20,48
576768,72096,84.78,20.32,19.74,48
577152,72144,2572.16,88.51,105.89,48
577152,72144,3659.34,83.44,1.37,48
577152,72144,3924.66,85.56,0.00,48
577152,72144,2263.94,85.57,112.86,48
577152,72144,3750.88,84.42,2.72,48
577152,72144,1352.96,88.28,188.91,48
577152,72144,3748.09,83.57,0.38,48
577152,72144,248.58,20.58,14.53,48
577536,72192,3961.52,88.19,6.14,48
577536,72192,1876.25,84.88,139.63,48
577536,72192,2883.19,83.64,62.69,48
577536,72192,-1510.94,20.76,84.93,48
577536,72192,3569.23,88.64,33.79,48
577536,72192,545.00,24.50,10.36,48
577536,72192,3756.54,87.09,15.71,48
577536,72192,3568.66,85.22,18.20,48
577920,72240,59.13,19.80,16.19,48
577920,72240,232.60,20.42,15.74,48
577920,72240,647.34,20.16,0.01,48
577920,72240,3774.41,84.88,3.28,48
577920,72240,3903.84,86.99,1.70,48
577920,72240,2640.50,86.55,91.26,48
577920,72240,-2262.14,20.28,108.51,48
577920,72240,-242.88,24.52,38.57,48
578304,72288,73.03,20.41,23.05,48
578304,72288,565.34,19.30,0.39,48
578304,72288,626.46,22.67,4.97,48
578304,72288,-3152.17,18.86,143.13,48
578304,72288,3679.89,85.69,8.39,48
578304,72288,3969.06,86.80,0.00,48
578304,72288,3624.94,81.53,1.06,48
578304,72288,3426.61,84.89,27.13,48
578688,72336,-4544.80,25.33,203.97,48
578688,72336,1970.22,85.88,136.91,48
578688,72336,330.68,18.38,8.49,48
578688,72336,-734.66,26.44,60.12,48
578688,72336,3738.20,83.47,0.00,48
578688,72336,3274.58,83.68,33.16,48
578688,72336,4080.95,89.94,0.72,48
578688,72336,638.85,22.19,3.84,48
579072,72384,3897.18,86.44,0.00,48
579072,72384,-1721.92,22.38,92.05,48
579072,72384,3483.24,89.73,47.15,48
579072,72384,3798.10,88.18,15.83,48
579072,72384,3127.76,86.75,56.76,48
579072,72384,3613.30,88.49,30.02,48
579072,72384,3790.71,85.78,4.11,48
579072,72384,2808.35,88.34,84.93,48
579456,72432,3807.50,85.05,0.35,48
579456,72432,2441.20,84.98,97.16,48
579456,72432,3766.26,85.68,5.94,48
579456,72432,3754.19,83.68,0.61,48
579456,72432,3452.27,85.70,29.95,48
579456,72432,3570.94,85.19,17.73,48
579456,72432,596.93,19.73,2.39,48
579456,72432,3626.55,86.58,19.53,48
579840,72480,3030.15,82.84,49.48,48
579840,72480,3892.24,86.94,1.18,48
579840,72480,3532.00,85.52,16.87,48
579840,72480,3703.10,82.63,3.37,48
579840,72480,1080.20,85.88,191.90,48
579840,72480,3361.21,87.60,44.72,48
579840,72480,200.31,19.35,15.25,48
579840,72480,2991.52,83.41,53.09,48
580224,72528,650.58,24.00,4.17,48
580224,72528,487.50,22.15,7.59,48
580224,72528,509.94,20.42,1.43,48
580224,72528,-866.58,20.40,55.66,48
580224,72528,3708.76,84.08,3.58,48
580224,72528,3687.99,89.64,24.07,48
580224,72528,851.35,24.55,1.28,48
580224,72528,2687.50,83.00,70.83,48
580608,72576,3929.28,86.30,1.28,48
580608,72576,-3174.47,85.62,500.56,48
580608,72576,-3489.14,21.78,157.07,48
580608,72576,-219.57,23.31,35.58,48
580608,72576,514.95,18.29,0.27,48
580608,72576,624.22,19.93,1.64,48
580608,72576,3259.70,85.97,40.61,48
580608,72576,3809.64,85.92,3.80,48
580992,72624,3907.90,86.69,0.51,48
580992,72624,-1644.29,21.31,90.23,48
580992,72624,3483.44,85.04,22.30,48
580992,72624,3896.78,86.77,3.76,48
580992,72624,3.66,21.97,21.99,48
580992,72624,3636.59,86.72,16.34,48
580992,72624,3879.94,86.70,3.95,48
580992,72624,3755.20,85.07,0.61,48
581376,72672,3115.05,82.72,38.03,48
581376,72672,579.18,20.83,2.39,48
581376,72672,778.07,21.93,0.00,48
581376,72672,3744.67,85.09,3.09,48
581376,72672,3741.52,83.79,0.47,48
581376,72672,3599.43,83.12,8.47,48
581376,72672,3820.72,86.04,0.43,48
581376,72672,3436.87,86.76,33.96,48
581760,72720,3925.37,86.98,1.00,48
581760,72720,3941.99,87.03,0.81,48
581760,72720,3952.42,88.75,3.96,48
581760,72720,1242.67,85.24,182.21,48
581760,72720,611.77,18.47,0.25,48
581760,72720,627.77,20.65,0.56,48
581760,72720,2024.88,81.52,115.70,48
581760,72720,2901.68,88.00,76.40,48
582144,72768,2254.75,84.77,109.77,48
582144,72768,3798.49,86.30,7.49,48
582144,72768,3864.57,86.56,2.99,48
582144,72768,3835.72,85.06,0.72,48
582144,72768,374.04,20.50,12.03,48
582144,72768,608.97,22.43,4.51,48
582144,72768,567.89,21.25,6.55,48
582144,72768,3912.31,87.08,0.00,48
582528,72816,2624.08,86.68,94.87,48
582528,72816,3632.17,87.51,25.42,48
582528,72816,3559.91,84.65,19.69,48
582528,72816,3575.56,84.93,18.08,48
582528,72816,3854.89,86.93,5.62,48
582528,72816,3641.73,87.94,23.01,48
582528,72816,3390.52,87.33,40.74,48
582528,72816,1984.59,84.81,127.48,48
582912,72864,384.05,18.06,8.80,48
582912,72864,-1125.68,21.20,66.46,48
582912,72864,1752.94,86.22,153.91,48
582912,72864,2468.54,86.96,102.78,48
582912,72864,-1001.05,21.21,63.09,48
582912,72864,3683.36,84.00,1.31,48
582912,72864,2110.41,86.39,126.64,48
582912,72864,680.82,22.49,0.26,48
583296,72912,-3335.96,20.46,150.80,48
583296,72912,3355.89,86.40,38.03,48
583296,72912,3710.89,85.65,12.13,48
583296,72912,3868.62,86.19,0.71,48
583296,72912,637.44,19.74,1.43,48
583296,72912,3152.87,85.91,51.80,48
583296,72912,-248.60,22.84,36.29,48
583296,72912,-235.30,18.75,33.35,48
583680,72960,2739.70,86.00,78.78,48
583680,72960,3713.09,87.70,18.85,48
583680,72960,3882.74,86.37,0.25,48
583680,72960,3686.59,85.47,10.75,48
583680,72960,2504.40,85.26,90.98,48
583680,72960,383.62,17.90,7.90,48
583680,72960,570.11,22.17,5.54,48
583680,72960,762.58,24.54,4.00,48
584064,73008,3892.71,86.32,0.00,48
584064,73008,-40.50,85.27,282.14,48
584064,73008,163.42,20.38,16.56,48
584064,73008,3791.78,85.22,2.84,48
584064,73008,-289.10,24.62,39.28,48
584064,73008,524.20,17.86,0.81,48
584064,73008,4120.23,90.30,2.31,48
584064,73008,718.71,21.82,0.00,48
584448,73056,2013.89,87.03,136.60,48
584448,73056,112.85,20.77,21.44,48
584448,73056,-150.31,21.58,28.47,48
584448,73056,3651.63,84.90,10.38,48
584448,73056,3282.54,85.75,37.86,48
584448,73056,1771.14,86.26,152.25,48
584448,73056,3345.90,86.19,41.10,48
584448,73056,-250.93,15.99,27.12,48
584832,73104,523.61,22.43,3.78,48
584832,73104,682.19,24.40,6.39,48
584832,73104,3562.78,85.61,20.62,48
584832,73104,3394.39,88.90,46.13,48
584832,73104,3872.74,86.07,3.22,48
584832,73104,564.46,18.96,3.72,48
584832,73104,2881.77,87.45,75.55,48
584832,73104,-3266.08,21.54,151.66,48
585216,73152,-712.29,26.06,60.09,48
585216,73152,3950.38,87.13,2.43,48
585216,73152,3707.50,85.08,4.97,48
585216,73152,3840.52,85.36,0.00,48
585216,73152,2453.36,83.54,93.87,48
585216,73152,2891.86,84.45,61.22,48
585216,73152,3840.56,85.39,1.15,48
585216,73152,3699.97,83.71,0.00,48
585600,73200,3812.18,87.58,11.48,48
585600,73200,2166.24,87.99,127.45,48
585600,73200,-1560.59,21.98,85.23,48
585600,73200,2971.72,84.75,57.21,48
585600,73200,-3809.05,86.89,557.67,48
585600,73200,1914.30,83.89,132.99,48
585600,73200,-73.55,87.60,292.27,48
585600,73200,553.47,18.96,0.01,48
585984,73248,420.26,18.93,6.64,48
585984,73248,2520.82,84.67,91.17,48
585984,73248,3522.91,82.77,12.71,48
585984,73248,431.62,18.14,6.53,48
585984,73248,2312.18,84.11,107.66,48
585984,73248,3418.55,86.91,34.02,48
585984,73248,3634.29,88.73,27.44,48
585984,73248,3172.76,83.02,33.27,48
586368,73296,3139.23,89.86,70.72,48
586368,73296,539.06,19.45,2.41,48
586368,73296,3717.17,84.13,3.92,48
586368,73296,347.15,18.20,8.47,48
586368,73296,3903.27,86.48,1.21,48
586368,73296,474.64,21.66,8.42,48
586368,73296,3952.43,87.61,0.72,48
586368,73296,-3535.61,22.94,160.57,48
586752,73344,2846.01,87.47,76.13,48
586752,73344,-1909.61,85.05,412.58,48
586752,73344,720.54,22.17,0.00,48
586752,73344,-3598.13,23.61,165.95,48
586752,73344,3734.52,84.83,0.23,48
586752,73344,701.28,20.95,0.62,48
586752,73344,3398.00,87.30,36.56,48
586752,73344,-2267.15,22.02,113.12,48
587136,73392,3756.74,86.48,11.86,48
587136,73392,571.85,18.53,0.58,48
587136,73392,3191.03,84.57,42.88,48
587136,73392,1967.29,85.37,131.86,48
587136,73392,3851.44,85.15,0.34,48
587136,73392,644.68,23.13,3.64,48
587136,73392,3941.27,86.86,0.43,48
587136,73392,1615.47,85.59,157.40,48
587520,73440,1138.68,83.63,190.33,48
587520,73440,3710.05,84.41,2.15,48
587520,73440,3308.49,87.50,45.78,48
587520,73440,3585.21,86.36,20.64,48
587520,73440,3881.37,87.08,0.58,48
587520,73440,478.67,19.15,3.15,48
587520,73440,3599.78,82.41,4.19,48
587520,73440,630.78,22.42,2.34,48
587904,73488,3410.51,86.82,36.38,48
587904,73488,3815.40,86.34,0.69,48
587904,73488,-3498.43,85.77,528.45,48
587904,73488,-3419.76,22.51,155.70,48
587904,73488,86.82,20.53,20.57,48
587904,73488,508.78,22.10,6.24,48
587904,73488,3262.83,82.36,28.83,48
587904,73488,2358.22,87.18,111.89,48
588288,73536,-4728.89,23.33,207.84,48
588288,73536,3091.57,86.24,56.15,48
588288,73536,3464.53,86.77,31.07,48
588288,73536,2863.48,84.87,68.35,48
588288,73536,3634.65,86.26,18.53,48
588288,73536,3712.37,83.76,0.00,48
588288,73536,3733.53,87.43,17.69,48
588288,73536,4005.94,87.96,0.10,48
588672,73584,3845.46,85.81,0.00,48
588672,73584,419.90,22.15,10.17,48
588672,73584,3554.74,85.58,22.44,48
588672,73584,3478.89,88.24,39.00,48
588672,73584,3835.47,86.49,0.11,48
588672,73584,3514.02,86.09,25.06,48
588672,73584,3835.44,86.89,3.10,48
588672,73584,236.83,24.43,19.60,48
589056,73632,451.82,19.72,6.17,48
589056,73632,446.42,19.10,4.86,48
589056,73632,2157.00,87.60,131.96,48
589056,73632,1788.29,84.60,143.23,48
589056,73632,792.63,22.54,0.00,48
589056,73632,3520.67,85.98,29.04,48
589056,73632,2836.20,85.24,72.36,48
589056,73632,3700.53,87.08,18.69,48
589440,73680,-2875.41,21.82,134.24,48
589440,73680,3777.59,84.97,0.02,48
589440,73680,3510.29,84.34,20.51,48
589440,73680,3273.33,87.13,47.71,48
589440,73680,1872.78,87.56,151.05,48
589440,73680,3653.77,86.54,16.43,48
589440,73680,3897.99,86.28,0.27,48
589440,73680,3855.37,86.40,2.48,48
589824,73728,3653.37,84.47,12.47,48
589824,73728,789.93,23.59,1.22,48
589824,73728,3570.61,85.17,18.78,48
589824,73728,2906.39,84.06,57.98,48
589824,73728,-731.52,20.96,52.35,48
589824,73728,1415.60,82.90,159.36,48
589824,73728,-2535.36,19.73,119.80,48
589824,73728,3072.70,85.21,48.96,48
590208,73776,3493.28,84.39,19.41,48
590208,73776,1829.70,86.95,150.92,48
590208,73776,1760.14,88.68,163.04,48
590208,73776,120.55,20.83,21.14,48
590208,73776,274.89,22.28,16.51,48
590208,73776,3904.77,87.23,2.50,48
590208,73776,3737.76,85.68,8.01,48
590208,73776,-531.17,17.32,37.98,48
590592,73824,3200.50,88.15,56.49,48
590592,73824,1582.90,86.87,166.69,48
590592,73824,604.08,21.20,2.48,48
590592,73824,3870.60,86.48,3.78,48
590592,73824,2798.39,85.62,69.78,48
590592,73824,3863.84,86.67,0.25,48
590592,73824,3336.25,84.64,28.86,48
590592,73824,489.40,19.60,3.76,48
590976,73872,3617.37,87.65,24.51,48
590976,73872,3836.74,87.07,2.41,48
590976,73872,-1352.28,22.91,82.29,48
590976,73872,466.60,17.82,4.75,48
590976,73872,-787.62,87.38,343.50,48
590976,73872,3717.86,86.51,10.91,48
590976,73872,3171.04,87.34,52.94,48
590976,73872,2208.92,85.72,118.50,48
591360,73920,3409.05,89.11,47.81,48
591360,73920,-790.39,22.47,59.87,48
591360,73920,3975.33,87.51,0.00,48
591360,73920,-1225.85,86.16,366.61,48
591360,73920,3775.65,84.11,0.39,48
591360,73920,-468.92,24.15,51.43,48
591360,73920,466.38,19.43,3.76,48
591360,73920,3352.65,85.75,36.63,48
591744,73968,-617.40,86.27,325.53,48
591744,73968,144.06,24.05,23.37,48
591744,73968,2382.07,89.83,121.96,48
591744,73968,257.44,21.28,16.82,48
591744,73968,2589.96,84.81,87.97,48
591744,73968,3867.65,88.29,9.63,48
591744,73968,3785.12,84.21,0.39,48
591744,73968,3122.73,84.13,48.31,48
592128,74016,3280.78,84.36,33.97,48
592128,74016,3913.11,87.53,7.32,48
592128,74016,477.92,17.15,0.54,48
592128,74016,3670.76,85.24,15.50,48
592128,74016,-74.59,22.22,30.28,48
592128,74016,3428.06,84.07,24.93,48
592128,74016,3664.57,85.59,13.11,48
592128,74016,2068.94,87.98,135.79,48
592512,74064,1361.42,87.38,186.36,48
592512,74064,-2453.61,22.20,120.01,48
592512,74064,3290.76,87.94,50.02,48
592512,74064,3828.02,84.69,0.00,48
592512,74064,2558.58,88.51,104.35,48
592512,74064,-396.15,21.28,39.71,48
592512,74064,417.23,86.44,252.37,48
592512,74064,-228.56,19.12,29.11,48
592896,74112,3635.30,85.34,12.52,48
592896,74112,3751.24,84.99,3.92,48
592896,74112,2399.80,88.41,114.77,48
592896,74112,3248.07,83.87,36.46,48
592896,74112,-3234.43,23.87,155.82,48
592896,74112,3277.45,85.03,38.82,48
592896,74112,196.32,18.48,11.77,48
592896,74112,1505.84,86.58,171.03,48
593280,74160,4005.77,90.27,8.94,48
593280,74160,3087.65,87.50,63.17,48
593280,74160,3282.21,85.75,41.07,48
593280,74160,3651.76,82.37,0.95,48
593280,74160,3407.27,86.59,32.16,48
593280,74160,3447.86,83.14,16.81,48
593280,74160,2242.10,88.61,128.60,48
593280,74160,2430.21,83.11,90.21,48
593664,74208,3925.73,87.37,0.60,48
593664,74208,3477.61,86.35,30.19,48
593664,74208,720.42,22.65,0.00,48
593664,74208,3941.51,87.83,1.54,48
593664,74208,4002.09,88.86,0.71,48
593664,74208,1782.08,82.96,133.10,48
593664,74208,2634.83,86.17,89.47,48
593664,74208,-114.86,23.98,33.00,48
594048,74256,875.38,24.41,0.31,48
594048,74256,3890.04,86.06,0.25,48
594048,74256,3244.28,88.06,54.52,48
594048,74256,-694.48,20.58,50.61,48
594048,74256,767.20,22.54,0.00,48
594048,74256,3900.70,86.15,0.00,48
594048,74256,-257.00,22.76,39.31,48
594048,74256,812.18,90.20,235.71,48
594432,74304,492.48,18.34,1.74,48
594432,74304,-11840.95,20.56,474.42,48
594432,74304,4061.29,87.82,0.00,48
594432,74304,-304.75,23.45,40.47,48
594432,74304,3822.37,86.87,3.56,48
594432,74304,1405.44,87.14,182.01,48
594432,74304,3639.73,86.34,16.30,48
594432,74304,481.27,23.10,10.16,48
594816,74352,2201.84,87.63,126.27,48
594816,74352,532.98,20.55,4.45,48
594816,74352,3737.04,85.06,6.24,48
594816,74352,3844.32,85.45,0.00,48
594816,74352,584.55,18.73,1.68,48
594816,74352,3273.47,87.11,50.43,48
594816,74352,-1929.75,21.09,96.13,48
594816,74352,3174.65,85.05,40.70,48
595200,74400,3266.86,83.78,32.24,48
595200,74400,3317.81,85.45,38.33,48
595200,74400,3503.49,86.00,23.57,48
595200,74400,-2179.45,21.34,105.81,48
595200,74400,399.23,24.66,11.96,48
595200,74400,603.55,18.97,0.32,48
595200,74400,97.69,19.85,19.18,48
595200,74400,3912.78,86.05,0.84,48
595584,74448,3606.10,88.29,30.03,48
595584,74448,3829.38,84.18,0.00,48
595584,74448,3805.65,88.05,11.40,48
595584,74448,3543.02,84.99,17.08,48
595584,74448,3788.76,85.31,0.88,48
595584,74448,560.76,21.36,2.90,48
595584,74448,-539.99,23.41,50.67,48
595584,74448,423.13,18.86,5.23,48
595968,74496,3640.80,83.96,5.59,48
595968,74496,-2117.58,24.83,108.44,48
595968,74496,2728.40,88.34,90.62,48
595968,74496,1511.25,82.80,150.90,48
595968,74496,-3160.02,18.79,142.29,48
595968,74496,3780.77,86.40,5.22,48
595968,74496,3973.44,88.71,0.32,48
595968,74496,3513.11,83.60,11.40,48
596352,74544,3757.63,84.82,1.46,48
596352,74544,-1765.08,21.61,91.73,48
596352,74544,2878.89,84.95,67.46,48
596352,74544,-6195.40,25.42,265.88,48
596352,74544,128.39,24.61,25.37,48
596352,74544,-3756.92,20.80,164.33,48
596352,74544,2560.13,86.62,96.35,48
596352,74544,3902.45,87.24,3.50,48
596736,74592,657.62,22.64,2.95,48
596736,74592,-148.39,20.77,29.12,48
596736,74592,-363.12,22.16,43.88,48
596736,74592,2887.91,85.67,67.44,48
596736,74592,3658.12,84.44,8.96,48
596736,74592,3793.10,83.77,2.05,48
596736,74592,169.72,20.34,15.37,48
596736,74592,3153.85,87.71,60.41,48
597120,74640,579.76,20.86,3.23,48
597120,74640,1597.53,87.96,172.86,48
597120,74640,3896.11,86.25,0.10,48
597120,74640,-90.99,21.44,30.01,48
597120,74640,3499.33,88.58,40.70,48
597120,74640,3640.46,86.11,18.50,48
597120,74640,-3758.58,84.98,543.22,48
597120,74640,2529.51,86.94,100.22,48
597504,74688,-837.32,21.04,59.39,48
597504,74688,-9042.56,21.34,366.51,48
597504,74688,2169.14,84.18,113.24,48
597504,74688,3493.69,85.80,27.08,48
597504,74688,3359.35,84.40,31.93,48
597504,74688,-1696.78,23.77,91.63,48
597504,74688,3651.66,82.73,0.00,48
597504,74688,3168.71,88.13,58.55,48
597888,74736,1642.40,85.97,158.10,48
597888,74736,167.93,20.59,19.49,48
597888,74736,3829.73,85.52,0.02,48
597888,74736,-4739.65,88.38,627.31,48
597888,74736,3765.56,85.23,1.34,48
597888,74736,3833.51,87.22,9.50,48
597888,74736,3453.85,86.76,30.29,48
597888,74736,-3617.07,86.53,541.73,48
598272,74784,604.63,19.35,0.00,48
598272,74784,2212.81,88.13,125.43,48
598272,74784,2612.93,85.09,83.58,48
598272,74784,4044.20,88.56,0.00,48
598272,74784,3769.96,87.42,12.95,48
598272,74784,-1488.81,23.28,84.64,48
598272,74784,-4854.03,23.13,212.59,48
598272,74784,3952.52,86.58,0.00,48
598656,74832,3780.61,84.81,0.23,48
598656,74832,3879.05,86.41,1.29,48
598656,74832,611.69,20.68,0.00,48
598656,74832,-483.52,87.77,320.69,48
598656,74832,2800.65,85.20,75.45,48
598656,74832,608.16,20.68,0.27,48
598656,74832,3641.17,85.89,15.16,48
598656,74832,3283.40,85.03,36.58,48
599040,74880,3855.35,86.43,0.05,48
599040,74880,-762.63,22.40,57.21,48
599040,74880,268.37,19.49,10.16,48
599040,74880,-246.66,21.26,34.55,48
599040,74880,-114.88,20.84,28.46,48
599040,74880,4076.61,89.33,0.10,48
599040,74880,2149.80,85.83,125.27,48
599040,74880,-3565.98,22.28,161.47,48
599424,74928,3866.12,87.07,6.42,48
599424,74928,535.14,21.23,4.94,48
599424,74928,3692.09,84.29,2.36,48
599424,74928,571.55,19.20,0.00,48
599424,74928,2132.08,90.55,144.36,48
599424,74928,3287.30,84.50,36.28,48
599424,74928,1471.86,83.37,161.95,48
599424,74928,-1336.44,22.08,75.99,48
599808,74976,362.80,24.68,14.57,48
599808,74976,1339.35,87.88,190.21,48
599808,74976,3584.32,86.26,19.60,48
599808,74976,-152.73,21.41,28.30,48
599808,74976,-4771.76,21.96,208.89,48
599808,74976,3917.39,88.65,5.06,48
599808,74976,3824.53,86.55,4.30,48
599808,74976,2292.45,85.70,110.75,48
600192,75024,-1004.73,23.74,66.86,48
600192,75024,3602.27,81.78,0.00,48
600192,75024,4094.04,89.16,0.76,48
600192,75024,3194.76,82.92,36.88,48
600192,75024,3953.33,86.49,1.27,48
600192,75024,3821.92,85.35,3.50,48
600192,75024,-1496.45,20.04,76.71,48
600192,75024,1976.25,87.17,137.03,48
600576,75072,3501.75,89.04,36.98,48
600576,75072,2072.44,84.67,122.42,48
600576,75072,2401.36,82.43,90.30,48
600576,75072,586.16,20.49,1.24,48
600576,75072,3751.72,84.86,3.02,48
600576,75072,146.02,18.65,15.10,48
600576,75072,3967.88,89.76,7.84,48
600576,75072,3353.78,88.38,45.25,48
600960,75120,3496.27,85.23,20.21,48
600960,75120,4037.44,89.18,1.97,48
600960,75120,3885.30,87.28,3.27,48
600960,75120,2672.25,87.83,92.15,48
600960,75120,3604.26,85.92,19.54,48
600960,75120,3800.43,84.01,0.00,48
600960,75120,3748.48,86.24,10.51,48
600960,75120,-286.70,21.73,37.52,48
601344,75168,3355.05,85.68,37.28,48
601344,75168,3078.79,83.11,44.69,48
601344,75168,3825.92,85.87,1.35,48
601344,75168,3774.94,84.85,0.43,48
601344,75168,2072.63,85.52,120.16,48
601344,75168,3552.36,82.31,2.21,48
601344,75168,661.70,22.23,0.10,48
601344,75168,3554.33,86.78,24.06,48
601728,75216,2635.97,87.67,94.00,48
601728,75216,3772.98,83.98,0.00,48
601728,75216,291.31,20.15,10.81,48
601728,75216,3906.09,87.72,4.61,48
601728,75216,174.67,21.59,21.17,48
601728,75216,723.04,22.37,0.00,48
601728,75216,-1346.61,17.64,70.98,48
601728,75216,3935.55,87.82,5.89,48
602112,75264,3728.73,83.85,1.61,48
602112,75264,2442.26,82.92,90.40,48
602112,75264,3820.23,86.71,4.30,48
602112,75264,3798.55,85.38,0.76,48
602112,75264,3934.73,86.88,1.53,48
602112,75264,588.27,18.64,0.00,48
602112,75264,1815.41,83.96,139.43,48
602112,75264,691.83,21.07,1.34,48
602496,75312,2045.79,86.84,132.35,48
602496,75312,3896.43,86.79,0.10,48
602496,75312,2054.81,87.78,134.70,48
602496,75312,3914.64,87.66,1.93,48
602496,75312,3879.03,86.64,2.53,48
602496,75312,229.02,20.08,13.57,48
602496,75312,1904.98,87.33,149.45,48
602496,75312,-3080.37,85.79,497.04,48
602880,75360,2132.65,86.22,124.25,48
602880,75360,3934.62,87.42,0.00,48
602880,75360,3481.36,87.96,34.87,48
602880,75360,2951.25,86.16,66.81,48
602880,75360,152.14,21.72,20.39,48
602880,75360,3854.10,84.34,0.71,48
602880,75360,3651.67,85.62,15.38,48
602880,75360,-3079.59,22.27,144.87,48
603264,75408,390.02,19.08,9.62,48
603264,75408,388.57,21.70,7.97,48
603264,75408,-793.86,23.67,59.63,48
603264,75408,647.71,22.40,3.95,48
603264,75408,3760.44,85.45,1.21,48
603264,75408,756.41,86.68,226.48,48
603264,75408,3725.71,85.71,5.80,48
603264,75408,3778.62,86.58,8.55,48
603648,75456,2745.59,85.99,76.63,48
603648,75456,3029.31,85.71,62.24,48
603648,75456,3811.18,84.74,0.58,48
603648,75456,3717.32,85.52,6.10,48
603648,75456,495.13,22.11,8.39,48
603648,75456,3489.98,89.02,39.74,48
603648,75456,507.95,22.49,8.81,48
603648,75456,2469.00,87.71,106.35,48
604032,75504,1330.84,87.21,185.88,48
604032,75504,387.11,21.25,12.49,48
604032,75504,4006.62,88.03,0.38,48
604032,75504,3801.87,84.94,1.24,48
604032,75504,3775.70,83.70,0.47,48
604032,75504,3524.42,82.84,8.43,48
604032,75504,3720.26,86.09,13.01,48
604032,75504,631.89,20.56,0.00,48
604416,75552,724.06,24.68,0.08,48
604416,75552,355.00,22.07,10.44,48
604416,75552,2789.43,88.51,87.59,48
604416,75552,3683.85,84.39,2.39,48
604416,75552,3285.85,86.48,42.99,48
604416,75552,2740.52,87.38,82.88,48
604416,75552,1436.04,85.57,175.36,48
604416,75552,1498.62,88.14,181.48,48
604800,75600,779.43,24.40,0.00,48
604800,75600,3965.52,88.77,4.79,48
604800,75600,3774.13,86.62,11.40,48
604800,75600,3459.55,83.90,20.12,48
604800,75600,3806.12,84.93,0.00,48
604800,75600,2889.64,88.00,74.04,48
604800,75600,3917.89,86.86,2.48,48
604800,75600,747.90,23.30,2.03,48
605184,75648,3831.85,86.07,4.18,48
605184,75648,597.64,19.27,3.45,48
605184,75648,457.84,21.32,10.15,48
605184,75648,-2809.58,21.40,132.77,48
605184,75648,3210.89,85.84,45.66,48
605184,75648,3842.24,87.02,2.26,48
605184,75648,3295.36,85.17,37.22,48
605184,75648,3791.16,84.60,0.00,48
605568,75696,609.04,18.16,0.66,48
605568,75696,3298.70,88.45,53.88,48
605568,75696,3155.31,86.84,55.24,48
605568,75696,3681.24,85.73,6.80,48
605568,75696,3450.91,88.42,43.37,48
605568,75696,3890.86,87.37,0.10,48
605568,75696,507.03,18.73,1.98,48
605568,75696,3474.51,86.79,34.30,48
605952,75744,2096.61,86.91,133.62,48
605952,75744,696.81,22.37,0.32,48
605952,75744,-579.76,22.81,50.69,48
605952,75744,3769.65,86.43,9.42,48
605952,75744,3599.85,87.21,24.60,48
605952,75744,3719.66,85.76,10.00,48
605952,75744,-3632.77,24.86,166.76,48
605952,75744,3943.43,87.51,2.36,48
606336,75792,2432.20,85.85,100.81,48
606336,75792,-1630.45,21.29,89.41,48
606336,75792,336.29,18.65,7.42,48
606336,75792,-361.71,21.71,42.80,48
606336,75792,-1287.74,21.24,74.36,48
606336,75792,-3071.51,20.13,142.24,48
606336,75792,3853.53,88.55,11.83,48
606336,75792,1829.26,84.74,140.59,48
606720,75840,741.65,89.06,231.93,48
606720,75840,3697.06,83.82,0.62,48
606720,75840,618.24,19.54,0.69,48
606720,75840,1412.43,87.63,184.40,48
606720,75840,2790.41,84.80,72.59,48
606720,75840,3724.99,86.81,13.00,48
606720,75840,3842.28,88.82,14.42,48
606720,75840,3765.29,83.86,0.96,48
607104,75888,3566.23,84.31,16.57,48
607104,75888,3894.01,86.37,1.95,48
607104,75888,3813.48,87.22,8.06,48
607104,75888,3736.90,84.16,0.00,48
607104,75888,3919.90,87.30,0.88,48
607104,75888,2035.74,87.33,136.69,48
607104,75888,-5058.59,24.46,223.97,48
607104,75888,543.39,20.40,3.11,48
607488,75936,-178.09,20.20,29.46,48
607488,75936,888.45,86.09,219.66,48
607488,75936,3868.31,86.56,0.39,48
607488,75936,3893.61,88.48,8.90,48
607488,75936,1924.78,87.44,143.32,48
607488,75936,3142.31,84.99,48.03,48
607488,75936,-2798.04,21.77,130.68,48
607488,75936,571.03,19.35,0.48,48
607872,75984,382.22,19.95,6.87,48
607872,75984,3397.35,83.93,27.13,48
607872,75984,-4098.43,21.33,180.28,48
607872,75984,-1577.06,19.05,83.41,48
607872,75984,3392.98,84.32,27.86,48
607872,75984,3687.89,83.46,2.90,48
607872,75984,488.33,19.81,4.22,48
607872,75984,98.18,22.83,26.16,48
608256,76032,-209.65,18.34,27.38,48
608256,76032,3206.25,85.30,43.06,48
608256,76032,2959.53,86.78,69.96,48
608256,76032,3625.36,83.63,2.53,48
608256,76032,3418.74,89.21,45.16,48
608256,76032,-621.43,24.85,52.45,48
608256,76032,-1180.57,21.19,69.32,48
608256,76032,3444.04,84.18,19.78,48
608640,76080,3858.94,85.11,1.21,48
608640,76080,-162.05,21.20,32.68,48
608640,76080,341.59,22.34,15.62,48
608640,76080,694.68,21.86,0.57,48
608640,76080,-2056.04,22.36,104.42,48
608640,76080,1377.74,82.72,162.45,48
608640,76080,3897.93,87.72,3.20,48
608640,76080,3688.20,83.37,0.86,48
609024,76128,3855.85,88.29,8.48,48
609024,76128,254.57,18.67,10.86,48
609024,76128,113.48,19.69,19.75,48
609024,76128,3759.99,84.33,1.09,48
609024,76128,3913.63,86.96,3.54,48
609024,76128,-3682.64,85.27,541.11,48
609024,76128,-154.34,18.25,25.60,48
609024,76128,3638.47,85.53,14.30,48
609408,76176,3784.39,88.14,14.64,48
609408,76176,3964.61,87.96,0.72,48
609408,76176,3909.42,86.47,0.45,48
609408,76176,3678.91,85.49,13.39,48
609408,76176,3109.57,82.58,41.81,48
609408,76176,4027.84,88.06,0.76,48
609408,76176,1788.38,85.87,147.98,48
609408,76176,2896.39,86.70,72.37,48
609792,76224,3793.14,85.43,0.74,48
609792,76224,647.31,21.48,3.94,48
609792,76224,-1771.88,22.83,91.76,48
609792,76224,2555.74,87.04,98.41,48
609792,76224,3704.13,88.28,20.10,48
609792,76224,-1604.41,22.20,86.41,48
609792,76224,3767.87,84.57,0.00,48
609792,76224,3714.88,87.03,16.79,48
610176,76272,3871.52,86.02,0.58,48
610176,76272,3342.16,87.82,42.17,48
610176,76272,694.01,21.97,0.74,48
610176,76272,-987.02,87.51,358.10,48
610176,76272,3955.09,86.79,1.00,48
610176,76272,3766.55,85.22,1.87,48
610176,76272,3654.74,83.67,3.10,48
610176,76272,-2742.31,22.05,126.68,48
610560,76320,202.74,23.49,20.86,48
610560,76320,2813.45,87.72,81.97,48
610560,76320,1492.01,85.10,165.86,48
610560,76320,3148.02,82.66,34.12,48
610560,76320,3785.93,88.16,13.94,48
610560,76320,2163.26,84.43,115.26,48
610560,76320,3832.21,85.61,0.18,48
610560,76320,3831.23,85.12,1.48,48
610944,76368,4042.96,88.91,2.15,48
610944,76368,794.32,21.53,0.00,48
610944,76368,879.16,86.09,211.30,48
610944,76368,2161.23,86.35,125.33,48
610944,76368,1764.08,89.98,167.27,48
610944,76368,3853.14,85.53,0.58,48
610944,76368,2037.58,87.23,137.58,48
610944,76368,-12929.36,22.23,515.20,48
611328,76416,-1561.58,20.95,79.33,48
611328,76416,313.60,21.18,12.97,48
611328,76416,4061.41,89.26,1.18,48
611328,76416,-2575.38,23.34,127.14,48
611328,76416,2840.70,86.53,77.03,48
611328,76416,1141.43,86.32,197.99,48
611328,76416,-3589.69,86.50,536.26,48
611328,76416,-2243.75,23.47,116.64,48
611712,76464,3681.37,89.12,24.62,48
611712,76464,-784.73,19.44,51.20,48
611712,76464,-728.58,23.39,56.38,48
611712,76464,3175.03,86.41,54.36,48
611712,76464,-2755.59,22.13,131.68,48
611712,76464,3784.96,84.18,1.01,48
611712,76464,-2874.81,21.49,135.36,48
611712,76464,3657.37,83.44,0.32,48
612096,76512,3789.98,86.54,6.19,48
612096,76512,1945.72,84.69,133.57,48
612096,76512,-3494.87,21.39,156.27,48
612096,76512,3657.28,87.86,22.65,48
612096,76512,3607.24,87.56,27.23,48
612096,76512,3754.99,84.57,0.35,48
612096,76512,3874.39,86.06,0.01,48
612096,76512,3568.26,82.82,5.67,48
612480,76560,-3885.80,21.41,174.81,48
612480,76560,3326.55,85.93,39.45,48
612480,76560,1340.67,86.23,181.21,48
612480,76560,-2304.69,86.14,446.28,48
612480,76560,206.39,19.56,13.56,48
612480,76560,3387.51,85.15,27.78,48
612480,76560,3395.65,87.29,38.91,48
612480,76560,4078.00,88.35,0.00,48
612864,76608,3336.64,89.23,49.54,48
612864,76608,3861.70,86.15,0.00,48
612864,76608,562.07,20.30,0.31,48
612864,76608,3806.09,87.91,12.56,48
612864,76608,2838.42,86.15,72.46,48
612864,76608,3967.66,87.44,0.00,48
612864,76608,2417.26,89.68,122.06,48
612864,76608,-44.43,21.66,29.38,48
613248,76656,3816.15,85.36,0.25,48
613248,76656,3965.43,87.46,0.26,48
613248,76656,3329.09,86.89,39.90,48
613248,76656,-4644.87,23.71,206.60,48
613248,76656,2515.08,89.80,109.18,48
613248,76656,3425.91,85.34,26.72,48
613248,76656,-4007.42,25.86,184.97,48
613248,76656,1992.09,84.32,120.53,48
613632,76704,2705.43,87.92,87.22,48
613632,76704,-1782.59,21.29,92.74,48
613632,76704,2479.65,84.30,92.60,48
613632,76704,3763.83,85.64,0.92,48
613632,76704,2096.46,89.00,142.05,48
613632,76704,576.19,20.74,3.39,48
613632,76704,1469.21,86.39,173.68,48
613632,76704,3609.07,86.77,22.45,48
614016,76752,3076.24,86.45,58.43,48
614016,76752,3582.74,85.77,22.65,48
614016,76752,3280.00,85.91,40.31,48
614016,76752,635.63,21.56,1.21,48
614016,76752,3933.94,87.84,0.95,48
614016,76752,568.30,23.29,7.87,48
614016,76752,3723.88,87.35,16.06,48
614016,76752,3638.76,84.17,11.66,48
614400,76800,3749.96,85.19,0.00,48
614400,76800,231.92,23.06,19.97,48
614400,76800,613.06,18.82,0.19,48
614400,76800,4063.17,89.54,5.23,48
614400,76800,-2965.09,85.96,494.36,48
614400,76800,3820.15,86.74,6.09,48
614400,76800,3308.20,85.13,37.46,48
614400,76800,2767.64,85.98,75.91,48
614784,76848,2258.58,85.91,109.32,48
614784,76848,694.74,22.51,0.80,48
614784,76848,13.08,17.56,20.65,48
614784,76848,3871.25,86.44,3.51,48
614784,76848,3596.93,83.27,9.92,48
614784,76848,-1395.77,83.64,369.47,48
614784,76848,2929.43,87.09,72.32,48
614784,76848,1886.13,88.39,151.23,48
615168,76896,1775.79,84.68,144.82,48
615168,76896,644.67,20.45,1.78,48
615168,76896,1094.01,87.86,202.19,48
615168,76896,675.24,19.97,1.02,48
615168,76896,739.34,22.08,0.00,48
615168,76896,3856.03,86.26,0.19,48
615168,76896,215.70,20.66,17.72,48
615168,76896,3851.57,86.70,4.36,48
615552,76944,-500.81,19.87,40.66,48
615552,76944,2048.68,87.65,135.67,48
615552,76944,2924.03,86.40,66.20,48
615552,76944,2835.29,86.02,74.29,48
615552,76944,2384.02,87.61,115.77,48
615552,76944,3645.67,86.83,22.35,48
615552,76944,1876.38,88.48,153.22,48
615552,76944,-685.58,21.26,51.82,48
615936,76992,-458.74,22.31,46.89,48
615936,76992,456.79,22.58,9.68,48
615936,76992,3499.87,88.58,35.44,48
615936,76992,4164.40,90.13,0.00,48
615936,76992,3393.15,88.50,45.45,48
615936,76992,671.51,23.74,4.01,48
615936,76992,2721.73,87.11,85.00,48
615936,76992,-4494.04,89.26,615.28,48
616320,77040,121.57,86.76,271.65,48
616320,77040,713.64,22.84,1.43,48
616320,77040,3916.85,87.27,4.22,48
616320,77040,-13869.42,22.11,551.47,48
616320,77040,98.43,22.30,22.79,48
616320,77040,3623.15,84.64,10.93,48
616320,77040,2564.85,82.19,79.97,48
616320,77040,-1971.94,84.50,415.25,48
616704,77088,1172.70,85.92,194.23,48
616704,77088,524.73,22.05,8.55,48
616704,77088,2349.20,86.38,111.55,48
616704,77088,372.14,20.50,10.64,48
616704,77088,-9330.76,23.55,382.51,48
616704,77088,3973.52,87.50,0.00,48
616704,77088,-862.58,85.16,335.89,48
616704,77088,3513.18,84.82,21.32,48
617088,77136,4003.59,88.59,0.27,48
617088,77136,3234.00,86.03,42.94,48
617088,77136,1349.79,85.63,181.96,48
617088,77136,3700.52,86.33,13.15,48
617088,77136,3749.20,83.92,4.05,48
617088,77136,3288.14,87.06,45.73,48
617088,77136,3972.59,88.84,4.68,48
617088,77136,-117.35,84.61,283.93,48
617472,77184,2516.26,88.17,107.39,48
617472,77184,3322.06,84.35,31.18,48
617472,77184,3921.81,87.15,0.25,48
617472,77184,-1047.67,20.54,59.24,48
617472,77184,3756.83,85.14,7.94,48
617472,77184,548.36,18.05,0.09,48
617472,77184,3704.92,86.15,15.43,48
617472,77184,192.36,20.93,13.42,48
617856,77232,1650.16,84.58,152.34,48
617856,77232,1648.45,82.88,144.35,48
617856,77232,3300.07,86.65,42.13,48
617856,77232,3726.27,86.73,14.22,48
617856,77232,-122.48,87.50,297.35,48
617856,77232,464.93,19.41,3.82,48
617856,77232,3815.57,84.83,0.00,48
617856,77232,3769.08,86.21,4.98,48
618240,77280,3581.15,88.78,31.95,48
618240,77280,647.08,24.83,5.75,48
618240,77280,2359.47,86.61,108.78,48
618240,77280,575.31,18.42,0.77,48
618240,77280,3963.47,88.03,1.38,48
618240,77280,2169.53,87.46,123.81,48
618240,77280,134.74,18.63,16.12,48
618240,77280,3734.63,85.12,4.67,48
618624,77328,3759.95,84.60,3.59,48
618624,77328,561.90,22.83,6.70,48
618624,77328,3535.61,88.43,32.41,48
618624,77328,3730.73,85.00,3.55,48
618624,77328,2684.14,87.00,87.91,48
618624,77328,3907.95,87.55,4.44,48
618624,77328,-2145.11,19.63,103.82,48
618624,77328,-2542.13,20.63,120.97,48
619008,77376,1317.34,84.91,179.71,48
619008,77376,3842.41,86.01,0.27,48
619008,77376,3455.23,85.82,27.91,48
619008,77376,248.72,21.33,14.88,48
619008,77376,-2893.60,22.19,138.76,48
619008,77376,985.38,86.73,211.74,48
619008,77376,1161.00,84.95,185.26,48
619008,77376,3339.58,85.20,39.19,48
619392,77424,3773.70,85.90,2.45,48
619392,77424,2641.85,85.79,84.24,48
619392,77424,3912.03,86.89,0.72,48
619392,77424,730.93,22.60,0.60,48
619392,77424,588.01,19.83,0.00,48
619392,77424,484.46,22.58,11.05,48
619392,77424,503.69,19.45,0.00,48
619392,77424,-1757.97,20.61,91.58,48
619776,77472,3790.14,85.18,1.10,48
619776,77472,3490.22,86.42,28.97,48
619776,77472,3852.00,86.73,4.94,48
619776,77472,-2959.10,86.62,492.59,48
619776,77472,15.47,24.96,27.06,48
619776,77472,3860.21,85.45,0.19,48
619776,77472,3656.70,83.42,4.72,48
619776,77472,3485.45,86.89,27.05,48
620160,77520,2428.40,86.79,106.57,48
620160,77520,693.69,19.04,0.00,48
620160,77520,-9530.52,23.04,390.61,48
620160,77520,637.74,18.94,0.00,48
620160,77520,580.63,22.92,5.18,48
620160,77520,3719.71,85.42,7.41,48
620160,77520,3850.32,86.96,1.89,48
620160,77520,670.07,20.05,0.71,48
620544,77568,-792.18,19.66,55.34,48
620544,77568,3697.73,86.89,12.97,48
620544,77568,-8.38,22.56,27.63,48
620544,77568,3947.47,87.86,0.85,48
620544,77568,3719.84,85.42,8.57,48
620544,77568,1552.06,84.86,160.61,48
620544,77568,3435.84,80.54,15.17,48
620544,77568,2147.45,86.32,121.94,48
620928,77616,423.68,21.21,7.76,48
620928,77616,3266.87,86.24,44.23,48
620928,77616,3000.59,86.40,62.36,48
620928,77616,521.98,20.52,5.87,48
620928,77616,725.85,22.20,0.00,48
620928,77616,3925.40,86.28,0.01,48
620928,77616,3133.09,87.70,59.02,48
620928,77616,729.01,22.32,0.00,48
621312,77664,3640.28,85.35,11.35,48
621312,77664,3537.88,81.99,5.96,48
621312,77664,-3409.53,20.50,156.47,48
621312,77664,-4267.90,25.74,193.71,48
621312,77664,3865.14,87.56,6.51,48
621312,77664,3248.41,88.95,54.58,48
621312,77664,3628.06,82.37,2.76,48
621312,77664,-401.39,22.77,39.90,48
621696,77712,593.50,20.18,0.58,48
621696,77712,3779.89,84.45,5.18,48
621696,77712,4119.96,89.73,1.01,48
621696,77712,3321.42,84.36,32.48,48
621696,77712,-1868.67,23.02,97.91,48
621696,77712,376.12,19.41,10.26,48
621696,77712,3675.76,85.41,14.79,48
621696,77712,544.87,16.86,0.00,48
622080,77760,598.99,19.55,0.00,48
622080,77760,3599.94,86.54,23.93,48
622080,77760,3763.35,83.88,0.31,48
622080,77760,3822.94,86.68,10.26,48
622080,77760,583.50,19.54,0.00,48
622080,77760,-3977.20,87.67,574.63,48
622080,77760,3773.32,87.13,7.23,48
622080,77760,3533.07,88.55,32.77,48
622464,77808,175.19,23.33,19.36,48
622464,77808,3856.47,87.06,2.80,48
622464,77808,3787.85,85.26,1.33,48
622464,77808,2730.23,82.97,68.49,48
622464,77808,3158.99,88.08,59.30,48
622464,77808,3384.04,83.52,24.48,48
622464,77808,3887.00,87.02,1.38,48
622464,77808,3290.02,87.34,46.49,48
622848,77856,638.89,20.44,0.02,48
622848,77856,3749.68,83.45,0.83,48
622848,77856,3668.39,82.42,1.63,48
622848,77856,296.25,20.61,16.02,48
622848,77856,554.85,20.87,0.32,48
622848,77856,2921.20,85.71,62.48,48
622848,77856,2485.70,86.47,98.42,48
622848,77856,3844.98,85.84,0.10,48
623232,77904,3872.87,87.24,5.13,48
623232,77904,145.04,16.59,14.95,48
623232,77904,3464.87,86.49,24.49,48
623232,77904,3255.12,89.31,61.11,48
623232,77904,-4138.65,22.38,184.28,48
623232,77904,-2705.03,23.99,131.74,48
623232,77904,3754.43,83.91,0.66,48
623232,77904,3674.40,83.09,0.72,48
623616,77952,3796.12,85.23,1.26,48
623616,77952,-819.74,21.80,58.10,48
623616,77952,646.55,21.75,1.46,48
623616,77952,3799.40,85.14,0.92,48
623616,77952,3886.32,87.21,0.78,48
623616,77952,-1146.18,22.01,69.33,48
623616,77952,724.16,24.41,3.70,48
623616,77952,3651.48,83.98,6.07,48
624000,78000,-10575.97,18.32,421.44,48
624000,78000,-8464.33,21.63,349.36,48
624000,78000,564.10,20.08,2.12,48
624000,78000,586.08,18.55,0.00,48
624000,78000,3734.14,84.34,0.86,48
624000,78000,-3693.09,84.50,535.52,48
624000,78000,3959.45,87.12,0.00,48
624000,78000,-9062.97,17.86,367.75,48
624384,78048,-1322.05,20.07,74.34,48
624384,78048,3286.97,88.92,54.25,48
624384,78048,3375.33,85.31,31.48,48
624384,78048,3737.25,84.81,5.47,48
624384,78048,3622.59,86.33,12.74,48
624384,78048,2537.28,85.88,98.25,48
624384,78048,-781.84,22.99,57.64,48
624384,78048,-2297.82,21.83,113.37,48
624768,78096,-9523.32,22.15,388.75,48
624768,78096,2722.03,86.97,85.03,48
624768,78096,3297.49,82.93,26.16,48
624768,78096,3682.25,81.78,0.00,48
624768,78096,890.96,26.52,0.43,48
624768,78096,-2626.18,22.99,125.23,48
624768,78096,3422.80,86.24,33.46,48
624768,78096,3793.19,84.40,0.01,48
625152,78144,61.24,21.03,24.64,48
625152,78144,1470.30,86.21,175.22,48
625152,78144,247.70,18.80,10.49,48
625152,78144,632.34,20.51,0.71,48
625152,78144,2696.81,85.54,84.51,48
625152,78144,2132.98,87.27,132.29,48
625152,78144,391.98,21.58,11.61,48
625152,78144,3397.83,83.52,22.56,48
625536,78192,693.01,19.83,0.01,48
625536,78192,2372.00,84.29,100.88,48
625536,78192,3335.22,84.86,33.93,48
625536,78192,1505.93,86.27,171.11,48
625536,78192,3688.67,83.56,0.81,48
625536,78192,-1265.52,86.86,373.28,48
625536,78192,-2585.08,24.98,125.83,48
625536,78192,3799.28,88.00,11.02,48
625920,78240,3778.27,84.32,0.27,48
625920,78240,3593.08,86.28,19.24,48
625920,78240,124.77,19.49,15.83,48
625920,78240,2872.09,86.87,75.64,48
625920,78240,-2083.09,23.05,105.58,48
625920,78240,4099.76,89.25,0.39,48
625920,78240,565.37,18.95,0.38,48
625920,78240,3634.24,84.06,3.84,48
626304,78288,3446.22,84.24,22.23,48
626304,78288,3462.86,84.41,23.51,48
626304,78288,301.03,22.78,15.77,48
626304,78288,3289.24,84.74,36.70,48
626304,78288,1232.91,87.35,193.27,48
626304,78288,3921.50,88.02,2.69,48
626304,78288,1210.34,85.44,185.18,48
626304,78288,3622.71,85.74,15.73,48
626688,78336,781.76,23.80,0.66,48
626688,78336,349.95,17.96,3.73,48
626688,78336,350.10,21.46,14.37,48
626688,78336,4058.48,88.17,0.00,48
626688,78336,3813.69,84.44,0.00,48
626688,78336,3869.46,86.24,0.09,48
626688,78336,708.15,22.97,0.25,48
626688,78336,739.25,22.33,1.21,48
627072,78384,-269.25,23.59,42.49,48
627072,78384,2878.71,88.75,85.00,48
627072,78384,3821.07,85.15,0.19,48
627072,78384,3436.29,87.95,37.96,48
627072,78384,1774.12,85.90,148.13,48
627072,78384,1869.22,86.95,144.65,48
627072,78384,-474.25,22.43,43.42,48
627072,78384,3923.36,87.05,0.00,48
627456,78432,3311.05,85.61,37.91,48
627456,78432,640.70,21.36,2.75,48
627456,78432,3921.82,87.02,0.01,48
627456,78432,1272.40,87.06,189.93,48
627456,78432,4027.56,88.10,0.26,48
627456,78432,595.31,20.13,3.43,48
627456,78432,543.48,22.22,5.23,48
627456,78432,3696.56,83.29,0.00,48
627840,78480,1299.02,84.41,182.23,48
627840,78480,681.93,22.59,3.59,48
627840,78480,2897.42,87.30,76.18,48
627840,78480,2327.67,84.77,103.92,48
627840,78480,681.77,23.22,3.44,48
627840,78480,3030.76,84.67,51.49,48
627840,78480,3678.21,86.62,16.00,48
627840,78480,3629.92,83.87,8.02,48
628224,78528,-30.69,19.07,21.16,48
628224,78528,3197.46,84.86,45.10,48
628224,78528,530.97,21.14,0.54,48
628224,78528,3771.24,88.19,15.83,48
628224,78528,632.69,22.32,2.53,48
628224,78528,-612.86,21.65,47.73,48
628224,78528,3123.87,87.05,54.89,48
628224,78528,2768.05,85.84,76.38,48
628608,78576,3623.22,84.48,5.87,48
628608,78576,3784.57,86.46,12.41,48
628608,78576,3790.73,85.53,7.03,48
628608,78576,3799.81,85.72,6.47,48
628608,78576,2294.06,83.11,98.32,48
628608,78576,3819.65,85.20,1.85,48
628608,78576,3265.07,82.88,30.85,48
628608,78576,3599.73,86.73,22.14,48
628992,78624,2735.87,87.30,84.22,48
628992,78624,3826.08,88.51,10.36,48
628992,78624,2594.31,88.25,99.20,48
628992,78624,469.94,19.42,1.85,48
628992,78624,3919.69,87.06,0.00,48
628992,78624,3741.89,87.72,16.98,48
628992,78624,3818.42,86.65,2.33,48
628992,78624,-36.49,19.82,23.09,48
629376,78672,2562.39,86.70,91.50,48
629376,78672,1007.98,86.17,206.16,48
629376,78672,2676.92,85.41,82.06,48
629376,78672,3900.16,86.68,0.00,48
629376,78672,3523.13,86.49,23.89,48
629376,78672,3555.76,85.63,24.32,48
629376,78672,3703.57,86.44,13.53,48
629376,78672,-80.96,19.59,26.75,48
629760,78720,3417.97,87.06,37.69,48
629760,78720,3736.66,84.41,2.48,48
629760,78720,3871.03,86.59,2.36,48
629760,78720,2383.35,87.44,108.29,48
629760,78720,3285.27,86.53,47.55,48
629760,78720,711.95,21.88,0.35,48
629760,78720,3284.08,85.36,35.41,48
629760,78720,3574.68,85.81,21.03,48
630144,78768,-235.75,21.75,36.19,48
630144,78768,3648.95,81.78,0.00,48
630144,78768,2376.24,86.76,107.78,48
630144,78768,703.60,22.24,1.01,48
630144,78768,3795.85,86.70,3.59,48
630144,78768,4020.03,88.34,0.00,48
630144,78768,523.22,19.36,4.59,48
630144,78768,3892.08,86.19,0.32,48
630528,78816,1913.81,88.01,145.75,48
630528,78816,-1325.49,23.57,77.87,48
630528,78816,-10655.16,19.60,430.39,48
630528,78816,668.03,21.09,1.56,48
630528,78816,544.17,23.17,9.64,48
630528,78816,3835.18,86.63,3.18,48
630528,78816,3110.95,89.97,71.07,48
630528,78816,3484.17,87.08,30.34,48
630912,78864,-814.80,21.13,56.50,48
630912,78864,-4260.84,20.09,185.17,48
630912,78864,3500.60,85.25,20.82,48
630912,78864,3691.08,85.57,11.29,48
630912,78864,278.40,19.56,14.27,48
630912,78864,3883.07,87.02,0.65,48
630912,78864,3150.89,84.81,48.22,48
630912,78864,-590.40,22.07,50.42,48
631296,78912,561.04,20.21,2.16,48
631296,78912,3728.87,86.62,11.30,48
631296,78912,3459.89,83.86,20.89,48
631296,78912,117.06,22.44,24.70,48
631296,78912,2579.39,86.07,94.54,48
631296,78912,3662.08,86.76,20.48,48
631296,78912,524.83,18.98,0.02,48
631296,78912,-5701.85,24.60,244.09,48
631680,78960,2378.94,89.83,125.16,48
631680,78960,3082.93,85.95,59.47,48
631680,78960,3776.52,85.60,2.19,48
631680,78960,1125.17,88.84,206.38,48
631680,78960,3486.36,87.24,30.94,48
631680,78960,-12662.97,21.31,506.71,48
631680,78960,639.81,19.14,0.00,48
631680,78960,3537.57,81.18,2.09,48
632064,79008,605.36,21.11,0.66,48
632064,79008,-451.52,20.61,41.92,48
632064,79008,3893.15,86.52,1.34,48
632064,79008,-8264.57,22.14,341.55,48
632064,79008,-664.14,20.34,47.87,48
632064,79008,-255.25,18.82,27.35,48
632064,79008,655.21,22.87,4.90,48
632064,79008,3753.52,88.09,17.08,48
632448,79056,560.22,19.63,0.00,48
632448,79056,3736.80,83.85,1.98,48
632448,79056,3823.68,86.22,0.99,48
632448,79056,1576.21,86.79,168.40,48
632448,79056,-709.85,84.84,325.89,48
632448,79056,4076.79,90.41,5.44,48
632448,79056,621.27,22.48,3.63,48
632448,79056,-4406.82,22.75,197.05,48
632832,79104,570.88,89.12,251.34,48
632832,79104,-11387.20,18.96,455.27,48
632832,79104,3874.05,87.05,6.31,48
632832,79104,594.40,21.73,4.26,48
632832,79104,3848.26,85.92,0.27,48
632832,79104,3846.85,87.80,7.14,48
632832,79104,3560.10,88.18,29.15,48
632832,79104,2814.84,88.03,83.10,48
633216,79152,3365.73,85.26,32.25,48
633216,79152,2979.10,83.95,54.65,48
633216,79152,3462.09,85.14,26.63,48
633216,79152,-1141.26,21.30,69.83,48
633216,79152,3751.51,84.73,1.01,48
633216,79152,-763.47,18.05,49.54,48
633216,79152,3450.15,88.35,35.71,48
633216,79152,3931.57,87.69,1.28,48
633600,79200,-172.50,21.12,31.80,48
633600,79200,3761.83,86.14,2.58,48
633600,79200,-1539.15,17.89,77.18,48
633600,79200,-87.33,19.93,26.96,48
633600,79200,3837.64,84.83,1.68,48
633600,79200,3960.81,87.30,0.00,48
633600,79200,3765.62,84.47,1.59,48
633600,79200,3458.11,84.75,22.26,48
633984,79248,-1313.81,87.11,369.69,48
633984,79248,3006.18,84.13,53.11,48
633984,79248,3599.84,82.72,3.10,48
633984,79248,-9662.95,24.05,396.19,48
633984,79248,-62.18,23.89,31.28,48
633984,79248,3880.42,86.24,0.19,48
633984,79248,3061.64,84.88,50.34,48
633984,79248,-241.94,23.89,35.73,48
634368,79296,1860.08,86.23,147.92,48
634368,79296,665.70,20.23,1.31,48
634368,79296,196.44,24.01,19.53,48
634368,79296,684.52,22.29,0.61,48
634368,79296,3927.52,87.81,0.74,48
634368,79296,-505.48,18.02,41.90,48
634368,79296,3948.63,86.92,0.32,48
634368,79296,628.81,21.84,1.57,48
634752,79344,3947.48,86.75,0.31,48
634752,79344,2442.78,87.09,107.68,48
634752,79344,-698.27,23.26,55.51,48
634752,79344,624.69,20.03,0.71,48
634752,79344,1526.19,86.44,169.65,48
634752,79344,3763.83,85.95,4.49,48
634752,79344,2643.79,89.10,104.25,48
634752,79344,2111.54,86.53,126.19,48
635136,79392,3785.67,84.54,0.41,48
635136,79392,3715.82,83.37,0.76,48
635136,79392,3797.59,85.31,0.01,48
635136,79392,3907.36,87.34,1.64,48
635136,79392,-312.92,21.34,42.29,48
635136,79392,769.22,23.62,0.19,48
635136,79392,-5145.57,24.59,226.93,48
635136,79392,1168.38,84.77,183.57,48
635520,79440,316.94,20.77,13.83,48
635520,79440,3994.23,87.96,0.58,48
635520,79440,3631.40,85.99,13.26,48
635520,79440,931.96,88.70,220.95,48
635520,79440,3829.87,85.04,0.58,48
635520,79440,239.84,22.58,14.82,48
635520,79440,-2342.23,22.39,114.95,48
635520,79440,554.21,18.41,0.00,48
635904,79488,2272.48,87.97,121.12,48
635904,79488,-898.41,87.58,347.92,48
635904,79488,3804.08,85.76,2.38,48
635904,79488,3955.03,86.72,0.70,48
635904,79488,627.44,22.77,4.36,48
635904,79488,338.84,21.05,14.14,48
635904,79488,268.11,21.45,14.87,48
635904,79488,-10339.32,19.27,418.11,48
636288,79536,3772.10,86.94,8.37,48
636288,79536,2884.72,87.79,76.59,48
636288,79536,3812.43,85.30,0.47,48
636288,79536,392.38,22.89,12.79,48
636288,79536,3207.89,87.33,52.88,48
636288,79536,2955.57,86.05,65.06,48
636288,79536,2760.82,86.38,81.48,48
636288,79536,3273.37,85.45,39.58,48
636672,79584,3477.19,87.61,29.42,48
636672,79584,-1970.46,23.93,106.07,48
636672,79584,-196.58,21.25,34.57,48
636672,79584,2551.47,89.62,113.75,48
636672,79584,3737.87,84.37,0.61,48
636672,79584,3861.99,86.45,5.13,48
636672,79584,-13702.73,22.14,544.25,48
636672,79584,526.90,19.83,3.45,48
637056,79632,2902.44,83.13,58.11,48
637056,79632,560.71,17.05,0.01,48
637056,79632,629.18,21.51,1.31,48
637056,79632,1997.16,84.99,131.18,48
637056,79632,-2602.86,21.08,124.48,48
637056,79632,3711.41,85.48,10.06,48
637056,79632,2561.61,85.80,94.04,48
637056,79632,3887.95,86.96,2.64,48
637440,79680,1567.26,89.60,180.74,48
637440,79680,1059.85,86.64,206.07,48
637440,79680,-2076.49,20.08,102.23,48
637440,79680,1864.33,84.57,134.12,48
637440,79680,3613.35,85.49,18.53,48
637440,79680,1557.47,82.99,153.89,48
637440,79680,3554.45,84.55,16.70,48
637440,79680,1869.35,85.19,137.25,48
637824,79728,3735.76,85.76,7.46,48
637824,79728,3602.86,85.05,14.59,48
637824,79728,-1672.49,21.17,86.00,48
637824,79728,2172.81,82.51,105.27,48
637824,79728,-406.53,21.31,40.69,48
637824,79728,2534.84,83.51,88.37,48
637824,79728,3767.08,86.00,3.66,48
637824,79728,-299.81,20.91,35.64,48
638208,79776,3318.69,86.65,42.24,48
638208,79776,2050.35,82.24,110.36,48
638208,79776,3168.12,85.73,47.87,48
638208,79776,3921.67,88.28,8.50,48
638208,79776,572.66,22.66,5.60,48
638208,79776,-2383.19,20.78,115.56,48
638208,79776,3296.77,85.41,38.42,48
638208,79776,-3529.25,19.23,157.21,48
638592,79824,671.52,22.41,1.24,48
638592,79824,782.04,23.66,0.23,48
638592,79824,3259.16,85.96,44.70,48
638592,79824,643.56,19.44,0.00,48
638592,79824,3406.27,87.02,36.97,48
638592,79824,2758.32,82.39,61.90,48
638592,79824,612.92,18.94,1.17,48
638592,79824,689.45,21.50,0.66,48
638976,79872,510.95,20.20,5.77,48
638976,79872,-32.64,22.80,29.88,48
638976,79872,3972.02,87.25,0.00,48
638976,79872,2863.61,87.18,73.34,48
638976,79872,-12106.44,21.33,484.49,48
638976,79872,3858.63,86.90,1.49,48
638976,79872,3661.03,86.15,16.76,48
638976,79872,3735.43,85.24,8.32,48
639360,79920,-8104.50,21.86,334.18,48
639360,79920,3833.44,86.43,0.32,48
639360,79920,3394.78,85.03,31.71,48
639360,79920,696.43,23.36,1.86,48
639360,79920,-289.46,85.97,297.59,48
639360,79920,3936.60,87.46,0.00,48
639360,79920,195.22,19.20,13.80,48
639360,79920,3416.90,87.16,34.17,48
639744,79968,3876.49,88.27,10.24,48
639744,79968,3866.65,87.81,5.71,48
639744,79968,-237.04,19.31,32.02,48
639744,79968,3626.82,84.89,14.69,48
639744,79968,3822.28,86.21,1.06,48
639744,79968,3930.18,86.72,0.01,48
639744,79968,-776.02,87.19,340.70,48
639744,79968,3798.43,87.12,11.18,48
640128,80016,3781.85,84.11,0.75,48
640128,80016,-541.71,20.37,45.15,48
640128,80016,-193.32,22.86,34.02,48
640128,80016,3867.93,86.26,0.00,48
640128,80016,3230.13,85.50,46.81,48
640128,80016,3213.48,87.73,54.50,48
640128,80016,2976.89,85.98,60.44,48
640128,80016,3229.29,88.14,52.77,48
640512,80064,1774.17,88.30,156.52,48
640512,80064,-538.74,22.74,51.72,48
640512,80064,-5489.35,25.71,238.54,48
640512,80064,3304.08,84.20,31.78,48
640512,80064,667.88,20.03,0.10,48
640512,80064,3932.99,88.28,4.00,48
640512,80064,3888.61,86.62,4.66,48
640512,80064,3763.18,85.88,6.42,48
640896,80112,3826.11,87.38,9.19,48
640896,80112,755.06,23.49,1.01,48
640896,80112,3801.14,83.91,0.76,48
640896,80112,3776.37,86.12,4.34,48
640896,80112,-1369.15,18.79,73.43,48
640896,80112,3833.22,84.08,0.00,48
640896,80112,3668.93,84.66,4.47,48
640896,80112,3447.64,86.12,29.19,48
641280,80160,511.84,20.69,6.17,48
641280,80160,3676.94,85.29,8.49,48
641280,80160,160.97,20.20,13.81,48
641280,80160,3420.77,85.95,30.25,48
641280,80160,118.35,25.46,28.89,48
641280,80160,325.53,22.62,12.25,48
641280,80160,3644.02,89.05,31.41,48
641280,80160,3836.71,86.18,3.67,48
641664,80208,3664.61,87.56,20.95,48
641664,80208,159.74,17.33,13.47,48
641664,80208,-1736.35,88.26,409.57,48
641664,80208,1339.52,85.04,179.30,48
641664,80208,3521.27,83.74,16.02,48
641664,80208,-713.58,22.04,52.46,48
641664,80208,191.65,21.92,18.61,48
641664,80208,1734.67,85.52,152.11,48
642048,80256,1251.50,85.61,185.26,48
642048,80256,784.10,23.26,1.01,48
642048,80256,382.54,19.72,8.55,48
642048,80256,442.46,18.84,5.25,48
642048,80256,3950.13,86.06,0.38,48
642048,80256,3190.74,84.53,37.11,48
642048,80256,-967.73,84.57,340.29,48
642048,80256,-2352.45,20.91,109.09,48
642432,80304,2350.80,86.90,113.04,48
642432,80304,4129.15,89.42,0.00,48
642432,80304,3824.92,87.58,12.45,48
642432,80304,-2808.14,23.86,134.19,48
642432,80304,1043.34,84.13,195.08,48
642432,80304,2834.74,85.30,70.48,48
642432,80304,377.53,20.77,12.13,48
642432,80304,3237.01,84.76,36.89,48
642816,80352,2293.68,89.76,129.83,48
642816,80352,2964.98,85.17,61.72,48
642816,80352,267.96,17.78,12.26,48
642816,80352,-4194.63,86.76,581.19,48
642816,80352,-7050.39,18.62,289.53,48
642816,80352,2151.83,82.79,108.09,48
642816,80352,3323.73,88.64,52.24,48
642816,80352,3850.42,85.82,1.21,48
643200,80400,3017.77,83.36,50.98,48
643200,80400,3786.70,86.46,8.53,48
643200,80400,2942.15,86.64,68.68,48
643200,80400,3577.04,83.92,10.25,48
643200,80400,3351.20,83.44,24.92,48
643200,80400,659.43,21.05,1.28,48
643200,80400,4071.44,89.03,0.27,48
643200,80400,1512.60,86.55,173.71,48
643584,80448,3688.38,86.59,12.32,48
643584,80448,3789.55,84.09,0.61,48
643584,80448,3032.47,84.27,55.12,48
643584,80448,3709.07,84.97,9.96,48
643584,80448,3543.51,82.11,5.50,48
643584,80448,1997.40,88.39,143.28,48
643584,80448,502.77,18.44,2.53,48
643584,80448,3359.50,85.47,34.41,48
643968,80496,3442.87,85.08,21.21,48
643968,80496,3460.08,85.67,29.02,48
643968,80496,3807.56,85.39,4.90,48
643968,80496,3338.54,86.96,38.92,48
643968,80496,627.22,20.04,0.01,48
643968,80496,618.49,23.41,6.26,48
643968,80496,631.25,19.85,1.21,48
643968,80496,3771.19,86.52,5.53,48
644352,80544,641.37,22.39,1.83,48
644352,80544,-2801.87,19.98,128.16,48
644352,80544,3509.60,84.18,16.57,48
644352,80544,3844.04,85.52,0.02,48
644352,80544,-2350.34,19.78,113.53,48
644352,80544,2499.50,84.56,95.04,48
644352,80544,708.89,21.04,1.17,48
644352,80544,3867.87,86.94,6.73,48
644736,80592,-3120.78,85.49,506.97,48
644736,80592,-1305.55,84.49,369.60,48
644736,80592,3853.50,84.79,2.26,48
644736,80592,3831.91,87.47,6.41,48
644736,80592,1859.78,85.78,138.49,48
644736,80592,49.21,19.48,23.40,48
644736,80592,2102.89,88.68,138.21,48
644736,80592,-4167.28,22.12,184.66,48
645120,80640,-2484.75,21.96,119.73,48
645120,80640,3047.46,84.71,52.92,48
645120,80640,3833.61,86.25,2.26,48
645120,80640,2398.26,87.07,109.71,48
645120,80640,3836.19,87.02,4.31,48
645120,80640,504.31,20.90,4.98,48
645120,80640,-7964.94,20.96,328.49,48
645120,80640,3900.38,87.01,1.54,48
645504,80688,3610.46,85.16,13.40,48
645504,80688,3170.56,83.37,44.25,48
645504,80688,3809.89,84.20,0.66,48
645504,80688,3155.78,87.31,54.11,48
645504,80688,3655.61,84.23,11.18,48
645504,80688,2989.77,86.65,65.00,48
645504,80688,3999.12,87.34,0.62,48
645504,80688,3837.38,88.42,13.83,48
645888,80736,3145.77,87.39,57.14,48
645888,80736,-901.63,86.93,344.17,48
645888,80736,1880.65,84.53,140.92,48
645888,80736,2640.60,87.18,91.39,48
645888,80736,3774.19,84.22,0.00,48
645888,80736,3844.02,86.24,3.45,48
645888,80736,3927.63,87.88,5.81,48
645888,80736,-256.64,85.80,293.19,48
646272,80784,-345.46,19.63,33.24,48
646272,80784,3451.52,84.59,25.22,48
646272,80784,1561.11,85.17,160.31,48
646272,80784,-1505.40,22.59,88.13,48
646272,80784,3840.14,86.34,0.87,48
646272,80784,3159.66,85.81,48.28,48
646272,80784,514.16,22.13,7.51,48
646272,80784,14.54,22.36,26.43,48
646656,80832,3786.46,85.38,0.00,48
646656,80832,-243.25,20.83,34.91,48
646656,80832,3755.81,83.81,1.26,48
646656,80832,4002.26,87.86,1.07,48
646656,80832,3666.88,84.11,6.92,48
646656,80832,39.50,22.76,27.36,48
646656,80832,3819.16,86.72,8.30,48
646656,80832,3239.79,83.29,34.56,48
647040,80880,-998.67,23.28,67.80,48
647040,80880,3656.79,83.72,5.91,48
647040,80880,-218.27,23.38,37.11,48
647040,80880,3053.19,88.38,71.29,48
647040,80880,3713.69,85.33,10.98,48
647040,80880,3719.06,85.51,8.42,48
647040,80880,2814.68,87.49,78.76,48
647040,80880,2949.38,85.95,62.22,48
647424,80928,3659.38,87.36,19.17,48
647424,80928,3753.38,87.70,19.50,48
647424,80928,3563.76,86.16,20.26,48
647424,80928,2886.33,87.35,75.68,48
647424,80928,1316.25,87.22,188.77,48
647424,80928,3471.82,83.33,14.86,48
647424,80928,-2457.92,23.17,119.63,48
647424,80928,3689.88,85.50,7.37,48
647808,80976,4053.16,88.27,0.00,48
647808,80976,4007.25,89.27,4.44,48
647808,80976,3541.42,86.29,25.67,48
647808,80976,226.01,20.37,16.24,48
647808,80976,3803.74,85.60,0.61,48
647808,80976,3504.03,88.91,38.66,48
647808,80976,575.22,21.93,2.07,48
647808,80976,3852.36,85.13,1.33,48
648192,81024,493.15,18.84,0.61,48
648192,81024,-2483.00,22.68,119.83,48
648192,81024,3246.50,85.84,44.62,48
648192,81024,2808.85,83.87,62.89,48
648192,81024,574.18,19.33,0.00,48
648192,81024,3860.56,89.23,14.74,48
648192,81024,3984.20,87.20,0.33,48
648192,81024,3624.94,86.85,22.89,48
648576,81072,621.40,19.49,0.92,48
648576,81072,612.49,20.58,2.32,48
648576,81072,1838.35,84.21,136.77,48
648576,81072,2836.25,83.44,60.07,48
648576,81072,392.84,20.12,9.57,48
648576,81072,2604.17,89.14,104.33,48
648576,81072,3971.93,87.37,0.60,48
648576,81072,164.85,20.60,15.80,48
648960,81120,500.92,20.54,3.32,48
648960,81120,4070.81,89.29,0.00,48
648960,81120,387.69,15.40,1.21,48
648960,81120,3884.73,86.49,0.00,48
648960,81120,-398.68,20.67,41.04,48
648960,81120,3770.76,84.44,0.65,48
648960,81120,3126.73,85.80,50.69,48
648960,81120,3821.88,87.79,8.92,48
649344,81168,3515.59,83.40,17.27,48
649344,81168,1917.64,88.47,149.11,48
649344,81168,-3540.81,84.71,528.91,48
649344,81168,3948.13,87.26,0.33,48
649344,81168,55.42,20.96,24.72,48
649344,81168,3237.15,86.81,46.90,48
649344,81168,262.75,20.36,13.03,48
649344,81168,2063.40,85.48,127.06,48
649728,81216,3327.97,84.61,31.92,48
649728,81216,3796.08,84.53,0.88,48
649728,81216,623.00,18.43,0.00,48
649728,81216,2594.02,85.29,85.79,48
649728,81216,2935.39,86.60,66.31,48
649728,81216,3806.27,84.53,1.08,48
649728,81216,597.88,21.40,3.11,48
649728,81216,3655.74,84.18,5.34,48
650112,81264,3967.96,87.80,1.14,48
650112,81264,3806.42,85.30,0.80,48
650112,81264,-76.00,19.60,24.56,48
650112,81264,3679.74,85.62,8.51,48
650112,81264,-2587.02,21.76,125.93,48
650112,81264,4014.23,87.93,1.31,48
650112,81264,-2447.46,18.33,115.07,48
650112,81264,3577.53,88.60,30.03,48
650496,81312,389.13,20.34,6.59,48
650496,81312,3531.41,88.25,30.58,48
650496,81312,-414.44,22.86,42.09,48
650496,81312,595.27,19.39,0.72,48
650496,81312,-271.44,23.15,38.92,48
650496,81312,611.78,22.45,1.37,48
650496,81312,3835.88,86.64,7.09,48
650496,81312,3775.87,83.94,0.20,48
650880,81360,3444.65,85.93,23.32,48
650880,81360,53.78,20.97,21.95,48
650880,81360,2702.73,82.25,69.62,48
650880,81360,656.54,21.21,0.32,48
650880,81360,4000.36,87.84,0.00,48
650880,81360,3988.54,87.26,1.90,48
650880,81360,3442.97,88.53,43.14,48
650880,81360,1683.39,85.32,151.65,48
651264,81408,3892.06,86.49,0.72,48
651264,81408,3835.62,85.90,1.46,48
651264,81408,568.14,22.12,1.63,48
651264,81408,1758.27,84.60,149.67,48
651264,81408,2726.37,87.54,92.48,48
651264,81408,583.02,20.58,2.89,48
651264,81408,-1522.68,22.42,82.95,48
651264,81408,3831.15,86.23,1.34,48
651648,81456,3609.61,82.68,0.00,48
651648,81456,3459.39,87.16,31.62,48
651648,81456,-294.66,18.05,31.49,48
651648,81456,3005.47,86.21,59.01,48
651648,81456,601.21,20.60,0.98,48
651648,81456,3677.43,85.03,10.73,48
651648,81456,3603.22,83.62,10.59,48
651648,81456,2313.66,86.40,114.30,48
652032,81504,3276.22,83.69,32.04,48
652032,81504,592.16,18.74,0.85,48
652032,81504,3731.54,84.10,3.67,48
652032,81504,538.06,20.89,6.99,48
652032,81504,495.31,20.89,5.51,48
652032,81504,634.34,20.09,0.00,48
652032,81504,-208.21,19.23,30.91,48
652032,81504,1675.81,85.51,153.65,48
652416,81552,-493.99,21.56,43.46,48
652416,81552,3709.22,84.41,0.80,48
652416,81552,3397.85,86.53,38.75,48
652416,81552,1748.40,83.99,142.72,48
652416,81552,603.85,20.35,0.62,48
652416,81552,3837.25,85.74,1.56,48
652416,81552,3956.96,88.17,3.92,48
652416,81552,3869.09,86.10,0.19,48
652800,81600,3492.74,87.35,33.96,48
652800,81600,3688.05,84.47,6.44,48
652800,81600,3736.90,84.76,3.64,48
652800,81600,601.41,21.42,0.31,48
652800,81600,-2516.13,21.13,119.37,48
652800,81600,-3029.07,87.90,505.61,48
652800,81600,3861.15,87.54,5.42,48
652800,81600,-306.40,21.57,39.07,48
653184,81648,-3349.78,87.37,526.52,48
653184,81648,546.24,18.65,1.08,48
653184,81648,3362.07,86.20,33.88,48
653184,81648,3818.97,85.07,0.10,48
653184,81648,-1015.85,18.13,63.21,48
653184,81648,1395.13,87.50,185.19,48
653184,81648,3942.60,87.17,0.47,48
653184,81648,252.77,19.12,14.61,48
653568,81696,3693.32,87.11,16.77,48
653568,81696,722.67,23.28,0.72,48
653568,81696,580.12,20.70,0.48,48
653568,81696,485.67,19.90,1.83,48
653568,81696,-8787.51,20.87,357.82,48
653568,81696,-137.76,24.37,36.67,48
653568,81696,2522.75,87.09,103.29,48
653568,81696,1363.77,86.83,183.37,48
653952,81744,-2457.42,21.83,121.96,48
653952,81744,1974.16,86.75,136.70,48
653952,81744,1175.35,83.68,184.81,48
653952,81744,-511.33,22.39,47.29,48
653952,81744,3890.25,86.56,2.26,48
653952,81744,-2659.67,21.91,126.86,48
653952,81744,4004.94,89.59,8.39,48
653952,81744,3879.78,89.94,17.03,48
654336,81792,3821.99,85.76,1.22,48
654336,81792,3672.58,83.72,2.69,48
654336,81792,1810.91,86.04,149.01,48
654336,81792,182.10,19.71,14.51,48
654336,81792,3763.42,86.66,8.12,48
654336,81792,435.39,22.06,11.25,48
654336,81792,3801.57,85.27,3.30,48
654336,81792,4101.34,89.96,0.00,48
654720,81840,3862.56,87.06,4.49,48
654720,81840,3347.87,86.74,39.24,48
654720,81840,-1780.86,18.97,89.90,48
654720,81840,-2826.53,85.13,474.97,48
654720,81840,3717.71,84.49,5.29,48
654720,81840,3756.98,87.74,15.09,48
654720,81840,-281.11,22.74,37.16,48
654720,81840,3742.08,85.13,2.43,48
655104,81888,497.20,20.30,2.57,48
655104,81888,3929.96,86.26,0.02,48
655104,81888,1868.24,87.31,149.48,48
655104,81888,2677.38,85.98,84.40,48
655104,81888,-3412.24,22.78,156.43,48
655104,81888,3919.23,86.78,0.47,48
655104,81888,3531.32,88.15,34.01,48
655104,81888,1230.79,85.01,179.15,48
655488,81936,-2889.31,85.22,488.01,48
655488,81936,3791.57,86.64,8.46,48
655488,81936,3623.14,85.75,14.09,48
655488,81936,-11354.43,19.19,452.96,48
655488,81936,1720.44,87.22,162.38,48
655488,81936,3944.33,87.15,1.29,48
655488,81936,3942.82,86.73,0.14,48
655488,81936,-3268.44,22.05,149.17,48
655872,81984,-1656.75,85.67,397.50,48
655872,81984,2453.05,90.25,122.55,48
655872,81984,3656.15,83.80,3.96,48
655872,81984,2285.81,86.50,120.21,48
655872,81984,3246.21,86.58,45.57,48
655872,81984,3505.93,83.99,13.56,48
655872,81984,3713.69,84.00,3.87,48
655872,81984,2487.49,89.87,117.70,48
656256,82032,593.98,23.53,8.02,48
656256,82032,2795.59,87.01,80.04,48
656256,82032,-9804.11,24.93,403.93,48
656256,82032,3650.97,88.16,26.18,48
656256,82032,3406.84,85.24,29.36,48
656256,82032,-2847.38,21.91,134.06,48
656256,82032,-2821.70,21.24,130.28,48
656256,82032,2327.07,87.90,118.64,48
656640,82080,-304.14,20.32,36.61,48
656640,82080,-2715.66,87.50,478.13,48
656640,82080,3857.20,86.11,3.13,48
656640,82080,16.44,25.14,31.68,48
656640,82080,-28.56,85.49,279.11,48
656640,82080,1721.48,88.45,164.04,48
656640,82080,3989.61,87.34,0.18,48
656640,82080,3207.09,84.19,39.21,48
657024,82128,553.15,19.38,2.39,48
657024,82128,24.64,20.98,22.69,48
657024,82128,3756.43,85.51,6.31,48
657024,82128,672.88,23.01,2.60,48
657024,82128,-6151.86,17.14,250.88,48
657024,82128,3042.32,83.74,47.54,48
657024,82128,2168.99,86.13,123.62,48
657024,82128,-3563.06,19.96,157.27,48
657408,82176,764.22,86.68,226.25,48
657408,82176,-1914.89,88.55,424.67,48
657408,82176,-820.76,23.48,63.13,48
657408,82176,3954.87,88.16,1.61,48
657408,82176,-149.28,20.09,28.28,48
657408,82176,3406.16,84.53,25.09,48
657408,82176,3306.84,87.01,47.04,48
657408,82176,-3388.75,23.09,154.77,48
657792,82224,-554.33,23.16,49.26,48
657792,82224,531.76,22.51,6.59,48
657792,82224,3182.27,83.14,37.27,48
657792,82224,509.81,23.65,9.30,48
657792,82224,3491.19,85.99,24.70,48
657792,82224,3746.96,83.81,0.05,48
657792,82224,291.76,22.07,15.20,48
657792,82224,615.89,21.48,1.28,48
658176,82272,4085.20,89.23,0.61,48
658176,82272,3921.23,86.76,0.00,48
658176,82272,655.74,20.86,1.15,48
658176,82272,3851.79,85.95,1.79,48
658176,82272,3166.10,83.34,36.58,48
658176,82272,604.82,22.64,3.32,48
658176,82272,3390.86,83.74,25.30,48
658176,82272,3694.77,84.91,6.09,48
658560,82320,858.55,89.12,231.23,48
658560,82320,793.48,22.85,0.35,48
658560,82320,2452.22,84.59,97.48,48
658560,82320,606.70,21.87,4.65,48
658560,82320,3784.81,87.20,8.67,48
658560,82320,3873.06,87.13,2.41,48
658560,82320,-2466.35,86.79,462.98,48
658560,82320,625.50,21.62,4.11,48
658944,82368,3697.42,83.66,3.59,48
658944,82368,-11761.09,20.94,467.42,48
658944,82368,-22.50,23.15,29.19,48
658944,82368,-4.18,22.90,27.76,48
658944,82368,-2763.69,87.04,479.08,48
658944,82368,3769.39,86.39,7.57,48
658944,82368,654.68,21.57,0.02,48
658944,82368,-4601.14,87.67,614.94,48
659328,82416,3822.55,86.04,5.11,48
659328,82416,2588.66,85.09,87.52,48
659328,82416,3227.53,85.41,44.36,48
659328,82416,3533.04,88.64,32.63,48
659328,82416,3848.39,86.34,0.88,48
659328,82416,3634.87,86.10,16.76,48
659328,82416,3863.96,85.06,2.29,48
659328,82416,2367.95,83.11,92.79,48
659712,82464,819.05,24.78,0.60,48
659712,82464,2808.90,85.17,70.86,48
659712,82464,390.76,19.53,9.24,48
659712,82464,2330.17,87.56,117.24,48
659712,82464,3678.31,87.62,20.15,48
659712,82464,1121.46,87.71,207.81,48
659712,82464,1181.79,85.66,188.61,48
659712,82464,2636.18,82.73,78.36,48
660096,82512,-501.74,20.60,41.15,48
660096,82512,3487.71,84.56,23.21,48
660096,82512,3169.09,86.30,50.95,48
660096,82512,-2362.27,21.05,113.16,48
660096,82512,1800.49,86.22,150.85,48
660096,82512,3226.36,85.67,45.62,48
660096,82512,3700.06,84.31,1.33,48
660096,82512,2628.66,83.81,80.84,48
660480,82560,516.91,23.05,5.27,48
660480,82560,549.76,23.03,4.80,48
660480,82560,3845.95,85.66,1.45,48
660480,82560,3943.85,86.29,0.00,48
660480,82560,-3846.38,21.37,170.49,48
660480,82560,3643.17,83.15,0.72,48
660480,82560,3800.55,86.16,2.55,48
660480,82560,2938.21,86.62,70.79,48
660864,82608,-1083.85,22.24,66.39,48
660864,82608,1383.23,84.17,172.01,48
660864,82608,-13268.17,23.02,530.54,48
660864,82608,547.80,20.24,4.14,48
660864,82608,-824.84,21.10,56.96,48
660864,82608,-585.83,20.37,44.23,48
660864,82608,3907.11,86.91,2.56,48
660864,82608,3550.83,82.70,10.78,48
661248,82656,-162.26,23.61,35.70,48
661248,82656,3730.36,86.52,14.98,48
661248,82656,3358.17,86.48,37.21,48
661248,82656,3350.99,86.69,38.78,48
661248,82656,1651.30,89.22,175.39,48
661248,82656,-666.35,85.60,324.54,48
661248,82656,3387.11,86.10,36.15,48
661248,82656,1809.34,84.81,139.45,48
661632,82704,3532.51,82.04,10.56,48
661632,82704,3824.93,85.60,3.62,48
661632,82704,2580.02,86.15,93.26,48
661632,82704,3685.76,86.37,16.35,48
661632,82704,531.66,20.74,4.16,48
661632,82704,695.24,21.46,1.24,48
661632,82704,3895.13,87.83,7.45,48
661632,82704,-676.26,19.31,46.61,48
662016,82752,3161.66,89.01,61.59,48
662016,82752,3232.30,87.06,49.90,48
662016,82752,3332.60,87.07,41.65,48
662016,82752,646.47,20.65,0.00,48
662016,82752,3861.94,86.12,0.88,48
662016,82752,3580.40,88.88,30.52,48
662016,82752,-1194.04,20.34,66.69,48
662016,82752,3234.98,88.55,57.36,48
662400,82800,3400.01,86.22,32.47,48
662400,82800,-840.25,85.18,336.26,48
662400,82800,-3239.59,18.95,145.50,48
662400,82800,-909.52,20.22,59.95,48
662400,82800,562.36,21.63,1.86,48
662400,82800,3847.80,86.50,2.61,48
662400,82800,3695.33,83.85,0.34,48
662400,82800,-1368.78,23.38,81.65,48
662784,82848,3689.88,85.84,14.64,48
662784,82848,3379.35,87.79,39.52,48
662784,82848,551.88,22.81,5.49,48
662784,82848,-3009.51,85.44,487.20,48
662784,82848,3901.89,88.43,6.84,48
662784,82848,2990.26,87.24,67.04,48
662784,82848,3763.17,84.09,0.05,48
662784,82848,3531.18,85.74,27.36,48
663168,82896,1867.78,84.69,133.06,48
663168,82896,3666.48,84.88,8.54,48
663168,82896,3985.92,87.25,0.01,48
663168,82896,3092.62,87.71,64.87,48
663168,82896,-3096.08,22.01,143.17,48
663168,82896,1654.42,88.01,170.77,48
663168,82896,1398.22,87.16,181.80,48
663168,82896,64.87,21.42,20.50,48
663552,82944,-36.15,19.73,23.04,48
663552,82944,679.19,20.36,1.24,48
663552,82944,3332.44,82.28,26.31,48
663552,82944,3513.19,83.36,14.02,48
663552,82944,3781.42,84.62,3.32,48
663552,82944,3668.73,82.69,0.66,48
663552,82944,-182.49,22.65,34.61,48
663552,82944,3723.73,86.85,12.38,48
663936,82992,3871.98,88.03,6.28,48
663936,82992,3681.08,86.23,13.69,48
663936,82992,-4384.13,21.83,193.05,48
663936,82992,4058.66,90.83,7.99,48
663936,82992,305.80,19.60,11.09,48
663936,82992,-657.28,20.56,47.76,48
663936,82992,2033.80,85.74,127.63,48
663936,82992,3508.95,83.57,14.72,48
664320,83040,650.65,20.38,0.31,48
664320,83040,3946.39,88.64,4.45,48
664320,83040,1201.01,83.58,183.33,48
664320,83040,3618.22,87.88,28.49,48
664320,83040,661.99,21.15,0.05,48
664320,83040,3927.05,88.83,3.38,48
664320,83040,283.36,20.78,14.09,48
664320,83040,-3766.45,19.83,163.53,48
664704,83088,3204.86,86.30,41.37,48
664704,83088,3783.07,85.68,1.62,48
664704,83088,3693.39,84.28,5.33,48
664704,83088,3812.80,84.99,1.97,48
664704,83088,572.10,20.77,3.20,48
664704,83088,3616.40,84.89,14.76,48
664704,83088,4084.11,89.19,0.47,48
664704,83088,3965.81,88.03,0.19,48
665088,83136,620.59,19.80,0.47,48
665088,83136,-584.58,22.62,49.35,48
665088,83136,446.69,22.12,10.18,48
665088,83136,3884.38,86.63,0.00,48
665088,83136,3990.87,87.15,0.00,48
665088,83136,584.02,19.34,0.00,48
665088,83136,-1008.36,22.48,63.97,48
665088,83136,2229.69,82.79,103.89,48
665472,83184,3458.43,86.62,32.31,48
665472,83184,3515.71,85.74,26.11,48
665472,83184,3777.68,85.22,0.28,48
665472,83184,537.73,19.54,1.16,48
665472,83184,2538.39,86.87,101.27,48
665472,83184,3736.89,87.36,15.38,48
665472,83184,3714.24,85.16,4.71,48
665472,83184,3012.14,84.04,52.55,48
665856,83232,3805.59,84.83,1.49,48
665856,83232,3659.79,86.64,19.22,48
665856,83232,3502.73,86.12,24.63,48
665856,83232,3947.01,87.62,1.21,48
665856,83232,426.89,23.43,14.79,48
665856,83232,-2000.31,85.89,421.41,48
665856,83232,3737.98,85.43,6.42,48
665856,83232,1837.41,84.85,143.31,48
666240,83280,3376.23,84.95,32.16,48
666240,83280,-4165.04,25.33,187.18,48
666240,83280,2745.38,90.48,99.79,48
666240,83280,605.18,20.77,1.24,48
666240,83280,3600.47,89.27,32.36,48
666240,83280,4028.96,88.32,0.43,48
666240,83280,630.94,19.01,0.00,48
666240,83280,-2559.65,20.93,120.59,48
666624,83328,3345.70,85.55,37.95,48
666624,83328,-13327.24,23.28,533.52,48
666624,83328,297.35,20.79,11.73,48
666624,83328,3507.00,86.68,29.09,48
666624,83328,3742.61,88.26,11.45,48
666624,83328,-2257.62,86.99,445.61,48
666624,83328,3862.49,86.68,2.47,48
666624,83328,3439.79,86.29,29.85,48
667008,83376,2584.20,84.90,88.36,48
667008,83376,3409.97,85.04,31.60,48
667008,83376,1934.21,87.36,145.13,48
667008,83376,-911.63,25.23,67.22,48
667008,83376,31.06,22.38,28.38,48
667008,83376,2940.45,85.81,67.25,48
667008,83376,3794.93,86.82,3.71,48
667008,83376,550.85,23.17,7.73,48
667392,83424,4124.56,90.55,1.37,48
667392,83424,-1738.07,20.28,89.17,48
667392,83424,3644.94,85.37,11.95,48
667392,83424,3682.21,85.20,4.87,48
667392,83424,521.05,18.08,0.83,48
667392,83424,513.09,88.03,247.90,48
667392,83424,-2759.41,83.32,465.88,48
667392,83424,-132.56,23.51,33.64,48
667776,83472,663.50,24.40,7.36,48
667776,83472,-13056.38,22.92,524.46,48
667776,83472,-2720.00,20.92,127.55,48
667776,83472,3945.74,87.08,0.61,48
667776,83472,483.76,18.54,3.64,48
667776,83472,-2870.47,22.26,138.39,48
667776,83472,-2929.88,86.74,490.56,48
667776,83472,-788.52,18.52,49.80,48
668160,83520,2660.85,86.94,90.58,48
668160,83520,3628.06,89.35,32.51,48
668160,83520,3776.93,84.11,0.00,48
668160,83520,-12203.60,20.41,486.92,48
668160,83520,3959.09,89.89,11.56,48
668160,83520,3609.19,88.88,31.89,48
668160,83520,-3053.25,87.78,505.16,48
668160,83520,612.85,25.57,9.17,48
668544,83568,3792.80,86.07,0.96,48
668544,83568,723.23,22.79,0.00,48
668544,83568,491.51,21.98,9.65,48
668544,83568,735.07,21.87,0.00,48
668544,83568,-8274.68,22.64,341.98,48
668544,83568,3697.48,85.03,10.29,48
668544,83568,1971.14,86.83,138.99,48
668544,83568,627.90,21.41,0.99,48
668928,83616,2256.09,85.90,111.03,48
668928,83616,3909.99,87.52,2.91,48
668928,83616,4026.63,89.52,3.35,48
668928,83616,698.94,19.88,0.00,48
668928,83616,3680.83,86.53,15.42,48
668928,83616,-14219.45,23.25,566.00,48
668928,83616,-815.09,23.34,57.91,48
668928,83616,3385.01,85.45,31.34,48
669312,83664,3736.07,85.23,6.92,48
669312,83664,-4108.71,89.64,585.58,48
669312,83664,-4226.90,21.33,186.77,48
669312,83664,-3791.53,22.49,173.48,48
669312,83664,3926.37,87.25,2.24,48
669312,83664,3508.28,87.39,32.52,48
669312,83664,3825.53,85.04,0.53,48
669312,83664,413.79,21.59,11.21,48
669696,83712,318.51,17.33,8.50,48
669696,83712,249.75,20.71,19.47,48
669696,83712,-248.15,22.52,34.66,48
669696,83712,987.77,88.78,216.15,48
669696,83712,2568.66,84.13,89.69,48
669696,83712,3848.24,84.81,0.00,48
669696,83712,3901.15,87.12,1.64,48
669696,83712,2448.50,84.83,92.09,48
670080,83760,3799.96,86.14,3.44,48
670080,83760,3329.39,86.69,39.79,48
670080,83760,327.85,21.80,8.83,48
670080,83760,3707.32,82.60,4.81,48
670080,83760,3796.83,85.25,0.00,48
670080,83760,3192.43,84.68,42.97,48
670080,83760,-3775.34,22.24,169.75,48
670080,83760,-2955.98,18.05,133.42,48
670464,83808,3075.57,86.59,56.46,48
670464,83808,3744.08,82.87,0.00,48
670464,83808,-3813.94,21.66,171.99,48
670464,83808,3875.23,86.76,0.19,48
670464,83808,533.41,25.14,7.12,48
670464,83808,717.30,20.93,0.00,48
670464,83808,-3133.24,25.36,150.73,48
670464,83808,-442.33,22.78,45.18,48
670848,83856,3453.34,87.42,32.71,48
670848,83856,2037.04,88.07,136.73,48
670848,83856,3653.39,82.17,0.00,48
670848,83856,3870.72,85.50,0.28,48
670848,83856,-3882.43,21.07,171.66,48
670848,83856,563.67,18.96,0.27,48
670848,83856,3166.62,82.40,33.33,48
670848,83856,629.95,20.97,1.29,48
671232,83904,3822.10,85.16,0.09,48
671232,83904,-2352.95,18.65,109.88,48
671232,83904,-249.96,17.19,27.92,48
671232,83904,3129.10,90.22,75.07,48
671232,83904,4024.30,87.87,0.25,48
671232,83904,1904.02,85.70,143.00,48
671232,83904,536.23,18.82,2.71,48
671232,83904,-4348.01,21.98,189.33,48
671616,83952,311.60,19.74,9.92,48
671616,83952,3827.28,84.52,0.00,48
671616,83952,-423.67,20.19,38.31,48
671616,83952,3826.83,86.18,0.00,48
671616,83952,-2524.92,21.20,119.91,48
671616,83952,3712.53,88.96,22.48,48
671616,83952,2818.64,85.66,72.28,48
671616,83952,-544.51,22.46,49.73,48
672000,84000,1687.23,85.17,151.14,48
672000,84000,-133.29,19.11,25.50,48
672000,84000,3341.37,86.44,39.35,48
672000,84000,3587.63,82.11,5.52,48
672000,84000,3937.00,87.22,0.66,48
672000,84000,-72.09,20.98,29.09,48
672000,84000,1780.35,84.28,143.66,48
672000,84000,3698.80,84.89,9.87,48
672384,84048,3891.32,86.73,0.74,48
672384,84048,3864.58,86.03,2.52,48
672384,84048,3447.61,85.39,26.60,48
672384,84048,654.50,23.37,4.38,48
672384,84048,594.49,19.02,0.00,48
672384,84048,-719.54,18.16,47.29,48
672384,84048,3612.96,85.30,14.28,48
672384,84048,3803.68,87.21,7.70,48
672768,84096,2961.58,84.50,60.69,48
672768,84096,-2361.14,21.04,112.05,48
672768,84096,-2120.79,22.14,105.77,48
672768,84096,597.79,19.08,1.06,48
672768,84096,-196.72,18.55,31.92,48
672768,84096,-1389.52,18.26,73.57,48
672768,84096,3748.76,83.51,0.00,48
672768,84096,2799.03,87.38,79.23,48
673152,84144,3853.46,86.16,0.39,48
673152,84144,3965.81,88.62,5.80,48
673152,84144,3900.53,86.01,0.31,48
673152,84144,3803.91,84.88,0.19,48
673152,84144,270.78,20.11,12.53,48
673152,84144,717.08,22.48,0.43,48
673152,84144,2368.66,85.59,108.81,48
673152,84144,3745.48,84.83,3.97,48
673536,84192,678.66,20.35,0.28,48
673536,84192,553.92,19.19,0.61,48
673536,84192,2669.74,87.30,86.34,48
673536,84192,3839.82,88.29,13.06,48
673536,84192,3763.65,87.79,16.45,48
673536,84192,3950.38,86.18,0.00,48
673536,84192,3815.56,85.76,2.52,48
673536,84192,-9366.01,22.53,379.39,48
673920,84240,105.19,23.54,23.07,48
673920,84240,3547.48,86.07,27.70,48
673920,84240,3707.50,88.41,21.15,48
673920,84240,662.84,23.00,3.05,48
673920,84240,-465.26,22.63,43.32,48
673920,84240,3984.44,87.43,0.00,48
673920,84240,-4818.92,22.01,207.78,48
673920,84240,3759.66,86.11,8.35,48
674304,84288,3053.98,88.37,65.25,48
674304,84288,298.85,21.63,17.03,48
674304,84288,-3692.67,19.17,161.32,48
674304,84288,3883.92,87.43,4.00,48
674304,84288,338.66,21.90,11.79,48
674304,84288,3657.10,84.23,10.52,48
674304,84288,2465.27,88.62,112.22,48
674304,84288,-2730.49,22.67,129.80,48
674688,84336,619.90,21.43,2.58,48
674688,84336,564.74,20.63,0.05,48
674688,84336,3765.23,86.89,9.67,48
674688,84336,4019.10,88.68,1.69,48
674688,84336,3970.36,87.23,0.74,48
674688,84336,3267.11,85.88,45.66,48
674688,84336,3736.41,81.72,0.10,48
674688,84336,3463.71,84.19,15.52,48
675072,84384,3798.57,84.10,0.00,48
675072,84384,-7271.12,20.52,301.21,48
675072,84384,3779.42,87.87,14.68,48
675072,84384,-347.23,19.16,33.23,48
675072,84384,3801.63,85.69,1.24,48
675072,84384,646.44,20.90,1.21,48
675072,84384,3782.89,85.06,0.57,48
675072,84384,-3131.72,18.28,139.13,48
675456,84432,3557.55,86.09,21.29,48
675456,84432,298.54,19.90,12.62,48
675456,84432,390.44,21.02,12.18,48
675456,84432,3301.28,86.15,40.26,48
675456,84432,2183.47,85.50,121.21,48
675456,84432,1555.61,87.49,174.14,48
675456,84432,3830.50,87.09,6.72,48
675456,84432,3482.20,86.07,25.34,48
675840,84480,3474.67,84.22,19.97,48
675840,84480,3164.79,88.73,59.30,48
675840,84480,587.02,19.99,0.00,48
675840,84480,1621.92,83.35,150.47,48
675840,84480,-268.60,26.41,45.43,48
675840,84480,-341.06,20.23,39.07,48
675840,84480,3884.46,87.06,2.54,48
675840,84480,667.39,20.47,1.20,48
676224,84528,3830.26,85.82,2.26,48
676224,84528,2318.16,83.47,99.33,48
676224,84528,584.34,19.42,0.00,48
676224,84528,3829.91,85.47,0.27,48
676224,84528,3903.46,87.21,0.00,48
676224,84528,3910.75,87.40,0.00,48
676224,84528,3749.66,85.61,0.00,48
676224,84528,3907.60,87.21,1.21,48
676608,84576,-138.82,19.78,26.77,48
676608,84576,3828.45,84.92,0.71,48
676608,84576,3804.94,84.91,0.10,48
676608,84576,4105.76,89.13,0.18,48
676608,84576,-2471.41,23.53,121.26,48
676608,84576,2774.99,82.47,65.53,48
676608,84576,2631.01,86.02,90.21,48
676608,84576,3014.47,83.71,50.90,48
676992,84624,1895.27,86.64,142.79,48
676992,84624,749.90,22.40,0.00,48
676992,84624,-3146.02,23.69,150.32,48
676992,84624,2880.72,84.81,67.29,48
676992,84624,3910.04,86.69,1.24,48
676992,84624,3562.24,85.57,21.64,48
676992,84624,3603.44,88.24,26.67,48
676992,84624,451.02,19.83,5.62,48
677376,84672,3264.02,87.45,50.54,48
677376,84672,3909.82,87.05,0.43,48
677376,84672,3663.09,87.68,25.36,48
677376,84672,3878.46,85.24,0.00,48
677376,84672,260.88,20.03,12.25,48
677376,84672,3732.39,83.87,0.51,48
677376,84672,591.29,24.26,4.87,48
677376,84672,3706.66,83.26,1.92,48
677760,84720,2828.11,89.06,88.72,48
677760,84720,3805.71,86.03,0.47,48
677760,84720,3737.33,84.58,2.24,48
677760,84720,3279.56,85.19,38.57,48
677760,84720,3921.24,86.98,1.60,48
677760,84720,3980.74,87.90,0.19,48
677760,84720,3629.93,84.38,10.89,48
677760,84720,590.52,20.03,4.40,48
678144,84768,3587.27,83.66,11.98,48
678144,84768,3635.64,85.13,9.27,48
678144,84768,3583.36,86.68,19.45,48
678144,84768,-4331.68,87.32,593.96,48
678144,84768,3708.63,86.65,11.20,48
678144,84768,3643.19,83.07,8.38,48
678144,84768,3347.30,85.02,29.13,48
678144,84768,-3339.13,84.20,509.88,48
678528,84816,2460.95,86.11,97.31,48
678528,84816,3119.35,84.57,45.77,48
678528,84816,437.30,21.47,10.95,48
678528,84816,477.07,19.86,6.43,48
678528,84816,3485.36,86.43,27.83,48
678528,84816,716.62,22.01,1.24,48
678528,84816,2382.01,83.92,96.66,48
678528,84816,615.35,19.93,0.00,48
678912,84864,2609.50,89.37,101.95,48
678912,84864,3672.53,87.47,19.57,48
678912,84864,1381.10,85.68,180.24,48
678912,84864,3827.34,87.84,10.40,48
678912,84864,3943.73,87.90,0.00,48
678912,84864,2123.47,83.89,114.04,48
678912,84864,2940.88,87.54,71.63,48
678912,84864,45.97,17.41,19.64,48
679296,84912,2681.11,87.17,91.06,48
679296,84912,-2978.74,23.17,140.90,48
679296,84912,3475.11,85.46,25.07,48
679296,84912,581.86,18.87,1.29,48
679296,84912,3986.96,88.06,1.42,48
679296,84912,586.71,18.92,0.43,48
679296,84912,3571.23,84.34,11.97,48
679296,84912,229.24,18.94,15.61,48
679680,84960,116.48,84.66,264.45,48
679680,84960,3901.71,86.18,0.28,48
679680,84960,-2923.71,21.30,136.59,48
679680,84960,3805.02,85.34,0.43,48
679680,84960,3924.53,87.76,0.69,48
679680,84960,3871.42,86.36,0.27,48
679680,84960,3514.69,84.31,16.65,48
679680,84960,1391.44,85.73,177.90,48
680064,85008,3866.76,85.33,0.00,48
680064,85008,429.16,18.08,5.64,48
680064,85008,-1818.61,25.29,101.84,48
680064,85008,3819.39,85.45,0.00,48
680064,85008,2333.27,89.80,128.25,48
680064,85008,3880.20,86.01,0.19,48
680064,85008,3316.88,84.27,32.48,48
680064,85008,3815.44,86.10,1.37,48
680448,85056,1853.90,87.93,151.81,48
680448,85056,3576.67,85.66,18.52,48
680448,85056,2234.71,87.82,126.09,48
680448,85056,602.47,20.37,0.00,48
680448,85056,3870.07,86.07,1.34,48
680448,85056,3478.59,86.92,28.10,48
680448,85056,287.31,23.29,17.86,48
680448,85056,2485.79,84.76,91.83,48
680832,85104,-831.65,87.06,338.34,48
680832,85104,238.09,23.61,20.97,48
680832,85104,273.01,24.37,21.61,48
680832,85104,536.03,22.35,7.75,48
680832,85104,1618.29,85.83,159.22,48
680832,85104,3776.91,84.89,0.00,48
680832,85104,3652.82,87.71,23.55,48
680832,85104,3477.31,85.55,27.20,48
681216,85152,-308.17,18.40,35.46,48
681216,85152,3839.17,85.12,0.40,48
681216,85152,3550.55,85.46,20.62,48
681216,85152,3793.12,84.91,2.76,48
681216,85152,3921.00,86.59,0.28,48
681216,85152,-1402.47,87.81,385.74,48
681216,85152,633.42,19.59,0.01,48
681216,85152,3499.33,86.54,26.50,48
681600,85200,3753.24,84.38,2.19,48
681600,85200,3309.84,84.93,35.65,48
681600,85200,2180.58,86.72,125.17,48
681600,85200,3738.26,83.97,0.10,48
681600,85200,-3080.70,18.06,138.78,48
681600,85200,-8356.85,21.23,342.70,48
681600,85200,3824.78,87.33,11.27,48
681600,85200,3494.33,86.72,33.18,48
681984,85248,2599.53,89.61,107.40,48
681984,85248,232.53,19.23,10.75,48
681984,85248,3226.82,86.33,44.25,48
681984,85248,3904.27,86.88,1.21,48
681984,85248,3210.20,86.56,49.99,48
681984,85248,-282.96,17.78,31.87,48
681984,85248,1826.54,86.58,150.53,48
681984,85248,3898.16,87.32,3.63,48
682368,85296,3308.17,87.89,46.72,48
682368,85296,3330.08,84.65,31.20,48
682368,85296,3170.72,84.27,42.83,48
682368,85296,4015.09,89.10,0.71,48
682368,85296,3574.10,86.57,23.53,48
682368,85296,4003.95,88.18,0.39,48
682368,85296,-94.42,20.95,30.67,48
682368,85296,345.90,22.25,13.52,48
682752,85344,3604.57,84.36,13.82,48
682752,85344,677.13,21.61,1.21,48
682752,85344,3498.38,88.70,40.17,48
682752,85344,3992.21,87.50,0.02,48
682752,85344,3862.18,87.37,4.44,48
682752,85344,3217.86,84.80,40.72,48
682752,85344,2216.31,84.67,109.31,48
682752,85344,3849.92,87.20,7.11,48
683136,85392,2027.30,83.50,119.42,48
683136,85392,3805.70,86.85,8.54,48
683136,85392,622.21,20.90,1.46,48
683136,85392,3710.45,86.73,12.37,48
683136,85392,642.15,20.73,0.31,48
683136,85392,727.31,21.05,0.31,48
683136,85392,3972.51,88.06,0.00,48
683136,85392,3247.50,86.95,45.09,48
683520,85440,60.55,17.75,17.50,48
683520,85440,4018.43,89.04,1.14,48
683520,85440,3765.98,85.65,10.36,48
683520,85440,3746.29,90.19,29.59,48
683520,85440,3896.26,86.49,1.53,48
683520,85440,74.86,22.50,23.89,48
683520,85440,-7582.23,19.46,312.09,48
683520,85440,-3739.47,21.14,168.99,48
683904,85488,57.54,23.62,24.47,48
683904,85488,3842.38,87.62,5.95,48
683904,85488,2908.31,85.34,67.33,48
683904,85488,3631.18,85.40,11.05,48
683904,85488,3833.02,84.86,0.33,48
683904,85488,3276.32,88.90,54.61,48
683904,85488,3333.26,86.23,38.29,48
683904,85488,-14145.78,23.04,564.41,48
684288,85536,3892.76,87.84,1.46,48
684288,85536,3620.87,86.10,23.84,48
684288,85536,2064.12,87.79,140.41,48
684288,85536,-1236.99,19.54,71.73,48
684288,85536,-2492.06,23.40,125.11,48
684288,85536,-3799.85,22.00,170.71,48
684288,85536,3193.41,82.82,36.61,48
684288,85536,3862.24,86.33,1.70,48
684672,85584,3163.64,83.18,37.68,48
684672,85584,615.87,19.55,0.00,48
684672,85584,-224.08,20.38,33.90,48
684672,85584,3435.17,84.94,25.77,48
684672,85584,3036.53,82.10,41.86,48
684672,85584,3893.40,86.48,0.26,48
684672,85584,-1541.55,20.08,82.21,48
684672,85584,2476.33,85.67,98.53,48
685056,85632,-3386.93,85.39,516.86,48
685056,85632,-1309.02,20.40,75.84,48
685056,85632,550.61,20.51,2.69,48
685056,85632,3457.59,84.69,23.12,48
685056,85632,14.86,23.97,27.37,48
685056,85632,528.82,22.37,6.06,48
685056,85632,760.83,22.46,0.72,48
685056,85632,3803.07,84.28,0.00,48
685440,85680,3138.07,81.54,37.60,48
685440,85680,2934.25,89.49,82.28,48
685440,85680,1662.66,86.20,159.43,48
685440,85680,3792.31,86.95,10.10,48
685440,85680,-498.51,21.73,47.49,48
685440,85680,3279.20,85.45,36.39,48
685440,85680,3897.13,86.63,0.00,48
685440,85680,2360.30,85.12,102.53,48
685824,85728,758.25,23.02,0.62,48
685824,85728,1589.53,86.03,165.65,48
685824,85728,619.71,22.80,1.23,48
685824,85728,2943.29,87.32,72.85,48
685824,85728,3624.59,87.67,23.96,48
685824,85728,3830.68,87.30,9.42,48
685824,85728,-596.04,22.89,52.50,48
685824,85728,2906.15,85.32,66.64,48
686208,85776,-3424.24,18.94,152.69,48
686208,85776,3185.01,87.65,52.80,48
686208,85776,3741.92,83.19,0.00,48
686208,85776,-342.33,19.85,36.94,48
686208,85776,3238.65,88.82,57.18,48
686208,85776,1501.37,83.92,160.63,48
686208,85776,3691.29,85.87,15.87,48
686208,85776,3912.21,86.44,0.80,48
686592,85824,3320.23,87.76,50.46,48
686592,85824,2269.48,85.27,110.84,48
686592,85824,-1442.39,21.86,82.24,48
686592,85824,30.16,20.22,23.69,48
686592,85824,3684.05,83.86,1.18,48
686592,85824,-262.61,21.82,34.55,48
686592,85824,-3336.42,20.21,150.55,48
686592,85824,1452.77,89.43,188.50,48
686976,85872,678.93,23.18,1.83,48
686976,85872,3703.16,84.02,2.65,48
686976,85872,3874.59,87.07,2.78,48
686976,85872,637.57,23.58,2.80,48
686976,85872,2515.63,84.75,94.94,48
686976,85872,3655.70,86.22,14.69,48
686976,85872,-1533.49,18.49,77.29,48
686976,85872,-3099.57,18.75,139.45,48
687360,85920,12.55,19.18,20.37,48
687360,85920,4079.00,89.13,1.54,48
687360,85920,2292.29,88.76,128.03,48
687360,85920,3626.71,83.82,7.11,48
687360,85920,725.92,22.51,0.00,48
687360,85920,-1496.76,20.61,76.49,48
687360,85920,-7.74,22.66,28.13,48
687360,85920,3716.54,85.51,9.63,48
687744,85968,-1885.67,21.97,95.18,48
687744,85968,3623.64,83.71,4.38,48
687744,85968,715.31,22.63,0.26,48
687744,85968,3655.03,87.87,25.16,48
687744,85968,3558.09,80.96,4.39,48
687744,85968,3591.48,83.00,7.29,48
687744,85968,3787.76,85.23,1.03,48
687744,85968,470.71,22.82,11.83,48
688128,86016,3687.78,85.56,8.38,48
688128,86016,3952.48,88.28,1.49,48
688128,86016,434.70,20.83,11.06,48
688128,86016,-541.31,22.00,45.22,48
688128,86016,-3720.45,84.78,538.45,48
688128,86016,-2977.65,21.62,139.17,48
688128,86016,3579.05,86.52,20.40,48
688128,86016,3392.69,85.03,27.22,48
688512,86064,2703.22,88.17,92.92,48
688512,86064,3703.99,84.42,4.21,48
688512,86064,3953.86,86.93,2.90,48
688512,86064,2614.18,89.12,105.23,48
688512,86064,-1476.32,19.57,78.81,48
688512,86064,3160.10,85.53,50.21,48
688512,86064,2082.33,87.34,138.07,48
688512,86064,3669.97,83.76,7.13,48
688896,86112,2400.78,88.44,116.38,48
688896,86112,3694.92,84.33,7.03,48
688896,86112,654.43,21.55,0.88,48
688896,86112,-12942.45,21.66,512.87,48
688896,86112,3873.94,86.71,5.22,48
688896,86112,-128.98,23.86,32.57,48
688896,86112,3643.08,84.45,10.62,48
688896,86112,-57.55,22.82,29.72,48
689280,86160,3931.27,88.64,5.90,48
689280,86160,496.56,20.70,5.97,48
689280,86160,4001.57,88.25,1.17,48
689280,86160,762.10,24.13,0.25,48
689280,86160,1742.03,84.56,149.21,48
689280,86160,3780.53,85.33,1.18,48
689280,86160,3806.51,84.86,0.00,48
689280,86160,-4529.85,22.73,199.21,48
689664,86208,1994.41,86.16,133.17,48
689664,86208,3466.99,84.28,22.27,48
689664,86208,3898.63,86.17,3.10,48
689664,86208,675.00,20.47,0.00,48
689664,86208,1564.51,87.84,176.20,48
689664,86208,3726.24,84.33,1.71,48
689664,86208,3916.92,86.62,0.26,48
689664,86208,-1473.98,22.06,82.46,48
690048,86256,3799.67,84.49,0.19,48
690048,86256,70.56,21.50,24.04,48
690048,86256,3754.87,85.14,0.79,48
690048,86256,3424.77,88.19,42.75,48
690048,86256,846.02,24.90,1.48,48
690048,86256,44.65,20.01,22.11,48
690048,86256,578.22,23.51,5.12,48
690048,86256,3215.16,88.25,54.83,48
690432,86304,666.71,20.61,0.00,48
690432,86304,3492.09,84.44,20.99,48
690432,86304,3803.33,84.81,0.00,48
690432,86304,826.38,26.07,0.00,48
690432,86304,2775.37,82.09,65.19,48
690432,86304,3347.38,85.91,36.44,48
690432,86304,2923.02,82.46,57.28,48
690432,86304,2512.28,85.28,92.84,48
690816,86352,2174.15,86.20,121.60,48
690816,86352,1999.70,88.52,142.35,48
690816,86352,3838.87,85.96,0.87,48
690816,86352,617.43,21.36,0.57,48
690816,86352,51.03,21.91,24.55,48
690816,86352,3851.44,86.61,1.21,48
690816,86352,3722.78,85.22,9.44,48
690816,86352,3724.77,85.44,10.08,48
691200,86400,2651.28,85.22,86.99,48
691200,86400,3831.03,84.71,0.51,48
691200,86400,3176.55,84.80,39.82,48
691200,86400,545.04,22.33,6.09,48
691200,86400,3394.77,86.98,37.71,48
691200,86400,3745.91,86.43,10.93,48
691200,86400,3888.31,86.34,0.72,48
691200,86400,280.87,21.08,15.92,48
691584,86448,3843.29,85.50,0.05,48
691584,86448,537.91,19.83,1.83,48
691584,86448,-3178.50,84.74,503.13,48
691584,86448,3468.58,89.02,42.88,48
691584,86448,-1174.95,22.97,71.71,48
691584,86448,-1321.78,18.81,74.34,48
691584,86448,234.42,20.29,13.13,48
691584,86448,3910.23,86.99,0.57,48
691968,86496,562.66,18.88,0.43,48
691968,86496,3618.17,83.95,9.88,48
691968,86496,-723.28,20.96,51.31,48
691968,86496,3814.86,84.26,1.29,48
691968,86496,3840.14,87.69,12.51,48
691968,86496,3198.01,85.41,45.12,48
691968,86496,-4020.45,21.19,177.76,48
691968,86496,-356.82,22.81,39.81,48
692352,86544,680.85,21.41,2.39,48
692352,86544,3631.95,87.22,19.70,48
692352,86544,2013.80,85.49,125.84,48
692352,86544,537.43,18.59,0.58,48
692352,86544,3104.52,87.99,61.77,48
692352,86544,3066.97,84.20,49.22,48
692352,86544,3857.97,86.05,1.54,48
692352,86544,2122.67,85.48,122.34,48
692736,86592,3505.62,85.77,24.58,48
692736,86592,783.20,22.64,0.57,48
692736,86592,3675.81,86.42,12.35,48
692736,86592,3903.88,86.76,1.01,48
692736,86592,3443.65,81.80,16.33,48
692736,86592,3341.94,89.22,53.56,48
692736,86592,-1534.42,21.00,84.24,48
692736,86592,3189.85,85.45,44.26,48
693120,86640,-3291.04,23.85,154.28,48
693120,86640,-2279.86,25.51,120.02,48
693120,86640,1807.84,84.93,139.80,48
693120,86640,3758.66,84.60,1.75,48
693120,86640,-987.46,86.20,346.82,48
693120,86640,3833.95,85.78,0.19,48
693120,86640,2379.90,85.06,103.06,48
693120,86640,-1884.32,19.41,96.96,48
693504,86688,3163.37,86.10,49.38,48
693504,86688,3941.77,86.95,0.43,48
693504,86688,3184.97,84.85,45.77,48
693504,86688,3803.61,85.20,1.28,48
693504,86688,3844.68,85.39,1.99,48
693504,86688,3627.36,81.32,0.00,48
693504,86688,2526.18,85.59,95.97,48
693504,86688,-4183.71,22.00,186.82,48
693888,86736,3044.11,87.64,66.67,48
693888,86736,1516.07,87.30,174.67,48
693888,86736,3891.06,86.60,0.10,48
693888,86736,3957.85,87.06,0.62,48
693888,86736,3911.02,86.70,0.35,48
693888,86736,2862.04,85.89,67.78,48
693888,86736,3845.14,86.60,1.24,48
693888,86736,2817.41,86.11,75.53,48
694272,86784,3446.42,88.63,39.99,48
694272,86784,3962.60,87.53,0.32,48
694272,86784,3933.12,87.62,1.83,48
694272,86784,3749.86,85.07,0.19,48
694272,86784,2923.36,85.33,68.10,48
694272,86784,751.97,22.40,1.44,48
694272,86784,-2067.99,22.17,108.70,48
694272,86784,3395.88,86.11,30.82,48
694656,86832,3129.55,87.74,60.03,48
694656,86832,-601.15,20.50,46.95,48
694656,86832,-1838.34,26.59,103.03,48
694656,86832,-2831.00,22.86,134.96,48
694656,86832,823.57,24.74,1.33,48
694656,86832,174.11,21.46,16.99,48
694656,86832,645.64,21.82,0.72,48
694656,86832,3056.44,85.68,58.71,48
695040,86880,3790.58,85.81,6.78,48
695040,86880,-3820.47,20.28,169.24,48
695040,86880,-3968.00,21.35,175.92,48
695040,86880,3659.47,88.97,28.67,48
695040,86880,4047.94,88.00,0.43,48
695040,86880,3769.29,85.25,1.01,48
695040,86880,358.50,19.93,10.41,48
695040,86880,4133.03,90.27,0.67,48
695424,86928,3859.65,85.58,0.31,48
695424,86928,3128.63,87.57,58.78,48
695424,86928,3997.26,87.76,0.19,48
695424,86928,-1652.22,23.52,92.26,48
695424,86928,2958.36,86.76,66.48,48
695424,86928,-4639.65,20.59,199.88,48
695424,86928,-717.27,22.87,53.31,48
695424,86928,3540.31,86.37,26.63,48
695808,86976,-2608.47,86.68,467.60,48
695808,86976,3589.67,81.04,0.00,48
695808,86976,3246.13,87.27,51.29,48
695808,86976,4030.79,88.94,0.38,48
695808,86976,603.25,21.34,2.59,48
695808,86976,3474.06,85.92,28.34,48
695808,86976,3995.69,88.28,4.98,48
695808,86976,2649.17,86.60,88.69,48
696192,87024,1967.59,88.09,146.90,48
696192,87024,3457.15,82.06,11.41,48
696192,87024,2979.68,85.70,61.35,48
696192,87024,588.51,22.52,4.44,48
696192,87024,743.38,23.77,0.76,48
696192,87024,-11093.37,20.67,444.83,48
696192,87024,663.66,23.51,4.83,48
696192,87024,-1116.86,19.88,69.06,48
696576,87072,2515.68,85.85,92.76,48
696576,87072,-1216.58,20.53,69.73,48
696576,87072,3338.44,85.45,35.37,48
696576,87072,-11920.86,20.31,475.37,48
696576,87072,3488.14,87.36,35.71,48
696576,87072,3758.40,84.03,5.85,48
696576,87072,3639.16,84.71,11.05,48
696576,87072,3712.02,87.22,14.88,48
696960,87120,2811.44,86.42,81.60,48
696960,87120,635.25,19.32,0.10,48
696960,87120,417.68,22.07,14.96,48
696960,87120,3252.57,87.67,54.12,48
696960,87120,-542.30,21.77,47.26,48
696960,87120,3810.45,87.08,6.50,48
696960,87120,338.57,22.02,15.20,48
696960,87120,672.18,24.97,6.89,48
697344,87168,3723.79,84.25,6.30,48
697344,87168,3740.13,84.20,0.27,48
697344,87168,3616.50,83.77,11.55,48
697344,87168,3757.10,84.10,0.66,48
697344,87168,-485.56,22.25,44.66,48
697344,87168,3727.34,84.27,0.60,48
697344,87168,3495.36,87.24,30.81,48
697344,87168,300.49,24.83,20.01,48
697728,87216,2210.59,84.88,113.17,48
697728,87216,761.40,22.04,0.21,48
697728,87216,3040.36,87.53,65.62,48
697728,87216,-106.66,20.03,29.51,48
697728,87216,3544.36,86.34,26.16,48
697728,87216,2884.89,85.32,69.61,48
697728,87216,3566.25,83.90,9.59,48
697728,87216,-1609.44,20.44,85.56,48
698112,87264,1968.55,87.24,142.13,48
698112,87264,-2088.02,85.12,426.10,48
698112,87264,3834.45,86.54,2.84,48
698112,87264,2687.27,84.53,78.84,48
698112,87264,386.45,22.47,15.42,48
698112,87264,489.33,23.21,9.69,48
698112,87264,3892.18,86.29,0.10,48
698112,87264,3386.21,85.72,31.77,48
698496,87312,3556.65,86.59,28.67,48
698496,87312,3738.56,84.99,1.70,48
698496,87312,4004.38,88.28,0.25,48
698496,87312,2478.21,86.52,106.36,48
698496,87312,3754.03,84.44,0.82,48
698496,87312,3631.86,88.03,28.71,48
698496,87312,-885.32,22.45,59.09,48
698496,87312,-731.99,22.18,53.17,48
698880,87360,2562.37,87.48,104.00,48
698880,87360,1584.67,85.38,161.57,48
698880,87360,2947.24,88.74,78.43,48
698880,87360,3511.36,84.43,16.83,48
698880,87360,695.56,21.30,0.19,48
698880,87360,16.92,20.07,27.05,48
698880,87360,3525.21,83.12,15.33,48
698880,87360,2759.29,88.74,91.42,48
699264,87408,3626.81,88.00,24.84,48
699264,87408,3828.25,87.32,10.24,48
699264,87408,3883.35,87.79,6.35,48
699264,87408,-2052.34,22.68,105.01,48
699264,87408,3949.74,87.53,1.48,48
699264,87408,3149.47,86.95,53.50,48
699264,87408,1338.46,87.71,191.76,48
699264,87408,4036.24,88.71,0.61,48
699648,87456,1085.05,85.28,197.21,48
699648,87456,-1629.13,89.54,409.24,48
699648,87456,911.22,27.80,1.74,48
699648,87456,3462.75,83.18,15.58,48
699648,87456,3601.21,90.14,39.72,48
699648,87456,2940.35,85.76,64.32,48
699648,87456,2996.98,86.89,63.57,48
699648,87456,4038.00,88.43,1.62,48
700032,87504,3813.22,87.42,10.15,48
700032,87504,612.04,25.82,9.99,48
700032,87504,3834.57,85.50,0.47,48
700032,87504,3754.84,85.16,0.32,48
700032,87504,3712.20,84.46,2.77,48
700032,87504,218.87,22.09,18.33,48
700032,87504,3937.51,86.76,0.00,48
700032,87504,4051.94,88.29,0.07,48
700416,87552,2543.97,87.82,105.46,48
700416,87552,-1485.92,21.02,80.40,48
700416,87552,3379.98,85.12,23.52,48
700416,87552,813.45,22.85,0.31,48
700416,87552,3500.69,85.47,25.47,48
700416,87552,-1016.97,20.98,67.59,48
700416,87552,3791.29,84.32,0.64,48
700416,87552,-220.55,21.30,34.89,48
700800,87600,3658.59,84.71,5.87,48
700800,87600,3496.04,88.62,36.96,48
700800,87600,-539.45,22.80,43.64,48
700800,87600,747.14,23.00,0.00,48
700800,87600,3179.60,88.59,59.16,48
700800,87600,369.80,18.04,8.22,48
700800,87600,3753.99,86.19,10.03,48
700800,87600,3504.75,89.72,45.59,48
701184,87648,-1317.12,20.44,73.51,48
701184,87648,3129.48,81.25,31.75,48
701184,87648,3832.93,88.27,12.50,48
701184,87648,3975.94,87.68,1.46,48
701184,87648,3671.90,85.17,9.23,48
701184,87648,1941.50,85.77,135.35,48
701184,87648,3088.57,85.44,53.28,48
701184,87648,3781.71,87.63,14.20,48
701568,87696,4078.10,88.74,0.00,48
701568,87696,3853.49,85.80,2.15,48
701568,87696,-9302.67,23.68,381.66,48
701568,87696,3497.55,85.93,23.23,48
701568,87696,3867.63,85.85,1.83,48
701568,87696,3798.73,85.55,3.14,48
701568,87696,3494.98,85.26,21.71,48
701568,87696,3611.93,87.15,25.90,48
701952,87744,3878.15,86.78,1.94,48
701952,87744,-1888.25,20.45,98.30,48
701952,87744,-150.48,22.47,30.52,48
701952,87744,3817.73,83.63,0.00,48
701952,87744,-2833.71,87.33,486.50,48
701952,87744,3774.29,86.27,6.00,48
701952,87744,2358.48,84.74,105.53,48
701952,87744,3425.53,87.31,36.48,48
702336,87792,3864.31,85.48,0.00,48
702336,87792,3935.18,86.86,0.00,48
702336,87792,37.03,20.53,23.64,48
702336,87792,-289.30,21.65,37.01,48
702336,87792,3155.90,88.67,64.63,48
702336,87792,3954.76,87.57,2.26,48
702336,87792,1605.61,87.54,167.99,48
702336,87792,3773.56,83.70,1.19,48
702720,87840,1470.31,85.06,165.57,48
702720,87840,-3018.62,20.26,139.78,48
702720,87840,3920.95,86.48,0.05,48
702720,87840,-1495.50,24.35,87.82,48
702720,87840,2564.58,88.59,106.01,48
702720,87840,3440.96,85.33,29.83,48
702720,87840,3775.26,86.09,9.25,48
702720,87840,2964.83,87.40,70.93,48
703104,87888,3555.73,80.82,0.16,48
703104,87888,3838.96,87.30,8.65,48
703104,87888,1088.46,85.26,197.03,48
703104,87888,3956.63,87.66,0.31,48
703104,87888,628.40,21.31,2.18,48
703104,87888,3746.16,85.94,8.63,48
703104,87888,3497.36,85.90,18.38,48
703104,87888,1966.46,84.95,133.99,48
703488,87936,3562.12,82.03,6.42,48
703488,87936,3848.05,85.99,0.61,48
703488,87936,3806.93,85.36,3.70,48
703488,87936,706.24,20.71,0.00,48
703488,87936,10.98,21.12,23.06,48
703488,87936,3665.37,82.66,0.88,48
703488,87936,-1907.51,20.35,96.05,48
703488,87936,3713.69,86.98,12.88,48
703872,87984,3732.97,85.67,9.61,48
703872,87984,226.68,18.70,10.82,48
703872,87984,1625.78,86.16,162.87,48
703872,87984,3667.84,84.97,11.48,48
703872,87984,341.59,20.87,14.99,48
703872,87984,3506.57,85.89,18.70,48
703872,87984,-990.93,22.85,63.82,48
703872,87984,3093.46,85.48,51.45,48
704256,88032,3796.94,87.12,7.66,48
704256,88032,3698.73,82.91,3.90,48
704256,88032,-337.16,18.87,34.11,48
704256,88032,3600.35,86.20,17.42,48
704256,88032,3843.01,84.99,0.00,48
704256,88032,873.38,88.47,225.38,48
704256,88032,-2843.37,22.14,132.49,48
704256,88032,2600.10,85.88,88.20,48
704640,88080,1999.27,89.16,144.75,48
704640,88080,2644.85,85.40,83.33,48
704640,88080,3953.00,86.91,0.47,48
704640,88080,-155.01,20.83,27.07,48
704640,88080,1935.71,86.60,143.39,48
704640,88080,3928.63,86.72,0.01,48
704640,88080,2703.42,87.83,94.70,48
704640,88080,490.60,20.21,4.33,48
705024,88128,620.67,21.95,2.09,48
705024,88128,718.41,23.03,2.12,48
705024,88128,-972.72,22.12,64.18,48
705024,88128,3064.77,86.93,61.87,48
705024,88128,3389.26,90.19,55.93,48
705024,88128,715.00,22.09,0.00,48
705024,88128,-828.77,82.87,321.76,48
705024,88128,3152.32,86.41,56.89,48
705408,88176,416.26,23.32,13.19,48
705408,88176,3997.23,87.34,1.94,48
705408,88176,1617.26,88.47,173.72,48
705408,88176,3818.07,86.34,0.28,48
705408,88176,-364.18,23.65,46.27,48
705408,88176,441.53,18.39,3.94,48
705408,88176,3720.20,89.25,24.35,48
705408,88176,3865.19,86.05,2.25,48
705792,88224,364.72,22.46,12.61,48
705792,88224,2233.55,82.07,99.00,48
705792,88224,570.70,20.72,3.50,48
705792,88224,3879.61,86.34,0.19,48
705792,88224,687.84,19.21,0.61,48
705792,88224,-2690.01,21.43,124.62,48
705792,88224,324.53,19.01,12.38,48
705792,88224,593.74,20.78,2.65,48
706176,88272,691.58,21.49,0.26,48
706176,88272,3933.29,86.75,0.62,48
706176,88272,3965.42,88.25,2.26,48
706176,88272,1720.32,86.78,161.25,48
706176,88272,2995.48,84.52,54.92,48
706176,88272,3330.97,87.24,44.50,48
706176,88272,4007.62,89.17,2.48,48
706176,88272,3946.48,88.52,2.48,48
706560,88320,3872.74,86.01,0.56,48
706560,88320,3762.76,87.60,15.76,48
706560,88320,2190.57,84.40,115.05,48
706560,88320,1623.90,86.75,164.66,48
706560,88320,349.42,21.64,13.93,48
706560,88320,3635.12,84.32,5.57,48
706560,88320,-831.37,16.44,49.06,48
706560,88320,553.20,19.12,1.49,48
706944,88368,3722.73,84.89,2.84,48
706944,88368,3427.21,87.59,39.16,48
706944,88368,-557.61,23.77,46.60,48
706944,88368,2368.27,87.92,116.17,48
706944,88368,3385.46,87.89,44.96,48
706944,88368,1939.98,85.94,135.64,48
706944,88368,4001.79,88.01,1.48,48
706944,88368,3821.44,86.71,7.15,48
707328,88416,156.48,22.46,21.80,48
707328,88416,-12051.99,20.95,482.52,48
707328,88416,3839.91,85.09,1.54,48
707328,88416,3809.18,84.74,0.19,48
707328,88416,2440.01,83.81,91.16,48
707328,88416,3729.25,85.82,7.25,48
707328,88416,-644.44,22.68,47.50,48
707328,88416,-13233.17,21.87,528.76,48
707712,88464,2459.53,84.82,98.04,48
707712,88464,4033.19,90.22,7.85,48
707712,88464,3346.57,82.54,19.69,48
707712,88464,713.59,22.09,2.20,48
707712,88464,3990.83,88.11,0.00,48
707712,88464,-14749.86,24.11,587.63,48
707712,88464,547.69,19.95,2.90,48
707712,88464,671.14,23.52,4.82,48
708096,88512,1818.95,86.99,153.56,48
708096,88512,2088.23,87.50,131.99,48
708096,88512,3067.65,83.41,48.70,48
708096,88512,-2086.95,85.86,420.75,48
708096,88512,2795.66,85.70,73.95,48
708096,88512,3798.63,84.61,0.00,48
708096,88512,3925.48,86.91,0.72,48
708096,88512,2490.36,87.14,100.70,48
708480,88560,-2811.50,83.24,467.32,48
708480,88560,-3722.48,23.23,171.31,48
708480,88560,267.94,21.66,15.13,48
708480,88560,-673.66,21.28,49.69,48
708480,88560,3469.44,80.31,6.20,48
708480,88560,2238.93,87.23,123.79,48
708480,88560,3698.56,86.04,9.26,48
708480,88560,3250.09,88.67,54.60,48
708864,88608,3762.33,83.65,0.00,48
708864,88608,3209.97,86.17,46.88,48
708864,88608,3226.00,85.67,45.12,48
708864,88608,-5484.80,23.87,237.61,48
708864,88608,3135.25,86.42,55.89,48
708864,88608,2172.38,83.95,109.46,48
708864,88608,-2435.94,18.64,110.81,48
708864,88608,3978.54,88.01,3.25,48
709248,88656,3916.13,87.22,3.10,48
709248,88656,3488.97,84.11,20.78,48
709248,88656,3882.58,85.73,0.54,48
709248,88656,3876.60,87.14,3.50,48
709248,88656,-969.93,23.02,65.41,48
709248,88656,-838.86,23.84,60.63,48
709248,88656,-3589.89,88.32,545.14,48
709248,88656,3839.43,84.96,0.00,48
709632,88704,3306.45,86.55,41.38,48
709632,88704,-935.65,22.50,61.15,48
709632,88704,1569.17,86.13,168.51,48
709632,88704,176.38,19.82,19.35,48
709632,88704,2357.61,89.39,124.14,48
709632,88704,3801.91,87.34,8.39,48
709632,88704,729.21,21.97,1.00,48
709632,88704,3057.17,87.17,62.42,48
710016,88752,2123.87,85.74,126.61,48
710016,88752,-1821.29,21.73,92.49,48
710016,88752,3743.98,85.61,7.58,48
710016,88752,3386.19,87.81,40.32,48
710016,88752,2672.18,85.62,83.83,48
710016,88752,3951.57,86.66,0.00,48
710016,88752,2527.79,89.72,112.88,48
710016,88752,3764.42,84.82,0.57,48
710400,88800,-502.64,23.43,48.69,48
710400,88800,3482.55,85.19,26.09,48
710400,88800,3815.32,85.57,2.65,48
710400,88800,3052.54,86.71,57.84,48
710400,88800,3812.67,86.04,3.97,48
710400,88800,2922.85,87.00,75.36,48
710400,88800,3802.19,84.56,1.34,48
710400,88800,3673.77,83.15,1.64,48
710784,88848,3121.28,88.24,66.73,48
710784,88848,227.44,20.39,16.30,48
710784,88848,127.48,21.58,20.45,48
710784,88848,1271.82,87.57,189.75,48
710784,88848,3349.88,86.76,44.96,48
710784,88848,3634.27,84.04,6.69,48
710784,88848,3419.63,88.58,40.62,48
710784,88848,3783.22,84.34,0.62,48
711168,88896,3512.29,88.01,30.94,48
711168,88896,643.86,23.30,2.82,48
711168,88896,3105.51,85.60,51.32,48
711168,88896,468.17,18.96,4.80,48
711168,88896,-2047.62,23.47,104.72,48
711168,88896,4076.53,88.93,0.32,48
711168,88896,-3553.20,85.06,529.50,48
711168,88896,2714.00,84.82,76.85,48
711552,88944,318.01,19.22,7.89,48
711552,88944,3892.83,87.09,5.28,48
711552,88944,3837.56,86.45,4.00,48
711552,88944,3703.72,84.82,8.31,48
711552,88944,3153.68,89.12,67.72,48
711552,88944,-60.60,21.38,29.29,48
711552,88944,-3391.95,84.95,519.26,48
711552,88944,4105.79,89.50,2.36,48
711936,88992,3943.24,89.48,13.11,48
711936,88992,3240.73,85.34,42.49,48
711936,88992,663.68,20.86,1.07,48
711936,88992,3106.35,88.17,64.87,48
711936,88992,3901.88,87.21,0.43,48
711936,88992,3867.33,86.26,1.43,48
711936,88992,-367.06,23.42,42.66,48
711936,88992,-1077.25,21.04,65.98,48
712320,89040,3639.66,87.48,23.96,48
712320,89040,603.46,21.00,2.61,48
712320,89040,1492.22,86.73,173.54,48
712320,89040,744.65,87.36,225.32,48
712320,89040,-962.94,87.49,355.65,48
712320,89040,-41.04,21.49,30.32,48
712320,89040,-2317.81,20.81,111.47,48
712320,89040,3951.84,85.75,0.77,48
712704,89088,-202.44,20.99,35.16,48
712704,89088,392.01,17.44,0.88,48
712704,89088,3695.58,85.11,8.73,48
712704,89088,612.05,19.95,3.18,48
712704,89088,3402.60,86.92,34.68,48
712704,89088,660.79,21.24,0.04,48
712704,89088,3639.30,83.93,10.10,48
712704,89088,3846.15,87.67,5.91,48
713088,89136,3435.26,85.20,26.88,48
713088,89136,3927.87,89.19,11.21,48
713088,89136,-106.59,21.66,28.29,48
713088,89136,-1589.12,20.08,85.15,48
713088,89136,620.71,19.24,1.54,48
713088,89136,1657.68,84.30,152.05,48
713088,89136,3791.16,85.55,7.14,48
713088,89136,4110.84,88.84,0.00,48
713472,89184,3223.80,84.16,35.22,48
713472,89184,3904.11,86.60,0.10,48
713472,89184,3537.15,85.18,15.77,48
713472,89184,2733.11,85.65,79.92,48
713472,89184,3853.60,89.08,13.41,48
713472,89184,2105.16,87.55,131.43,48
713472,89184,-2984.15,22.01,139.10,48
713472,89184,3618.06,84.72,9.93,48
713856,89232,-366.75,24.49,45.29,48
713856,89232,3904.29,87.35,5.96,48
713856,89232,3535.37,90.20,41.48,48
713856,89232,3759.46,84.34,1.06,48
713856,89232,680.45,22.62,2.24,48
713856,89232,3469.34,87.58,37.00,48
713856,89232,3234.29,86.80,48.19,48
713856,89232,1792.73,84.43,146.07,48
714240,89280,3722.09,85.44,5.99,48
714240,89280,3618.35,84.58,10.45,48
714240,89280,511.23,20.58,3.95,48
714240,89280,3814.72,85.48,0.57,48
714240,89280,1371.30,86.18,178.97,48
714240,89280,699.78,23.44,0.62,48
714240,89280,3776.04,84.39,1.28,48
714240,89280,-79.79,22.65,29.29,48
714624,89328,3961.40,87.74,2.26,48
714624,89328,147.68,21.25,18.80,48
714624,89328,3368.31,85.16,33.64,48
714624,89328,-3466.19,89.61,542.14,48
714624,89328,1960.42,85.26,129.24,48
714624,89328,543.90,20.45,5.53,48
714624,89328,3898.45,85.79,0.00,48
714624,89328,3856.64,87.26,8.98,48
715008,89376,3573.98,85.70,22.26,48
715008,89376,3924.05,89.03,10.12,48
715008,89376,168.20,19.86,18.58,48
715008,89376,-1634.28,19.65,83.93,48
715008,89376,292.92,24.46,18.00,48
715008,89376,3233.38,86.75,48.19,48
715008,89376,-2799.76,87.36,485.49,48
715008,89376,4063.25,88.96,0.31,48
715392,89424,3691.97,83.40,2.49,48
715392,89424,2014.76,90.79,156.88,48
715392,89424,2772.00,83.22,66.98,48
715392,89424,4003.14,87.98,0.00,48
715392,89424,3734.00,83.12,0.28,48
715392,89424,3203.93,87.72,55.97,48
715392,89424,3473.54,88.51,37.82,48
715392,89424,3793.60,84.45,0.70,48
715776,89472,33.29,20.05,21.28,48
715776,89472,2251.33,87.09,117.11,48
715776,89472,3963.47,88.31,5.99,48
715776,89472,-3862.03,22.22,175.12,48
715776,89472,27.71,83.15,263.00,48
715776,89472,711.41,21.00,0.81,48
715776,89472,-263.93,20.70,34.28,48
715776,89472,-2962.07,86.27,490.57,48
716160,89520,3733.25,83.53,0.32,48
716160,89520,-2832.55,21.15,133.38,48
716160,89520,3302.26,84.68,33.39,48
716160,89520,-1103.43,19.84,64.99,48
716160,89520,2551.30,86.37,97.83,48
716160,89520,4115.15,89.73,0.00,48
716160,89520,3566.95,88.67,31.54,48
716160,89520,-1339.73,23.56,78.51,48
716544,89568,3976.58,87.36,0.42,48
716544,89568,622.99,20.60,0.83,48
716544,89568,3847.64,85.74,2.53,48
716544,89568,-4266.98,22.96,188.52,48
716544,89568,583.05,17.68,0.47,48
716544,89568,3636.07,83.66,4.31,48
716544,89568,3784.34,85.91,2.73,48
716544,89568,692.64,21.91,4.00,48
716928,89616,3556.82,87.41,25.37,48
716928,89616,3542.65,82.22,5.35,48
716928,89616,574.00,20.48,1.43,48
716928,89616,2712.71,89.22,95.10,48
716928,89616,655.21,22.48,3.56,48
716928,89616,3651.94,86.58,17.51,48
716928,89616,3779.17,85.14,3.68,48
716928,89616,3923.52,88.77,6.59,48
717312,89664,3620.17,87.11,25.30,48
717312,89664,3779.49,84.58,0.00,48
717312,89664,-1074.04,21.38,67.65,48
717312,89664,3597.44,84.23,11.43,48
717312,89664,3890.14,86.70,0.05,48
717312,89664,3614.65,87.89,23.92,48
717312,89664,3514.57,85.55,23.38,48
717312,89664,3788.80,84.44,0.66,48
717696,89712,3931.57,87.56,0.10,48
717696,89712,-15360.20,24.70,611.63,48
717696,89712,-1210.33,21.55,74.31,48
717696,89712,3453.65,86.95,38.02,48
717696,89712,-905.01,19.04,56.11,48
717696,89712,3817.89,84.68,0.19,48
717696,89712,-270.23,23.06,41.05,48
717696,89712,-3960.54,86.46,563.87,48
718080,89760,2.65,23.89,28.58,48
718080,89760,487.56,23.85,10.64,48
718080,89760,3354.57,85.66,35.52,48
718080,89760,3493.34,83.98,19.64,48
718080,89760,-248.81,22.41,37.22,48
718080,89760,658.54,22.56,1.24,48
718080,89760,774.51,22.16,0.83,48
718080,89760,3667.55,84.53,9.78,48
718464,89808,1819.97,87.37,153.08,48
718464,89808,637.95,18.67,0.01,48
718464,89808,639.67,22.74,7.31,48
718464,89808,516.89,17.51,0.71,48
718464,89808,543.12,20.83,2.55,48
718464,89808,3719.91,84.14,2.11,48
718464,89808,3650.06,83.94,8.19,48
718464,89808,-1578.92,23.62,88.28,48
718848,89856,-3549.48,22.09,163.64,48
718848,89856,3056.37,85.55,58.67,48
718848,89856,754.84,22.24,0.73,48
718848,89856,2680.94,88.25,95.15,48
718848,89856,-2931.69,23.88,142.29,48
718848,89856,3781.83,84.27,1.94,48
718848,89856,3954.75,87.61,4.31,48
718848,89856,247.53,23.43,17.77,48
719232,89904,3365.32,86.00,35.65,48
719232,89904,3728.19,86.52,10.31,48
719232,89904,2636.35,83.00,78.59,48
719232,89904,4005.23,89.68,5.17,48
719232,89904,-3101.92,87.27,502.88,48
719232,89904,-808.88,15.96,49.77,48
719232,89904,3962.23,87.27,0.00,48
719232,89904,3354.58,86.38,39.71,48
719616,89952,3249.92,87.47,51.50,48
719616,89952,290.17,23.05,16.06,48
719616,89952,3577.80,84.72,16.04,48
719616,89952,3521.38,87.89,32.58,48
719616,89952,3785.98,85.10,0.47,48
719616,89952,-2867.19,25.16,142.15,48
719616,89952,729.19,20.57,1.24,48
719616,89952,3510.03,86.76,29.56,48
720000,90000,646.51,24.96,4.24,48
720000,90000,3738.71,84.58,3.96,48
720000,90000,406.06,21.20,11.49,48
720000,90000,3769.99,85.35,5.72,48
720000,90000,593.83,24.07,6.03,48
720000,90000,3706.65,84.05,4.79,48
720000,90000,2153.04,87.33,131.18,48
720000,90000,3632.39,84.80,11.44,48
720384,90048,2452.14,86.29,98.33,48
720384,90048,3831.65,85.30,0.00,48
720384,90048,58.12,20.00,18.46,48
720384,90048,3668.49,83.42,5.13,48
720384,90048,3893.53,86.09,0.00,48
720384,90048,3513.83,83.76,17.00,48
720384,90048,3158.45,83.81,42.24,48
720384,90048,3721.09,86.39,14.75,48
720768,90096,630.87,22.16,5.62,48
720768,90096,3406.75,87.23,35.45,48
720768,90096,-3050.76,22.23,142.82,48
720768,90096,663.35,20.97,2.68,48
720768,90096,4076.61,88.49,0.01,48
720768,90096,3459.08,85.50,24.36,48
720768,90096,1217.56,84.78,179.35,48
720768,90096,3927.56,87.46,0.00,48
721152,90144,3137.98,84.58,47.47,48
721152,90144,3688.64,83.73,0.60,48
721152,90144,1610.76,85.74,164.07,48
721152,90144,2471.73,87.47,107.45,48
721152,90144,1817.55,86.96,151.63,48
721152,90144,3486.54,86.82,27.63,48
721152,90144,3733.61,85.07,1.83,48
721152,90144,3389.05,88.12,45.12,48
721536,90192,-3010.89,19.02,135.93,48
721536,90192,3420.03,85.45,29.27,48
721536,90192,3746.80,84.43,4.43,48
721536,90192,620.04,18.58,0.76,48
721536,90192,3141.86,85.35,47.24,48
721536,90192,-1194.82,24.30,76.21,48
721536,90192,359.25,20.67,12.18,48
721536,90192,3814.99,87.54,6.89,48
721920,90240,-690.11,20.24,51.15,48
721920,90240,1549.63,88.46,177.67,48
721920,90240,665.09,26.05,4.66,48
721920,90240,3855.34,87.10,5.12,48
721920,90240,-431.82,86.87,312.75,48
721920,90240,3943.35,87.69,1.24,48
721920,90240,-569.72,20.26,45.76,48
721920,90240,2429.62,86.67,105.31,48
722304,90288,3978.67,87.93,2.64,48
722304,90288,3286.45,86.93,47.07,48
722304,90288,789.60,22.99,1.35,48
722304,90288,3910.75,86.31,0.56,48
722304,90288,-78.29,21.58,29.58,48
722304,90288,3094.15,84.71,46.64,48
722304,90288,152.33,19.39,19.20,48
722304,90288,638.82,25.11,6.04,48
722688,90336,1860.38,86.93,148.10,48
722688,90336,2406.02,88.80,117.25,48
722688,90336,3608.04,84.61,13.77,48
722688,90336,-2784.40,19.34,131.12,48
722688,90336,254.95,24.67,21.42,48
722688,90336,2368.31,87.37,111.54,48
722688,90336,3553.84,85.14,19.31,48
722688,90336,3971.76,88.15,3.88,48
723072,90384,3919.18,86.84,0.00,48
723072,90384,111.67,21.76,20.49,48
723072,90384,-3892.16,85.47,556.21,48
723072,90384,-2832.36,24.93,137.23,48
723072,90384,-1973.51,27.31,111.21,48
723072,90384,3760.94,85.06,0.00,48
723072,90384,3424.38,83.42,26.21,48
723072,90384,-4119.61,21.32,181.43,48
723456,90432,496.50,19.79,1.89,48
723456,90432,2778.54,86.67,84.06,48
723456,90432,3731.20,84.16,0.69,48
723456,90432,3809.81,83.92,0.00,48
723456,90432,1775.51,87.96,160.14,48
723456,90432,3901.75,87.27,1.18,48
723456,90432,3807.01,86.22,0.81,48
723456,90432,695.83,21.32,0.00,48
723840,90480,3434.60,90.19,48.25,48
723840,90480,2759.53,85.24,76.40,48
723840,90480,3844.14,84.90,0.00,48
723840,90480,-138.09,20.09,31.61,48
723840,90480,4003.29,89.10,3.77,48
723840,90480,-1295.92,89.91,389.45,48
723840,90480,-2348.72,21.03,116.92,48
723840,90480,2634.54,85.10,83.23,48
724224,90528,3876.08,86.40,1.16,48
724224,90528,3894.15,87.43,1.54,48
724224,90528,1831.98,85.58,147.52,48
724224,90528,1580.31,85.80,161.37,48
724224,90528,420.99,16.03,1.15,48
724224,90528,-1027.41,23.15,64.46,48
724224,90528,3538.42,88.00,31.44,48
724224,90528,2902.96,86.10,69.85,48
724608,90576,-2276.15,21.00,110.16,48
724608,90576,499.36,21.14,6.15,48
724608,90576,-917.54,20.80,62.60,48
724608,90576,3914.62,88.03,2.82,48
724608,90576,734.09,21.81,0.00,48
724608,90576,3595.40,83.12,6.81,48
724608,90576,671.94,22.44,0.68,48
724608,90576,474.90,21.87,8.34,48
724992,90624,3627.88,85.88,17.89,48
724992,90624,3494.38,85.49,25.38,48
724992,90624,1569.03,85.36,161.27,48
724992,90624,2943.43,85.61,68.16,48
724992,90624,1933.03,85.12,136.61,48
724992,90624,1453.06,86.72,171.36,48
724992,90624,3949.71,88.28,4.20,48
724992,90624,3108.81,86.52,59.11,48
725376,90672,3908.32,86.25,0.34,48
725376,90672,-3939.52,25.44,180.09,48
725376,90672,3902.00,87.04,0.47,48
725376,90672,3642.36,82.42,3.37,48
725376,90672,3292.88,85.71,36.56,48
725376,90672,3175.21,86.16,51.39,48
725376,90672,3826.44,88.65,11.57,48
725376,90672,677.53,21.09,0.25,48
725760,90720,-110.07,20.53,31.90,48
725760,90720,783.31,22.72,0.00,48
725760,90720,251.93,20.52,14.29,48
725760,90720,492.79,25.04,12.34,48
725760,90720,326.32,17.32,7.20,48
725760,90720,3498.69,87.75,35.79,48
725760,90720,3836.11,86.88,0.43,48
725760,90720,3479.03,86.73,33.91,48
726144,90768,-723.90,20.86,52.55,48
726144,90768,3241.06,86.12,44.74,48
726144,90768,678.94,19.67,1.00,48
726144,90768,521.66,23.16,10.70,48
726144,90768,1266.87,84.80,180.72,48
726144,90768,3956.09,88.45,4.17,48
726144,90768,3757.87,83.73,0.47,48
726144,90768,-11693.90,20.48,470.32,48
726528,90816,3797.17,84.80,0.82,48
726528,90816,603.40,22.93,4.77,48
726528,90816,1780.01,86.74,155.36,48
726528,90816,4030.96,88.55,0.00,48
726528,90816,2839.09,86.74,78.39,48
726528,90816,3716.33,85.58,10.13,48
726528,90816,-3564.19,20.49,159.44,48
726528,90816,-1294.31,22.28,74.29,48
726912,90864,-3475.58,21.15,156.53,48
726912,90864,3868.80,86.01,0.00,48
726912,90864,2259.11,85.74,115.35,48
726912,90864,3695.12,83.89,0.16,48
726912,90864,3285.05,87.62,49.57,48
726912,90864,3879.64,85.61,0.09,48
726912,90864,3578.22,85.72,18.32,48
726912,90864,-746.89,24.79,59.94,48
727296,90912,3532.17,83.84,14.12,48
727296,90912,3762.54,84.75,2.49,48
727296,90912,3642.06,84.36,12.36,48
727296,90912,122.45,20.89,20.32,48
727296,90912,3691.83,85.08,7.68,48
727296,90912,677.04,20.74,2.20,48
727296,90912,3653.30,86.77,20.36,48
727296,90912,3924.41,86.25,0.65,48
727680,90960,567.72,19.59,5.39,48
727680,90960,3829.03,84.69,0.72,48
727680,90960,-4941.36,24.32,217.64,48
727680,90960,511.16,21.91,5.99,48
727680,90960,3635.18,86.58,18.39,48
727680,90960,-344.76,22.45,38.83,48
727680,90960,578.83,18.73,0.60,48
727680,90960,2518.00,87.50,104.19,48
728064,91008,2336.48,85.11,102.95,48
728064,91008,3987.40,88.43,0.88,48
728064,91008,3612.10,86.10,19.93,48
728064,91008,-2006.79,24.45,105.09,48
728064,91008,4022.96,89.23,1.24,48
728064,91008,493.70,23.45,8.59,48
728064,91008,-7404.43,19.95,306.19,48
728064,91008,2244.71,86.45,120.23,48
728448,91056,-3551.00,22.17,160.75,48
728448,91056,679.12,22.20,0.81,48
728448,91056,-525.95,18.72,42.55,48
728448,91056,117.51,20.28,19.34,48
728448,91056,3474.91,88.59,37.74,48
728448,91056,3830.32,84.12,0.71,48
728448,91056,647.70,22.59,4.11,48
728448,91056,776.82,24.58,0.18,48
728832,91104,2887.01,86.47,70.22,48
728832,91104,4000.37,88.16,0.00,48
728832,91104,3879.58,86.83,0.31,48
728832,91104,2577.48,86.55,94.39,48
728832,91104,3853.58,87.85,6.90,48
728832,91104,3917.37,87.06,0.56,48
728832,91104,548.34,22.34,4.73,48
728832,91104,3745.08,87.16,9.54,48
729216,91152,-3374.23,85.10,515.35,48
729216,91152,3820.53,87.65,9.67,48
729216,91152,3835.38,85.47,1.55,48
729216,91152,-155.33,23.92,33.88,48
729216,91152,2821.77,85.84,72.24,48
729216,91152,-3225.22,21.21,151.08,48
729216,91152,-3609.89,21.08,159.47,48
729216,91152,-2672.21,22.95,128.10,48
729600,91200,3001.06,87.07,65.55,48
729600,91200,-187.55,86.08,291.93,48
729600,91200,3630.18,83.42,5.59,48
729600,91200,-3474.73,20.44,155.75,48
729600,91200,3116.04,83.67,44.52,48
729600,91200,2692.52,89.11,97.20,48
729600,91200,3978.10,88.17,1.85,48
729600,91200,4042.51,88.16,0.00,48
729984,91248,2628.67,86.41,93.86,48
729984,91248,2241.98,86.79,118.63,48
729984,91248,-3958.19,22.52,180.32,48
729984,91248,3487.18,82.75,9.76,48
729984,91248,2980.37,85.65,66.26,48
729984,91248,-455.59,17.81,36.89,48
729984,91248,3780.26,83.95,0.00,48
729984,91248,3466.17,83.73,19.58,48
730368,91296,-1230.78,17.06,64.64,48
730368,91296,-1596.65,19.18,83.15,48
730368,91296,2607.76,87.38,94.58,48
730368,91296,552.60,20.05,2.26,48
730368,91296,2388.69,86.01,104.79,48
730368,91296,3831.38,86.42,0.81,48
730368,91296,3201.40,85.88,45.04,48
730368,91296,-615.47,20.99,46.62,48
730752,91344,3014.91,89.64,76.68,48
730752,91344,3616.57,84.93,18.13,48
730752,91344,3874.57,85.35,0.00,48
730752,91344,-2585.01,86.44,465.79,48
730752,91344,783.20,24.03,2.31,48
730752,91344,3594.21,85.84,21.76,48
730752,91344,3813.78,85.14,0.31,48
730752,91344,-3019.08,19.48,137.73,48
731136,91392,3843.37,85.46,2.50,48
731136,91392,3723.47,85.81,8.95,48
731136,91392,3980.69,88.09,0.05,48
731136,91392,3123.75,84.53,46.46,48
731136,91392,568.51,19.60,0.01,48
731136,91392,2374.38,85.17,103.30,48
731136,91392,3793.72,84.80,0.34,48
731136,91392,3984.92,87.96,0.00,48
731520,91440,465.02,21.15,9.47,48
731520,91440,3703.65,83.42,0.05,48
731520,91440,3597.43,86.47,21.22,48
731520,91440,-2964.49,86.75,495.80,48
731520,91440,1456.02,84.68,171.71,48
731520,91440,3541.54,85.83,26.19,48
731520,91440,3027.66,83.27,48.84,48
731520,91440,1425.43,85.97,174.08,48
731904,91488,3112.07,86.04,51.94,48
731904,91488,234.32,19.51,11.76,48
731904,91488,820.91,25.20,0.01,48
731904,91488,3558.10,86.24,21.77,48
731904,91488,3484.16,89.03,38.15,48
731904,91488,1035.26,87.99,209.79,48
731904,91488,499.48,21.24,6.43,48
731904,91488,3590.07,87.29,25.55,48
732288,91536,3593.83,85.46,17.81,48
732288,91536,1922.47,84.70,131.87,48
732288,91536,3530.68,90.82,47.84,48
732288,91536,3690.68,87.57,18.61,48
732288,91536,1742.44,86.94,160.22,48
732288,91536,-373.18,23.44,42.27,48
732288,91536,-3009.55,84.32,484.47,48
732288,91536,-370.80,21.24,39.86,48
732672,91584,3784.91,85.43,3.92,48
732672,91584,2292.63,88.63,126.99,48
732672,91584,3846.38,87.67,5.80,48
732672,91584,-781.75,23.11,59.80,48
732672,91584,3887.57,86.53,2.18,48
732672,91584,606.20,18.63,0.76,48
732672,91584,3706.37,87.67,18.60,48
732672,91584,4028.11,89.29,2.80,48
733056,91632,3845.16,87.29,12.30,48
733056,91632,3273.74,86.59,43.35,48
733056,91632,3719.65,84.42,0.26,48
733056,91632,542.43,22.00,5.04,48
733056,91632,3814.86,85.13,1.21,48
733056,91632,3743.15,83.79,5.36,48
733056,91632,3648.72,86.55,17.51,48
733056,91632,2910.13,88.26,77.08,48
733440,91680,549.88,21.31,5.89,48
733440,91680,-14268.81,23.13,570.30,48
733440,91680,2796.81,87.59,85.01,48
733440,91680,3703.04,83.73,3.50,48
733440,91680,1853.33,86.01,146.54,48
733440,91680,-1990.61,87.58,424.68,48
733440,91680,3843.90,85.95,2.09,48
733440,91680,387.54,23.70,14.14,48
733824,91728,2251.32,85.90,114.29,48
733824,91728,3680.13,86.26,19.34,48
733824,91728,-1869.95,21.98,94.07,48
733824,91728,-336.37,23.15,39.46,48
733824,91728,-998.73,87.52,355.84,48
733824,91728,789.89,23.45,0.00,48
733824,91728,536.76,19.33,1.54,48
733824,91728,3955.92,86.88,0.18,48
734208,91776,3625.25,83.01,3.07,48
734208,91776,3858.17,85.17,0.71,48
734208,91776,3568.14,87.90,29.85,48
734208,91776,3936.54,87.07,0.56,48
734208,91776,3490.60,88.34,35.06,48
734208,91776,616.80,21.01,1.00,48
734208,91776,-1277.57,84.98,366.41,48
734208,91776,3905.67,86.24,3.50,48
734592,91824,-2620.75,82.92,456.84,48
734592,91824,1142.25,84.71,188.57,48
734592,91824,621.50,21.19,5.19,48
734592,91824,-1260.44,25.03,75.51,48
734592,91824,457.39,20.82,8.13,48
734592,91824,2251.30,86.34,119.50,48
734592,91824,543.88,17.54,0.00,48
734592,91824,3677.57,84.89,9.46,48
734976,91872,3796.48,86.82,8.84,48
734976,91872,3202.13,84.92,43.84,48
734976,91872,3965.76,88.15,0.43,48
734976,91872,1607.23,90.30,182.03,48
734976,91872,3443.75,87.01,35.49,48
734976,91872,-3521.28,21.20,160.13,48
734976,91872,885.46,87.81,224.61,48
734976,91872,91.82,20.32,17.74,48
735360,91920,3962.27,87.04,1.46,48
735360,91920,482.34,21.32,6.79,48
735360,91920,3381.10,85.69,36.07,48
735360,91920,-2031.11,20.63,106.45,48
735360,91920,592.83,21.16,1.53,48
735360,91920,3507.53,85.42,23.61,48
735360,91920,732.29,23.00,2.70,48
735360,91920,548.11,23.88,5.45,48
735744,91968,1052.92,86.44,203.97,48
735744,91968,3794.63,85.53,4.72,48
735744,91968,2035.68,88.31,142.66,48
735744,91968,2545.31,88.24,105.62,48
735744,91968,701.11,22.37,0.43,48
735744,91968,3731.73,85.17,4.55,48
735744,91968,3665.82,83.06,1.75,48
735744,91968,3833.89,86.06,3.10,48
736128,92016,1562.57,89.58,178.83,48
736128,92016,3648.92,88.88,26.42,48
736128,92016,1743.48,87.23,155.16,48
736128,92016,1628.02,88.18,169.97,48
736128,92016,2543.94,88.58,103.74,48
736128,92016,3729.25,84.37,2.88,48
736128,92016,3798.85,85.16,0.92,48
736128,92016,3457.57,85.37,23.23,48
736512,92064,3047.73,85.46,61.52,48
736512,92064,3968.17,87.91,0.62,48
736512,92064,3635.50,87.05,19.49,48
736512,92064,-4164.61,89.69,595.49,48
736512,92064,3501.90,83.21,13.30,48
736512,92064,3664.15,83.05,2.15,48
736512,92064,-527.50,20.54,43.50,48
736512,92064,3985.27,87.33,0.69,48
736896,92112,3192.15,87.19,53.36,48
736896,92112,-21.39,20.51,23.73,48
736896,92112,3383.99,87.93,43.82,48
736896,92112,1862.22,85.94,140.26,48
736896,92112,3720.53,86.04,8.97,48
736896,92112,3929.81,87.58,3.01,48
736896,92112,3601.34,86.45,23.89,48
736896,92112,4080.30,90.35,7.22,48
737280,92160,3103.56,82.87,43.07,48
737280,92160,2689.33,85.73,86.54,48
737280,92160,-272.49,19.38,34.64,48
737280,92160,59.97,18.17,19.42,48
737280,92160,571.03,22.03,1.91,48
737280,92160,663.74,21.14,0.88,48
737280,92160,3740.46,83.92,1.38,48
737280,92160,3527.15,88.64,35.45,48
737664,92208,2507.11,88.36,104.73,48
737664,92208,3874.83,85.67,0.87,48
737664,92208,605.78,22.87,4.53,48
737664,92208,2070.96,84.50,123.48,48
737664,92208,3524.31,86.30,26.76,48
737664,92208,522.82,19.43,3.97,48
737664,92208,4001.96,88.15,0.10,48
737664,92208,423.95,20.84,5.81,48
738048,92256,3071.96,82.50,39.96,48
738048,92256,3749.45,85.16,0.81,48
738048,92256,3980.87,88.15,0.72,48
738048,92256,-879.68,24.47,59.51,48
738048,92256,3873.65,87.58,3.27,48
738048,92256,-1470.11,86.46,385.38,48
738048,92256,3679.25,87.32,17.45,48
738048,92256,3728.42,86.47,15.34,48
738432,92304,593.53,22.72,5.27,48
738432,92304,572.96,19.77,3.92,48
738432,92304,505.92,22.83,9.23,48
738432,92304,-2925.00,88.35,501.38,48
738432,92304,3940.80,86.68,0.00,48
738432,92304,-1362.00,18.72,74.39,48
738432,92304,3814.62,85.83,2.30,48
738432,92304,-491.20,23.57,46.04,48
738816,92352,-1733.09,22.11,92.63,48
738816,92352,2562.38,86.86,100.65,48
738816,92352,3655.21,83.35,5.65,48
738816,92352,3399.25,87.97,42.03,48
738816,92352,475.02,86.46,245.17,48
738816,92352,3917.56,86.27,2.00,48
738816,92352,626.19,21.46,0.81,48
738816,92352,3787.85,84.26,0.00,48
739200,92400,1720.35,86.52,156.45,48
739200,92400,3843.74,86.30,1.17,48
739200,92400,686.57,21.15,0.10,48
739200,92400,3751.62,83.46,0.00,48
739200,92400,231.84,21.26,14.13,48
739200,92400,2259.12,84.89,111.84,48
739200,92400,460.85,20.71,9.62,48
739200,92400,3620.79,85.70,17.37,48
739584,92448,3598.96,83.21,4.88,48
739584,92448,2134.82,84.60,119.95,48
739584,92448,3999.22,87.66,0.00,48
739584,92448,249.42,21.73,14.66,48
739584,92448,3923.67,86.49,0.00,48
739584,92448,3826.61,87.19,10.45,48
739584,92448,1908.23,85.17,134.02,48
739584,92448,-525.29,20.76,41.99,48
739968,92496,3573.11,84.77,15.10,48
739968,92496,-9442.32,23.39,388.50,48
739968,92496,3867.60,86.34,0.78,48
739968,92496,3249.57,85.22,40.53,48
739968,92496,2239.79,87.56,122.60,48
739968,92496,3811.90,85.15,2.64,48
739968,92496,1812.82,87.18,151.69,48
739968,92496,3620.91,82.75,9.67,48
740352,92544,-553.93,21.50,48.10,48
740352,92544,1563.25,86.98,170.61,48
740352,92544,-1348.16,87.61,375.89,48
740352,92544,668.88,19.75,1.17,48
740352,92544,-1565.74,88.28,398.88,48
740352,92544,378.37,20.97,13.69,48
740352,92544,3867.27,86.47,3.05,48
740352,92544,3983.20,87.27,0.69,48
740736,92592,3563.15,86.71,22.19,48
740736,92592,2128.92,84.67,115.41,48
740736,92592,3942.12,87.30,2.17,48
740736,92592,3988.57,89.42,6.55,48
740736,92592,168.31,20.50,20.12,48
740736,92592,3953.94,89.41,7.92,48
740736,92592,3862.56,85.35,0.00,48
740736,92592,3411.99,85.83,31.76,48
741120,92640,697.16,19.43,0.00,48
741120,92640,631.39,19.76,1.00,48
741120,92640,190.22,18.93,14.39,48
741120,92640,360.12,23.26,14.67,48
741120,92640,3750.22,83.51,0.00,48
741120,92640,3312.97,86.20,40.34,48
741120,92640,3911.93,87.00,2.20,48
741120,92640,1262.39,89.93,204.26,48
741504,92688,722.26,22.69,1.31,48
741504,92688,4024.88,87.99,1.22,48
741504,92688,-464.16,21.11,42.76,48
741504,92688,-83.49,21.84,30.11,48
741504,92688,3366.98,89.29,51.72,48
741504,92688,86.66,17.92,15.50,48
741504,92688,3651.75,85.32,13.47,48
741504,92688,3913.68,87.14,1.00,48
741888,92736,3752.14,84.79,3.65,48
741888,92736,791.58,22.07,0.81,48
741888,92736,-927.16,85.05,345.55,48
741888,92736,3796.66,87.99,13.72,48
741888,92736,3687.97,88.00,23.39,48
741888,92736,-5077.45,24.95,222.75,48
741888,92736,2010.66,86.50,137.76,48
741888,92736,615.49,22.03,0.00,48
742272,92784,3099.10,86.75,59.23,48
742272,92784,669.26,24.92,8.00,48
742272,92784,2956.05,85.32,60.31,48
742272,92784,2024.09,88.50,141.93,48
742272,92784,3566.78,87.23,27.96,48
742272,92784,3363.04,85.62,34.12,48
742272,92784,3773.41,84.56,0.29,48
742272,92784,236.02,23.26,19.40,48
742656,92832,3278.67,88.14,49.69,48
742656,92832,-159.60,19.36,27.63,48
742656,92832,585.66,21.27,5.03,48
742656,92832,3717.19,85.98,9.46,48
742656,92832,3866.09,86.52,1.21,48
742656,92832,3685.23,84.45,6.90,48
742656,92832,-392.02,85.94,306.98,48
742656,92832,3784.40,85.32,4.62,48
743040,92880,3740.64,84.56,3.86,48
743040,92880,3776.85,84.68,4.39,48
743040,92880,3530.87,87.27,33.25,48
743040,92880,2133.16,84.65,118.83,48
743040,92880,484.14,21.24,7.41,48
743040,92880,2816.03,85.35,72.06,48
743040,92880,538.43,17.36,0.00,48
743040,92880,3896.95,88.05,6.66,48
743424,92928,3719.98,83.73,0.71,48
743424,92928,3440.28,85.74,31.99,48
743424,92928,3444.02,88.31,42.02,48
743424,92928,2302.39,88.85,129.91,48
743424,92928,620.65,21.09,0.88,48
743424,92928,359.72,21.91,10.63,48
743424,92928,765.22,23.90,0.00,48
743424,92928,4060.16,89.05,0.18,48
743808,92976,-3233.37,20.51,148.21,48
743808,92976,-1253.66,20.20,71.42,48
743808,92976,3870.98,84.98,0.32,48
743808,92976,-795.43,20.96,55.74,48
743808,92976,3441.69,84.72,24.55,48
743808,92976,3995.51,89.02,4.39,48
743808,92976,3587.79,87.07,22.70,48
743808,92976,3809.45,87.42,11.92,48
744192,93024,-130.09,20.29,30.27,48
744192,93024,1585.15,86.21,165.65,48
744192,93024,595.17,20.54,2.90,48
744192,93024,3256.57,86.18,45.70,48
744192,93024,-2588.94,19.82,118.67,48
744192,93024,1950.86,85.90,132.62,48
744192,93024,3180.28,83.76,41.09,48
744192,93024,3693.27,83.14,0.77,48
744576,93072,3856.60,85.66,0.00,48
744576,93072,673.81,20.33,0.25,48
744576,93072,1481.44,86.80,169.96,48
744576,93072,1296.82,88.69,195.49,48
744576,93072,2720.06,87.37,88.43,48
744576,93072,872.06,23.79,0.10,48
744576,93072,3140.04,87.41,56.75,48
744576,93072,-3060.27,85.69,497.75,48
744960,93120,2722.33,86.51,86.11,48
744960,93120,3925.07,88.79,6.23,48
744960,93120,-1678.37,20.62,89.80,48
744960,93120,3483.86,86.97,34.62,48
744960,93120,-2097.73,20.24,101.35,48
744960,93120,-4160.04,24.68,189.16,48
744960,93120,587.55,21.29,1.87,48
744960,93120,1197.98,86.32,189.96,48
745344,93168,3874.37,87.25,5.70,48
745344,93168,2413.51,83.98,97.68,48
745344,93168,3121.77,86.30,54.35,48
745344,93168,3790.50,87.04,8.87,48
745344,93168,-332.82,20.67,37.73,48
745344,93168,3379.14,87.65,42.87,48
745344,93168,1520.95,86.62,174.16,48
745344,93168,2803.64,83.87,65.98,48
745728,93216,3264.09,86.49,46.02,48
745728,93216,3729.89,87.92,20.70,48
745728,93216,3711.63,86.95,17.12,48
745728,93216,3711.82,84.23,1.18,48
745728,93216,-34.79,20.35,26.56,48
745728,93216,-290.62,20.53,35.37,48
745728,93216,-67.32,21.85,30.69,48
745728,93216,-1855.53,19.85,94.74,48
746112,93264,3641.67,88.97,29.84,48
746112,93264,3429.05,86.42,30.42,48
746112,93264,3874.46,87.84,4.66,48
746112,93264,3671.89,83.72,3.77,48
746112,93264,3675.22,83.18,3.27,48
746112,93264,4018.48,88.17,0.00,48
746112,93264,709.40,24.35,4.01,48
746112,93264,3821.28,84.99,0.00,48
746496,93312,410.21,18.70,5.31,48
746496,93312,3949.16,87.97,1.46,48
746496,93312,-2594.39,19.49,119.63,48
746496,93312,1566.68,85.64,168.27,48
746496,93312,3717.09,82.76,0.00,48
746496,93312,3361.62,88.06,47.57,48
746496,93312,3780.62,85.64,7.09,48
746496,93312,4079.71,88.29,0.00,48
746880,93360,-1438.91,19.78,78.84,48
746880,93360,2470.30,85.37,102.57,48
746880,93360,3795.25,86.30,5.28,48
746880,93360,3724.78,88.70,18.36,48
746880,93360,3677.63,87.31,19.45,48
746880,93360,266.57,21.03,18.56,48
746880,93360,-1646.25,82.35,385.89,48
746880,93360,520.65,88.44,253.98,48
747264,93408,362.00,18.82,7.06,48
747264,93408,3743.97,86.76,12.46,48
747264,93408,3735.66,83.91,0.43,48
747264,93408,3824.12,85.85,5.20,48
747264,93408,1664.55,85.94,158.80,48
747264,93408,1829.07,86.90,149.45,48
747264,93408,-2009.75,18.37,98.26,48
747264,93408,4053.61,88.76,0.28,48
747648,93456,3180.53,86.78,50.99,48
747648,93456,3689.45,87.52,15.77,48
747648,93456,-280.75,22.26,36.05,48
747648,93456,3666.20,87.30,16.60,48
747648,93456,625.08,18.54,0.61,48
747648,93456,2837.00,86.65,77.98,48
747648,93456,1874.65,87.44,147.27,48
747648,93456,3901.14,86.49,0.57,48
748032,93504,3701.84,84.43,6.45,48
748032,93504,693.40,21.49,0.00,48
748032,93504,-2969.49,22.15,137.05,48
748032,93504,3982.84,87.50,0.00,48
748032,93504,3339.24,83.29,29.18,48
748032,93504,2821.40,86.62,74.63,48
748032,93504,3805.22,85.19,1.56,48
748032,93504,3246.50,86.72,44.10,48
748416,93552,-1788.01,21.51,92.18,48
748416,93552,3497.64,84.56,16.34,48
748416,93552,3199.42,83.79,42.85,48
748416,93552,3829.48,85.96,3.50,48
748416,93552,-896.54,23.68,59.81,48
748416,93552,3875.09,85.98,0.19,48
748416,93552,154.11,21.71,23.10,48
748416,93552,1965.78,84.96,133.29,48
748800,93600,672.55,21.30,1.21,48
748800,93600,3928.75,86.47,0.02,48
748800,93600,-19.03,18.14,23.15,48
748800,93600,3741.24,85.03,2.57,48
748800,93600,3579.21,86.26,20.92,48
748800,93600,1396.34,86.30,178.33,48
748800,93600,3647.97,83.68,3.72,48
748800,93600,3812.80,85.00,0.66,48
749184,93648,-554.29,20.31,47.04,48
749184,93648,3108.23,84.38,50.05,48
749184,93648,649.69,21.71,2.90,48
749184,93648,3384.22,85.26,29.98,48
749184,93648,3607.04,88.08,27.33,48
749184,93648,500.54,22.70,9.94,48
749184,93648,2442.27,88.39,113.38,48
749184,93648,3530.42,87.84,32.72,48
749568,93696,109.51,22.66,23.92,48
749568,93696,3945.09,86.83,0.00,48
749568,93696,3428.37,88.14,43.26,48
749568,93696,3851.39,86.37,4.57,48
749568,93696,3845.11,85.54,1.01,48
749568,93696,3924.73,87.31,1.37,48
749568,93696,-2147.96,21.26,106.93,48
749568,93696,-1587.86,21.15,84.66,48
749952,93744,156.50,22.23,21.33,48
749952,93744,2553.67,83.14,80.97,48
749952,93744,3731.24,86.19,10.76,48
749952,93744,526.63,20.91,6.72,48
749952,93744,-36.89,22.11,29.23,48
749952,93744,689.83,20.31,0.47,48
749952,93744,2925.87,83.87,61.21,48
749952,93744,-4271.82,23.30,193.63,48
750336,93792,672.52,20.77,0.68,48
750336,93792,3833.35,85.21,0.86,48
750336,93792,3881.10,86.99,0.28,48
750336,93792,3952.06,87.54,2.89,48
750336,93792,348.71,18.93,4.81,48
750336,93792,2268.11,88.46,127.98,48
750336,93792,3534.66,87.04,29.24,48
750336,93792,2708.44,87.81,88.15,48
750720,93840,2101.77,87.39,129.42,48
750720,93840,-2342.35,18.82,111.11,48
750720,93840,2503.25,86.11,102.00,48
750720,93840,688.36,21.77,3.32,48
750720,93840,617.27,20.34,0.00,48
750720,93840,2893.62,87.26,74.60,48
750720,93840,-13.27,27.55,33.41,48
750720,93840,2261.21,86.27,116.53,48
751104,93888,599.52,20.30,1.37,48
751104,93888,3766.22,83.20,0.01,48
751104,93888,3813.77,86.54,12.35,48
751104,93888,3544.18,87.45,25.75,48
751104,93888,-2674.76,19.55,125.07,48
751104,93888,1350.36,86.60,180.60,48
751104,93888,485.26,18.45,1.95,48
751104,93888,168.04,19.31,16.24,48
751488,93936,3732.60,85.27,2.88,48
751488,93936,3876.83,86.85,0.05,48
751488,93936,-3442.22,23.24,160.52,48
751488,93936,1770.78,86.71,152.19,48
751488,93936,1556.92,87.39,167.60,48
751488,93936,3857.85,86.48,1.22,48
751488,93936,3997.16,88.31,2.86,48
751488,93936,-3755.27,86.58,557.75,48
751872,93984,-2157.97,20.99,106.10,48
751872,93984,3702.79,84.31,2.07,48
751872,93984,635.48,20.50,0.76,48
751872,93984,3658.12,85.78,14.87,48
751872,93984,3772.74,86.06,1.50,48
751872,93984,-554.65,19.34,41.83,48
751872,93984,-775.48,25.24,62.58,48
751872,93984,3594.24,88.77,33.38,48
752256,94032,3298.59,88.26,51.45,48
752256,94032,-1101.03,85.91,357.99,48
752256,94032,3701.04,87.26,18.75,48
752256,94032,238.40,23.39,16.42,48
752256,94032,3788.06,85.15,2.64,48
752256,94032,3739.21,88.04,16.41,48
752256,94032,-3678.73,21.20,166.13,48
752256,94032,-1476.34,24.02,86.57,48
752640,94080,4002.47,89.03,3.70,48
752640,94080,-3722.33,21.16,168.37,48
752640,94080,1737.88,84.03,143.80,48
752640,94080,3826.34,85.39,0.32,48
752640,94080,3248.40,83.30,32.75,48
752640,94080,581.85,20.12,3.54,48
752640,94080,3817.88,84.86,0.62,48
752640,94080,3747.64,84.21,0.00,48
753024,94128,3762.42,83.94,2.89,48
753024,94128,-8582.85,21.17,352.62,48
753024,94128,589.51,20.93,0.00,48
753024,94128,3142.14,83.39,44.20,48
753024,94128,2713.75,86.42,81.28,48
753024,94128,3576.31,86.14,21.62,48
753024,94128,3656.13,86.86,16.60,48
753024,94128,-323.97,83.30,293.49,48
753408,94176,3103.26,85.81,56.39,48
753408,94176,-2853.17,19.57,132.77,48
753408,94176,3852.66,86.35,0.57,48
753408,94176,611.90,21.13,3.27,48
753408,94176,-3237.89,21.63,148.61,48
753408,94176,575.25,24.81,9.07,48
753408,94176,583.29,17.89,0.66,48
753408,94176,820.68,24.46,1.48,48
753792,94224,3191.33,83.83,39.23,48
753792,94224,3959.55,86.78,0.00,48
753792,94224,-2038.34,22.92,103.92,48
753792,94224,3992.09,87.62,0.04,48
753792,94224,-1610.79,21.52,89.11,48
753792,94224,-3112.04,85.10,500.12,48
753792,94224,-169.16,22.00,34.47,48
753792,94224,650.08,20.52,0.00,48
754176,94272,2812.88,85.61,73.98,48
754176,94272,2869.44,85.81,71.25,48
754176,94272,666.98,20.35,1.00,48
754176,94272,3978.49,87.76,0.10,48
754176,94272,3931.71,87.19,2.47,48
754176,94272,-2164.99,21.31,108.30,48
754176,94272,3701.67,86.50,16.14,48
754176,94272,3485.48,87.86,35.29,48
754560,94320,3879.76,85.25,0.00,48
754560,94320,104.78,18.88,16.34,48
754560,94320,3936.40,87.17,0.43,48
754560,94320,2788.53,86.67,82.55,48
754560,94320,3760.66,83.45,0.00,48
754560,94320,709.33,23.81,4.19,48
754560,94320,845.55,87.82,227.58,48
754560,94320,1188.25,86.21,193.32,48
754944,94368,591.23,19.91,0.05,48
754944,94368,1211.85,86.79,195.10,48
754944,94368,-1938.05,24.05,100.94,48
754944,94368,3507.84,85.21,21.46,48
754944,94368,2928.52,85.99,70.64,48
754944,94368,2867.88,84.57,65.57,48
754944,94368,-1931.72,84.03,410.07,48
754944,94368,2583.77,88.22,102.23,48
755328,94416,1798.01,86.06,142.22,48
755328,94416,-1051.62,22.87,70.01,48
755328,94416,3906.80,86.13,0.02,48
755328,94416,635.64,20.17,1.34,48
755328,94416,3617.22,88.45,28.64,48
755328,94416,3211.39,83.86,36.09,48
755328,94416,-2652.63,19.40,124.37,48
755328,94416,3661.54,88.99,29.47,48
755712,94464,3800.51,84.98,2.15,48
755712,94464,591.22,20.85,2.87,48
755712,94464,-808.41,22.26,59.10,48
755712,94464,3632.81,81.90,0.86,48
755712,94464,3066.15,85.64,51.66,48
755712,94464,445.93,22.37,5.49,48
755712,94464,3903.52,86.69,0.68,48
755712,94464,3770.09,88.68,14.43,48
756096,94512,-380.74,19.52,37.34,48
756096,94512,3782.20,85.86,2.20,48
756096,94512,-1773.64,19.77,91.14,48
756096,94512,2776.14,87.48,85.41,48
756096,94512,3738.78,86.43,13.63,48
756096,94512,-1192.23,18.40,66.92,48
756096,94512,4041.68,88.77,2.09,48
756096,94512,530.52,17.90,0.56,48
756480,94560,3805.06,84.81,2.73,48
756480,94560,3739.38,86.57,12.46,48
756480,94560,-2363.13,18.19,110.34,48
756480,94560,2868.74,87.50,78.41,48
756480,94560,3077.20,87.67,61.21,48
756480,94560,3779.79,86.47,6.15,48
756480,94560,3354.40,87.84,42.37,48
756480,94560,3914.10,88.09,6.99,48
756864,94608,3745.79,84.25,0.58,48
756864,94608,4102.69,90.15,3.62,48
756864,94608,3839.29,86.75,7.51,48
756864,94608,4063.99,88.54,0.00,48
756864,94608,3891.73,85.86,0.74,48
756864,94608,3492.12,84.42,19.03,48
756864,94608,564.89,24.03,9.67,48
756864,94608,2216.86,87.63,124.03,48
757248,94656,553.04,17.94,0.00,48
757248,94656,-311.95,23.42,40.78,48
757248,94656,3903.36,88.39,4.51,48
757248,94656,3931.32,87.30,1.59,48
757248,94656,49.10,20.69,23.45,48
757248,94656,3744.50,83.57,0.00,48
757248,94656,3848.14,86.59,4.05,48
757248,94656,739.56,24.60,2.25,48
757632,94704,-2955.49,86.44,488.83,48
757632,94704,3550.60,84.18,15.36,48
757632,94704,519.70,20.30,4.91,48
757632,94704,692.86,20.32,0.57,48
757632,94704,3860.98,85.62,0.00,48
757632,94704,3343.27,84.08,33.13,48
757632,94704,890.86,27.78,3.78,48
757632,94704,-2576.02,21.55,124.20,48
758016,94752,2501.71,84.70,91.86,48
758016,94752,-2375.07,24.09,116.44,48
758016,94752,3916.76,86.72,0.83,48
758016,94752,-2631.77,21.73,126.24,48
758016,94752,2051.47,87.89,140.61,48
758016,94752,1673.75,87.92,165.12,48
758016,94752,3599.67,89.35,36.49,48
758016,94752,3827.84,86.00,6.07,48
758400,94800,3373.70,83.49,22.64,48
758400,94800,509.50,20.63,5.90,48
758400,94800,3752.70,84.50,2.70,48
758400,94800,3498.96,88.09,35.39,48
758400,94800,3329.56,83.15,25.66,48
758400,94800,497.05,17.83,4.11,48
758400,94800,4028.09,88.18,0.00,48
758400,94800,-219.77,23.38,35.69,48
758784,94848,570.23,18.99,0.00,48
758784,94848,3668.95,83.93,0.00,48
758784,94848,-783.09,83.62,320.92,48
758784,94848,2038.43,85.90,133.59,48
758784,94848,3005.34,86.25,60.45,48
758784,94848,3779.13,88.28,18.23,48
758784,94848,3987.97,88.48,0.39,48
758784,94848,3814.60,85.62,0.72,48
759168,94896,3755.66,87.56,14.46,48
759168,94896,4043.81,87.85,0.00,48
759168,94896,3933.50,87.28,1.09,48
759168,94896,3719.41,82.89,0.92,48
759168,94896,3782.99,86.89,6.43,48
759168,94896,-2751.61,19.49,127.87,48
759168,94896,3940.60,87.12,1.74,48
759168,94896,2064.73,83.72,123.89,48
759552,94944,3684.16,83.71,6.49,48
759552,94944,3750.47,85.70,6.79,48
759552,94944,1527.34,84.98,162.09,48
759552,94944,639.14,23.79,3.66,48
759552,94944,3422.16,87.38,35.01,48
759552,94944,3283.05,84.42,39.02,48
759552,94944,2058.91,85.06,121.27,48
759552,94944,3346.18,85.39,33.87,48
759936,94992,-1212.85,20.72,71.56,48
759936,94992,2669.26,86.09,83.74,48
759936,94992,533.84,21.78,6.90,48
759936,94992,-1517.11,89.24,400.50,48
759936,94992,1640.54,87.27,166.94,48
759936,94992,3835.92,86.06,4.22,48
759936,94992,3621.72,82.73,2.90,48
759936,94992,3898.03,86.18,0.25,48
760320,95040,3673.90,84.28,6.08,48
760320,95040,3662.40,83.93,3.70,48
760320,95040,3460.71,87.91,37.08,48
760320,95040,-237.99,22.93,36.05,48
760320,95040,4004.21,88.82,0.31,48
760320,95040,3722.09,84.09,0.00,48
760320,95040,-1222.01,24.50,74.14,48
760320,95040,3999.12,87.89,0.18,48
760704,95088,2540.89,82.00,79.85,48
760704,95088,3238.43,85.81,47.12,48
760704,95088,3804.95,88.97,17.61,48
760704,95088,2389.72,84.86,96.58,48
760704,95088,515.29,20.07,4.24,48
760704,95088,1752.20,85.66,149.90,48
760704,95088,3778.56,89.29,20.40,48
760704,95088,2101.19,83.66,112.78,48
761088,95136,-2782.71,19.94,128.14,48
761088,95136,3400.48,86.09,35.47,48
761088,95136,3618.04,87.52,23.45,48
761088,95136,507.73,20.17,3.77,48
761088,95136,3308.71,86.03,45.57,48
761088,95136,3794.60,85.71,2.28,48
761088,95136,-103.36,19.40,26.52,48
761088,95136,3883.02,86.56,0.00,48
761472,95184,3834.59,85.94,0.02,48
761472,95184,2842.54,88.15,80.33,48
761472,95184,3594.96,85.52,18.31,48
761472,95184,-3137.19,86.47,504.49,48
761472,95184,518.78,19.80,2.64,48
761472,95184,3812.85,85.14,0.01,48
761472,95184,1363.21,88.98,192.91,48
761472,95184,3662.38,86.34,12.53,48
761856,95232,-1266.29,20.68,71.79,48
761856,95232,627.53,86.14,233.71,48
761856,95232,580.68,21.18,3.72,48
761856,95232,-1338.34,89.04,389.25,48
761856,95232,4036.17,88.19,2.70,48
761856,95232,3327.34,88.25,48.19,48
761856,95232,3877.41,86.43,0.29,48
761856,95232,548.97,22.69,4.38,48
762240,95280,2152.83,85.07,118.54,48
762240,95280,-11918.66,19.98,475.36,48
762240,95280,4022.18,88.09,0.00,48
762240,95280,2076.55,86.08,127.81,48
762240,95280,1633.00,86.38,159.81,48
762240,95280,4074.77,89.44,0.66,48
762240,95280,3875.13,86.69,0.76,48
762240,95280,3967.92,87.37,0.61,48
762624,95328,-515.85,20.20,39.93,48
762624,95328,100.96,21.71,21.81,48
762624,95328,575.32,21.46,1.27,48
762624,95328,3808.45,86.85,9.91,48
762624,95328,569.94,19.48,0.57,48
762624,95328,-4269.82,88.11,594.03,48
762624,95328,3798.42,85.25,0.61,48
762624,95328,-3939.23,86.85,562.07,48
763008,95376,366.12,19.56,8.00,48
763008,95376,4018.00,88.32,0.00,48
763008,95376,45.21,18.79,19.69,48
763008,95376,-523.68,21.19,45.72,48
763008,95376,3814.73,85.20,0.00,48
763008,95376,-505.92,23.39,48.66,48
763008,95376,3446.53,87.78,37.17,48
763008,95376,683.68,20.12,0.00,48
763392,95424,3964.09,88.33,2.64,48
763392,95424,3150.02,86.33,52.50,48
763392,95424,2451.02,84.86,100.03,48
763392,95424,2691.52,89.45,103.24,48
763392,95424,3247.10,86.79,48.38,48
763392,95424,-2440.87,23.37,117.64,48
763392,95424,-5084.73,24.64,223.32,48
763392,95424,3747.88,85.04,4.16,48
763776,95472,3686.54,84.39,3.92,48
763776,95472,3456.66,85.44,28.68,48
763776,95472,3470.58,86.34,25.78,48
763776,95472,3535.48,84.55,18.66,48
763776,95472,3193.80,86.48,52.43,48
763776,95472,4008.41,88.47,0.31,48
763776,95472,1773.91,86.44,151.61,48
763776,95472,3687.01,85.42,6.78,48
764160,95520,-2267.31,24.04,111.81,48
764160,95520,2609.65,87.29,94.42,48
764160,95520,3925.93,86.85,1.55,48
764160,95520,2422.75,82.20,89.70,48
764160,95520,-135.74,20.56,27.75,48
764160,95520,3787.71,86.18,6.07,48
764160,95520,452.48,20.21,9.42,48
764160,95520,3792.28,85.39,1.58,48
764544,95568,1128.31,86.67,200.81,48
764544,95568,3848.18,88.80,12.38,48
764544,95568,3255.71,85.58,44.00,48
764544,95568,1956.31,88.79,145.67,48
764544,95568,3754.44,84.17,2.18,48
764544,95568,2531.62,86.31,97.12,48
764544,95568,3865.24,86.70,6.49,48
764544,95568,3803.10,84.82,0.27,48
764928,95616,3228.53,86.91,49.70,48
764928,95616,3439.77,86.15,29.73,48
764928,95616,4015.15,88.62,0.02,48
764928,95616,3881.13,86.78,1.53,48
764928,95616,4051.77,88.71,0.05,48
764928,95616,3797.37,84.56,1.53,48
764928,95616,-1151.02,23.52,71.42,48
764928,95616,630.38,21.77,2.25,48
765312,95664,296.94,23.34,14.84,48
765312,95664,2536.37,84.00,90.46,48
765312,95664,502.21,19.78,5.43,48
765312,95664,3330.63,88.15,46.88,48
765312,95664,397.25,22.36,13.73,48
765312,95664,3488.26,89.95,45.82,48
765312,95664,-553.12,21.00,46.72,48
765312,95664,2020.61,84.59,132.55,48
765696,95712,475.98,20.95,3.29,48
765696,95712,3810.68,85.24,0.00,48
765696,95712,3827.99,86.22,2.70,48
765696,95712,553.22,26.06,8.02,48
765696,95712,3873.23,85.89,0.81,48
765696,95712,3930.25,87.50,0.10,48
765696,95712,3810.70,85.16,0.72,48
765696,95712,3259.77,86.54,42.28,48
766080,95760,383.12,18.76,6.69,48
766080,95760,1392.80,86.84,180.37,48
766080,95760,3839.86,86.99,9.05,48
766080,95760,-4531.03,24.28,201.52,48
766080,95760,3794.17,86.37,5.30,48
766080,95760,3875.87,86.00,0.00,48
766080,95760,-3632.37,19.81,159.50,48
766080,95760,-13383.94,21.88,536.99,48
766464,95808,2667.16,86.44,82.32,48
766464,95808,-3404.92,20.92,156.04,48
766464,95808,-3022.45,22.22,142.64,48
766464,95808,1315.09,85.41,180.73,48
766464,95808,3876.43,85.59,0.00,48
766464,95808,-59.68,25.06,33.93,48
766464,95808,711.03,21.79,1.34,48
766464,95808,362.71,20.14,9.13,48
766848,95856,386.85,21.68,11.70,48
766848,95856,2419.50,86.64,108.37,48
766848,95856,3962.81,87.97,0.66,48
766848,95856,3809.47,86.06,5.11,48
766848,95856,3822.36,85.81,1.52,48
766848,95856,4138.43,90.91,1.43,48
766848,95856,3754.49,84.95,4.56,48
766848,95856,1992.95,86.39,132.02,48
767232,95904,3666.57,88.04,23.68,48
767232,95904,-2602.18,85.64,470.09,48
767232,95904,3361.86,87.65,43.81,48
767232,95904,4003.27,87.16,0.00,48
767232,95904,3759.78,86.85,13.55,48
767232,95904,-1602.47,86.96,402.91,48
767232,95904,4024.64,88.47,0.00,48
767232,95904,-597.68,84.93,319.37,48
767616,95952,1697.94,88.20,161.35,48
767616,95952,2979.78,88.74,70.91,48
767616,95952,100.57,22.40,23.77,48
767616,95952,120.74,20.75,21.95,48
767616,95952,3720.40,85.73,11.94,48
767616,95952,-2152.48,19.41,105.39,48
767616,95952,-4412.01,22.99,196.69,48
767616,95952,3479.06,87.28,36.81,48
768000,96000,-840.07,20.43,57.62,48
768000,96000,-243.34,17.06,28.72,48
768000,96000,3758.03,86.20,13.48,48
768000,96000,3814.04,85.22,0.54,48
768000,96000,2807.14,87.59,83.91,48
768000,96000,3842.04,86.17,1.01,48
768000,96000,3567.48,88.09,28.61,48
768000,96000,2338.47,85.32,103.17,48
768384,96048,3793.11,88.56,18.83,48
768384,96048,3243.89,85.06,40.94,48
768384,96048,-2359.58,22.06,115.41,48
768384,96048,3893.01,88.21,6.19,48
768384,96048,-2770.94,22.32,132.46,48
768384,96048,2655.67,87.25,93.36,48
768384,96048,-47.87,20.59,25.80,48
768384,96048,2662.80,86.97,88.69,48
768768,96096,3420.33,88.09,41.03,48
768768,96096,-3311.09,25.49,158.88,48
768768,96096,509.85,20.05,1.46,48
768768,96096,3413.12,84.78,28.26,48
768768,96096,731.93,21.41,0.43,48
768768,96096,677.66,22.08,1.83,48
768768,96096,-851.71,20.22,54.65,48
768768,96096,3944.78,86.44,0.18,48
769152,96144,3635.49,86.25,20.66,48
769152,96144,2313.98,84.78,105.52,48
769152,96144,-1662.64,21.77,89.99,48
769152,96144,3811.67,87.11,10.76,48
769152,96144,3766.43,84.71,0.72,48
769152,96144,4050.34,88.03,0.00,48
769152,96144,3662.87,83.68,0.11,48
769152,96144,166.19,23.63,22.56,48
769536,96192,3599.51,87.43,27.06,48
769536,96192,726.55,26.06,4.67,48
769536,96192,3660.89,88.19,19.97,48
769536,96192,3983.24,87.94,0.10,48
769536,96192,4033.57,88.36,0.09,48
769536,96192,3730.21,85.55,6.83,48
769536,96192,2113.18,84.17,110.78,48
769536,96192,-3065.77,84.62,493.76,48
769920,96240,3479.85,86.58,32.94,48
769920,96240,2238.65,86.26,119.06,48
769920,96240,3659.21,82.71,2.32,48
769920,96240,2093.70,86.98,133.38,48
769920,96240,144.03,19.96,16.46,48
769920,96240,2767.91,86.57,79.01,48
769920,96240,3873.72,86.12,1.46,48
769920,96240,3406.71,86.62,38.09,48
770304,96288,553.12,18.55,0.32,48
770304,96288,166.28,22.15,20.85,48
770304,96288,-213.80,20.78,32.16,48
770304,96288,-7402.24,21.04,308.07,48
770304,96288,1709.63,86.39,155.97,48
770304,96288,3952.07,87.83,2.59,48
770304,96288,3971.44,87.35,0.00,48
770304,96288,3655.87,86.59,20.71,48
770688,96336,652.75,20.30,0.34,48
770688,96336,-261.83,21.30,35.16,48
770688,96336,2535.63,86.59,97.55,48
770688,96336,3431.80,90.78,55.66,48
770688,96336,651.76,19.94,0.04,48
770688,96336,354.45,21.88,14.10,48
770688,96336,2564.69,87.18,95.63,48
770688,96336,4036.67,88.83,0.48,48
771072,96384,1812.82,86.19,147.53,48
771072,96384,2472.00,87.07,102.53,48
771072,96384,2600.24,88.38,101.67,48
771072,96384,1163.94,85.55,196.01,48
771072,96384,-562.21,23.89,48.42,48
771072,96384,3858.32,86.08,3.71,48
771072,96384,-1207.09,19.23,68.17,48
771072,96384,3414.63,85.71,34.49,48
771456,96432,-386.22,21.84,40.87,48
771456,96432,52.53,18.76,18.69,48
771456,96432,2074.56,84.54,123.46,48
771456,96432,2087.02,87.87,132.92,48
771456,96432,-1324.88,19.74,77.58,48
771456,96432,2058.62,85.77,129.84,48
771456,96432,3856.37,86.86,5.45,48
771456,96432,4056.68,88.65,0.66,48
771840,96480,2292.26,86.96,115.05,48
771840,96480,2196.11,88.77,133.40,48
771840,96480,3212.33,86.42,48.63,48
771840,96480,626.65,21.42,3.01,48
771840,96480,2550.84,87.12,98.77,48
771840,96480,432.13,17.69,4.75,48
771840,96480,3631.98,87.19,21.29,48
771840,96480,2037.81,83.20,117.99,48
772224,96528,-10495.34,24.60,432.99,48
772224,96528,621.29,19.11,0.65,48
772224,96528,3748.86,85.38,7.82,48
772224,96528,616.01,21.16,1.50,48
772224,96528,-264.06,20.97,37.95,48
772224,96528,1889.10,85.75,143.11,48
772224,96528,691.08,23.37,3.36,48
772224,96528,3965.59,87.54,2.20,48
772608,96576,3757.68,85.32,2.32,48
772608,96576,-5083.81,24.53,222.66,48
772608,96576,3128.12,85.58,51.71,48
772608,96576,3931.32,86.98,2.34,48
772608,96576,-2948.65,21.86,140.45,48
772608,96576,-756.83,24.41,58.12,48
772608,96576,2555.86,86.88,97.46,48
772608,96576,1460.68,88.54,179.92,48
772992,96624,-2952.42,18.50,133.13,48
772992,96624,-1146.44,22.52,68.24,48
772992,96624,3903.62,87.14,0.62,48
772992,96624,3111.08,85.09,53.01,48
772992,96624,3933.59,86.95,1.17,48
772992,96624,-3648.69,21.97,164.77,48
772992,96624,3827.48,86.35,4.88,48
772992,96624,3018.35,88.41,73.81,48
773376,96672,-315.51,83.00,287.24,48
773376,96672,3876.46,86.81,0.38,48
773376,96672,-1375.10,21.10,78.78,48
773376,96672,464.10,26.23,16.89,48
773376,96672,2948.13,84.61,58.12,48
773376,96672,3540.14,86.30,23.02,48
773376,96672,3855.46,85.72,0.16,48
773376,96672,-1378.03,18.70,74.08,48
773760,96720,3566.10,82.58,1.92,48
773760,96720,3932.73,87.17,0.00,48
773760,96720,-3193.30,20.39,148.08,48
773760,96720,2357.37,88.08,119.27,48
773760,96720,3828.00,87.34,5.75,48
773760,96720,3749.84,86.07,10.77,48
773760,96720,-636.67,86.46,323.54,48
773760,96720,3831.02,87.51,5.78,48
774144,96768,3760.57,84.87,1.73,48
774144,96768,3604.93,85.71,21.84,48
774144,96768,3813.73,84.70,0.00,48
774144,96768,3846.25,86.95,3.62,48
774144,96768,3503.49,86.12,26.52,48
774144,96768,-1198.98,23.72,76.82,48
774144,96768,-161.46,20.57,30.30,48
774144,96768,-1053.54,20.60,64.38,48
774528,96816,-9163.80,21.87,371.08,48
774528,96816,3263.47,88.08,53.27,48
774528,96816,946.38,26.69,0.72,48
774528,96816,2719.34,88.26,93.49,48
774528,96816,3672.03,83.21,0.56,48
774528,96816,3749.75,84.75,2.31,48
774528,96816,1255.48,87.96,199.23,48
774528,96816,3386.24,88.02,39.68,48
774912,96864,3506.25,85.99,28.62,48
774912,96864,-3647.18,19.44,162.37,48
774912,96864,708.69,21.51,0.43,48
774912,96864,4025.57,89.34,1.95,48
774912,96864,-521.62,22.67,50.91,48
774912,96864,-127.84,20.84,29.04,48
774912,96864,307.63,19.86,10.09,48
774912,96864,680.78,22.75,3.27,48
775296,96912,-249.12,22.60,39.60,48
775296,96912,3288.46,84.54,32.48,48
775296,96912,289.64,20.42,14.27,48
775296,96912,-1496.87,88.57,397.23,48
775296,96912,674.37,20.06,0.00,48
775296,96912,3587.77,87.57,22.37,48
775296,96912,-4114.17,26.29,188.71,48
775296,96912,3850.40,85.29,1.01,48
775680,96960,-1393.57,85.69,372.55,48
775680,96960,3563.47,88.17,31.96,48
775680,96960,3035.42,85.20,51.35,48
775680,96960,1761.89,84.17,141.40,48
775680,96960,3785.28,83.99,0.00,48
775680,96960,-3037.62,23.28,143.73,48
775680,96960,3113.64,88.12,63.38,48
775680,96960,1542.00,85.16,161.50,48
776064,97008,3273.64,87.78,49.38,48
776064,97008,1357.67,86.22,180.00,48
776064,97008,3877.85,86.27,2.89,48
776064,97008,390.91,27.28,17.77,48
776064,97008,3651.15,86.48,17.47,48
776064,97008,-590.24,20.31,46.39,48
776064,97008,-2654.31,18.77,121.15,48
776064,97008,3851.12,86.50,1.17,48
776448,97056,3950.49,88.29,6.86,48
776448,97056,43.70,21.96,22.95,48
776448,97056,3805.58,85.81,0.76,48
776448,97056,3608.47,86.28,18.74,48
776448,97056,976.16,87.28,213.06,48
776448,97056,3738.05,84.28,1.83,48
776448,97056,611.03,19.32,0.00,48
776448,97056,1560.82,86.18,160.89,48
776832,97104,3555.65,83.65,13.57,48
776832,97104,3881.28,89.49,14.13,48
776832,97104,3502.82,87.31,31.56,48
776832,97104,3902.66,86.63,0.02,48
776832,97104,-2122.40,22.01,108.64,48
776832,97104,3739.00,86.88,9.67,48
776832,97104,3586.63,88.11,30.88,48
776832,97104,321.07,19.68,12.30,48
777216,97152,2256.46,85.85,112.44,48
777216,97152,1085.43,87.18,201.08,48
777216,97152,748.74,23.46,1.93,48
777216,97152,3974.92,87.92,1.34,48
777216,97152,3291.15,85.27,35.24,48
777216,97152,3272.55,83.48,31.91,48
777216,97152,811.81,24.17,0.38,48
777216,97152,3724.73,86.47,7.96,48
777600,97200,-2448.16,20.57,118.70,48
777600,97200,609.10,20.81,1.37,48
777600,97200,4150.34,89.66,0.23,48
777600,97200,-1284.94,22.76,75.08,48
777600,97200,644.80,20.16,0.34,48
777600,97200,-473.87,21.67,42.18,48
777600,97200,3745.69,84.94,0.00,48
777600,97200,460.52,20.31,7.77,48
777984,97248,2646.45,82.09,70.18,48
777984,97248,3902.91,87.15,3.84,48
777984,97248,3786.13,85.42,2.90,48
777984,97248,3827.13,87.77,10.21,48
777984,97248,3746.74,85.72,6.94,48
777984,97248,3632.34,85.39,18.29,48
777984,97248,3859.17,85.20,0.00,48
777984,97248,3842.88,87.29,7.68,48
778368,97296,450.24,21.59,5.04,48
778368,97296,1979.40,86.76,141.79,48
778368,97296,-1800.54,21.03,93.01,48
778368,97296,3636.98,85.88,14.60,48
778368,97296,3862.19,86.15,0.00,48
778368,97296,3795.45,86.72,9.40,48
778368,97296,63.00,20.78,21.38,48
778368,97296,3618.04,89.37,33.63,48
778752,97344,-3600.26,86.48,540.65,48
778752,97344,-1523.47,23.93,86.80,48
778752,97344,-2820.18,86.81,482.38,48
778752,97344,3747.38,85.54,7.64,48
778752,97344,3575.99,87.82,27.31,48
778752,97344,-3701.44,21.84,166.38,48
778752,97344,3635.42,84.63,13.24,48
778752,97344,1238.78,88.85,203.28,48
779136,97392,1940.80,87.27,142.51,48
779136,97392,3736.86,88.20,16.00,48
779136,97392,-165.37,20.83,29.57,48
779136,97392,2926.61,87.31,73.35,48
779136,97392,515.33,18.51,0.80,48
779136,97392,1421.98,84.79,169.04,48
779136,97392,3515.92,86.83,29.84,48
779136,97392,3861.03,85.56,1.47,48
779520,97440,3768.36,84.51,1.01,48
779520,97440,3991.44,87.96,1.06,48
779520,97440,2168.12,88.85,133.27,48
779520,97440,3703.31,83.83,0.00,48
779520,97440,3598.96,85.07,16.82,48
779520,97440,687.81,21.75,2.48,48
779520,97440,-978.13,88.56,357.49,48
779520,97440,3476.65,87.50,33.46,48
779904,97488,465.90,19.58,4.18,48
779904,97488,1239.64,86.48,193.10,48
779904,97488,-55.74,84.19,274.01,48
779904,97488,-2732.41,20.21,125.60,48
779904,97488,-1569.60,18.47,79.96,48
779904,97488,3599.13,85.01,17.22,48
779904,97488,679.98,21.11,0.00,48
779904,97488,3520.11,89.04,36.86,48
780288,97536,2467.05,86.15,99.90,48
780288,97536,3376.13,84.50,28.24,48
780288,97536,3792.68,84.39,0.00,48
780288,97536,3833.37,89.07,17.32,48
780288,97536,3750.97,83.90,0.43,48
780288,97536,631.77,20.94,0.39,48
780288,97536,582.03,19.62,1.94,48
780288,97536,2867.96,86.63,75.47,48
780672,97584,598.57,18.67,0.00,48
780672,97584,3797.00,84.80,0.88,48
780672,97584,2060.82,87.73,142.02,48
780672,97584,3711.50,87.11,16.14,48
780672,97584,3581.03,86.39,23.73,48
780672,97584,3203.67,87.22,52.83,48
780672,97584,3021.11,85.34,58.57,48
780672,97584,3888.34,87.13,4.00,48
781056,97632,3978.85,88.74,3.60,48
781056,97632,-2830.47,87.56,487.61,48
781056,97632,3792.71,85.55,1.52,48
781056,97632,-12179.76,21.20,486.44,48
781056,97632,2130.48,86.99,130.15,48
781056,97632,178.74,21.87,21.98,48
781056,97632,538.87,20.22,2.95,48
781056,97632,693.60,24.57,2.39,48
781440,97680,485.65,18.32,2.20,48
781440,97680,2395.53,85.15,102.87,48
781440,97680,676.21,22.94,2.98,48
781440,97680,2934.46,87.12,74.04,48
781440,97680,-8479.14,21.56,346.09,48
781440,97680,3619.05,86.54,16.79,48
781440,97680,3530.26,88.36,31.96,48
781440,97680,4043.26,89.64,4.81,48
781824,97728,576.11,22.02,5.50,48
781824,97728,648.11,22.95,3.88,48
781824,97728,-3237.66,19.23,144.91,48
781824,97728,626.53,21.09,1.43,48
781824,97728,2850.75,87.17,76.41,48
781824,97728,3184.73,88.07,53.78,48
781824,97728,3226.55,85.42,43.33,48
781824,97728,-255.02,22.19,36.41,48
782208,97776,602.54,17.75,0.00,48
782208,97776,422.45,19.49,6.74,48
782208,97776,3660.70,82.04,0.00,48
782208,97776,3831.96,85.69,2.98,48
782208,97776,3805.73,86.80,10.88,48
782208,97776,3835.74,87.68,6.78,48
782208,97776,-3233.00,24.83,153.61,48
782208,97776,-1836.57,22.72,98.51,48
782592,97824,-132.42,21.46,31.44,48
782592,97824,3372.30,86.86,37.58,48
782592,97824,4040.61,89.15,0.60,48
782592,97824,-489.91,22.08,44.89,48
782592,97824,617.29,18.90,0.00,48
782592,97824,265.69,22.87,16.87,48
782592,97824,3440.91,88.35,38.44,48
782592,97824,1666.40,85.94,158.36,48
782976,97872,3444.49,88.60,40.92,48
782976,97872,3491.42,85.39,28.85,48
782976,97872,-2824.32,88.00,491.23,48
782976,97872,304.18,18.89,10.96,48
782976,97872,-2238.45,87.64,443.79,48
782976,97872,3518.26,81.20,6.66,48
782976,97872,-14760.53,24.52,590.16,48
782976,97872,1351.32,86.59,184.24,48
783360,97920,4044.83,87.98,0.47,48
783360,97920,522.56,20.11,2.84,48
783360,97920,-1014.82,20.50,62.05,48
783360,97920,-2808.94,20.18,129.12,48
783360,97920,3991.46,88.44,1.28,48
783360,97920,3207.37,87.50,55.27,48
783360,97920,3742.81,85.81,9.01,48
783360,97920,3928.34,88.04,0.00,48
783744,97968,3925.66,87.26,0.37,48
783744,97968,3909.36,86.62,0.00,48
783744,97968,3036.12,86.12,62.62,48
783744,97968,2950.22,88.05,73.54,48
783744,97968,3593.07,87.18,25.36,48
783744,97968,4043.76,89.13,4.97,48
783744,97968,3038.42,84.45,49.45,48
783744,97968,3550.48,88.35,32.27,48
784128,98016,1679.38,87.94,164.13,48
784128,98016,-1316.08,25.23,81.30,48
784128,98016,3410.38,83.51,23.90,48
784128,98016,3808.10,86.60,4.34,48
784128,98016,-895.72,21.46,57.86,48
784128,98016,-140.55,23.97,37.06,48
784128,98016,2082.31,85.22,122.47,48
784128,98016,3313.87,86.65,41.59,48
784512,98064,3597.51,85.13,15.93,48
784512,98064,2846.11,87.99,84.39,48
784512,98064,4000.00,88.04,0.00,48
784512,98064,248.39,21.73,18.91,48
784512,98064,3775.10,84.84,1.33,48
784512,98064,1610.48,87.85,167.56,48
784512,98064,287.61,22.34,17.97,48
784512,98064,3262.41,86.37,49.01,48
784896,98112,3843.22,86.20,2.26,48
784896,98112,3789.55,84.84,2.55,48
784896,98112,-2976.89,19.66,130.90,48
784896,98112,3856.36,86.47,2.20,48
784896,98112,-2708.33,85.84,474.11,48
784896,98112,2609.21,83.57,78.09,48
784896,98112,2463.60,85.85,96.53,48
784896,98112,-3983.63,21.76,177.47,48
785280,98160,529.47,18.36,3.54,48
785280,98160,-2509.09,24.09,126.52,48
785280,98160,-1773.86,19.17,89.77,48
785280,98160,1884.20,82.80,128.62,48
785280,98160,-652.40,82.38,309.51,48
785280,98160,2392.86,85.55,103.93,48
785280,98160,662.81,20.75,0.10,48
785280,98160,3824.84,85.06,0.00,48
785664,98208,3398.26,85.49,28.13,48
785664,98208,2207.47,84.54,112.75,48
785664,98208,3752.62,88.25,21.80,48
785664,98208,-483.21,21.70,43.84,48
785664,98208,-1573.98,21.57,87.77,48
785664,98208,3856.45,86.82,2.15,48
785664,98208,3524.07,86.19,24.98,48
785664,98208,3721.90,85.23,6.42,48
786048,98256,-792.45,20.87,51.84,48
786048,98256,561.00,17.27,0.00,48
786048,98256,2588.54,83.93,83.02,48
786048,98256,3391.08,85.23,31.34,48
786048,98256,3730.11,88.71,21.69,48
786048,98256,287.54,20.67,14.86,48
786048,98256,759.32,23.67,3.29,48
786048,98256,268.70,19.36,12.32,48
786432,98304,2724.49,87.93,91.22,48
786432,98304,741.84,21.23,1.46,48
786432,98304,3527.29,87.90,33.56,48
786432,98304,-2769.36,24.54,135.34,48
786432,98304,2310.31,84.91,113.09,48
786432,98304,3993.57,87.69,0.00,48
786432,98304,-17037.59,27.54,682.14,48
786432,98304,3926.74,86.74,0.19,48
786816,98352,3875.54,86.62,4.43,48
786816,98352,499.01,19.98,4.22,48
786816,98352,3897.20,87.15,1.42,48
786816,98352,2952.65,84.79,62.84,48
786816,98352,2409.64,86.75,108.85,48
786816,98352,621.57,19.12,0.23,48
786816,98352,591.03,18.79,2.03,48
786816,98352,1266.85,86.33,189.07,48
787200,98400,397.52,22.35,9.88,48
787200,98400,-343.21,21.81,39.27,48
787200,98400,1590.75,84.54,157.80,48
787200,98400,2482.75,84.60,91.84,48
787200,98400,3584.60,85.49,12.11,48
787200,98400,-1245.91,23.60,73.50,48
787200,98400,3933.42,88.43,3.55,48
787200,98400,-1719.28,19.65,87.40,48
787584,98448,-869.29,19.64,56.52,48
787584,98448,3687.43,83.77,0.23,48
787584,98448,1637.76,82.78,144.05,48
787584,98448,3791.98,85.07,3.35,48
787584,98448,3876.47,87.01,1.61,48
787584,98448,504.97,21.88,6.65,48
787584,98448,971.32,88.34,221.23,48
787584,98448,3481.35,84.36,22.82,48
787968,98496,2563.15,84.81,91.21,48
787968,98496,3772.63,84.75,0.62,48
787968,98496,4035.99,88.83,4.52,48
787968,98496,3795.34,85.20,1.84,48
787968,98496,2465.43,86.27,100.44,48
787968,98496,-546.58,24.47,50.63,48
787968,98496,3721.90,83.60,0.79,48
787968,98496,154.86,21.63,18.74,48
788352,98544,2217.55,83.15,106.77,48
788352,98544,3969.58,87.48,0.60,48
788352,98544,3612.63,88.46,29.46,48
788352,98544,2256.68,87.20,121.48,48
788352,98544,3977.58,87.52,0.92,48
788352,98544,3881.09,86.86,0.25,48
788352,98544,3308.21,86.43,43.78,48
788352,98544,3827.76,86.07,0.92,48
788736,98592,-198.77,21.40,32.95,48
788736,98592,1118.07,87.64,204.40,48
788736,98592,267.29,21.71,17.86,48
788736,98592,3877.00,86.09,0.01,48
788736,98592,3064.41,86.81,59.13,48
788736,98592,841.06,24.68,0.33,48
788736,98592,3830.50,87.90,12.76,48
788736,98592,2831.72,87.24,82.95,48
789120,98640,3778.52,85.22,1.01,48
789120,98640,3740.76,84.87,4.89,48
789120,98640,2886.66,86.40,72.40,48
789120,98640,3338.52,88.48,50.90,48
789120,98640,725.75,23.70,1.54,48
789120,98640,2213.60,87.20,121.89,48
789120,98640,-7003.69,20.22,292.17,48
789120,98640,-601.81,23.61,48.98,48
789504,98688,-1798.84,21.15,92.09,48
789504,98688,-3566.31,19.26,158.06,48
789504,98688,3738.95,85.48,0.56,48
789504,98688,3049.82,83.51,51.62,48
789504,98688,3704.95,86.95,12.88,48
789504,98688,3915.05,86.45,1.33,48
789504,98688,-704.72,24.61,57.94,48
789504,98688,1617.52,86.50,160.83,48
789888,98736,3704.80,88.42,24.47,48
789888,98736,517.83,20.33,4.55,48
789888,98736,3162.78,88.22,58.51,48
789888,98736,3215.83,85.24,46.03,48
789888,98736,3872.50,86.97,1.15,48
789888,98736,3763.62,86.86,10.07,48
789888,98736,643.73,20.43,1.39,48
789888,98736,-14070.01,23.74,565.77,48
790272,98784,2477.32,86.18,100.57,48
790272,98784,3166.04,86.36,50.15,48
790272,98784,1570.52,88.19,175.47,48
790272,98784,3487.31,85.18,23.43,48
790272,98784,-1954.45,21.68,99.34,48
790272,98784,-1463.38,23.42,87.10,48
790272,98784,2663.96,87.93,93.09,48
790272,98784,3817.49,86.32,12.61,48
790656,98832,3697.19,83.64,2.34,48
790656,98832,-1804.38,21.39,96.60,48
790656,98832,686.98,21.52,1.17,48
790656,98832,3398.92,86.19,35.38,48
790656,98832,3713.78,85.02,6.95,48
790656,98832,2206.65,87.26,125.72,48
790656,98832,1832.84,83.11,134.75,48
790656,98832,490.63,18.54,5.09,48
791040,98880,643.80,21.81,1.74,48
791040,98880,3741.81,86.86,17.18,48
791040,98880,3212.73,86.43,46.63,48
791040,98880,3044.25,87.82,65.84,48
791040,98880,3932.90,87.46,2.15,48
791040,98880,-632.37,19.47,45.56,48
791040,98880,3892.08,86.54,0.32,48
791040,98880,-310.47,22.32,38.55,48
791424,98928,2119.35,87.10,124.54,48
791424,98928,854.40,26.54,0.30,48
791424,98928,3795.17,86.82,7.39,48
791424,98928,3766.11,86.08,1.28,48
791424,98928,-3246.87,87.49,513.74,48
791424,98928,3472.74,85.57,24.87,48
791424,98928,-177.29,21.35,29.58,48
791424,98928,-5736.95,25.09,247.74,48
791808,98976,3079.12,83.79,45.13,48
791808,98976,247.57,20.68,17.48,48
791808,98976,510.48,19.13,1.31,48
791808,98976,3560.35,87.17,27.04,48
791808,98976,1372.60,86.76,184.69,48
791808,98976,4026.53,88.97,0.00,48
791808,98976,652.93,21.53,1.99,48
791808,98976,1066.76,86.37,199.68,48
792192,99024,3960.98,87.92,1.21,48
792192,99024,3823.46,86.38,3.93,48
792192,99024,632.63,20.10,1.00,48
792192,99024,-9623.76,23.87,396.59,48
792192,99024,3740.67,85.19,1.83,48
792192,99024,3743.46,84.59,1.83,48
792192,99024,1134.28,87.82,204.57,48
792192,99024,2279.01,86.18,115.78,48
792576,99072,-320.72,22.42,39.23,48
792576,99072,-1780.69,20.45,93.78,48
792576,99072,3791.09,84.50,0.00,48
792576,99072,3813.48,85.56,6.26,48
792576,99072,533.04,20.88,4.57,48
792576,99072,-3995.70,85.46,559.78,48
792576,99072,3032.86,84.36,54.88,48
792576,99072,3853.63,88.28,12.15,48
792960,99120,1481.20,85.88,174.21,48
792960,99120,3665.65,85.54,8.38,48
792960,99120,490.67,21.32,7.37,48
792960,99120,4072.80,89.37,0.61,48
792960,99120,3579.51,87.88,26.84,48
792960,99120,-574.00,20.91,46.83,48
792960,99120,2019.73,85.71,130.35,48
792960,99120,3936.25,89.24,10.35,48
793344,99168,441.09,19.96,8.11,48
793344,99168,-4021.57,85.76,566.03,48
793344,99168,3452.61,86.50,32.36,48
793344,99168,767.21,23.06,0.76,48
793344,99168,-951.29,20.57,62.63,48
793344,99168,-926.16,22.22,61.34,48
793344,99168,-1441.60,24.95,88.00,48
793344,99168,-41.80,24.24,31.61,48
793728,99216,-9971.70,18.21,401.50,48
793728,99216,3762.13,86.14,4.75,48
793728,99216,3591.41,89.30,32.96,48
793728,99216,3940.80,86.19,0.05,48
793728,99216,2390.29,85.75,99.39,48
793728,99216,-5123.92,26.51,226.58,48
793728,99216,659.18,21.52,0.69,48
793728,99216,3778.67,85.91,2.41,48
794112,99264,-3149.39,19.26,139.14,48
794112,99264,776.31,24.55,3.48,48
794112,99264,3541.58,89.74,37.84,48
794112,99264,-2872.02,20.35,132.29,48
794112,99264,3224.88,84.17,37.23,48
794112,99264,-862.71,84.22,336.96,48
794112,99264,4058.19,88.64,0.10,48
794112,99264,578.12,21.91,3.73,48
794496,99312,3318.66,85.07,36.49,48
794496,99312,3592.64,83.93,9.92,48
794496,99312,2885.67,83.05,58.25,48
794496,99312,748.14,22.65,0.92,48
794496,99312,704.35,20.45,0.18,48
794496,99312,-1843.70,22.08,96.80,48
794496,99312,3636.11,85.55,13.58,48
794496,99312,4080.96,88.22,0.00,48
794880,99360,2705.08,85.80,78.92,48
794880,99360,3652.25,82.03,0.00,48
794880,99360,3515.18,86.38,26.68,48
794880,99360,371.84,19.54,10.08,48
794880,99360,-3706.26,21.19,163.38,48
794880,99360,-1971.43,23.21,102.25,48
794880,99360,-5150.96,23.19,224.97,48
794880,99360,3738.13,85.20,4.70,48
795264,99408,-996.64,20.15,62.25,48
795264,99408,3186.85,86.93,54.46,48
795264,99408,3782.44,86.18,7.58,48
795264,99408,454.60,20.79,5.18,48
795264,99408,3947.97,87.39,0.27,48
795264,99408,-1001.43,21.27,60.99,48
795264,99408,-606.18,24.12,52.88,48
795264,99408,601.28,18.59,0.01,48
795648,99456,3520.82,88.05,30.28,48
795648,99456,-8718.39,22.29,355.16,48
795648,99456,2783.72,84.22,65.87,48
795648,99456,3878.24,85.02,0.00,48
795648,99456,3596.79,86.97,22.22,48
795648,99456,3589.67,84.32,13.56,48
795648,99456,-2965.91,22.47,138.52,48
795648,99456,3696.96,83.50,0.81,48
796032,99504,3917.16,86.95,1.48,48
796032,99504,-313.85,21.34,36.75,48
796032,99504,1595.49,84.62,159.98,48
796032,99504,4073.78,89.57,1.01,48
796032,99504,3138.99,87.20,52.85,48
796032,99504,3351.42,85.95,39.21,48
796032,99504,3264.19,86.05,42.99,48
796032,99504,3128.75,83.58,42.13,48
796416,99552,3540.94,88.55,37.26,48
796416,99552,3846.23,88.66,13.19,48
796416,99552,3743.42,83.65,0.21,48
796416,99552,3694.71,85.34,7.59,48
796416,99552,3796.86,86.01,5.13,48
796416,99552,216.61,22.09,16.97,48
796416,99552,3981.41,87.64,0.00,48
796416,99552,2815.86,88.97,86.76,48
796800,99600,1286.50,88.79,195.96,48
796800,99600,1069.49,82.61,187.00,48
796800,99600,468.35,22.06,8.99,48
796800,99600,3826.13,85.88,4.41,48
796800,99600,3977.33,86.89,0.26,48
796800,99600,3432.91,85.73,29.16,48
796800,99600,3825.57,86.43,4.66,48
796800,99600,2101.58,84.60,121.43,48
797184,99648,3009.26,87.00,64.18,48
797184,99648,654.20,22.73,2.48,48
797184,99648,-392.99,19.11,40.50,48
797184,99648,3945.58,87.65,1.37,48
797184,99648,3882.38,85.62,2.15,48
797184,99648,-3228.91,20.18,143.40,48
797184,99648,3732.45,84.37,5.67,48
797184,99648,353.16,23.15,12.22,48
797568,99696,3718.73,83.60,3.82,48
797568,99696,332.70,18.42,9.95,48
797568,99696,2906.45,88.94,83.75,48
797568,99696,3867.65,85.63,0.58,48
797568,99696,3951.37,87.81,1.05,48
797568,99696,1492.71,86.23,168.49,48
797568,99696,-222.85,19.63,32.27,48
797568,99696,635.72,21.76,2.35,48
797952,99744,750.58,22.35,0.00,48
797952,99744,-1837.29,84.97,404.69,48
797952,99744,1672.19,87.77,165.89,48
797952,99744,3924.25,87.70,1.21,48
797952,99744,3232.94,87.13,48.28,48
797952,99744,3940.95,86.49,0.00,48
797952,99744,3681.70,86.26,14.65,48
797952,99744,2357.37,88.76,120.88,48
798336,99792,2275.82,84.69,108.80,48
798336,99792,2639.13,86.04,89.48,48
798336,99792,3182.63,84.39,42.45,48
798336,99792,-1936.99,22.06,101.90,48
798336,99792,3893.78,86.18,0.00,48
798336,99792,545.56,20.61,3.58,48
798336,99792,3551.21,86.96,23.87,48
798336,99792,-3715.00,21.11,167.15,48
798720,99840,3948.19,87.88,3.00,48
798720,99840,3498.12,87.45,30.00,48
798720,99840,2909.35,87.04,69.73,48
798720,99840,3816.41,84.82,0.00,48
798720,99840,3938.06,87.83,6.30,48
798720,99840,684.33,21.12,0.00,48
798720,99840,3491.47,83.82,17.70,48
798720,99840,-8132.13,22.24,336.52,48
799104,99888,-1865.04,20.70,94.17,48
799104,99888,-581.25,25.35,54.25,48
799104,99888,-2607.91,83.88,461.14,48
799104,99888,3931.91,87.96,4.16,48
799104,99888,-1867.06,20.54,94.14,48
799104,99888,3968.55,87.48,0.01,48
799104,99888,3895.47,86.69,0.00,48
799104,99888,575.22,18.65,0.01,48
799488,99936,3725.36,84.36,1.94,48
799488,99936,647.82,21.47,2.39,48
799488,99936,-7505.97,20.06,310.42,48
799488,99936,3033.43,83.54,54.93,48
799488,99936,684.73,21.79,1.21,48
799488,99936,567.23,19.02,0.00,48
799488,99936,571.02,23.24,7.00,48
799488,99936,662.04,21.03,0.47,48
799872,99984,3429.68,87.39,37.97,48
799872,99984,-1133.55,21.50,69.52,48
799872,99984,3726.25,84.32,2.26,48
799872,99984,3728.02,85.02,3.72,48
799872,99984,3850.04,86.65,2.19,48
799872,99984,1610.37,85.07,160.82,48
799872,99984,3039.66,86.45,57.26,48
799872,99984,3948.26,87.68,1.28,48
800256,100032,752.46,21.75,0.25,48
800256,100032,-792.62,22.66,55.76,48
800256,100032,3238.90,84.58,41.14,48
800256,100032,3416.48,84.14,29.35,48
800256,100032,2376.13,88.32,117.28,48
800256,100032,679.87,21.00,1.59,48
800256,100032,1204.75,86.58,189.43,48
800256,100032,1714.08,84.04,144.22,48
800640,100080,3969.97,87.49,0.00,48
800640,100080,3759.28,87.03,11.18,48
800640,100080,4153.17,90.44,0.43,48
800640,100080,224.67,21.42,16.96,48
800640,100080,-1833.90,21.93,94.46,48
800640,100080,3993.92,88.09,1.28,48
800640,100080,652.49,20.30,0.32,48
800640,100080,2966.14,88.93,77.95,48
801024,100128,3906.17,88.00,9.27,48
801024,100128,3735.62,84.17,0.00,48
801024,100128,355.34,22.59,13.96,48
801024,100128,3890.70,85.78,0.71,48
801024,100128,235.54,20.59,16.18,48
801024,100128,2616.53,83.58,81.91,48
801024,100128,3643.93,87.33,21.19,48
801024,100128,3342.00,85.48,32.53,48
801408,100176,766.27,86.40,223.27,48
801408,100176,3911.70,87.05,3.38,48
801408,100176,3934.02,87.07,0.38,48
801408,100176,522.58,20.14,0.00,48
801408,100176,3789.79,84.90,0.81,48
801408,100176,3611.66,87.06,20.53,48
801408,100176,3011.77,85.91,59.30,48
801408,100176,3448.55,86.63,31.72,48
801792,100224,3754.35,86.17,8.79,48
801792,100224,-160.53,23.63,34.87,48
801792,100224,2258.06,89.25,131.33,48
801792,100224,1229.86,84.64,184.17,48
801792,100224,3862.05,84.83,0.00,48
801792,100224,2378.63,84.99,100.41,48
801792,100224,-560.81,22.40,49.75,48
801792,100224,3397.25,83.38,24.28,48
802176,100272,508.30,19.73,6.70,48
802176,100272,-2.32,21.96,22.77,48
802176,100272,2401.89,87.62,109.11,48
802176,100272,3326.05,88.29,50.62,48
802176,100272,2384.96,87.62,112.50,48
802176,100272,630.34,20.65,1.87,48
802176,100272,-3923.75,86.38,561.07,48
802176,100272,-2022.59,23.94,106.94,48
802560,100320,567.45,17.98,0.00,48
802560,100320,3895.24,87.48,2.39,48
802560,100320,-1723.69,19.86,89.05,48
802560,100320,-173.84,19.69,30.20,48
802560,100320,3874.99,86.99,1.89,48
802560,100320,3729.21,85.82,12.61,48
802560,100320,3810.90,85.42,0.10,48
802560,100320,3636.06,85.37,13.35,48
802944,100368,3063.20,87.85,64.55,48
802944,100368,3957.33,87.87,3.12,48
802944,100368,283.96,24.28,19.42,48
802944,100368,-610.35,23.91,51.09,48
802944,100368,3593.86,85.55,21.32,48
802944,100368,620.51,21.18,0.18,48
802944,100368,3511.28,85.82,27.68,48
802944,100368,-3689.05,20.30,160.92,48
803328,100416,3695.17,86.33,13.72,48
803328,100416,2887.21,86.57,72.93,48
803328,100416,776.70,21.25,0.00,48
803328,100416,4027.17,88.78,0.72,48
803328,100416,-509.95,22.70,45.43,48
803328,100416,3743.36,85.12,8.89,48
803328,100416,-2211.63,23.01,112.59,48
803328,100416,2033.92,88.77,144.34,48
803712,100464,3586.44,83.75,10.52,48
803712,100464,3054.11,85.08,56.58,48
803712,100464,-3909.80,21.54,174.19,48
803712,100464,3626.75,85.00,6.00,48
803712,100464,3958.27,87.82,0.19,48
803712,100464,651.09,23.05,3.94,48
803712,100464,3776.59,86.62,6.65,48
803712,100464,3857.41,89.43,15.13,48
804096,100512,-4359.47,23.70,194.04,48
804096,100512,548.64,18.91,2.59,48
804096,100512,-4491.56,23.49,198.99,48
804096,100512,501.05,17.70,0.66,48
804096,100512,3833.38,85.84,0.71,48
804096,100512,3843.59,87.99,10.08,48
804096,100512,-2282.23,21.29,110.87,48
804096,100512,2822.20,84.97,71.15,48
804480,100560,-699.22,87.42,333.56,48
804480,100560,269.36,21.14,16.12,48
804480,100560,3730.65,83.34,0.19,48
804480,100560,3443.31,83.32,18.14,48
804480,100560,557.02,21.48,3.50,48
804480,100560,2108.08,86.04,122.61,48
804480,100560,3417.11,84.63,25.38,48
804480,100560,3806.26,84.46,1.73,48
804864,100608,2894.60,88.12,73.40,48
804864,100608,-11324.11,18.99,452.08,48
804864,100608,3733.02,84.19,1.07,48
804864,100608,3268.11,88.12,47.32,48
804864,100608,3862.37,86.26,0.00,48
804864,100608,694.22,21.49,0.00,48
804864,100608,655.01,19.82,0.25,48
804864,100608,3905.88,87.09,7.73,48
805248,100656,3542.35,88.29,33.16,48
805248,100656,560.81,19.30,2.77,48
805248,100656,3528.76,88.17,34.67,48
805248,100656,-455.17,22.70,45.34,48
805248,100656,3877.10,90.03,17.02,48
805248,100656,3584.53,84.21,16.21,48
805248,100656,4004.26,88.95,4.36,48
805248,100656,647.07,21.96,1.00,48
805632,100704,4081.94,89.42,1.24,48
805632,100704,4040.17,88.79,0.92,48
805632,100704,557.76,19.69,1.57,48
805632,100704,1936.31,84.12,132.28,48
805632,100704,4005.18,87.57,0.96,48
805632,100704,3822.04,85.15,1.83,48
805632,100704,3772.23,84.48,0.66,48
805632,100704,3773.48,85.38,2.81,48
806016,100752,1113.06,85.77,196.62,48
806016,100752,579.48,21.17,3.40,48
806016,100752,-833.59,22.72,57.66,48
806016,100752,706.53,21.77,0.18,48
806016,100752,2881.71,87.20,76.79,48
806016,100752,-1185.31,22.93,70.81,48
806016,100752,-3959.11,86.36,562.41,48
806016,100752,3860.37,87.10,3.73,48
806400,100800,2883.71,89.70,82.78,48
806400,100800,-8210.61,20.37,336.62,48
806400,100800,3956.83,88.19,2.20,48
806400,100800,1561.64,86.83,167.79,48
806400,100800,3438.47,86.32,30.80,48
806400,100800,3805.98,84.93,0.35,48
806400,100800,1222.72,87.50,198.25,48
806400,100800,607.07,21.83,4.40,48
806784,100848,-37.62,21.02,26.05,48
806784,100848,3933.01,90.89,17.57,48
806784,100848,2906.83,87.58,77.89,48
806784,100848,3277.78,84.64,36.59,48
806784,100848,3212.16,85.63,42.47,48
806784,100848,-264.36,20.20,33.63,48
806784,100848,2856.47,86.26,74.21,48
806784,100848,3570.88,84.89,17.05,48
807168,100896,3855.07,87.26,7.29,48
807168,100896,3948.43,88.05,1.52,48
807168,100896,3110.90,89.31,68.22,48
807168,100896,3851.66,86.59,7.30,48
807168,100896,735.69,21.92,0.02,48
807168,100896,3036.51,85.71,60.89,48
807168,100896,2783.62,85.99,72.96,48
807168,100896,3762.61,85.41,6.79,48
807552,100944,3999.65,90.78,13.74,48
807552,100944,3971.58,86.77,0.05,48
807552,100944,3268.38,84.56,33.63,48
807552,100944,616.29,22.97,4.90,48
807552,100944,-2617.37,83.86,461.78,48
807552,100944,2593.21,88.17,101.99,48
807552,100944,4003.12,88.25,0.00,48
807552,100944,-1948.38,21.23,98.55,48
807936,100992,-314.58,22.95,40.80,48
807936,100992,2568.38,84.98,86.98,48
807936,100992,3242.95,84.06,36.71,48
807936,100992,4095.66,90.16,0.23,48
807936,100992,-3709.99,85.02,536.49,48
807936,100992,1710.52,85.96,146.86,48
807936,100992,3690.63,84.34,5.35,48
807936,100992,497.79,24.50,10.24,48
808320,101040,203.50,18.86,15.08,48
808320,101040,3743.93,84.94,1.63,48
808320,101040,1646.82,85.48,157.06,48
808320,101040,2347.21,83.30,95.02,48
808320,101040,3403.25,87.15,35.49,48
808320,101040,3554.24,84.85,16.51,48
808320,101040,2935.67,88.17,76.64,48
808320,101040,1996.47,87.72,139.62,48
808704,101088,558.55,18.69,1.10,48
808704,101088,3178.11,89.63,68.57,48
808704,101088,3943.38,88.85,7.41,48
808704,101088,3201.52,85.77,48.80,48
808704,101088,2910.65,85.36,72.04,48
808704,101088,3716.74,84.92,7.47,48
808704,101088,3909.24,87.20,0.69,48
808704,101088,-689.26,24.85,55.03,48
809088,101136,3655.60,87.51,23.14,48
809088,101136,3780.95,84.10,0.05,48
809088,101136,2942.03,86.90,67.13,48
809088,101136,630.38,22.64,2.17,48
809088,101136,3711.71,85.13,8.36,48
809088,101136,3609.14,83.93,11.32,48
809088,101136,-1504.44,23.02,81.50,48
809088,101136,1586.33,88.46,175.44,48
809472,101184,3632.15,84.19,8.13,48
809472,101184,2852.53,86.98,74.27,48
809472,101184,2912.41,82.88,58.11,48
809472,101184,2972.77,86.87,65.45,48
809472,101184,-2526.85,22.54,123.64,48
809472,101184,-2387.19,20.93,114.51,48
809472,101184,3570.94,85.33,18.21,48
809472,101184,75.64,23.59,28.31,48
809856,101232,3795.26,84.90,0.00,48
809856,101232,675.97,22.45,0.00,48
809856,101232,593.59,22.53,4.51,48
809856,101232,1320.99,87.62,192.17,48
809856,101232,3603.99,85.01,15.52,48
809856,101232,3714.90,84.58,5.29,48
809856,101232,3756.71,86.35,7.57,48
809856,101232,3804.50,88.42,18.99,48
810240,101280,-14414.74,23.28,576.12,48
810240,101280,2351.81,85.76,108.49,48
810240,101280,3300.03,86.97,40.70,48
810240,101280,448.10,19.61,5.52,48
810240,101280,3766.99,84.42,0.58,48
810240,101280,3985.81,87.92,0.88,48
810240,101280,3966.49,87.50,1.09,48
810240,101280,3680.10,83.70,0.10,48
810624,101328,-1309.46,19.52,71.14,48
810624,101328,3746.87,84.50,0.74,48
810624,101328,559.73,20.79,4.54,48
810624,101328,2881.82,88.83,81.65,48
810624,101328,3460.42,84.26,14.74,48
810624,101328,3930.86,88.00,4.30,48
810624,101328,3741.99,86.86,11.76,48
810624,101328,-49.80,19.20,21.65,48
811008,101376,3754.04,85.36,2.26,48
811008,101376,3707.46,86.71,17.44,48
811008,101376,3181.57,84.49,43.69,48
811008,101376,-560.84,18.72,42.24,48
811008,101376,-2754.85,20.75,130.05,48
811008,101376,586.42,19.03,0.39,48
811008,101376,3312.20,84.64,33.04,48
811008,101376,-2721.15,19.88,125.05,48
811392,101424,630.50,22.62,3.89,48
811392,101424,248.79,20.01,13.91,48
811392,101424,2789.06,87.20,84.90,48
811392,101424,2372.37,87.09,110.59,48
811392,101424,815.53,26.45,1.94,48
811392,101424,-655.00,85.21,321.86,48
811392,101424,1512.30,87.95,178.74,48
811392,101424,3552.74,88.42,30.93,48
811776,101472,441.74,22.41,8.51,48
811776,101472,2430.32,84.18,91.49,48
811776,101472,3380.54,82.80,25.71,48
811776,101472,3780.60,85.16,5.70,48
811776,101472,3768.68,89.16,23.03,48
811776,101472,-520.01,21.07,44.96,48
811776,101472,762.06,23.74,0.71,48
811776,101472,3744.19,85.56,7.99,48
812160,101520,3642.28,87.97,26.56,48
812160,101520,2189.53,87.40,126.68,48
812160,101520,3754.62,86.77,10.79,48
812160,101520,3135.75,86.13,57.01,48
812160,101520,723.34,20.47,0.00,48
812160,101520,-792.00,21.58,56.77,48
812160,101520,3895.71,88.28,5.18,48
812160,101520,-806.27,86.11,339.82,48
812544,101568,2885.71,82.82,62.37,48
812544,101568,3836.77,87.31,6.48,48
812544,101568,1394.66,87.71,185.17,48
812544,101568,3713.08,83.56,0.62,48
812544,101568,3897.87,87.13,0.68,48
812544,101568,3697.69,87.73,19.52,48
812544,101568,3814.67,85.40,1.24,48
812544,101568,2438.45,87.67,109.44,48
812928,101616,-2555.60,25.38,127.69,48
812928,101616,2643.38,87.07,94.27,48
812928,101616,3846.72,86.63,4.74,48
812928,101616,3738.44,88.99,22.10,48
812928,101616,-860.95,20.79,57.26,48
812928,101616,3921.91,86.41,0.00,48
812928,101616,3930.85,87.96,1.37,48
812928,101616,814.90,24.48,1.38,48
813312,101664,2752.55,84.76,75.27,48
813312,101664,3542.75,85.77,21.27,48
813312,101664,-1803.20,21.30,95.04,48
813312,101664,-1509.69,21.08,85.00,48
813312,101664,3005.64,83.46,52.07,48
813312,101664,2259.12,85.07,112.44,48
813312,101664,2437.18,85.73,98.82,48
813312,101664,-679.71,21.40,49.96,48
813696,101712,1370.51,86.28,178.81,48
813696,101712,516.98,17.79,0.26,48
813696,101712,3072.70,88.91,71.23,48
813696,101712,3371.36,85.97,33.31,48
813696,101712,3881.28,85.91,0.00,48
813696,101712,2988.48,88.12,74.17,48
813696,101712,2208.71,85.37,115.82,48
813696,101712,-2473.93,21.30,121.99,48
814080,101760,3954.29,87.03,1.68,48
814080,101760,3752.91,85.98,0.02,48
814080,101760,3272.99,89.14,55.24,48
814080,101760,3019.57,88.05,69.14,48
814080,101760,-1740.33,22.53,86.92,48
814080,101760,3885.34,86.82,0.00,48
814080,101760,3757.02,83.26,0.80,48
814080,101760,2834.37,88.16,82.96,48
814464,101808,2334.58,82.82,99.07,48
814464,101808,3634.41,86.36,14.15,48
814464,101808,3633.58,85.90,15.85,48
814464,101808,1445.39,87.23,177.24,48
814464,101808,3920.95,86.40,0.00,48
814464,101808,1265.16,86.84,190.80,48
814464,101808,692.01,21.81,1.00,48
814464,101808,3697.68,82.75,0.01,48
814848,101856,3830.06,86.47,3.70,48
814848,101856,1797.16,84.89,144.64,48
814848,101856,164.97,19.87,18.09,48
814848,101856,1467.98,87.61,180.25,48
814848,101856,3424.40,86.84,31.70,48
814848,101856,3604.45,85.55,17.76,48
814848,101856,3958.30,86.98,0.88,48
814848,101856,3967.24,89.17,6.15,48
815232,101904,3598.13,86.07,19.63,48
815232,101904,-1762.06,84.49,397.71,48
815232,101904,2066.32,89.81,145.61,48
815232,101904,3760.92,84.23,0.19,48
815232,101904,3706.24,83.94,1.04,48
815232,101904,2672.60,88.25,93.05,48
815232,101904,3838.24,87.18,2.50,48
815232,101904,404.84,22.36,15.14,48
815616,101952,3579.47,87.92,28.78,48
815616,101952,3483.96,86.59,30.61,48
815616,101952,106.16,18.05,16.47,48
815616,101952,3966.48,90.15,13.61,48
815616,101952,-322.38,23.98,40.59,48
815616,101952,3723.05,84.40,1.62,48
815616,101952,-396.20,22.86,45.04,48
815616,101952,3280.64,85.80,40.75,48
816000,102000,3459.46,83.63,23.85,48
816000,102000,632.09,23.46,4.78,48
816000,102000,289.51,23.04,8.99,48
816000,102000,3677.02,83.51,2.70,48
816000,102000,3755.15,85.67,4.88,48
816000,102000,-637.45,85.01,318.31,48
816000,102000,3637.02,89.61,31.38,48
816000,102000,3317.37,87.37,44.26,48
816384,102048,-13664.47,23.32,546.31,48
816384,102048,2582.78,87.56,96.73,48
816384,102048,-968.82,23.12,65.87,48
816384,102048,3801.11,86.06,0.01,48
816384,102048,3324.11,87.04,45.14,48
816384,102048,4048.90,88.73,0.00,48
816384,102048,3911.95,87.52,0.81,48
816384,102048,1213.52,88.06,199.05,48
816768,102096,-402.50,22.15,39.86,48
816768,102096,676.42,21.11,1.21,48
816768,102096,-3185.84,22.18,146.76,48
816768,102096,605.04,18.58,0.88,48
816768,102096,580.90,19.57,0.74,48
816768,102096,3631.42,85.60,13.32,48
816768,102096,-683.03,20.07,49.58,48
816768,102096,3822.74,85.66,0.00,48
817152,102144,3594.86,84.10,9.90,48
817152,102144,3851.02,85.73,2.53,48
817152,102144,3589.43,85.03,15.06,48
817152,102144,3822.06,86.89,8.32,48
817152,102144,3594.76,86.16,20.51,48
817152,102144,-4523.22,22.20,198.67,48
817152,102144,-416.14,86.58,308.72,48
817152,102144,2787.87,89.68,92.75,48
817536,102192,244.44,19.11,12.21,48
817536,102192,613.74,21.18,3.92,48
817536,102192,-3691.53,21.32,165.73,48
817536,102192,3813.63,85.60,1.24,48
817536,102192,331.91,22.78,16.22,48
817536,102192,-480.60,23.24,46.60,48
817536,102192,3020.84,88.27,67.71,48
817536,102192,319.98,19.57,10.17,48
817920,102240,2037.18,86.29,132.93,48
817920,102240,707.03,22.29,0.00,48
817920,102240,3481.90,88.55,39.99,48
817920,102240,-414.29,25.77,47.46,48
817920,102240,509.23,16.78,0.01,48
817920,102240,3863.09,86.55,1.28,48
817920,102240,2155.01,84.47,120.03,48
817920,102240,-1561.91,19.66,82.46,48
818304,102288,3770.59,84.22,0.00,48
818304,102288,-11264.54,19.40,452.46,48
818304,102288,-464.67,82.27,291.96,48
818304,102288,2620.81,83.81,75.14,48
818304,102288,3782.04,87.41,14.95,48
818304,102288,417.70,22.54,11.47,48
818304,102288,-891.59,22.13,59.45,48
818304,102288,-1568.25,22.43,86.86,48
818688,102336,2953.01,87.39,71.32,48
818688,102336,4012.45,87.44,0.00,48
818688,102336,1379.29,87.59,184.16,48
818688,102336,2891.06,85.46,68.14,48
818688,102336,-1836.19,18.92,91.99,48
818688,102336,3700.34,86.51,15.70,48
818688,102336,574.71,21.50,4.72,48
818688,102336,4003.84,88.64,1.16,48
819072,102384,3930.10,87.41,0.31,48
819072,102384,-1614.24,23.17,88.18,48
819072,102384,-3432.86,23.94,158.40,48
819072,102384,1596.69,86.50,167.89,48
819072,102384,46.61,21.16,21.85,48
819072,102384,3727.54,88.26,15.42,48
819072,102384,1823.54,85.26,144.74,48
819072,102384,3330.70,84.98,39.47,48
819456,102432,474.11,22.21,10.73,48
819456,102432,-1909.15,22.15,100.81,48
819456,102432,3803.28,85.32,3.80,48
819456,102432,489.31,21.04,9.01,48
819456,102432,3732.45,84.76,2.20,48
819456,102432,3616.82,87.60,27.42,48
819456,102432,3977.34,88.25,0.04,48
819456,102432,-163.83,22.39,36.08,48
819840,102480,3399.54,83.97,24.97,48
819840,102480,3975.49,87.17,0.00,48
819840,102480,3907.48,86.17,0.00,48
819840,102480,-584.03,24.40,52.17,48
819840,102480,208.61,21.59,17.78,48
819840,102480,3481.65,82.61,9.04,48
819840,102480,441.51,21.80,9.41,48
819840,102480,2994.98,84.81,57.27,48
820224,102528,473.48,24.14,10.29,48
820224,102528,-5139.11,23.50,222.53,48
820224,102528,3915.37,87.31,1.28,48
820224,102528,3806.16,86.14,4.66,48
820224,102528,3934.44,87.05,0.65,48
820224,102528,3752.13,86.20,10.53,48
820224,102528,3841.10,85.87,0.83,48
820224,102528,-8617.60,19.16,350.41,48
820608,102576,-2482.28,24.44,122.57,48
820608,102576,-903.90,18.30,54.48,48
820608,102576,3768.60,84.04,0.58,48
820608,102576,481.82,17.74,1.94,48
820608,102576,-1804.47,86.61,411.56,48
820608,102576,3369.09,89.76,50.84,48
820608,102576,-1550.41,20.23,80.35,48
820608,102576,924.51,86.78,214.39,48
820992,102624,1488.66,83.95,159.92,48
820992,102624,2782.44,89.03,91.29,48
820992,102624,3774.11,84.99,1.33,48
820992,102624,567.53,25.05,8.86,48
820992,102624,-2194.13,24.25,113.49,48
820992,102624,4063.43,89.03,0.26,48
820992,102624,2950.67,88.71,78.89,48
820992,102624,2990.72,87.52,66.73,48
821376,102672,3668.14,87.58,22.45,48
821376,102672,-3823.87,21.79,170.19,48
821376,102672,3860.17,86.23,0.66,48
821376,102672,4053.78,88.32,1.59,48
821376,102672,3931.22,87.59,3.46,48
821376,102672,3341.05,87.47,40.94,48
821376,102672,3873.38,85.85,2.12,48
821376,102672,736.13,25.49,2.78,48
821760,102720,713.42,22.41,0.27,48
821760,102720,3109.47,85.41,49.04,48
821760,102720,3795.38,84.60,0.00,48
821760,102720,3884.88,87.36,0.96,48
821760,102720,3782.24,83.05,0.38,48
821760,102720,3934.93,87.73,4.44,48
821760,102720,360.27,22.04,10.80,48
821760,102720,4008.60,88.76,4.29,48
822144,102768,612.53,19.03,1.75,48
822144,102768,3189.60,85.61,45.93,48
822144,102768,3781.01,86.59,8.10,48
822144,102768,3984.34,87.15,0.00,48
822144,102768,966.40,87.78,214.82,48
822144,102768,3643.54,87.34,21.36,48
822144,102768,532.35,18.51,0.00,48
822144,102768,3889.92,86.45,0.00,48
822528,102816,-318.39,22.63,40.01,48
822528,102816,3363.97,85.50,33.63,48
822528,102816,3707.47,88.94,26.12,48
822528,102816,-8300.15,20.99,345.36,48
822528,102816,1460.07,84.31,166.50,48
822528,102816,4081.11,88.97,1.53,48
822528,102816,3783.62,84.76,1.31,48
822528,102816,708.71,22.84,0.71,48
822912,102864,3821.35,84.47,1.38,48
822912,102864,2321.73,84.89,110.43,48
822912,102864,476.39,22.58,12.03,48
822912,102864,3453.70,87.04,39.01,48
822912,102864,-3311.45,22.71,152.73,48
822912,102864,3910.73,87.05,1.22,48
822912,102864,4009.65,87.99,0.00,48
822912,102864,3885.08,87.60,6.28,48
823296,102912,4019.93,88.18,0.19,48
823296,102912,3885.15,87.01,2.26,48
823296,102912,2806.52,86.96,78.31,48
823296,102912,3695.81,87.90,17.40,48
823296,102912,3860.80,86.87,6.54,48
823296,102912,3712.66,83.68,0.74,48
823296,102912,737.50,22.08,0.00,48
823296,102912,496.65,21.16,10.40,48
823680,102960,2154.97,85.45,118.82,48
823680,102960,1.59,21.19,28.46,48
823680,102960,4023.68,88.48,1.00,48
823680,102960,3914.69,88.02,2.41,48
823680,102960,672.19,22.32,0.57,48
823680,102960,3201.00,88.72,59.22,48
823680,102960,3996.26,89.01,1.84,48
823680,102960,2788.29,82.91,66.38,48
824064,103008,3855.48,85.63,0.47,48
824064,103008,3513.86,87.34,30.52,48
824064,103008,-2879.64,21.02,133.57,48
824064,103008,625.71,19.62,0.78,48
824064,103008,2394.80,86.54,108.02,48
824064,103008,2369.85,84.78,101.78,48
824064,103008,1994.50,84.60,130.35,48
824064,103008,3603.29,81.91,4.98,48
824448,103056,3418.29,86.11,30.64,48
824448,103056,3626.98,85.90,17.34,48
824448,103056,3576.25,86.80,20.87,48
824448,103056,1477.43,85.27,168.46,48
824448,103056,3692.85,84.07,4.01,48
824448,103056,2444.29,86.18,102.26,48
824448,103056,535.09,21.36,4.00,48
824448,103056,3670.02,86.80,13.55,48
824832,103104,-85.93,22.72,29.41,48
824832,103104,3747.65,85.11,7.91,48
824832,103104,-2282.25,21.94,107.41,48
824832,103104,2270.65,87.12,116.00,48
824832,103104,768.39,22.72,0.68,48
824832,103104,792.15,23.55,0.02,48
824832,103104,457.04,20.67,7.12,48
824832,103104,3836.69,85.64,0.54,48
825216,103152,1632.28,85.26,159.15,48
825216,103152,3712.31,82.71,1.53,48
825216,103152,-9589.76,23.84,392.36,48
825216,103152,3686.75,83.26,1.80,48
825216,103152,3875.73,88.08,7.27,48
825216,103152,180.12,20.14,16.31,48
825216,103152,3792.63,90.15,22.18,48
825216,103152,3978.35,88.29,4.90,48
825600,103200,2475.87,85.29,95.78,48
825600,103200,3573.09,86.17,19.76,48
825600,103200,3672.70,84.96,7.57,48
825600,103200,3151.36,84.59,46.62,48
825600,103200,459.06,20.32,9.70,48
825600,103200,-457.11,20.45,42.51,48
825600,103200,1470.61,85.83,170.32,48
825600,103200,1926.99,84.57,135.83,48
825984,103248,3912.84,87.97,7.79,48
825984,103248,707.56,24.76,4.66,48
825984,103248,-104.53,18.44,26.44,48
825984,103248,-1660.67,21.99,90.83,48
825984,103248,3561.71,84.21,14.69,48
825984,103248,4052.52,88.52,1.60,48
825984,103248,2624.00,86.65,93.19,48
825984,103248,-114.20,21.79,31.97,48
826368,103296,3835.96,86.15,0.02,48
826368,103296,171.46,20.28,18.73,48
826368,103296,3735.62,83.94,0.61,48
826368,103296,603.37,20.07,1.92,48
826368,103296,-601.13,22.37,48.38,48
826368,103296,-690.98,20.59,48.61,48
826368,103296,3751.10,86.21,7.02,48
826368,103296,-906.33,85.20,341.71,48
826752,103344,3992.79,87.40,0.60,48
826752,103344,2939.97,85.46,65.25,48
826752,103344,3975.20,87.94,0.61,48
826752,103344,557.54,19.75,3.05,48
826752,103344,2433.80,88.08,109.96,48
826752,103344,2132.26,88.29,137.14,48
826752,103344,1703.19,86.75,156.72,48
826752,103344,3252.50,85.97,49.93,48
827136,103392,3953.58,88.40,3.94,48
827136,103392,3652.53,82.77,5.36,48
827136,103392,291.02,22.26,14.52,48
827136,103392,3866.36,86.18,1.42,48
827136,103392,808.47,23.35,3.32,48
827136,103392,3737.07,86.09,9.12,48
827136,103392,3379.50,84.47,30.28,48
827136,103392,3909.85,88.45,6.29,48
827520,103440,3768.33,83.78,0.21,48
827520,103440,3433.21,85.34,27.27,48
827520,103440,3805.40,84.85,1.85,48
827520,103440,3288.55,85.77,39.87,48
827520,103440,3173.26,84.18,40.42,48
827520,103440,125.62,21.82,22.00,48
827520,103440,344.56,23.08,17.20,48
827520,103440,3794.30,84.39,0.00,48
827904,103488,3677.83,85.66,4.25,48
827904,103488,-3047.36,21.12,138.74,48
827904,103488,-3214.31,87.47,514.33,48
827904,103488,3394.85,87.74,39.93,48
827904,103488,3860.25,86.08,0.39,48
827904,103488,2440.34,84.57,96.69,48
827904,103488,2104.46,86.29,126.70,48
827904,103488,591.14,20.71,2.66,48
828288,103536,1445.61,83.91,165.04,48
828288,103536,3877.08,86.48,1.83,48
828288,103536,2521.33,87.50,103.13,48
828288,103536,-5234.12,24.91,229.88,48
828288,103536,3563.28,84.30,17.04,48
828288,103536,730.71,22.08,0.00,48
828288,103536,3761.07,85.57,4.18,48
828288,103536,3833.75,85.93,0.43,48
828672,103584,2934.57,86.73,71.76,48
828672,103584,-11239.33,19.84,450.67,48
828672,103584,3747.16,85.05,2.65,48
828672,103584,3657.93,84.51,9.20,48
828672,103584,566.42,18.53,0.00,48
828672,103584,3849.20,86.54,2.76,48
828672,103584,-1953.51,23.72,104.73,48
828672,103584,567.20,18.89,0.76,48
829056,103632,2995.36,85.56,59.22,48
829056,103632,3527.87,88.42,39.65,48
829056,103632,473.84,22.76,11.39,48
829056,103632,3930.39,86.91,0.72,48
829056,103632,-3714.32,21.03,165.36,48
829056,103632,3640.16,86.17,12.01,48
829056,103632,3536.13,85.62,19.83,48
829056,103632,3660.45,84.61,9.10,48
829440,103680,3831.51,87.96,12.34,48
829440,103680,754.34,22.65,0.00,48
829440,103680,3712.62,84.25,1.77,48
829440,103680,572.89,21.70,2.67,48
829440,103680,3163.07,83.40,41.53,48
829440,103680,372.58,18.91,9.14,48
829440,103680,2500.33,89.42,115.39,48
829440,103680,-3631.45,21.11,163.19,48
829824,103728,2056.38,86.13,130.04,48
829824,103728,3666.08,86.87,16.96,48
829824,103728,2879.07,85.37,68.71,48
829824,103728,4029.72,88.63,1.24,48
829824,103728,3625.43,85.99,19.51,48
829824,103728,3760.02,84.71,0.00,48
829824,103728,-1183.12,86.27,367.45,48
829824,103728,3594.47,88.01,24.91,48
830208,103776,-577.14,22.40,48.86,48
830208,103776,75.29,19.10,18.14,48
830208,103776,3892.27,85.18,0.28,48
830208,103776,3238.59,85.84,42.33,48
830208,103776,-1106.75,84.95,352.74,48
830208,103776,-3677.26,85.68,540.02,48
830208,103776,-4514.57,23.48,198.35,48
830208,103776,-1588.84,20.62,82.94,48
830592,103824,3447.77,88.05,40.16,48
830592,103824,3189.20,86.21,48.13,48
830592,103824,-3444.11,21.71,158.59,48
830592,103824,1963.39,86.68,138.62,48
830592,103824,3127.01,86.82,56.60,48
830592,103824,652.17,23.17,2.57,48
830592,103824,1572.62,86.56,168.82,48
830592,103824,3210.44,86.33,45.29,48
830976,103872,515.26,19.90,5.04,48
830976,103872,3762.13,89.41,19.88,48
830976,103872,3284.29,83.60,34.37,48
830976,103872,3975.43,88.31,1.54,48
830976,103872,3993.03,89.09,2.19,48
830976,103872,3235.13,88.06,52.35,48
830976,103872,880.93,24.69,0.15,48
830976,103872,3176.22,85.52,48.83,48
831360,103920,240.48,20.32,14.53,48
831360,103920,3695.68,85.05,8.81,48
831360,103920,415.01,20.96,11.24,48
831360,103920,-79.66,20.90,26.70,48
831360,103920,3794.52,84.99,0.02,48
831360,103920,4039.37,88.21,0.00,48
831360,103920,3867.95,86.00,0.00,48
831360,103920,3624.36,86.17,14.52,48
831744,103968,1637.21,90.02,178.53,48
831744,103968,3861.41,85.64,0.00,48
831744,103968,299.85,23.63,15.96,48
831744,103968,3746.53,84.26,3.38,48
831744,103968,3981.65,87.33,0.01,48
831744,103968,3482.33,83.82,21.17,48
831744,103968,3682.02,84.90,8.14,48
831744,103968,-1757.66,22.00,93.17,48
832128,104016,3838.03,85.95,1.34,48
832128,104016,3405.68,86.02,32.84,48
832128,104016,3219.33,87.04,51.75,48
832128,104016,694.34,23.12,0.47,48
832128,104016,1652.72,85.66,155.47,48
832128,104016,3435.29,86.63,30.52,48
832128,104016,2252.03,84.38,110.68,48
832128,104016,677.74,20.00,0.54,48
832512,104064,3894.09,86.57,0.47,48
832512,104064,2384.05,88.14,114.73,48
832512,104064,2448.76,87.14,109.59,48
832512,104064,3875.63,85.75,0.05,48
832512,104064,479.55,21.82,5.65,48
832512,104064,-1489.79,20.75,80.80,48
832512,104064,3250.06,87.43,49.09,48
832512,104064,-1550.67,25.13,88.18,48
832896,104112,3974.48,87.57,0.57,48
832896,104112,2805.21,84.69,70.76,48
832896,104112,3569.19,86.57,24.44,48
832896,104112,3667.17,87.07,16.12,48
832896,104112,167.34,21.54,22.67,48
832896,104112,3351.09,87.20,45.56,48
832896,104112,3378.97,86.81,37.81,48
832896,104112,-3822.63,21.77,170.63,48
833280,104160,3000.30,86.55,60.01,48
833280,104160,-3030.33,20.23,140.70,48
833280,104160,323.59,19.86,10.97,48
833280,104160,3902.53,86.71,2.53,48
833280,104160,2117.58,87.02,129.94,48
833280,104160,228.62,22.89,19.56,48
833280,104160,-2667.08,23.52,125.98,48
833280,104160,3109.07,84.89,47.07,48
833664,104208,3557.48,83.67,17.11,48
833664,104208,2392.74,87.17,113.13,48
833664,104208,1613.13,84.70,157.12,48
833664,104208,3859.13,86.33,0.05,48
833664,104208,3441.55,84.68,23.09,48
833664,104208,852.98,23.59,0.00,48
833664,104208,2965.06,86.25,63.32,48
833664,104208,3881.83,86.42,0.62,48
834048,104256,1408.74,86.73,175.02,48
834048,104256,670.55,22.43,4.82,48
834048,104256,-194.06,20.95,30.63,48
834048,104256,2856.85,87.57,80.92,48
834048,104256,3944.10,88.02,2.95,48
834048,104256,-1088.04,23.00,69.31,48
834048,104256,-21.28,22.78,28.08,48
834048,104256,291.06,20.21,14.65,48
834432,104304,3234.63,90.25,64.45,48
834432,104304,4079.70,89.50,0.66,48
834432,104304,3758.84,84.88,2.99,48
834432,104304,-5680.65,25.19,246.29,48
834432,104304,1482.47,86.33,171.55,48
834432,104304,3501.92,88.19,35.58,48
834432,104304,232.60,21.60,13.94,48
834432,104304,-353.94,21.14,36.25,48
834816,104352,1880.03,86.15,142.83,48
834816,104352,-336.92,18.96,36.63,48
834816,104352,2993.13,83.45,48.87,48
834816,104352,3544.32,87.77,34.75,48
834816,104352,3304.21,85.26,31.66,48
834816,104352,3844.75,86.64,2.99,48
834816,104352,684.14,23.75,4.02,48
834816,104352,3877.67,87.29,3.97,48
835200,104400,3801.34,87.28,9.21,48
835200,104400,3880.77,86.79,1.63,48
835200,104400,515.83,23.07,9.15,48
835200,104400,1536.85,86.61,167.35,48
835200,104400,280.68,18.83,12.34,48
835200,104400,3861.84,86.69,0.83,48
835200,104400,2546.76,86.89,95.69,48
835200,104400,-356.67,22.32,41.16,48
835584,104448,754.99,22.87,0.81,48
835584,104448,2920.22,87.25,72.84,48
835584,104448,2491.37,88.91,111.24,48
835584,104448,3898.17,86.64,4.75,48
835584,104448,4026.25,88.75,0.02,48
835584,104448,3778.70,84.67,3.41,48
835584,104448,3869.13,87.03,4.98,48
835584,104448,3814.53,85.23,1.28,48
835968,104496,569.71,19.36,0.65,48
835968,104496,-3451.82,85.26,520.01,48
835968,104496,594.23,23.28,5.83,48
835968,104496,4078.72,89.49,0.83,48
835968,104496,2463.79,85.36,92.45,48
835968,104496,3110.75,86.07,52.80,48
835968,104496,3908.86,86.87,1.56,48
835968,104496,3860.17,86.35,0.58,48
836352,104544,1286.84,88.57,192.25,48
836352,104544,-3012.17,21.42,135.95,48
836352,104544,3797.69,86.95,10.61,48
836352,104544,-11092.54,19.94,445.85,48
836352,104544,3283.16,86.69,43.09,48
836352,104544,3914.29,86.53,0.00,48
836352,104544,606.89,21.34,2.53,48
836352,104544,4050.01,87.93,0.00,48
836736,104592,3648.61,88.46,22.44,48
836736,104592,1642.47,86.91,167.37,48
836736,104592,3893.60,86.17,0.27,48
836736,104592,3531.56,86.02,20.66,48
836736,104592,3860.24,87.60,5.34,48
836736,104592,909.22,26.41,0.26,48
836736,104592,-3520.39,21.66,157.93,48
836736,104592,1591.62,83.29,155.25,48
837120,104640,572.56,19.54,2.64,48
837120,104640,3896.46,86.63,0.88,48
837120,104640,3773.05,86.51,4.72,48
837120,104640,-1136.08,23.52,67.68,48
837120,104640,3940.77,87.08,0.86,48
837120,104640,707.92,20.32,0.23,48
837120,104640,3253.28,86.31,44.24,48
837120,104640,667.23,20.67,0.19,48
837504,104688,3983.49,88.35,1.69,48
837504,104688,662.78,21.94,0.86,48
837504,104688,258.00,20.51,13.26,48
837504,104688,346.69,19.85,8.72,48
837504,104688,-4110.71,21.10,180.94,48
837504,104688,-2474.42,21.79,118.44,48
837504,104688,190.12,20.62,18.72,48
837504,104688,-184.81,19.92,30.35,48
837888,104736,3704.81,83.92,0.21,48
837888,104736,3900.90,85.83,0.00,48
837888,104736,1793.91,87.81,155.09,48
837888,104736,1150.73,86.48,200.84,48
837888,104736,3694.41,83.73,1.94,48
837888,104736,3930.36,87.34,0.61,48
837888,104736,3680.09,86.44,13.06,48
837888,104736,3279.14,87.05,49.09,48
838272,104784,1450.13,88.54,181.65,48
838272,104784,3537.81,82.90,10.60,48
838272,104784,1829.40,84.45,136.04,48
838272,104784,651.74,21.05,0.02,48
838272,104784,3581.59,86.73,25.99,48
838272,104784,3703.43,87.96,21.88,48
838272,104784,3205.15,86.91,51.98,48
838272,104784,3896.35,86.31,0.00,48
838656,104832,-2498.63,22.60,121.33,48
838656,104832,4015.22,88.27,0.00,48
838656,104832,3655.49,89.06,29.65,48
838656,104832,3935.51,87.42,0.83,48
838656,104832,3786.27,85.18,1.34,48
838656,104832,3817.94,84.43,0.23,48
838656,104832,828.54,24.16,0.00,48
838656,104832,3960.74,87.92,0.60,48
839040,104880,-4117.45,21.91,182.14,48
839040,104880,3595.86,88.72,31.87,48
839040,104880,-536.96,22.42,47.61,48
839040,104880,215.34,17.82,14.07,48
839040,104880,1982.27,86.65,135.96,48
839040,104880,459.38,19.95,6.95,48
839040,104880,3935.49,90.12,12.41,48
839040,104880,3976.88,88.55,5.03,48
839424,104928,3992.23,88.25,1.01,48
839424,104928,238.46,24.23,22.59,48
839424,104928,-543.74,21.57,47.09,48
839424,104928,3191.68,84.82,39.22,48
839424,104928,774.66,24.71,0.00,48
839424,104928,3526.24,84.94,16.06,48
839424,104928,642.13,22.51,3.18,48
839424,104928,2557.16,84.35,88.57,48
839808,104976,1245.20,86.40,188.23,48
839808,104976,3888.76,86.64,0.61,48
839808,104976,1238.52,86.03,191.77,48
839808,104976,1506.35,86.25,164.93,48
839808,104976,3637.19,84.44,10.78,48
839808,104976,3777.30,88.29,14.89,48
839808,104976,3764.29,87.86,13.19,48
839808,104976,4037.18,88.57,0.05,48
840192,105024,3245.67,86.29,43.12,48
840192,105024,2426.44,89.04,118.06,48
840192,105024,3518.47,84.37,15.15,48
840192,105024,3843.15,85.36,2.41,48
840192,105024,2684.37,87.73,98.31,48
840192,105024,3917.81,87.20,0.72,48
840192,105024,2227.71,83.66,105.06,48
840192,105024,2230.41,87.98,124.61,48
840576,105072,-1704.16,21.72,93.95,48
840576,105072,-90.87,20.73,27.55,48
840576,105072,3250.28,87.87,53.37,48
840576,105072,3757.55,86.46,5.27,48
840576,105072,3504.61,85.37,24.00,48
840576,105072,3543.26,85.14,19.19,48
840576,105072,3670.73,82.30,0.38,48
840576,105072,2015.53,84.57,124.29,48
840960,105120,4034.34,88.39,0.57,48
840960,105120,1479.88,89.37,184.69,48
840960,105120,45.76,22.21,27.42,48
840960,105120,3618.32,88.78,30.22,48
840960,105120,3534.49,84.10,14.86,48
840960,105120,609.23,21.01,3.77,48
840960,105120,3774.47,84.60,0.69,48
840960,105120,3963.83,86.95,0.81,48
841344,105168,3771.22,84.29,1.31,48
841344,105168,3299.07,85.07,35.95,48
841344,105168,3283.69,84.52,40.11,48
841344,105168,1841.35,85.88,143.58,48
841344,105168,4056.11,88.64,1.08,48
841344,105168,2571.59,87.10,99.20,48
841344,105168,511.01,19.71,4.49,48
841344,105168,3599.61,87.16,19.30,48
841728,105216,1605.65,88.07,172.95,48
841728,105216,3993.32,87.72,0.28,48
841728,105216,-3325.18,89.40,536.93,48
841728,105216,935.35,88.00,221.03,48
841728,105216,-28.32,21.52,28.30,48
841728,105216,3865.53,85.02,0.66,48
841728,105216,156.71,18.68,15.37,48
841728,105216,-2445.54,86.73,460.25,48
842112,105264,3767.83,83.95,2.18,48
842112,105264,466.21,21.60,9.20,48
842112,105264,317.91,21.89,13.79,48
842112,105264,606.58,21.41,0.27,48
842112,105264,3334.74,85.50,36.00,48
842112,105264,4018.86,88.14,0.67,48
842112,105264,3727.24,86.71,10.36,48
842112,105264,545.57,21.45,3.20,48
842496,105312,2117.35,85.27,121.24,48
842496,105312,3865.44,85.17,0.00,48
842496,105312,3455.89,86.43,31.72,48
842496,105312,3600.80,85.92,17.25,48
842496,105312,239.89,21.74,17.13,48
842496,105312,3499.59,85.31,20.53,48
842496,105312,3839.44,85.84,2.70,48
842496,105312,513.18,20.00,4.45,48
842880,105360,2934.43,89.80,85.43,48
842880,105360,3812.51,88.81,19.23,48
842880,105360,3609.34,87.71,26.80,48
842880,105360,3742.96,86.04,5.55,48
842880,105360,3769.14,84.73,2.56,48
842880,105360,3434.70,86.18,31.37,48
842880,105360,3635.66,86.61,17.88,48
842880,105360,3915.98,86.33,0.01,48
843264,105408,847.18,26.46,1.63,48
843264,105408,425.88,20.35,10.80,48
843264,105408,3705.06,83.37,1.60,48
843264,105408,3892.15,86.38,2.35,48
843264,105408,3406.05,86.19,38.20,48
843264,105408,-3888.11,21.21,173.53,48
843264,105408,3908.60,86.89,1.17,48
843264,105408,-983.04,20.55,60.89,48
843648,105456,2770.35,85.67,78.69,48
843648,105456,3817.71,86.26,0.62,48
843648,105456,634.95,19.67,0.00,48
843648,105456,3237.76,89.67,62.12,48
843648,105456,1560.18,82.66,155.47,48
843648,105456,3767.12,84.34,0.47,48
843648,105456,2111.25,85.88,125.35,48
843648,105456,-3547.29,20.01,156.06,48
844032,105504,2197.03,84.24,110.74,48
844032,105504,3815.54,85.14,0.19,48
844032,105504,3812.02,84.81,2.25,48
844032,105504,3847.76,86.52,4.25,48
844032,105504,385.30,17.53,4.90,48
844032,105504,3409.97,83.95,25.40,48
844032,105504,3729.46,84.61,1.17,48
844032,105504,3725.14,83.88,0.00,48
844416,105552,580.10,19.64,1.19,48
844416,105552,-1625.35,21.03,88.98,48
844416,105552,3506.96,88.39,40.02,48
844416,105552,-1281.65,21.41,74.99,48
844416,105552,5.13,24.05,30.71,48
844416,105552,-389.18,19.72,38.06,48
844416,105552,-152.31,19.20,28.09,48
844416,105552,3880.25,87.14,3.82,48
844800,105600,651.43,18.62,0.09,48
844800,105600,3208.09,85.93,45.64,48
844800,105600,3811.48,87.68,13.66,48
844800,105600,-3110.79,22.97,146.29,48
844800,105600,753.85,22.65,2.20,48
844800,105600,2669.42,87.39,91.93,48
844800,105600,3234.89,84.74,39.04,48
844800,105600,490.44,18.87,4.79,48
845184,105648,2357.66,87.31,114.76,48
845184,105648,1647.23,85.07,155.14,48
845184,105648,-3425.68,88.78,536.90,48
845184,105648,-358.12,19.84,39.52,48
845184,105648,-1957.53,21.55,100.72,48
845184,105648,525.45,21.14,8.60,48
845184,105648,29.99,20.67,20.34,48
845184,105648,3958.93,89.06,10.32,48
845568,105696,3443.02,87.78,36.55,48
845568,105696,4008.20,88.85,0.12,48
845568,105696,721.61,23.24,0.61,48
845568,105696,617.25,20.83,0.09,48
845568,105696,3773.45,84.23,0.72,48
845568,105696,3809.54,88.35,13.51,48
845568,105696,333.39,21.39,14.22,48
845568,105696,536.01,18.10,1.56,48
845952,105744,3342.77,84.25,31.89,48
845952,105744,-2011.67,16.18,93.96,48
845952,105744,3766.82,83.85,1.21,48
845952,105744,3400.77,89.12,47.65,48
845952,105744,3773.70,84.53,0.31,48
845952,105744,3594.67,86.27,16.57,48
845952,105744,195.09,20.06,14.46,48
845952,105744,3661.95,87.05,20.21,48
846336,105792,711.31,23.01,0.00,48
846336,105792,-1542.06,22.14,87.86,48
846336,105792,3991.96,89.81,10.10,48
846336,105792,-4246.31,22.67,189.77,48
846336,105792,-4925.84,23.36,214.56,48
846336,105792,-3515.45,20.82,158.21,48
846336,105792,660.41,19.85,0.02,48
846336,105792,3776.18,86.78,6.81,48
846720,105840,3737.54,85.45,4.49,48
846720,105840,-2506.10,22.68,123.47,48
846720,105840,3903.02,85.80,0.00,48
846720,105840,-1746.26,25.48,94.45,48
846720,105840,3882.56,86.20,0.77,48
846720,105840,3608.16,82.91,5.86,48
846720,105840,610.30,20.47,1.93,48
846720,105840,3707.74,85.58,9.63,48
847104,105888,1940.24,81.99,121.40,48
847104,105888,3547.20,83.48,10.41,48
847104,105888,-988.08,22.01,66.62,48
847104,105888,2996.30,89.69,79.57,48
847104,105888,3977.27,88.31,2.90,48
847104,105888,2713.76,87.70,87.67,48
847104,105888,3671.69,84.56,9.29,48
847104,105888,3716.84,88.16,24.79,48
847488,105936,3765.73,84.38,2.16,48
847488,105936,677.46,20.42,0.01,48
847488,105936,-2804.22,21.64,132.89,48
847488,105936,450.65,19.82,9.08,48
847488,105936,3894.54,87.24,2.33,48
847488,105936,-4066.38,90.20,589.43,48
847488,105936,3960.15,88.30,4.32,48
847488,105936,3743.75,84.67,3.56,48
847872,105984,1150.36,86.67,198.19,48
847872,105984,3143.61,88.16,59.59,48
847872,105984,3797.49,85.26,3.05,48
847872,105984,3842.16,86.02,0.23,48
847872,105984,738.53,22.58,0.00,48
847872,105984,2767.11,88.76,89.01,48
847872,105984,4005.33,87.99,1.39,48
847872,105984,3833.02,85.03,0.00,48
848256,106032,426.36,22.34,12.55,48
848256,106032,117.91,22.25,25.51,48
848256,106032,783.88,23.58,0.00,48
848256,106032,1555.67,84.73,165.80,48
848256,106032,3199.62,88.97,61.62,48
848256,106032,-639.61,24.28,52.65,48
848256,106032,1806.71,86.69,144.78,48
848256,106032,3836.21,86.66,1.59,48
848640,106080,3100.04,84.18,49.10,48
848640,106080,3930.73,87.12,0.28,48
848640,106080,768.77,22.85,0.00,48
848640,106080,3560.44,88.09,30.26,48
848640,106080,2079.22,88.08,139.66,48
848640,106080,-1392.40,23.03,83.97,48
848640,106080,2669.19,84.76,78.56,48
848640,106080,3972.54,86.91,0.21,48
849024,106128,152.09,25.97,25.96,48
849024,106128,4120.95,89.68,0.02,48
849024,106128,-1317.18,24.42,76.99,48
849024,106128,3860.89,85.35,0.00,48
849024,106128,3585.44,82.65,6.21,48
849024,106128,3967.44,90.58,14.17,48
849024,106128,-921.74,22.13,61.05,48
849024,106128,2446.23,85.07,98.07,48
849408,106176,-2693.73,16.79,121.76,48
849408,106176,3611.51,87.41,23.84,48
849408,106176,3944.10,87.22,0.00,48
849408,106176,678.19,24.11,5.08,48
849408,106176,862.64,23.74,0.35,48
849408,106176,-3778.09,88.75,562.16,48
849408,106176,3760.04,85.53,0.00,48
849408,106176,3906.38,87.38,1.49,48
849792,106224,3886.97,87.35,5.15,48
849792,106224,3874.18,87.11,3.93,48
849792,106224,3735.99,84.04,0.02,48
849792,106224,735.89,23.27,0.00,48
849792,106224,3735.88,84.64,1.16,48
849792,106224,-112.76,19.49,28.37,48
849792,106224,3609.62,82.56,2.98,48
849792,106224,3728.11,86.27,8.91,48
850176,106272,3799.40,85.28,0.58,48
850176,106272,-2017.13,19.91,98.17,48
850176,106272,2912.78,85.34,64.68,48
850176,106272,487.05,18.44,4.88,48
850176,106272,3977.83,87.80,0.00,48
850176,106272,-544.22,22.58,50.30,48
850176,106272,3909.36,86.82,0.68,48
850176,106272,1981.74,88.86,147.80,48
850560,106320,3790.23,83.90,0.32,48
850560,106320,1015.36,86.79,202.68,48
850560,106320,-252.60,23.52,39.87,48
850560,106320,3381.63,88.46,44.36,48
850560,106320,3666.61,83.93,1.28,48
850560,106320,2817.38,88.01,85.69,48
850560,106320,1640.27,85.65,155.57,48
850560,106320,34.54,23.16,26.89,48
850944,106368,-763.81,22.00,55.20,48
850944,106368,-7915.28,18.74,321.33,48
850944,106368,1899.32,86.62,145.07,48
850944,106368,-2225.65,83.78,426.32,48
850944,106368,2947.23,87.09,69.54,48
850944,106368,3664.49,87.67,20.96,48
850944,106368,657.04,87.76,236.02,48
850944,106368,3677.59,83.99,0.72,48
851328,106416,-1761.96,22.31,93.88,48
851328,106416,3634.42,87.91,21.94,48
851328,106416,3941.41,87.63,1.90,48
851328,106416,3713.32,85.82,12.22,48
851328,106416,3966.36,87.63,1.63,48
851328,106416,3719.18,85.17,5.44,48
851328,106416,3873.40,85.64,0.00,48
851328,106416,-1686.36,25.24,91.22,48
851712,106464,3942.55,87.04,0.05,48
851712,106464,3772.68,85.25,2.57,48
851712,106464,3491.38,88.52,39.35,48
851712,106464,748.14,23.13,0.18,48
851712,106464,-904.50,86.69,346.75,48
851712,106464,669.52,21.38,0.58,48
851712,106464,2783.22,88.13,82.99,48
851712,106464,712.11,21.89,0.00,48
852096,106512,3838.58,86.12,3.46,48
852096,106512,1848.61,83.04,133.30,48
852096,106512,4048.45,88.47,0.98,48
852096,106512,3783.01,88.40,14.44,48
852096,106512,465.27,21.29,9.79,48
852096,106512,483.97,20.84,2.82,48
852096,106512,3758.08,90.23,25.99,48
852096,106512,328.39,20.35,9.70,48
852480,106560,498.28,20.31,5.93,48
852480,106560,-3070.76,20.99,141.11,48
852480,106560,3918.47,87.74,6.61,48
852480,106560,592.76,24.65,11.56,48
852480,106560,2357.54,84.46,99.16,48
852480,106560,2498.38,85.57,97.28,48
852480,106560,3730.91,84.86,2.62,48
852480,106560,1573.42,87.49,173.69,48
852864,106608,3747.47,83.90,2.40,48
852864,106608,2427.94,87.33,107.15,48
852864,106608,3859.53,86.67,2.78,48
852864,106608,590.62,20.26,0.00,48
852864,106608,1752.28,84.67,143.31,48
852864,106608,4036.14,88.87,0.00,48
852864,106608,189.59,20.49,17.03,48
852864,106608,1579.47,86.46,166.09,48
853248,106656,3304.28,86.93,44.21,48
853248,106656,3359.13,85.30,32.36,48
853248,106656,262.67,24.77,24.90,48
853248,106656,4064.83,89.19,5.56,48
853248,106656,3897.59,87.21,0.61,48
853248,106656,2636.01,86.53,87.93,48
853248,106656,3702.74,85.98,9.70,48
853248,106656,3592.70,86.60,22.56,48
853632,106704,2968.85,86.07,68.69,48
853632,106704,3941.36,87.84,2.15,48
853632,106704,1616.69,85.01,152.80,48
853632,106704,2264.62,86.78,119.08,48
853632,106704,3211.81,84.90,44.57,48
853632,106704,684.69,21.64,0.57,48
853632,106704,3657.81,85.19,8.57,48
853632,106704,390.10,21.46,13.62,48
854016,106752,3328.30,86.99,38.83,48
854016,106752,3253.75,89.14,58.39,48
854016,106752,3790.64,84.43,0.61,48
854016,106752,3777.89,86.60,10.48,48
854016,106752,3863.18,88.53,13.58,48
854016,106752,3046.36,91.04,84.39,48
854016,106752,-1137.19,21.19,68.13,48
854016,106752,421.68,18.67,7.62,48
854400,106800,3970.82,88.64,5.87,48
854400,106800,3935.47,88.39,4.52,48
854400,106800,686.60,22.17,0.68,48
854400,106800,216.50,19.91,13.26,48
854400,106800,3525.45,88.81,38.38,48
854400,106800,3886.41,86.42,1.87,48
854400,106800,3897.99,86.17,1.24,48
854400,106800,3427.00,84.03,22.27,48
854784,106848,2950.07,85.94,60.92,48
854784,106848,570.72,22.20,2.20,48
854784,106848,3845.49,85.76,0.92,48
854784,106848,3961.79,88.43,0.69,48
854784,106848,3833.65,88.12,14.13,48
854784,106848,-98.70,21.25,25.24,48
854784,106848,584.25,23.51,11.17,48
854784,106848,129.99,20.62,19.65,48
855168,106896,667.29,21.29,0.47,48
855168,106896,736.27,23.10,4.19,48
855168,106896,3750.89,85.55,4.05,48
855168,106896,-141.60,21.17,31.19,48
855168,106896,2703.15,85.39,83.06,48
855168,106896,-1754.34,25.36,98.15,48
855168,106896,3020.40,85.18,55.16,48
855168,106896,-1935.97,19.92,95.57,48
855552,106944,3946.30,88.14,1.00,48
855552,106944,2958.24,87.89,71.24,48
855552,106944,4043.50,88.89,0.00,48
855552,106944,45.08,22.36,24.21,48
855552,106944,3847.75,86.34,2.18,48
855552,106944,4108.75,89.30,0.86,48
855552,106944,1858.31,85.18,144.44,48
855552,106944,3941.49,87.01,0.27,48
855936,106992,2155.83,81.34,101.28,48
855936,106992,3598.92,85.43,13.73,48
855936,106992,198.17,23.64,22.42,48
855936,106992,3996.62,88.79,1.53,48
855936,106992,2745.41,88.58,90.14,48
855936,106992,3063.57,82.48,40.18,48
855936,106992,3463.78,88.37,38.87,48
855936,106992,3327.18,82.57,27.88,48
856320,107040,62.89,21.93,25.12,48
856320,107040,3946.30,87.01,0.72,48
856320,107040,3194.10,88.25,57.06,48
856320,107040,3695.72,83.86,1.26,48
856320,107040,3927.28,87.40,5.25,48
856320,107040,3763.41,83.95,0.95,48
856320,107040,3534.36,86.06,22.57,48
856320,107040,3765.61,85.21,4.03,48
856704,107088,3740.92,87.64,17.49,48
856704,107088,-668.25,21.21,50.33,48
856704,107088,3718.38,88.21,16.98,48
856704,107088,64.55,19.67,19.99,48
856704,107088,2246.07,84.86,111.94,48
856704,107088,648.27,22.36,1.64,48
856704,107088,1030.65,87.81,208.23,48
856704,107088,3604.07,87.74,25.52,48
857088,107136,1544.00,87.09,171.01,48
857088,107136,66.23,21.97,25.39,48
857088,107136,1614.98,85.30,161.54,48
857088,107136,3885.93,87.74,5.19,48
857088,107136,3732.80,84.48,0.46,48
857088,107136,-10.91,23.42,25.06,48
857088,107136,3211.11,85.46,44.52,48
857088,107136,3787.12,87.70,10.11,48
857472,107184,-66.82,21.19,27.05,48
857472,107184,-4004.85,22.14,180.07,48
857472,107184,3923.99,87.89,4.80,48
857472,107184,4013.85,88.89,1.78,48
857472,107184,3736.79,83.41,0.66,48
857472,107184,3688.04,83.90,2.41,48
857472,107184,-9284.91,21.63,377.17,48
857472,107184,438.57,22.14,10.48,48
857856,107232,3610.64,87.41,23.23,48
857856,107232,3147.81,83.12,36.99,48
857856,107232,43.60,22.20,22.79,48
857856,107232,675.32,20.84,0.39,48
857856,107232,609.19,22.70,5.18,48
857856,107232,2544.94,85.12,89.27,48
857856,107232,-3711.93,19.57,165.39,48
857856,107232,-4198.47,21.58,183.50,48
858240,107280,3862.81,85.95,0.39,48
858240,107280,2798.21,83.87,67.98,48
858240,107280,3902.48,87.31,2.33,48
858240,107280,3541.22,87.74,29.90,48
858240,107280,3828.99,85.63,1.28,48
858240,107280,-957.90,22.54,65.34,48
858240,107280,729.57,23.66,3.39,48
858240,107280,461.79,19.22,7.47,48
858624,107328,3728.95,84.00,2.30,48
858624,107328,2903.33,83.23,60.38,48
858624,107328,3743.68,84.41,0.01,48
858624,107328,1885.88,83.54,131.60,48
858624,107328,3866.62,87.01,4.14,48
858624,107328,4064.31,88.94,0.27,48
858624,107328,3901.73,86.14,0.27,48
858624,107328,528.89,23.97,13.00,48
859008,107376,3832.01,87.37,8.48,48
859008,107376,3782.64,84.96,0.00,48
859008,107376,456.95,18.25,4.38,48
859008,107376,-71.01,23.40,32.90,48
859008,107376,388.75,18.94,7.71,48
859008,107376,3772.05,84.68,1.00,48
859008,107376,3903.39,88.34,3.69,48
859008,107376,486.33,23.36,7.60,48
859392,107424,-684.56,22.09,53.74,48
859392,107424,2967.81,83.69,55.95,48
859392,107424,-600.07,87.14,324.96,48
859392,107424,3897.61,86.61,0.27,48
859392,107424,3814.08,85.47,3.18,48
859392,107424,2411.49,89.91,121.49,48
859392,107424,3726.07,88.25,22.54,48
859392,107424,3657.25,86.95,16.47,48
859776,107472,449.42,22.07,7.80,48
859776,107472,3939.26,86.23,0.00,48
859776,107472,3679.81,83.16,2.62,48
859776,107472,1592.00,85.92,163.70,48
859776,107472,2692.34,84.97,81.65,48
859776,107472,3757.41,84.59,0.00,48
859776,107472,3606.69,86.69,17.67,48
859776,107472,340.55,24.76,23.12,48
860160,107520,3369.31,89.34,50.24,48
860160,107520,2985.53,83.28,55.69,48
860160,107520,-1296.68,23.12,74.95,48
860160,107520,648.47,20.21,1.37,48
860160,107520,3337.12,83.66,29.41,48
860160,107520,3926.61,87.17,0.32,48
860160,107520,3484.36,86.18,24.58,48
860160,107520,738.25,22.62,1.56,48
860544,107568,1135.73,85.03,192.09,48
860544,107568,1449.79,89.16,185.94,48
860544,107568,533.64,18.01,1.10,48
860544,107568,-17.40,22.60,30.98,48
860544,107568,667.38,23.76,3.13,48
860544,107568,385.81,20.25,9.21,48
860544,107568,273.73,19.62,12.57,48
860544,107568,3715.71,85.01,8.37,48
860928,107616,-1223.30,89.39,382.75,48
860928,107616,2539.17,87.47,102.62,48
860928,107616,1917.37,87.05,145.10,48
860928,107616,2372.31,87.27,112.51,48
860928,107616,-3555.05,19.15,155.77,48
860928,107616,3673.24,85.20,7.64,48
860928,107616,2326.28,84.96,99.29,48
860928,107616,359.15,21.87,14.72,48
861312,107664,1636.42,88.71,173.44,48
861312,107664,2557.70,82.97,81.56,48
861312,107664,497.23,22.25,8.12,48
861312,107664,1431.27,86.73,182.10,48
861312,107664,2221.66,88.71,130.74,48
861312,107664,3365.09,86.92,36.24,48
861312,107664,1318.91,88.48,193.98,48
861312,107664,-6788.96,19.08,281.69,48
861696,107712,2455.92,86.49,103.77,48
861696,107712,-227.78,20.61,32.88,48
861696,107712,-694.36,23.17,53.26,48
861696,107712,3753.46,86.49,8.19,48
861696,107712,3685.75,82.07,0.00,48
861696,107712,3321.43,83.71,27.58,48
861696,107712,3866.97,85.90,0.25,48
861696,107712,-2885.72,20.26,130.55,48
862080,107760,-372.22,20.85,41.88,48
862080,107760,3471.57,84.91,22.04,48
862080,107760,-2243.47,21.72,112.76,48
862080,107760,2145.20,88.50,136.68,48
862080,107760,-76.18,22.18,29.34,48
862080,107760,-700.17,23.69,54.60,48
862080,107760,4103.22,89.68,3.59,48
862080,107760,3500.98,84.02,17.87,48
862464,107808,3974.78,88.73,4.39,48
862464,107808,3849.64,86.31,0.68,48
862464,107808,3822.48,88.91,16.29,48
862464,107808,3909.03,85.71,0.86,48
862464,107808,2316.39,84.99,102.97,48
862464,107808,-1499.31,22.68,82.75,48
862464,107808,3072.78,84.65,51.34,48
862464,107808,3785.13,88.81,20.98,48
862848,107856,694.75,21.04,1.06,48
862848,107856,387.29,17.52,4.51,48
862848,107856,3887.44,86.82,1.93,48
862848,107856,757.89,23.64,1.51,48
862848,107856,3313.61,86.26,38.05,48
862848,107856,3736.16,85.95,9.18,48
862848,107856,-442.19,18.69,35.74,48
862848,107856,4140.30,90.20,0.00,48
863232,107904,3634.41,84.42,9.71,48
863232,107904,3916.81,88.67,6.65,48
863232,107904,449.78,18.79,7.19,48
863232,107904,1935.49,88.64,150.39,48
863232,107904,1390.80,85.31,172.32,48
863232,107904,3902.97,87.07,0.86,48
863232,107904,3791.42,85.06,1.43,48
863232,107904,3770.19,85.17,3.92,48
863616,107952,3024.72,86.07,55.89,48
863616,107952,3430.19,85.85,30.67,48
863616,107952,571.21,19.82,2.76,48
863616,107952,3904.65,87.00,1.64,48
863616,107952,2993.97,85.79,63.94,48
863616,107952,3987.83,88.08,1.06,48
863616,107952,-1493.74,23.50,85.23,48
863616,107952,4095.74,89.14,0.28,48
864000,108000,-2807.67,23.76,134.23,48
864000,108000,3947.83,88.42,5.54,48
864000,108000,4072.90,89.42,0.61,48
864000,108000,3931.86,87.22,2.26,48
864000,108000,3291.28,87.41,48.82,48
864000,108000,3192.04,86.81,53.17,48
864000,108000,3892.57,86.31,0.00,48
864000,108000,2748.69,84.50,75.88,48
864384,108048,314.02,19.33,8.49,48
864384,108048,1017.27,87.50,213.01,48
864384,108048,3855.73,86.23,1.79,48
864384,108048,639.86,20.82,2.05,48
864384,108048,598.39,21.24,2.16,48
864384,108048,3977.66,87.92,0.32,48
864384,108048,-437.25,20.97,42.54,48
864384,108048,-2475.97,25.52,125.37,48
864768,108096,3620.86,88.80,25.88,48
864768,108096,3757.36,88.11,16.11,48
864768,108096,3979.95,88.76,1.90,48
864768,108096,4126.64,89.24,0.00,48
864768,108096,-2318.13,86.65,443.65,48
864768,108096,3033.70,87.54,65.20,48
864768,108096,457.67,20.97,9.63,48
864768,108096,-2515.24,21.96,123.58,48
865152,108144,4013.48,88.49,0.92,48
865152,108144,3158.77,86.68,53.16,48
865152,108144,-7320.70,20.02,302.08,48
865152,108144,2553.66,88.62,105.98,48
865152,108144,3927.67,86.94,2.31,48
865152,108144,516.93,21.59,7.30,48
865152,108144,610.45,20.07,2.64,48
865152,108144,573.27,20.55,0.86,48
865536,108192,3991.11,89.08,4.98,48
865536,108192,1727.65,87.19,156.06,48
865536,108192,3641.78,84.51,10.38,48
865536,108192,1160.02,86.53,193.19,48
865536,108192,710.01,21.87,0.31,48
865536,108192,-213.83,19.55,32.40,48
865536,108192,3305.68,82.83,26.25,48
865536,108192,-232.17,22.68,35.30,48
865920,108240,3418.30,86.42,34.86,48
865920,108240,600.65,20.88,0.00,48
865920,108240,3731.02,85.51,10.10,48
865920,108240,-4243.20,24.74,191.13,48
865920,108240,3595.24,82.04,6.63,48
865920,108240,519.42,19.07,0.47,48
865920,108240,-1664.70,23.96,92.16,48
865920,108240,3586.12,82.99,4.32,48
866304,108288,1818.88,88.71,160.85,48
866304,108288,2912.00,85.91,65.90,48
866304,108288,3868.84,86.05,0.72,48
866304,108288,3118.45,88.61,64.81,48
866304,108288,3825.08,85.25,1.36,48
866304,108288,-1706.28,18.24,86.52,48
866304,108288,-1704.10,24.15,93.45,48
866304,108288,2174.17,85.43,126.40,48
866688,108336,1684.64,88.02,166.38,48
866688,108336,999.62,88.93,221.69,48
866688,108336,3849.04,86.16,1.34,48
866688,108336,-402.12,15.80,33.84,48
866688,108336,-1473.73,87.41,389.42,48
866688,108336,4186.71,90.66,2.20,48
866688,108336,1862.50,84.64,138.19,48
866688,108336,3676.29,81.66,0.01,48
867072,108384,3773.21,84.29,0.41,48
867072,108384,3940.69,88.32,3.82,48
867072,108384,474.58,25.06,11.71,48
867072,108384,3906.46,86.31,2.62,48
867072,108384,608.21,19.78,2.69,48
867072,108384,4.09,19.63,24.10,48
867072,108384,4021.03,88.74,0.01,48
867072,108384,3774.34,87.22,14.47,48
867456,108432,138.93,20.44,17.26,48
867456,108432,3768.04,84.35,0.00,48
867456,108432,-45.65,22.92,29.03,48
867456,108432,3952.54,87.58,2.48,48
867456,108432,3688.82,83.94,0.74,48
867456,108432,2800.04,86.47,78.07,48
867456,108432,574.06,19.07,0.32,48
867456,108432,1648.56,89.10,172.78,48
867840,108480,-41.81,22.74,27.56,48
867840,108480,-1040.16,86.59,355.37,48
867840,108480,2521.17,85.01,90.65,48
867840,108480,3778.51,87.82,14.14,48
867840,108480,-9833.64,23.27,401.67,48
867840,108480,3247.46,87.30,48.12,48
867840,108480,-2456.39,22.05,121.55,48
867840,108480,3773.20,85.37,1.56,48
868224,108528,3833.06,86.01,4.84,48
868224,108528,4120.39,90.17,0.60,48
868224,108528,3558.42,81.76,3.06,48
868224,108528,-848.18,20.42,52.15,48
868224,108528,3883.68,86.53,0.00,48
868224,108528,3645.72,82.66,2.50,48
868224,108528,3743.36,86.55,13.49,48
868224,108528,1837.80,85.09,135.87,48
868608,108576,379.28,23.25,11.42,48
868608,108576,3362.02,85.75,34.72,48
868608,108576,3778.66,85.79,1.83,48
868608,108576,3908.68,87.43,1.94,48
868608,108576,3813.62,86.16,4.11,48
868608,108576,3739.80,85.15,8.82,48
868608,108576,568.53,21.89,6.52,48
868608,108576,3918.59,87.77,7.42,48
868992,108624,-3545.60,25.45,163.78,48
868992,108624,3928.46,87.51,1.54,48
868992,108624,-6722.04,18.79,274.82,48
868992,108624,3753.45,85.92,6.02,48
868992,108624,3857.34,86.47,3.32,48
868992,108624,3080.57,83.57,42.16,48
868992,108624,3581.52,86.56,18.38,48
868992,108624,3362.24,86.64,40.90,48
869376,108672,3781.99,85.43,2.40,48
869376,108672,2085.46,88.28,136.34,48
869376,108672,3849.74,87.73,9.84,48
869376,108672,3910.76,87.63,2.88,48
869376,108672,-1638.25,22.67,87.66,48
869376,108672,3003.49,88.13,71.57,48
869376,108672,316.40,21.94,11.88,48
869376,108672,448.72,20.66,10.66,48
869760,108720,3893.44,86.24,0.00,48
869760,108720,-3157.66,21.34,142.25,48
869760,108720,3140.62,85.90,51.90,48
869760,108720,3630.46,88.41,24.40,48
869760,108720,3770.23,87.02,10.99,48
869760,108720,-2506.81,83.68,449.17,48
869760,108720,2454.65,83.22,92.46,48
869760,108720,3745.04,89.45,25.72,48
870144,108768,-926.37,20.57,61.54,48
870144,108768,-91.84,22.23,28.74,48
870144,108768,2464.86,87.71,108.68,48
870144,108768,3722.49,84.38,2.65,48
870144,108768,3908.38,86.13,0.71,48
870144,108768,3746.21,86.26,9.72,48
870144,108768,3912.85,85.54,0.00,48
870144,108768,637.60,22.13,2.27,48
870528,108816,3866.08,87.30,4.73,48
870528,108816,4023.15,88.95,0.74,48
870528,108816,3751.01,86.23,6.72,48
870528,108816,-3040.88,22.21,138.41,48
870528,108816,3744.32,85.03,4.26,48
870528,108816,3489.13,86.19,24.89,48
870528,108816,1436.90,85.86,176.86,48
870528,108816,3618.68,84.21,10.37,48
870912,108864,-973.35,88.65,358.84,48
870912,108864,332.02,23.04,13.79,48
870912,108864,-391.71,23.21,44.25,48
870912,108864,4105.45,89.63,0.00,48
870912,108864,-1844.88,17.47,89.95,48
870912,108864,-3295.69,20.36,149.50,48
870912,108864,2609.10,84.10,80.40,48
870912,108864,3598.67,85.07,11.76,48
871296,108912,601.04,20.54,1.55,48
871296,108912,2393.86,88.13,109.51,48
871296,108912,3243.93,86.08,48.31,48
871296,108912,2730.86,86.09,81.17,48
871296,108912,3956.67,87.97,0.32,48
871296,108912,3529.92,86.03,26.61,48
871296,108912,-1789.84,21.67,94.16,48
871296,108912,3803.89,85.69,1.22,48
871680,108960,2881.40,84.19,66.00,48
871680,108960,3973.45,87.95,2.39,48
871680,108960,929.98,24.99,0.88,48
871680,108960,426.19,20.16,5.34,48
871680,108960,-1200.71,24.87,75.78,48
871680,108960,-4485.84,22.34,195.44,48
871680,108960,2992.83,84.30,56.51,48
871680,108960,1426.42,81.82,159.50,48
872064,109008,3044.82,87.67,65.80,48
872064,109008,3951.97,88.54,2.82,48
872064,109008,745.71,21.99,1.70,48
872064,109008,3760.75,84.77,1.92,48
872064,109008,3869.41,85.85,0.28,48
872064,109008,3995.54,88.06,0.00,48
872064,109008,3658.84,84.22,9.95,48
872064,109008,3631.97,84.72,10.56,48
872448,109056,3738.61,83.74,4.79,48
872448,109056,3969.90,87.16,0.70,48
872448,109056,-3198.62,21.15,146.02,48
872448,109056,-1481.23,21.83,80.86,48
872448,109056,-3742.03,86.42,546.66,48
872448,109056,3848.90,86.15,4.46,48
872448,109056,3689.53,88.09,22.33,48
872448,109056,3715.47,87.24,17.75,48
872832,109104,668.84,21.03,0.01,48
872832,109104,3938.23,87.68,2.41,48
872832,109104,1542.89,87.22,169.83,48
872832,109104,3281.55,84.15,32.07,48
872832,109104,3862.54,86.92,5.00,48
872832,109104,606.15,20.64,2.30,48
872832,109104,2628.13,87.36,96.96,48
872832,109104,3564.41,86.20,18.43,48
873216,109152,3193.12,88.31,58.47,48
873216,109152,3191.28,85.69,45.19,48
873216,109152,2533.81,83.87,88.01,48
873216,109152,-433.67,20.23,38.54,48
873216,109152,1911.04,85.52,136.93,48
873216,109152,3864.25,86.98,6.54,48
873216,109152,3318.67,85.23,36.03,48
873216,109152,3982.24,88.05,1.34,48
873600,109200,-592.94,22.26,50.06,48
873600,109200,3683.93,85.41,2.19,48
873600,109200,633.46,20.71,1.16,48
873600,109200,3508.10,85.45,21.43,48
873600,109200,3485.86,85.49,25.18,48
873600,109200,3942.90,87.46,0.28,48
873600,109200,775.18,21.71,0.00,48
873600,109200,3808.68,85.88,0.00,48
873984,109248,3877.22,86.35,0.00,48
873984,109248,51.85,18.70,14.93,48
873984,109248,2338.90,89.90,126.79,48
873984,109248,3751.36,87.69,16.20,48
873984,109248,3066.52,86.59,55.04,48
873984,109248,-20.18,18.14,22.64,48
873984,109248,2279.94,86.46,119.00,48
873984,109248,2849.10,87.94,81.31,48
874368,109296,-2594.54,23.76,128.62,48
874368,109296,-1385.64,24.38,80.74,48
874368,109296,421.47,21.91,10.33,48
874368,109296,3278.50,84.67,32.84,48
874368,109296,3525.98,87.69,36.29,48
874368,109296,3558.67,88.70,34.31,48
874368,109296,2755.88,87.25,83.21,48
874368,109296,3628.12,83.68,7.18,48
874752,109344,3167.34,85.99,50.45,48
874752,109344,3811.04,86.57,5.47,48
874752,109344,2251.15,86.60,117.81,48
874752,109344,2378.16,86.29,111.30,48
874752,109344,-9573.72,22.45,390.22,48
874752,109344,3740.37,86.61,7.40,48
874752,109344,4011.75,89.06,2.27,48
874752,109344,3700.87,84.00,0.62,48
875136,109392,3182.94,88.07,54.70,48
875136,109392,3552.20,86.74,28.52,48
875136,109392,3928.58,88.34,8.49,48
875136,109392,495.84,20.56,6.65,48
875136,109392,3938.47,87.26,0.81,48
875136,109392,3346.07,86.97,42.15,48
875136,109392,-84.29,22.12,32.62,48
875136,109392,3922.49,87.08,0.79,48
875520,109440,-657.42,21.41,50.08,48
875520,109440,3841.54,86.61,0.74,48
875520,109440,3383.97,86.97,35.75,48
875520,109440,3975.81,87.64,1.63,48
875520,109440,-7.76,18.56,21.15,48
875520,109440,3501.57,89.49,46.73,48
875520,109440,3612.90,90.12,36.57,48
875520,109440,-9079.23,22.81,370.25,48
875904,109488,3758.32,86.17,5.26,48
875904,109488,-94.50,85.45,280.06,48
875904,109488,3276.11,88.27,48.65,48
875904,109488,3561.43,86.60,23.90,48
875904,109488,210.44,19.79,13.52,48
875904,109488,587.01,21.08,3.26,48
875904,109488,466.31,21.77,11.23,48
875904,109488,3853.03,85.78,0.27,48
876288,109536,604.74,20.25,0.56,48
876288,109536,-4342.47,84.77,581.71,48
876288,109536,597.37,23.29,6.10,48
876288,109536,3466.21,86.90,30.83,48
876288,109536,3599.80,86.41,20.64,48
876288,109536,4039.65,89.41,0.57,48
876288,109536,-2792.06,24.11,135.07,48
876288,109536,-1559.69,90.32,410.66,48
876672,109584,3748.41,84.10,0.00,48
876672,109584,-3647.01,20.47,164.18,48
876672,109584,3682.15,86.91,14.26,48
876672,109584,-760.46,19.27,54.10,48
876672,109584,119.45,19.37,18.61,48
876672,109584,3019.69,85.20,56.26,48
876672,109584,3518.71,83.96,17.64,48
876672,109584,3784.84,84.34,2.17,48
877056,109632,341.23,18.27,8.60,48
877056,109632,2823.39,85.84,69.79,48
877056,109632,3975.61,88.94,0.28,48
877056,109632,792.27,24.45,0.56,48
877056,109632,3772.72,86.72,11.86,48
877056,109632,-1275.85,21.26,76.33,48
877056,109632,1413.34,84.71,170.70,48
877056,109632,-1038.37,88.10,359.44,48
877440,109680,3301.27,87.84,48.62,48
877440,109680,-317.63,21.86,38.80,48
877440,109680,641.49,21.58,0.26,48
877440,109680,3515.49,85.01,22.24,48
877440,109680,405.70,20.85,12.01,48
877440,109680,-1725.35,20.54,89.60,48
877440,109680,-2614.49,22.65,126.98,48
877440,109680,3482.49,86.73,29.82,48
877824,109728,3840.38,84.99,0.00,48
877824,109728,549.81,19.81,1.57,48
877824,109728,2683.33,89.80,101.00,48
877824,109728,2332.42,85.70,108.33,48
877824,109728,4007.66,88.39,1.35,48
877824,109728,1274.95,85.61,184.09,48
877824,109728,3628.24,83.69,8.51,48
877824,109728,2036.72,87.02,137.40,48
878208,109776,281.35,19.87,9.89,48
878208,109776,-2846.40,86.58,480.88,48
878208,109776,331.36,25.23,19.02,48
878208,109776,1745.64,88.00,158.58,48
878208,109776,3494.20,88.77,36.99,48
878208,109776,-2150.42,23.60,111.55,48
878208,109776,3873.27,86.16,2.23,48
878208,109776,-2547.54,17.25,115.73,48
878592,109824,1487.69,87.69,174.79,48
878592,109824,2982.78,84.67,59.22,48
878592,109824,-1912.54,18.80,94.38,48
878592,109824,3840.59,86.15,0.00,48
878592,109824,-2542.06,24.04,127.06,48
878592,109824,-952.72,23.05,63.13,48
878592,109824,3455.07,85.82,30.01,48
878592,109824,684.83,20.12,0.00,48
878976,109872,620.00,17.45,0.00,48
878976,109872,3772.57,83.91,0.01,48
878976,109872,536.21,19.32,1.35,48
878976,109872,3908.49,86.31,1.22,48
878976,109872,-2744.96,21.92,132.25,48
878976,109872,642.74,21.15,2.13,48
878976,109872,1972.67,83.26,123.50,48
878976,109872,3784.03,84.82,1.64,48
879360,109920,3773.66,84.30,0.61,48
879360,109920,496.21,21.32,5.85,48
879360,109920,3873.11,86.62,0.31,48
879360,109920,-48.93,24.03,32.86,48
879360,109920,2127.44,87.00,130.58,48
879360,109920,3728.67,87.07,12.14,48
879360,109920,-602.75,23.64,53.49,48
879360,109920,3032.95,83.51,52.22,48
879744,109968,626.80,19.44,0.00,48
879744,109968,3227.05,84.57,34.99,48
879744,109968,3267.23,86.58,44.66,48
879744,109968,3778.91,84.81,0.00,48
879744,109968,2531.50,87.68,101.74,48
879744,109968,1758.16,84.79,147.85,48
879744,109968,-5977.20,26.82,258.16,48
879744,109968,2735.06,84.85,77.53,48
880128,110016,3013.25,85.84,58.38,48
880128,110016,3795.91,84.68,2.20,48
880128,110016,695.35,21.23,0.00,48
880128,110016,4179.18,90.76,0.00,48
880128,110016,637.05,21.67,3.92,48
880128,110016,3349.28,84.99,35.49,48
880128,110016,867.53,85.11,212.12,48
880128,110016,3999.44,86.87,0.00,48
880512,110064,3577.46,87.66,27.41,48
880512,110064,2378.14,84.97,105.08,48
880512,110064,3400.58,87.52,35.75,48
880512,110064,2679.25,82.83,73.12,48
880512,110064,3635.39,85.71,17.22,48
880512,110064,105.95,20.23,17.84,48
880512,110064,796.52,22.61,0.43,48
880512,110064,-2110.79,25.16,112.23,48
880896,110112,3375.85,84.79,29.05,48
880896,110112,3854.91,85.68,0.86,48
880896,110112,3378.35,83.04,23.81,48
880896,110112,-823.32,22.06,59.13,48
880896,110112,4053.33,88.91,0.47,48
880896,110112,4057.84,88.97,1.68,48
880896,110112,3879.46,87.34,0.47,48
880896,110112,3453.17,86.11,27.83,48
881280,110160,3313.06,89.07,51.40,48
881280,110160,-1056.92,23.14,68.96,48
881280,110160,3279.50,84.31,35.64,48
881280,110160,3642.66,84.61,10.44,48
881280,110160,3708.43,83.95,2.19,48
881280,110160,1586.32,86.67,164.45,48
881280,110160,3663.00,86.80,19.93,48
881280,110160,3862.84,86.44,0.00,48
881664,110208,3788.19,88.00,11.27,48
881664,110208,3924.35,86.44,0.58,48
881664,110208,1520.77,84.81,156.12,48
881664,110208,590.51,20.64,0.31,48
881664,110208,511.05,22.81,10.43,48
881664,110208,2502.64,86.02,103.02,48
881664,110208,3530.51,82.43,7.67,48
881664,110208,554.86,18.66,1.98,48
882048,110256,3958.04,87.22,0.00,48
882048,110256,3869.48,87.05,1.75,48
882048,110256,3979.76,87.61,1.19,48
882048,110256,-1298.02,23.23,74.65,48
882048,110256,3709.97,86.40,13.23,48
882048,110256,3395.39,85.53,32.61,48
882048,110256,3923.63,86.76,0.32,48
882048,110256,-1535.06,22.56,84.48,48
882432,110304,-2838.99,87.14,484.62,48
882432,110304,-4291.14,24.28,190.44,48
882432,110304,3665.60,84.11,10.34,48
882432,110304,22.95,22.50,27.12,48
882432,110304,3247.97,84.86,38.17,48
882432,110304,2809.51,85.78,78.47,48
882432,110304,3629.65,84.27,6.15,48
882432,110304,3734.00,85.97,11.87,48
882816,110352,3840.66,88.58,12.15,48
882816,110352,-30.72,22.70,30.65,48
882816,110352,-286.34,19.17,30.84,48
882816,110352,3909.62,86.43,0.00,48
882816,110352,4017.51,88.98,0.79,48
882816,110352,3726.02,87.36,12.53,48
882816,110352,3975.55,87.45,0.72,48
882816,110352,2853.10,86.72,74.85,48
883200,110400,-2963.01,87.17,495.34,48
883200,110400,3120.03,87.63,57.93,48
883200,110400,418.66,16.44,2.90,48
883200,110400,4112.60,89.16,0.00,48
883200,110400,3937.33,87.39,1.39,48
883200,110400,3901.91,86.56,1.34,48
883200,110400,3174.78,85.81,48.14,48
883200,110400,1807.37,88.84,160.19,48
883584,110448,581.56,22.54,4.65,48
883584,110448,3892.63,85.63,0.74,48
883584,110448,3522.46,83.93,15.49,48
883584,110448,-1900.34,89.16,428.57,48
883584,110448,193.88,23.67,18.59,48
883584,110448,3807.35,85.70,0.31,48
883584,110448,3655.02,85.16,13.88,48
883584,110448,3617.76,85.90,14.07,48
883968,110496,3214.93,85.82,45.99,48
883968,110496,3849.32,85.05,0.00,48
883968,110496,3699.15,86.57,15.21,48
883968,110496,3825.72,85.56,0.19,48
883968,110496,3826.56,85.93,0.00,48
883968,110496,3783.67,88.14,14.44,48
883968,110496,2657.18,86.47,89.27,48
883968,110496,4043.29,88.38,0.47,48
884352,110544,3780.90,84.92,2.85,48
884352,110544,-86.73,22.42,30.32,48
884352,110544,4054.11,88.61,0.62,48
884352,110544,644.52,21.55,3.18,48
884352,110544,3963.13,86.78,0.16,48
884352,110544,-933.48,22.78,63.40,48
884352,110544,1850.33,83.43,132.98,48
884352,110544,3863.72,86.16,2.45,48
884736,110592,676.03,22.87,2.20,48
884736,110592,3169.91,83.18,33.43,48
884736,110592,3336.55,84.24,25.59,48
884736,110592,4131.09,89.52,0.25,48
884736,110592,3462.92,87.59,35.56,48
884736,110592,3979.54,88.55,4.00,48
884736,110592,3595.00,83.46,3.50,48
884736,110592,3619.81,84.47,13.13,48
885120,110640,-225.08,20.82,33.35,48
885120,110640,554.36,18.21,0.01,48
885120,110640,3729.77,83.02,0.77,48
885120,110640,2643.51,86.18,87.08,48
885120,110640,-764.41,21.21,54.40,48
885120,110640,3888.93,87.46,3.43,48
885120,110640,-311.01,22.69,37.34,48
885120,110640,-4397.86,22.93,194.10,48
885504,110688,4011.24,88.79,0.74,48
885504,110688,3909.87,87.26,4.76,48
885504,110688,3728.65,86.83,14.57,48
885504,110688,3614.17,89.41,36.43,48
885504,110688,3002.36,82.50,44.04,48
885504,110688,3987.22,87.77,1.57,48
885504,110688,-11577.97,20.93,466.53,48
885504,110688,245.91,19.10,14.05,48
885888,110736,2091.39,88.09,138.70,48
885888,110736,3853.25,85.38,0.00,48
885888,110736,-811.37,21.40,57.88,48
885888,110736,-2378.53,21.13,117.20,48
885888,110736,925.68,26.52,0.00,48
885888,110736,-2342.08,21.82,114.81,48
885888,110736,3845.08,86.72,2.39,48
885888,110736,3148.17,88.89,61.90,48
886272,110784,2418.21,84.26,95.83,48
886272,110784,508.02,20.04,4.83,48
886272,110784,3465.15,84.81,20.25,48
886272,110784,3875.60,86.75,1.70,48
886272,110784,2324.44,89.52,127.94,48
886272,110784,3644.83,87.05,19.70,48
886272,110784,3741.13,85.05,6.51,48
886272,110784,551.81,18.28,1.15,48
886656,110832,3401.34,87.60,41.99,48
886656,110832,4040.83,88.52,0.00,48
886656,110832,3429.88,87.08,35.98,48
886656,110832,3024.60,88.17,70.45,48
886656,110832,-1282.14,20.91,73.63,48
886656,110832,3232.73,86.19,44.64,48
886656,110832,3157.11,86.06,49.03,48
886656,110832,-3048.80,21.61,145.39,48
887040,110880,-672.38,22.30,52.60,48
887040,110880,582.46,20.51,2.95,48
887040,110880,-3101.23,20.05,143.86,48
887040,110880,-3472.62,20.56,157.69,48
887040,110880,3888.85,87.24,0.00,48
887040,110880,1701.05,88.39,167.00,48
887040,110880,3575.31,85.62,21.76,48
887040,110880,317.16,19.18,8.89,48
887424,110928,375.41,23.89,16.27,48
887424,110928,-95.91,19.47,27.22,48
887424,110928,3470.80,83.50,17.01,48
887424,110928,3773.96,84.53,0.76,48
887424,110928,3366.49,88.72,43.86,48
887424,110928,3531.86,89.06,35.70,48
887424,110928,3877.68,87.85,9.66,48
887424,110928,3917.12,86.53,1.46,48
887808,110976,3725.45,84.48,0.00,48
887808,110976,3710.32,86.29,10.29,48
887808,110976,2039.63,86.61,130.24,48
887808,110976,3263.80,86.56,46.51,48
887808,110976,717.50,22.92,0.00,48
887808,110976,-2759.10,21.99,130.93,48
887808,110976,3841.86,87.69,9.97,48
887808,110976,3717.39,84.29,2.04,48
888192,111024,577.48,22.73,1.33,48
888192,111024,2995.38,86.24,63.83,48
888192,111024,525.22,18.73,3.67,48
888192,111024,-190.59,19.86,29.72,48
888192,111024,3861.67,86.44,1.29,48
888192,111024,3674.74,88.84,25.47,48
888192,111024,3796.04,85.05,0.69,48
888192,111024,3749.15,86.92,13.05,48
888576,111072,-12466.55,20.84,500.51,48
888576,111072,-1988.93,24.28,103.87,48
888576,111072,3017.17,85.62,55.46,48
888576,111072,-12077.82,20.95,484.29,48
888576,111072,4043.66,89.11,0.00,48
888576,111072,-496.58,20.12,43.49,48
888576,111072,3318.97,86.52,40.81,48
888576,111072,415.38,19.93,9.44,48
888960,111120,3698.49,88.93,23.16,48
888960,111120,3546.10,83.84,15.85,48
888960,111120,-4555.52,25.19,203.51,48
888960,111120,3852.97,86.75,4.00,48
888960,111120,-878.77,87.65,348.30,48
888960,111120,3843.74,85.34,0.88,48
888960,111120,-340.94,21.84,35.59,48
888960,111120,3815.17,86.86,6.15,48
889344,111168,2495.21,85.12,93.51,48
889344,111168,3305.92,85.60,36.73,48
889344,111168,3521.93,86.14,26.47,48
889344,111168,601.78,20.08,0.19,48
889344,111168,4019.49,88.52,2.34,48
889344,111168,3727.82,82.65,0.07,48
889344,111168,354.37,19.22,7.04,48
889344,111168,523.15,18.55,1.29,48
889728,111216,3727.62,84.31,0.80,48
889728,111216,3376.80,84.14,31.09,48
889728,111216,2120.73,85.25,125.26,48
889728,111216,3635.36,87.57,26.10,48
889728,111216,-3305.78,19.13,147.57,48
889728,111216,-447.22,26.68,53.81,48
889728,111216,3892.34,88.79,10.50,48
889728,111216,1740.80,85.98,154.59,48
890112,111264,4082.31,89.27,0.39,48
890112,111264,3790.76,87.14,8.43,48
890112,111264,1445.31,85.59,168.54,48
890112,111264,1937.94,83.35,125.08,48
890112,111264,2487.34,86.72,102.48,48
890112,111264,3419.04,88.29,38.34,48
890112,111264,12.97,22.21,27.20,48
890112,111264,3680.78,86.15,18.12,48
890496,111312,-590.21,21.36,48.90,48
890496,111312,443.31,19.33,4.97,48
890496,111312,610.26,21.99,1.84,48
890496,111312,-179.09,24.01,38.95,48
890496,111312,2383.27,83.19,99.16,48
890496,111312,827.56,86.56,221.34,48
890496,111312,3310.41,86.55,39.66,48
890496,111312,4001.85,88.06,0.00,48
890880,111360,3909.60,89.92,15.13,48
890880,111360,1745.36,85.82,156.64,48
890880,111360,3857.95,87.15,4.83,48
890880,111360,3936.80,87.12,1.94,48
890880,111360,-901.90,20.03,57.06,48
890880,111360,3474.31,87.34,32.18,48
890880,111360,-1526.08,25.76,86.26,48
890880,111360,3790.51,85.51,5.10,48
891264,111408,3739.52,84.67,4.05,48
891264,111408,595.87,21.53,2.16,48
891264,111408,3653.35,83.68,5.41,48
891264,111408,84.04,22.13,22.23,48
891264,111408,625.72,19.00,0.58,48
891264,111408,616.44,21.26,4.25,48
891264,111408,3276.68,87.45,49.19,48
891264,111408,881.99,85.73,211.00,48
891648,111456,3364.24,85.86,34.09,48
891648,111456,671.44,22.61,1.42,48
891648,111456,2339.50,87.21,111.99,48
891648,111456,3294.27,84.34,32.68,48
891648,111456,-2843.88,19.50,132.46,48
891648,111456,3931.82,88.26,4.77,48
891648,111456,3428.93,88.68,43.48,48
891648,111456,3929.12,88.15,5.26,48
892032,111504,3241.66,83.82,35.08,48
892032,111504,651.26,22.90,4.17,48
892032,111504,3341.22,84.86,36.03,48
892032,111504,3784.39,88.41,19.18,48
892032,111504,533.29,19.99,1.29,48
892032,111504,3740.05,84.18,0.00,48
892032,111504,3453.98,86.01,30.23,48
892032,111504,-299.58,24.18,36.59,48
892416,111552,3537.61,85.73,23.78,48
892416,111552,3699.70,83.20,0.69,48
892416,111552,3629.96,82.97,0.43,48
892416,111552,3704.74,83.73,1.00,48
892416,111552,3808.81,86.30,8.98,48
892416,111552,399.23,22.60,12.28,48
892416,111552,1797.71,87.89,158.89,48
892416,111552,-2438.69,86.27,455.59,48
892800,111600,2589.32,85.88,94.93,48
892800,111600,3568.19,85.83,19.98,48
892800,111600,4011.78,88.31,0.76,48
892800,111600,3781.08,85.13,0.61,48
892800,111600,2972.98,87.11,67.69,48
892800,111600,78.05,19.43,17.06,48
892800,111600,671.67,22.71,3.02,48
892800,111600,3550.74,86.21,24.54,48
893184,111648,3906.03,85.76,0.19,48
893184,111648,-2807.08,19.52,128.73,48
893184,111648,3756.43,89.54,26.17,48
893184,111648,-553.85,20.82,44.88,48
893184,111648,1938.65,86.46,136.93,48
893184,111648,-3753.31,22.37,170.65,48
893184,111648,4015.71,88.69,2.18,48
893184,111648,-1858.93,18.82,94.68,48
893568,111696,-2987.87,20.70,136.64,48
893568,111696,266.95,21.04,15.28,48
893568,111696,674.83,23.79,3.40,48
893568,111696,3887.08,86.35,2.26,48
893568,111696,-3255.44,23.91,153.42,48
893568,111696,3399.80,87.42,42.52,48
893568,111696,518.08,20.31,3.34,48
893568,111696,-796.70,87.13,338.14,48
893952,111744,3896.00,86.29,0.00,48
893952,111744,382.97,19.15,7.31,48
893952,111744,3953.35,87.64,0.33,48
893952,111744,364.10,18.47,8.10,48
893952,111744,3895.71,86.23,0.00,48
893952,111744,586.37,19.24,0.90,48
893952,111744,618.87,22.11,2.41,48
893952,111744,634.63,19.90,1.19,48
894336,111792,3901.81,87.81,5.16,48
894336,111792,3805.76,84.72,0.00,48
894336,111792,-8042.42,21.64,331.70,48
894336,111792,2470.76,86.80,102.99,48
894336,111792,-2348.48,23.14,117.68,48
894336,111792,2032.40,87.20,135.11,48
894336,111792,2065.71,84.39,117.85,48
894336,111792,3855.05,85.39,0.00,48
894720,111840,2490.06,84.84,91.18,48
894720,111840,-2634.00,19.49,123.28,48
894720,111840,-888.92,20.65,58.56,48
894720,111840,3120.88,80.96,31.17,48
894720,111840,3892.29,86.29,0.00,48
894720,111840,-11722.14,21.14,471.39,48
894720,111840,838.42,25.57,3.18,48
894720,111840,3783.14,86.53,7.93,48
895104,111888,3836.85,86.63,4.25,48
895104,111888,2779.74,89.33,91.05,48
895104,111888,408.65,22.70,9.73,48
895104,111888,-1548.30,85.50,389.34,48
895104,111888,2101.11,84.18,118.22,48
895104,111888,-2924.73,21.79,136.97,48
895104,111888,2707.58,83.77,73.82,48
895104,111888,-925.02,85.54,340.19,48
895488,111936,3932.88,87.41,0.00,48
895488,111936,-623.06,23.58,50.23,48
895488,111936,3965.04,87.14,0.00,48
895488,111936,3218.08,85.57,45.33,48
895488,111936,3699.55,85.10,6.70,48
895488,111936,997.12,87.99,212.33,48
895488,111936,3914.45,86.77,1.29,48
895488,111936,625.13,22.75,4.38,48
895872,111984,3814.31,85.80,2.54,48
895872,111984,3263.59,86.52,43.81,48
895872,111984,-7035.80,19.40,289.30,48
895872,111984,3921.07,86.87,1.64,48
895872,111984,764.35,21.27,0.72,48
895872,111984,3196.60,85.68,48.23,48
895872,111984,-2754.47,23.03,131.35,48
895872,111984,3829.36,85.45,2.29,48
896256,112032,-382.12,17.02,33.81,48
896256,112032,3301.13,85.84,39.02,48
896256,112032,1917.56,84.51,135.68,48
896256,112032,3683.49,87.04,19.88,48
896256,112032,3486.24,88.28,37.98,48
896256,112032,-353.15,23.59,43.27,48
896256,112032,3777.58,84.28,1.09,48
896256,112032,-4125.15,20.81,181.13,48
896640,112080,623.03,20.64,0.10,48
896640,112080,570.66,20.67,4.92,48
896640,112080,1.76,23.82,29.93,48
896640,112080,3832.36,85.62,4.67,48
896640,112080,3926.86,87.02,0.83,48
896640,112080,664.48,22.79,4.71,48
896640,112080,3899.66,87.63,3.98,48
896640,112080,2685.49,85.59,77.31,48
897024,112128,3718.92,85.47,6.99,48
897024,112128,-44.53,21.25,27.15,48
897024,112128,-3292.18,87.04,514.54,48
897024,112128,3925.05,88.24,1.31,48
897024,112128,2330.12,85.37,106.32,48
897024,112128,3982.97,87.51,0.56,48
897024,112128,3210.37,88.60,60.38,48
897024,112128,567.72,20.33,0.00,48
897408,112176,2073.82,85.99,127.73,48
897408,112176,3745.35,84.70,3.75,48
897408,112176,3534.16,90.01,41.37,48
897408,112176,579.53,18.09,1.37,48
897408,112176,3571.37,84.93,16.58,48
897408,112176,-97.65,19.42,26.22,48
897408,112176,-3972.15,20.81,172.11,48
897408,112176,29.63,21.55,24.98,48
897792,112224,3792.65,87.79,12.33,48
897792,112224,3970.82,88.18,0.33,48
897792,112224,3862.61,86.58,0.00,48
897792,112224,-4225.12,20.71,183.00,48
897792,112224,3446.89,82.85,20.22,48
897792,112224,417.17,22.59,10.21,48
897792,112224,85.85,19.99,23.53,48
897792,112224,3631.81,87.38,20.17,48
898176,112272,3881.87,86.73,0.81,48
898176,112272,2371.36,81.74,87.23,48
898176,112272,3386.66,83.62,22.73,48
898176,112272,3840.08,87.66,11.25,48
898176,112272,608.90,20.38,2.77,48
898176,112272,1375.08,87.95,185.60,48
898176,112272,3741.55,85.99,13.35,48
898176,112272,-3287.25,22.11,153.38,48
898560,112320,3919.36,88.39,4.85,48
898560,112320,4135.84,89.98,0.32,48
898560,112320,3932.22,87.59,0.57,48
898560,112320,3633.46,88.31,26.37,48
898560,112320,3844.19,86.16,0.00,48
898560,112320,479.87,19.89,3.90,48
898560,112320,1204.78,89.04,205.35,48
898560,112320,-800.62,88.06,345.19,48
898944,112368,3964.86,88.17,3.06,48
898944,112368,3743.55,84.12,1.30,48
898944,112368,3468.93,84.29,20.81,48
898944,112368,3810.62,84.90,2.65,48
898944,112368,401.40,21.55,9.49,48
898944,112368,766.41,22.46,0.00,48
898944,112368,-602.20,21.19,46.78,48
898944,112368,3994.42,88.69,1.86,48
899328,112416,3571.45,82.52,4.37,48
899328,112416,-2439.98,84.20,448.49,48
899328,112416,3588.66,87.83,29.24,48
899328,112416,2803.19,87.46,81.70,48
899328,112416,-598.58,18.07,41.35,48
899328,112416,3176.78,87.87,55.62,48
899328,112416,3786.82,86.11,6.44,48
899328,112416,1621.32,85.88,157.39,48
899712,112464,2244.63,86.91,119.11,48
899712,112464,754.33,23.31,0.72,48
899712,112464,-98.27,20.87,27.73,48
899712,112464,-3784.13,89.14,564.07,48
899712,112464,2136.62,86.73,125.30,48
899712,112464,627.08,21.38,2.26,48
899712,112464,-757.98,23.01,55.56,48
899712,112464,600.32,22.64,0.39,48
900096,112512,-4154.16,21.24,179.57,48
900096,112512,-1868.29,19.96,93.95,48
900096,112512,2415.85,86.01,104.14,48
900096,112512,87.83,21.73,20.67,48
900096,112512,3856.16,85.92,2.53,48
900096,112512,3796.29,86.02,2.12,48
900096,112512,3715.68,87.35,17.77,48
900096,112512,497.01,19.50,4.87,48
900480,112560,447.07,18.63,2.53,48
900480,112560,2973.61,83.11,53.27,48
900480,112560,3828.73,87.81,7.20,48
900480,112560,334.65,24.06,18.72,48
900480,112560,3838.08,85.98,2.65,48
900480,112560,4049.71,88.66,0.00,48
900480,112560,3921.96,86.30,0.43,48
900480,112560,550.46,21.11,4.22,48
900864,112608,3658.25,84.56,11.28,48
900864,112608,649.64,21.59,1.86,48
900864,112608,728.58,87.81,233.85,48
900864,112608,2376.06,87.08,109.74,48
900864,112608,1656.79,87.95,165.89,48
900864,112608,2094.17,85.23,121.51,48
900864,112608,1757.71,84.65,147.26,48
900864,112608,2040.15,87.50,137.02,48
901248,112656,-934.59,20.42,58.38,48
901248,112656,3057.17,88.46,68.15,48
901248,112656,3565.63,84.53,12.07,48
901248,112656,3954.74,87.39,0.10,48
901248,112656,-1188.75,18.51,66.99,48
901248,112656,-249.52,20.68,34.29,48
901248,112656,2742.73,85.43,70.85,48
901248,112656,3860.11,86.36,1.60,48
901632,112704,-276.83,20.67,36.62,48
901632,112704,3898.83,86.02,0.31,48
901632,112704,4020.91,89.13,1.83,48
901632,112704,579.43,20.39,1.00,48
901632,112704,-11905.35,20.43,476.55,48
901632,112704,-521.66,22.54,47.72,48
901632,112704,3909.66,86.87,0.78,48
901632,112704,2514.72,86.05,98.02,48
902016,112752,3730.98,85.23,8.73,48
902016,112752,3870.53,87.13,5.28,48
902016,112752,562.75,20.15,0.01,48
902016,112752,-197.21,21.74,32.55,48
902016,112752,-3259.58,84.58,508.48,48
902016,112752,-2835.13,23.94,137.43,48
902016,112752,679.38,21.09,2.34,48
902016,112752,3942.08,87.75,2.27,48
902400,112800,-1084.79,21.90,66.65,48
902400,112800,-895.19,16.17,52.15,48
902400,112800,-1356.75,21.85,79.62,48
902400,112800,3998.25,88.37,0.74,48
902400,112800,3686.43,86.48,10.55,48
902400,112800,481.82,20.68,4.99,48
902400,112800,3588.58,83.27,5.99,48
902400,112800,3919.10,87.43,1.24,48
902784,112848,551.79,21.38,1.09,48
902784,112848,720.40,22.95,0.72,48
902784,112848,3624.57,83.77,5.37,48
902784,112848,573.26,21.12,4.24,48
902784,112848,3919.16,87.60,4.01,48
902784,112848,2822.20,84.71,65.58,48
902784,112848,3420.52,83.17,18.25,48
902784,112848,2048.14,87.03,134.13,48
903168,112896,-533.67,23.39,48.68,48
903168,112896,1777.53,87.16,151.83,48
903168,112896,1332.53,88.21,188.77,48
903168,112896,1794.41,87.89,158.71,48
903168,112896,755.60,21.60,0.00,48
903168,112896,3455.66,85.76,28.93,48
903168,112896,2176.20,83.83,109.59,48
903168,112896,551.50,23.26,7.03,48
903552,112944,2690.81,86.48,88.76,48
903552,112944,2238.09,87.73,126.00,48
903552,112944,696.99,20.54,2.02,48
903552,112944,1684.30,86.63,160.79,48
903552,112944,6.61,20.03,23.74,48
903552,112944,656.62,20.02,0.00,48
903552,112944,3757.37,84.91,0.38,48
903552,112944,3122.48,86.09,50.39,48
903936,112992,3996.68,87.74,2.37,48
903936,112992,544.87,18.20,0.43,48
903936,112992,-507.61,20.02,43.09,48
903936,112992,3615.81,85.12,12.44,48
903936,112992,2552.95,88.13,102.98,48
903936,112992,681.38,22.03,0.69,48
903936,112992,3736.69,86.82,13.28,48
903936,112992,2675.69,83.64,77.38,48
904320,113040,758.70,24.14,0.95,48
904320,113040,3740.86,84.02,0.00,48
904320,113040,1679.28,85.36,151.78,48
904320,113040,3441.75,85.76,30.20,48
904320,113040,3718.54,84.02,3.68,48
904320,113040,1468.90,84.76,163.95,48
904320,113040,3334.64,87.04,44.34,48
904320,113040,-1604.26,24.27,89.74,48
904704,113088,-28.29,21.92,27.80,48
904704,113088,2817.20,86.23,72.38,48
904704,113088,2272.40,89.38,128.51,48
904704,113088,-318.77,83.34,286.45,48
904704,113088,-177.92,20.41,31.51,48
904704,113088,53.90,17.46,19.29,48
904704,113088,4012.20,88.45,2.58,48
904704,113088,3981.09,90.73,15.45,48
905088,113136,332.63,20.27,9.55,48
905088,113136,3554.87,86.14,22.42,48
905088,113136,1736.53,84.32,149.10,48
905088,113136,715.11,21.97,0.31,48
905088,113136,3693.42,84.64,6.63,48
905088,113136,3872.87,85.91,0.05,48
905088,113136,350.54,21.99,11.65,48
905088,113136,3865.39,85.82,0.00,48
905472,113184,3404.89,85.93,36.83,48
905472,113184,633.46,19.32,0.00,48
905472,113184,3837.28,86.75,1.64,48
905472,113184,3758.08,84.82,0.47,48
905472,113184,3872.32,89.47,10.59,48
905472,113184,-1666.33,84.75,391.29,48
905472,113184,3704.98,86.70,12.27,48
905472,113184,620.45,24.66,10.67,48
905856,113232,-2066.66,23.58,107.96,48
905856,113232,3103.29,83.70,49.04,48
905856,113232,3998.07,88.47,0.05,48
905856,113232,3785.21,87.02,7.30,48
905856,113232,441.43,23.58,12.03,48
905856,113232,2568.16,84.80,90.92,48
905856,113232,4051.75,89.56,4.73,48
905856,113232,164.39,21.24,22.04,48
906240,113280,3447.96,88.68,38.74,48
906240,113280,4003.08,87.93,0.00,48
906240,113280,4000.17,88.10,0.43,48
906240,113280,3483.29,85.27,26.29,48
906240,113280,3878.95,87.64,8.16,48
906240,113280,699.63,20.54,0.31,48
906240,113280,2420.01,88.93,118.92,48
906240,113280,-269.09,22.14,34.66,48
906624,113328,3572.55,87.56,30.10,48
906624,113328,674.06,21.86,0.00,48
906624,113328,530.38,24.96,8.87,48
906624,113328,3920.12,86.40,3.11,48
906624,113328,3625.38,85.08,11.95,48
906624,113328,3147.17,87.04,55.65,48
906624,113328,605.41,19.80,0.26,48
906624,113328,3549.91,86.95,24.93,48
907008,113376,2563.72,86.06,97.53,48
907008,113376,3373.40,83.41,22.48,48
907008,113376,3312.42,86.11,37.41,48
907008,113376,2726.49,86.40,81.40,48
907008,113376,-2691.14,82.25,456.55,48
907008,113376,3888.56,87.93,5.10,48
907008,113376,3365.76,86.68,41.17,48
907008,113376,633.98,22.08,1.34,48
907392,113424,3071.60,84.45,50.74,48
907392,113424,850.63,23.19,0.32,48
907392,113424,2335.05,84.63,103.73,48
907392,113424,3202.96,84.25,39.41,48
907392,113424,1912.87,86.21,142.94,48
907392,113424,-12549.03,20.90,504.48,48
907392,113424,3269.71,85.65,38.01,48
907392,113424,-4977.59,24.23,218.44,48
907776,113472,-1625.01,85.36,391.89,48
907776,113472,613.77,21.63,3.67,48
907776,113472,554.69,18.72,0.00,48
907776,113472,-4384.06,21.80,190.36,48
907776,113472,-3530.72,87.48,541.38,48
907776,113472,3518.55,83.97,14.48,48
907776,113472,3426.40,85.66,28.54,48
907776,113472,3980.23,87.69,0.32,48
908160,113520,3024.76,86.43,57.51,48
908160,113520,-1806.35,22.87,97.73,48
908160,113520,3193.01,81.42,31.95,48
908160,113520,3896.96,87.85,3.88,48
908160,113520,2611.14,82.59,75.75,48
908160,113520,3920.53,86.94,0.00,48
908160,113520,4066.13,89.15,0.19,48
908160,113520,3683.00,83.61,2.78,48
908544,113568,3731.34,84.99,6.93,48
908544,113568,-312.73,23.85,39.31,48
908544,113568,71.67,21.06,19.91,48
908544,113568,3674.14,81.66,0.00,48
908544,113568,593.51,19.49,2.26,48
908544,113568,2358.56,85.07,104.30,48
908544,113568,-2015.85,21.99,102.62,48
908544,113568,-2729.81,23.92,134.84,48
908928,113616,3626.25,84.72,9.33,48
908928,113616,3259.36,88.16,49.75,48
908928,113616,-287.52,23.68,40.49,48
908928,113616,-3766.16,20.62,166.51,48
908928,113616,3573.32,86.68,25.86,48
908928,113616,3979.07,87.87,1.19,48
908928,113616,3850.14,85.80,0.35,48
908928,113616,3101.73,86.03,56.00,48
909312,113664,2986.71,85.23,60.91,48
909312,113664,214.89,19.79,13.31,48
909312,113664,-736.79,24.64,57.10,48
909312,113664,1346.31,86.21,182.15,48
909312,113664,3155.85,84.64,45.46,48
909312,113664,583.73,19.60,0.00,48
909312,113664,-3541.28,20.64,158.93,48
909312,113664,-435.29,20.97,38.25,48
909696,113712,-2160.58,21.95,108.74,48
909696,113712,232.94,22.01,18.34,48
909696,113712,2979.06,86.49,63.14,48
909696,113712,1740.46,86.30,148.18,48
909696,113712,2107.13,85.97,121.18,48
909696,113712,-288.25,22.63,36.48,48
909696,113712,2216.12,85.77,117.01,48
909696,113712,588.83,19.08,1.22,48
910080,113760,3826.22,85.63,1.96,48
910080,113760,817.25,23.34,0.05,48
910080,113760,2915.55,84.12,58.74,48
910080,113760,511.79,19.68,1.79,48
910080,113760,3531.06,84.25,14.65,48
910080,113760,3973.99,87.37,0.23,48
910080,113760,21.40,23.70,27.29,48
910080,113760,3810.00,84.57,0.71,48
910464,113808,3653.91,83.69,1.33,48
910464,113808,627.41,21.86,3.52,48
910464,113808,3772.13,86.16,5.08,48
910464,113808,3887.65,86.66,1.74,48
910464,113808,-882.27,22.93,60.59,48
910464,113808,-103.27,20.17,27.06,48
910464,113808,3558.00,84.15,15.62,48
910464,113808,2099.33,87.07,128.87,48
910848,113856,-3185.14,21.28,146.35,48
910848,113856,-792.08,21.33,56.78,48
910848,113856,3930.33,87.44,0.28,48
910848,113856,-139.19,21.31,30.73,48
910848,113856,4095.65,89.01,0.60,48
910848,113856,3017.68,84.48,54.30,48
910848,113856,-1616.96,87.71,401.54,48
910848,113856,2890.75,85.80,62.80,48
911232,113904,625.04,19.98,0.94,48
911232,113904,-4268.33,89.26,598.09,48
911232,113904,3905.87,85.86,0.00,48
911232,113904,651.15,27.77,10.08,48
911232,113904,-942.40,23.92,65.15,48
911232,113904,569.81,18.98,0.00,48
911232,113904,3900.12,87.11,0.03,48
911232,113904,3939.22,89.59,13.28,48
911616,113952,-2201.59,18.86,105.15,48
911616,113952,3700.44,87.38,13.97,48
911616,113952,-11345.05,19.54,454.82,48
911616,113952,3468.61,86.02,26.61,48
911616,113952,4084.84,88.67,1.39,48
911616,113952,-247.34,23.33,38.31,48
911616,113952,-262.63,19.56,33.57,48
911616,113952,3285.59,85.15,34.46,48
912000,114000,1274.00,87.39,195.33,48
912000,114000,2207.17,87.34,122.69,48
912000,114000,3248.18,85.65,40.85,48
912000,114000,2578.67,83.54,81.52,48
912000,114000,-3965.53,85.93,563.39,48
912000,114000,443.47,18.92,5.39,48
912000,114000,3423.67,85.44,32.91,48
912000,114000,3866.45,85.07,0.01,48
912384,114048,3802.54,86.25,1.49,48
912384,114048,-1911.64,23.19,101.57,48
912384,114048,661.98,19.40,0.10,48
912384,114048,268.96,20.15,12.53,48
912384,114048,124.46,19.94,19.52,48
912384,114048,3977.85,87.55,1.54,48
912384,114048,-3813.62,85.49,550.77,48
912384,114048,578.66,17.22,0.01,48
912768,114096,657.96,20.12,0.72,48
912768,114096,3730.47,86.90,11.90,48
912768,114096,592.14,20.62,1.00,48
912768,114096,-15468.48,26.22,620.88,48
912768,114096,3950.28,86.80,0.00,48
912768,114096,3700.36,83.99,0.88,48
912768,114096,93.00,21.63,21.33,48
912768,114096,3856.31,86.14,3.78,48
913152,114144,1890.36,87.21,147.47,48
913152,114144,3422.76,84.29,22.94,48
913152,114144,683.77,22.25,0.00,48
913152,114144,3770.96,85.56,1.31,48
913152,114144,1521.01,87.26,172.99,48
913152,114144,-1284.29,87.13,375.11,48
913152,114144,428.26,21.88,6.32,48
913152,114144,3907.01,87.58,4.44,48
913536,114192,3855.98,88.10,12.77,48
913536,114192,3790.41,84.95,0.32,48
913536,114192,-2391.91,22.69,117.85,48
913536,114192,-1421.96,22.47,80.22,48
913536,114192,3562.66,86.66,24.40,48
913536,114192,3941.73,89.01,3.70,48
913536,114192,3682.73,85.86,11.66,48
913536,114192,3639.25,87.64,20.17,48
913920,114240,538.34,20.17,3.29,48
913920,114240,3680.15,84.68,2.65,48
913920,114240,3694.79,83.01,1.53,48
913920,114240,143.59,24.33,24.18,48
913920,114240,-3395.91,23.41,157.34,48
913920,114240,3605.10,85.75,17.40,48
913920,114240,-960.06,87.94,355.05,48
913920,114240,-1116.65,22.38,68.17,48
914304,114288,3439.73,85.28,29.46,48
914304,114288,2620.08,88.69,101.03,48
914304,114288,3904.67,86.45,0.58,48
914304,114288,1845.99,85.80,144.03,48
914304,114288,3949.47,87.53,1.22,48
914304,114288,3675.32,84.75,4.15,48
914304,114288,2041.57,87.26,136.42,48
914304,114288,3717.45,84.84,7.32,48
914688,114336,3818.99,85.03,0.00,48
914688,114336,2236.48,84.26,106.49,48
914688,114336,574.62,19.38,2.32,48
914688,114336,602.67,20.63,0.25,48
914688,114336,687.61,22.25,2.06,48
914688,114336,2762.05,86.01,80.08,48
914688,114336,3789.10,85.76,9.67,48
914688,114336,-1044.33,86.18,354.87,48
915072,114384,4069.83,88.77,0.23,48
915072,114384,3155.30,85.48,45.22,48
915072,114384,2127.47,86.68,131.81,48
915072,114384,281.67,22.50,16.98,48
915072,114384,2167.73,84.42,113.72,48
915072,114384,3917.21,86.45,0.82,48
915072,114384,-2780.95,22.27,134.26,48
915072,114384,3752.76,85.04,0.39,48
915456,114432,3898.45,87.95,6.27,48
915456,114432,-1538.53,22.04,83.39,48
915456,114432,2711.09,84.93,80.25,48
915456,114432,-2662.30,21.70,125.42,48
915456,114432,3360.33,85.32,36.58,48
915456,114432,-2581.47,21.67,124.48,48
915456,114432,3659.46,83.89,0.31,48
915456,114432,2119.66,87.45,127.55,48
915840,114480,3601.40,84.72,8.86,48
915840,114480,3862.45,86.35,3.00,48
915840,114480,-651.11,22.50,53.06,48
915840,114480,3218.40,84.60,40.27,48
915840,114480,-1028.61,21.98,65.55,48
915840,114480,549.56,20.85,2.26,48
915840,114480,610.52,22.38,0.31,48
915840,114480,3830.51,86.00,0.81,48
916224,114528,-2613.11,23.33,127.44,48
916224,114528,2091.91,85.73,126.28,48
916224,114528,3855.20,88.28,10.22,48
916224,114528,3789.80,86.44,8.43,48
916224,114528,226.65,19.93,14.61,48
916224,114528,-2647.21,87.49,474.08,48
916224,114528,3424.69,84.00,24.79,48
916224,114528,-1517.65,88.06,394.26,48
916608,114576,-1967.06,19.66,94.19,48
916608,114576,574.73,19.87,0.01,48
916608,114576,3628.57,84.88,11.53,48
916608,114576,-1093.84,22.67,69.59,48
916608,114576,4032.83,88.74,0.00,48
916608,114576,3756.26,86.69,7.57,48
916608,114576,3711.91,83.34,0.05,48
916608,114576,741.83,21.38,0.00,48
916992,114624,-2376.80,83.94,439.69,48
916992,114624,504.10,24.02,9.83,48
916992,114624,-2221.18,23.61,115.89,48
916992,114624,372.62,20.91,15.89,48
916992,114624,3385.07,87.92,44.92,48
916992,114624,3628.54,88.06,27.58,48
916992,114624,3602.86,86.98,22.42,48
916992,114624,635.15,22.92,6.80,48
917376,114672,3278.35,85.37,41.42,48
917376,114672,3936.32,86.78,0.32,48
917376,114672,372.61,22.00,14.62,48
917376,114672,3887.54,85.72,0.25,48
917376,114672,3854.83,85.87,0.72,48
917376,114672,-2629.23,23.47,128.00,48
917376,114672,3877.85,86.84,0.00,48
917376,114672,-15086.80,25.77,610.38,48
917760,114720,3906.87,87.07,3.20,48
917760,114720,1624.51,85.17,163.84,48
917760,114720,3935.87,88.27,8.40,48
917760,114720,3669.14,83.34,0.71,48
917760,114720,414.97,25.35,11.82,48
917760,114720,1160.51,88.72,206.32,48
917760,114720,2659.26,88.24,96.04,48
917760,114720,3730.16,83.22,0.00,48
918144,114768,3763.81,89.38,23.90,48
918144,114768,540.37,20.21,2.88,48
918144,114768,663.59,21.14,0.00,48
918144,114768,2269.98,88.92,130.22,48
918144,114768,661.36,21.40,1.52,48
918144,114768,3734.69,83.04,1.24,48
918144,114768,3557.54,87.31,24.10,48
918144,114768,3318.10,85.60,35.40,48
918528,114816,516.12,19.50,2.73,48
918528,114816,-2845.31,86.42,479.96,48
918528,114816,437.77,22.35,8.92,48
918528,114816,217.87,20.53,15.48,48
918528,114816,4097.22,89.38,4.44,48
918528,114816,3830.33,85.35,1.16,48
918528,114816,3788.58,86.00,3.90,48
918528,114816,3868.61,86.93,5.06,48
918912,114864,3221.17,86.55,45.35,48
918912,114864,1892.82,86.21,144.14,48
918912,114864,3914.65,87.43,1.21,48
918912,114864,3432.11,86.45,33.82,48
918912,114864,33.72,18.81,24.95,48
918912,114864,3566.32,84.32,15.53,48
918912,114864,3767.81,85.07,6.92,48
918912,114864,3790.87,84.62,0.19,48
919296,114912,1440.06,88.36,185.86,48
919296,114912,2908.78,89.85,85.91,48
919296,114912,3150.20,85.55,50.12,48
919296,114912,-9264.88,24.12,383.00,48
919296,114912,3867.23,87.08,4.93,48
919296,114912,2771.67,83.95,67.84,48
919296,114912,4215.04,91.08,0.60,48
919296,114912,-2474.80,20.56,117.14,48
919680,114960,2135.91,86.77,125.63,48
919680,114960,3837.13,88.03,12.92,48
919680,114960,2436.47,88.00,117.35,48
919680,114960,718.91,22.13,2.65,48
919680,114960,3388.26,86.57,34.43,48
919680,114960,3776.06,86.72,5.03,48
919680,114960,3784.96,87.02,7.88,48
919680,114960,-1333.58,18.24,70.50,48
920064,115008,3553.03,80.60,1.19,48
920064,115008,3852.03,86.58,3.03,48
920064,115008,3558.02,87.27,26.19,48
920064,115008,3528.03,83.73,19.56,48
920064,115008,3871.01,86.30,0.19,48
920064,115008,-3603.13,86.79,542.34,48
920064,115008,3765.63,84.89,3.20,48
920064,115008,-3815.73,88.33,558.03,48
920448,115056,-2696.88,18.81,124.21,48
920448,115056,-284.50,17.89,31.13,48
920448,115056,3696.86,85.08,7.42,48
920448,115056,3665.54,84.72,12.51,48
920448,115056,3830.10,85.65,2.16,48
920448,115056,3027.27,86.25,59.59,48
920448,115056,-2463.55,21.19,118.02,48
920448,115056,508.59,20.39,5.41,48
920832,115104,3955.18,87.50,0.04,48
920832,115104,2455.61,84.92,93.09,48
920832,115104,3400.66,84.10,20.98,48
920832,115104,668.42,21.17,0.00,48
920832,115104,560.40,21.41,6.02,48
920832,115104,734.52,22.85,0.00,48
920832,115104,2346.17,86.96,115.34,48
920832,115104,3739.84,86.04,8.15,48
921216,115152,-844.15,21.70,58.15,48
921216,115152,3574.70,86.40,20.91,48
921216,115152,-1388.02,22.03,80.34,48
921216,115152,3725.57,85.52,4.18,48
921216,115152,3528.95,86.45,26.13,48
921216,115152,-524.92,25.48,48.79,48
921216,115152,-1106.29,87.08,363.50,48
921216,115152,-193.02,19.96,29.02,48
921600,115200,-4036.12,22.54,181.54,48
921600,115200,-10169.98,23.05,414.57,48
921600,115200,2594.19,87.53,98.30,48
921600,115200,4007.33,88.38,0.27,48
921600,115200,2089.01,87.59,132.44,48
921600,115200,4112.81,89.52,0.00,48
921600,115200,623.81,20.60,0.00,48
921600,115200,331.02,21.49,12.67,48
921984,115248,-806.05,24.16,60.51,48
921984,115248,2438.86,88.36,112.54,48
921984,115248,3779.56,85.39,2.15,48
921984,115248,-11841.98,26.19,483.23,48
921984,115248,3718.56,85.35,9.28,48
921984,115248,3251.74,84.61,39.87,48
921984,115248,-2994.35,18.97,137.45,48
921984,115248,3134.59,86.08,50.35,48
922368,115296,3618.47,85.59,15.52,48
922368,115296,3547.85,81.03,5.81,48
922368,115296,228.34,21.42,20.34,48
922368,115296,386.78,18.71,5.49,48
922368,115296,461.94,22.52,13.00,48
922368,115296,3361.61,87.40,44.72,48
922368,115296,2453.36,83.47,91.09,48
922368,115296,609.17,19.70,1.29,48
922752,115344,806.72,24.05,0.39,48
922752,115344,-1042.18,25.42,72.05,48
922752,115344,-1635.96,20.21,84.67,48
922752,115344,3219.39,88.71,55.25,48
922752,115344,3712.60,87.11,19.19,48
922752,115344,604.00,25.14,7.36,48
922752,115344,634.51,20.65,0.33,48
922752,115344,265.71,21.50,15.22,48
923136,115392,3495.31,84.34,18.07,48
923136,115392,3802.95,84.34,2.33,48
923136,115392,621.11,19.91,0.00,48
923136,115392,-535.24,23.92,42.38,48
923136,115392,-1129.18,88.33,371.03,48
923136,115392,1340.64,88.57,192.68,48
923136,115392,-166.12,24.70,35.01,48
923136,115392,2456.08,83.26,89.78,48
923520,115440,3832.13,85.48,0.84,48
923520,115440,-1268.14,26.33,81.80,48
923520,115440,-15992.07,26.60,643.08,48
923520,115440,3787.06,84.47,1.01,48
923520,115440,3893.44,86.56,0.00,48
923520,115440,3665.14,88.88,25.29,48
923520,115440,3818.68,85.41,0.65,48
923520,115440,3829.02,86.57,5.61,48
923904,115488,3816.74,85.42,1.46,48
923904,115488,2249.42,86.45,119.44,48
923904,115488,3745.61,87.17,11.59,48
923904,115488,3092.06,84.67,47.32,48
923904,115488,3905.34,86.90,0.25,48
923904,115488,3782.82,86.82,6.72,48
923904,115488,3689.91,83.56,0.71,48
923904,115488,3800.40,85.49,0.00,48
924288,115536,3739.62,85.81,4.79,48
924288,115536,702.94,20.79,0.75,48
924288,115536,3637.52,83.59,7.30,48
924288,115536,2572.60,87.61,100.22,48
924288,115536,3423.28,82.61,18.25,48
924288,115536,3636.92,84.10,8.58,48
924288,115536,1084.31,87.91,208.87,48
924288,115536,3265.90,84.82,34.10,48
924672,115584,426.42,18.13,4.47,48
924672,115584,3794.37,86.52,10.26,48
924672,115584,2954.77,85.66,64.71,48
924672,115584,3774.84,86.13,9.75,48
924672,115584,3938.83,86.41,1.24,48
924672,115584,406.59,21.76,10.17,48
924672,115584,3579.80,84.58,11.89,48
924672,115584,3777.85,86.29,5.30,48
925056,115632,2491.47,86.99,104.72,48
925056,115632,3680.09,86.95,16.98,48
925056,115632,3691.33,84.52,3.47,48
925056,115632,3483.38,87.14,32.72,48
925056,115632,2819.30,87.58,82.04,48
925056,115632,3368.43,81.62,17.36,48
925056,115632,579.34,20.79,1.21,48
925056,115632,3801.34,84.28,0.60,48
925440,115680,3610.80,87.00,17.49,48
925440,115680,3697.42,85.52,15.45,48
925440,115680,2637.99,87.01,95.30,48
925440,115680,3195.18,87.66,55.79,48
925440,115680,3667.52,85.86,12.83,48
925440,115680,-32.03,21.07,27.72,48
925440,115680,32.58,20.64,23.61,48
925440,115680,532.25,20.70,2.12,48
925824,115728,820.23,24.10,1.48,48
925824,115728,1163.45,90.19,213.70,48
925824,115728,3801.96,84.25,0.27,48
925824,115728,699.94,22.80,1.14,48
925824,115728,-902.19,85.62,341.36,48
925824,115728,3854.40,86.15,2.47,48
925824,115728,81.16,18.57,20.38,48
925824,115728,768.45,24.78,0.01,48
926208,115776,687.50,20.02,0.00,48
926208,115776,3131.42,85.31,52.37,48
926208,115776,3853.46,87.33,4.37,48
926208,115776,2933.59,85.58,63.41,48
926208,115776,3186.95,88.09,58.20,48
926208,115776,3223.71,87.90,54.08,48
926208,115776,3722.78,84.11,3.54,48
926208,115776,-34.36,21.10,26.48,48
926592,115824,-4376.62,26.52,200.90,48
926592,115824,4016.07,88.02,0.01,48
926592,115824,3449.14,86.92,35.03,48
926592,115824,3505.79,85.26,17.41,48
926592,115824,3816.42,85.68,0.01,48
926592,115824,1753.04,84.17,141.45,48
926592,115824,2914.35,86.05,67.52,48
926592,115824,3986.91,88.38,2.60,48
926976,115872,3837.50,86.27,4.25,48
926976,115872,-3386.68,23.03,155.61,48
926976,115872,236.22,19.68,13.29,48
926976,115872,3832.66,86.42,3.07,48
926976,115872,3795.60,85.01,0.00,48
926976,115872,3801.28,84.90,2.23,48
926976,115872,3522.67,84.00,13.80,48
926976,115872,3839.54,85.52,2.34,48
927360,115920,-1046.41,21.09,66.17,48
927360,115920,3543.55,89.07,38.72,48
927360,115920,-1804.12,21.89,92.99,48
927360,115920,3809.66,87.06,7.31,48
927360,115920,2518.85,87.75,103.41,48
927360,115920,3098.73,87.36,62.29,48
927360,115920,3490.50,86.14,25.60,48
927360,115920,3417.38,86.53,35.94,48
927744,115968,662.17,23.37,1.43,48
927744,115968,3963.01,87.51,1.87,48
927744,115968,3396.01,88.33,40.67,48
927744,115968,3646.86,87.51,22.70,48
927744,115968,-2752.49,18.63,126.18,48
927744,115968,3670.45,85.10,12.75,48
927744,115968,3704.64,86.33,15.20,48
927744,115968,-1155.79,19.02,68.20,48
928128,116016,3005.39,84.03,56.57,48
928128,116016,3293.99,86.56,46.26,48
928128,116016,608.21,19.41,0.38,48
928128,116016,1538.31,85.80,165.71,48
928128,116016,3765.15,86.71,12.19,48
928128,116016,3829.04,86.32,1.30,48
928128,116016,-886.35,26.97,64.96,48
928128,116016,3441.90,85.93,33.09,48
928512,116064,2051.91,85.73,128.67,48
928512,116064,3594.23,84.33,9.69,48
928512,116064,1622.66,87.40,167.86,48
928512,116064,-1034.41,21.20,65.38,48
928512,116064,-202.67,18.44,29.10,48
928512,116064,3320.50,89.72,55.20,48
928512,116064,3891.78,87.44,3.32,48
928512,116064,574.04,19.43,0.00,48
928896,116112,-592.10,22.70,51.59,48
928896,116112,3804.01,86.72,1.63,48
928896,116112,-315.38,22.07,40.39,48
928896,116112,3854.33,88.73,11.00,48
928896,116112,4018.86,90.48,11.08,48
928896,116112,3887.27,86.11,0.00,48
928896,116112,3415.73,86.33,30.76,48
928896,116112,2934.78,84.40,61.53,48
929280,116160,3823.28,86.95,9.45,48
929280,116160,2266.03,85.15,113.80,48
929280,116160,3159.77,85.17,50.85,48
929280,116160,2188.38,86.51,122.71,48
929280,116160,-880.01,22.15,60.31,48
929280,116160,3493.08,87.73,34.25,48
929280,116160,3192.29,85.88,46.56,48
929280,116160,322.68,22.80,10.91,48
929664,116208,3688.94,84.92,8.98,48
929664,116208,3315.87,85.54,33.98,48
929664,116208,601.01,19.07,0.03,48
929664,116208,470.41,20.38,7.05,48
929664,116208,1145.21,90.19,213.01,48
929664,116208,3953.85,87.81,0.28,48
929664,116208,604.33,21.92,1.46,48
929664,116208,200.55,23.03,18.78,48
930048,116256,731.91,23.24,2.47,48
930048,116256,578.02,21.38,4.30,48
930048,116256,3939.59,87.17,0.62,48
930048,116256,-2488.81,83.87,451.04,48
930048,116256,-189.01,20.52,32.97,48
930048,116256,-1316.05,87.49,378.52,48
930048,116256,454.38,18.17,0.60,48
930048,116256,3948.99,87.29,0.32,48
930432,116304,3854.04,85.07,0.61,48
930432,116304,592.38,24.17,6.86,48
930432,116304,-3837.36,20.35,168.93,48
930432,116304,2681.40,85.73,80.78,48
930432,116304,3997.74,88.22,2.41,48
930432,116304,3666.65,87.34,22.12,48
930432,116304,-2141.39,21.71,106.17,48
930432,116304,3166.74,87.21,51.62,48
930816,116352,3530.35,88.72,37.28,48
930816,116352,3702.99,85.61,11.66,48
930816,116352,690.31,21.91,1.53,48
930816,116352,585.47,20.36,0.25,48
930816,116352,-2791.05,20.86,128.16,48
930816,116352,2155.63,85.88,123.84,48
930816,116352,109.15,22.06,24.91,48
930816,116352,2607.19,85.36,86.24,48
931200,116400,-1341.60,18.87,72.96,48
931200,116400,1988.56,84.78,130.41,48
931200,116400,3518.97,87.51,28.44,48
931200,116400,3505.03,83.86,16.33,48
931200,116400,3839.24,85.98,0.56,48
931200,116400,3799.35,85.94,6.62,48
931200,116400,1728.36,83.82,146.43,48
931200,116400,1756.96,84.62,144.99,48
931584,116448,273.57,21.97,15.75,48
931584,116448,3088.76,83.16,43.84,48
931584,116448,2823.99,85.60,71.32,48
931584,116448,36.16,21.18,22.38,48
931584,116448,3817.90,85.64,2.12,48
931584,116448,3601.41,86.47,17.83,48
931584,116448,-4034.41,20.91,176.84,48
931584,116448,2603.15,87.85,98.82,48
931968,116496,3865.28,86.21,0.72,48
931968,116496,3803.27,87.11,8.29,48
931968,116496,-2942.33,19.89,133.98,48
931968,116496,3619.92,89.19,31.19,48
931968,116496,3698.32,85.82,11.37,48
931968,116496,89.37,18.40,17.88,48
931968,116496,3973.02,88.27,1.33,48
931968,116496,3545.60,86.78,23.86,48
932352,116544,518.48,20.58,7.76,48
932352,116544,3041.65,82.16,47.01,48
932352,116544,-1764.99,21.42,92.70,48
932352,116544,3034.81,82.28,46.71,48
932352,116544,2207.47,85.76,117.57,48
932352,116544,3716.79,86.28,14.21,48
932352,116544,-14566.73,23.38,582.11,48
932352,116544,3907.06,86.97,2.32,48
932736,116592,2861.49,87.75,79.62,48
932736,116592,737.49,88.90,235.47,48
932736,116592,-4496.76,88.59,614.69,48
932736,116592,-3056.23,22.80,147.21,48
932736,116592,-178.11,23.60,32.90,48
932736,116592,1757.42,85.81,149.21,48
932736,116592,516.17,21.04,6.47,48
932736,116592,494.94,18.06,1.50,48
933120,116640,717.43,22.40,3.24,48
933120,116640,1788.91,87.31,151.77,48
933120,116640,3321.11,85.67,36.02,48
933120,116640,3947.49,87.28,0.32,48
933120,116640,3917.10,86.79,1.86,48
933120,116640,-2506.03,20.20,118.76,48
933120,116640,642.91,21.37,0.00,48
933120,116640,-445.71,23.55,45.57,48
933504,116688,3648.92,86.76,21.79,48
933504,116688,3826.19,87.35,9.24,48
933504,116688,3934.60,86.32,0.72,48
933504,116688,2806.66,85.77,77.22,48
933504,116688,2927.49,85.90,61.26,48
933504,116688,2374.70,83.64,95.17,48
933504,116688,683.37,20.40,0.00,48
933504,116688,3907.10,87.32,2.68,48
933888,116736,2549.60,86.22,95.39,48
933888,116736,-9981.18,24.25,406.24,48
933888,116736,-1695.91,87.98,405.05,48
933888,116736,3052.96,87.15,60.38,48
933888,116736,-1049.06,22.71,65.87,48
933888,116736,3542.62,84.77,16.80,48
933888,116736,3905.01,86.88,2.30,48
933888,116736,1883.52,83.18,124.84,48
934272,116784,424.16,21.61,9.18,48
934272,116784,3941.17,88.28,2.08,48
934272,116784,647.11,20.13,0.61,48
934272,116784,-2471.33,20.05,115.68,48
934272,116784,3600.58,84.66,14.69,48
934272,116784,2872.48,87.47,73.22,48
934272,116784,-3859.96,22.16,173.70,48
934272,116784,3849.35,86.26,1.34,48
934656,116832,3502.06,87.17,30.02,48
934656,116832,-3573.42,23.74,164.36,48
934656,116832,-2063.98,23.67,104.86,48
934656,116832,819.85,23.49,0.00,48
934656,116832,3976.03,88.04,1.48,48
934656,116832,-2010.17,22.56,102.74,48
934656,116832,3765.76,86.64,7.79,48
934656,116832,0.80,21.09,26.41,48
935040,116880,3428.20,88.30,40.49,48
935040,116880,291.60,20.86,13.97,48
935040,116880,-13615.69,22.43,543.95,48
935040,116880,3919.07,86.62,0.00,48
935040,116880,542.47,17.82,1.90,48
935040,116880,3798.94,87.74,13.07,48
935040,116880,3839.80,86.18,0.61,48
935040,116880,3141.21,86.26,54.40,48
935424,116928,-11407.55,19.79,454.70,48
935424,116928,3236.94,87.43,50.22,48
935424,116928,3336.35,86.12,41.44,48
935424,116928,3782.75,88.27,10.15,48
935424,116928,-4824.73,23.20,210.34,48
935424,116928,3826.46,86.98,11.62,48
935424,116928,358.22,19.28,8.92,48
935424,116928,441.82,17.96,5.82,48
935808,116976,3644.96,83.69,4.93,48
935808,116976,1723.54,85.02,150.72,48
935808,116976,2920.93,86.02,64.22,48
935808,116976,-1990.44,18.92,96.60,48
935808,116976,3786.67,84.55,0.00,48
935808,116976,-3283.15,17.93,144.73,48
935808,116976,3337.93,83.73,28.77,48
935808,116976,3913.34,86.52,0.09,48
936192,117024,1482.67,88.57,182.26,48
936192,117024,2573.22,85.25,89.61,48
936192,117024,3789.85,85.78,3.62,48
936192,117024,-1522.13,18.08,80.38,48
936192,117024,3185.83,86.47,50.52,48
936192,117024,3804.02,86.44,3.48,48
936192,117024,-2607.94,20.05,121.47,48
936192,117024,3862.70,87.14,5.05,48
936576,117072,3869.88,86.33,1.49,48
936576,117072,3304.61,88.30,48.70,48
936576,117072,1452.41,83.93,167.77,48
936576,117072,4024.67,88.15,0.47,48
936576,117072,3607.45,84.55,13.60,48
936576,117072,3907.81,87.04,0.32,48
936576,117072,3747.61,86.36,11.11,48
936576,117072,-692.94,22.17,52.50,48
936960,117120,3724.42,85.46,8.58,48
936960,117120,3737.48,88.05,17.05,48
936960,117120,545.77,21.32,3.50,48
936960,117120,-1182.07,19.27,65.62,48
936960,117120,3631.36,88.34,26.29,48
936960,117120,3983.68,88.03,0.00,48
936960,117120,-1107.92,87.50,366.30,48
936960,117120,4051.40,89.73,2.09,48
937344,117168,-1263.60,87.63,374.54,48
937344,117168,279.56,24.17,16.96,48
937344,117168,738.24,21.62,0.74,48
937344,117168,3887.92,88.39,6.20,48
937344,117168,4040.03,88.55,0.25,48
937344,117168,3822.66,84.82,0.66,48
937344,117168,3009.34,85.42,54.53,48
937344,117168,3400.52,85.13,26.87,48
937728,117216,2011.35,89.50,146.65,48
937728,117216,3727.25,89.10,23.41,48
937728,117216,3400.98,87.18,36.18,48
937728,117216,320.32,20.82,13.96,48
937728,117216,-1526.18,22.29,86.29,48
937728,117216,3450.99,85.26,27.85,48
937728,117216,3266.66,86.52,45.37,48
937728,117216,3977.44,89.38,7.03,48
938112,117264,-1658.54,23.36,91.76,48
938112,117264,3712.05,84.18,1.98,48
938112,117264,564.08,19.46,1.87,48
938112,117264,3900.01,87.12,3.91,48
938112,117264,3824.85,85.68,3.33,48
938112,117264,402.06,19.25,4.78,48
938112,117264,2348.47,86.08,107.94,48
938112,117264,788.68,24.08,0.00,48
938496,117312,598.36,22.03,3.07,48
938496,117312,293.87,22.96,19.47,48
938496,117312,3668.56,85.38,8.76,48
938496,117312,3819.31,86.09,0.34,48
938496,117312,3830.25,85.97,0.74,48
938496,117312,720.18,20.52,0.50,48
938496,117312,3712.27,83.90,3.50,48
938496,117312,3424.72,86.63,32.75,48
938880,117360,587.23,18.75,0.61,48
938880,117360,3261.29,85.51,40.91,48
938880,117360,3790.49,85.47,3.12,48
938880,117360,2999.05,85.86,58.65,48
938880,117360,-1035.40,21.48,63.57,48
938880,117360,518.16,20.76,7.04,48
938880,117360,3782.59,84.71,6.08,48
938880,117360,585.77,22.98,4.70,48
939264,117408,628.45,22.57,3.33,48
939264,117408,3865.76,85.53,0.00,48
939264,117408,3245.43,83.04,30.44,48
939264,117408,552.30,17.82,1.35,48
939264,117408,3709.23,89.61,27.45,48
939264,117408,3747.73,84.50,0.62,48
939264,117408,3916.18,86.77,1.37,48
939264,117408,3846.49,85.04,0.01,48
939648,117456,3913.40,85.82,0.00,48
939648,117456,-4658.63,23.46,206.97,48
939648,117456,3816.55,86.02,4.80,48
939648,117456,2172.13,87.26,124.34,48
939648,117456,2662.00,85.11,88.01,48
939648,117456,3689.28,83.68,5.49,48
939648,117456,-515.40,22.17,48.17,48
939648,117456,2155.00,85.75,123.03,48
940032,117504,2744.42,86.76,85.81,48
940032,117504,3703.11,86.85,13.98,48
940032,117504,3727.12,85.25,9.81,48
940032,117504,730.78,22.41,0.26,48
940032,117504,3535.03,86.55,25.28,48
940032,117504,2965.42,88.70,72.70,48
940032,117504,3428.51,88.15,41.81,48
940032,117504,2908.23,87.44,69.82,48
940416,117552,2505.25,85.94,97.94,48
940416,117552,3761.01,84.91,0.68,48
940416,117552,3058.71,83.60,48.32,48
940416,117552,1225.39,87.79,199.72,48
940416,117552,3450.36,85.84,27.20,48
940416,117552,3949.61,87.07,0.25,48
940416,117552,-4138.91,86.93,584.45,48
940416,117552,3864.26,85.84,0.00,48
940800,117600,555.98,20.68,3.56,48
940800,117600,2957.74,86.14,67.65,48
940800,117600,-7974.88,21.62,329.87,48
940800,117600,3579.68,88.14,29.11,48
940800,117600,3247.55,85.48,39.79,48
940800,117600,3922.82,87.50,2.66,48
940800,117600,469.41,22.45,10.78,48
940800,117600,2952.68,85.31,59.64,48
941184,117648,3987.83,87.21,1.21,48
941184,117648,458.06,18.97,2.25,48
941184,117648,-12977.46,22.41,519.63,48
941184,117648,258.22,22.88,18.55,48
941184,117648,2265.22,88.57,125.71,48
941184,117648,-286.39,23.21,38.86,48
941184,117648,3798.70,84.93,1.83,48
941184,117648,-227.52,18.09,26.18,48
941568,117696,4044.50,89.14,2.26,48
941568,117696,-3672.87,21.96,167.20,48
941568,117696,3311.42,84.96,32.68,48
941568,117696,3968.23,87.97,0.28,48
941568,117696,3328.95,83.16,23.51,48
941568,117696,623.11,18.66,0.01,48
941568,117696,-361.15,22.18,43.56,48
941568,117696,3701.94,85.95,10.62,48
941952,117744,1335.24,87.00,186.21,48
941952,117744,3682.59,83.74,1.43,48
941952,117744,3446.12,84.09,24.07,48
941952,117744,710.88,90.18,243.30,48
941952,117744,-1743.63,19.46,86.75,48
941952,117744,2004.17,87.86,139.31,48
941952,117744,1996.88,85.28,129.27,48
941952,117744,3983.19,89.17,3.82,48
942336,117792,3591.91,85.83,22.49,48
942336,117792,3413.17,83.88,25.01,48
942336,117792,587.08,20.48,0.72,48
942336,117792,4027.50,88.71,2.72,48
942336,117792,-2385.70,22.91,119.59,48
942336,117792,3872.38,85.53,0.32,48
942336,117792,-200.42,24.19,37.34,48
942336,117792,3624.82,87.70,30.20,48
942720,117840,547.82,21.99,6.15,48
942720,117840,-7341.22,19.47,302.81,48
942720,117840,613.37,24.62,6.94,48
942720,117840,-338.50,24.35,44.73,48
942720,117840,720.59,22.07,0.00,48
942720,117840,3655.15,83.10,3.02,48
942720,117840,3611.92,85.39,16.47,48
942720,117840,4033.81,88.76,0.26,48
943104,117888,1535.44,87.88,173.96,48
943104,117888,3927.45,87.20,1.06,48
943104,117888,3343.61,85.69,35.94,48
943104,117888,661.42,20.27,0.92,48
943104,117888,417.14,22.49,9.07,48
943104,117888,-46.86,20.89,26.30,48
943104,117888,3391.54,86.33,34.89,48
943104,117888,198.48,27.26,29.23,48
943488,117936,3709.09,85.28,6.84,48
943488,117936,3568.28,85.65,20.06,48
943488,117936,3911.24,87.30,2.39,48
943488,117936,3653.58,87.22,18.66,48
943488,117936,4007.42,88.54,2.32,48
943488,117936,3322.33,83.26,24.02,48
943488,117936,-1946.34,88.80,431.26,48
943488,117936,3768.45,85.22,0.38,48
943872,117984,1771.49,84.77,145.73,48
943872,117984,-4737.77,23.93,211.74,48
943872,117984,3323.50,82.62,22.35,48
943872,117984,3818.51,84.82,0.00,48
943872,117984,597.18,19.83,0.76,48
943872,117984,3997.85,87.80,0.38,48
943872,117984,3777.39,84.82,0.98,48
943872,117984,-9479.22,20.32,386.56,48
944256,118032,3727.55,85.48,7.44,48
944256,118032,3991.72,89.44,6.37,48
944256,118032,3764.58,84.21,0.68,48
944256,118032,3977.11,88.71,2.61,48
944256,118032,-5398.08,23.54,230.91,48
944256,118032,630.90,26.52,9.67,48
944256,118032,3233.10,89.56,57.87,48
944256,118032,620.28,20.81,0.81,48
944640,118080,3860.83,87.11,3.50,48
944640,118080,-238.57,18.65,30.91,48
944640,118080,580.51,19.33,1.24,48
944640,118080,-393.75,22.41,45.65,48
944640,118080,-181.27,19.40,29.57,48
944640,118080,-1423.51,22.55,77.42,48
944640,118080,1686.84,85.90,156.32,48
944640,118080,2963.17,84.74,58.17,48
945024,118128,-740.09,21.10,54.47,48
945024,118128,3331.97,86.17,36.95,48
945024,118128,2915.13,88.94,82.14,48
945024,118128,3706.20,84.96,8.03,48
945024,118128,-1051.97,23.00,65.97,48
945024,118128,474.02,23.16,10.84,48
945024,118128,3740.34,84.38,2.27,48
945024,118128,3826.10,86.24,3.67,48
945408,118176,4022.06,88.91,0.75,48
945408,118176,-2839.52,21.62,133.90,48
945408,118176,1599.86,87.81,167.94,48
945408,118176,3426.83,86.61,33.45,48
945408,118176,3902.33,86.84,2.25,48
945408,118176,584.86,19.32,2.23,48
945408,118176,3573.30,84.70,13.27,48
945408,118176,3902.02,85.18,0.00,48
945792,118224,3793.89,87.28,12.42,48
945792,118224,196.50,18.60,16.00,48
945792,118224,-58.86,22.07,29.63,48
945792,118224,3778.39,89.15,19.42,48
945792,118224,2619.48,82.69,77.22,48
945792,118224,3838.77,86.65,1.34,48
945792,118224,-1172.99,19.83,68.37,48
945792,118224,-2080.44,22.16,105.00,48
946176,118272,-617.25,20.75,47.11,48
946176,118272,3592.89,83.03,11.86,48
946176,118272,477.48,20.57,6.45,48
946176,118272,3605.17,84.70,10.41,48
946176,118272,3523.99,84.44,17.57,48
946176,118272,-4183.59,20.18,180.92,48
946176,118272,-679.28,22.21,51.04,48
946176,118272,4013.38,88.32,0.05,48
946560,118320,3733.46,86.18,8.29,48
946560,118320,2944.19,88.49,76.68,48
946560,118320,3590.16,85.71,19.03,48
946560,118320,4018.84,88.87,0.02,48
946560,118320,3497.46,85.03,20.37,48
946560,118320,3559.14,83.76,12.49,48
946560,118320,3997.49,88.68,1.95,48
946560,118320,3809.43,86.64,5.74,48
946944,118368,2465.57,85.36,96.06,48
946944,118368,515.63,21.86,4.97,48
946944,118368,2258.16,84.68,113.29,48
946944,118368,789.31,24.40,1.54,48
946944,118368,612.51,22.54,5.13,48
946944,118368,3519.27,90.18,44.09,48
946944,118368,2824.36,86.53,74.22,48
946944,118368,3834.20,86.19,0.80,48
947328,118416,2843.24,85.68,72.58,48
947328,118416,3029.07,87.30,64.29,48
947328,118416,2771.04,86.66,84.87,48
947328,118416,3728.94,84.38,0.58,48
947328,118416,219.95,20.09,14.03,48
947328,118416,3594.04,85.15,17.03,48
947328,118416,3856.55,86.36,2.91,48
947328,118416,380.08,19.66,6.79,48
947712,118464,3279.62,86.37,43.75,48
947712,118464,3872.54,89.40,14.72,48
947712,118464,2759.94,87.45,84.51,48
947712,118464,3418.00,88.34,42.61,48
947712,118464,-522.44,22.16,43.77,48
947712,118464,610.68,20.49,1.59,48
947712,118464,-529.92,20.43,44.38,48
947712,118464,-14186.18,22.32,561.88,48
948096,118512,3921.35,87.64,1.38,48
948096,118512,3715.38,85.48,7.14,48
948096,118512,3784.66,85.98,2.41,48
948096,118512,3208.70,88.73,62.39,48
948096,118512,2816.54,82.92,65.17,48
948096,118512,-3273.55,85.97,513.03,48
948096,118512,-902.78,87.05,347.13,48
948096,118512,2193.36,86.62,120.56,48
948480,118560,1679.02,86.26,159.79,48
948480,118560,3022.69,87.90,65.26,48
948480,118560,-2911.24,88.26,501.05,48
948480,118560,1923.39,87.25,142.44,48
948480,118560,703.61,21.62,0.28,48
948480,118560,3740.31,85.65,3.67,48
948480,118560,-78.49,21.74,27.33,48
948480,118560,3716.05,87.15,15.82,48
948864,118608,396.22,25.07,17.58,48
948864,118608,3907.60,86.50,0.61,48
948864,118608,3655.31,88.51,27.18,48
948864,118608,2104.01,85.35,124.94,48
948864,118608,664.49,24.49,4.99,48
948864,118608,-351.14,23.91,44.24,48
948864,118608,4056.50,89.55,2.65,48
948864,118608,-3812.86,21.69,169.20,48
949248,118656,2637.02,86.63,92.28,48
949248,118656,3837.91,85.87,0.00,48
949248,118656,560.77,21.80,1.59,48
949248,118656,1396.27,85.89,174.11,48
949248,118656,3388.43,87.61,45.45,48
949248,118656,592.28,21.74,0.00,48
949248,118656,-4339.45,87.18,598.92,48
949248,118656,2858.86,86.27,68.65,48
949632,118704,3820.03,85.59,0.72,48
949632,118704,-2939.03,20.23,133.01,48
949632,118704,726.61,22.41,0.05,48
949632,118704,4053.39,89.52,2.18,48
949632,118704,-2563.44,22.97,122.13,48
949632,118704,2337.77,85.33,105.21,48
949632,118704,3935.85,87.68,0.19,48
949632,118704,-747.91,22.52,55.78,48
950016,118752,3866.87,85.29,0.00,48
950016,118752,3671.84,84.25,0.00,48
950016,118752,3587.19,86.37,21.70,48
950016,118752,-1077.89,17.33,60.53,48
950016,118752,3718.14,86.63,11.48,48
950016,118752,-9347.59,20.32,378.75,48
950016,118752,3701.66,86.63,12.16,48
950016,118752,-3945.78,20.66,174.31,48
950400,118800,597.68,21.35,0.32,48
950400,118800,3654.99,85.83,14.06,48
950400,118800,3698.16,87.03,19.53,48
950400,118800,1662.24,83.11,144.75,48
950400,118800,3717.15,83.16,0.65,48
950400,118800,301.01,22.23,17.53,48
950400,118800,3876.98,85.70,0.00,48
950400,118800,825.66,23.09,2.48,48
950784,118848,-140.90,22.94,33.35,48
950784,118848,3891.39,90.57,20.47,48
950784,118848,3953.73,87.04,0.43,48
950784,118848,4054.91,89.21,0.10,48
950784,118848,368.52,18.89,5.51,48
950784,118848,2530.23,88.27,107.40,48
950784,118848,3950.17,88.05,2.53,48
950784,118848,-478.98,23.69,48.14,48
951168,118896,34.65,19.28,21.06,48
951168,118896,3788.52,85.10,0.56,48
951168,118896,432.15,19.97,4.43,48
951168,118896,3669.56,85.47,11.23,48
951168,118896,3957.74,87.92,3.97,48
951168,118896,3290.60,88.11,49.24,48
951168,118896,2469.42,89.03,112.61,48
951168,118896,-3823.81,87.01,562.70,48
951552,118944,3691.67,87.92,20.98,48
951552,118944,2869.91,85.43,69.26,48
951552,118944,204.87,22.72,23.04,48
951552,118944,721.02,21.99,0.00,48
951552,118944,2639.43,81.95,73.60,48
951552,118944,787.35,23.70,0.27,48
951552,118944,3803.60,85.46,2.90,48
951552,118944,2319.42,85.75,108.51,48
951936,118992,669.96,23.90,3.26,48
951936,118992,-354.73,18.48,36.71,48
951936,118992,1774.67,84.45,147.32,48
951936,118992,3707.81,83.84,0.00,48
951936,118992,536.67,24.18,9.32,48
951936,118992,3875.73,85.66,0.00,48
951936,118992,-14120.91,24.16,563.08,48
951936,118992,2386.10,86.59,112.54,48
952320,119040,594.18,18.60,0.00,48
952320,119040,3782.10,85.50,2.53,48
952320,119040,3747.01,87.96,19.58,48
952320,119040,-3139.38,23.47,147.97,48
952320,119040,1000.37,87.16,208.68,48
952320,119040,-5372.79,23.46,229.19,48
952320,119040,3987.89,87.58,0.10,48
952320,119040,141.10,23.57,21.95,48
952704,119088,-10372.85,18.36,415.08,48
952704,119088,604.29,20.24,0.92,48
952704,119088,2596.06,84.85,86.58,48
952704,119088,3038.34,86.38,62.97,48
952704,119088,-2537.12,22.78,122.65,48
952704,119088,3097.23,86.72,54.16,48
952704,119088,1863.77,85.91,139.98,48
952704,119088,770.51,23.24,1.24,48
953088,119136,3958.73,88.71,4.01,48
953088,119136,3741.87,85.39,4.26,48
953088,119136,3899.50,87.31,5.07,48
953088,119136,3434.90,85.27,24.65,48
953088,119136,2869.11,86.31,74.79,48
953088,119136,3784.55,83.89,0.00,48
953088,119136,3772.26,84.68,2.26,48
953088,119136,3558.95,87.20,25.92,48
953472,119184,-221.37,19.47,28.71,48
953472,119184,3675.38,83.02,2.72,48
953472,119184,-6.06,21.75,27.80,48
953472,119184,3825.26,86.45,0.81,48
953472,119184,3903.15,85.83,0.00,48
953472,119184,3211.10,86.74,51.71,48
953472,119184,661.73,20.41,0.18,48
953472,119184,3446.56,84.32,26.08,48
953856,119232,-4541.03,24.54,204.91,48
953856,119232,3863.89,87.86,12.12,48
953856,119232,2828.94,84.88,70.96,48
953856,119232,3743.34,83.15,0.39,48
953856,119232,3947.01,87.75,0.27,48
953856,119232,3301.04,83.54,29.40,48
953856,119232,3866.78,86.27,0.61,48
953856,119232,3741.19,85.46,8.41,48
954240,119280,-1829.63,25.04,99.54,48
954240,119280,443.14,22.23,11.17,48
954240,119280,3766.28,85.19,3.92,48
954240,119280,721.20,22.05,0.80,48
954240,119280,3901.98,86.60,1.24,48
954240,119280,3931.13,86.30,0.00,48
954240,119280,2877.13,85.07,63.73,48
954240,119280,3700.64,85.17,9.30,48
954624,119328,3900.27,86.03,0.43,48
954624,119328,-4918.72,23.74,214.26,48
954624,119328,2512.59,88.57,107.87,48
954624,119328,-570.50,82.66,301.48,48
954624,119328,3385.17,85.32,25.72,48
954624,119328,2711.25,84.14,76.63,48
954624,119328,3603.23,89.33,33.99,48
954624,119328,3876.00,86.38,4.11,48
955008,119376,2650.89,84.71,77.93,48
955008,119376,-1838.13,17.98,90.07,48
955008,119376,1920.36,85.34,136.57,48
955008,119376,3846.70,86.27,0.61,48
955008,119376,581.45,18.18,0.00,48
955008,119376,630.82,21.58,2.23,48
955008,119376,3939.52,87.94,0.47,48
955008,119376,-2319.27,21.91,115.32,48
955392,119424,-2911.09,20.29,136.23,48
955392,119424,3576.65,85.56,20.40,48
955392,119424,-597.61,23.57,52.30,48
955392,119424,4052.52,90.15,7.86,48
955392,119424,222.03,20.43,16.55,48
955392,119424,3215.99,84.68,42.82,48
955392,119424,3740.93,83.99,1.08,48
955392,119424,3472.63,82.76,9.87,48
955776,119472,-1855.31,20.07,96.10,48
955776,119472,652.94,20.48,0.05,48
955776,119472,1582.61,83.87,158.96,48
955776,119472,3846.31,87.05,8.62,48
955776,119472,3579.24,87.81,32.08,48
955776,119472,3237.88,84.11,32.69,48
955776,119472,783.14,87.67,226.34,48
955776,119472,2390.27,87.56,109.16,48
956160,119520,3773.76,88.68,18.12,48
956160,119520,-2739.87,20.99,127.71,48
956160,119520,3805.59,84.60,0.07,48
956160,119520,4007.25,89.13,1.56,48
956160,119520,3944.45,86.90,1.16,48
956160,119520,-2157.06,22.56,109.31,48
956160,119520,2909.62,87.03,73.01,48
956160,119520,3538.13,80.73,0.00,48
956544,119568,3028.65,83.86,54.98,48
956544,119568,3849.49,85.40,0.00,48
956544,119568,3357.17,88.54,44.27,48
956544,119568,3889.65,86.60,2.60,48
956544,119568,3102.36,82.62,38.03,48
956544,119568,-14149.79,24.37,570.58,48
956544,119568,-583.55,20.99,47.46,48
956544,119568,3664.10,84.61,7.90,48
956928,119616,-3447.86,18.77,150.53,48
956928,119616,1871.78,84.70,133.92,48
956928,119616,63.02,21.26,21.62,48
956928,119616,3527.96,85.76,23.45,48
956928,119616,-3011.19,86.90,498.12,48
956928,119616,3693.38,84.57,1.21,48
956928,119616,3135.30,84.41,45.03,48
956928,119616,3764.82,90.61,29.92,48
957312,119664,2285.75,86.65,115.05,48
957312,119664,3247.99,87.02,49.26,48
957312,119664,3830.88,84.96,1.64,48
957312,119664,3757.92,88.57,19.03,48
957312,119664,3478.52,87.40,31.67,48
957312,119664,4143.96,90.19,1.76,48
957312,119664,3910.25,85.65,0.20,48
957312,119664,3718.80,87.05,13.44,48
957696,119712,1432.64,87.69,187.65,48
957696,119712,1649.42,85.89,158.10,48
957696,119712,1936.63,86.12,136.30,48
957696,119712,561.40,20.29,2.27,48
957696,119712,70.36,20.94,22.01,48
957696,119712,3821.99,85.62,0.45,48
957696,119712,3996.62,87.80,0.81,48
957696,119712,2921.22,85.32,56.66,48
958080,119760,-746.07,24.18,57.20,48
958080,119760,-3374.77,20.37,151.63,48
958080,119760,577.19,21.57,4.70,48
958080,119760,-376.11,22.08,40.43,48
958080,119760,1324.89,89.86,198.77,48
958080,119760,3955.66,88.24,1.70,48
958080,119760,2365.06,87.79,116.62,48
958080,119760,3499.76,83.84,18.26,48
958464,119808,3719.30,89.50,26.64,48
958464,119808,437.32,21.90,8.29,48
958464,119808,-1364.54,20.45,75.75,48
958464,119808,-3981.01,20.95,176.26,48
958464,119808,702.08,23.02,1.33,48
958464,119808,3204.96,83.96,35.67,48
958464,119808,2067.11,85.80,125.56,48
958464,119808,3909.52,86.21,0.00,48
958848,119856,2590.37,88.25,101.69,48
958848,119856,734.91,22.19,0.00,48
958848,119856,3598.22,85.13,18.27,48
958848,119856,3533.69,83.86,10.74,48
958848,119856,-137.40,16.60,23.11,48
958848,119856,743.17,88.77,236.11,48
958848,119856,174.16,18.56,14.35,48
958848,119856,2366.68,89.18,124.16,48
959232,119904,3845.19,86.90,1.17,48
959232,119904,3249.03,84.35,40.27,48
959232,119904,3821.84,87.74,7.53,48
959232,119904,3617.92,84.67,12.75,48
959232,119904,2517.83,86.50,102.57,48
959232,119904,1892.45,86.93,144.67,48
959232,119904,3000.82,86.14,67.39,48
959232,119904,-2277.30,23.84,115.23,48
959616,119952,2016.86,86.40,131.15,48
959616,119952,-8222.57,22.67,342.83,48
959616,119952,3776.78,85.74,5.01,48
959616,119952,-2949.97,21.90,138.33,48
959616,119952,3853.78,85.35,0.76,48
959616,119952,3804.71,83.98,0.56,48
959616,119952,3877.70,86.88,1.01,48
959616,119952,3728.55,83.75,0.28,48
960000,120000,3492.07,84.85,22.58,48
960000,120000,3835.27,88.02,9.62,48
960000,120000,3962.02,89.39,7.38,48
960000,120000,2605.03,85.63,88.88,48
960000,120000,-278.08,18.66,32.96,48
960000,120000,3376.96,86.98,37.01,48
960000,120000,1603.07,86.74,167.86,48
960000,120000,3856.25,85.59,0.26,48
960384,120048,3570.49,83.35,10.61,48
960384,120048,3242.15,88.80,51.65,48
960384,120048,665.00,21.38,0.43,48
960384,120048,2791.78,88.42,87.76,48
960384,120048,3899.58,86.51,1.17,48
960384,120048,2644.91,86.53,89.41,48
960384,120048,819.77,22.25,0.65,48
960384,120048,840.98,24.29,0.27,48
960768,120096,3783.71,85.38,1.48,48
960768,120096,-462.71,23.89,48.82,48
960768,120096,2013.88,88.41,143.57,48
960768,120096,3983.78,87.56,0.00,48
960768,120096,626.58,20.52,1.33,48
960768,120096,3797.43,85.17,1.31,48
960768,120096,3832.06,85.97,1.87,48
960768,120096,3279.25,88.74,54.60,48
961152,120144,3118.70,85.95,51.24,48
961152,120144,684.68,23.46,4.41,48
961152,120144,3384.75,84.35,23.61,48
961152,120144,2567.24,89.75,109.37,48
961152,120144,836.69,23.60,0.52,48
961152,120144,-12155.18,20.97,489.17,48
961152,120144,-11489.23,19.89,456.82,48
961152,120144,-2204.26,86.33,437.84,48
961536,120192,3689.72,86.11,11.30,48
961536,120192,410.71,18.89,5.62,48
961536,120192,-2434.96,82.80,440.63,48
961536,120192,3742.57,83.22,0.00,48
961536,120192,3476.27,85.67,26.06,48
961536,120192,-1503.37,20.81,83.85,48
961536,120192,3411.37,88.62,44.01,48
961536,120192,4006.74,89.31,3.29,48
961920,120240,3654.93,87.71,21.80,48
961920,120240,3992.11,88.97,0.62,48
961920,120240,3924.04,87.16,0.00,48
961920,120240,-1028.13,22.58,63.35,48
961920,120240,3567.33,84.82,12.11,48
961920,120240,1661.42,88.66,169.25,48
961920,120240,3439.72,87.26,30.96,48
961920,120240,3693.16,87.68,22.14,48
962304,120288,2997.52,86.27,66.67,48
962304,120288,2390.24,84.30,96.99,48
962304,120288,3757.76,85.51,4.29,48
962304,120288,-1299.75,87.63,379.12,48
962304,120288,2099.04,87.65,131.16,48
962304,120288,2940.39,83.34,59.95,48
962304,120288,3855.64,86.43,1.22,48
962304,120288,3796.89,87.90,12.88,48
962688,120336,3435.35,85.80,27.24,48
962688,120336,514.97,20.68,3.67,48
962688,120336,3419.15,87.53,41.95,48
962688,120336,3852.90,87.00,4.80,48
962688,120336,484.89,18.88,4.81,48
962688,120336,3742.64,88.35,20.92,48
962688,120336,-21.63,22.02,27.60,48
962688,120336,3173.54,88.03,56.93,48
963072,120384,3899.47,87.92,5.62,48
963072,120384,-1768.74,21.84,95.49,48
963072,120384,3713.46,86.29,9.33,48
963072,120384,1555.41,82.85,149.58,48
963072,120384,-1590.57,85.09,389.73,48
963072,120384,2949.87,84.96,62.97,48
963072,120384,-259.74,20.59,32.69,48
963072,120384,-466.14,23.90,45.84,48
963456,120432,1982.99,86.47,141.09,48
963456,120432,3842.77,86.89,6.64,48
963456,120432,3617.50,85.64,13.16,48
963456,120432,503.37,22.62,7.65,48
963456,120432,-853.93,22.77,59.62,48
963456,120432,3392.73,83.37,21.25,48
963456,120432,-94.12,20.10,26.97,48
963456,120432,3882.40,86.33,3.32,48
963840,120480,-1721.00,20.31,86.76,48
963840,120480,-3851.50,85.93,552.88,48
963840,120480,640.51,24.09,5.96,48
963840,120480,3737.70,84.29,0.71,48
963840,120480,3845.42,86.16,5.58,48
963840,120480,537.70,20.14,3.67,48
963840,120480,1141.01,85.03,188.90,48
963840,120480,-12717.57,20.50,505.75,48
964224,120528,3871.02,86.39,3.87,48
964224,120528,499.94,19.84,1.59,48
964224,120528,676.65,20.81,1.64,48
964224,120528,-224.09,22.78,33.35,48
964224,120528,-1074.57,20.47,65.80,48
964224,120528,-3119.14,87.96,509.37,48
964224,120528,3605.40,81.92,0.10,48
964224,120528,3925.37,86.70,0.00,48
964608,120576,-1199.90,21.35,70.48,48
964608,120576,3862.34,86.34,1.16,48
964608,120576,3923.64,88.29,11.03,48
964608,120576,376.12,21.18,12.12,48
964608,120576,649.37,20.43,1.22,48
964608,120576,3833.46,86.60,5.50,48
964608,120576,578.69,19.98,0.32,48
964608,120576,3770.95,84.67,0.31,48
964992,120624,-3540.47,21.73,160.57,48
964992,120624,3751.90,86.70,3.02,48
964992,120624,704.79,21.63,1.17,48
964992,120624,1043.43,86.59,209.59,48
964992,120624,-1744.66,19.38,88.21,48
964992,120624,2833.83,86.06,73.38,48
964992,120624,1688.32,87.76,161.58,48
964992,120624,699.19,24.57,2.57,48
965376,120672,3718.29,85.10,2.52,48
965376,120672,3882.85,85.99,0.92,48
965376,120672,3911.59,86.93,1.37,48
965376,120672,3748.99,85.28,5.56,48
965376,120672,735.91,24.61,3.77,48
965376,120672,-7304.63,17.99,297.96,48
965376,120672,-4493.71,23.30,197.91,48
965376,120672,3877.04,88.29,5.32,48
965760,120720,4025.81,88.35,0.32,48
965760,120720,3546.98,85.25,21.63,48
965760,120720,1942.45,87.94,144.60,48
965760,120720,305.47,22.35,14.41,48
965760,120720,-1346.82,18.27,70.48,48
965760,120720,2630.52,86.55,87.21,48
965760,120720,3565.77,88.52,33.00,48
965760,120720,3281.99,83.90,29.87,48
966144,120768,3322.56,87.69,44.52,48
966144,120768,3869.73,87.77,6.43,48
966144,120768,4025.63,87.64,0.00,48
966144,120768,3851.26,86.40,0.32,48
966144,120768,3737.46,85.32,4.56,48
966144,120768,3801.72,86.42,5.31,48
966144,120768,3703.79,84.25,4.42,48
966144,120768,3806.16,86.23,6.61,48
966528,120816,644.94,21.80,4.13,48
966528,120816,3828.59,86.23,6.40,48
966528,120816,3883.94,85.95,1.56,48
966528,120816,3921.57,87.65,0.00,48
966528,120816,2632.88,84.25,75.56,48
966528,120816,3787.87,84.90,0.88,48
966528,120816,-2564.12,23.72,128.54,48
966528,120816,3862.15,85.30,0.43,48
966912,120864,-2334.44,21.47,114.22,48
966912,120864,2227.32,87.23,123.26,48
966912,120864,598.41,21.72,1.33,48
966912,120864,583.87,20.66,1.79,48
966912,120864,552.82,23.28,9.38,48
966912,120864,-1447.07,25.74,86.37,48
966912,120864,3397.25,84.00,26.10,48
966912,120864,534.29,24.88,12.06,48
967296,120912,3222.64,86.64,46.92,48
967296,120912,-785.62,20.16,56.00,48
967296,120912,1850.86,85.70,139.97,48
967296,120912,3901.56,86.48,0.00,48
967296,120912,3524.64,84.02,15.88,48
967296,120912,3414.62,85.00,27.43,48
967296,120912,3949.18,86.72,1.12,48
967296,120912,3631.90,86.78,19.41,48
967680,120960,3804.60,86.23,3.40,48
967680,120960,3641.83,84.97,7.85,48
967680,120960,3791.64,85.89,3.59,48
967680,120960,3020.46,86.87,63.11,48
967680,120960,-991.82,19.08,61.33,48
967680,120960,3799.76,88.04,11.49,48
967680,120960,3859.94,87.47,4.87,48
967680,120960,3744.44,84.42,3.82,48
968064,121008,3695.93,83.36,1.03,48
968064,121008,2389.46,86.13,108.29,48
968064,121008,1346.41,86.26,179.53,48
968064,121008,3822.75,85.63,3.21,48
968064,121008,-5644.83,24.80,246.41,48
968064,121008,3660.57,84.42,8.76,48
968064,121008,57.23,24.16,27.57,48
968064,121008,3848.52,86.56,2.57,48
968448,121056,3194.07,83.71,40.54,48
968448,121056,3758.39,83.93,0.00,48
968448,121056,-2402.87,22.45,118.30,48
968448,121056,-1915.23,24.06,101.17,48
968448,121056,3630.51,87.93,23.07,48
968448,121056,3808.92,85.98,0.05,48
968448,121056,3666.42,85.49,8.15,48
968448,121056,3876.74,87.99,8.24,48
968832,121104,3406.42,87.79,42.38,48
968832,121104,568.74,18.75,0.00,48
968832,121104,-1074.72,19.52,64.15,48
968832,121104,3350.45,84.41,27.16,48
968832,121104,379.96,21.34,8.54,48
968832,121104,3529.36,84.73,19.11,48
968832,121104,630.48,21.15,1.24,48
968832,121104,576.68,21.94,1.12,48
969216,121152,86.50,20.14,19.71,48
969216,121152,-2409.21,85.33,445.26,48
969216,121152,187.51,18.09,12.81,48
969216,121152,504.11,19.37,2.20,48
969216,121152,577.47,20.74,2.78,48
969216,121152,3777.66,84.95,0.01,48
969216,121152,-2702.34,20.20,125.61,48
969216,121152,2491.41,90.19,117.93,48
969600,121200,-3010.92,21.03,139.18,48
969600,121200,3747.61,83.47,0.92,48
969600,121200,653.72,20.46,0.00,48
969600,121200,3405.35,88.97,46.11,48
969600,121200,376.14,19.33,7.76,48
969600,121200,3237.49,86.80,47.53,48
969600,121200,560.35,19.20,2.80,48
969600,121200,483.21,23.23,10.39,48
969984,121248,-13660.72,22.54,546.13,48
969984,121248,2109.71,88.15,135.77,48
969984,121248,3728.15,84.70,5.55,48
969984,121248,569.62,20.83,0.00,48
969984,121248,3981.34,87.41,0.00,48
969984,121248,3602.94,86.65,19.98,48
969984,121248,3706.92,85.60,6.55,48
969984,121248,1831.59,86.07,145.67,48
970368,121296,-9686.45,23.51,395.61,48
970368,121296,2218.49,88.81,129.95,48
970368,121296,518.89,19.93,3.02,48
970368,121296,741.16,23.42,0.00,48
970368,121296,3765.36,84.22,0.00,48
970368,121296,3845.28,87.50,8.29,48
970368,121296,1646.79,85.98,161.23,48
970368,121296,1754.29,84.02,142.63,48
970752,121344,3911.59,86.38,0.83,48
970752,121344,3554.56,81.88,10.91,48
970752,121344,2413.33,85.77,97.68,48
970752,121344,4115.95,89.36,0.00,48
970752,121344,-3732.18,88.96,561.23,48
970752,121344,-7513.30,20.64,308.96,48
970752,121344,3354.21,82.72,20.99,48
970752,121344,51.99,21.80,24.51,48
971136,121392,3718.98,84.54,3.93,48
971136,121392,3511.19,87.12,31.64,48
971136,121392,3682.85,83.73,0.82,48
971136,121392,3839.69,87.55,5.47,48
971136,121392,3777.79,86.27,9.02,48
971136,121392,-1950.17,19.40,94.37,48
971136,121392,-3464.61,21.35,158.43,48
971136,121392,4037.72,88.74,2.20,48
971520,121440,3796.41,85.70,5.95,48
971520,121440,1639.39,86.05,162.04,48
971520,121440,55.57,20.27,22.91,48
971520,121440,3477.94,84.29,19.26,48
971520,121440,3603.35,85.44,14.66,48
971520,121440,3739.74,85.99,7.15,48
971520,121440,-55.24,21.40,27.41,48
971520,121440,3884.32,88.28,4.08,48
971904,121488,3243.86,86.29,48.97,48
971904,121488,3470.09,83.44,18.07,48
971904,121488,2344.31,84.35,101.05,48
971904,121488,3591.93,84.68,12.23,48
971904,121488,482.38,20.43,4.05,48
971904,121488,787.87,22.67,0.32,48
971904,121488,3427.61,85.25,27.99,48
971904,121488,1616.68,85.26,151.82,48
972288,121536,-4024.77,23.78,178.03,48
972288,121536,59.87,25.87,28.24,48
972288,121536,3895.35,85.75,0.00,48
972288,121536,3670.80,85.96,12.92,48
972288,121536,-3763.41,18.99,165.49,48
972288,121536,427.16,19.72,7.70,48
972288,121536,3795.97,84.60,0.34,48
972288,121536,781.94,24.64,2.51,48
972672,121584,511.07,18.22,0.57,48
972672,121584,93.22,83.01,257.80,48
972672,121584,4008.97,88.42,0.81,48
972672,121584,3645.01,85.17,15.37,48
972672,121584,4035.34,88.52,1.00,48
972672,121584,-12258.36,21.03,493.27,48
972672,121584,1838.65,87.25,150.18,48
972672,121584,685.15,20.82,1.66,48
973056,121632,3480.47,87.42,33.39,48
973056,121632,-374.01,24.37,44.30,48
973056,121632,21.08,24.28,30.35,48
973056,121632,3791.91,84.72,0.41,48
973056,121632,3816.47,85.73,0.47,48
973056,121632,-8929.01,23.15,367.63,48
973056,121632,2549.08,84.17,87.44,48
973056,121632,210.87,21.38,17.79,48
973440,121680,-2130.29,23.72,108.05,48
973440,121680,3897.01,86.20,0.00,48
973440,121680,3805.46,85.45,2.99,48
973440,121680,4019.69,88.86,4.77,48
973440,121680,3866.21,87.54,6.76,48
973440,121680,3576.96,82.67,8.20,48
973440,121680,534.47,19.14,1.53,48
973440,121680,3786.81,84.80,0.05,48
973824,121728,561.01,19.03,1.21,48
973824,121728,-1756.71,20.26,92.14,48
973824,121728,3036.10,84.10,50.30,48
973824,121728,-3291.15,85.88,518.80,48
973824,121728,2775.93,84.15,71.05,48
973824,121728,1565.73,85.22,162.85,48
973824,121728,3806.28,84.96,0.65,48
973824,121728,318.27,22.75,15.37,48
974208,121776,634.53,22.05,4.62,48
974208,121776,3217.86,86.08,46.79,48
974208,121776,2997.68,87.80,66.76,48
974208,121776,3892.19,86.76,6.09,48
974208,121776,366.78,17.07,5.89,48
974208,121776,-117.34,23.00,29.97,48
974208,121776,580.05,19.96,0.00,48
974208,121776,3798.99,87.02,6.03,48
974592,121824,3260.85,84.09,37.67,48
974592,121824,2721.76,84.83,73.86,48
974592,121824,-979.18,22.19,65.26,48
974592,121824,3768.21,85.28,2.72,48
974592,121824,3859.92,86.19,0.00,48
974592,121824,-1200.02,21.83,71.01,48
974592,121824,3819.75,86.35,6.96,48
974592,121824,3976.30,88.36,0.96,48
974976,121872,3749.97,87.14,12.44,48
974976,121872,3494.82,88.98,40.86,48
974976,121872,3707.95,84.34,1.28,48
974976,121872,3739.43,86.26,13.49,48
974976,121872,3712.52,83.59,0.18,48
974976,121872,3844.68,86.53,6.75,48
974976,121872,3905.02,87.21,2.34,48
974976,121872,3844.32,85.38,3.80,48
975360,121920,470.95,24.25,13.11,48
975360,121920,3388.67,87.49,40.42,48
975360,121920,4056.02,89.13,3.54,48
975360,121920,-1876.35,25.50,101.66,48
975360,121920,3181.95,86.23,48.00,48
975360,121920,3189.15,86.81,50.09,48
975360,121920,809.81,24.84,3.16,48
975360,121920,3792.80,84.47,0.00,48
975744,121968,3520.99,85.38,21.87,48
975744,121968,-3384.80,21.03,151.43,48
975744,121968,3914.11,86.14,0.00,48
975744,121968,3663.90,87.88,20.29,48
975744,121968,3380.34,84.27,26.39,48
975744,121968,-3891.14,21.69,174.07,48
975744,121968,-31.28,21.00,25.55,48
975744,121968,409.56,19.58,10.55,48
976128,122016,3375.04,84.66,31.85,48
976128,122016,1677.53,85.24,155.75,48
976128,122016,3177.47,86.39,49.64,48
976128,122016,3009.43,87.37,65.69,48
976128,122016,3715.86,86.13,10.31,48
976128,122016,3236.22,84.31,36.49,48
976128,122016,412.89,17.96,6.56,48
976128,122016,3761.52,84.21,1.63,48
976512,122064,-10692.81,25.97,435.90,48
976512,122064,1544.53,84.88,159.68,48
976512,122064,2587.19,83.86,82.73,48
976512,122064,3171.28,88.44,61.22,48
976512,122064,2058.63,84.80,128.47,48
976512,122064,3937.14,87.59,0.00,48
976512,122064,-382.33,85.82,306.66,48
976512,122064,-3759.81,19.99,164.85,48
976896,122112,3571.70,87.86,27.79,48
976896,122112,3692.85,83.18,1.21,48
976896,122112,-136.88,20.65,29.91,48
976896,122112,-779.06,24.31,61.78,48
976896,122112,3815.82,85.56,1.53,48
976896,122112,1895.81,84.45,130.72,48
976896,122112,4002.40,88.15,0.72,48
976896,122112,3894.99,87.71,5.76,48
977280,122160,3287.41,84.26,31.88,48
977280,122160,529.08,20.52,2.82,48
977280,122160,3933.38,89.03,11.87,48
977280,122160,3791.97,87.36,11.88,48
977280,122160,3640.09,84.44,8.89,48
977280,122160,3790.51,85.96,2.17,48
977280,122160,2849.62,84.41,66.72,48
977280,122160,-1108.58,85.23,353.20,48
977664,122208,3690.55,90.18,34.13,48
977664,122208,-9610.78,22.16,392.19,48
977664,122208,3633.90,87.48,21.39,48
977664,122208,871.35,25.32,1.00,48
977664,122208,3998.51,88.32,1.46,48
977664,122208,4122.72,89.43,0.01,48
977664,122208,-3041.40,18.45,134.94,48
977664,122208,-4210.52,22.06,182.58,48
978048,122256,3620.71,87.68,22.41,48
978048,122256,-1113.01,24.05,76.86,48
978048,122256,3958.57,87.36,1.61,48
978048,122256,768.33,22.68,0.00,48
978048,122256,3901.01,89.15,13.06,48
978048,122256,3803.36,89.28,19.17,48
978048,122256,-13136.98,22.00,526.21,48
978048,122256,2151.28,86.01,125.05,48
978432,122304,3902.95,85.93,0.85,48
978432,122304,2863.57,88.47,85.27,48
978432,122304,2816.96,88.45,85.73,48
978432,122304,2398.90,87.65,109.12,48
978432,122304,1034.04,88.76,212.72,48
978432,122304,3837.43,86.70,5.53,48
978432,122304,-1189.27,24.45,74.43,48
978432,122304,646.36,21.50,0.26,48
978816,122352,499.31,21.77,7.47,48
978816,122352,-2898.00,21.80,136.16,48
978816,122352,1356.12,88.35,187.50,48
978816,122352,-4038.87,22.19,180.78,48
978816,122352,3379.23,87.03,34.40,48
978816,122352,-3560.59,21.12,161.50,48
978816,122352,3902.53,87.91,4.61,48
978816,122352,3926.82,86.98,0.47,48
979200,122400,2865.90,85.33,66.18,48
979200,122400,1298.48,85.74,184.73,48
979200,122400,2122.51,82.74,114.66,48
979200,122400,24.33,19.34,24.59,48
979200,122400,3705.01,83.71,0.56,48
979200,122400,2497.23,91.64,127.56,48
979200,122400,3659.26,87.80,23.76,48
979200,122400,593.04,21.26,0.62,48
979584,122448,-1412.96,21.60,83.46,48
979584,122448,3786.50,84.58,2.09,48
979584,122448,-44.30,21.90,27.91,48
979584,122448,1141.88,87.05,198.87,48
979584,122448,3643.32,85.53,15.82,48
979584,122448,2112.18,84.70,116.65,48
979584,122448,-1700.30,18.76,83.70,48
979584,122448,-2855.23,20.63,130.69,48
979968,122496,482.11,20.75,8.45,48
979968,122496,955.35,86.00,209.04,48
979968,122496,-1804.60,84.90,405.03,48
979968,122496,1907.69,86.70,145.23,48
979968,122496,3152.58,84.76,46.10,48
979968,122496,3860.12,86.02,3.42,48
979968,122496,486.79,17.95,0.01,48
979968,122496,318.28,19.63,9.75,48
980352,122544,531.29,18.30,2.03,48
980352,122544,3609.16,87.71,23.83,48
980352,122544,399.44,24.50,14.56,48
980352,122544,3493.06,82.73,15.70,48
980352,122544,3177.22,82.99,36.75,48
980352,122544,3824.71,85.92,0.00,48
980352,122544,3667.00,82.67,1.92,48
980352,122544,-894.50,20.77,59.74,48
980736,122592,-277.13,22.97,38.43,48
980736,122592,3542.71,88.63,34.73,48
980736,122592,-2665.38,86.79,477.17,48
980736,122592,3653.14,85.05,6.08,48
980736,122592,535.13,21.13,3.88,48
980736,122592,-648.80,17.60,46.41,48
980736,122592,3890.94,85.78,0.00,48
980736,122592,3844.11,85.65,0.28,48
981120,122640,3545.05,82.16,6.47,48
981120,122640,3935.47,86.81,0.05,48
981120,122640,-183.46,19.78,32.57,48
981120,122640,3632.38,86.56,17.26,48
981120,122640,1688.67,87.15,163.83,48
981120,122640,3710.95,88.47,21.87,48
981120,122640,2240.12,89.09,131.08,48
981120,122640,-2741.17,24.59,132.65,48
981504,122688,252.72,21.95,17.97,48
981504,122688,3705.08,83.81,0.07,48
981504,122688,-11422.96,19.62,458.51,48
981504,122688,3221.91,87.96,53.22,48
981504,122688,3774.39,88.63,20.32,48
981504,122688,-8247.48,21.25,336.15,48
981504,122688,3534.47,85.28,22.07,48
981504,122688,3670.80,86.03,9.43,48
981888,122736,3895.22,87.24,1.73,48
981888,122736,3917.13,86.95,0.00,48
981888,122736,1944.41,88.25,152.04,48
981888,122736,3614.62,85.21,13.89,48
981888,122736,-3761.90,23.75,172.66,48
981888,122736,2404.00,87.14,109.66,48
981888,122736,820.59,23.68,0.56,48
981888,122736,-2439.12,21.91,118.22,48
982272,122784,-11631.78,20.96,468.59,48
982272,122784,1256.75,86.30,188.97,48
982272,122784,270.13,21.10,17.74,48
982272,122784,-1750.05,20.35,88.71,48
982272,122784,3518.09,88.27,37.12,48
982272,122784,3947.92,88.30,0.57,48
982272,122784,618.93,20.30,2.26,48
982272,122784,3831.27,85.20,1.24,48
982656,122832,3876.50,86.92,4.37,48
982656,122832,2948.85,86.18,59.47,48
982656,122832,752.45,22.95,3.17,48
982656,122832,366.79,21.64,14.20,48
982656,122832,3817.64,83.89,0.33,48
982656,122832,638.08,18.50,0.00,48
982656,122832,3532.91,85.49,20.40,48
982656,122832,4023.41,87.71,0.00,48
983040,122880,146.27,26.07,26.49,48
983040,122880,2357.03,85.80,107.17,48
983040,122880,1389.84,82.98,165.18,48
983040,122880,3921.72,86.66,0.00,48
983040,122880,3270.03,83.07,31.46,48
983040,122880,97.10,83.59,260.23,48
983040,122880,1341.13,85.14,175.80,48
983040,122880,3805.08,85.12,2.09,48
983424,122928,-578.38,23.47,47.55,48
983424,122928,3841.00,85.52,0.00,48
983424,122928,3913.54,87.19,1.21,48
983424,122928,1893.66,86.16,143.24,48
983424,122928,3933.14,88.31,4.01,48
983424,122928,3114.11,82.34,40.64,48
983424,122928,-1477.67,19.42,78.30,48
983424,122928,-2892.89,25.56,140.67,48
983808,122976,-941.27,19.38,57.79,48
983808,122976,708.11,22.12,0.28,48
983808,122976,3902.47,87.75,4.16,48
983808,122976,3800.15,84.25,0.00,48
983808,122976,-1550.52,20.48,82.18,48
983808,122976,3334.85,84.90,30.97,48
983808,122976,3838.91,86.15,0.00,48
983808,122976,1567.31,83.82,154.31,48
984192,123024,3676.46,85.64,8.29,48
984192,123024,1863.19,87.00,146.54,48
984192,123024,-4658.56,23.73,204.49,48
984192,123024,3659.93,84.78,6.55,48
984192,123024,3316.48,86.69,42.53,48
984192,123024,3481.57,85.42,21.98,48
984192,123024,4043.53,88.95,1.56,48
984192,123024,3962.87,88.93,3.96,48
984576,123072,2928.73,85.90,64.39,48
984576,123072,3927.99,87.45,2.70,48
984576,123072,3988.81,88.24,0.00,48
984576,123072,3538.03,87.57,29.33,48
984576,123072,3784.84,85.84,5.69,48
984576,123072,-2590.48,19.34,120.57,48
984576,123072,3898.89,86.92,2.65,48
984576,123072,2421.22,87.55,108.01,48
984960,123120,4053.54,88.86,0.71,48
984960,123120,2543.47,87.28,103.73,48
984960,123120,425.99,89.53,263.86,48
984960,123120,501.45,18.55,2.23,48
984960,123120,2877.93,89.13,87.92,48
984960,123120,3676.59,84.59,5.59,48
984960,123120,713.62,22.81,2.34,48
984960,123120,-25.27,21.81,26.94,48
985344,123168,3778.01,88.90,20.02,48
985344,123168,2951.92,86.96,72.20,48
985344,123168,185.59,21.07,16.99,48
985344,123168,3698.41,84.69,3.50,48
985344,123168,-1922.39,20.15,97.02,48
985344,123168,568.93,19.70,1.38,48
985344,123168,1498.54,84.64,160.76,48
985344,123168,3057.05,86.40,54.82,48
985728,123216,3087.19,85.96,55.07,48
985728,123216,3228.77,85.03,38.64,48
985728,123216,3605.31,85.54,16.69,48
985728,123216,3251.30,85.63,44.27,48
985728,123216,690.06,21.47,0.00,48
985728,123216,757.28,22.86,1.48,48
985728,123216,383.15,19.82,8.74,48
985728,123216,-3949.08,22.77,176.60,48
986112,123264,-1321.63,22.41,77.59,48
986112,123264,3962.44,88.36,3.03,48
986112,123264,631.13,21.69,1.28,48
986112,123264,689.40,18.75,0.00,48
986112,123264,3579.94,87.77,24.66,48
986112,123264,-2884.72,22.49,139.46,48
986112,123264,2829.17,85.82,69.68,48
986112,123264,-4921.20,24.02,214.32,48
986496,123312,3989.40,88.71,2.94,48
986496,123312,547.74,19.45,1.43,48
986496,123312,3004.28,88.61,79.05,48
986496,123312,3941.34,89.89,16.23,48
986496,123312,459.24,22.97,7.63,48
986496,123312,3553.10,86.50,23.34,48
986496,123312,3623.73,84.44,8.45,48
986496,123312,627.83,21.83,2.80,48
986880,123360,-561.75,19.61,44.65,48
986880,123360,222.14,21.25,18.10,48
986880,123360,3773.41,85.17,1.01,48
986880,123360,-2803.54,87.05,481.28,48
986880,123360,3723.11,83.55,0.00,48
986880,123360,2537.80,85.63,90.23,48
986880,123360,-6535.44,18.92,271.95,48
986880,123360,3646.11,84.76,11.04,48
987264,123408,3827.51,86.16,1.21,48
987264,123408,4021.85,90.13,9.90,48
987264,123408,1742.88,85.90,152.51,48
987264,123408,-7915.91,19.92,327.61,48
987264,123408,-1168.99,24.51,72.49,48
987264,123408,3872.36,86.54,3.86,48
987264,123408,2530.10,87.47,102.11,48
987264,123408,3755.16,84.52,1.88,48
987648,123456,1814.48,85.69,146.50,48
987648,123456,-469.62,20.25,41.62,48
987648,123456,1791.04,90.12,166.65,48
987648,123456,-10188.65,22.91,413.38,48
987648,123456,3835.87,86.40,0.47,48
987648,123456,3882.92,87.95,6.60,48
987648,123456,3330.03,85.52,34.64,48
987648,123456,2636.41,84.39,82.38,48
988032,123504,3783.04,85.35,3.27,48
988032,123504,2707.11,86.73,86.08,48
988032,123504,487.45,19.76,2.81,48
988032,123504,2356.78,87.07,113.42,48
988032,123504,-4330.88,21.90,190.90,48
988032,123504,3463.09,84.93,23.19,48
988032,123504,3487.17,84.40,20.79,48
988032,123504,3597.90,82.75,1.12,48
988416,123552,504.04,19.46,5.63,48
988416,123552,3515.96,85.04,19.95,48
988416,123552,3728.74,86.26,9.43,48
988416,123552,-404.87,18.04,33.84,48
988416,123552,3569.15,82.32,3.54,48
988416,123552,3697.31,84.53,1.34,48
988416,123552,-1624.31,86.56,400.95,48
988416,123552,3558.73,82.57,8.09,48
988800,123600,1115.26,86.23,197.25,48
988800,123600,3967.13,86.73,0.47,48
988800,123600,484.54,19.48,5.06,48
988800,123600,-3201.46,22.00,148.50,48
988800,123600,3072.51,84.38,54.10,48
988800,123600,192.56,20.42,16.51,48
988800,123600,-3018.54,20.56,139.16,48
988800,123600,487.08,22.80,8.21,48
989184,123648,3692.01,82.80,0.38,48
989184,123648,2580.86,87.43,94.65,48
989184,123648,-866.30,18.74,56.36,48
989184,123648,3246.06,85.20,41.24,48
989184,123648,3793.50,86.03,2.65,48
989184,123648,3592.74,85.21,17.74,48
989184,123648,3797.86,86.50,6.65,48
989184,123648,3898.98,86.16,0.00,48
989568,123696,671.28,20.82,0.00,48
989568,123696,2227.29,86.84,121.57,48
989568,123696,-871.39,23.14,61.17,48
989568,123696,2609.61,85.53,91.16,48
989568,123696,3513.29,89.07,40.66,48
989568,123696,3187.10,86.11,49.28,48
989568,123696,3838.08,86.52,6.58,48
989568,123696,3697.16,84.43,4.65,48
989952,123744,-819.41,22.96,60.26,48
989952,123744,2390.35,88.04,114.01,48
989952,123744,3834.54,85.69,1.54,48
989952,123744,-859.11,19.48,52.75,48
989952,123744,4007.21,88.83,1.89,48
989952,123744,3786.26,85.21,3.37,48
989952,123744,666.24,22.85,1.78,48
989952,123744,3654.88,84.99,8.01,48
990336,123792,-12089.92,20.97,483.94,48
990336,123792,4059.97,88.34,3.33,48
990336,123792,3761.21,85.34,3.03,48
990336,123792,2488.91,83.60,88.84,48
990336,123792,3853.00,86.14,0.37,48
990336,123792,668.46,23.04,1.72,48
990336,123792,3342.77,85.84,34.97,48
990336,123792,3796.60,84.63,0.25,48
990720,123840,3879.37,87.86,6.81,48
990720,123840,430.45,19.74,7.05,48
990720,123840,3862.91,87.31,6.59,48
990720,123840,-827.84,20.11,54.69,48
990720,123840,-4110.24,22.47,183.51,48
990720,123840,629.48,23.01,3.03,48
990720,123840,3871.72,87.62,3.27,48
990720,123840,185.19,18.45,14.70,48
991104,123888,3911.37,86.57,0.00,48
991104,123888,513.07,18.82,2.83,48
991104,123888,2042.70,89.20,148.93,48
991104,123888,530.13,16.46,0.07,48
991104,123888,2217.01,84.21,108.63,48
991104,123888,-1399.06,21.09,78.79,48
991104,123888,3857.35,85.62,0.00,48
991104,123888,3575.16,87.89,28.26,48
991488,123936,-303.81,23.00,40.84,48
991488,123936,2605.79,86.86,95.36,48
991488,123936,3914.22,86.11,0.00,48
991488,123936,3461.24,81.20,9.12,48
991488,123936,3564.94,86.28,23.91,48
991488,123936,3889.90,86.45,0.88,48
991488,123936,3764.97,85.15,2.26,48
991488,123936,-3016.32,23.28,142.60,48
991872,123984,3669.95,83.11,0.32,48
991872,123984,3569.12,85.90,20.92,48
991872,123984,3691.63,88.07,24.02,48
991872,123984,3814.92,85.49,0.00,48
991872,123984,3910.83,86.80,0.62,48
991872,123984,3788.06,84.55,0.81,48
991872,123984,-1554.53,26.06,91.27,48
991872,123984,3817.87,85.70,7.23,48
992256,124032,3686.55,83.47,0.76,48
992256,124032,3949.78,86.97,0.00,48
992256,124032,-3635.40,88.40,550.49,48
992256,124032,-1546.09,20.67,85.22,48
992256,124032,3844.57,85.48,0.09,48
992256,124032,549.08,19.52,3.17,48
992256,124032,529.11,18.75,0.47,48
992256,124032,3423.99,85.03,26.78,48
992640,124080,-4638.43,22.35,203.33,48
992640,124080,3776.79,86.83,12.30,48
992640,124080,2087.93,87.99,137.58,48
992640,124080,3827.22,85.14,0.00,48
992640,124080,-247.40,18.64,32.58,48
992640,124080,3866.21,87.21,0.00,48
992640,124080,-1317.92,22.22,76.87,48
992640,124080,3428.64,86.53,35.32,48
993024,124128,3892.80,86.79,2.09,48
993024,124128,3800.62,84.66,3.09,48
993024,124128,3721.87,84.43,2.86,48
993024,124128,656.20,21.75,3.22,48
993024,124128,511.10,18.55,2.98,48
993024,124128,1367.52,88.01,187.90,48
993024,124128,2504.82,87.82,105.57,48
993024,124128,648.19,21.25,2.73,48
993408,124176,3933.92,88.09,2.56,48
993408,124176,3478.66,82.13,13.62,48
993408,124176,3746.09,84.49,1.63,48
993408,124176,3362.00,85.62,32.45,48
993408,124176,75.12,23.27,26.54,48
993408,124176,3886.02,87.24,0.88,48
993408,124176,440.52,21.66,8.31,48
993408,124176,3610.58,85.31,13.48,48
993792,124224,3530.15,88.38,31.66,48
993792,124224,3829.47,85.20,0.88,48
993792,124224,548.65,19.26,0.34,48
993792,124224,3113.80,84.66,45.09,48
993792,124224,2238.71,84.74,110.08,48
993792,124224,3536.54,86.28,22.98,48
993792,124224,-9050.32,21.67,368.51,48
993792,124224,635.95,20.96,0.00,48
994176,124272,3446.85,83.72,20.56,48
994176,124272,3822.63,84.89,0.57,48
994176,124272,3885.07,86.46,0.78,48
994176,124272,-632.97,89.94,344.08,48
994176,124272,3692.27,84.03,4.61,48
994176,124272,2282.78,86.45,117.18,48
994176,124272,2086.51,88.22,140.60,48
994176,124272,3100.40,82.30,45.97,48
994560,124320,25.24,20.75,24.78,48
994560,124320,3995.47,87.83,1.83,48
994560,124320,3039.61,87.65,65.71,48
994560,124320,563.50,19.49,1.60,48
994560,124320,3555.22,86.33,21.54,48
994560,124320,1602.56,84.49,157.49,48
994560,124320,3382.69,86.34,37.93,48
994560,124320,3465.20,84.42,21.30,48
994944,124368,3185.64,84.63,41.50,48
994944,124368,3787.01,86.21,3.21,48
994944,124368,3646.43,87.37,22.48,48
994944,124368,3668.89,86.36,13.07,48
994944,124368,3821.98,85.96,0.00,48
994944,124368,951.18,86.41,211.54,48
994944,124368,3276.85,87.59,44.83,48
994944,124368,3104.92,86.64,54.88,48
995328,124416,3779.80,87.93,15.24,48
995328,124416,217.13,17.46,9.38,48
995328,124416,-125.10,22.50,34.84,48
995328,124416,-741.18,23.25,58.51,48
995328,124416,3863.16,85.96,0.39,48
995328,124416,-3571.84,85.44,529.78,48
995328,124416,3663.32,86.67,17.32,48
995328,124416,2317.60,86.80,117.77,48
995712,124464,235.30,20.08,13.20,48
995712,124464,3927.79,87.60,3.99,48
995712,124464,3908.26,88.38,7.86,48
995712,124464,2059.43,85.30,126.44,48
995712,124464,-14055.79,22.74,556.06,48
995712,124464,3639.92,86.53,14.84,48
995712,124464,3745.69,84.44,6.43,48
995712,124464,3598.18,82.26,0.23,48
996096,124512,1242.66,85.40,185.79,48
996096,124512,3818.41,85.06,0.84,48
996096,124512,-2306.63,22.12,112.79,48
996096,124512,2107.21,86.84,128.92,48
996096,124512,4047.83,89.00,0.72,48
996096,124512,3293.52,87.90,51.14,48
996096,124512,3780.52,86.82,8.31,48
996096,124512,3927.98,86.37,0.19,48
996480,124560,4012.90,88.24,1.88,48
996480,124560,3951.11,87.01,0.26,48
996480,124560,-3773.64,20.32,165.86,48
996480,124560,-346.33,24.54,38.66,48
996480,124560,-250.57,21.01,34.13,48
996480,124560,3627.64,84.14,8.94,48
996480,124560,2776.16,85.83,74.88,48
996480,124560,1366.84,89.72,194.60,48
996864,124608,3764.81,85.56,5.03,48
996864,124608,749.93,22.71,1.53,48
996864,124608,4084.45,89.27,1.37,48
996864,124608,-1882.82,22.66,97.17,48
996864,124608,3629.53,82.25,0.74,48
996864,124608,-1716.61,21.34,92.67,48
996864,124608,3965.92,88.17,0.00,48
996864,124608,3832.97,85.87,1.63,48
997248,124656,-11735.43,19.88,469.68,48
997248,124656,-1872.86,20.56,95.40,48
997248,124656,2529.28,87.62,104.79,48
997248,124656,3624.76,88.53,24.54,48
997248,124656,3892.59,88.37,4.19,48
997248,124656,-3743.95,24.34,173.91,48
997248,124656,680.94,21.68,0.10,48
997248,124656,3974.83,87.96,1.28,48
997632,124704,2055.10,86.44,135.01,48
997632,124704,3755.52,84.85,0.19,48
997632,124704,3439.35,86.61,36.05,48
997632,124704,3760.24,87.31,13.27,48
997632,124704,1860.35,84.74,140.66,48
997632,124704,1429.72,87.63,186.13,48
997632,124704,-97.88,22.31,29.95,48
997632,124704,3823.28,85.73,1.56,48
998016,124752,551.03,21.43,5.40,48
998016,124752,1405.82,85.11,173.11,48
998016,124752,3324.71,86.10,38.03,48
998016,124752,393.75,22.74,13.96,48
998016,124752,1527.84,85.37,164.98,48
998016,124752,3845.43,87.68,7.77,48
998016,124752,-10541.28,23.77,430.08,48
998016,124752,3700.01,85.62,10.49,48
998400,124800,1417.96,86.13,175.44,48
998400,124800,636.30,20.74,0.00,48
998400,124800,662.88,19.43,0.00,48
998400,124800,3138.65,87.45,52.77,48
998400,124800,3785.95,88.94,17.05,48
998400,124800,3210.73,88.09,54.19,48
998400,124800,-1600.15,22.29,85.46,48
998400,124800,419.35,17.96,5.36,48
998784,124848,2966.71,84.88,54.34,48
998784,124848,-2267.64,20.26,112.10,48
998784,124848,3950.97,87.47,0.05,48
998784,124848,240.04,18.71,11.19,48
998784,124848,2070.79,84.00,123.17,48
998784,124848,-2770.31,23.50,131.20,48
998784,124848,2186.46,88.43,130.73,48
998784,124848,515.34,22.01,7.04,48
999168,124896,772.46,22.49,0.18,48
999168,124896,3969.04,86.69,0.69,48
999168,124896,1372.43,83.84,167.03,48
999168,124896,-4410.05,23.41,194.12,48
999168,124896,3405.00,84.72,30.59,48
999168,124896,3651.01,90.95,38.97,48
999168,124896,128.12,19.70,16.54,48
999168,124896,3773.67,85.02,0.78,48
999552,124944,3665.01,86.68,20.07,48
999552,124944,3401.22,84.66,27.69,48
999552,124944,3367.77,84.57,25.38,48
999552,124944,3876.61,86.57,0.60,48
999552,124944,-1263.72,17.64,68.18,48
999552,124944,-930.14,24.19,64.32,48
999552,124944,682.10,20.50,0.80,48
999552,124944,3411.97,85.98,29.78,48
999936,124992,2169.63,87.15,126.11,48
999936,124992,2550.91,86.12,99.19,48
999936,124992,-2193.30,22.19,111.52,48
999936,124992,-3544.41,20.60,158.17,48
999936,124992,3625.02,85.34,11.54,48
999936,124992,-1431.17,84.59,369.26,48
999936,124992,4083.07,88.91,0.00,48
999936,124992,3582.17,86.80,24.09,48
1000320,125040,2963.17,84.93,53.06,48
1000320,125040,345.06,21.25,15.29,48
1000320,125040,-2059.14,24.95,105.00,48
1000320,125040,3714.79,85.70,9.19,48
1000320,125040,4037.31,88.41,0.00,48
1000320,125040,-3499.21,86.32,533.71,48
1000320,125040,3326.52,84.29,29.96,48
1000320,125040,2233.39,85.16,111.78,48
1000704,125088,4076.90,88.90,0.00,48
1000704,125088,3942.58,87.15,1.37,48
1000704,125088,245.57,23.04,19.13,48
1000704,125088,488.99,18.85,3.14,48
1000704,125088,1905.78,85.32,140.63,48
1000704,125088,2317.17,86.24,109.41,48
1000704,125088,3922.63,86.92,0.19,48
1000704,125088,3849.85,85.78,0.43,48
1001088,125136,3993.05,88.94,2.41,48
1001088,125136,694.06,21.83,0.19,48
1001088,125136,3072.39,86.81,66.17,48
1001088,125136,-356.22,17.25,31.78,48
1001088,125136,-3825.12,19.88,166.80,48
1001088,125136,2097.00,84.98,120.96,48
1001088,125136,579.51,20.43,0.89,48
1001088,125136,2288.25,84.49,109.53,48
1001472,125184,3993.78,88.67,4.00,48
1001472,125184,-335.49,20.49,35.64,48
1001472,125184,86.37,23.82,24.95,48
1001472,125184,2658.82,87.70,92.49,48
1001472,125184,3472.54,83.27,14.34,48
1001472,125184,3580.42,88.47,30.27,48
1001472,125184,-294.98,22.83,38.12,48
1001472,125184,2516.83,87.19,99.64,48
1001856,125232,2884.08,84.48,67.78,48
1001856,125232,477.45,23.01,10.99,48
1001856,125232,491.88,23.30,10.19,48
1001856,125232,2527.80,83.73,86.85,48
1001856,125232,3323.07,84.06,30.87,48
1001856,125232,444.07,22.00,8.92,48
1001856,125232,3664.16,82.68,0.62,48
1001856,125232,-2826.95,85.58,476.00,48
1002240,125280,3660.79,86.01,16.60,48
1002240,125280,3787.94,86.48,6.21,48
1002240,125280,3803.27,86.24,3.11,48
1002240,125280,951.52,88.04,218.18,48
1002240,125280,15.23,21.42,24.69,48
1002240,125280,3886.32,86.08,0.47,48
1002240,125280,-1828.44,86.94,416.35,48
1002240,125280,2152.50,83.03,105.56,48
1002624,125328,3312.18,87.21,46.96,48
1002624,125328,3468.98,88.05,38.34,48
1002624,125328,3213.04,86.43,49.53,48
1002624,125328,3742.10,87.66,12.92,48
1002624,125328,2623.67,84.79,81.10,48
1002624,125328,3372.03,85.01,34.44,48
1002624,125328,4037.92,88.52,0.05,48
1002624,125328,3988.84,88.13,1.17,48
1003008,125376,4036.17,88.77,0.00,48
1003008,125376,626.91,20.87,1.29,48
1003008,125376,3814.32,85.42,0.62,48
1003008,125376,341.95,20.45,9.85,48
1003008,125376,-1284.15,22.86,74.68,48
1003008,125376,3974.06,88.81,7.00,48
1003008,125376,-7457.18,20.80,308.13,48
1003008,125376,-905.63,17.77,55.79,48
1003392,125424,-2101.55,23.36,107.70,48
1003392,125424,1283.03,88.35,195.65,48
1003392,125424,3393.93,87.27,39.12,48
1003392,125424,3506.99,86.43,28.62,48
1003392,125424,3189.64,84.53,42.95,48
1003392,125424,3769.22,86.75,11.37,48
1003392,125424,3893.52,87.32,2.89,48
1003392,125424,3826.18,86.33,6.04,48
1003776,125472,703.95,22.12,0.57,48
1003776,125472,3525.04,86.20,24.24,48
1003776,125472,3727.04,83.87,2.09,48
1003776,125472,-829.01,21.80,59.41,48
1003776,125472,2633.18,85.45,83.69,48
1003776,125472,3863.89,86.20,0.31,48
1003776,125472,3093.69,83.81,45.15,48
1003776,125472,3357.62,86.98,40.16,48
1004160,125520,3589.98,87.92,26.50,48
1004160,125520,3888.65,86.67,2.56,48
1004160,125520,3773.20,87.45,12.45,48
1004160,125520,2661.71,87.29,92.82,48
1004160,125520,3861.06,86.06,1.57,48
1004160,125520,3698.89,87.27,21.78,48
1004160,125520,3590.39,81.46,0.00,48
1004160,125520,3344.47,86.91,39.45,48
1004544,125568,-4306.81,24.18,193.05,48
1004544,125568,3708.83,85.48,10.91,48
1004544,125568,610.20,22.04,2.41,48
1004544,125568,3820.84,85.91,6.00,48
1004544,125568,653.55,19.76,0.96,48
1004544,125568,3427.72,83.69,23.30,48
1004544,125568,3921.85,89.98,13.41,48
1004544,125568,-258.28,22.05,34.52,48
1004928,125616,3941.52,86.98,2.42,48
1004928,125616,-6022.58,26.11,261.07,48
1004928,125616,1771.94,85.14,147.23,48
1004928,125616,3624.26,86.26,17.88,48
1004928,125616,3887.05,85.43,0.10,48
1004928,125616,3485.18,85.70,23.93,48
1004928,125616,3865.92,87.23,4.82,48
1004928,125616,1184.18,84.06,181.18,48
1005312,125664,3966.19,88.35,3.54,48
1005312,125664,-2754.24,83.01,465.20,48
1005312,125664,3737.18,87.05,13.69,48
1005312,125664,1209.54,87.66,200.29,48
1005312,125664,3014.06,86.03,58.52,48
1005312,125664,2748.89,84.76,77.30,48
1005312,125664,3667.09,85.36,8.01,48
1005312,125664,-417.05,20.72,43.18,48
1005696,125712,1682.90,86.24,156.81,48
1005696,125712,3324.15,88.44,49.42,48
1005696,125712,2035.84,85.09,135.48,48
1005696,125712,3658.59,85.20,15.72,48
1005696,125712,3407.77,86.86,35.56,48
1005696,125712,3394.35,89.40,49.25,48
1005696,125712,2308.79,83.67,102.09,48
1005696,125712,1886.86,84.13,135.96,48
1006080,125760,712.41,21.97,0.83,48
1006080,125760,-266.02,21.01,36.44,48
1006080,125760,529.91,23.06,4.24,48
1006080,125760,-995.94,24.03,64.08,48
1006080,125760,2743.98,84.13,73.18,48
1006080,125760,3821.33,86.75,4.42,48
1006080,125760,434.91,21.63,8.08,48
1006080,125760,114.71,23.08,24.77,48
1006464,125808,3814.58,87.39,8.28,48
1006464,125808,3252.14,86.48,47.56,48
1006464,125808,1085.90,87.52,203.69,48
1006464,125808,335.56,23.45,14.08,48
1006464,125808,-2516.38,20.76,119.98,48
1006464,125808,2504.27,84.98,94.34,48
1006464,125808,3412.20,87.50,39.56,48
1006464,125808,-3294.09,20.88,153.40,48
1006848,125856,3419.52,88.55,43.29,48
1006848,125856,4045.27,88.98,2.12,48
1006848,125856,3952.13,87.44,0.32,48
1006848,125856,-2935.59,19.89,134.22,48
1006848,125856,584.39,20.10,0.00,48
1006848,125856,2844.42,83.50,61.99,48
1006848,125856,2866.55,86.14,71.50,48
1006848,125856,3713.19,83.65,0.00,48
1007232,125904,2375.47,87.05,111.94,48
1007232,125904,3610.53,88.33,28.85,48
1007232,125904,-870.80,24.40,61.78,48
1007232,125904,-26.79,18.39,19.39,48
1007232,125904,3955.48,88.30,5.57,48
1007232,125904,561.24,19.80,2.15,48
1007232,125904,-1874.35,21.56,99.82,48
1007232,125904,3266.07,85.13,36.83,48
1007616,125952,3541.06,87.25,26.24,48
1007616,125952,3500.61,84.74,14.97,48
1007616,125952,58.18,23.32,28.83,48
1007616,125952,1569.88,85.23,158.19,48
1007616,125952,643.71,20.18,0.30,48
1007616,125952,-2297.32,18.84,109.19,48
1007616,125952,3877.57,86.02,0.35,48
1007616,125952,3766.09,84.67,0.00,48
1008000,126000,3908.57,87.21,1.42,48
1008000,126000,3138.70,84.70,46.53,48
1008000,126000,654.39,20.15,0.00,48
1008000,126000,-1207.94,18.12,66.49,48
1008000,126000,1978.33,89.29,150.60,48
1008000,126000,2410.80,88.89,118.24,48
1008000,126000,3511.20,88.50,39.52,48
1008000,126000,2160.03,84.88,113.06,48
1008384,126048,-961.62,88.45,354.04,48
1008384,126048,-2113.00,20.27,104.78,48
1008384,126048,-69.51,82.23,265.06,48
1008384,126048,1862.44,86.51,144.94,48
1008384,126048,2114.15,87.86,136.20,48
1008384,126048,3849.17,86.13,0.87,48
1008384,126048,3938.68,88.06,2.20,48
1008384,126048,3758.02,85.08,4.66,48
1008768,126096,3918.28,87.33,2.01,48
1008768,126096,640.42,23.01,0.58,48
1008768,126096,259.85,22.93,15.98,48
1008768,126096,257.67,21.79,15.93,48
1008768,126096,3989.75,88.14,2.53,48
1008768,126096,3823.64,85.65,1.01,48
1008768,126096,3318.84,83.74,28.35,48
1008768,126096,3962.21,87.81,0.57,48
1009152,126144,3974.00,88.55,1.54,48
1009152,126144,3964.78,86.31,0.01,48
1009152,126144,429.15,19.57,5.79,48
1009152,126144,3984.02,87.08,0.00,48
1009152,126144,3458.59,83.54,19.35,48
1009152,126144,768.59,22.94,1.21,48
1009152,126144,2977.98,84.42,53.46,48
1009152,126144,3841.15,85.70,1.43,48
1009536,126192,3762.99,85.46,0.27,48
1009536,126192,626.09,20.14,1.98,48
1009536,126192,4.99,19.54,23.82,48
1009536,126192,3556.88,86.96,21.18,48
1009536,126192,3388.40,85.91,33.84,48
1009536,126192,3674.93,82.49,1.12,48
1009536,126192,593.98,22.39,5.68,48
1009536,126192,3942.15,88.27,4.20,48
1009920,126240,3818.33,86.78,5.78,48
1009920,126240,534.24,19.52,1.94,48
1009920,126240,3523.34,83.05,15.98,48
1009920,126240,2798.58,90.27,96.51,48
1009920,126240,-10577.05,18.19,421.76,48
1009920,126240,691.46,21.57,1.78,48
1009920,126240,-2253.38,17.45,104.44,48
1009920,126240,3014.42,87.95,71.36,48
1010304,126288,1856.73,84.57,139.60,48
1010304,126288,3697.43,84.17,2.64,48
1010304,126288,-5352.89,23.29,231.63,48
1010304,126288,-3882.90,21.09,170.25,48
1010304,126288,3531.80,81.62,3.27,48
1010304,126288,1173.43,86.79,193.93,48
1010304,126288,403.01,21.24,9.94,48
1010304,126288,1479.30,86.88,171.99,48
1010688,126336,-4490.88,22.05,197.53,48
1010688,126336,3779.19,84.07,0.33,48
1010688,126336,3648.42,87.76,23.01,48
1010688,126336,-368.09,23.62,43.74,48
1010688,126336,3784.25,86.19,9.94,48
1010688,126336,3064.97,85.33,54.23,48
1010688,126336,3840.89,86.21,0.00,48
1010688,126336,3386.55,86.47,40.12,48
1011072,126384,3715.45,83.37,3.99,48
1011072,126384,3399.88,85.74,25.18,48
1011072,126384,3316.34,83.08,22.56,48
1011072,126384,2709.21,85.22,76.83,48
1011072,126384,3928.12,87.15,3.54,48
1011072,126384,2598.30,84.86,87.59,48
1011072,126384,-1001.35,21.88,60.84,48
1011072,126384,2184.88,90.69,139.56,48
1011456,126432,504.11,17.72,2.87,48
1011456,126432,3025.74,84.29,50.32,48
1011456,126432,3373.61,85.14,33.39,48
1011456,126432,216.38,19.80,14.42,48
1011456,126432,411.69,19.86,9.13,48
1011456,126432,2645.11,88.72,99.08,48
1011456,126432,3796.90,87.27,9.92,48
1011456,126432,-2028.34,22.62,103.74,48
1011840,126480,-2624.28,22.27,125.42,48
1011840,126480,-2944.51,23.51,141.61,48
1011840,126480,-251.64,21.45,39.76,48
1011840,126480,3641.12,86.61,19.13,48
1011840,126480,-2590.96,22.80,125.86,48
1011840,126480,3916.71,86.71,0.23,48
1011840,126480,-2464.10,21.42,120.90,48
1011840,126480,3854.05,86.11,0.72,48
1012224,126528,-797.36,21.70,55.91,48
1012224,126528,1423.75,87.73,183.05,48
1012224,126528,3437.13,84.50,25.74,48
1012224,126528,1515.59,86.37,171.27,48
1012224,126528,520.49,20.64,7.67,48
1012224,126528,4062.26,88.94,1.06,48
1012224,126528,-1354.76,20.48,73.08,48
1012224,126528,3707.31,83.48,1.01,48
1012608,126576,1593.83,86.77,169.80,48
1012608,126576,3895.66,87.38,2.31,48
1012608,126576,3299.96,88.38,50.95,48
1012608,126576,732.35,21.39,0.47,48
1012608,126576,3950.30,87.40,0.00,48
1012608,126576,-130.33,19.23,30.35,48
1012608,126576,1874.42,88.52,151.15,48
1012608,126576,3828.42,86.36,3.37,48
1012992,126624,3412.82,82.51,16.00,48
1012992,126624,3714.07,85.38,8.13,48
1012992,126624,3848.89,87.25,3.40,48
1012992,126624,3607.26,87.05,20.24,48
1012992,126624,-410.35,22.19,37.68,48
1012992,126624,-833.78,86.61,338.19,48
1012992,126624,3822.69,84.90,0.60,48
1012992,126624,631.38,18.71,0.00,48
1013376,126672,3749.90,86.27,12.15,48
1013376,126672,3910.52,86.68,1.68,48
1013376,126672,2407.13,84.74,97.66,48
1013376,126672,-328.44,21.41,39.00,48
1013376,126672,-4032.24,23.30,183.59,48
1013376,126672,2733.86,86.99,87.97,48
1013376,126672,2799.47,85.01,68.87,48
1013376,126672,411.41,20.97,8.63,48
1013760,126720,1895.50,88.80,155.34,48
1013760,126720,2150.45,88.36,136.44,48
1013760,126720,410.28,19.18,7.53,48
1013760,126720,-2858.58,19.35,132.67,48
1013760,126720,3940.38,86.61,0.00,48
1013760,126720,-38.43,17.38,22.86,48
1013760,126720,3342.08,88.32,46.95,48
1013760,126720,3719.66,87.90,19.40,48
1014144,126768,3540.98,85.03,20.62,48
1014144,126768,1380.62,88.77,188.16,48
1014144,126768,3828.73,85.80,0.88,48
1014144,126768,686.61,21.81,0.05,48
1014144,126768,-9880.90,22.29,399.06,48
1014144,126768,744.92,22.98,0.86,48
1014144,126768,-2563.20,19.15,120.52,48
1014144,126768,414.03,21.51,8.46,48
1014528,126816,3545.76,82.61,12.39,48
1014528,126816,103.11,20.78,20.66,48
1014528,126816,3795.34,87.54,9.64,48
1014528,126816,3250.92,86.13,45.01,48
1014528,126816,3852.13,88.27,11.45,48
1014528,126816,579.42,20.30,0.31,48
1014528,126816,1875.56,88.21,152.60,48
1014528,126816,3699.21,84.83,7.68,48
1014912,126864,2583.19,86.56,93.44,48
1014912,126864,3973.77,88.61,2.30,48
1014912,126864,293.61,19.47,11.17,48
1014912,126864,2992.61,85.70,64.39,48
1014912,126864,3040.74,88.28,66.54,48
1014912,126864,3785.88,84.93,0.78,48
1014912,126864,3905.39,87.43,6.97,48
1014912,126864,3859.51,87.02,3.61,48
1015296,126912,-6766.23,19.45,281.74,48
1015296,126912,2109.15,84.69,120.67,48
1015296,126912,-3730.94,22.28,172.50,48
1015296,126912,2002.95,83.67,125.69,48
1015296,126912,-2495.09,21.31,120.26,48
1015296,126912,3391.43,86.55,35.68,48
1015296,126912,3558.74,86.38,19.39,48
1015296,126912,3920.70,87.49,5.80,48
1015680,126960,3735.44,84.25,0.00,48
1015680,126960,4034.26,88.76,1.21,48
1015680,126960,-730.65,85.63,332.97,48
1015680,126960,209.74,23.10,20.95,48
1015680,126960,571.03,21.86,3.50,48
1015680,126960,2893.27,87.92,80.23,48
1015680,126960,-3167.93,20.60,145.69,48
1015680,126960,3915.99,87.33,0.39,48
