Method,Video,Episode,Chunk,Action_proposed,Applied_Action,Bitrate_kbps_proposed,Throughput_kbps,Buffer_Before,Buffer_After,Rebuffer_s_proposed,VMAF_proposed,Smooth_Penalty,Step_QoE_proposed,Shield_Intervened,Shield_Rate,Action_genie,Bitrate_kbps_genie,Rebuffer_s_genie,VMAF_genie,Step_QoE_genie,QoE_diff,Rebuf_diff,Action_match
Proposed_ShieldedQoE,bigbuckbunny,0,0,1,0,300,1126.0,1.17,4.0,0.524,66.58,0.0,64.33,1,1.0,1,750,3.073,83.73,70.52,-6.189999999999998,-2.549,0
Proposed_ShieldedQoE,bigbuckbunny,0,1,0,0,300,892.4,4.0,7.13,0.0,66.58,0.0,66.58,0,0.5,1,750,0.0,83.73,83.73,-17.150000000000006,0.0,0
Proposed_ShieldedQoE,bigbuckbunny,0,2,4,4,2850,941.8,7.13,9.21,0.0,97.11,30.53,66.58,0,0.3333333333333333,1,750,0.0,83.73,83.73,-17.150000000000006,0.0,0
Proposed_ShieldedQoE,bigbuckbunny,0,3,1,1,750,463.6,9.21,9.03,0.0,83.73,13.38,70.35,0,0.25,1,750,0.0,83.73,83.73,-13.38000000000001,0.0,1
Proposed_ShieldedQoE,bigbuckbunny,0,4,1,1,750,1052.0,9.03,10.15,0.0,83.73,0.0,83.73,0,0.2,1,750,0.0,83.73,83.73,0.0,0.0,1
Proposed_ShieldedQoE,bigbuckbunny,0,5,1,1,750,355.7,10.15,10.38,0.0,83.73,0.0,83.73,0,0.16666666666666666,1,750,0.0,83.73,83.73,0.0,0.0,1
Proposed_ShieldedQoE,bigbuckbunny,0,6,1,1,750,952.1,10.38,12.3,0.0,83.73,0.0,83.73,0,0.14285714285714285,1,750,0.0,83.73,83.73,0.0,0.0,1
Proposed_ShieldedQoE,bigbuckbunny,0,7,1,1,750,1023.8,12.3,14.84,0.0,83.73,0.0,83.73,0,0.125,1,750,0.0,83.73,83.73,0.0,0.0,1
Proposed_ShieldedQoE,bigbuckbunny,0,8,1,1,750,960.6,14.84,14.35,0.0,83.73,0.0,83.73,0,0.1111111111111111,1,750,0.0,83.73,83.73,0.0,0.0,1
Proposed_ShieldedQoE,bigbuckbunny,0,9,1,1,750,955.9,14.35,16.88,0.0,83.73,0.0,83.73,0,0.1,1,750,0.0,83.73,83.73,0.0,0.0,1
Proposed_ShieldedQoE,bigbuckbunny,0,10,1,1,750,880.2,16.88,19.05,0.0,83.73,0.0,83.73,0,0.09090909090909091,1,750,0.0,83.73,83.73,0.0,0.0,1
Proposed_ShieldedQoE,bigbuckbunny,0,11,1,1,750,1063.0,19.05,19.89,0.0,83.73,0.0,83.73,0,0.08333333333333333,1,750,0.0,83.73,83.73,0.0,0.0,1
Proposed_ShieldedQoE,bigbuckbunny,0,12,1,1,750,934.7,19.89,17.72,0.0,83.73,0.0,83.73,0,0.07692307692307693,1,750,0.0,83.73,83.73,0.0,0.0,1
Proposed_ShieldedQoE,bigbuckbunny,0,13,1,1,750,994.6,17.72,17.76,0.0,83.73,0.0,83.73,0,0.07142857142857142,1,750,0.0,83.73,83.73,0.0,0.0,1
Proposed_ShieldedQoE,bigbuckbunny,0,14,1,1,750,1000.9,17.76,17.45,0.0,83.73,0.0,83.73,0,0.06666666666666667,1,750,0.0,83.73,83.73,0.0,0.0,1
Proposed_ShieldedQoE,bigbuckbunny,0,15,1,1,750,858.9,17.45,16.51,0.0,83.73,0.0,83.73,0,0.0625,1,750,0.0,83.73,83.73,0.0,0.0,1
Proposed_ShieldedQoE,bigbuckbunny,0,16,1,1,750,1103.0,16.51,14.16,0.0,83.73,0.0,83.73,0,0.058823529411764705,1,750,0.0,83.73,83.73,0.0,0.0,1
Proposed_ShieldedQoE,bigbuckbunny,0,17,1,1,750,966.8,14.16,14.1,0.0,83.73,0.0,83.73,0,0.05555555555555555,1,750,0.0,83.73,83.73,0.0,0.0,1
Proposed_ShieldedQoE,bigbuckbunny,0,18,1,1,750,810.4,14.1,15.45,0.0,83.73,0.0,83.73,0,0.05263157894736842,1,750,0.0,83.73,83.73,0.0,0.0,1
Proposed_ShieldedQoE,bigbuckbunny,0,19,1,1,750,971.9,15.45,16.56,0.0,83.73,0.0,83.73,0,0.05,1,750,0.0,83.73,83.73,0.0,0.0,1
Proposed_ShieldedQoE,bigbuckbunny,0,20,1,1,750,704.0,16.56,12.86,0.0,83.73,0.0,83.73,0,0.047619047619047616,1,750,0.0,83.73,83.73,0.0,0.0,1
Proposed_ShieldedQoE,bigbuckbunny,0,21,1,1,750,1036.7,12.86,14.52,0.0,83.73,0.0,83.73,0,0.045454545454545456,2,1200,0.0,90.34,83.73,0.0,0.0,0
Proposed_ShieldedQoE,bigbuckbunny,0,22,1,1,750,1087.5,14.52,16.65,0.0,83.73,0.0,83.73,0,0.043478260869565216,2,1200,0.0,90.34,90.34,-6.609999999999999,0.0,0
Proposed_ShieldedQoE,bigbuckbunny,0,23,1,1,750,1111.3,16.65,18.69,0.0,83.73,0.0,83.73,0,0.041666666666666664,2,1200,0.0,90.34,90.34,-6.609999999999999,0.0,0
Proposed_ShieldedQoE,bigbuckbunny,0,24,1,1,750,1138.6,18.69,19.58,0.0,83.73,0.0,83.73,0,0.04,2,1200,0.0,90.34,90.34,-6.609999999999999,0.0,0
Proposed_ShieldedQoE,bigbuckbunny,0,25,5,5,6000,1073.9,19.58,20.44,0.0,97.14,13.41,83.73,0,0.038461538461538464,2,1200,0.0,90.34,90.34,-6.609999999999999,0.0,0
Proposed_ShieldedQoE,bigbuckbunny,0,26,2,2,1200,1065.4,20.44,21.39,0.0,90.34,6.8,83.54,0,0.037037037037037035,2,1200,0.0,90.34,90.34,-6.799999999999997,0.0,1
Proposed_ShieldedQoE,bigbuckbunny,0,27,2,2,1200,984.5,21.39,22.74,0.0,90.34,0.0,90.34,0,0.03571428571428571,2,1200,0.0,90.34,90.34,0.0,0.0,1
Proposed_ShieldedQoE,bigbuckbunny,0,28,2,2,1200,824.4,22.74,20.19,0.0,90.34,0.0,90.34,0,0.034482758620689655,1,750,0.0,83.73,77.12,13.219999999999999,0.0,0
Proposed_ShieldedQoE,bigbuckbunny,0,29,2,2,1200,1037.6,20.19,20.38,0.0,90.34,0.0,90.34,0,0.03333333333333333,1,750,0.0,83.73,83.73,6.609999999999999,0.0,0
Proposed_ShieldedQoE,bigbuckbunny,0,30,2,2,1200,1055.3,20.38,19.55,0.0,90.34,0.0,90.34,0,0.03225806451612903,1,750,0.0,83.73,83.73,6.609999999999999,0.0,0
Proposed_ShieldedQoE,bigbuckbunny,0,31,2,2,1200,1126.0,19.55,19.35,0.0,90.34,0.0,90.34,0,0.03125,1,750,0.0,83.73,83.73,6.609999999999999,0.0,0
Proposed_ShieldedQoE,bigbuckbunny,0,32,2,2,1200,892.4,19.35,11.6,0.0,90.34,0.0,90.34,0,0.030303030303030304,1,750,0.0,83.73,83.73,6.609999999999999,0.0,0
Proposed_ShieldedQoE,bigbuckbunny,0,33,2,2,1200,941.8,11.6,12.14,0.0,90.34,0.0,90.34,0,0.029411764705882353,1,750,0.0,83.73,83.73,6.609999999999999,0.0,0
Proposed_ShieldedQoE,bigbuckbunny,0,34,2,2,1200,463.6,12.14,4.0,0.844,90.34,0.0,86.71,0,0.02857142857142857,1,750,0.0,83.73,83.73,2.9799999999999898,0.844,0
Proposed_ShieldedQoE,bigbuckbunny,0,35,0,0,300,1052.0,4.0,5.24,0.0,66.58,23.76,42.82,0,0.027777777777777776,1,750,0.0,83.73,83.73,-40.910000000000004,0.0,0
Proposed_ShieldedQoE,bigbuckbunny,0,36,1,0,300,355.7,5.24,4.0,2.368,66.58,0.0,56.4,1,0.05405405405405406,1,750,3.657,83.73,68.0,-11.600000000000001,-1.2890000000000001,0
Proposed_ShieldedQoE,bigbuckbunny,0,37,0,0,300,952.1,4.0,6.92,0.0,66.58,0.0,66.58,0,0.05263157894736842,1,750,0.0,83.73,83.73,-17.150000000000006,0.0,0
Proposed_ShieldedQoE,bigbuckbunny,0,38,0,0,300,1023.8,6.92,9.74,0.0,66.58,0.0,66.58,0,0.05128205128205128,1,750,0.0,83.73,83.73,-17.150000000000006,0.0,0
Proposed_ShieldedQoE,bigbuckbunny,0,39,4,4,2850,960.6,9.74,10.07,0.0,97.11,30.53,66.58,0,0.05,1,750,0.0,83.73,83.73,-17.150000000000006,0.0,0
Proposed_ShieldedQoE,bigbuckbunny,0,40,1,1,750,955.9,10.07,9.3,0.0,83.73,13.38,70.35,0,0.04878048780487805,1,750,0.0,83.73,83.73,-13.38000000000001,0.0,1
Proposed_ShieldedQoE,bigbuckbunny,0,41,1,1,750,880.2,9.3,10.16,0.0,83.73,0.0,83.73,0,0.047619047619047616,1,750,0.0,83.73,83.73,0.0,0.0,1
Proposed_ShieldedQoE,bigbuckbunny,0,42,1,1,750,1063.0,10.16,12.59,0.0,83.73,0.0,83.73,0,0.046511627906976744,3,1850,0.0,95.49,83.73,0.0,0.0,0
Proposed_ShieldedQoE,bigbuckbunny,0,43,5,5,6000,934.7,12.59,14.42,0.0,97.14,13.41,83.73,0,0.045454545454545456,3,1850,0.0,95.49,95.49,-11.759999999999991,0.0,0
Proposed_ShieldedQoE,bigbuckbunny,0,44,2,2,1200,994.6,14.42,14.05,0.0,90.34,6.8,83.54,0,0.044444444444444446,3,1850,0.0,95.49,95.49,-11.949999999999989,0.0,0
Proposed_ShieldedQoE,bigbuckbunny,0,45,2,2,1200,1000.9,14.05,15.27,0.0,90.34,0.0,90.34,0,0.043478260869565216,3,1850,0.0,95.49,95.49,-5.1499999999999915,0.0,0
Proposed_ShieldedQoE,bigbuckbunny,0,46,2,2,1200,858.9,15.27,15.86,0.0,90.34,0.0,90.34,0,0.0425531914893617,3,1850,0.711,95.49,92.43,-2.0900000000000034,-0.711,0
Proposed_ShieldedQoE,bigbuckbunny,0,47,2,2,1200,1103.0,15.86,17.06,0.0,90.34,0.0,90.34,0,0.041666666666666664,3,1850,0.325,95.49,94.09,-3.75,-0.325,0
Proposed_ShieldedQoE,bigbuckbunny,1,0,0,0,300,587.0,2.88,4.0,0.382,66.58,0.0,64.94,0,0.0,0,300,0.382,66.58,64.94,0.0,0.0,1
Proposed_ShieldedQoE,bigbuckbunny,1,1,0,0,300,787.1,4.0,7.01,0.0,66.58,0.0,66.58,0,0.0,1,750,0.0,83.73,66.58,0.0,0.0,0
Proposed_ShieldedQoE,bigbuckbunny,1,2,4,4,2850,677.6,7.01,8.35,0.0,97.11,30.53,66.58,0,0.0,1,750,0.0,83.73,83.73,-17.150000000000006,0.0,0
Proposed_ShieldedQoE,bigbuckbunny,1,3,1,1,750,650.6,8.35,9.37,0.0,83.73,13.38,70.35,0,0.0,1,750,0.0,83.73,83.73,-13.38000000000001,0.0,1
Proposed_ShieldedQoE,bigbuckbunny,1,4,1,1,750,725.7,9.37,9.2,0.0,83.73,0.0,83.73,0,0.0,1,750,0.0,83.73,83.73,0.0,0.0,1
Proposed_ShieldedQoE,bigbuckbunny,1,5,1,1,750,824.8,9.2,11.57,0.0,83.73,0.0,83.73,0,0.0,1,750,0.0,83.73,83.73,0.0,0.0,1
Proposed_ShieldedQoE,bigbuckbunny,1,6,1,1,750,252.3,11.57,7.73,0.0,83.73,0.0,83.73,0,0.0,1,750,0.0,83.73,83.73,0.0,0.0,1
Proposed_ShieldedQoE,bigbuckbunny,1,7,1,1,750,761.1,7.73,9.75,0.0,83.73,0.0,83.73,0,0.0,1,750,0.0,83.73,83.73,0.0,0.0,1
Proposed_ShieldedQoE,bigbuckbunny,1,8,1,1,750,502.5,9.75,5.17,0.0,83.73,0.0,83.73,0,0.0,1,750,0.32,83.73,82.35,1.3800000000000097,-0.32,1
Proposed_ShieldedQoE,bigbuckbunny,1,9,1,1,750,618.3,5.17,6.9,0.0,83.73,0.0,83.73,0,0.0,1,750,0.0,83.73,83.73,0.0,0.0,1
Proposed_ShieldedQoE,bigbuckbunny,1,10,1,1,750,583.5,6.9,8.14,0.0,83.73,0.0,83.73,0,0.0,1,750,0.0,83.73,83.73,0.0,0.0,1
Proposed_ShieldedQoE,bigbuckbunny,1,11,1,1,750,488.0,8.14,5.25,0.0,83.73,0.0,83.73,0,0.0,1,750,0.0,83.73,83.73,0.0,0.0,1
Proposed_ShieldedQoE,bigbuckbunny,1,12,0,0,300,778.7,5.25,6.29,0.0,66.58,17.15,49.43,0,0.0,1,750,3.325,83.73,69.43,-20.000000000000007,-3.325,0
Proposed_ShieldedQoE,bigbuckbunny,1,13,0,0,300,653.2,6.29,7.88,0.0,66.58,0.0,66.58,0,0.0,1,750,2.027,83.73,75.02,-8.439999999999998,-2.027,0
Proposed_ShieldedQoE,bigbuckbunny,1,14,0,0,300,587.3,7.88,8.94,0.0,66.58,0.0,66.58,0,0.0,1,750,3.337,83.73,69.38,-2.799999999999997,-3.337,0
Proposed_ShieldedQoE,bigbuckbunny,1,15,0,0,300,472.8,8.94,9.35,0.0,66.58,0.0,66.58,0,0.0,1,750,4.983,83.73,62.3,4.280000000000001,-4.983,0
Proposed_ShieldedQoE,bigbuckbunny,1,16,0,0,300,790.7,9.35,9.81,0.0,66.58,0.0,66.58,0,0.0,1,750,4.862,83.73,62.83,3.75,-4.862,0
Proposed_ShieldedQoE,bigbuckbunny,1,17,1,1,750,576.4,9.81,7.01,0.0,83.73,17.15,66.58,0,0.0,1,750,2.799,83.73,71.69,-5.109999999999999,-2.799,1
Proposed_ShieldedQoE,bigbuckbunny,1,18,1,1,750,793.4,7.01,8.3,0.0,83.73,0.0,83.73,0,0.0,1,750,0.0,83.73,83.73,0.0,0.0,1
Proposed_ShieldedQoE,bigbuckbunny,1,19,1,1,750,446.8,8.3,6.01,0.0,83.73,0.0,83.73,0,0.0,1,750,1.001,83.73,79.43,4.299999999999997,-1.001,1
Proposed_ShieldedQoE,bigbuckbunny,1,20,0,0,300,561.7,6.01,6.14,0.0,66.58,17.15,49.43,0,0.0,1,750,5.653,83.73,59.42,-9.990000000000002,-5.653,0
Proposed_ShieldedQoE,bigbuckbunny,1,21,0,0,300,529.7,6.14,8.31,0.0,66.58,0.0,66.58,0,0.0,1,750,0.576,83.73,81.25,-14.670000000000002,-0.576,0
Proposed_ShieldedQoE,bigbuckbunny,1,22,0,0,300,362.6,8.31,10.07,0.0,66.58,0.0,66.58,0,0.0,1,750,1.597,83.73,76.86,-10.280000000000001,-1.597,0
Proposed_ShieldedQoE,bigbuckbunny,1,23,0,0,300,712.6,10.07,12.85,0.0,66.58,0.0,66.58,0,0.0,1,750,0.0,83.73,83.73,-17.150000000000006,0.0,0
Proposed_ShieldedQoE,bigbuckbunny,1,24,0,0,300,475.3,12.85,13.87,0.0,66.58,0.0,66.58,0,0.0,1,750,2.505,83.73,72.96,-6.3799999999999955,-2.505,0
Proposed_ShieldedQoE,bigbuckbunny,1,25,1,1,750,474.9,13.87,13.43,0.0,83.73,17.15,66.58,0,0.0,1,750,0.443,83.73,81.82,-15.239999999999995,-0.443,1
Proposed_ShieldedQoE,bigbuckbunny,1,26,1,1,750,616.4,13.43,14.13,0.0,83.73,0.0,83.73,0,0.0,1,750,0.0,83.73,83.73,0.0,0.0,1
Proposed_ShieldedQoE,bigbuckbunny,1,27,1,1,750,428.1,14.13,14.33,0.0,83.73,0.0,83.73,0,0.0,1,750,0.0,83.73,83.73,0.0,0.0,1
Proposed_ShieldedQoE,bigbuckbunny,1,28,1,1,750,475.6,14.33,11.24,0.0,83.73,0.0,83.73,0,0.0,1,750,2.194,83.73,74.3,9.430000000000007,-2.194,1
Proposed_ShieldedQoE,bigbuckbunny,1,29,1,1,750,809.7,11.24,12.18,0.0,83.73,0.0,83.73,0,0.0,1,750,0.0,83.73,83.73,0.0,0.0,1
Proposed_ShieldedQoE,bigbuckbunny,1,30,1,1,750,699.9,12.18,11.63,0.0,83.73,0.0,83.73,0,0.0,1,750,0.0,83.73,83.73,0.0,0.0,1
Proposed_ShieldedQoE,bigbuckbunny,1,31,1,1,750,420.5,11.63,8.6,0.0,83.73,0.0,83.73,0,0.0,1,750,2.637,83.73,72.39,11.340000000000003,-2.637,1
Proposed_ShieldedQoE,bigbuckbunny,1,32,0,0,300,473.9,8.6,7.07,0.0,66.58,17.15,49.43,0,0.0,1,750,9.831,83.73,41.46,7.969999999999999,-9.831,0
Proposed_ShieldedQoE,bigbuckbunny,1,33,0,0,300,654.6,7.07,9.82,0.0,66.58,0.0,66.58,0,0.0,1,750,0.0,83.73,83.73,-17.150000000000006,0.0,0
Proposed_ShieldedQoE,bigbuckbunny,1,34,0,0,300,689.7,9.82,11.64,0.0,66.58,0.0,66.58,0,0.0,1,750,0.563,83.73,81.31,-14.730000000000004,-0.563,0
Proposed_ShieldedQoE,bigbuckbunny,1,35,1,1,750,677.2,11.64,11.36,0.0,83.73,17.15,66.58,0,0.0,1,750,0.285,83.73,82.5,-15.920000000000002,-0.285,1
Proposed_ShieldedQoE,bigbuckbunny,1,36,1,1,750,444.9,11.36,4.0,3.852,83.73,0.0,67.17,0,0.0,1,750,11.208,83.73,35.54,31.630000000000003,-7.356,1
Proposed_ShieldedQoE,bigbuckbunny,1,37,1,1,750,795.5,4.0,4.75,0.0,83.73,0.0,83.73,0,0.0,1,750,0.0,83.73,83.73,0.0,0.0,1
Proposed_ShieldedQoE,bigbuckbunny,1,38,1,1,750,664.8,4.75,4.23,0.0,83.73,0.0,83.73,0,0.0,1,750,0.0,83.73,83.73,0.0,0.0,1
Proposed_ShieldedQoE,bigbuckbunny,1,39,1,1,750,743.5,4.23,4.0,0.503,83.73,0.0,81.57,0,0.0,1,750,0.503,83.73,81.57,0.0,0.0,1
Proposed_ShieldedQoE,bigbuckbunny,1,40,1,1,750,649.3,4.0,4.0,3.027,83.73,0.0,70.71,0,0.0,1,750,3.027,83.73,70.71,0.0,0.0,1
Proposed_ShieldedQoE,bigbuckbunny,1,41,1,1,750,598.7,4.0,4.0,0.623,83.73,0.0,81.05,0,0.0,1,750,0.623,83.73,81.05,0.0,0.0,1
Proposed_ShieldedQoE,bigbuckbunny,1,42,1,1,750,981.2,4.0,6.31,0.0,83.73,0.0,83.73,0,0.0,2,1200,0.0,90.34,83.73,0.0,0.0,0
Proposed_ShieldedQoE,bigbuckbunny,1,43,1,1,750,1001.1,6.31,9.04,0.0,83.73,0.0,83.73,0,0.0,2,1200,0.0,90.34,90.34,-6.609999999999999,0.0,0
Proposed_ShieldedQoE,bigbuckbunny,1,44,1,1,750,505.3,9.04,7.66,0.0,83.73,0.0,83.73,0,0.0,2,1200,1.347,90.34,84.55,-0.8199999999999932,-1.347,0
Proposed_ShieldedQoE,bigbuckbunny,1,45,1,1,750,571.6,7.66,8.61,0.0,83.73,0.0,83.73,0,0.0,2,1200,0.871,90.34,86.6,-2.8699999999999903,-0.871,0
Proposed_ShieldedQoE,bigbuckbunny,1,46,1,1,750,594.1,8.61,9.54,0.0,83.73,0.0,83.73,0,0.0,2,1200,0.918,90.34,86.39,-2.6599999999999966,-0.918,0
Proposed_ShieldedQoE,bigbuckbunny,1,47,1,1,750,930.5,9.54,11.46,0.0,83.73,0.0,83.73,0,0.0,2,1200,0.0,90.34,90.34,-6.609999999999999,0.0,0
Proposed_ShieldedQoE,bigbuckbunny,2,0,1,0,300,1126.0,1.25,4.0,0.453,66.58,0.0,64.63,1,1.0,1,750,3.001,83.73,70.83,-6.200000000000003,-2.548,0
Proposed_ShieldedQoE,bigbuckbunny,2,1,4,3,1850,892.4,4.0,5.81,0.0,95.49,28.91,66.58,1,1.0,1,750,0.0,83.73,83.73,-17.150000000000006,0.0,0
Proposed_ShieldedQoE,bigbuckbunny,2,2,1,1,750,941.8,5.81,7.9,0.0,83.73,11.76,71.97,0,0.6666666666666666,1,750,0.0,83.73,83.73,-11.760000000000005,0.0,1
Proposed_ShieldedQoE,bigbuckbunny,2,3,1,1,750,463.6,7.9,7.72,0.0,83.73,0.0,83.73,0,0.5,1,750,0.0,83.73,83.73,0.0,0.0,1
Proposed_ShieldedQoE,bigbuckbunny,2,4,1,1,750,1052.0,7.72,8.84,0.0,83.73,0.0,83.73,0,0.4,1,750,0.0,83.73,83.73,0.0,0.0,1
Proposed_ShieldedQoE,bigbuckbunny,2,5,1,1,750,355.7,8.84,9.07,0.0,83.73,0.0,83.73,0,0.3333333333333333,1,750,0.0,83.73,83.73,0.0,0.0,1
Proposed_ShieldedQoE,bigbuckbunny,2,6,1,1,750,952.1,9.07,10.99,0.0,83.73,0.0,83.73,0,0.2857142857142857,1,750,0.0,83.73,83.73,0.0,0.0,1
Proposed_ShieldedQoE,bigbuckbunny,2,7,1,1,750,1023.8,10.99,13.53,0.0,83.73,0.0,83.73,0,0.25,1,750,0.0,83.73,83.73,0.0,0.0,1
Proposed_ShieldedQoE,bigbuckbunny,2,8,1,1,750,960.6,13.53,13.04,0.0,83.73,0.0,83.73,0,0.2222222222222222,1,750,0.0,83.73,83.73,0.0,0.0,1
Proposed_ShieldedQoE,bigbuckbunny,2,9,1,1,750,955.9,13.04,15.57,0.0,83.73,0.0,83.73,0,0.2,1,750,0.0,83.73,83.73,0.0,0.0,1
Proposed_ShieldedQoE,bigbuckbunny,2,10,5,5,6000,880.2,15.57,16.64,0.0,97.14,13.41,83.73,0,0.18181818181818182,1,750,0.0,83.73,83.73,0.0,0.0,0
Proposed_ShieldedQoE,bigbuckbunny,2,11,2,2,1200,1063.0,16.64,15.59,0.0,90.34,6.8,83.54,0,0.16666666666666666,1,750,0.0,83.73,83.73,-0.18999999999999773,0.0,0
Proposed_ShieldedQoE,bigbuckbunny,2,12,2,2,1200,934.7,15.59,9.71,0.0,90.34,0.0,90.34,0,0.15384615384615385,1,750,0.0,83.73,83.73,6.609999999999999,0.0,0
Proposed_ShieldedQoE,bigbuckbunny,2,13,0,0,300,994.6,9.71,9.75,0.0,66.58,23.76,42.82,0,0.14285714285714285,1,750,0.0,83.73,83.73,-40.910000000000004,0.0,0
Proposed_ShieldedQoE,bigbuckbunny,2,14,1,1,750,1000.9,9.75,9.44,0.0,83.73,17.15,66.58,0,0.13333333333333333,1,750,0.0,83.73,83.73,-17.150000000000006,0.0,1
Proposed_ShieldedQoE,bigbuckbunny,2,15,1,1,750,858.9,9.44,8.5,0.0,83.73,0.0,83.73,0,0.125,1,750,0.0,83.73,83.73,0.0,0.0,1
Proposed_ShieldedQoE,bigbuckbunny,2,16,1,1,750,1103.0,8.5,6.15,0.0,83.73,0.0,83.73,0,0.11764705882352941,1,750,0.0,83.73,83.73,0.0,0.0,1
Proposed_ShieldedQoE,bigbuckbunny,2,17,1,1,750,966.8,6.15,6.09,0.0,83.73,0.0,83.73,0,0.1111111111111111,1,750,0.0,83.73,83.73,0.0,0.0,1
Proposed_ShieldedQoE,bigbuckbunny,2,18,1,1,750,810.4,6.09,7.44,0.0,83.73,0.0,83.73,0,0.10526315789473684,1,750,0.0,83.73,83.73,0.0,0.0,1
Proposed_ShieldedQoE,bigbuckbunny,2,19,1,1,750,971.9,7.44,8.55,0.0,83.73,0.0,83.73,0,0.1,1,750,0.0,83.73,83.73,0.0,0.0,1
Proposed_ShieldedQoE,bigbuckbunny,2,20,1,1,750,704.0,8.55,4.85,0.0,83.73,0.0,83.73,0,0.09523809523809523,1,750,0.0,83.73,83.73,0.0,0.0,1
Proposed_ShieldedQoE,bigbuckbunny,2,21,1,1,750,1036.7,4.85,6.51,0.0,83.73,0.0,83.73,0,0.09090909090909091,2,1200,0.0,90.34,83.73,0.0,0.0,0
Proposed_ShieldedQoE,bigbuckbunny,2,22,1,1,750,1087.5,6.51,8.64,0.0,83.73,0.0,83.73,0,0.08695652173913043,2,1200,0.0,90.34,90.34,-6.609999999999999,0.0,0
Proposed_ShieldedQoE,bigbuckbunny,2,23,1,1,750,1111.3,8.64,10.68,0.0,83.73,0.0,83.73,0,0.08333333333333333,2,1200,0.0,90.34,90.34,-6.609999999999999,0.0,0
Proposed_ShieldedQoE,bigbuckbunny,2,24,1,1,750,1138.6,10.68,11.57,0.0,83.73,0.0,83.73,0,0.08,2,1200,0.0,90.34,90.34,-6.609999999999999,0.0,0
Proposed_ShieldedQoE,bigbuckbunny,2,25,1,1,750,1073.9,11.57,13.61,0.0,83.73,0.0,83.73,0,0.07692307692307693,2,1200,0.0,90.34,90.34,-6.609999999999999,0.0,0
Proposed_ShieldedQoE,bigbuckbunny,2,26,1,1,750,1065.4,13.61,15.7,0.0,83.73,0.0,83.73,0,0.07407407407407407,2,1200,0.0,90.34,90.34,-6.609999999999999,0.0,0
Proposed_ShieldedQoE,bigbuckbunny,2,27,5,5,6000,984.5,15.7,17.06,0.0,97.14,13.41,83.73,0,0.07142857142857142,2,1200,0.0,90.34,90.34,-6.609999999999999,0.0,0
Proposed_ShieldedQoE,bigbuckbunny,2,28,2,2,1200,824.4,17.06,14.51,0.0,90.34,6.8,83.54,0,0.06896551724137931,1,750,0.0,83.73,77.12,6.420000000000002,0.0,0
Proposed_ShieldedQoE,bigbuckbunny,2,29,2,2,1200,1037.6,14.51,14.69,0.0,90.34,0.0,90.34,0,0.06666666666666667,1,750,0.0,83.73,83.73,6.609999999999999,0.0,0
Proposed_ShieldedQoE,bigbuckbunny,2,30,2,2,1200,1055.3,14.69,13.87,0.0,90.34,0.0,90.34,0,0.06451612903225806,1,750,0.0,83.73,83.73,6.609999999999999,0.0,0
Proposed_ShieldedQoE,bigbuckbunny,2,31,2,2,1200,1126.0,13.87,13.66,0.0,90.34,0.0,90.34,0,0.0625,1,750,0.0,83.73,83.73,6.609999999999999,0.0,0
Proposed_ShieldedQoE,bigbuckbunny,2,32,2,2,1200,892.4,13.66,5.91,0.0,90.34,0.0,90.34,0,0.06060606060606061,1,750,0.0,83.73,83.73,6.609999999999999,0.0,0
Proposed_ShieldedQoE,bigbuckbunny,2,33,1,1,750,941.8,5.91,7.75,0.0,83.73,6.61,77.12,0,0.058823529411764705,1,750,0.0,83.73,83.73,-6.609999999999999,0.0,1
Proposed_ShieldedQoE,bigbuckbunny,2,34,1,1,750,463.6,7.75,4.0,0.365,83.73,0.0,82.16,0,0.05714285714285714,1,750,0.0,83.73,83.73,-1.5700000000000074,0.365,1
Proposed_ShieldedQoE,bigbuckbunny,2,35,1,1,750,1052.0,4.0,5.24,0.0,83.73,0.0,83.73,0,0.05555555555555555,1,750,0.0,83.73,83.73,0.0,0.0,1
Proposed_ShieldedQoE,bigbuckbunny,2,36,1,0,300,355.7,5.24,4.0,2.368,66.58,17.15,39.25,1,0.08108108108108109,1,750,3.657,83.73,68.0,-28.75,-1.2890000000000001,0
Proposed_ShieldedQoE,bigbuckbunny,2,37,0,0,300,952.1,4.0,6.92,0.0,66.58,0.0,66.58,0,0.07894736842105263,1,750,0.0,83.73,83.73,-17.150000000000006,0.0,0
Proposed_ShieldedQoE,bigbuckbunny,2,38,0,0,300,1023.8,6.92,9.74,0.0,66.58,0.0,66.58,0,0.07692307692307693,1,750,0.0,83.73,83.73,-17.150000000000006,0.0,0
Proposed_ShieldedQoE,bigbuckbunny,2,39,4,4,2850,960.6,9.74,10.07,0.0,97.11,30.53,66.58,0,0.075,1,750,0.0,83.73,83.73,-17.150000000000006,0.0,0
Proposed_ShieldedQoE,bigbuckbunny,2,40,1,1,750,955.9,10.07,9.3,0.0,83.73,13.38,70.35,0,0.07317073170731707,1,750,0.0,83.73,83.73,-13.38000000000001,0.0,1
Proposed_ShieldedQoE,bigbuckbunny,2,41,1,1,750,880.2,9.3,10.16,0.0,83.73,0.0,83.73,0,0.07142857142857142,1,750,0.0,83.73,83.73,0.0,0.0,1
Proposed_ShieldedQoE,bigbuckbunny,2,42,1,1,750,1063.0,10.16,12.59,0.0,83.73,0.0,83.73,0,0.06976744186046512,3,1850,0.0,95.49,83.73,0.0,0.0,0
Proposed_ShieldedQoE,bigbuckbunny,2,43,5,5,6000,934.7,12.59,14.42,0.0,97.14,13.41,83.73,0,0.06818181818181818,3,1850,0.0,95.49,95.49,-11.759999999999991,0.0,0
Proposed_ShieldedQoE,bigbuckbunny,2,44,2,2,1200,994.6,14.42,14.05,0.0,90.34,6.8,83.54,0,0.06666666666666667,3,1850,0.0,95.49,95.49,-11.949999999999989,0.0,0
Proposed_ShieldedQoE,bigbuckbunny,2,45,2,2,1200,1000.9,14.05,15.27,0.0,90.34,0.0,90.34,0,0.06521739130434782,3,1850,0.0,95.49,95.49,-5.1499999999999915,0.0,0
Proposed_ShieldedQoE,bigbuckbunny,2,46,2,2,1200,858.9,15.27,15.86,0.0,90.34,0.0,90.34,0,0.06382978723404255,3,1850,0.711,95.49,92.43,-2.0900000000000034,-0.711,0
Proposed_ShieldedQoE,bigbuckbunny,2,47,2,2,1200,1103.0,15.86,17.06,0.0,90.34,0.0,90.34,0,0.0625,3,1850,0.325,95.49,94.09,-3.75,-0.325,0
Proposed_ShieldedQoE,bigbuckbunny,3,0,1,0,300,1070.0,1.09,4.0,0.696,66.58,0.0,63.59,1,1.0,1,750,3.377,83.73,69.21,-5.61999999999999,-2.681,0
Proposed_ShieldedQoE,bigbuckbunny,3,1,4,4,2850,1465.1,4.0,6.67,0.0,97.11,30.53,66.58,0,0.5,1,750,0.0,83.73,83.73,-17.150000000000006,0.0,0
Proposed_ShieldedQoE,bigbuckbunny,3,2,1,1,750,835.4,6.67,8.51,0.0,83.73,13.38,70.35,0,0.3333333333333333,1,750,0.0,83.73,83.73,-13.38000000000001,0.0,1
Proposed_ShieldedQoE,bigbuckbunny,3,3,1,1,750,338.2,8.51,6.78,0.0,83.73,0.0,83.73,0,0.25,1,750,0.0,83.73,83.73,0.0,0.0,1
Proposed_ShieldedQoE,bigbuckbunny,3,4,1,1,750,799.4,6.78,6.99,0.0,83.73,0.0,83.73,0,0.2,1,750,0.0,83.73,83.73,0.0,0.0,1
Proposed_ShieldedQoE,bigbuckbunny,3,5,1,1,750,852.7,6.99,9.42,0.0,83.73,0.0,83.73,0,0.16666666666666666,1,750,0.0,83.73,83.73,0.0,0.0,1
Proposed_ShieldedQoE,bigbuckbunny,3,6,1,1,750,608.4,9.42,10.17,0.0,83.73,0.0,83.73,0,0.14285714285714285,1,750,0.0,83.73,83.73,0.0,0.0,1
Proposed_ShieldedQoE,bigbuckbunny,3,7,1,1,750,376.5,10.17,10.18,0.0,83.73,0.0,83.73,0,0.125,1,750,0.0,83.73,83.73,0.0,0.0,1
Proposed_ShieldedQoE,bigbuckbunny,3,8,1,1,750,1048.2,10.18,10.06,0.0,83.73,0.0,83.73,0,0.1111111111111111,1,750,0.0,83.73,83.73,0.0,0.0,1
Proposed_ShieldedQoE,bigbuckbunny,3,9,1,1,750,869.5,10.06,12.45,0.0,83.73,0.0,83.73,0,0.1,1,750,0.0,83.73,83.73,0.0,0.0,1
Proposed_ShieldedQoE,bigbuckbunny,3,10,1,1,750,861.3,12.45,14.58,0.0,83.73,0.0,83.73,0,0.09090909090909091,1,750,0.0,83.73,83.73,0.0,0.0,1
Proposed_ShieldedQoE,bigbuckbunny,3,11,1,1,750,846.7,14.58,14.61,0.0,83.73,0.0,83.73,0,0.08333333333333333,1,750,0.0,83.73,83.73,0.0,0.0,1
Proposed_ShieldedQoE,bigbuckbunny,3,12,1,1,750,598.8,14.61,8.97,0.0,83.73,0.0,83.73,0,0.07692307692307693,1,750,0.0,83.73,83.73,0.0,0.0,1
Proposed_ShieldedQoE,bigbuckbunny,3,13,1,1,750,608.7,8.97,6.51,0.0,83.73,0.0,83.73,0,0.07142857142857142,1,750,0.0,83.73,83.73,0.0,0.0,1
Proposed_ShieldedQoE,bigbuckbunny,3,14,1,1,750,797.1,6.51,5.1,0.0,83.73,0.0,83.73,0,0.06666666666666667,1,750,0.0,83.73,83.73,0.0,0.0,1
Proposed_ShieldedQoE,bigbuckbunny,3,15,1,1,750,1016.9,5.1,4.92,0.0,83.73,0.0,83.73,0,0.0625,1,750,0.0,83.73,83.73,0.0,0.0,1
Proposed_ShieldedQoE,bigbuckbunny,3,16,1,1,750,1018.2,4.92,4.0,1.958,83.73,0.0,75.31,0,0.058823529411764705,1,750,1.958,83.73,75.31,0.0,0.0,1
Proposed_ShieldedQoE,bigbuckbunny,3,17,1,1,750,1221.8,4.0,4.79,0.0,83.73,0.0,83.73,0,0.05555555555555555,1,750,0.0,83.73,83.73,0.0,0.0,1
Proposed_ShieldedQoE,bigbuckbunny,3,18,1,1,750,1244.0,4.79,7.06,0.0,83.73,0.0,83.73,0,0.05263157894736842,1,750,0.0,83.73,83.73,0.0,0.0,1
Proposed_ShieldedQoE,bigbuckbunny,3,19,1,1,750,967.8,7.06,8.16,0.0,83.73,0.0,83.73,0,0.05,1,750,0.0,83.73,83.73,0.0,0.0,1
Proposed_ShieldedQoE,bigbuckbunny,3,20,1,1,750,1259.1,8.16,7.85,0.0,83.73,0.0,83.73,0,0.047619047619047616,1,750,0.0,83.73,83.73,0.0,0.0,1
Proposed_ShieldedQoE,bigbuckbunny,3,21,1,1,750,1059.4,7.85,9.57,0.0,83.73,0.0,83.73,0,0.045454545454545456,2,1200,0.0,90.34,83.73,0.0,0.0,0
Proposed_ShieldedQoE,bigbuckbunny,3,22,1,1,750,1076.0,9.57,11.68,0.0,83.73,0.0,83.73,0,0.043478260869565216,2,1200,0.0,90.34,90.34,-6.609999999999999,0.0,0
Proposed_ShieldedQoE,bigbuckbunny,3,23,1,1,750,1209.8,11.68,13.88,0.0,83.73,0.0,83.73,0,0.041666666666666664,2,1200,0.0,90.34,90.34,-6.609999999999999,0.0,0
Proposed_ShieldedQoE,bigbuckbunny,3,24,1,1,750,901.4,13.88,13.95,0.0,83.73,0.0,83.73,0,0.04,2,1200,0.0,90.34,90.34,-6.609999999999999,0.0,0
Proposed_ShieldedQoE,bigbuckbunny,3,25,1,1,750,854.8,13.95,15.48,0.0,83.73,0.0,83.73,0,0.038461538461538464,2,1200,0.0,90.34,90.34,-6.609999999999999,0.0,0
Proposed_ShieldedQoE,bigbuckbunny,3,26,1,1,750,839.1,15.48,17.06,0.0,83.73,0.0,83.73,0,0.037037037037037035,2,1200,0.0,90.34,90.34,-6.609999999999999,0.0,0
Proposed_ShieldedQoE,bigbuckbunny,3,27,1,1,750,1088.7,17.06,19.57,0.0,83.73,0.0,83.73,0,0.03571428571428571,2,1200,0.0,90.34,90.34,-6.609999999999999,0.0,0
Proposed_ShieldedQoE,bigbuckbunny,3,28,1,1,750,1224.0,19.57,20.81,0.0,83.73,0.0,83.73,0,0.034482758620689655,2,1200,0.0,90.34,90.34,-6.609999999999999,0.0,0
Proposed_ShieldedQoE,bigbuckbunny,3,29,5,5,6000,1011.0,20.81,20.89,0.0,97.14,13.41,83.73,0,0.03333333333333333,2,1200,0.0,90.34,90.34,-6.609999999999999,0.0,0
Proposed_ShieldedQoE,bigbuckbunny,3,30,2,2,1200,1048.2,20.89,20.04,0.0,90.34,6.8,83.54,0,0.03225806451612903,1,750,0.0,83.73,77.12,6.420000000000002,0.0,0
Proposed_ShieldedQoE,bigbuckbunny,3,31,2,2,1200,1045.6,20.04,19.51,0.0,90.34,0.0,90.34,0,0.03125,1,750,0.0,83.73,83.73,6.609999999999999,0.0,0
Proposed_ShieldedQoE,bigbuckbunny,3,32,2,2,1200,876.3,19.51,11.54,0.0,90.34,0.0,90.34,0,0.030303030303030304,1,750,0.0,83.73,83.73,6.609999999999999,0.0,0
Proposed_ShieldedQoE,bigbuckbunny,3,33,2,2,1200,824.0,11.54,11.59,0.0,90.34,0.0,90.34,0,0.029411764705882353,1,750,0.0,83.73,83.73,6.609999999999999,0.0,0
Proposed_ShieldedQoE,bigbuckbunny,3,34,2,2,1200,1157.6,11.59,10.39,0.0,90.34,0.0,90.34,0,0.02857142857142857,1,750,0.0,83.73,83.73,6.609999999999999,0.0,0
Proposed_ShieldedQoE,bigbuckbunny,3,35,2,2,1200,894.8,10.39,9.2,0.0,90.34,0.0,90.34,0,0.027777777777777776,1,750,0.0,83.73,83.73,6.609999999999999,0.0,0
Proposed_ShieldedQoE,bigbuckbunny,3,36,0,0,300,1077.9,9.2,6.93,0.0,66.58,23.76,42.82,0,0.02702702702702703,1,750,0.0,83.73,83.73,-40.910000000000004,0.0,0
Proposed_ShieldedQoE,bigbuckbunny,3,37,1,1,750,1041.8,6.93,8.45,0.0,83.73,17.15,66.58,0,0.02631578947368421,2,1200,0.0,90.34,83.73,-17.150000000000006,0.0,0
Proposed_ShieldedQoE,bigbuckbunny,3,38,1,1,750,1157.7,8.45,9.85,0.0,83.73,0.0,83.73,0,0.02564102564102564,2,1200,0.0,90.34,90.34,-6.609999999999999,0.0,0
Proposed_ShieldedQoE,bigbuckbunny,3,39,1,1,750,1092.3,9.85,10.63,0.0,83.73,0.0,83.73,0,0.025,2,1200,0.0,90.34,90.34,-6.609999999999999,0.0,0
Proposed_ShieldedQoE,bigbuckbunny,3,40,1,1,750,948.7,10.63,9.82,0.0,83.73,0.0,83.73,0,0.024390243902439025,2,1200,0.089,90.34,89.96,-6.22999999999999,-0.089,0
Proposed_ShieldedQoE,bigbuckbunny,3,41,1,1,750,1176.1,9.82,11.46,0.0,83.73,0.0,83.73,0,0.023809523809523808,2,1200,0.0,90.34,90.34,-6.609999999999999,0.0,0
Proposed_ShieldedQoE,bigbuckbunny,3,42,1,1,750,954.2,11.46,13.72,0.0,83.73,0.0,83.73,0,0.023255813953488372,2,1200,0.0,90.34,90.34,-6.609999999999999,0.0,0
Proposed_ShieldedQoE,bigbuckbunny,3,43,5,5,6000,1010.0,13.72,15.71,0.0,97.14,13.41,83.73,0,0.022727272727272728,2,1200,0.0,90.34,90.34,-6.609999999999999,0.0,0
Proposed_ShieldedQoE,bigbuckbunny,3,44,2,2,1200,904.9,15.71,14.91,0.0,90.34,6.8,83.54,0,0.022222222222222223,2,1200,0.0,90.34,90.34,-6.799999999999997,0.0,1
Proposed_ShieldedQoE,bigbuckbunny,3,45,2,2,1200,896.6,14.91,15.8,0.0,90.34,0.0,90.34,0,0.021739130434782608,2,1200,0.0,90.34,90.34,0.0,0.0,1
Proposed_ShieldedQoE,bigbuckbunny,3,46,2,2,1200,742.8,15.8,15.87,0.0,90.34,0.0,90.34,0,0.02127659574468085,2,1200,0.0,90.34,90.34,0.0,0.0,1
Proposed_ShieldedQoE,bigbuckbunny,3,47,2,2,1200,427.9,15.87,12.64,0.0,90.34,0.0,90.34,0,0.020833333333333332,2,1200,0.0,90.34,90.34,0.0,0.0,1
Proposed_ShieldedQoE,bigbuckbunny,4,0,1,0,300,891.0,1.78,4.0,0.369,66.58,0.0,64.99,1,1.0,1,750,3.589,83.73,68.3,-3.3100000000000023,-3.2199999999999998,0
Proposed_ShieldedQoE,bigbuckbunny,4,1,0,0,300,891.2,4.0,7.12,0.0,66.58,0.0,66.58,0,0.5,1,750,0.0,83.73,83.73,-17.150000000000006,0.0,0
Proposed_ShieldedQoE,bigbuckbunny,4,2,4,4,2850,890.8,7.12,9.1,0.0,97.11,30.53,66.58,0,0.3333333333333333,1,750,0.0,83.73,83.73,-17.150000000000006,0.0,0
Proposed_ShieldedQoE,bigbuckbunny,4,3,1,1,750,879.8,9.1,10.9,0.0,83.73,13.38,70.35,0,0.25,1,750,0.0,83.73,83.73,-13.38000000000001,0.0,1
Proposed_ShieldedQoE,bigbuckbunny,4,4,1,1,750,841.8,10.9,11.3,0.0,83.73,0.0,83.73,0,0.2,1,750,0.0,83.73,83.73,0.0,0.0,1
Proposed_ShieldedQoE,bigbuckbunny,4,5,1,1,750,900.4,11.3,13.81,0.0,83.73,0.0,83.73,0,0.16666666666666666,1,750,0.0,83.73,83.73,0.0,0.0,1
Proposed_ShieldedQoE,bigbuckbunny,4,6,1,1,750,897.6,13.81,15.61,0.0,83.73,0.0,83.73,0,0.14285714285714285,1,750,0.0,83.73,83.73,0.0,0.0,1
Proposed_ShieldedQoE,bigbuckbunny,4,7,1,1,750,884.1,15.61,17.91,0.0,83.73,0.0,83.73,0,0.125,1,750,0.0,83.73,83.73,0.0,0.0,1
Proposed_ShieldedQoE,bigbuckbunny,4,8,1,1,750,901.1,17.91,17.12,0.0,83.73,0.0,83.73,0,0.1111111111111111,1,750,0.0,83.73,83.73,0.0,0.0,1
Proposed_ShieldedQoE,bigbuckbunny,4,9,1,1,750,882.9,17.12,19.53,0.0,83.73,0.0,83.73,0,0.1,1,750,0.0,83.73,83.73,0.0,0.0,1
Proposed_ShieldedQoE,bigbuckbunny,4,10,5,5,6000,901.2,19.53,20.68,0.0,97.14,13.41,83.73,0,0.09090909090909091,1,750,0.0,83.73,83.73,0.0,0.0,0
Proposed_ShieldedQoE,bigbuckbunny,4,11,2,2,1200,900.7,20.68,18.71,0.0,90.34,6.8,83.54,0,0.08333333333333333,1,750,0.0,83.73,83.73,-0.18999999999999773,0.0,0
Proposed_ShieldedQoE,bigbuckbunny,4,12,2,2,1200,901.6,18.71,12.46,0.0,90.34,0.0,90.34,0,0.07692307692307693,1,750,0.0,83.73,83.73,6.609999999999999,0.0,0
Proposed_ShieldedQoE,bigbuckbunny,4,13,1,1,750,900.5,12.46,12.09,0.0,83.73,6.61,77.12,0,0.07142857142857142,1,750,0.0,83.73,83.73,-6.609999999999999,0.0,1
Proposed_ShieldedQoE,bigbuckbunny,4,14,1,1,750,900.3,12.09,11.31,0.0,83.73,0.0,83.73,0,0.06666666666666667,1,750,0.0,83.73,83.73,0.0,0.0,1
Proposed_ShieldedQoE,bigbuckbunny,4,15,1,1,750,897.1,11.31,10.57,0.0,83.73,0.0,83.73,0,0.0625,1,750,0.0,83.73,83.73,0.0,0.0,1
Proposed_ShieldedQoE,bigbuckbunny,4,16,1,1,750,902.5,10.57,6.81,0.0,83.73,0.0,83.73,0,0.058823529411764705,1,750,0.0,83.73,83.73,0.0,0.0,1
Proposed_ShieldedQoE,bigbuckbunny,4,17,1,1,750,807.4,6.81,5.95,0.0,83.73,0.0,83.73,0,0.05555555555555555,1,750,0.0,83.73,83.73,0.0,0.0,1
Proposed_ShieldedQoE,bigbuckbunny,4,18,1,1,750,902.0,5.95,7.57,0.0,83.73,0.0,83.73,0,0.05263157894736842,1,750,0.0,83.73,83.73,0.0,0.0,1
Proposed_ShieldedQoE,bigbuckbunny,4,19,1,1,750,900.4,7.57,8.45,0.0,83.73,0.0,83.73,0,0.05,1,750,0.0,83.73,83.73,0.0,0.0,1
Proposed_ShieldedQoE,bigbuckbunny,4,20,1,1,750,902.0,8.45,6.44,0.0,83.73,0.0,83.73,0,0.047619047619047616,1,750,0.0,83.73,83.73,0.0,0.0,1
Proposed_ShieldedQoE,bigbuckbunny,4,21,1,1,750,901.2,6.44,7.75,0.0,83.73,0.0,83.73,0,0.045454545454545456,2,1200,0.0,90.34,83.73,0.0,0.0,0
Proposed_ShieldedQoE,bigbuckbunny,4,22,1,1,750,900.6,7.75,9.49,0.0,83.73,0.0,83.73,0,0.043478260869565216,2,1200,0.0,90.34,90.34,-6.609999999999999,0.0,0
Proposed_ShieldedQoE,bigbuckbunny,4,23,1,1,750,902.1,9.49,11.08,0.0,83.73,0.0,83.73,0,0.041666666666666664,2,1200,0.0,90.34,90.34,-6.609999999999999,0.0,0
Proposed_ShieldedQoE,bigbuckbunny,4,24,1,1,750,901.1,11.08,11.15,0.0,83.73,0.0,83.73,0,0.04,2,1200,0.0,90.34,90.34,-6.609999999999999,0.0,0
Proposed_ShieldedQoE,bigbuckbunny,4,25,1,1,750,899.4,11.15,12.8,0.0,83.73,0.0,83.73,0,0.038461538461538464,2,1200,0.0,90.34,90.34,-6.609999999999999,0.0,0
Proposed_ShieldedQoE,bigbuckbunny,4,26,1,1,750,823.2,12.8,14.34,0.0,83.73,0.0,83.73,0,0.037037037037037035,2,1200,0.0,90.34,90.34,-6.609999999999999,0.0,0
Proposed_ShieldedQoE,bigbuckbunny,4,27,1,1,750,901.4,14.34,16.53,0.0,83.73,0.0,83.73,0,0.03571428571428571,2,1200,0.0,90.34,90.34,-6.609999999999999,0.0,0
Proposed_ShieldedQoE,bigbuckbunny,4,28,1,1,750,901.5,16.53,16.79,0.0,83.73,0.0,83.73,0,0.034482758620689655,2,1200,0.0,90.34,90.34,-6.609999999999999,0.0,0
Proposed_ShieldedQoE,bigbuckbunny,4,29,1,1,750,900.7,16.79,18.04,0.0,83.73,0.0,83.73,0,0.03333333333333333,2,1200,0.0,90.34,90.34,-6.609999999999999,0.0,0
Proposed_ShieldedQoE,bigbuckbunny,4,30,1,1,750,899.6,18.04,18.5,0.0,83.73,0.0,83.73,0,0.03225806451612903,2,1200,0.0,90.34,90.34,-6.609999999999999,0.0,0
Proposed_ShieldedQoE,bigbuckbunny,4,31,1,1,750,902.2,18.5,19.22,0.0,83.73,0.0,83.73,0,0.03125,1,750,0.0,83.73,77.12,6.609999999999999,0.0,1
Proposed_ShieldedQoE,bigbuckbunny,4,32,1,1,750,900.9,19.22,15.95,0.0,83.73,0.0,83.73,0,0.030303030303030304,1,750,0.0,83.73,83.73,0.0,0.0,1
Proposed_ShieldedQoE,bigbuckbunny,4,33,1,1,750,894.7,15.95,17.68,0.0,83.73,0.0,83.73,0,0.029411764705882353,1,750,0.0,83.73,83.73,0.0,0.0,1
Proposed_ShieldedQoE,bigbuckbunny,4,34,1,1,750,901.3,17.68,17.5,0.0,83.73,0.0,83.73,0,0.02857142857142857,1,750,0.0,83.73,83.73,0.0,0.0,1
Proposed_ShieldedQoE,bigbuckbunny,4,35,1,1,750,902.2,17.5,18.28,0.0,83.73,0.0,83.73,0,0.027777777777777776,1,750,0.0,83.73,83.73,0.0,0.0,1
Proposed_ShieldedQoE,bigbuckbunny,4,36,1,1,750,901.0,18.28,14.77,0.0,83.73,0.0,83.73,0,0.02702702702702703,1,750,0.149,83.73,83.09,0.6400000000000006,-0.149,1
Proposed_ShieldedQoE,bigbuckbunny,4,37,1,1,750,901.0,14.77,15.91,0.0,83.73,0.0,83.73,0,0.02631578947368421,1,750,0.0,83.73,83.73,0.0,0.0,1
Proposed_ShieldedQoE,bigbuckbunny,4,38,1,1,750,901.5,15.91,16.57,0.0,83.73,0.0,83.73,0,0.02564102564102564,1,750,0.0,83.73,83.73,0.0,0.0,1
Proposed_ShieldedQoE,bigbuckbunny,4,39,1,1,750,871.6,16.57,16.53,0.0,83.73,0.0,83.73,0,0.025,1,750,0.0,83.73,83.73,0.0,0.0,1
Proposed_ShieldedQoE,bigbuckbunny,4,40,1,1,750,901.6,16.53,15.47,0.0,83.73,0.0,83.73,0,0.024390243902439025,1,750,0.0,83.73,83.73,0.0,0.0,1
Proposed_ShieldedQoE,bigbuckbunny,4,41,1,1,750,901.8,15.47,16.4,0.0,83.73,0.0,83.73,0,0.023809523809523808,2,1200,0.212,90.34,82.82,0.9100000000000108,-0.212,0
Proposed_ShieldedQoE,bigbuckbunny,4,42,1,1,750,901.0,16.4,18.56,0.0,83.73,0.0,83.73,0,0.023255813953488372,2,1200,0.0,90.34,90.34,-6.609999999999999,0.0,0
Proposed_ShieldedQoE,bigbuckbunny,4,43,5,5,6000,900.8,18.56,20.31,0.0,97.14,13.41,83.73,0,0.022727272727272728,2,1200,0.0,90.34,90.34,-6.609999999999999,0.0,0
Proposed_ShieldedQoE,bigbuckbunny,4,44,2,2,1200,900.8,20.31,19.48,0.0,90.34,6.8,83.54,0,0.022222222222222223,2,1200,0.0,90.34,90.34,-6.799999999999997,0.0,1
Proposed_ShieldedQoE,bigbuckbunny,4,45,2,2,1200,901.8,19.48,20.39,0.0,90.34,0.0,90.34,0,0.021739130434782608,3,1850,0.0,95.49,90.34,0.0,0.0,0
Proposed_ShieldedQoE,bigbuckbunny,4,46,2,2,1200,900.7,20.39,21.15,0.0,90.34,0.0,90.34,0,0.02127659574468085,3,1850,0.0,95.49,95.49,-5.1499999999999915,0.0,0
Proposed_ShieldedQoE,bigbuckbunny,4,47,2,2,1200,900.7,21.15,21.71,0.0,90.34,0.0,90.34,0,0.020833333333333332,3,1850,1.09,95.49,90.8,-0.45999999999999375,-1.09,0
Proposed_ShieldedQoE,bigbuckbunny,5,0,1,0,300,769.8,2.52,4.03,0.0,66.58,0.0,66.58,1,1.0,1,750,3.692,83.73,67.85,-1.269999999999996,-3.692,0
Proposed_ShieldedQoE,bigbuckbunny,5,1,0,0,300,446.8,4.03,6.29,0.0,66.58,0.0,66.58,0,0.5,1,750,0.367,83.73,82.15,-15.570000000000007,-0.367,0
Proposed_ShieldedQoE,bigbuckbunny,5,2,0,0,300,580.4,6.29,9.05,0.0,66.58,0.0,66.58,0,0.3333333333333333,1,750,0.0,83.73,83.73,-17.150000000000006,0.0,0
Proposed_ShieldedQoE,bigbuckbunny,5,3,4,4,2850,467.8,9.05,8.9,0.0,97.11,30.53,66.58,0,0.25,1,750,0.0,83.73,83.73,-17.150000000000006,0.0,0
Proposed_ShieldedQoE,bigbuckbunny,5,4,1,1,750,757.0,8.9,8.9,0.0,83.73,13.38,70.35,0,0.2,1,750,0.0,83.73,83.73,-13.38000000000001,0.0,1
Proposed_ShieldedQoE,bigbuckbunny,5,5,1,1,750,657.4,8.9,10.86,0.0,83.73,0.0,83.73,0,0.16666666666666666,1,750,0.0,83.73,83.73,0.0,0.0,1
Proposed_ShieldedQoE,bigbuckbunny,5,6,1,1,750,706.4,10.86,12.06,0.0,83.73,0.0,83.73,0,0.14285714285714285,1,750,0.0,83.73,83.73,0.0,0.0,1
Proposed_ShieldedQoE,bigbuckbunny,5,7,1,1,750,692.8,12.06,13.89,0.0,83.73,0.0,83.73,0,0.125,1,750,0.0,83.73,83.73,0.0,0.0,1
Proposed_ShieldedQoE,bigbuckbunny,5,8,1,1,750,989.6,13.89,13.54,0.0,83.73,0.0,83.73,0,0.1111111111111111,1,750,0.0,83.73,83.73,0.0,0.0,1
Proposed_ShieldedQoE,bigbuckbunny,5,9,1,1,750,601.9,13.54,15.2,0.0,83.73,0.0,83.73,0,0.1,1,750,0.0,83.73,83.73,0.0,0.0,1
Proposed_ShieldedQoE,bigbuckbunny,5,10,1,1,750,1009.6,15.2,17.61,0.0,83.73,0.0,83.73,0,0.09090909090909091,1,750,0.0,83.73,83.73,0.0,0.0,1
Proposed_ShieldedQoE,bigbuckbunny,5,11,1,1,750,645.2,17.61,16.4,0.0,83.73,0.0,83.73,0,0.08333333333333333,1,750,0.0,83.73,83.73,0.0,0.0,1
Proposed_ShieldedQoE,bigbuckbunny,5,12,1,1,750,418.7,16.4,6.62,0.0,83.73,0.0,83.73,0,0.07692307692307693,1,750,1.535,83.73,77.13,6.6000000000000085,-1.535,1
Proposed_ShieldedQoE,bigbuckbunny,5,13,1,1,750,877.1,6.62,6.13,0.0,83.73,0.0,83.73,0,0.07142857142857142,1,750,0.488,83.73,81.63,2.1000000000000085,-0.488,1
Proposed_ShieldedQoE,bigbuckbunny,5,14,1,1,750,465.1,6.13,4.0,3.134,83.73,0.0,70.26,0,0.06666666666666667,1,750,5.263,83.73,61.1,9.160000000000004,-2.129,1
Proposed_ShieldedQoE,bigbuckbunny,5,15,0,0,300,398.4,4.0,4.0,0.265,66.58,17.15,48.29,0,0.0625,1,750,6.662,83.73,55.08,-6.789999999999999,-6.397,0
Proposed_ShieldedQoE,bigbuckbunny,5,16,1,0,300,859.7,4.0,4.74,0.0,66.58,0.0,66.58,1,0.11764705882352941,1,750,4.15,83.73,65.88,0.7000000000000028,-4.15,0
Proposed_ShieldedQoE,bigbuckbunny,5,17,0,0,300,1070.5,4.74,7.28,0.0,66.58,0.0,66.58,0,0.1111111111111111,1,750,0.0,83.73,83.73,-17.150000000000006,0.0,0
Proposed_ShieldedQoE,bigbuckbunny,5,18,4,4,2850,875.5,7.28,8.82,0.0,97.11,30.53,66.58,0,0.10526315789473684,1,750,0.0,83.73,83.73,-17.150000000000006,0.0,0
Proposed_ShieldedQoE,bigbuckbunny,5,19,1,1,750,441.8,8.82,6.46,0.0,83.73,13.38,70.35,0,0.1,1,750,0.479,83.73,81.67,-11.320000000000007,-0.479,1
Proposed_ShieldedQoE,bigbuckbunny,5,20,0,0,300,813.4,6.46,7.79,0.0,66.58,17.15,49.43,0,0.09523809523809523,1,750,2.666,83.73,72.26,-22.830000000000005,-2.666,0
Proposed_ShieldedQoE,bigbuckbunny,5,21,1,1,750,740.3,7.79,8.52,0.0,83.73,17.15,66.58,0,0.09090909090909091,1,750,0.0,83.73,83.73,-17.150000000000006,0.0,1
Proposed_ShieldedQoE,bigbuckbunny,5,22,1,1,750,992.4,8.52,10.47,0.0,83.73,0.0,83.73,0,0.08695652173913043,1,750,0.0,83.73,83.73,0.0,0.0,1
Proposed_ShieldedQoE,bigbuckbunny,5,23,1,1,750,597.7,10.47,10.83,0.0,83.73,0.0,83.73,0,0.08333333333333333,1,750,0.0,83.73,83.73,0.0,0.0,1
Proposed_ShieldedQoE,bigbuckbunny,5,24,1,1,750,985.9,10.83,11.24,0.0,83.73,0.0,83.73,0,0.08,1,750,0.0,83.73,83.73,0.0,0.0,1
Proposed_ShieldedQoE,bigbuckbunny,5,25,1,1,750,1089.2,11.24,13.3,0.0,83.73,0.0,83.73,0,0.07692307692307693,1,750,0.0,83.73,83.73,0.0,0.0,1
Proposed_ShieldedQoE,bigbuckbunny,5,26,1,1,750,960.4,13.3,15.18,0.0,83.73,0.0,83.73,0,0.07407407407407407,1,750,0.0,83.73,83.73,0.0,0.0,1
Proposed_ShieldedQoE,bigbuckbunny,5,27,1,1,750,1012.1,15.18,17.58,0.0,83.73,0.0,83.73,0,0.07142857142857142,1,750,0.0,83.73,83.73,0.0,0.0,1
Proposed_ShieldedQoE,bigbuckbunny,5,28,1,1,750,1111.0,17.58,18.54,0.0,83.73,0.0,83.73,0,0.06896551724137931,1,750,0.0,83.73,83.73,0.0,0.0,1
Proposed_ShieldedQoE,bigbuckbunny,5,29,1,1,750,496.6,18.54,17.56,0.0,83.73,0.0,83.73,0,0.06666666666666667,1,750,0.0,83.73,83.73,0.0,0.0,1
Proposed_ShieldedQoE,bigbuckbunny,5,30,1,1,750,947.0,17.56,18.2,0.0,83.73,0.0,83.73,0,0.06451612903225806,1,750,0.0,83.73,83.73,0.0,0.0,1
Proposed_ShieldedQoE,bigbuckbunny,5,31,1,1,750,619.6,18.2,17.43,0.0,83.73,0.0,83.73,0,0.0625,1,750,0.0,83.73,83.73,0.0,0.0,1
Proposed_ShieldedQoE,bigbuckbunny,5,32,1,1,750,672.1,17.43,11.67,0.0,83.73,0.0,83.73,0,0.06060606060606061,1,750,0.0,83.73,83.73,0.0,0.0,1
Proposed_ShieldedQoE,bigbuckbunny,5,33,1,1,750,543.4,11.67,11.93,0.0,83.73,0.0,83.73,0,0.058823529411764705,1,750,0.0,83.73,83.73,0.0,0.0,1
Proposed_ShieldedQoE,bigbuckbunny,5,34,1,1,750,592.0,11.93,9.57,0.0,83.73,0.0,83.73,0,0.05714285714285714,1,750,0.0,83.73,83.73,0.0,0.0,1
Proposed_ShieldedQoE,bigbuckbunny,5,35,1,1,750,1887.9,9.57,12.04,0.0,83.73,0.0,83.73,0,0.05555555555555555,1,750,0.0,83.73,83.73,0.0,0.0,1
Proposed_ShieldedQoE,bigbuckbunny,5,36,1,1,750,1492.5,12.04,11.5,0.0,83.73,0.0,83.73,0,0.05405405405405406,1,750,0.0,83.73,83.73,0.0,0.0,1
Proposed_ShieldedQoE,bigbuckbunny,5,37,1,1,750,490.0,11.5,10.23,0.0,83.73,0.0,83.73,0,0.05263157894736842,1,750,0.0,83.73,83.73,0.0,0.0,1
Proposed_ShieldedQoE,bigbuckbunny,5,38,1,1,750,379.4,10.23,6.31,0.0,83.73,0.0,83.73,0,0.05128205128205128,1,750,1.479,83.73,77.37,6.359999999999999,-1.479,1
Proposed_ShieldedQoE,bigbuckbunny,5,39,1,1,750,720.7,6.31,5.42,0.0,83.73,0.0,83.73,0,0.05,1,750,0.887,83.73,79.92,3.8100000000000023,-0.887,1
Proposed_ShieldedQoE,bigbuckbunny,5,40,1,0,300,448.7,5.42,5.36,0.0,66.58,17.15,49.43,1,0.07317073170731707,1,750,6.168,83.73,57.21,-7.780000000000001,-6.168,0
Proposed_ShieldedQoE,bigbuckbunny,5,41,0,0,300,632.6,5.36,7.61,0.0,66.58,0.0,66.58,0,0.07142857142857142,1,750,0.375,83.73,82.12,-15.540000000000006,-0.375,0
Proposed_ShieldedQoE,bigbuckbunny,5,42,4,4,2850,759.8,7.61,9.42,0.0,97.11,30.53,66.58,0,0.06976744186046512,2,1200,0.0,90.34,83.73,-17.150000000000006,0.0,0
Proposed_ShieldedQoE,bigbuckbunny,5,43,1,1,750,752.4,9.42,11.73,0.0,83.73,13.38,70.35,0,0.06818181818181818,2,1200,0.0,90.34,90.34,-19.99000000000001,0.0,0
Proposed_ShieldedQoE,bigbuckbunny,5,44,1,1,750,629.1,11.73,11.41,0.0,83.73,0.0,83.73,0,0.06666666666666667,2,1200,1.112,90.34,85.56,-1.8299999999999983,-1.112,0
Proposed_ShieldedQoE,bigbuckbunny,5,45,1,1,750,1034.1,11.41,13.73,0.0,83.73,0.0,83.73,0,0.06521739130434782,2,1200,0.0,90.34,90.34,-6.609999999999999,0.0,0
Proposed_ShieldedQoE,bigbuckbunny,5,46,1,1,750,683.1,13.73,15.06,0.0,83.73,0.0,83.73,0,0.06382978723404255,2,1200,0.0,90.34,90.34,-6.609999999999999,0.0,0
Proposed_ShieldedQoE,bigbuckbunny,5,47,1,1,750,707.4,15.06,16.32,0.0,83.73,0.0,83.73,0,0.0625,2,1200,0.0,90.34,90.34,-6.609999999999999,0.0,0
Proposed_ShieldedQoE,bigbuckbunny,6,0,1,0,300,587.0,1.36,4.0,1.9,66.58,0.0,58.41,1,1.0,0,300,1.9,66.58,58.41,0.0,0.0,1
Proposed_ShieldedQoE,bigbuckbunny,6,1,0,0,300,787.1,4.0,7.01,0.0,66.58,0.0,66.58,0,0.5,1,750,0.0,83.73,66.58,0.0,0.0,0
Proposed_ShieldedQoE,bigbuckbunny,6,2,4,4,2850,677.6,7.01,8.35,0.0,97.11,30.53,66.58,0,0.3333333333333333,1,750,0.0,83.73,83.73,-17.150000000000006,0.0,0
Proposed_ShieldedQoE,bigbuckbunny,6,3,1,1,750,650.6,8.35,9.37,0.0,83.73,13.38,70.35,0,0.25,1,750,0.0,83.73,83.73,-13.38000000000001,0.0,1
Proposed_ShieldedQoE,bigbuckbunny,6,4,1,1,750,725.7,9.37,9.2,0.0,83.73,0.0,83.73,0,0.2,1,750,0.0,83.73,83.73,0.0,0.0,1
Proposed_ShieldedQoE,bigbuckbunny,6,5,1,1,750,824.8,9.2,11.57,0.0,83.73,0.0,83.73,0,0.16666666666666666,1,750,0.0,83.73,83.73,0.0,0.0,1
Proposed_ShieldedQoE,bigbuckbunny,6,6,1,1,750,252.3,11.57,7.73,0.0,83.73,0.0,83.73,0,0.14285714285714285,1,750,0.0,83.73,83.73,0.0,0.0,1
Proposed_ShieldedQoE,bigbuckbunny,6,7,1,1,750,761.1,7.73,9.75,0.0,83.73,0.0,83.73,0,0.125,1,750,0.0,83.73,83.73,0.0,0.0,1
Proposed_ShieldedQoE,bigbuckbunny,6,8,1,1,750,502.5,9.75,5.17,0.0,83.73,0.0,83.73,0,0.1111111111111111,1,750,0.32,83.73,82.35,1.3800000000000097,-0.32,1
Proposed_ShieldedQoE,bigbuckbunny,6,9,1,1,750,618.3,5.17,6.9,0.0,83.73,0.0,83.73,0,0.1,1,750,0.0,83.73,83.73,0.0,0.0,1
Proposed_ShieldedQoE,bigbuckbunny,6,10,1,1,750,583.5,6.9,8.14,0.0,83.73,0.0,83.73,0,0.09090909090909091,1,750,0.0,83.73,83.73,0.0,0.0,1
Proposed_ShieldedQoE,bigbuckbunny,6,11,1,1,750,488.0,8.14,5.25,0.0,83.73,0.0,83.73,0,0.08333333333333333,1,750,0.0,83.73,83.73,0.0,0.0,1
Proposed_ShieldedQoE,bigbuckbunny,6,12,0,0,300,778.7,5.25,6.29,0.0,66.58,17.15,49.43,0,0.07692307692307693,1,750,3.325,83.73,69.43,-20.000000000000007,-3.325,0
Proposed_ShieldedQoE,bigbuckbunny,6,13,0,0,300,653.2,6.29,7.88,0.0,66.58,0.0,66.58,0,0.07142857142857142,1,750,2.027,83.73,75.02,-8.439999999999998,-2.027,0
Proposed_ShieldedQoE,bigbuckbunny,6,14,0,0,300,587.3,7.88,8.94,0.0,66.58,0.0,66.58,0,0.06666666666666667,1,750,3.337,83.73,69.38,-2.799999999999997,-3.337,0
Proposed_ShieldedQoE,bigbuckbunny,6,15,0,0,300,472.8,8.94,9.35,0.0,66.58,0.0,66.58,0,0.0625,1,750,4.983,83.73,62.3,4.280000000000001,-4.983,0
Proposed_ShieldedQoE,bigbuckbunny,6,16,0,0,300,790.7,9.35,9.81,0.0,66.58,0.0,66.58,0,0.058823529411764705,1,750,4.862,83.73,62.83,3.75,-4.862,0
Proposed_ShieldedQoE,bigbuckbunny,6,17,1,1,750,576.4,9.81,7.01,0.0,83.73,17.15,66.58,0,0.05555555555555555,1,750,2.799,83.73,71.69,-5.109999999999999,-2.799,1
Proposed_ShieldedQoE,bigbuckbunny,6,18,1,1,750,793.4,7.01,8.3,0.0,83.73,0.0,83.73,0,0.05263157894736842,1,750,0.0,83.73,83.73,0.0,0.0,1
Proposed_ShieldedQoE,bigbuckbunny,6,19,1,1,750,446.8,8.3,6.01,0.0,83.73,0.0,83.73,0,0.05,1,750,1.001,83.73,79.43,4.299999999999997,-1.001,1
Proposed_ShieldedQoE,bigbuckbunny,6,20,0,0,300,561.7,6.01,6.14,0.0,66.58,17.15,49.43,0,0.047619047619047616,1,750,5.653,83.73,59.42,-9.990000000000002,-5.653,0
Proposed_ShieldedQoE,bigbuckbunny,6,21,0,0,300,529.7,6.14,8.31,0.0,66.58,0.0,66.58,0,0.045454545454545456,1,750,0.576,83.73,81.25,-14.670000000000002,-0.576,0
Proposed_ShieldedQoE,bigbuckbunny,6,22,0,0,300,362.6,8.31,10.07,0.0,66.58,0.0,66.58,0,0.043478260869565216,1,750,1.597,83.73,76.86,-10.280000000000001,-1.597,0
Proposed_ShieldedQoE,bigbuckbunny,6,23,0,0,300,712.6,10.07,12.85,0.0,66.58,0.0,66.58,0,0.041666666666666664,1,750,0.0,83.73,83.73,-17.150000000000006,0.0,0
Proposed_ShieldedQoE,bigbuckbunny,6,24,0,0,300,475.3,12.85,13.87,0.0,66.58,0.0,66.58,0,0.04,1,750,2.505,83.73,72.96,-6.3799999999999955,-2.505,0
Proposed_ShieldedQoE,bigbuckbunny,6,25,1,1,750,474.9,13.87,13.43,0.0,83.73,17.15,66.58,0,0.038461538461538464,1,750,0.443,83.73,81.82,-15.239999999999995,-0.443,1
Proposed_ShieldedQoE,bigbuckbunny,6,26,1,1,750,616.4,13.43,14.13,0.0,83.73,0.0,83.73,0,0.037037037037037035,1,750,0.0,83.73,83.73,0.0,0.0,1
Proposed_ShieldedQoE,bigbuckbunny,6,27,1,1,750,428.1,14.13,14.33,0.0,83.73,0.0,83.73,0,0.03571428571428571,1,750,0.0,83.73,83.73,0.0,0.0,1
Proposed_ShieldedQoE,bigbuckbunny,6,28,1,1,750,475.6,14.33,11.24,0.0,83.73,0.0,83.73,0,0.034482758620689655,1,750,2.194,83.73,74.3,9.430000000000007,-2.194,1
Proposed_ShieldedQoE,bigbuckbunny,6,29,1,1,750,809.7,11.24,12.18,0.0,83.73,0.0,83.73,0,0.03333333333333333,1,750,0.0,83.73,83.73,0.0,0.0,1
Proposed_ShieldedQoE,bigbuckbunny,6,30,1,1,750,699.9,12.18,11.63,0.0,83.73,0.0,83.73,0,0.03225806451612903,1,750,0.0,83.73,83.73,0.0,0.0,1
Proposed_ShieldedQoE,bigbuckbunny,6,31,1,1,750,420.5,11.63,8.6,0.0,83.73,0.0,83.73,0,0.03125,1,750,2.637,83.73,72.39,11.340000000000003,-2.637,1
Proposed_ShieldedQoE,bigbuckbunny,6,32,0,0,300,473.9,8.6,7.07,0.0,66.58,17.15,49.43,0,0.030303030303030304,1,750,9.831,83.73,41.46,7.969999999999999,-9.831,0
Proposed_ShieldedQoE,bigbuckbunny,6,33,0,0,300,654.6,7.07,9.82,0.0,66.58,0.0,66.58,0,0.029411764705882353,1,750,0.0,83.73,83.73,-17.150000000000006,0.0,0
Proposed_ShieldedQoE,bigbuckbunny,6,34,0,0,300,689.7,9.82,11.64,0.0,66.58,0.0,66.58,0,0.02857142857142857,1,750,0.563,83.73,81.31,-14.730000000000004,-0.563,0
Proposed_ShieldedQoE,bigbuckbunny,6,35,1,1,750,677.2,11.64,11.36,0.0,83.73,17.15,66.58,0,0.027777777777777776,1,750,0.285,83.73,82.5,-15.920000000000002,-0.285,1
Proposed_ShieldedQoE,bigbuckbunny,6,36,1,1,750,444.9,11.36,4.0,3.852,83.73,0.0,67.17,0,0.02702702702702703,1,750,11.208,83.73,35.54,31.630000000000003,-7.356,1
Proposed_ShieldedQoE,bigbuckbunny,6,37,1,1,750,795.5,4.0,4.75,0.0,83.73,0.0,83.73,0,0.02631578947368421,1,750,0.0,83.73,83.73,0.0,0.0,1
Proposed_ShieldedQoE,bigbuckbunny,6,38,1,1,750,664.8,4.75,4.23,0.0,83.73,0.0,83.73,0,0.02564102564102564,1,750,0.0,83.73,83.73,0.0,0.0,1
Proposed_ShieldedQoE,bigbuckbunny,6,39,1,1,750,743.5,4.23,4.0,0.503,83.73,0.0,81.57,0,0.025,1,750,0.503,83.73,81.57,0.0,0.0,1
Proposed_ShieldedQoE,bigbuckbunny,6,40,1,1,750,649.3,4.0,4.0,3.027,83.73,0.0,70.71,0,0.024390243902439025,1,750,3.027,83.73,70.71,0.0,0.0,1
Proposed_ShieldedQoE,bigbuckbunny,6,41,1,1,750,598.7,4.0,4.0,0.623,83.73,0.0,81.05,0,0.023809523809523808,1,750,0.623,83.73,81.05,0.0,0.0,1
Proposed_ShieldedQoE,bigbuckbunny,6,42,1,1,750,981.2,4.0,6.31,0.0,83.73,0.0,83.73,0,0.023255813953488372,2,1200,0.0,90.34,83.73,0.0,0.0,0
Proposed_ShieldedQoE,bigbuckbunny,6,43,1,1,750,1001.1,6.31,9.04,0.0,83.73,0.0,83.73,0,0.022727272727272728,2,1200,0.0,90.34,90.34,-6.609999999999999,0.0,0
Proposed_ShieldedQoE,bigbuckbunny,6,44,1,1,750,505.3,9.04,7.66,0.0,83.73,0.0,83.73,0,0.022222222222222223,2,1200,1.347,90.34,84.55,-0.8199999999999932,-1.347,0
Proposed_ShieldedQoE,bigbuckbunny,6,45,1,1,750,571.6,7.66,8.61,0.0,83.73,0.0,83.73,0,0.021739130434782608,2,1200,0.871,90.34,86.6,-2.8699999999999903,-0.871,0
Proposed_ShieldedQoE,bigbuckbunny,6,46,1,1,750,594.1,8.61,9.54,0.0,83.73,0.0,83.73,0,0.02127659574468085,2,1200,0.918,90.34,86.39,-2.6599999999999966,-0.918,0
Proposed_ShieldedQoE,bigbuckbunny,6,47,1,1,750,930.5,9.54,11.46,0.0,83.73,0.0,83.73,0,0.020833333333333332,2,1200,0.0,90.34,90.34,-6.609999999999999,0.0,0
Proposed_ShieldedQoE,bigbuckbunny,7,0,1,1,750,985.5,2.74,4.0,2.109,83.73,0.0,74.66,0,0.0,1,750,2.109,83.73,74.66,0.0,0.0,1
Proposed_ShieldedQoE,bigbuckbunny,7,1,1,1,750,1147.8,4.0,6.3,0.0,83.73,0.0,83.73,0,0.0,1,750,0.0,83.73,83.73,0.0,0.0,1
Proposed_ShieldedQoE,bigbuckbunny,7,2,1,1,750,330.5,6.3,4.84,0.0,83.73,0.0,83.73,0,0.0,1,750,0.0,83.73,83.73,0.0,0.0,1
Proposed_ShieldedQoE,bigbuckbunny,7,3,1,1,750,954.6,4.84,6.81,0.0,83.73,0.0,83.73,0,0.0,1,750,0.0,83.73,83.73,0.0,0.0,1
Proposed_ShieldedQoE,bigbuckbunny,7,4,1,1,750,417.9,6.81,4.0,0.432,83.73,0.0,81.87,0,0.0,1,750,0.432,83.73,81.87,0.0,0.0,1
Proposed_ShieldedQoE,bigbuckbunny,7,5,1,1,750,1051.5,4.0,6.72,0.0,83.73,0.0,83.73,0,0.0,1,750,0.0,83.73,83.73,0.0,0.0,1
Proposed_ShieldedQoE,bigbuckbunny,7,6,1,1,750,582.7,6.72,7.33,0.0,83.73,0.0,83.73,0,0.0,1,750,0.0,83.73,83.73,0.0,0.0,1
Proposed_ShieldedQoE,bigbuckbunny,7,7,1,1,750,1084.0,7.33,9.94,0.0,83.73,0.0,83.73,0,0.0,1,750,0.0,83.73,83.73,0.0,0.0,1
Proposed_ShieldedQoE,bigbuckbunny,7,8,1,1,750,1091.8,9.94,9.99,0.0,83.73,0.0,83.73,0,0.0,1,750,0.0,83.73,83.73,0.0,0.0,1
Proposed_ShieldedQoE,bigbuckbunny,7,9,1,1,750,948.6,9.99,12.51,0.0,83.73,0.0,83.73,0,0.0,1,750,0.0,83.73,83.73,0.0,0.0,1
Proposed_ShieldedQoE,bigbuckbunny,7,10,1,1,750,778.8,12.51,14.45,0.0,83.73,0.0,83.73,0,0.0,1,750,0.0,83.73,83.73,0.0,0.0,1
Proposed_ShieldedQoE,bigbuckbunny,7,11,1,1,750,912.3,14.45,14.76,0.0,83.73,0.0,83.73,0,0.0,1,750,0.0,83.73,83.73,0.0,0.0,1
Proposed_ShieldedQoE,bigbuckbunny,7,12,1,1,750,868.3,14.76,12.12,0.0,83.73,0.0,83.73,0,0.0,1,750,0.0,83.73,83.73,0.0,0.0,1
Proposed_ShieldedQoE,bigbuckbunny,7,13,1,1,750,591.5,12.12,9.46,0.0,83.73,0.0,83.73,0,0.0,1,750,0.0,83.73,83.73,0.0,0.0,1
Proposed_ShieldedQoE,bigbuckbunny,7,14,1,1,750,826.8,9.46,8.25,0.0,83.73,0.0,83.73,0,0.0,1,750,0.0,83.73,83.73,0.0,0.0,1
Proposed_ShieldedQoE,bigbuckbunny,7,15,1,1,750,746.7,8.25,6.56,0.0,83.73,0.0,83.73,0,0.0,1,750,0.0,83.73,83.73,0.0,0.0,1
Proposed_ShieldedQoE,bigbuckbunny,7,16,1,1,750,1083.7,6.56,4.1,0.0,83.73,0.0,83.73,0,0.0,1,750,0.0,83.73,83.73,0.0,0.0,1
Proposed_ShieldedQoE,bigbuckbunny,7,17,1,0,300,314.5,4.1,4.0,0.89,66.58,17.15,45.6,1,0.05555555555555555,1,750,8.368,83.73,47.75,-2.1499999999999986,-7.478000000000001,0
Proposed_ShieldedQoE,bigbuckbunny,7,18,0,0,300,896.8,4.0,7.04,0.0,66.58,0.0,66.58,0,0.05263157894736842,1,750,0.0,83.73,83.73,-17.150000000000006,0.0,0
Proposed_ShieldedQoE,bigbuckbunny,7,19,0,0,300,698.3,7.04,9.43,0.0,66.58,0.0,66.58,0,0.05,1,750,0.0,83.73,83.73,-17.150000000000006,0.0,0
Proposed_ShieldedQoE,bigbuckbunny,7,20,0,0,300,821.6,9.43,10.79,0.0,66.58,0.0,66.58,0,0.047619047619047616,1,750,1.022,83.73,79.34,-12.760000000000005,-1.022,0
Proposed_ShieldedQoE,bigbuckbunny,7,21,4,4,2850,866.4,10.79,11.99,0.0,97.11,30.53,66.58,0,0.045454545454545456,1,750,0.0,83.73,83.73,-17.150000000000006,0.0,0
Proposed_ShieldedQoE,bigbuckbunny,7,22,1,1,750,1244.4,11.99,14.36,0.0,83.73,13.38,70.35,0,0.043478260869565216,1,750,0.0,83.73,83.73,-13.38000000000001,0.0,1
Proposed_ShieldedQoE,bigbuckbunny,7,23,1,1,750,525.3,14.36,14.22,0.0,83.73,0.0,83.73,0,0.041666666666666664,1,750,0.0,83.73,83.73,0.0,0.0,1
Proposed_ShieldedQoE,bigbuckbunny,7,24,1,1,750,404.9,14.22,9.47,0.0,83.73,0.0,83.73,0,0.04,1,750,1.317,83.73,78.07,5.660000000000011,-1.317,1
Proposed_ShieldedQoE,bigbuckbunny,7,25,1,1,750,814.0,9.47,10.88,0.0,83.73,0.0,83.73,0,0.038461538461538464,1,750,0.0,83.73,83.73,0.0,0.0,1
Proposed_ShieldedQoE,bigbuckbunny,7,26,1,1,750,719.0,10.88,12.06,0.0,83.73,0.0,83.73,0,0.037037037037037035,1,750,0.0,83.73,83.73,0.0,0.0,1
Proposed_ShieldedQoE,bigbuckbunny,7,27,1,1,750,932.1,12.06,14.31,0.0,83.73,0.0,83.73,0,0.03571428571428571,1,750,0.0,83.73,83.73,0.0,0.0,1
Proposed_ShieldedQoE,bigbuckbunny,7,28,1,1,750,934.7,14.31,14.7,0.0,83.73,0.0,83.73,0,0.034482758620689655,1,750,0.0,83.73,83.73,0.0,0.0,1
Proposed_ShieldedQoE,bigbuckbunny,7,29,1,1,750,887.2,14.7,15.91,0.0,83.73,0.0,83.73,0,0.03333333333333333,1,750,0.0,83.73,83.73,0.0,0.0,1
Proposed_ShieldedQoE,bigbuckbunny,7,30,1,1,750,693.7,15.91,15.32,0.0,83.73,0.0,83.73,0,0.03225806451612903,1,750,0.0,83.73,83.73,0.0,0.0,1
Proposed_ShieldedQoE,bigbuckbunny,7,31,1,1,750,752.9,15.32,15.39,0.0,83.73,0.0,83.73,0,0.03125,1,750,0.0,83.73,83.73,0.0,0.0,1
Proposed_ShieldedQoE,bigbuckbunny,7,32,1,1,750,320.6,15.39,4.0,5.052,83.73,0.0,62.01,0,0.030303030303030304,0,300,0.0,66.58,49.43,12.579999999999998,5.052,0
Proposed_ShieldedQoE,bigbuckbunny,7,33,1,1,750,577.7,4.0,4.48,0.0,83.73,0.0,83.73,0,0.029411764705882353,1,750,0.0,83.73,66.58,17.150000000000006,0.0,1
Proposed_ShieldedQoE,bigbuckbunny,7,34,1,1,750,952.6,4.48,4.53,0.0,83.73,0.0,83.73,0,0.02857142857142857,1,750,0.0,83.73,83.73,0.0,0.0,1
Proposed_ShieldedQoE,bigbuckbunny,7,35,1,1,750,730.6,4.53,4.56,0.0,83.73,0.0,83.73,0,0.027777777777777776,1,750,0.0,83.73,83.73,0.0,0.0,1
Proposed_ShieldedQoE,bigbuckbunny,7,36,0,0,300,1298.9,4.56,6.47,0.0,66.58,17.15,49.43,0,0.02702702702702703,1,750,0.0,83.73,83.73,-34.300000000000004,0.0,0
Proposed_ShieldedQoE,bigbuckbunny,7,37,1,1,750,1115.9,6.47,8.16,0.0,83.73,17.15,66.58,0,0.02631578947368421,1,750,0.0,83.73,83.73,-17.150000000000006,0.0,1
Proposed_ShieldedQoE,bigbuckbunny,7,38,1,1,750,385.1,8.16,4.35,0.0,83.73,0.0,83.73,0,0.02564102564102564,1,750,1.029,83.73,79.31,4.420000000000002,-1.029,1
Proposed_ShieldedQoE,bigbuckbunny,7,39,0,0,300,838.5,4.35,6.67,0.0,66.58,17.15,49.43,0,0.025,1,750,0.2,83.73,82.87,-33.440000000000005,-0.2,0
Proposed_ShieldedQoE,bigbuckbunny,7,40,0,0,300,804.9,6.67,8.41,0.0,66.58,0.0,66.58,0,0.024390243902439025,1,750,1.669,83.73,76.56,-9.980000000000004,-1.669,0
Proposed_ShieldedQoE,bigbuckbunny,7,41,1,1,750,942.1,8.41,9.47,0.0,83.73,17.15,66.58,0,0.023809523809523808,2,1200,0.701,90.34,80.72,-14.14,-0.701,0
Proposed_ShieldedQoE,bigbuckbunny,7,42,1,1,750,999.5,9.47,11.81,0.0,83.73,0.0,83.73,0,0.023255813953488372,2,1200,0.0,90.34,90.34,-6.609999999999999,0.0,0
Proposed_ShieldedQoE,bigbuckbunny,7,43,1,1,750,1003.0,11.81,14.54,0.0,83.73,0.0,83.73,0,0.022727272727272728,2,1200,0.0,90.34,90.34,-6.609999999999999,0.0,0
Proposed_ShieldedQoE,bigbuckbunny,7,44,1,1,750,835.4,14.54,15.29,0.0,83.73,0.0,83.73,0,0.022222222222222223,2,1200,0.0,90.34,90.34,-6.609999999999999,0.0,0
Proposed_ShieldedQoE,bigbuckbunny,7,45,1,1,750,797.9,15.29,17.11,0.0,83.73,0.0,83.73,0,0.021739130434782608,2,1200,0.0,90.34,90.34,-6.609999999999999,0.0,0
Proposed_ShieldedQoE,bigbuckbunny,7,46,1,1,750,967.8,17.11,19.22,0.0,83.73,0.0,83.73,0,0.02127659574468085,3,1850,0.0,95.49,90.34,-6.609999999999999,0.0,0
Proposed_ShieldedQoE,bigbuckbunny,7,47,5,5,6000,875.4,19.22,19.68,0.0,97.14,13.41,83.73,0,0.020833333333333332,3,1850,0.0,95.49,95.49,-11.759999999999991,0.0,0
Proposed_ShieldedQoE,bigbuckbunny,8,0,1,0,300,891.0,2.97,4.82,0.0,66.58,0.0,66.58,1,1.0,1,750,2.399,83.73,73.41,-6.829999999999998,-2.399,0
Proposed_ShieldedQoE,bigbuckbunny,8,1,1,1,750,891.2,4.82,6.63,0.0,83.73,17.15,66.58,0,0.5,1,750,0.0,83.73,83.73,-17.150000000000006,0.0,1
Proposed_ShieldedQoE,bigbuckbunny,8,2,1,1,750,890.8,6.63,8.61,0.0,83.73,0.0,83.73,0,0.3333333333333333,1,750,0.0,83.73,83.73,0.0,0.0,1
Proposed_ShieldedQoE,bigbuckbunny,8,3,1,1,750,879.8,8.61,10.41,0.0,83.73,0.0,83.73,0,0.25,1,750,0.0,83.73,83.73,0.0,0.0,1
Proposed_ShieldedQoE,bigbuckbunny,8,4,1,1,750,841.8,10.41,10.81,0.0,83.73,0.0,83.73,0,0.2,1,750,0.0,83.73,83.73,0.0,0.0,1
Proposed_ShieldedQoE,bigbuckbunny,8,5,1,1,750,900.4,10.81,13.32,0.0,83.73,0.0,83.73,0,0.16666666666666666,1,750,0.0,83.73,83.73,0.0,0.0,1
Proposed_ShieldedQoE,bigbuckbunny,8,6,1,1,750,897.6,13.32,15.11,0.0,83.73,0.0,83.73,0,0.14285714285714285,1,750,0.0,83.73,83.73,0.0,0.0,1
Proposed_ShieldedQoE,bigbuckbunny,8,7,1,1,750,884.1,15.11,17.42,0.0,83.73,0.0,83.73,0,0.125,1,750,0.0,83.73,83.73,0.0,0.0,1
Proposed_ShieldedQoE,bigbuckbunny,8,8,1,1,750,901.1,17.42,16.63,0.0,83.73,0.0,83.73,0,0.1111111111111111,1,750,0.0,83.73,83.73,0.0,0.0,1
Proposed_ShieldedQoE,bigbuckbunny,8,9,1,1,750,882.9,16.63,19.04,0.0,83.73,0.0,83.73,0,0.1,1,750,0.0,83.73,83.73,0.0,0.0,1
Proposed_ShieldedQoE,bigbuckbunny,8,10,5,5,6000,901.2,19.04,20.18,0.0,97.14,13.41,83.73,0,0.09090909090909091,1,750,0.0,83.73,83.73,0.0,0.0,0
Proposed_ShieldedQoE,bigbuckbunny,8,11,2,2,1200,900.7,20.18,18.21,0.0,90.34,6.8,83.54,0,0.08333333333333333,1,750,0.0,83.73,83.73,-0.18999999999999773,0.0,0
Proposed_ShieldedQoE,bigbuckbunny,8,12,2,2,1200,901.6,18.21,11.97,0.0,90.34,0.0,90.34,0,0.07692307692307693,1,750,0.0,83.73,83.73,6.609999999999999,0.0,0
Proposed_ShieldedQoE,bigbuckbunny,8,13,0,0,300,900.5,11.97,11.6,0.0,66.58,23.76,42.82,0,0.07142857142857142,1,750,0.0,83.73,83.73,-40.910000000000004,0.0,0
Proposed_ShieldedQoE,bigbuckbunny,8,14,1,1,750,900.3,11.6,10.81,0.0,83.73,17.15,66.58,0,0.06666666666666667,1,750,0.0,83.73,83.73,-17.150000000000006,0.0,1
Proposed_ShieldedQoE,bigbuckbunny,8,15,1,1,750,897.1,10.81,10.08,0.0,83.73,0.0,83.73,0,0.0625,1,750,0.0,83.73,83.73,0.0,0.0,1
Proposed_ShieldedQoE,bigbuckbunny,8,16,1,1,750,902.5,10.08,6.31,0.0,83.73,0.0,83.73,0,0.058823529411764705,1,750,0.0,83.73,83.73,0.0,0.0,1
Proposed_ShieldedQoE,bigbuckbunny,8,17,1,1,750,807.4,6.31,5.46,0.0,83.73,0.0,83.73,0,0.05555555555555555,1,750,0.0,83.73,83.73,0.0,0.0,1
Proposed_ShieldedQoE,bigbuckbunny,8,18,1,1,750,902.0,5.46,7.08,0.0,83.73,0.0,83.73,0,0.05263157894736842,1,750,0.0,83.73,83.73,0.0,0.0,1
Proposed_ShieldedQoE,bigbuckbunny,8,19,1,1,750,900.4,7.08,7.96,0.0,83.73,0.0,83.73,0,0.05,1,750,0.0,83.73,83.73,0.0,0.0,1
Proposed_ShieldedQoE,bigbuckbunny,8,20,1,1,750,902.0,7.96,5.94,0.0,83.73,0.0,83.73,0,0.047619047619047616,1,750,0.0,83.73,83.73,0.0,0.0,1
Proposed_ShieldedQoE,bigbuckbunny,8,21,1,1,750,901.2,5.94,7.25,0.0,83.73,0.0,83.73,0,0.045454545454545456,2,1200,0.0,90.34,83.73,0.0,0.0,0
Proposed_ShieldedQoE,bigbuckbunny,8,22,1,1,750,900.6,7.25,9.0,0.0,83.73,0.0,83.73,0,0.043478260869565216,2,1200,0.0,90.34,90.34,-6.609999999999999,0.0,0
Proposed_ShieldedQoE,bigbuckbunny,8,23,1,1,750,902.1,9.0,10.59,0.0,83.73,0.0,83.73,0,0.041666666666666664,2,1200,0.0,90.34,90.34,-6.609999999999999,0.0,0
Proposed_ShieldedQoE,bigbuckbunny,8,24,1,1,750,901.1,10.59,10.66,0.0,83.73,0.0,83.73,0,0.04,2,1200,0.0,90.34,90.34,-6.609999999999999,0.0,0
Proposed_ShieldedQoE,bigbuckbunny,8,25,1,1,750,899.4,10.66,12.31,0.0,83.73,0.0,83.73,0,0.038461538461538464,2,1200,0.0,90.34,90.34,-6.609999999999999,0.0,0
Proposed_ShieldedQoE,bigbuckbunny,8,26,1,1,750,823.2,12.31,13.84,0.0,83.73,0.0,83.73,0,0.037037037037037035,2,1200,0.0,90.34,90.34,-6.609999999999999,0.0,0
Proposed_ShieldedQoE,bigbuckbunny,8,27,1,1,750,901.4,13.84,16.04,0.0,83.73,0.0,83.73,0,0.03571428571428571,2,1200,0.0,90.34,90.34,-6.609999999999999,0.0,0
Proposed_ShieldedQoE,bigbuckbunny,8,28,1,1,750,901.5,16.04,16.29,0.0,83.73,0.0,83.73,0,0.034482758620689655,2,1200,0.0,90.34,90.34,-6.609999999999999,0.0,0
Proposed_ShieldedQoE,bigbuckbunny,8,29,1,1,750,900.7,16.29,17.55,0.0,83.73,0.0,83.73,0,0.03333333333333333,2,1200,0.0,90.34,90.34,-6.609999999999999,0.0,0
Proposed_ShieldedQoE,bigbuckbunny,8,30,1,1,750,899.6,17.55,18.01,0.0,83.73,0.0,83.73,0,0.03225806451612903,2,1200,0.0,90.34,90.34,-6.609999999999999,0.0,0
Proposed_ShieldedQoE,bigbuckbunny,8,31,1,1,750,902.2,18.01,18.73,0.0,83.73,0.0,83.73,0,0.03125,1,750,0.0,83.73,77.12,6.609999999999999,0.0,1
Proposed_ShieldedQoE,bigbuckbunny,8,32,1,1,750,900.9,18.73,15.46,0.0,83.73,0.0,83.73,0,0.030303030303030304,1,750,0.0,83.73,83.73,0.0,0.0,1
Proposed_ShieldedQoE,bigbuckbunny,8,33,1,1,750,894.7,15.46,17.18,0.0,83.73,0.0,83.73,0,0.029411764705882353,1,750,0.0,83.73,83.73,0.0,0.0,1
Proposed_ShieldedQoE,bigbuckbunny,8,34,1,1,750,901.3,17.18,17.01,0.0,83.73,0.0,83.73,0,0.02857142857142857,1,750,0.0,83.73,83.73,0.0,0.0,1
Proposed_ShieldedQoE,bigbuckbunny,8,35,1,1,750,902.2,17.01,17.79,0.0,83.73,0.0,83.73,0,0.027777777777777776,1,750,0.0,83.73,83.73,0.0,0.0,1
Proposed_ShieldedQoE,bigbuckbunny,8,36,1,1,750,901.0,17.79,14.28,0.0,83.73,0.0,83.73,0,0.02702702702702703,1,750,0.149,83.73,83.09,0.6400000000000006,-0.149,1
Proposed_ShieldedQoE,bigbuckbunny,8,37,1,1,750,901.0,14.28,15.42,0.0,83.73,0.0,83.73,0,0.02631578947368421,1,750,0.0,83.73,83.73,0.0,0.0,1
Proposed_ShieldedQoE,bigbuckbunny,8,38,1,1,750,901.5,15.42,16.08,0.0,83.73,0.0,83.73,0,0.02564102564102564,1,750,0.0,83.73,83.73,0.0,0.0,1
Proposed_ShieldedQoE,bigbuckbunny,8,39,1,1,750,871.6,16.08,16.04,0.0,83.73,0.0,83.73,0,0.025,1,750,0.0,83.73,83.73,0.0,0.0,1
Proposed_ShieldedQoE,bigbuckbunny,8,40,1,1,750,901.6,16.04,14.98,0.0,83.73,0.0,83.73,0,0.024390243902439025,1,750,0.0,83.73,83.73,0.0,0.0,1
Proposed_ShieldedQoE,bigbuckbunny,8,41,1,1,750,901.8,14.98,15.91,0.0,83.73,0.0,83.73,0,0.023809523809523808,2,1200,0.212,90.34,82.82,0.9100000000000108,-0.212,0
Proposed_ShieldedQoE,bigbuckbunny,8,42,1,1,750,901.0,15.91,18.07,0.0,83.73,0.0,83.73,0,0.023255813953488372,2,1200,0.0,90.34,90.34,-6.609999999999999,0.0,0
Proposed_ShieldedQoE,bigbuckbunny,8,43,5,5,6000,900.8,18.07,19.81,0.0,97.14,13.41,83.73,0,0.022727272727272728,2,1200,0.0,90.34,90.34,-6.609999999999999,0.0,0
Proposed_ShieldedQoE,bigbuckbunny,8,44,2,2,1200,900.8,19.81,18.98,0.0,90.34,6.8,83.54,0,0.022222222222222223,2,1200,0.0,90.34,90.34,-6.799999999999997,0.0,1
Proposed_ShieldedQoE,bigbuckbunny,8,45,2,2,1200,901.8,18.98,19.9,0.0,90.34,0.0,90.34,0,0.021739130434782608,3,1850,0.0,95.49,90.34,0.0,0.0,0
Proposed_ShieldedQoE,bigbuckbunny,8,46,2,2,1200,900.7,19.9,20.65,0.0,90.34,0.0,90.34,0,0.02127659574468085,3,1850,0.0,95.49,95.49,-5.1499999999999915,0.0,0
Proposed_ShieldedQoE,bigbuckbunny,8,47,2,2,1200,900.7,20.65,21.22,0.0,90.34,0.0,90.34,0,0.020833333333333332,3,1850,1.09,95.49,90.8,-0.45999999999999375,-1.09,0
Proposed_ShieldedQoE,bigbuckbunny,9,0,1,0,300,1125.3,1.22,4.0,0.483,66.58,0.0,64.5,1,1.0,1,750,3.033,83.73,70.69,-6.189999999999998,-2.55,0
Proposed_ShieldedQoE,bigbuckbunny,9,1,4,3,1850,956.1,4.0,5.96,0.0,95.49,28.91,66.58,1,1.0,2,1200,0.0,90.34,83.73,-17.150000000000006,0.0,0
Proposed_ShieldedQoE,bigbuckbunny,9,2,1,1,750,823.4,5.96,7.77,0.0,83.73,11.76,71.97,0,0.6666666666666666,2,1200,0.0,90.34,90.34,-18.370000000000005,0.0,0
Proposed_ShieldedQoE,bigbuckbunny,9,3,1,1,750,1207.6,7.77,10.16,0.0,83.73,0.0,83.73,0,0.5,2,1200,0.0,90.34,90.34,-6.609999999999999,0.0,0
Proposed_ShieldedQoE,bigbuckbunny,9,4,1,1,750,1173.0,10.16,11.58,0.0,83.73,0.0,83.73,0,0.4,2,1200,0.0,90.34,90.34,-6.609999999999999,0.0,0
Proposed_ShieldedQoE,bigbuckbunny,9,5,5,5,6000,1203.8,11.58,13.8,0.0,97.14,13.41,83.73,0,0.3333333333333333,2,1200,0.0,90.34,90.34,-6.609999999999999,0.0,0
Proposed_ShieldedQoE,bigbuckbunny,9,6,2,2,1200,1089.3,13.8,14.89,0.0,90.34,6.8,83.54,0,0.2857142857142857,2,1200,0.0,90.34,90.34,-6.799999999999997,0.0,1
Proposed_ShieldedQoE,bigbuckbunny,9,7,2,2,1200,1211.6,14.89,16.91,0.0,90.34,0.0,90.34,0,0.25,2,1200,0.0,90.34,90.34,0.0,0.0,1
Proposed_ShieldedQoE,bigbuckbunny,9,8,2,2,1200,1178.5,16.91,15.05,0.0,90.34,0.0,90.34,0,0.2222222222222222,2,1200,0.0,90.34,90.34,0.0,0.0,1
Proposed_ShieldedQoE,bigbuckbunny,9,9,2,2,1200,1006.7,15.05,16.82,0.0,90.34,0.0,90.34,0,0.2,2,1200,0.0,90.34,90.34,0.0,0.0,1
Proposed_ShieldedQoE,bigbuckbunny,9,10,2,2,1200,1247.8,16.82,18.76,0.0,90.34,0.0,90.34,0,0.18181818181818182,2,1200,0.0,90.34,90.34,0.0,0.0,1
Proposed_ShieldedQoE,bigbuckbunny,9,11,2,2,1200,763.9,18.76,15.72,0.0,90.34,0.0,90.34,0,0.16666666666666666,1,750,0.0,83.73,77.12,13.219999999999999,0.0,0
Proposed_ShieldedQoE,bigbuckbunny,9,12,0,0,300,1168.9,15.72,14.78,0.0,66.58,23.76,42.82,0,0.15384615384615385,1,750,0.0,83.73,83.73,-40.910000000000004,0.0,0
Proposed_ShieldedQoE,bigbuckbunny,9,13,1,1,750,1211.6,14.78,15.54,0.0,83.73,17.15,66.58,0,0.14285714285714285,1,750,0.0,83.73,83.73,-17.150000000000006,0.0,1
Proposed_ShieldedQoE,bigbuckbunny,9,14,1,1,750,969.1,15.54,15.09,0.0,83.73,0.0,83.73,0,0.13333333333333333,1,750,0.0,83.73,83.73,0.0,0.0,1
Proposed_ShieldedQoE,bigbuckbunny,9,15,1,1,750,1127.2,15.09,15.32,0.0,83.73,0.0,83.73,0,0.125,1,750,0.0,83.73,83.73,0.0,0.0,1
Proposed_ShieldedQoE,bigbuckbunny,9,16,1,1,750,1159.4,15.32,13.28,0.0,83.73,0.0,83.73,0,0.11764705882352941,1,750,0.0,83.73,83.73,0.0,0.0,1
Proposed_ShieldedQoE,bigbuckbunny,9,17,1,1,750,561.7,13.28,10.3,0.0,83.73,0.0,83.73,0,0.1111111111111111,1,750,0.0,83.73,83.73,0.0,0.0,1
Proposed_ShieldedQoE,bigbuckbunny,9,18,1,1,750,1222.0,10.3,12.54,0.0,83.73,0.0,83.73,0,0.10526315789473684,1,750,0.0,83.73,83.73,0.0,0.0,1
Proposed_ShieldedQoE,bigbuckbunny,9,19,1,1,750,1103.6,12.54,13.99,0.0,83.73,0.0,83.73,0,0.1,1,750,0.0,83.73,83.73,0.0,0.0,1
Proposed_ShieldedQoE,bigbuckbunny,9,20,1,1,750,1120.9,13.99,13.16,0.0,83.73,0.0,83.73,0,0.09523809523809523,1,750,0.0,83.73,83.73,0.0,0.0,1
Proposed_ShieldedQoE,bigbuckbunny,9,21,1,1,750,1012.5,13.16,14.76,0.0,83.73,0.0,83.73,0,0.09090909090909091,1,750,0.0,83.73,83.73,0.0,0.0,1
Proposed_ShieldedQoE,bigbuckbunny,9,22,1,1,750,1122.2,14.76,16.95,0.0,83.73,0.0,83.73,0,0.08695652173913043,1,750,0.0,83.73,83.73,0.0,0.0,1
Proposed_ShieldedQoE,bigbuckbunny,9,23,5,5,6000,972.2,16.95,17.37,0.0,97.14,13.41,83.73,0,0.08333333333333333,1,750,0.0,83.73,83.73,0.0,0.0,0
Proposed_ShieldedQoE,bigbuckbunny,9,24,2,2,1200,917.8,17.37,15.2,0.0,90.34,6.8,83.54,0,0.08,1,750,0.0,83.73,83.73,-0.18999999999999773,0.0,0
Proposed_ShieldedQoE,bigbuckbunny,9,25,2,2,1200,1228.1,15.2,16.45,0.0,90.34,0.0,90.34,0,0.07692307692307693,1,750,0.0,83.73,83.73,6.609999999999999,0.0,0
Proposed_ShieldedQoE,bigbuckbunny,9,26,2,2,1200,1187.8,16.45,17.71,0.0,90.34,0.0,90.34,0,0.07407407407407407,1,750,0.0,83.73,83.73,6.609999999999999,0.0,0
Proposed_ShieldedQoE,bigbuckbunny,9,27,2,2,1200,983.4,17.71,19.06,0.0,90.34,0.0,90.34,0,0.07142857142857142,1,750,0.0,83.73,83.73,6.609999999999999,0.0,0
Proposed_ShieldedQoE,bigbuckbunny,9,28,2,2,1200,1268.5,19.06,18.81,0.0,90.34,0.0,90.34,0,0.06896551724137931,1,750,0.0,83.73,83.73,6.609999999999999,0.0,0
Proposed_ShieldedQoE,bigbuckbunny,9,29,2,2,1200,1089.4,18.81,19.18,0.0,90.34,0.0,90.34,0,0.06666666666666667,1,750,0.0,83.73,83.73,6.609999999999999,0.0,0
Proposed_ShieldedQoE,bigbuckbunny,9,30,2,2,1200,660.9,19.18,15.47,0.0,90.34,0.0,90.34,0,0.06451612903225806,1,750,0.0,83.73,83.73,6.609999999999999,0.0,0
Proposed_ShieldedQoE,bigbuckbunny,9,31,2,2,1200,380.2,15.47,7.02,0.0,90.34,0.0,90.34,0,0.0625,1,750,0.0,83.73,83.73,6.609999999999999,0.0,0
Proposed_ShieldedQoE,bigbuckbunny,9,32,0,0,300,1075.2,7.02,4.93,0.0,66.58,23.76,42.82,0,0.06060606060606061,1,750,0.0,83.73,83.73,-40.910000000000004,0.0,0
Proposed_ShieldedQoE,bigbuckbunny,9,33,1,0,300,113.5,4.93,4.0,2.24,66.58,0.0,56.95,1,0.08823529411764706,1,750,0.0,83.73,83.73,-26.78,2.24,0
Proposed_ShieldedQoE,bigbuckbunny,9,34,1,0,300,1047.7,4.0,6.56,0.0,66.58,0.0,66.58,1,0.11428571428571428,1,750,0.0,83.73,83.73,-17.150000000000006,0.0,0
Proposed_ShieldedQoE,bigbuckbunny,9,35,0,0,300,711.3,6.56,8.93,0.0,66.58,0.0,66.58,0,0.1111111111111111,1,750,0.0,83.73,83.73,-17.150000000000006,0.0,0
Proposed_ShieldedQoE,bigbuckbunny,9,36,0,0,300,569.9,8.93,8.18,0.0,66.58,0.0,66.58,0,0.10810810810810811,1,750,5.718,83.73,59.14,7.439999999999998,-5.718,0
Proposed_ShieldedQoE,bigbuckbunny,9,37,0,0,300,1169.5,8.18,11.3,0.0,66.58,0.0,66.58,0,0.10526315789473684,1,750,0.0,83.73,83.73,-17.150000000000006,0.0,0
Proposed_ShieldedQoE,bigbuckbunny,9,38,4,4,2850,1241.1,11.3,12.88,0.0,97.11,30.53,66.58,0,0.10256410256410256,1,750,0.0,83.73,83.73,-17.150000000000006,0.0,0
Proposed_ShieldedQoE,bigbuckbunny,9,39,1,1,750,1033.7,12.88,13.47,0.0,83.73,13.38,70.35,0,0.1,1,750,0.0,83.73,83.73,-13.38000000000001,0.0,1
Proposed_ShieldedQoE,bigbuckbunny,9,40,1,1,750,994.4,13.47,12.88,0.0,83.73,0.0,83.73,0,0.0975609756097561,1,750,0.0,83.73,83.73,0.0,0.0,1
Proposed_ShieldedQoE,bigbuckbunny,9,41,1,1,750,298.9,12.88,7.62,0.0,83.73,0.0,83.73,0,0.09523809523809523,1,750,1.885,83.73,75.63,8.100000000000009,-1.885,1
Proposed_ShieldedQoE,bigbuckbunny,9,42,1,1,750,1043.3,7.62,10.03,0.0,83.73,0.0,83.73,0,0.09302325581395349,2,1200,0.0,90.34,83.73,0.0,0.0,0
Proposed_ShieldedQoE,bigbuckbunny,9,43,1,1,750,265.1,10.03,9.24,0.0,83.73,0.0,83.73,0,0.09090909090909091,2,1200,2.205,90.34,80.86,2.8700000000000045,-2.205,0
Proposed_ShieldedQoE,bigbuckbunny,9,44,1,1,750,992.9,9.24,10.51,0.0,83.73,0.0,83.73,0,0.08888888888888889,2,1200,0.381,90.34,88.7,-4.969999999999999,-0.381,0
Proposed_ShieldedQoE,bigbuckbunny,9,45,1,1,750,921.1,10.51,12.62,0.0,83.73,0.0,83.73,0,0.08695652173913043,2,1200,0.0,90.34,90.34,-6.609999999999999,0.0,0
Proposed_ShieldedQoE,bigbuckbunny,9,46,1,1,750,629.3,12.62,13.71,0.0,83.73,0.0,83.73,0,0.0851063829787234,2,1200,0.0,90.34,90.34,-6.609999999999999,0.0,0
Proposed_ShieldedQoE,bigbuckbunny,9,47,1,1,750,945.5,13.71,15.67,0.0,83.73,0.0,83.73,0,0.08333333333333333,2,1200,0.0,90.34,90.34,-6.609999999999999,0.0,0
Proposed_ShieldedQoE,bigbuckbunny,10,0,1,0,300,956.3,1.02,4.0,0.981,66.58,0.0,62.36,1,1.0,1,750,3.982,83.73,66.61,-4.25,-3.0010000000000003,0
Proposed_ShieldedQoE,bigbuckbunny,10,1,4,3,1850,1160.2,4.0,6.32,0.0,95.49,28.91,66.58,1,1.0,1,750,0.0,83.73,83.73,-17.150000000000006,0.0,0
Proposed_ShieldedQoE,bigbuckbunny,10,2,1,1,750,1012.1,6.32,8.54,0.0,83.73,11.76,71.97,0,0.6666666666666666,1,750,0.0,83.73,83.73,-11.760000000000005,0.0,1
Proposed_ShieldedQoE,bigbuckbunny,10,3,1,1,750,1129.0,8.54,10.82,0.0,83.73,0.0,83.73,0,0.5,1,750,0.0,83.73,83.73,0.0,0.0,1
Proposed_ShieldedQoE,bigbuckbunny,10,4,1,1,750,847.8,10.82,11.25,0.0,83.73,0.0,83.73,0,0.4,1,750,0.0,83.73,83.73,0.0,0.0,1
Proposed_ShieldedQoE,bigbuckbunny,10,5,1,1,750,792.3,11.25,13.56,0.0,83.73,0.0,83.73,0,0.3333333333333333,1,750,0.0,83.73,83.73,0.0,0.0,1
Proposed_ShieldedQoE,bigbuckbunny,10,6,1,1,750,471.8,13.56,13.36,0.0,83.73,0.0,83.73,0,0.2857142857142857,1,750,0.0,83.73,83.73,0.0,0.0,1
Proposed_ShieldedQoE,bigbuckbunny,10,7,1,1,750,893.2,13.36,15.68,0.0,83.73,0.0,83.73,0,0.25,1,750,0.0,83.73,83.73,0.0,0.0,1
Proposed_ShieldedQoE,bigbuckbunny,10,8,1,1,750,1029.0,15.68,15.49,0.0,83.73,0.0,83.73,0,0.2222222222222222,1,750,0.0,83.73,83.73,0.0,0.0,1
Proposed_ShieldedQoE,bigbuckbunny,10,9,1,1,750,528.2,15.49,16.83,0.0,83.73,0.0,83.73,0,0.2,1,750,0.0,83.73,83.73,0.0,0.0,1
Proposed_ShieldedQoE,bigbuckbunny,10,10,1,1,750,754.5,16.83,18.7,0.0,83.73,0.0,83.73,0,0.18181818181818182,1,750,0.0,83.73,83.73,0.0,0.0,1
Proposed_ShieldedQoE,bigbuckbunny,10,11,1,1,750,815.3,18.7,18.58,0.0,83.73,0.0,83.73,0,0.16666666666666666,1,750,0.0,83.73,83.73,0.0,0.0,1
Proposed_ShieldedQoE,bigbuckbunny,10,12,1,1,750,721.2,18.58,14.57,0.0,83.73,0.0,83.73,0,0.15384615384615385,0,300,0.0,66.58,49.43,34.300000000000004,0.0,0
Proposed_ShieldedQoE,bigbuckbunny,10,13,1,1,750,534.2,14.57,11.21,0.0,83.73,0.0,83.73,0,0.14285714285714285,0,300,0.0,66.58,66.58,17.150000000000006,0.0,0
Proposed_ShieldedQoE,bigbuckbunny,10,14,1,1,750,587.3,11.21,7.87,0.0,83.73,0.0,83.73,0,0.13333333333333333,0,300,0.0,66.58,66.58,17.150000000000006,0.0,0
Proposed_ShieldedQoE,bigbuckbunny,10,15,1,1,750,713.5,7.87,5.92,0.0,83.73,0.0,83.73,0,0.125,0,300,0.0,66.58,66.58,17.150000000000006,0.0,0
Proposed_ShieldedQoE,bigbuckbunny,10,16,1,0,300,503.6,5.92,4.35,0.0,66.58,17.15,49.43,1,0.17647058823529413,0,300,0.0,66.58,66.58,-17.15,0.0,1
Proposed_ShieldedQoE,bigbuckbunny,10,17,0,0,300,282.3,4.35,4.0,1.202,66.58,0.0,61.41,0,0.16666666666666666,0,300,0.0,66.58,66.58,-5.170000000000002,1.202,1
Proposed_ShieldedQoE,bigbuckbunny,10,18,0,0,300,343.5,4.0,5.5,0.0,66.58,0.0,66.58,0,0.15789473684210525,1,750,0.0,83.73,66.58,0.0,0.0,0
Proposed_ShieldedQoE,bigbuckbunny,10,19,0,0,300,533.8,5.5,7.39,0.0,66.58,0.0,66.58,0,0.15,1,750,0.0,83.73,83.73,-17.150000000000006,0.0,0
Proposed_ShieldedQoE,bigbuckbunny,10,20,0,0,300,775.6,7.39,8.59,0.0,66.58,0.0,66.58,0,0.14285714285714285,1,750,0.0,83.73,83.73,-17.150000000000006,0.0,0
Proposed_ShieldedQoE,bigbuckbunny,10,21,1,1,750,576.4,8.59,8.39,0.0,83.73,17.15,66.58,0,0.13636363636363635,1,750,0.0,83.73,83.73,-17.150000000000006,0.0,1
Proposed_ShieldedQoE,bigbuckbunny,10,22,1,1,750,502.9,8.39,8.35,0.0,83.73,0.0,83.73,0,0.13043478260869565,1,750,0.0,83.73,83.73,0.0,0.0,1
Proposed_ShieldedQoE,bigbuckbunny,10,23,1,1,750,487.7,8.35,7.89,0.0,83.73,0.0,83.73,0,0.125,1,750,0.0,83.73,83.73,0.0,0.0,1
Proposed_ShieldedQoE,bigbuckbunny,10,24,1,1,750,400.4,7.89,4.0,0.954,83.73,0.0,79.63,0,0.12,1,750,0.0,83.73,83.73,-4.1000000000000085,0.954,1
Proposed_ShieldedQoE,bigbuckbunny,10,25,1,1,750,446.7,4.0,4.0,0.723,83.73,0.0,80.62,0,0.11538461538461539,1,750,0.0,83.73,83.73,-3.1099999999999994,0.723,1
Proposed_ShieldedQoE,bigbuckbunny,10,26,1,1,750,1006.1,4.0,5.98,0.0,83.73,0.0,83.73,0,0.1111111111111111,1,750,0.0,83.73,83.73,0.0,0.0,1
Proposed_ShieldedQoE,bigbuckbunny,10,27,1,1,750,845.8,5.98,8.06,0.0,83.73,0.0,83.73,0,0.10714285714285714,1,750,0.0,83.73,83.73,0.0,0.0,1
Proposed_ShieldedQoE,bigbuckbunny,10,28,1,1,750,633.0,8.06,6.73,0.0,83.73,0.0,83.73,0,0.10344827586206896,1,750,0.0,83.73,83.73,0.0,0.0,1
Proposed_ShieldedQoE,bigbuckbunny,10,29,1,1,750,1261.3,6.73,8.76,0.0,83.73,0.0,83.73,0,0.1,1,750,0.0,83.73,83.73,0.0,0.0,1
Proposed_ShieldedQoE,bigbuckbunny,10,30,1,1,750,1113.3,8.76,9.91,0.0,83.73,0.0,83.73,0,0.0967741935483871,1,750,0.0,83.73,83.73,0.0,0.0,1
Proposed_ShieldedQoE,bigbuckbunny,10,31,1,1,750,596.7,9.91,8.95,0.0,83.73,0.0,83.73,0,0.09375,1,750,0.0,83.73,83.73,0.0,0.0,1
Proposed_ShieldedQoE,bigbuckbunny,10,32,1,1,750,627.1,8.95,4.0,1.504,83.73,0.0,77.26,0,0.09090909090909091,1,750,0.0,83.73,83.73,-6.469999999999999,1.504,1
Proposed_ShieldedQoE,bigbuckbunny,10,33,1,1,750,882.9,4.0,5.7,0.0,83.73,0.0,83.73,0,0.08823529411764706,1,750,0.0,83.73,83.73,0.0,0.0,1
Proposed_ShieldedQoE,bigbuckbunny,10,34,1,1,750,1234.7,5.7,6.65,0.0,83.73,0.0,83.73,0,0.08571428571428572,1,750,0.0,83.73,83.73,0.0,0.0,1
Proposed_ShieldedQoE,bigbuckbunny,10,35,1,1,750,1061.1,6.65,7.91,0.0,83.73,0.0,83.73,0,0.08333333333333333,1,750,0.0,83.73,83.73,0.0,0.0,1
Proposed_ShieldedQoE,bigbuckbunny,10,36,1,1,750,972.2,7.91,4.95,0.0,83.73,0.0,83.73,0,0.08108108108108109,1,750,0.0,83.73,83.73,0.0,0.0,1
Proposed_ShieldedQoE,bigbuckbunny,10,37,1,1,750,682.0,4.95,5.17,0.0,83.73,0.0,83.73,0,0.07894736842105263,1,750,0.0,83.73,83.73,0.0,0.0,1
Proposed_ShieldedQoE,bigbuckbunny,10,38,1,1,750,609.2,5.17,4.24,0.0,83.73,0.0,83.73,0,0.07692307692307693,1,750,0.0,83.73,83.73,0.0,0.0,1
Proposed_ShieldedQoE,bigbuckbunny,10,39,1,1,750,468.4,4.24,4.0,3.284,83.73,0.0,69.61,0,0.075,1,750,1.579,83.73,76.94,-7.329999999999998,1.7049999999999998,1
Proposed_ShieldedQoE,bigbuckbunny,10,40,0,0,300,1047.2,4.0,6.26,0.0,66.58,17.15,49.43,0,0.07317073170731707,1,750,0.357,83.73,82.19,-32.76,-0.357,0
Proposed_ShieldedQoE,bigbuckbunny,10,41,1,1,750,819.8,6.26,6.88,0.0,83.73,17.15,66.58,0,0.07142857142857142,1,750,0.0,83.73,83.73,-17.150000000000006,0.0,1
Proposed_ShieldedQoE,bigbuckbunny,10,42,1,1,750,534.5,6.88,7.77,0.0,83.73,0.0,83.73,0,0.06976744186046512,1,750,0.0,83.73,83.73,0.0,0.0,1
Proposed_ShieldedQoE,bigbuckbunny,10,43,1,1,750,669.7,7.77,9.88,0.0,83.73,0.0,83.73,0,0.06818181818181818,2,1200,0.0,90.34,83.73,0.0,0.0,0
Proposed_ShieldedQoE,bigbuckbunny,10,44,1,1,750,762.5,9.88,10.31,0.0,83.73,0.0,83.73,0,0.06666666666666667,2,1200,0.0,90.34,90.34,-6.609999999999999,0.0,0
Proposed_ShieldedQoE,bigbuckbunny,10,45,1,1,750,468.7,10.31,10.6,0.0,83.73,0.0,83.73,0,0.06521739130434782,2,1200,1.161,90.34,85.35,-1.6199999999999903,-1.161,0
Proposed_ShieldedQoE,bigbuckbunny,10,46,1,1,750,706.1,10.6,12.01,0.0,83.73,0.0,83.73,0,0.06382978723404255,2,1200,0.138,90.34,89.75,-6.019999999999996,-0.138,0
Proposed_ShieldedQoE,bigbuckbunny,10,47,1,1,750,703.9,12.01,13.27,0.0,83.73,0.0,83.73,0,0.0625,2,1200,0.396,90.34,88.64,-4.909999999999997,-0.396,0
Proposed_ShieldedQoE,bigbuckbunny,11,0,1,0,300,897.2,1.75,4.0,0.384,66.58,0.0,64.93,1,1.0,1,750,3.582,83.73,68.33,-3.3999999999999915,-3.198,0
Proposed_ShieldedQoE,bigbuckbunny,11,1,0,0,300,950.5,4.0,7.18,0.0,66.58,0.0,66.58,0,0.5,2,1200,0.0,90.34,83.73,-17.150000000000006,0.0,0
Proposed_ShieldedQoE,bigbuckbunny,11,2,4,4,2850,950.5,7.18,9.28,0.0,97.11,30.53,66.58,0,0.3333333333333333,2,1200,0.0,90.34,90.34,-23.760000000000005,0.0,0
Proposed_ShieldedQoE,bigbuckbunny,11,3,1,1,750,950.5,9.28,11.24,0.0,83.73,13.38,70.35,0,0.25,2,1200,0.0,90.34,90.34,-19.99000000000001,0.0,0
Proposed_ShieldedQoE,bigbuckbunny,11,4,1,1,750,950.5,11.24,12.06,0.0,83.73,0.0,83.73,0,0.2,2,1200,0.0,90.34,90.34,-6.609999999999999,0.0,0
Proposed_ShieldedQoE,bigbuckbunny,11,5,1,1,750,950.5,12.06,14.65,0.0,83.73,0.0,83.73,0,0.16666666666666666,2,1200,0.0,90.34,90.34,-6.609999999999999,0.0,0
Proposed_ShieldedQoE,bigbuckbunny,11,6,1,1,750,950.5,14.65,16.56,0.0,83.73,0.0,83.73,0,0.14285714285714285,2,1200,0.0,90.34,90.34,-6.609999999999999,0.0,0
Proposed_ShieldedQoE,bigbuckbunny,11,7,5,5,6000,950.5,16.56,18.04,0.0,97.14,13.41,83.73,0,0.125,2,1200,0.0,90.34,90.34,-6.609999999999999,0.0,0
Proposed_ShieldedQoE,bigbuckbunny,11,8,2,2,1200,941.2,18.04,14.7,0.0,90.34,6.8,83.54,0,0.1111111111111111,2,1200,0.0,90.34,90.34,-6.799999999999997,0.0,1
Proposed_ShieldedQoE,bigbuckbunny,11,9,2,2,1200,950.5,14.7,16.34,0.0,90.34,0.0,90.34,0,0.1,2,1200,0.0,90.34,90.34,0.0,0.0,1
Proposed_ShieldedQoE,bigbuckbunny,11,10,2,2,1200,950.5,16.34,17.63,0.0,90.34,0.0,90.34,0,0.09090909090909091,2,1200,0.0,90.34,90.34,0.0,0.0,1
Proposed_ShieldedQoE,bigbuckbunny,11,11,2,2,1200,950.5,17.63,15.98,0.0,90.34,0.0,90.34,0,0.08333333333333333,1,750,0.0,83.73,77.12,13.219999999999999,0.0,0
Proposed_ShieldedQoE,bigbuckbunny,11,12,2,2,1200,950.5,15.98,10.26,0.0,90.34,0.0,90.34,0,0.07692307692307693,1,750,0.0,83.73,83.73,6.609999999999999,0.0,0
Proposed_ShieldedQoE,bigbuckbunny,11,13,0,0,300,1142.9,10.26,10.82,0.0,66.58,23.76,42.82,0,0.07142857142857142,1,750,0.0,83.73,83.73,-40.910000000000004,0.0,0
Proposed_ShieldedQoE,bigbuckbunny,11,14,1,1,750,1132.1,10.82,11.01,0.0,83.73,17.15,66.58,0,0.06666666666666667,1,750,0.0,83.73,83.73,-17.150000000000006,0.0,1
Proposed_ShieldedQoE,bigbuckbunny,11,15,1,1,750,1142.9,11.01,11.29,0.0,83.73,0.0,83.73,0,0.0625,1,750,0.0,83.73,83.73,0.0,0.0,1
Proposed_ShieldedQoE,bigbuckbunny,11,16,1,1,750,1142.9,11.29,9.16,0.0,83.73,0.0,83.73,0,0.058823529411764705,1,750,0.0,83.73,83.73,0.0,0.0,1
Proposed_ShieldedQoE,bigbuckbunny,11,17,1,1,750,1142.9,9.16,9.73,0.0,83.73,0.0,83.73,0,0.05555555555555555,1,750,0.0,83.73,83.73,0.0,0.0,1
Proposed_ShieldedQoE,bigbuckbunny,11,18,1,1,750,1142.9,9.73,11.85,0.0,83.73,0.0,83.73,0,0.05263157894736842,1,750,0.0,83.73,83.73,0.0,0.0,1
Proposed_ShieldedQoE,bigbuckbunny,11,19,1,1,750,1142.9,11.85,13.39,0.0,83.73,0.0,83.73,0,0.05,1,750,0.0,83.73,83.73,0.0,0.0,1
Proposed_ShieldedQoE,bigbuckbunny,11,20,1,1,750,1142.9,13.39,12.65,0.0,83.73,0.0,83.73,0,0.047619047619047616,1,750,0.0,83.73,83.73,0.0,0.0,1
Proposed_ShieldedQoE,bigbuckbunny,11,21,1,1,750,1142.9,12.65,14.53,0.0,83.73,0.0,83.73,0,0.045454545454545456,2,1200,0.0,90.34,83.73,0.0,0.0,0
Proposed_ShieldedQoE,bigbuckbunny,11,22,1,1,750,1142.9,14.53,16.75,0.0,83.73,0.0,83.73,0,0.043478260869565216,2,1200,0.0,90.34,90.34,-6.609999999999999,0.0,0
Proposed_ShieldedQoE,bigbuckbunny,11,23,5,5,6000,1132.1,16.75,17.67,0.0,97.14,13.41,83.73,0,0.041666666666666664,2,1200,0.0,90.34,90.34,-6.609999999999999,0.0,0
Proposed_ShieldedQoE,bigbuckbunny,11,24,2,2,1200,1081.1,17.67,16.43,0.0,90.34,6.8,83.54,0,0.04,2,1200,0.0,90.34,90.34,-6.799999999999997,0.0,1
Proposed_ShieldedQoE,bigbuckbunny,11,25,2,2,1200,1132.1,16.43,17.45,0.0,90.34,0.0,90.34,0,0.038461538461538464,2,1200,0.0,90.34,90.34,0.0,0.0,1
Proposed_ShieldedQoE,bigbuckbunny,11,26,2,2,1200,1142.9,17.45,18.61,0.0,90.34,0.0,90.34,0,0.037037037037037035,2,1200,0.0,90.34,90.34,0.0,0.0,1
Proposed_ShieldedQoE,bigbuckbunny,11,27,2,2,1200,1132.1,18.61,20.31,0.0,90.34,0.0,90.34,0,0.03571428571428571,2,1200,0.0,90.34,90.34,0.0,0.0,1
Proposed_ShieldedQoE,bigbuckbunny,11,28,2,2,1200,1132.1,20.31,19.54,0.0,90.34,0.0,90.34,0,0.034482758620689655,2,1200,0.0,90.34,90.34,0.0,0.0,1
Proposed_ShieldedQoE,bigbuckbunny,11,29,2,2,1200,1132.1,19.54,20.04,0.0,90.34,0.0,90.34,0,0.03333333333333333,2,1200,0.0,90.34,90.34,0.0,0.0,1
Proposed_ShieldedQoE,bigbuckbunny,11,30,2,2,1200,1142.9,20.04,19.59,0.0,90.34,0.0,90.34,0,0.03225806451612903,2,1200,0.0,90.34,90.34,0.0,0.0,1
Proposed_ShieldedQoE,bigbuckbunny,11,31,2,2,1200,1132.1,19.59,19.41,0.0,90.34,0.0,90.34,0,0.03125,2,1200,0.0,90.34,90.34,0.0,0.0,1
Proposed_ShieldedQoE,bigbuckbunny,11,32,2,2,1200,1132.1,19.41,14.14,0.0,90.34,0.0,90.34,0,0.030303030303030304,2,1200,0.0,90.34,90.34,0.0,0.0,1
Proposed_ShieldedQoE,bigbuckbunny,11,33,2,2,1200,1142.9,14.14,15.29,0.0,90.34,0.0,90.34,0,0.029411764705882353,2,1200,0.0,90.34,90.34,0.0,0.0,1
Proposed_ShieldedQoE,bigbuckbunny,11,34,2,2,1200,1132.1,15.29,13.98,0.0,90.34,0.0,90.34,0,0.02857142857142857,2,1200,0.0,90.34,90.34,0.0,0.0,1
Proposed_ShieldedQoE,bigbuckbunny,11,35,2,2,1200,1132.1,13.98,13.87,0.0,90.34,0.0,90.34,0,0.027777777777777776,2,1200,0.0,90.34,90.34,0.0,0.0,1
Proposed_ShieldedQoE,bigbuckbunny,11,36,2,2,1200,897.2,13.87,5.81,0.0,90.34,0.0,90.34,0,0.02702702702702703,1,750,0.0,83.73,77.12,13.219999999999999,0.0,0
Proposed_ShieldedQoE,bigbuckbunny,11,37,1,1,750,849.6,5.81,6.77,0.0,83.73,6.61,77.12,0,0.02631578947368421,1,750,0.0,83.73,83.73,-6.609999999999999,0.0,1
Proposed_ShieldedQoE,bigbuckbunny,11,38,1,1,750,849.6,6.77,7.23,0.0,83.73,0.0,83.73,0,0.02564102564102564,1,750,0.0,83.73,83.73,0.0,0.0,1
Proposed_ShieldedQoE,bigbuckbunny,11,39,1,1,750,849.6,7.23,7.08,0.0,83.73,0.0,83.73,0,0.025,1,750,0.0,83.73,83.73,0.0,0.0,1
Proposed_ShieldedQoE,bigbuckbunny,11,40,1,1,750,849.6,7.08,5.71,0.0,83.73,0.0,83.73,0,0.024390243902439025,1,750,0.0,83.73,83.73,0.0,0.0,1
Proposed_ShieldedQoE,bigbuckbunny,11,41,1,1,750,849.6,5.71,6.46,0.0,83.73,0.0,83.73,0,0.023809523809523808,2,1200,0.379,90.34,82.1,1.6300000000000097,-0.379,0
Proposed_ShieldedQoE,bigbuckbunny,11,42,1,1,750,842.1,6.46,8.48,0.0,83.73,0.0,83.73,0,0.023255813953488372,2,1200,0.0,90.34,90.34,-6.609999999999999,0.0,0
Proposed_ShieldedQoE,bigbuckbunny,11,43,1,1,750,849.6,8.48,10.99,0.0,83.73,0.0,83.73,0,0.022727272727272728,2,1200,0.0,90.34,90.34,-6.609999999999999,0.0,0
Proposed_ShieldedQoE,bigbuckbunny,11,44,1,1,750,849.6,10.99,11.79,0.0,83.73,0.0,83.73,0,0.022222222222222223,2,1200,0.0,90.34,90.34,-6.609999999999999,0.0,0
Proposed_ShieldedQoE,bigbuckbunny,11,45,1,1,750,849.6,11.79,13.74,0.0,83.73,0.0,83.73,0,0.021739130434782608,2,1200,0.0,90.34,90.34,-6.609999999999999,0.0,0
Proposed_ShieldedQoE,bigbuckbunny,11,46,1,1,750,849.6,13.74,15.59,0.0,83.73,0.0,83.73,0,0.02127659574468085,3,1850,0.0,95.49,90.34,-6.609999999999999,0.0,0
Proposed_ShieldedQoE,bigbuckbunny,11,47,1,1,750,981.8,15.59,17.62,0.0,83.73,0.0,83.73,0,0.020833333333333332,3,1850,0.105,95.49,95.04,-11.310000000000002,-0.105,0
Proposed_ShieldedQoE,bigbuckbunny,12,0,0,0,300,2007.9,2.87,5.91,0.0,66.58,0.0,66.58,0,0.0,2,1200,0.944,90.34,86.28,-19.700000000000003,-0.944,0
Proposed_ShieldedQoE,bigbuckbunny,12,1,4,4,2850,1395.2,5.91,8.52,0.0,97.11,30.53,66.58,0,0.0,3,1850,0.0,95.49,90.34,-23.760000000000005,0.0,0
Proposed_ShieldedQoE,bigbuckbunny,12,2,1,1,750,2358.6,8.52,11.75,0.0,83.73,13.38,70.35,0,0.0,3,1850,0.0,95.49,95.49,-25.14,0.0,0
Proposed_ShieldedQoE,bigbuckbunny,12,3,5,5,6000,2468.0,11.75,14.5,0.0,97.14,13.41,83.73,0,0.0,3,1850,0.0,95.49,95.49,-11.759999999999991,0.0,0
Proposed_ShieldedQoE,bigbuckbunny,12,4,2,2,1200,2610.3,14.5,16.64,0.0,90.34,6.8,83.54,0,0.0,3,1850,0.0,95.49,95.49,-11.949999999999989,0.0,0
Proposed_ShieldedQoE,bigbuckbunny,12,5,5,5,6000,2198.4,16.64,19.13,0.0,97.14,6.8,90.34,0,0.0,3,1850,0.0,95.49,95.49,-5.1499999999999915,0.0,0
Proposed_ShieldedQoE,bigbuckbunny,12,6,5,5,6000,572.6,19.13,10.0,0.0,97.14,0.0,97.14,0,0.0,3,1850,0.0,95.49,95.49,1.6500000000000057,0.0,0
Proposed_ShieldedQoE,bigbuckbunny,12,7,0,0,300,1499.7,10.0,11.53,0.0,66.58,30.56,36.02,0,0.0,3,1850,0.0,95.49,95.49,-59.46999999999999,0.0,0
Proposed_ShieldedQoE,bigbuckbunny,12,8,2,2,1200,2169.6,11.53,12.35,0.0,90.34,23.76,66.58,0,0.0,3,1850,0.0,95.49,95.49,-28.909999999999997,0.0,0
Proposed_ShieldedQoE,bigbuckbunny,12,9,2,2,1200,2152.6,12.35,15.3,0.0,90.34,0.0,90.34,0,0.0,3,1850,0.0,95.49,95.49,-5.1499999999999915,0.0,0
Proposed_ShieldedQoE,bigbuckbunny,12,10,5,5,6000,2287.1,15.3,17.57,0.0,97.14,6.8,90.34,0,0.0,3,1850,0.0,95.49,95.49,-5.1499999999999915,0.0,0
Proposed_ShieldedQoE,bigbuckbunny,12,11,3,3,1850,2466.3,17.57,18.21,0.0,95.49,1.65,93.84,0,0.0,3,1850,0.0,95.49,95.49,-1.6499999999999915,0.0,1
Proposed_ShieldedQoE,bigbuckbunny,12,12,3,3,1850,2266.4,18.21,15.93,0.0,95.49,0.0,95.49,0,0.0,2,1200,0.0,90.34,85.19,10.299999999999997,0.0,0
Proposed_ShieldedQoE,bigbuckbunny,12,13,3,3,1850,1537.7,15.93,13.61,0.0,95.49,0.0,95.49,0,0.0,2,1200,0.0,90.34,90.34,5.1499999999999915,0.0,0
Proposed_ShieldedQoE,bigbuckbunny,12,14,0,0,300,1248.8,13.61,12.09,0.0,66.58,28.91,37.67,0,0.0,2,1200,0.0,90.34,90.34,-52.67,0.0,0
Proposed_ShieldedQoE,bigbuckbunny,12,15,2,2,1200,1320.5,12.09,10.95,0.0,90.34,23.76,66.58,0,0.0,2,1200,0.0,90.34,90.34,-23.760000000000005,0.0,1
Proposed_ShieldedQoE,bigbuckbunny,12,16,0,0,300,2039.5,10.95,11.51,0.0,66.58,23.76,42.82,0,0.0,2,1200,0.0,90.34,90.34,-47.52,0.0,0
Proposed_ShieldedQoE,bigbuckbunny,12,17,2,2,1200,1727.0,11.51,11.88,0.0,90.34,23.76,66.58,0,0.0,3,1850,0.0,95.49,90.34,-23.760000000000005,0.0,0
Proposed_ShieldedQoE,bigbuckbunny,12,18,2,2,1200,2008.2,11.88,14.17,0.0,90.34,0.0,90.34,0,0.0,3,1850,0.0,95.49,95.49,-5.1499999999999915,0.0,0
Proposed_ShieldedQoE,bigbuckbunny,12,19,2,2,1200,1118.6,14.17,14.15,0.0,90.34,0.0,90.34,0,0.0,3,1850,0.0,95.49,95.49,-5.1499999999999915,0.0,0
Proposed_ShieldedQoE,bigbuckbunny,12,20,2,2,1200,2713.9,14.15,14.95,0.0,90.34,0.0,90.34,0,0.0,3,1850,0.0,95.49,95.49,-5.1499999999999915,0.0,0
Proposed_ShieldedQoE,bigbuckbunny,12,21,5,5,6000,1221.6,14.95,14.05,0.0,97.14,6.8,90.34,0,0.0,3,1850,0.0,95.49,95.49,-5.1499999999999915,0.0,0
Proposed_ShieldedQoE,bigbuckbunny,12,22,3,3,1850,1530.8,14.05,14.78,0.0,95.49,1.65,93.84,0,0.0,3,1850,0.0,95.49,95.49,-1.6499999999999915,0.0,1
Proposed_ShieldedQoE,bigbuckbunny,12,23,3,3,1850,1724.2,14.78,15.67,0.0,95.49,0.0,95.49,0,0.0,3,1850,0.0,95.49,95.49,0.0,0.0,1
Proposed_ShieldedQoE,bigbuckbunny,12,24,3,3,1850,3270.2,15.67,17.0,0.0,95.49,0.0,95.49,0,0.0,3,1850,0.0,95.49,95.49,0.0,0.0,1
Proposed_ShieldedQoE,bigbuckbunny,12,25,4,4,2850,1536.6,17.0,15.78,0.0,97.11,1.62,95.49,0,0.0,3,1850,0.0,95.49,95.49,0.0,0.0,0
Proposed_ShieldedQoE,bigbuckbunny,12,26,0,0,300,1260.4,15.78,15.8,0.0,66.58,30.53,36.05,0,0.0,3,1850,0.0,95.49,95.49,-59.44,0.0,0
Proposed_ShieldedQoE,bigbuckbunny,12,27,3,3,1850,1577.7,15.8,17.26,0.0,95.49,28.91,66.58,0,0.0,3,1850,0.0,95.49,95.49,-28.909999999999997,0.0,1
Proposed_ShieldedQoE,bigbuckbunny,12,28,3,3,1850,1365.5,17.26,15.16,0.0,95.49,0.0,95.49,0,0.0,3,1850,0.0,95.49,95.49,0.0,0.0,1
Proposed_ShieldedQoE,bigbuckbunny,12,29,3,3,1850,2172.3,15.16,16.36,0.0,95.49,0.0,95.49,0,0.0,3,1850,0.0,95.49,95.49,0.0,0.0,1
Proposed_ShieldedQoE,bigbuckbunny,12,30,3,3,1850,731.8,16.36,9.63,0.0,95.49,0.0,95.49,0,0.0,2,1200,0.0,90.34,85.19,10.299999999999997,0.0,0
Proposed_ShieldedQoE,bigbuckbunny,12,31,0,0,300,1683.5,9.63,10.82,0.0,66.58,28.91,37.67,0,0.0,2,1200,0.0,90.34,90.34,-52.67,0.0,0
Proposed_ShieldedQoE,bigbuckbunny,12,32,2,2,1200,2097.8,10.82,9.82,0.0,90.34,23.76,66.58,0,0.0,2,1200,0.0,90.34,90.34,-23.760000000000005,0.0,1
Proposed_ShieldedQoE,bigbuckbunny,12,33,2,2,1200,2080.7,9.82,12.25,0.0,90.34,0.0,90.34,0,0.0,2,1200,0.0,90.34,90.34,0.0,0.0,1
Proposed_ShieldedQoE,bigbuckbunny,12,34,2,2,1200,1484.4,12.25,12.2,0.0,90.34,0.0,90.34,0,0.0,2,1200,0.0,90.34,90.34,0.0,0.0,1
Proposed_ShieldedQoE,bigbuckbunny,12,35,2,2,1200,1489.3,12.2,13.08,0.0,90.34,0.0,90.34,0,0.0,2,1200,0.0,90.34,90.34,0.0,0.0,1
Proposed_ShieldedQoE,bigbuckbunny,12,36,2,2,1200,1582.8,13.08,10.24,0.0,90.34,0.0,90.34,0,0.0,2,1200,0.0,90.34,90.34,0.0,0.0,1
Proposed_ShieldedQoE,bigbuckbunny,12,37,2,2,1200,2171.8,10.24,12.34,0.0,90.34,0.0,90.34,0,0.0,3,1850,0.0,95.49,90.34,0.0,0.0,0
Proposed_ShieldedQoE,bigbuckbunny,12,38,2,2,1200,2452.1,12.34,14.37,0.0,90.34,0.0,90.34,0,0.0,3,1850,0.0,95.49,95.49,-5.1499999999999915,0.0,0
Proposed_ShieldedQoE,bigbuckbunny,12,39,2,2,1200,1218.4,14.37,13.75,0.0,90.34,0.0,90.34,0,0.0,3,1850,0.0,95.49,95.49,-5.1499999999999915,0.0,0
Proposed_ShieldedQoE,bigbuckbunny,12,40,2,2,1200,1820.0,13.75,13.74,0.0,90.34,0.0,90.34,0,0.0,3,1850,0.323,95.49,94.1,-3.759999999999991,-0.323,0
Proposed_ShieldedQoE,bigbuckbunny,12,41,2,2,1200,2018.2,13.74,15.54,0.0,90.34,0.0,90.34,0,0.0,3,1850,0.0,95.49,95.49,-5.1499999999999915,0.0,0
Proposed_ShieldedQoE,bigbuckbunny,12,42,5,5,6000,2542.9,15.54,17.93,0.0,97.14,6.8,90.34,0,0.0,4,2850,0.0,97.11,95.49,-5.1499999999999915,0.0,0
Proposed_ShieldedQoE,bigbuckbunny,12,43,5,5,6000,1938.0,17.93,19.44,0.0,97.14,0.0,97.14,0,0.0,4,2850,0.0,97.11,97.11,0.030000000000001137,0.0,0
Proposed_ShieldedQoE,bigbuckbunny,12,44,4,4,2850,1654.8,19.44,17.2,0.0,97.11,0.03,97.08,0,0.0,4,2850,0.0,97.11,97.11,-0.030000000000001137,0.0,1
Proposed_ShieldedQoE,bigbuckbunny,12,45,3,3,1850,2130.5,17.2,19.19,0.0,95.49,1.62,93.87,0,0.0,4,2850,0.0,97.11,97.11,-3.239999999999995,0.0,0
Proposed_ShieldedQoE,bigbuckbunny,12,46,5,5,6000,2407.2,19.19,20.3,0.0,97.14,1.65,95.49,0,0.0,4,2850,0.0,97.11,97.11,-1.6200000000000045,0.0,0
Proposed_ShieldedQoE,bigbuckbunny,12,47,4,4,2850,3481.8,20.3,22.19,0.0,97.11,0.03,97.08,0,0.0,4,2850,0.0,97.11,97.11,-0.030000000000001137,0.0,1
Proposed_ShieldedQoE,bigbuckbunny,13,0,1,0,300,527.2,2.64,4.0,0.99,66.58,0.0,62.32,1,1.0,0,300,0.99,66.58,62.32,0.0,0.0,1
Proposed_ShieldedQoE,bigbuckbunny,13,1,0,0,300,320.0,4.0,5.56,0.0,66.58,0.0,66.58,0,0.5,1,750,2.098,83.73,57.56,9.019999999999996,-2.098,0
Proposed_ShieldedQoE,bigbuckbunny,13,2,0,0,300,387.0,5.56,7.7,0.0,66.58,0.0,66.58,0,0.3333333333333333,1,750,0.66,83.73,80.89,-14.310000000000002,-0.66,0
Proposed_ShieldedQoE,bigbuckbunny,13,3,0,0,300,654.2,7.7,10.51,0.0,66.58,0.0,66.58,0,0.25,1,750,0.0,83.73,83.73,-17.150000000000006,0.0,0
Proposed_ShieldedQoE,bigbuckbunny,13,4,0,0,300,807.2,10.51,13.01,0.0,66.58,0.0,66.58,0,0.2,1,750,0.0,83.73,83.73,-17.150000000000006,0.0,0
Proposed_ShieldedQoE,bigbuckbunny,13,5,4,4,2850,402.8,13.01,13.68,0.0,97.11,30.53,66.58,0,0.16666666666666666,1,750,0.0,83.73,83.73,-17.150000000000006,0.0,0
Proposed_ShieldedQoE,bigbuckbunny,13,6,1,1,750,467.3,13.68,13.45,0.0,83.73,13.38,70.35,0,0.14285714285714285,1,750,0.0,83.73,83.73,-13.38000000000001,0.0,1
Proposed_ShieldedQoE,bigbuckbunny,13,7,1,1,750,449.3,13.45,14.1,0.0,83.73,0.0,83.73,0,0.125,1,750,0.0,83.73,83.73,0.0,0.0,1
Proposed_ShieldedQoE,bigbuckbunny,13,8,1,1,750,426.7,14.1,7.99,0.0,83.73,0.0,83.73,0,0.1111111111111111,1,750,3.73,83.73,67.69,16.040000000000006,-3.73,1
Proposed_ShieldedQoE,bigbuckbunny,13,9,1,1,750,606.4,7.99,9.68,0.0,83.73,0.0,83.73,0,0.1,1,750,0.0,83.73,83.73,0.0,0.0,1
Proposed_ShieldedQoE,bigbuckbunny,13,10,1,1,750,819.0,9.68,11.72,0.0,83.73,0.0,83.73,0,0.09090909090909091,1,750,0.0,83.73,83.73,0.0,0.0,1
Proposed_ShieldedQoE,bigbuckbunny,13,11,1,1,750,356.1,11.72,6.28,0.0,83.73,0.0,83.73,0,0.08333333333333333,1,750,1.715,83.73,76.35,7.38000000000001,-1.715,1
Proposed_ShieldedQoE,bigbuckbunny,13,12,0,0,300,535.5,6.28,5.97,0.0,66.58,17.15,49.43,0,0.07692307692307693,1,750,6.779,83.73,54.58,-5.149999999999999,-6.779,0
Proposed_ShieldedQoE,bigbuckbunny,13,13,0,0,300,504.7,5.97,6.85,0.0,66.58,0.0,66.58,0,0.07142857142857142,1,750,3.8,83.73,67.39,-0.8100000000000023,-3.8,0
Proposed_ShieldedQoE,bigbuckbunny,13,14,0,0,300,796.2,6.85,8.68,0.0,66.58,0.0,66.58,0,0.06666666666666667,1,750,1.411,83.73,77.66,-11.079999999999998,-1.411,0
Proposed_ShieldedQoE,bigbuckbunny,13,15,0,0,300,825.8,8.68,10.63,0.0,66.58,0.0,66.58,0,0.0625,1,750,1.143,83.73,78.81,-12.230000000000004,-1.143,0
Proposed_ShieldedQoE,bigbuckbunny,13,16,0,0,300,704.8,10.63,10.65,0.0,66.58,0.0,66.58,0,0.058823529411764705,1,750,5.942,83.73,58.18,8.399999999999999,-5.942,0
Proposed_ShieldedQoE,bigbuckbunny,13,17,1,1,750,580.0,10.65,7.89,0.0,83.73,17.15,66.58,0,0.05555555555555555,1,750,2.758,83.73,71.87,-5.290000000000006,-2.758,1
Proposed_ShieldedQoE,bigbuckbunny,13,18,1,1,750,539.7,7.89,7.91,0.0,83.73,0.0,83.73,0,0.05263157894736842,1,750,0.0,83.73,83.73,0.0,0.0,1
Proposed_ShieldedQoE,bigbuckbunny,13,19,1,1,750,486.4,7.91,6.13,0.0,83.73,0.0,83.73,0,0.05,1,750,1.762,83.73,76.15,7.579999999999998,-1.762,1
Proposed_ShieldedQoE,bigbuckbunny,13,20,1,0,300,735.2,6.13,7.18,0.0,66.58,17.15,49.43,1,0.09523809523809523,1,750,3.376,83.73,69.21,-19.779999999999994,-3.376,0
Proposed_ShieldedQoE,bigbuckbunny,13,21,0,0,300,666.1,7.18,9.72,0.0,66.58,0.0,66.58,0,0.09090909090909091,1,750,0.0,83.73,83.73,-17.150000000000006,0.0,0
Proposed_ShieldedQoE,bigbuckbunny,13,22,4,4,2850,786.5,9.72,11.14,0.0,97.11,30.53,66.58,0,0.08695652173913043,1,750,0.0,83.73,83.73,-17.150000000000006,0.0,0
Proposed_ShieldedQoE,bigbuckbunny,13,23,1,1,750,694.6,11.14,12.01,0.0,83.73,13.38,70.35,0,0.08333333333333333,1,750,0.0,83.73,83.73,-13.38000000000001,0.0,1
Proposed_ShieldedQoE,bigbuckbunny,13,24,1,1,750,531.7,12.01,9.35,0.0,83.73,0.0,83.73,0,0.08,1,750,0.014,83.73,83.67,0.060000000000002274,-0.014,1
Proposed_ShieldedQoE,bigbuckbunny,13,25,1,1,750,492.5,9.35,9.06,0.0,83.73,0.0,83.73,0,0.07692307692307693,1,750,0.284,83.73,82.51,1.2199999999999989,-0.284,1
Proposed_ShieldedQoE,bigbuckbunny,13,26,1,1,750,719.3,9.06,10.24,0.0,83.73,0.0,83.73,0,0.07407407407407407,1,750,0.0,83.73,83.73,0.0,0.0,1
Proposed_ShieldedQoE,bigbuckbunny,13,27,1,1,750,686.2,10.24,11.87,0.0,83.73,0.0,83.73,0,0.07142857142857142,1,750,0.0,83.73,83.73,0.0,0.0,1
Proposed_ShieldedQoE,bigbuckbunny,13,28,1,1,750,807.2,11.87,11.69,0.0,83.73,0.0,83.73,0,0.06896551724137931,1,750,0.0,83.73,83.73,0.0,0.0,1
Proposed_ShieldedQoE,bigbuckbunny,13,29,1,1,750,793.6,11.69,12.57,0.0,83.73,0.0,83.73,0,0.06666666666666667,1,750,0.0,83.73,83.73,0.0,0.0,1
Proposed_ShieldedQoE,bigbuckbunny,13,30,1,1,750,749.4,12.57,12.32,0.0,83.73,0.0,83.73,0,0.06451612903225806,1,750,0.0,83.73,83.73,0.0,0.0,1
Proposed_ShieldedQoE,bigbuckbunny,13,31,1,1,750,990.9,12.32,13.34,0.0,83.73,0.0,83.73,0,0.0625,1,750,0.0,83.73,83.73,0.0,0.0,1
Proposed_ShieldedQoE,bigbuckbunny,13,32,1,1,750,964.2,13.34,10.54,0.0,83.73,0.0,83.73,0,0.06060606060606061,1,750,0.0,83.73,83.73,0.0,0.0,1
Proposed_ShieldedQoE,bigbuckbunny,13,33,1,1,750,572.6,10.54,10.99,0.0,83.73,0.0,83.73,0,0.058823529411764705,1,750,0.0,83.73,83.73,0.0,0.0,1
Proposed_ShieldedQoE,bigbuckbunny,13,34,1,1,750,725.9,10.99,9.8,0.0,83.73,0.0,83.73,0,0.05714285714285714,1,750,0.0,83.73,83.73,0.0,0.0,1
Proposed_ShieldedQoE,bigbuckbunny,13,35,1,1,750,537.0,9.8,8.4,0.0,83.73,0.0,83.73,0,0.05555555555555555,1,750,0.664,83.73,80.88,2.8500000000000085,-0.664,1
Proposed_ShieldedQoE,bigbuckbunny,13,36,1,1,750,810.3,8.4,4.05,0.0,83.73,0.0,83.73,0,0.05405405405405406,1,750,4.351,83.73,65.02,18.710000000000008,-4.351,1
Proposed_ShieldedQoE,bigbuckbunny,13,37,1,1,750,759.9,4.05,4.65,0.0,83.73,0.0,83.73,0,0.05263157894736842,1,750,0.0,83.73,83.73,0.0,0.0,1
Proposed_ShieldedQoE,bigbuckbunny,13,38,1,1,750,363.9,4.65,4.0,3.609,83.73,0.0,68.21,0,0.05128205128205128,1,750,3.658,83.73,68.0,0.20999999999999375,-0.04899999999999993,1
Proposed_ShieldedQoE,bigbuckbunny,13,39,0,0,300,361.5,4.0,4.1,0.0,66.58,17.15,49.43,0,0.05,1,750,5.743,83.73,59.04,-9.61,-5.743,0
Proposed_ShieldedQoE,bigbuckbunny,13,40,0,0,300,439.7,4.1,4.0,0.048,66.58,0.0,66.37,0,0.04878048780487805,1,750,6.377,83.73,56.31,10.060000000000002,-6.329,0
Proposed_ShieldedQoE,bigbuckbunny,13,41,0,0,300,452.3,4.0,5.55,0.0,66.58,0.0,66.58,0,0.047619047619047616,1,750,2.119,83.73,74.62,-8.040000000000006,-2.119,0
Proposed_ShieldedQoE,bigbuckbunny,13,42,0,0,300,817.5,5.55,8.74,0.0,66.58,0.0,66.58,0,0.046511627906976744,2,1200,0.0,90.34,83.73,-17.150000000000006,0.0,0
Proposed_ShieldedQoE,bigbuckbunny,13,43,4,4,2850,693.1,8.74,10.91,0.0,97.11,30.53,66.58,0,0.045454545454545456,2,1200,0.0,90.34,90.34,-23.760000000000005,0.0,0
Proposed_ShieldedQoE,bigbuckbunny,13,44,1,1,750,554.2,10.91,10.0,0.0,83.73,13.38,70.35,0,0.044444444444444446,2,1200,2.031,90.34,81.61,-11.260000000000005,-2.031,0
Proposed_ShieldedQoE,bigbuckbunny,13,45,1,1,750,499.1,10.0,10.52,0.0,83.73,0.0,83.73,0,0.043478260869565216,2,1200,1.578,90.34,83.55,0.18000000000000682,-1.578,0
Proposed_ShieldedQoE,bigbuckbunny,13,46,1,1,750,686.0,10.52,11.85,0.0,83.73,0.0,83.73,0,0.0425531914893617,2,1200,0.26,90.34,89.22,-5.489999999999995,-0.26,0
Proposed_ShieldedQoE,bigbuckbunny,13,47,1,1,750,794.6,11.85,13.42,0.0,83.73,0.0,83.73,0,0.041666666666666664,2,1200,0.0,90.34,90.34,-6.609999999999999,0.0,0
Proposed_ShieldedQoE,bigbuckbunny,14,0,1,1,750,2769.2,1.4,4.71,0.0,83.73,0.0,83.73,0,0.0,2,1200,1.361,90.34,84.49,-0.7599999999999909,-1.361,0
Proposed_ShieldedQoE,bigbuckbunny,14,1,4,4,2850,2823.5,4.71,8.02,0.0,97.11,13.38,83.73,0,0.0,3,1850,0.0,95.49,90.34,-6.609999999999999,0.0,0
Proposed_ShieldedQoE,bigbuckbunny,14,2,5,5,6000,2823.5,8.02,11.0,0.0,97.14,0.03,97.11,0,0.0,3,1850,0.0,95.49,95.49,1.6200000000000045,0.0,0
Proposed_ShieldedQoE,bigbuckbunny,14,3,5,5,6000,2823.5,11.0,13.31,0.0,97.14,0.0,97.14,0,0.0,4,2850,0.0,97.11,95.49,1.6500000000000057,0.0,0
Proposed_ShieldedQoE,bigbuckbunny,14,4,4,4,2850,2851.5,13.31,13.27,0.0,97.11,0.03,97.08,0,0.0,4,2850,0.0,97.11,97.11,-0.030000000000001137,0.0,1
Proposed_ShieldedQoE,bigbuckbunny,14,5,4,4,2850,2823.5,13.27,15.47,0.0,97.11,0.0,97.11,0,0.0,4,2850,0.0,97.11,97.11,0.0,0.0,1
Proposed_ShieldedQoE,bigbuckbunny,14,6,4,4,2850,2823.5,15.47,16.8,0.0,97.11,0.0,97.11,0,0.0,4,2850,0.0,97.11,97.11,0.0,0.0,1
Proposed_ShieldedQoE,bigbuckbunny,14,7,4,4,2850,2823.5,16.8,18.78,0.0,97.11,0.0,97.11,0,0.0,4,2850,0.0,97.11,97.11,0.0,0.0,1
Proposed_ShieldedQoE,bigbuckbunny,14,8,4,4,2850,2851.5,18.78,17.03,0.0,97.11,0.0,97.11,0,0.0,3,1850,0.0,95.49,93.87,3.239999999999995,0.0,0
Proposed_ShieldedQoE,bigbuckbunny,14,9,4,4,2850,2823.5,17.03,19.14,0.0,97.11,0.0,97.11,0,0.0,3,1850,0.0,95.49,95.49,1.6200000000000045,0.0,0
Proposed_ShieldedQoE,bigbuckbunny,14,10,4,4,2850,2823.5,19.14,20.98,0.0,97.11,0.0,97.11,0,0.0,3,1850,0.0,95.49,95.49,1.6200000000000045,0.0,0
Proposed_ShieldedQoE,bigbuckbunny,14,11,4,4,2850,2823.5,20.98,20.46,0.0,97.11,0.0,97.11,0,0.0,3,1850,0.0,95.49,95.49,1.6200000000000045,0.0,0
Proposed_ShieldedQoE,bigbuckbunny,14,12,4,4,2850,2851.5,20.46,16.76,0.0,97.11,0.0,97.11,0,0.0,3,1850,0.0,95.49,95.49,1.6200000000000045,0.0,0
Proposed_ShieldedQoE,bigbuckbunny,14,13,3,3,1850,2823.5,16.76,17.33,0.0,95.49,1.62,93.87,0,0.0,3,1850,0.0,95.49,95.49,-1.6199999999999903,0.0,1
Proposed_ShieldedQoE,bigbuckbunny,14,14,3,3,1850,2796.1,17.33,17.52,0.0,95.49,0.0,95.49,0,0.0,3,1850,0.0,95.49,95.49,0.0,0.0,1
Proposed_ShieldedQoE,bigbuckbunny,14,15,3,3,1850,2796.1,17.52,17.78,0.0,95.49,0.0,95.49,0,0.0,3,1850,0.0,95.49,95.49,0.0,0.0,1
Proposed_ShieldedQoE,bigbuckbunny,14,16,3,3,1850,2796.1,17.78,15.6,0.0,95.49,0.0,95.49,0,0.0,3,1850,0.0,95.49,95.49,0.0,0.0,1
Proposed_ShieldedQoE,bigbuckbunny,14,17,3,3,1850,2823.5,15.6,16.17,0.0,95.49,0.0,95.49,0,0.0,3,1850,0.0,95.49,95.49,0.0,0.0,1
Proposed_ShieldedQoE,bigbuckbunny,14,18,4,4,2850,2823.5,16.17,17.28,0.0,97.11,1.62,95.49,0,0.0,3,1850,0.0,95.49,95.49,0.0,0.0,0
Proposed_ShieldedQoE,bigbuckbunny,14,19,4,4,2850,2823.5,17.28,17.5,0.0,97.11,0.0,97.11,0,0.0,3,1850,0.0,95.49,95.49,1.6200000000000045,0.0,0
Proposed_ShieldedQoE,bigbuckbunny,14,20,4,4,2850,2823.5,17.5,14.2,0.0,97.11,0.0,97.11,0,0.0,3,1850,0.0,95.49,95.49,1.6200000000000045,0.0,0
Proposed_ShieldedQoE,bigbuckbunny,14,21,3,3,1850,2796.1,14.2,16.06,0.0,95.49,1.62,93.87,0,0.0,3,1850,0.0,95.49,95.49,-1.6199999999999903,0.0,1
Proposed_ShieldedQoE,bigbuckbunny,14,22,4,4,2850,2796.1,16.06,17.3,0.0,97.11,1.62,95.49,0,0.0,3,1850,0.0,95.49,95.49,0.0,0.0,0
Proposed_ShieldedQoE,bigbuckbunny,14,23,4,4,2850,2796.1,17.3,18.34,0.0,97.11,0.0,97.11,0,0.0,3,1850,0.0,95.49,95.49,1.6200000000000045,0.0,0
Proposed_ShieldedQoE,bigbuckbunny,14,24,4,4,2850,2823.5,18.34,17.58,0.0,97.11,0.0,97.11,0,0.0,3,1850,0.0,95.49,95.49,1.6200000000000045,0.0,0
Proposed_ShieldedQoE,bigbuckbunny,14,25,4,4,2850,905.7,17.58,12.72,0.0,97.11,0.0,97.11,0,0.0,3,1850,0.0,95.49,95.49,1.6200000000000045,0.0,0
Proposed_ShieldedQoE,bigbuckbunny,14,26,0,0,300,914.3,12.72,11.24,0.0,66.58,30.53,36.05,0,0.0,3,1850,0.0,95.49,95.49,-59.44,0.0,0
Proposed_ShieldedQoE,bigbuckbunny,14,27,2,2,1200,905.7,11.24,12.37,0.0,90.34,23.76,66.58,0,0.0,3,1850,0.0,95.49,95.49,-28.909999999999997,0.0,0
Proposed_ShieldedQoE,bigbuckbunny,14,28,2,2,1200,905.7,12.37,10.41,0.0,90.34,0.0,90.34,0,0.0,2,1200,0.0,90.34,85.19,5.150000000000006,0.0,1
Proposed_ShieldedQoE,bigbuckbunny,14,29,2,2,1200,905.7,10.41,10.04,0.0,90.34,0.0,90.34,0,0.0,2,1200,0.0,90.34,90.34,0.0,0.0,1
Proposed_ShieldedQoE,bigbuckbunny,14,30,2,2,1200,905.7,10.04,8.41,0.0,90.34,0.0,90.34,0,0.0,2,1200,0.0,90.34,90.34,0.0,0.0,1
Proposed_ShieldedQoE,bigbuckbunny,14,31,1,1,750,914.3,8.41,9.18,0.0,83.73,6.61,77.12,0,0.0,2,1200,0.0,90.34,90.34,-13.219999999999999,0.0,0
Proposed_ShieldedQoE,bigbuckbunny,14,32,1,1,750,905.7,9.18,5.94,0.0,83.73,0.0,83.73,0,0.0,2,1200,0.0,90.34,90.34,-6.609999999999999,0.0,0
Proposed_ShieldedQoE,bigbuckbunny,14,33,1,1,750,914.3,5.94,7.72,0.0,83.73,0.0,83.73,0,0.0,2,1200,0.0,90.34,90.34,-6.609999999999999,0.0,0
Proposed_ShieldedQoE,bigbuckbunny,14,34,1,1,750,905.7,7.72,7.56,0.0,83.73,0.0,83.73,0,0.0,2,1200,0.0,90.34,90.34,-6.609999999999999,0.0,0
Proposed_ShieldedQoE,bigbuckbunny,14,35,1,1,750,914.3,7.56,8.39,0.0,83.73,0.0,83.73,0,0.0,2,1200,0.0,90.34,90.34,-6.609999999999999,0.0,0
Proposed_ShieldedQoE,bigbuckbunny,14,36,1,1,750,905.7,8.39,4.92,0.0,83.73,0.0,83.73,0,0.0,1,750,0.0,83.73,77.12,6.609999999999999,0.0,1
Proposed_ShieldedQoE,bigbuckbunny,14,37,1,1,750,831.7,4.92,5.81,0.0,83.73,0.0,83.73,0,0.0,1,750,0.0,83.73,83.73,0.0,0.0,1
Proposed_ShieldedQoE,bigbuckbunny,14,38,1,1,750,831.7,5.81,6.2,0.0,83.73,0.0,83.73,0,0.0,1,750,0.0,83.73,83.73,0.0,0.0,1
Proposed_ShieldedQoE,bigbuckbunny,14,39,1,1,750,831.7,6.2,5.96,0.0,83.73,0.0,83.73,0,0.0,1,750,0.0,83.73,83.73,0.0,0.0,1
Proposed_ShieldedQoE,bigbuckbunny,14,40,1,1,750,834.8,5.96,4.5,0.0,83.73,0.0,83.73,0,0.0,1,750,0.0,83.73,83.73,0.0,0.0,1
Proposed_ShieldedQoE,bigbuckbunny,14,41,1,1,750,834.8,4.5,5.18,0.0,83.73,0.0,83.73,0,0.0,2,1200,0.0,90.34,83.73,0.0,0.0,0
Proposed_ShieldedQoE,bigbuckbunny,14,42,1,1,750,834.8,5.18,7.19,0.0,83.73,0.0,83.73,0,0.0,2,1200,0.0,90.34,90.34,-6.609999999999999,0.0,0
Proposed_ShieldedQoE,bigbuckbunny,14,43,1,1,750,831.7,7.19,9.67,0.0,83.73,0.0,83.73,0,0.0,2,1200,0.0,90.34,90.34,-6.609999999999999,0.0,0
Proposed_ShieldedQoE,bigbuckbunny,14,44,1,1,750,831.7,9.67,10.4,0.0,83.73,0.0,83.73,0,0.0,2,1200,0.0,90.34,90.34,-6.609999999999999,0.0,0
Proposed_ShieldedQoE,bigbuckbunny,14,45,1,1,750,831.7,10.4,12.3,0.0,83.73,0.0,83.73,0,0.0,2,1200,0.0,90.34,90.34,-6.609999999999999,0.0,0
Proposed_ShieldedQoE,bigbuckbunny,14,46,1,1,750,831.7,12.3,14.11,0.0,83.73,0.0,83.73,0,0.0,3,1850,0.0,95.49,90.34,-6.609999999999999,0.0,0
Proposed_ShieldedQoE,bigbuckbunny,14,47,1,1,750,831.7,14.11,15.78,0.0,83.73,0.0,83.73,0,0.0,3,1850,0.208,95.49,94.6,-10.86999999999999,-0.208,0
Proposed_ShieldedQoE,bigbuckbunny,15,0,1,0,300,985.5,2.54,4.6,0.0,66.58,0.0,66.58,1,1.0,1,750,2.313,83.73,73.78,-7.200000000000003,-2.313,0
Proposed_ShieldedQoE,bigbuckbunny,15,1,1,1,750,1147.8,4.6,6.9,0.0,83.73,17.15,66.58,0,0.5,1,750,0.0,83.73,83.73,-17.150000000000006,0.0,1
Proposed_ShieldedQoE,bigbuckbunny,15,2,1,1,750,330.5,6.9,5.44,0.0,83.73,0.0,83.73,0,0.3333333333333333,1,750,0.0,83.73,83.73,0.0,0.0,1
Proposed_ShieldedQoE,bigbuckbunny,15,3,1,1,750,954.6,5.44,7.41,0.0,83.73,0.0,83.73,0,0.25,1,750,0.0,83.73,83.73,0.0,0.0,1
Proposed_ShieldedQoE,bigbuckbunny,15,4,1,1,750,417.9,7.41,4.17,0.0,83.73,0.0,83.73,0,0.2,1,750,0.432,83.73,81.87,1.8599999999999994,-0.432,1
Proposed_ShieldedQoE,bigbuckbunny,15,5,1,1,750,1051.5,4.17,6.89,0.0,83.73,0.0,83.73,0,0.16666666666666666,1,750,0.0,83.73,83.73,0.0,0.0,1
Proposed_ShieldedQoE,bigbuckbunny,15,6,1,1,750,582.7,6.89,7.49,0.0,83.73,0.0,83.73,0,0.14285714285714285,1,750,0.0,83.73,83.73,0.0,0.0,1
Proposed_ShieldedQoE,bigbuckbunny,15,7,1,1,750,1084.0,7.49,10.11,0.0,83.73,0.0,83.73,0,0.125,1,750,0.0,83.73,83.73,0.0,0.0,1
Proposed_ShieldedQoE,bigbuckbunny,15,8,1,1,750,1091.8,10.11,10.16,0.0,83.73,0.0,83.73,0,0.1111111111111111,1,750,0.0,83.73,83.73,0.0,0.0,1
Proposed_ShieldedQoE,bigbuckbunny,15,9,1,1,750,948.6,10.16,12.68,0.0,83.73,0.0,83.73,0,0.1,1,750,0.0,83.73,83.73,0.0,0.0,1
Proposed_ShieldedQoE,bigbuckbunny,15,10,1,1,750,778.8,12.68,14.61,0.0,83.73,0.0,83.73,0,0.09090909090909091,1,750,0.0,83.73,83.73,0.0,0.0,1
Proposed_ShieldedQoE,bigbuckbunny,15,11,1,1,750,912.3,14.61,14.93,0.0,83.73,0.0,83.73,0,0.08333333333333333,1,750,0.0,83.73,83.73,0.0,0.0,1
Proposed_ShieldedQoE,bigbuckbunny,15,12,1,1,750,868.3,14.93,12.28,0.0,83.73,0.0,83.73,0,0.07692307692307693,1,750,0.0,83.73,83.73,0.0,0.0,1
Proposed_ShieldedQoE,bigbuckbunny,15,13,1,1,750,591.5,12.28,9.63,0.0,83.73,0.0,83.73,0,0.07142857142857142,1,750,0.0,83.73,83.73,0.0,0.0,1
Proposed_ShieldedQoE,bigbuckbunny,15,14,1,1,750,826.8,9.63,8.42,0.0,83.73,0.0,83.73,0,0.06666666666666667,1,750,0.0,83.73,83.73,0.0,0.0,1
Proposed_ShieldedQoE,bigbuckbunny,15,15,1,1,750,746.7,8.42,6.73,0.0,83.73,0.0,83.73,0,0.0625,1,750,0.0,83.73,83.73,0.0,0.0,1
Proposed_ShieldedQoE,bigbuckbunny,15,16,1,1,750,1083.7,6.73,4.26,0.0,83.73,0.0,83.73,0,0.058823529411764705,1,750,0.0,83.73,83.73,0.0,0.0,1
Proposed_ShieldedQoE,bigbuckbunny,15,17,1,0,300,314.5,4.26,4.0,0.724,66.58,17.15,46.32,1,0.1111111111111111,1,750,8.368,83.73,47.75,-1.4299999999999997,-7.644,0
Proposed_ShieldedQoE,bigbuckbunny,15,18,0,0,300,896.8,4.0,7.04,0.0,66.58,0.0,66.58,0,0.10526315789473684,1,750,0.0,83.73,83.73,-17.150000000000006,0.0,0
Proposed_ShieldedQoE,bigbuckbunny,15,19,0,0,300,698.3,7.04,9.43,0.0,66.58,0.0,66.58,0,0.1,1,750,0.0,83.73,83.73,-17.150000000000006,0.0,0
Proposed_ShieldedQoE,bigbuckbunny,15,20,0,0,300,821.6,9.43,10.79,0.0,66.58,0.0,66.58,0,0.09523809523809523,1,750,1.022,83.73,79.34,-12.760000000000005,-1.022,0
Proposed_ShieldedQoE,bigbuckbunny,15,21,4,4,2850,866.4,10.79,11.99,0.0,97.11,30.53,66.58,0,0.09090909090909091,1,750,0.0,83.73,83.73,-17.150000000000006,0.0,0
Proposed_ShieldedQoE,bigbuckbunny,15,22,1,1,750,1244.4,11.99,14.36,0.0,83.73,13.38,70.35,0,0.08695652173913043,1,750,0.0,83.73,83.73,-13.38000000000001,0.0,1
Proposed_ShieldedQoE,bigbuckbunny,15,23,1,1,750,525.3,14.36,14.22,0.0,83.73,0.0,83.73,0,0.08333333333333333,1,750,0.0,83.73,83.73,0.0,0.0,1
Proposed_ShieldedQoE,bigbuckbunny,15,24,1,1,750,404.9,14.22,9.47,0.0,83.73,0.0,83.73,0,0.08,1,750,1.317,83.73,78.07,5.660000000000011,-1.317,1
Proposed_ShieldedQoE,bigbuckbunny,15,25,1,1,750,814.0,9.47,10.88,0.0,83.73,0.0,83.73,0,0.07692307692307693,1,750,0.0,83.73,83.73,0.0,0.0,1
Proposed_ShieldedQoE,bigbuckbunny,15,26,1,1,750,719.0,10.88,12.06,0.0,83.73,0.0,83.73,0,0.07407407407407407,1,750,0.0,83.73,83.73,0.0,0.0,1
Proposed_ShieldedQoE,bigbuckbunny,15,27,1,1,750,932.1,12.06,14.31,0.0,83.73,0.0,83.73,0,0.07142857142857142,1,750,0.0,83.73,83.73,0.0,0.0,1
Proposed_ShieldedQoE,bigbuckbunny,15,28,1,1,750,934.7,14.31,14.7,0.0,83.73,0.0,83.73,0,0.06896551724137931,1,750,0.0,83.73,83.73,0.0,0.0,1
Proposed_ShieldedQoE,bigbuckbunny,15,29,1,1,750,887.2,14.7,15.91,0.0,83.73,0.0,83.73,0,0.06666666666666667,1,750,0.0,83.73,83.73,0.0,0.0,1
Proposed_ShieldedQoE,bigbuckbunny,15,30,1,1,750,693.7,15.91,15.32,0.0,83.73,0.0,83.73,0,0.06451612903225806,1,750,0.0,83.73,83.73,0.0,0.0,1
Proposed_ShieldedQoE,bigbuckbunny,15,31,1,1,750,752.9,15.32,15.39,0.0,83.73,0.0,83.73,0,0.0625,1,750,0.0,83.73,83.73,0.0,0.0,1
Proposed_ShieldedQoE,bigbuckbunny,15,32,1,1,750,320.6,15.39,4.0,5.052,83.73,0.0,62.01,0,0.06060606060606061,0,300,0.0,66.58,49.43,12.579999999999998,5.052,0
Proposed_ShieldedQoE,bigbuckbunny,15,33,1,1,750,577.7,4.0,4.48,0.0,83.73,0.0,83.73,0,0.058823529411764705,1,750,0.0,83.73,66.58,17.150000000000006,0.0,1
Proposed_ShieldedQoE,bigbuckbunny,15,34,1,1,750,952.6,4.48,4.53,0.0,83.73,0.0,83.73,0,0.05714285714285714,1,750,0.0,83.73,83.73,0.0,0.0,1
Proposed_ShieldedQoE,bigbuckbunny,15,35,1,1,750,730.6,4.53,4.56,0.0,83.73,0.0,83.73,0,0.05555555555555555,1,750,0.0,83.73,83.73,0.0,0.0,1
Proposed_ShieldedQoE,bigbuckbunny,15,36,0,0,300,1298.9,4.56,6.47,0.0,66.58,17.15,49.43,0,0.05405405405405406,1,750,0.0,83.73,83.73,-34.300000000000004,0.0,0
Proposed_ShieldedQoE,bigbuckbunny,15,37,1,1,750,1115.9,6.47,8.16,0.0,83.73,17.15,66.58,0,0.05263157894736842,1,750,0.0,83.73,83.73,-17.150000000000006,0.0,1
Proposed_ShieldedQoE,bigbuckbunny,15,38,1,1,750,385.1,8.16,4.35,0.0,83.73,0.0,83.73,0,0.05128205128205128,1,750,1.029,83.73,79.31,4.420000000000002,-1.029,1
Proposed_ShieldedQoE,bigbuckbunny,15,39,0,0,300,838.5,4.35,6.67,0.0,66.58,17.15,49.43,0,0.05,1,750,0.2,83.73,82.87,-33.440000000000005,-0.2,0
Proposed_ShieldedQoE,bigbuckbunny,15,40,0,0,300,804.9,6.67,8.41,0.0,66.58,0.0,66.58,0,0.04878048780487805,1,750,1.669,83.73,76.56,-9.980000000000004,-1.669,0
Proposed_ShieldedQoE,bigbuckbunny,15,41,1,1,750,942.1,8.41,9.47,0.0,83.73,17.15,66.58,0,0.047619047619047616,2,1200,0.701,90.34,80.72,-14.14,-0.701,0
Proposed_ShieldedQoE,bigbuckbunny,15,42,1,1,750,999.5,9.47,11.81,0.0,83.73,0.0,83.73,0,0.046511627906976744,2,1200,0.0,90.34,90.34,-6.609999999999999,0.0,0
Proposed_ShieldedQoE,bigbuckbunny,15,43,1,1,750,1003.0,11.81,14.54,0.0,83.73,0.0,83.73,0,0.045454545454545456,2,1200,0.0,90.34,90.34,-6.609999999999999,0.0,0
Proposed_ShieldedQoE,bigbuckbunny,15,44,1,1,750,835.4,14.54,15.29,0.0,83.73,0.0,83.73,0,0.044444444444444446,2,1200,0.0,90.34,90.34,-6.609999999999999,0.0,0
Proposed_ShieldedQoE,bigbuckbunny,15,45,1,1,750,797.9,15.29,17.11,0.0,83.73,0.0,83.73,0,0.043478260869565216,2,1200,0.0,90.34,90.34,-6.609999999999999,0.0,0
Proposed_ShieldedQoE,bigbuckbunny,15,46,1,1,750,967.8,17.11,19.22,0.0,83.73,0.0,83.73,0,0.0425531914893617,3,1850,0.0,95.49,90.34,-6.609999999999999,0.0,0
Proposed_ShieldedQoE,bigbuckbunny,15,47,5,5,6000,875.4,19.22,19.68,0.0,97.14,13.41,83.73,0,0.041666666666666664,3,1850,0.0,95.49,95.49,-11.759999999999991,0.0,0
Proposed_ShieldedQoE,bigbuckbunny,16,0,1,0,300,1588.8,1.58,4.37,0.0,66.58,0.0,66.58,1,1.0,1,750,1.433,83.73,77.57,-10.989999999999995,-1.433,0
Proposed_ShieldedQoE,bigbuckbunny,16,1,4,4,2850,2396.5,4.37,7.56,0.0,97.11,30.53,66.58,0,0.5,3,1850,0.0,95.49,83.73,-17.150000000000006,0.0,0
Proposed_ShieldedQoE,bigbuckbunny,16,2,5,5,6000,2817.4,7.56,10.53,0.0,97.14,0.03,97.11,0,0.3333333333333333,3,1850,0.0,95.49,95.49,1.6200000000000045,0.0,0
Proposed_ShieldedQoE,bigbuckbunny,16,3,2,2,1200,2232.1,10.53,13.15,0.0,90.34,6.8,83.54,0,0.25,3,1850,0.0,95.49,95.49,-11.949999999999989,0.0,0
Proposed_ShieldedQoE,bigbuckbunny,16,4,2,2,1200,2109.8,13.15,14.85,0.0,90.34,0.0,90.34,0,0.2,3,1850,0.0,95.49,95.49,-5.1499999999999915,0.0,0
Proposed_ShieldedQoE,bigbuckbunny,16,5,5,5,6000,1933.6,14.85,17.14,0.0,97.14,6.8,90.34,0,0.16666666666666666,3,1850,0.0,95.49,95.49,-5.1499999999999915,0.0,0
Proposed_ShieldedQoE,bigbuckbunny,16,6,4,4,2850,1790.0,17.14,16.94,0.0,97.11,0.03,97.08,0,0.14285714285714285,3,1850,0.0,95.49,95.49,1.5900000000000034,0.0,0
Proposed_ShieldedQoE,bigbuckbunny,16,7,4,4,2850,997.4,16.94,15.22,0.0,97.11,0.0,97.11,0,0.125,3,1850,0.0,95.49,95.49,1.6200000000000045,0.0,0
Proposed_ShieldedQoE,bigbuckbunny,16,8,0,0,300,538.4,15.22,4.0,4.549,66.58,30.53,16.49,0,0.1111111111111111,2,1200,0.0,90.34,85.19,-68.7,4.549,0
Proposed_ShieldedQoE,bigbuckbunny,16,9,0,0,300,1140.1,4.0,6.03,0.0,66.58,0.0,66.58,0,0.1,2,1200,0.0,90.34,90.34,-23.760000000000005,0.0,0
Proposed_ShieldedQoE,bigbuckbunny,16,10,2,2,1200,1534.2,6.03,8.35,0.0,90.34,23.76,66.58,0,0.09090909090909091,2,1200,0.0,90.34,90.34,-23.760000000000005,0.0,1
Proposed_ShieldedQoE,bigbuckbunny,16,11,2,2,1200,809.2,8.35,5.71,0.0,90.34,0.0,90.34,0,0.08333333333333333,2,1200,0.0,90.34,90.34,0.0,0.0,1
Proposed_ShieldedQoE,bigbuckbunny,16,12,0,0,300,2286.2,5.71,7.18,0.0,66.58,23.76,42.82,0,0.07692307692307693,2,1200,0.0,90.34,90.34,-47.52,0.0,0
Proposed_ShieldedQoE,bigbuckbunny,16,13,1,1,750,2340.5,7.18,9.5,0.0,83.73,17.15,66.58,0,0.07142857142857142,3,1850,0.0,95.49,90.34,-23.760000000000005,0.0,0
Proposed_ShieldedQoE,bigbuckbunny,16,14,2,2,1200,2150.2,9.5,10.3,0.0,90.34,6.61,83.73,0,0.06666666666666667,3,1850,0.0,95.49,95.49,-11.759999999999991,0.0,0
Proposed_ShieldedQoE,bigbuckbunny,16,15,2,2,1200,2880.9,10.3,11.94,0.0,90.34,0.0,90.34,0,0.0625,3,1850,0.0,95.49,95.49,-5.1499999999999915,0.0,0
Proposed_ShieldedQoE,bigbuckbunny,16,16,2,2,1200,3263.2,11.94,12.5,0.0,90.34,0.0,90.34,0,0.058823529411764705,3,1850,0.0,95.49,95.49,-5.1499999999999915,0.0,0
Proposed_ShieldedQoE,bigbuckbunny,16,17,3,3,1850,2319.0,12.5,12.33,0.0,95.49,5.15,90.34,0,0.05555555555555555,3,1850,0.0,95.49,95.49,-5.1499999999999915,0.0,1
Proposed_ShieldedQoE,bigbuckbunny,16,18,3,3,1850,3030.0,12.33,14.58,0.0,95.49,0.0,95.49,0,0.05263157894736842,3,1850,0.0,95.49,95.49,0.0,0.0,1
Proposed_ShieldedQoE,bigbuckbunny,16,19,4,4,2850,2272.5,14.58,13.88,0.0,97.11,1.62,95.49,0,0.05,3,1850,0.0,95.49,95.49,0.0,0.0,0
Proposed_ShieldedQoE,bigbuckbunny,16,20,0,0,300,2884.3,13.88,13.24,0.0,66.58,30.53,36.05,0,0.047619047619047616,3,1850,0.0,95.49,95.49,-59.44,0.0,0
Proposed_ShieldedQoE,bigbuckbunny,16,21,3,3,1850,1975.7,13.24,14.22,0.0,95.49,28.91,66.58,0,0.045454545454545456,3,1850,0.0,95.49,95.49,-28.909999999999997,0.0,1
Proposed_ShieldedQoE,bigbuckbunny,16,22,4,4,2850,2434.5,14.22,15.05,0.0,97.11,1.62,95.49,0,0.043478260869565216,3,1850,0.0,95.49,95.49,0.0,0.0,0
Proposed_ShieldedQoE,bigbuckbunny,16,23,4,4,2850,1995.2,15.05,14.9,0.0,97.11,0.0,97.11,0,0.041666666666666664,3,1850,0.0,95.49,95.49,1.6200000000000045,0.0,0
Proposed_ShieldedQoE,bigbuckbunny,16,24,3,3,1850,1771.2,14.9,13.97,0.0,95.49,1.62,93.87,0,0.04,3,1850,0.0,95.49,95.49,-1.6199999999999903,0.0,1
Proposed_ShieldedQoE,bigbuckbunny,16,25,3,3,1850,2435.6,13.97,15.84,0.0,95.49,0.0,95.49,0,0.038461538461538464,4,2850,0.0,97.11,95.49,0.0,0.0,0
Proposed_ShieldedQoE,bigbuckbunny,16,26,4,4,2850,2196.4,15.84,16.32,0.0,97.11,1.62,95.49,0,0.037037037037037035,4,2850,0.0,97.11,97.11,-1.6200000000000045,0.0,1
Proposed_ShieldedQoE,bigbuckbunny,16,27,4,4,2850,1726.4,16.32,16.74,0.0,97.11,0.0,97.11,0,0.03571428571428571,4,2850,0.0,97.11,97.11,0.0,0.0,1
Proposed_ShieldedQoE,bigbuckbunny,16,28,3,3,1850,5195.1,16.74,19.14,0.0,95.49,1.62,93.87,0,0.034482758620689655,3,1850,0.0,95.49,93.87,0.0,0.0,1
Proposed_ShieldedQoE,bigbuckbunny,16,29,5,5,6000,1283.4,19.14,15.81,0.0,97.14,1.65,95.49,0,0.03333333333333333,3,1850,0.0,95.49,95.49,0.0,0.0,0
Proposed_ShieldedQoE,bigbuckbunny,16,30,0,0,300,2759.4,15.81,16.97,0.0,66.58,30.56,36.02,0,0.03225806451612903,3,1850,0.0,95.49,95.49,-59.46999999999999,0.0,0
Proposed_ShieldedQoE,bigbuckbunny,16,31,4,4,2850,1776.0,16.97,14.64,0.0,97.11,30.53,66.58,0,0.03125,3,1850,0.0,95.49,95.49,-28.909999999999997,0.0,0
Proposed_ShieldedQoE,bigbuckbunny,16,32,0,0,300,2307.6,14.64,11.63,0.0,66.58,30.53,36.05,0,0.030303030303030304,3,1850,0.0,95.49,95.49,-59.44,0.0,0
Proposed_ShieldedQoE,bigbuckbunny,16,33,3,3,1850,2359.7,11.63,13.51,0.0,95.49,28.91,66.58,0,0.029411764705882353,3,1850,0.0,95.49,95.49,-28.909999999999997,0.0,1
Proposed_ShieldedQoE,bigbuckbunny,16,34,3,3,1850,2255.6,13.51,13.39,0.0,95.49,0.0,95.49,0,0.02857142857142857,3,1850,0.0,95.49,95.49,0.0,0.0,1
Proposed_ShieldedQoE,bigbuckbunny,16,35,3,3,1850,1751.4,13.39,13.3,0.0,95.49,0.0,95.49,0,0.027777777777777776,3,1850,0.0,95.49,95.49,0.0,0.0,1
Proposed_ShieldedQoE,bigbuckbunny,16,36,0,0,300,1518.3,13.3,10.17,0.0,66.58,28.91,37.67,0,0.02702702702702703,3,1850,0.0,95.49,95.49,-57.81999999999999,0.0,0
Proposed_ShieldedQoE,bigbuckbunny,16,37,2,2,1200,3087.2,10.17,12.84,0.0,90.34,23.76,66.58,0,0.02631578947368421,4,2850,0.0,97.11,95.49,-28.909999999999997,0.0,0
Proposed_ShieldedQoE,bigbuckbunny,16,38,5,5,6000,3044.6,12.84,14.4,0.0,97.14,6.8,90.34,0,0.02564102564102564,4,2850,0.0,97.11,97.11,-6.769999999999996,0.0,0
Proposed_ShieldedQoE,bigbuckbunny,16,39,4,4,2850,2653.9,14.4,13.36,0.0,97.11,0.03,97.08,0,0.025,4,2850,0.0,97.11,97.11,-0.030000000000001137,0.0,1
Proposed_ShieldedQoE,bigbuckbunny,16,40,3,3,1850,2494.6,13.36,12.85,0.0,95.49,1.62,93.87,0,0.024390243902439025,4,2850,0.0,97.11,97.11,-3.239999999999995,0.0,0
Proposed_ShieldedQoE,bigbuckbunny,16,41,3,3,1850,2562.5,12.85,14.18,0.0,95.49,0.0,95.49,0,0.023809523809523808,4,2850,0.0,97.11,97.11,-1.6200000000000045,0.0,0
Proposed_ShieldedQoE,bigbuckbunny,16,42,4,4,2850,3119.3,14.18,16.16,0.0,97.11,1.62,95.49,0,0.023255813953488372,4,2850,0.0,97.11,97.11,-1.6200000000000045,0.0,1
Proposed_ShieldedQoE,bigbuckbunny,16,43,4,4,2850,2993.5,16.16,18.55,0.0,97.11,0.0,97.11,0,0.022727272727272728,4,2850,0.0,97.11,97.11,0.0,0.0,1
Proposed_ShieldedQoE,bigbuckbunny,16,44,4,4,2850,2526.3,18.55,18.46,0.0,97.11,0.0,97.11,0,0.022222222222222223,4,2850,0.0,97.11,97.11,0.0,0.0,1
Proposed_ShieldedQoE,bigbuckbunny,16,45,4,4,2850,1053.2,18.46,16.18,0.0,97.11,0.0,97.11,0,0.021739130434782608,4,2850,0.0,97.11,97.11,0.0,0.0,1
Proposed_ShieldedQoE,bigbuckbunny,16,46,0,0,300,1996.8,16.18,17.92,0.0,66.58,30.53,36.05,0,0.02127659574468085,4,2850,0.0,97.11,97.11,-61.06,0.0,0
Proposed_ShieldedQoE,bigbuckbunny,16,47,4,4,2850,1623.2,17.92,17.4,0.0,97.11,30.53,66.58,0,0.020833333333333332,4,2850,0.0,97.11,97.11,-30.53,0.0,1
Proposed_ShieldedQoE,bigbuckbunny,17,0,1,0,300,956.3,0.9,4.0,1.098,66.58,0.0,61.86,1,1.0,1,750,4.098,83.73,66.11,-4.25,-3.0,0
Proposed_ShieldedQoE,bigbuckbunny,17,1,4,3,1850,1160.2,4.0,6.32,0.0,95.49,28.91,66.58,1,1.0,1,750,0.0,83.73,83.73,-17.150000000000006,0.0,0
Proposed_ShieldedQoE,bigbuckbunny,17,2,1,1,750,1012.1,6.32,8.54,0.0,83.73,11.76,71.97,0,0.6666666666666666,1,750,0.0,83.73,83.73,-11.760000000000005,0.0,1
Proposed_ShieldedQoE,bigbuckbunny,17,3,1,1,750,1129.0,8.54,10.82,0.0,83.73,0.0,83.73,0,0.5,1,750,0.0,83.73,83.73,0.0,0.0,1
Proposed_ShieldedQoE,bigbuckbunny,17,4,1,1,750,847.8,10.82,11.25,0.0,83.73,0.0,83.73,0,0.4,1,750,0.0,83.73,83.73,0.0,0.0,1
Proposed_ShieldedQoE,bigbuckbunny,17,5,1,1,750,792.3,11.25,13.56,0.0,83.73,0.0,83.73,0,0.3333333333333333,1,750,0.0,83.73,83.73,0.0,0.0,1
Proposed_ShieldedQoE,bigbuckbunny,17,6,1,1,750,471.8,13.56,13.36,0.0,83.73,0.0,83.73,0,0.2857142857142857,1,750,0.0,83.73,83.73,0.0,0.0,1
Proposed_ShieldedQoE,bigbuckbunny,17,7,1,1,750,893.2,13.36,15.68,0.0,83.73,0.0,83.73,0,0.25,1,750,0.0,83.73,83.73,0.0,0.0,1
Proposed_ShieldedQoE,bigbuckbunny,17,8,1,1,750,1029.0,15.68,15.49,0.0,83.73,0.0,83.73,0,0.2222222222222222,1,750,0.0,83.73,83.73,0.0,0.0,1
Proposed_ShieldedQoE,bigbuckbunny,17,9,1,1,750,528.2,15.49,16.83,0.0,83.73,0.0,83.73,0,0.2,1,750,0.0,83.73,83.73,0.0,0.0,1
Proposed_ShieldedQoE,bigbuckbunny,17,10,1,1,750,754.5,16.83,18.7,0.0,83.73,0.0,83.73,0,0.18181818181818182,1,750,0.0,83.73,83.73,0.0,0.0,1
Proposed_ShieldedQoE,bigbuckbunny,17,11,1,1,750,815.3,18.7,18.58,0.0,83.73,0.0,83.73,0,0.16666666666666666,1,750,0.0,83.73,83.73,0.0,0.0,1
Proposed_ShieldedQoE,bigbuckbunny,17,12,1,1,750,721.2,18.58,14.57,0.0,83.73,0.0,83.73,0,0.15384615384615385,0,300,0.0,66.58,49.43,34.300000000000004,0.0,0
Proposed_ShieldedQoE,bigbuckbunny,17,13,1,1,750,534.2,14.57,11.21,0.0,83.73,0.0,83.73,0,0.14285714285714285,0,300,0.0,66.58,66.58,17.150000000000006,0.0,0
Proposed_ShieldedQoE,bigbuckbunny,17,14,1,1,750,587.3,11.21,7.87,0.0,83.73,0.0,83.73,0,0.13333333333333333,0,300,0.0,66.58,66.58,17.150000000000006,0.0,0
Proposed_ShieldedQoE,bigbuckbunny,17,15,1,1,750,713.5,7.87,5.92,0.0,83.73,0.0,83.73,0,0.125,0,300,0.0,66.58,66.58,17.150000000000006,0.0,0
Proposed_ShieldedQoE,bigbuckbunny,17,16,1,0,300,503.6,5.92,4.35,0.0,66.58,17.15,49.43,1,0.17647058823529413,0,300,0.0,66.58,66.58,-17.15,0.0,1
Proposed_ShieldedQoE,bigbuckbunny,17,17,0,0,300,282.3,4.35,4.0,1.202,66.58,0.0,61.41,0,0.16666666666666666,0,300,0.0,66.58,66.58,-5.170000000000002,1.202,1
Proposed_ShieldedQoE,bigbuckbunny,17,18,0,0,300,343.5,4.0,5.5,0.0,66.58,0.0,66.58,0,0.15789473684210525,1,750,0.0,83.73,66.58,0.0,0.0,0
Proposed_ShieldedQoE,bigbuckbunny,17,19,0,0,300,533.8,5.5,7.39,0.0,66.58,0.0,66.58,0,0.15,1,750,0.0,83.73,83.73,-17.150000000000006,0.0,0
Proposed_ShieldedQoE,bigbuckbunny,17,20,0,0,300,775.6,7.39,8.59,0.0,66.58,0.0,66.58,0,0.14285714285714285,1,750,0.0,83.73,83.73,-17.150000000000006,0.0,0
Proposed_ShieldedQoE,bigbuckbunny,17,21,1,1,750,576.4,8.59,8.39,0.0,83.73,17.15,66.58,0,0.13636363636363635,1,750,0.0,83.73,83.73,-17.150000000000006,0.0,1
Proposed_ShieldedQoE,bigbuckbunny,17,22,1,1,750,502.9,8.39,8.35,0.0,83.73,0.0,83.73,0,0.13043478260869565,1,750,0.0,83.73,83.73,0.0,0.0,1
Proposed_ShieldedQoE,bigbuckbunny,17,23,1,1,750,487.7,8.35,7.89,0.0,83.73,0.0,83.73,0,0.125,1,750,0.0,83.73,83.73,0.0,0.0,1
Proposed_ShieldedQoE,bigbuckbunny,17,24,1,1,750,400.4,7.89,4.0,0.954,83.73,0.0,79.63,0,0.12,1,750,0.0,83.73,83.73,-4.1000000000000085,0.954,1
Proposed_ShieldedQoE,bigbuckbunny,17,25,1,1,750,446.7,4.0,4.0,0.723,83.73,0.0,80.62,0,0.11538461538461539,1,750,0.0,83.73,83.73,-3.1099999999999994,0.723,1
Proposed_ShieldedQoE,bigbuckbunny,17,26,1,1,750,1006.1,4.0,5.98,0.0,83.73,0.0,83.73,0,0.1111111111111111,1,750,0.0,83.73,83.73,0.0,0.0,1
Proposed_ShieldedQoE,bigbuckbunny,17,27,1,1,750,845.8,5.98,8.06,0.0,83.73,0.0,83.73,0,0.10714285714285714,1,750,0.0,83.73,83.73,0.0,0.0,1
Proposed_ShieldedQoE,bigbuckbunny,17,28,1,1,750,633.0,8.06,6.73,0.0,83.73,0.0,83.73,0,0.10344827586206896,1,750,0.0,83.73,83.73,0.0,0.0,1
Proposed_ShieldedQoE,bigbuckbunny,17,29,1,1,750,1261.3,6.73,8.76,0.0,83.73,0.0,83.73,0,0.1,1,750,0.0,83.73,83.73,0.0,0.0,1
Proposed_ShieldedQoE,bigbuckbunny,17,30,1,1,750,1113.3,8.76,9.91,0.0,83.73,0.0,83.73,0,0.0967741935483871,1,750,0.0,83.73,83.73,0.0,0.0,1
Proposed_ShieldedQoE,bigbuckbunny,17,31,1,1,750,596.7,9.91,8.95,0.0,83.73,0.0,83.73,0,0.09375,1,750,0.0,83.73,83.73,0.0,0.0,1
Proposed_ShieldedQoE,bigbuckbunny,17,32,1,1,750,627.1,8.95,4.0,1.504,83.73,0.0,77.26,0,0.09090909090909091,1,750,0.0,83.73,83.73,-6.469999999999999,1.504,1
Proposed_ShieldedQoE,bigbuckbunny,17,33,1,1,750,882.9,4.0,5.7,0.0,83.73,0.0,83.73,0,0.08823529411764706,1,750,0.0,83.73,83.73,0.0,0.0,1
Proposed_ShieldedQoE,bigbuckbunny,17,34,1,1,750,1234.7,5.7,6.65,0.0,83.73,0.0,83.73,0,0.08571428571428572,1,750,0.0,83.73,83.73,0.0,0.0,1
Proposed_ShieldedQoE,bigbuckbunny,17,35,1,1,750,1061.1,6.65,7.91,0.0,83.73,0.0,83.73,0,0.08333333333333333,1,750,0.0,83.73,83.73,0.0,0.0,1
Proposed_ShieldedQoE,bigbuckbunny,17,36,1,1,750,972.2,7.91,4.95,0.0,83.73,0.0,83.73,0,0.08108108108108109,1,750,0.0,83.73,83.73,0.0,0.0,1
Proposed_ShieldedQoE,bigbuckbunny,17,37,1,1,750,682.0,4.95,5.17,0.0,83.73,0.0,83.73,0,0.07894736842105263,1,750,0.0,83.73,83.73,0.0,0.0,1
Proposed_ShieldedQoE,bigbuckbunny,17,38,1,1,750,609.2,5.17,4.24,0.0,83.73,0.0,83.73,0,0.07692307692307693,1,750,0.0,83.73,83.73,0.0,0.0,1
Proposed_ShieldedQoE,bigbuckbunny,17,39,1,1,750,468.4,4.24,4.0,3.284,83.73,0.0,69.61,0,0.075,1,750,1.579,83.73,76.94,-7.329999999999998,1.7049999999999998,1
Proposed_ShieldedQoE,bigbuckbunny,17,40,0,0,300,1047.2,4.0,6.26,0.0,66.58,17.15,49.43,0,0.07317073170731707,1,750,0.357,83.73,82.19,-32.76,-0.357,0
Proposed_ShieldedQoE,bigbuckbunny,17,41,1,1,750,819.8,6.26,6.88,0.0,83.73,17.15,66.58,0,0.07142857142857142,1,750,0.0,83.73,83.73,-17.150000000000006,0.0,1
Proposed_ShieldedQoE,bigbuckbunny,17,42,1,1,750,534.5,6.88,7.77,0.0,83.73,0.0,83.73,0,0.06976744186046512,1,750,0.0,83.73,83.73,0.0,0.0,1
Proposed_ShieldedQoE,bigbuckbunny,17,43,1,1,750,669.7,7.77,9.88,0.0,83.73,0.0,83.73,0,0.06818181818181818,2,1200,0.0,90.34,83.73,0.0,0.0,0
Proposed_ShieldedQoE,bigbuckbunny,17,44,1,1,750,762.5,9.88,10.31,0.0,83.73,0.0,83.73,0,0.06666666666666667,2,1200,0.0,90.34,90.34,-6.609999999999999,0.0,0
Proposed_ShieldedQoE,bigbuckbunny,17,45,1,1,750,468.7,10.31,10.6,0.0,83.73,0.0,83.73,0,0.06521739130434782,2,1200,1.161,90.34,85.35,-1.6199999999999903,-1.161,0
Proposed_ShieldedQoE,bigbuckbunny,17,46,1,1,750,706.1,10.6,12.01,0.0,83.73,0.0,83.73,0,0.06382978723404255,2,1200,0.138,90.34,89.75,-6.019999999999996,-0.138,0
Proposed_ShieldedQoE,bigbuckbunny,17,47,1,1,750,703.9,12.01,13.27,0.0,83.73,0.0,83.73,0,0.0625,2,1200,0.396,90.34,88.64,-4.909999999999997,-0.396,0
Proposed_ShieldedQoE,bigbuckbunny,18,0,0,0,300,527.2,2.29,4.0,1.335,66.58,0.0,60.84,0,0.0,0,300,1.335,66.58,60.84,0.0,0.0,1
Proposed_ShieldedQoE,bigbuckbunny,18,1,0,0,300,320.0,4.0,5.56,0.0,66.58,0.0,66.58,0,0.0,1,750,2.098,83.73,57.56,9.019999999999996,-2.098,0
Proposed_ShieldedQoE,bigbuckbunny,18,2,0,0,300,387.0,5.56,7.7,0.0,66.58,0.0,66.58,0,0.0,1,750,0.66,83.73,80.89,-14.310000000000002,-0.66,0
Proposed_ShieldedQoE,bigbuckbunny,18,3,0,0,300,654.2,7.7,10.51,0.0,66.58,0.0,66.58,0,0.0,1,750,0.0,83.73,83.73,-17.150000000000006,0.0,0
Proposed_ShieldedQoE,bigbuckbunny,18,4,0,0,300,807.2,10.51,13.01,0.0,66.58,0.0,66.58,0,0.0,1,750,0.0,83.73,83.73,-17.150000000000006,0.0,0
Proposed_ShieldedQoE,bigbuckbunny,18,5,4,4,2850,402.8,13.01,13.68,0.0,97.11,30.53,66.58,0,0.0,1,750,0.0,83.73,83.73,-17.150000000000006,0.0,0
Proposed_ShieldedQoE,bigbuckbunny,18,6,1,1,750,467.3,13.68,13.45,0.0,83.73,13.38,70.35,0,0.0,1,750,0.0,83.73,83.73,-13.38000000000001,0.0,1
Proposed_ShieldedQoE,bigbuckbunny,18,7,1,1,750,449.3,13.45,14.1,0.0,83.73,0.0,83.73,0,0.0,1,750,0.0,83.73,83.73,0.0,0.0,1
Proposed_ShieldedQoE,bigbuckbunny,18,8,1,1,750,426.7,14.1,7.99,0.0,83.73,0.0,83.73,0,0.0,1,750,3.73,83.73,67.69,16.040000000000006,-3.73,1
Proposed_ShieldedQoE,bigbuckbunny,18,9,1,1,750,606.4,7.99,9.68,0.0,83.73,0.0,83.73,0,0.0,1,750,0.0,83.73,83.73,0.0,0.0,1
Proposed_ShieldedQoE,bigbuckbunny,18,10,1,1,750,819.0,9.68,11.72,0.0,83.73,0.0,83.73,0,0.0,1,750,0.0,83.73,83.73,0.0,0.0,1
Proposed_ShieldedQoE,bigbuckbunny,18,11,1,1,750,356.1,11.72,6.28,0.0,83.73,0.0,83.73,0,0.0,1,750,1.715,83.73,76.35,7.38000000000001,-1.715,1
Proposed_ShieldedQoE,bigbuckbunny,18,12,0,0,300,535.5,6.28,5.97,0.0,66.58,17.15,49.43,0,0.0,1,750,6.779,83.73,54.58,-5.149999999999999,-6.779,0
Proposed_ShieldedQoE,bigbuckbunny,18,13,0,0,300,504.7,5.97,6.85,0.0,66.58,0.0,66.58,0,0.0,1,750,3.8,83.73,67.39,-0.8100000000000023,-3.8,0
Proposed_ShieldedQoE,bigbuckbunny,18,14,0,0,300,796.2,6.85,8.68,0.0,66.58,0.0,66.58,0,0.0,1,750,1.411,83.73,77.66,-11.079999999999998,-1.411,0
Proposed_ShieldedQoE,bigbuckbunny,18,15,0,0,300,825.8,8.68,10.63,0.0,66.58,0.0,66.58,0,0.0,1,750,1.143,83.73,78.81,-12.230000000000004,-1.143,0
Proposed_ShieldedQoE,bigbuckbunny,18,16,0,0,300,704.8,10.63,10.65,0.0,66.58,0.0,66.58,0,0.0,1,750,5.942,83.73,58.18,8.399999999999999,-5.942,0
Proposed_ShieldedQoE,bigbuckbunny,18,17,1,1,750,580.0,10.65,7.89,0.0,83.73,17.15,66.58,0,0.0,1,750,2.758,83.73,71.87,-5.290000000000006,-2.758,1
Proposed_ShieldedQoE,bigbuckbunny,18,18,1,1,750,539.7,7.89,7.91,0.0,83.73,0.0,83.73,0,0.0,1,750,0.0,83.73,83.73,0.0,0.0,1
Proposed_ShieldedQoE,bigbuckbunny,18,19,1,1,750,486.4,7.91,6.13,0.0,83.73,0.0,83.73,0,0.0,1,750,1.762,83.73,76.15,7.579999999999998,-1.762,1
Proposed_ShieldedQoE,bigbuckbunny,18,20,1,0,300,735.2,6.13,7.18,0.0,66.58,17.15,49.43,1,0.047619047619047616,1,750,3.376,83.73,69.21,-19.779999999999994,-3.376,0
Proposed_ShieldedQoE,bigbuckbunny,18,21,0,0,300,666.1,7.18,9.72,0.0,66.58,0.0,66.58,0,0.045454545454545456,1,750,0.0,83.73,83.73,-17.150000000000006,0.0,0
Proposed_ShieldedQoE,bigbuckbunny,18,22,4,4,2850,786.5,9.72,11.14,0.0,97.11,30.53,66.58,0,0.043478260869565216,1,750,0.0,83.73,83.73,-17.150000000000006,0.0,0
Proposed_ShieldedQoE,bigbuckbunny,18,23,1,1,750,694.6,11.14,12.01,0.0,83.73,13.38,70.35,0,0.041666666666666664,1,750,0.0,83.73,83.73,-13.38000000000001,0.0,1
Proposed_ShieldedQoE,bigbuckbunny,18,24,1,1,750,531.7,12.01,9.35,0.0,83.73,0.0,83.73,0,0.04,1,750,0.014,83.73,83.67,0.060000000000002274,-0.014,1
Proposed_ShieldedQoE,bigbuckbunny,18,25,1,1,750,492.5,9.35,9.06,0.0,83.73,0.0,83.73,0,0.038461538461538464,1,750,0.284,83.73,82.51,1.2199999999999989,-0.284,1
Proposed_ShieldedQoE,bigbuckbunny,18,26,1,1,750,719.3,9.06,10.24,0.0,83.73,0.0,83.73,0,0.037037037037037035,1,750,0.0,83.73,83.73,0.0,0.0,1
Proposed_ShieldedQoE,bigbuckbunny,18,27,1,1,750,686.2,10.24,11.87,0.0,83.73,0.0,83.73,0,0.03571428571428571,1,750,0.0,83.73,83.73,0.0,0.0,1
Proposed_ShieldedQoE,bigbuckbunny,18,28,1,1,750,807.2,11.87,11.69,0.0,83.73,0.0,83.73,0,0.034482758620689655,1,750,0.0,83.73,83.73,0.0,0.0,1
Proposed_ShieldedQoE,bigbuckbunny,18,29,1,1,750,793.6,11.69,12.57,0.0,83.73,0.0,83.73,0,0.03333333333333333,1,750,0.0,83.73,83.73,0.0,0.0,1
Proposed_ShieldedQoE,bigbuckbunny,18,30,1,1,750,749.4,12.57,12.32,0.0,83.73,0.0,83.73,0,0.03225806451612903,1,750,0.0,83.73,83.73,0.0,0.0,1
Proposed_ShieldedQoE,bigbuckbunny,18,31,1,1,750,990.9,12.32,13.34,0.0,83.73,0.0,83.73,0,0.03125,1,750,0.0,83.73,83.73,0.0,0.0,1
Proposed_ShieldedQoE,bigbuckbunny,18,32,1,1,750,964.2,13.34,10.54,0.0,83.73,0.0,83.73,0,0.030303030303030304,1,750,0.0,83.73,83.73,0.0,0.0,1
Proposed_ShieldedQoE,bigbuckbunny,18,33,1,1,750,572.6,10.54,10.99,0.0,83.73,0.0,83.73,0,0.029411764705882353,1,750,0.0,83.73,83.73,0.0,0.0,1
Proposed_ShieldedQoE,bigbuckbunny,18,34,1,1,750,725.9,10.99,9.8,0.0,83.73,0.0,83.73,0,0.02857142857142857,1,750,0.0,83.73,83.73,0.0,0.0,1
Proposed_ShieldedQoE,bigbuckbunny,18,35,1,1,750,537.0,9.8,8.4,0.0,83.73,0.0,83.73,0,0.027777777777777776,1,750,0.664,83.73,80.88,2.8500000000000085,-0.664,1
Proposed_ShieldedQoE,bigbuckbunny,18,36,1,1,750,810.3,8.4,4.05,0.0,83.73,0.0,83.73,0,0.02702702702702703,1,750,4.351,83.73,65.02,18.710000000000008,-4.351,1
Proposed_ShieldedQoE,bigbuckbunny,18,37,1,1,750,759.9,4.05,4.65,0.0,83.73,0.0,83.73,0,0.02631578947368421,1,750,0.0,83.73,83.73,0.0,0.0,1
Proposed_ShieldedQoE,bigbuckbunny,18,38,1,1,750,363.9,4.65,4.0,3.609,83.73,0.0,68.21,0,0.02564102564102564,1,750,3.658,83.73,68.0,0.20999999999999375,-0.04899999999999993,1
Proposed_ShieldedQoE,bigbuckbunny,18,39,0,0,300,361.5,4.0,4.1,0.0,66.58,17.15,49.43,0,0.025,1,750,5.743,83.73,59.04,-9.61,-5.743,0
Proposed_ShieldedQoE,bigbuckbunny,18,40,0,0,300,439.7,4.1,4.0,0.048,66.58,0.0,66.37,0,0.024390243902439025,1,750,6.377,83.73,56.31,10.060000000000002,-6.329,0
Proposed_ShieldedQoE,bigbuckbunny,18,41,0,0,300,452.3,4.0,5.55,0.0,66.58,0.0,66.58,0,0.023809523809523808,1,750,2.119,83.73,74.62,-8.040000000000006,-2.119,0
Proposed_ShieldedQoE,bigbuckbunny,18,42,0,0,300,817.5,5.55,8.74,0.0,66.58,0.0,66.58,0,0.023255813953488372,2,1200,0.0,90.34,83.73,-17.150000000000006,0.0,0
Proposed_ShieldedQoE,bigbuckbunny,18,43,4,4,2850,693.1,8.74,10.91,0.0,97.11,30.53,66.58,0,0.022727272727272728,2,1200,0.0,90.34,90.34,-23.760000000000005,0.0,0
Proposed_ShieldedQoE,bigbuckbunny,18,44,1,1,750,554.2,10.91,10.0,0.0,83.73,13.38,70.35,0,0.022222222222222223,2,1200,2.031,90.34,81.61,-11.260000000000005,-2.031,0
Proposed_ShieldedQoE,bigbuckbunny,18,45,1,1,750,499.1,10.0,10.52,0.0,83.73,0.0,83.73,0,0.021739130434782608,2,1200,1.578,90.34,83.55,0.18000000000000682,-1.578,0
Proposed_ShieldedQoE,bigbuckbunny,18,46,1,1,750,686.0,10.52,11.85,0.0,83.73,0.0,83.73,0,0.02127659574468085,2,1200,0.26,90.34,89.22,-5.489999999999995,-0.26,0
Proposed_ShieldedQoE,bigbuckbunny,18,47,1,1,750,794.6,11.85,13.42,0.0,83.73,0.0,83.73,0,0.020833333333333332,2,1200,0.0,90.34,90.34,-6.609999999999999,0.0,0
Proposed_ShieldedQoE,bigbuckbunny,19,0,1,1,750,2141.4,2.81,4.58,0.0,83.73,0.0,83.73,0,0.0,2,1200,0.759,90.34,87.08,-3.3499999999999943,-0.759,0
Proposed_ShieldedQoE,bigbuckbunny,19,1,1,1,750,1244.7,4.58,7.01,0.0,83.73,0.0,83.73,0,0.0,2,1200,0.0,90.34,90.34,-6.609999999999999,0.0,0
Proposed_ShieldedQoE,bigbuckbunny,19,2,1,1,750,2278.8,7.01,10.22,0.0,83.73,0.0,83.73,0,0.0,3,1850,0.0,95.49,90.34,-6.609999999999999,0.0,0
Proposed_ShieldedQoE,bigbuckbunny,19,3,5,5,6000,1915.2,10.22,12.6,0.0,97.14,13.41,83.73,0,0.0,3,1850,0.0,95.49,95.49,-11.759999999999991,0.0,0
Proposed_ShieldedQoE,bigbuckbunny,19,4,2,2,1200,2483.7,12.6,14.65,0.0,90.34,6.8,83.54,0,0.0,3,1850,0.0,95.49,95.49,-11.949999999999989,0.0,0
Proposed_ShieldedQoE,bigbuckbunny,19,5,5,5,6000,1926.6,14.65,16.94,0.0,97.14,6.8,90.34,0,0.0,3,1850,0.0,95.49,95.49,-5.1499999999999915,0.0,0
Proposed_ShieldedQoE,bigbuckbunny,19,6,4,4,2850,1902.4,16.94,16.98,0.0,97.11,0.03,97.08,0,0.0,3,1850,0.0,95.49,95.49,1.5900000000000034,0.0,0
Proposed_ShieldedQoE,bigbuckbunny,19,7,4,4,2850,1486.0,16.98,17.14,0.0,97.11,0.0,97.11,0,0.0,3,1850,0.0,95.49,95.49,1.6200000000000045,0.0,0
Proposed_ShieldedQoE,bigbuckbunny,19,8,0,0,300,1688.1,17.14,14.84,0.0,66.58,30.53,36.05,0,0.0,3,1850,0.0,95.49,95.49,-59.44,0.0,0
Proposed_ShieldedQoE,bigbuckbunny,19,9,3,3,1850,2320.8,14.84,17.35,0.0,95.49,28.91,66.58,0,0.0,3,1850,0.0,95.49,95.49,-28.909999999999997,0.0,1
Proposed_ShieldedQoE,bigbuckbunny,19,10,4,4,2850,1854.4,17.35,18.05,0.0,97.11,1.62,95.49,0,0.0,3,1850,0.0,95.49,95.49,0.0,0.0,0
Proposed_ShieldedQoE,bigbuckbunny,19,11,4,4,2850,1675.0,18.05,14.43,0.0,97.11,0.0,97.11,0,0.0,3,1850,0.0,95.49,95.49,1.6200000000000045,0.0,0
Proposed_ShieldedQoE,bigbuckbunny,19,12,0,0,300,2343.7,14.43,12.35,0.0,66.58,30.53,36.05,0,0.0,3,1850,0.0,95.49,95.49,-59.44,0.0,0
Proposed_ShieldedQoE,bigbuckbunny,19,13,3,3,1850,2094.7,12.35,11.72,0.0,95.49,28.91,66.58,0,0.0,3,1850,0.0,95.49,95.49,-28.909999999999997,0.0,1
Proposed_ShieldedQoE,bigbuckbunny,19,14,2,2,1200,1818.6,11.72,11.93,0.0,90.34,5.15,85.19,0,0.0,3,1850,0.0,95.49,95.49,-10.299999999999997,0.0,0
Proposed_ShieldedQoE,bigbuckbunny,19,15,2,2,1200,2307.6,11.93,12.98,0.0,90.34,0.0,90.34,0,0.0,3,1850,0.0,95.49,95.49,-5.1499999999999915,0.0,0
Proposed_ShieldedQoE,bigbuckbunny,19,16,2,2,1200,2390.6,12.98,12.29,0.0,90.34,0.0,90.34,0,0.0,3,1850,0.0,95.49,95.49,-5.1499999999999915,0.0,0
Proposed_ShieldedQoE,bigbuckbunny,19,17,2,2,1200,2554.1,12.29,13.84,0.0,90.34,0.0,90.34,0,0.0,3,1850,0.0,95.49,95.49,-5.1499999999999915,0.0,0
Proposed_ShieldedQoE,bigbuckbunny,19,18,5,5,6000,2274.0,13.84,15.51,0.0,97.14,6.8,90.34,0,0.0,3,1850,0.0,95.49,95.49,-5.1499999999999915,0.0,0
Proposed_ShieldedQoE,bigbuckbunny,19,19,4,4,2850,2045.2,15.51,14.28,0.0,97.11,0.03,97.08,0,0.0,3,1850,0.0,95.49,95.49,1.5900000000000034,0.0,0
Proposed_ShieldedQoE,bigbuckbunny,19,20,0,0,300,1671.5,14.28,10.28,0.0,66.58,30.53,36.05,0,0.0,3,1850,0.0,95.49,95.49,-59.44,0.0,0
Proposed_ShieldedQoE,bigbuckbunny,19,21,3,3,1850,1300.1,10.28,9.68,0.0,95.49,28.91,66.58,0,0.0,3,1850,0.0,95.49,95.49,-28.909999999999997,0.0,1
Proposed_ShieldedQoE,bigbuckbunny,19,22,2,2,1200,1467.6,9.68,11.47,0.0,90.34,5.15,85.19,0,0.0,3,1850,0.0,95.49,95.49,-10.299999999999997,0.0,0
Proposed_ShieldedQoE,bigbuckbunny,19,23,2,2,1200,2546.3,11.47,14.1,0.0,90.34,0.0,90.34,0,0.0,3,1850,0.0,95.49,95.49,-5.1499999999999915,0.0,0
Proposed_ShieldedQoE,bigbuckbunny,19,24,2,2,1200,1551.5,14.1,14.45,0.0,90.34,0.0,90.34,0,0.0,3,1850,0.0,95.49,95.49,-5.1499999999999915,0.0,0
Proposed_ShieldedQoE,bigbuckbunny,19,25,2,2,1200,1706.4,14.45,16.47,0.0,90.34,0.0,90.34,0,0.0,3,1850,0.0,95.49,95.49,-5.1499999999999915,0.0,0
Proposed_ShieldedQoE,bigbuckbunny,19,26,5,5,6000,1504.5,16.47,17.14,0.0,97.14,6.8,90.34,0,0.0,3,1850,0.0,95.49,95.49,-5.1499999999999915,0.0,0
Proposed_ShieldedQoE,bigbuckbunny,19,27,3,3,1850,1604.3,17.14,18.64,0.0,95.49,1.65,93.84,0,0.0,3,1850,0.0,95.49,95.49,-1.6499999999999915,0.0,1
Proposed_ShieldedQoE,bigbuckbunny,19,28,3,3,1850,1815.9,18.64,18.05,0.0,95.49,0.0,95.49,0,0.0,3,1850,0.0,95.49,95.49,0.0,0.0,1
Proposed_ShieldedQoE,bigbuckbunny,19,29,3,3,1850,2607.6,18.05,19.71,0.0,95.49,0.0,95.49,0,0.0,3,1850,0.0,95.49,95.49,0.0,0.0,1
Proposed_ShieldedQoE,bigbuckbunny,19,30,5,5,6000,2629.1,19.71,19.11,0.0,97.14,1.65,95.49,0,0.0,3,1850,0.0,95.49,95.49,0.0,0.0,0
Proposed_ShieldedQoE,bigbuckbunny,19,31,4,4,2850,2342.1,19.11,18.31,0.0,97.11,0.03,97.08,0,0.0,3,1850,0.0,95.49,95.49,1.5900000000000034,0.0,0
Proposed_ShieldedQoE,bigbuckbunny,19,32,3,3,1850,2233.2,18.31,15.07,0.0,95.49,1.62,93.87,0,0.0,3,1850,0.0,95.49,95.49,-1.6199999999999903,0.0,1
Proposed_ShieldedQoE,bigbuckbunny,19,33,3,3,1850,1938.0,15.07,16.49,0.0,95.49,0.0,95.49,0,0.0,3,1850,0.0,95.49,95.49,0.0,0.0,1
Proposed_ShieldedQoE,bigbuckbunny,19,34,3,3,1850,1870.0,16.49,15.52,0.0,95.49,0.0,95.49,0,0.0,3,1850,0.0,95.49,95.49,0.0,0.0,1
Proposed_ShieldedQoE,bigbuckbunny,19,35,3,3,1850,1739.3,15.52,15.41,0.0,95.49,0.0,95.49,0,0.0,3,1850,0.0,95.49,95.49,0.0,0.0,1
Proposed_ShieldedQoE,bigbuckbunny,19,36,2,2,1200,1616.3,15.41,12.71,0.0,90.34,5.15,85.19,0,0.0,3,1850,0.347,95.49,94.0,-8.810000000000002,-0.347,0
Proposed_ShieldedQoE,bigbuckbunny,19,37,2,2,1200,2408.6,12.71,14.99,0.0,90.34,0.0,90.34,0,0.0,3,1850,0.0,95.49,95.49,-5.1499999999999915,0.0,0
Proposed_ShieldedQoE,bigbuckbunny,19,38,5,5,6000,2536.1,14.99,16.07,0.0,97.14,6.8,90.34,0,0.0,3,1850,0.0,95.49,95.49,-5.1499999999999915,0.0,0
Proposed_ShieldedQoE,bigbuckbunny,19,39,3,3,1850,1919.3,16.07,15.54,0.0,95.49,1.65,93.84,0,0.0,3,1850,0.0,95.49,95.49,-1.6499999999999915,0.0,1
Proposed_ShieldedQoE,bigbuckbunny,19,40,3,3,1850,1698.0,15.54,12.91,0.0,95.49,0.0,95.49,0,0.0,3,1850,0.722,95.49,92.39,3.0999999999999943,-0.722,1
Proposed_ShieldedQoE,bigbuckbunny,19,41,3,3,1850,1701.5,12.91,12.9,0.0,95.49,0.0,95.49,0,0.0,3,1850,0.013,95.49,95.44,0.04999999999999716,-0.013,1
Proposed_ShieldedQoE,bigbuckbunny,19,42,3,3,1850,2493.2,12.9,15.26,0.0,95.49,0.0,95.49,0,0.0,4,2850,0.0,97.11,95.49,0.0,0.0,0
Proposed_ShieldedQoE,bigbuckbunny,19,43,4,4,2850,2299.0,15.26,17.16,0.0,97.11,1.62,95.49,0,0.0,4,2850,0.0,97.11,97.11,-1.6200000000000045,0.0,1
Proposed_ShieldedQoE,bigbuckbunny,19,44,4,4,2850,2522.1,17.16,17.06,0.0,97.11,0.0,97.11,0,0.0,4,2850,0.0,97.11,97.11,0.0,0.0,1
Proposed_ShieldedQoE,bigbuckbunny,19,45,4,4,2850,1156.2,17.06,15.35,0.0,97.11,0.0,97.11,0,0.0,4,2850,0.0,97.11,97.11,0.0,0.0,1
Proposed_ShieldedQoE,bigbuckbunny,19,46,0,0,300,2113.7,15.35,17.21,0.0,66.58,30.53,36.05,0,0.0,4,2850,0.0,97.11,97.11,-61.06,0.0,0
Proposed_ShieldedQoE,bigbuckbunny,19,47,4,4,2850,2465.5,17.21,18.23,0.0,97.11,30.53,66.58,0,0.0,4,2850,0.0,97.11,97.11,-30.53,0.0,1
Proposed_ShieldedQoE,crowd_run,0,0,0,0,300,1126.0,1.17,4.0,0.111,4.03,0.0,3.55,1,1.0,1,750,2.039,15.45,6.68,-3.13,-1.9280000000000002,0
Proposed_ShieldedQoE,crowd_run,0,1,0,0,300,892.4,4.0,7.46,0.0,4.03,0.0,4.03,0,0.5,1,750,0.0,15.45,15.45,-11.419999999999998,0.0,0
Proposed_ShieldedQoE,crowd_run,0,2,4,4,2850,941.8,7.46,9.52,0.0,44.66,40.63,4.03,0,0.3333333333333333,1,750,0.0,15.45,15.45,-11.419999999999998,0.0,0
Proposed_ShieldedQoE,crowd_run,0,3,1,1,750,463.6,9.52,10.2,0.0,15.45,29.21,-13.76,0,0.25,1,750,0.0,15.45,15.45,-29.21,0.0,1
Proposed_ShieldedQoE,crowd_run,0,4,1,1,750,1052.0,10.2,10.4,0.0,15.45,0.0,15.45,0,0.2,1,750,0.0,15.45,15.45,0.0,0.0,1
Proposed_ShieldedQoE,crowd_run,0,5,1,1,750,355.7,10.4,6.15,0.0,15.45,0.0,15.45,0,0.16666666666666666,1,750,0.0,15.45,15.45,0.0,0.0,1
Proposed_ShieldedQoE,crowd_run,0,6,1,1,750,952.1,6.15,7.41,0.0,15.45,0.0,15.45,0,0.14285714285714285,1,750,0.0,15.45,15.45,0.0,0.0,1
Proposed_ShieldedQoE,crowd_run,0,7,1,1,750,1023.8,7.41,8.38,0.0,15.45,0.0,15.45,0,0.125,1,750,0.0,15.45,15.45,0.0,0.0,1
Proposed_ShieldedQoE,crowd_run,0,8,1,1,750,960.6,8.38,5.83,0.0,15.45,0.0,15.45,0,0.1111111111111111,1,750,0.0,15.45,15.45,0.0,0.0,1
Proposed_ShieldedQoE,crowd_run,0,9,1,1,750,955.9,5.83,6.11,0.0,15.45,0.0,15.45,0,0.1,1,750,0.0,15.45,15.45,0.0,0.0,1
Proposed_ShieldedQoE,crowd_run,0,10,1,1,750,880.2,6.11,5.4,0.0,15.45,0.0,15.45,0,0.09090909090909091,1,750,0.0,15.45,15.45,0.0,0.0,1
Proposed_ShieldedQoE,crowd_run,0,11,1,1,750,1063.0,5.4,5.51,0.0,15.45,0.0,15.45,0,0.08333333333333333,1,750,0.0,15.45,15.45,0.0,0.0,1
Proposed_ShieldedQoE,crowd_run,0,12,1,1,750,934.7,5.51,4.0,0.194,15.45,0.0,14.62,0,0.07692307692307693,1,750,1.001,15.45,11.15,3.469999999999999,-0.8069999999999999,1
Proposed_ShieldedQoE,crowd_run,0,13,1,1,750,994.6,4.0,5.19,0.0,15.45,0.0,15.45,0,0.07142857142857142,2,1200,0.502,24.75,13.29,2.16,-0.502,0
Proposed_ShieldedQoE,crowd_run,0,14,1,1,750,1000.9,5.19,7.32,0.0,15.45,0.0,15.45,0,0.06666666666666667,2,1200,0.0,24.75,24.75,-9.3,0.0,0
Proposed_ShieldedQoE,crowd_run,0,15,1,1,750,858.9,7.32,8.0,0.0,15.45,0.0,15.45,0,0.0625,2,1200,0.299,24.75,23.46,-8.010000000000002,-0.299,0
Proposed_ShieldedQoE,crowd_run,0,16,1,1,750,1103.0,8.0,7.77,0.0,15.45,0.0,15.45,0,0.058823529411764705,2,1200,2.762,24.75,12.88,2.5699999999999985,-2.762,0
Proposed_ShieldedQoE,crowd_run,0,17,1,1,750,966.8,7.77,9.74,0.0,15.45,0.0,15.45,0,0.05555555555555555,2,1200,0.0,24.75,24.75,-9.3,0.0,0
Proposed_ShieldedQoE,crowd_run,0,18,1,1,750,810.4,9.74,11.03,0.0,15.45,0.0,15.45,0,0.05263157894736842,2,1200,0.0,24.75,24.75,-9.3,0.0,0
Proposed_ShieldedQoE,crowd_run,0,19,1,1,750,971.9,11.03,13.2,0.0,15.45,0.0,15.45,0,0.05,2,1200,0.0,24.75,24.75,-9.3,0.0,0
Proposed_ShieldedQoE,crowd_run,0,20,1,1,750,704.0,13.2,12.57,0.0,15.45,0.0,15.45,0,0.047619047619047616,2,1200,1.923,24.75,16.48,-1.0300000000000011,-1.923,0
Proposed_ShieldedQoE,crowd_run,0,21,1,1,750,1036.7,12.57,15.13,0.0,15.45,0.0,15.45,0,0.045454545454545456,2,1200,0.0,24.75,24.75,-9.3,0.0,0
Proposed_ShieldedQoE,crowd_run,0,22,1,1,750,1087.5,15.13,18.03,0.0,15.45,0.0,15.45,0,0.043478260869565216,2,1200,0.0,24.75,24.75,-9.3,0.0,0
Proposed_ShieldedQoE,crowd_run,0,23,1,1,750,1111.3,18.03,19.91,0.0,15.45,0.0,15.45,0,0.041666666666666664,2,1200,0.0,24.75,24.75,-9.3,0.0,0
Proposed_ShieldedQoE,crowd_run,0,24,1,1,750,1138.6,19.91,20.57,0.0,15.45,0.0,15.45,0,0.04,2,1200,0.0,24.75,24.75,-9.3,0.0,0
Proposed_ShieldedQoE,crowd_run,0,25,1,1,750,1073.9,20.57,22.77,0.0,15.45,0.0,15.45,0,0.038461538461538464,2,1200,0.0,24.75,24.75,-9.3,0.0,0
Proposed_ShieldedQoE,crowd_run,0,26,1,1,750,1065.4,22.77,24.79,0.0,15.45,0.0,15.45,0,0.037037037037037035,2,1200,0.0,24.75,24.75,-9.3,0.0,0
Proposed_ShieldedQoE,crowd_run,0,27,1,1,750,984.5,24.79,25.23,0.0,15.45,0.0,15.45,0,0.03571428571428571,1,750,0.0,15.45,6.15,9.299999999999999,0.0,1
Proposed_ShieldedQoE,crowd_run,0,28,1,1,750,824.4,25.23,22.47,0.0,15.45,0.0,15.45,0,0.034482758620689655,1,750,0.0,15.45,15.45,0.0,0.0,1
Proposed_ShieldedQoE,crowd_run,0,29,1,1,750,1037.6,22.47,22.35,0.0,15.45,0.0,15.45,0,0.03333333333333333,1,750,0.0,15.45,15.45,0.0,0.0,1
Proposed_ShieldedQoE,crowd_run,0,30,1,1,750,1055.3,22.35,23.39,0.0,15.45,0.0,15.45,0,0.03225806451612903,1,750,0.0,15.45,15.45,0.0,0.0,1
Proposed_ShieldedQoE,crowd_run,0,31,1,1,750,1126.0,23.39,25.39,0.0,15.45,0.0,15.45,0,0.03125,1,750,0.0,15.45,15.45,0.0,0.0,1
Proposed_ShieldedQoE,crowd_run,0,32,1,1,750,892.4,25.39,23.36,0.0,15.45,0.0,15.45,0,0.030303030303030304,1,750,0.0,15.45,15.45,0.0,0.0,1
Proposed_ShieldedQoE,crowd_run,0,33,1,1,750,941.8,23.36,23.64,0.0,15.45,0.0,15.45,0,0.029411764705882353,1,750,0.0,15.45,15.45,0.0,0.0,1
Proposed_ShieldedQoE,crowd_run,0,34,1,1,750,463.6,23.64,22.63,0.0,15.45,0.0,15.45,0,0.02857142857142857,1,750,0.0,15.45,15.45,0.0,0.0,1
Proposed_ShieldedQoE,crowd_run,0,35,1,1,750,1052.0,22.63,24.05,0.0,15.45,0.0,15.45,0,0.027777777777777776,1,750,0.0,15.45,15.45,0.0,0.0,1
Proposed_ShieldedQoE,crowd_run,0,36,1,1,750,355.7,24.05,17.51,0.0,15.45,0.0,15.45,0,0.02702702702702703,1,750,2.137,15.45,6.26,9.19,-2.137,1
Proposed_ShieldedQoE,crowd_run,0,37,1,1,750,952.1,17.51,20.1,0.0,15.45,0.0,15.45,0,0.02631578947368421,2,1200,0.0,24.75,15.45,0.0,0.0,0
Proposed_ShieldedQoE,crowd_run,0,38,1,1,750,1023.8,20.1,22.33,0.0,15.45,0.0,15.45,0,0.02564102564102564,2,1200,0.0,24.75,24.75,-9.3,0.0,0
Proposed_ShieldedQoE,crowd_run,0,39,1,1,750,960.6,22.33,24.57,0.0,15.45,0.0,15.45,0,0.025,2,1200,0.0,24.75,24.75,-9.3,0.0,0
Proposed_ShieldedQoE,crowd_run,0,40,1,1,750,955.9,24.57,25.59,0.0,15.45,0.0,15.45,0,0.024390243902439025,2,1200,0.0,24.75,24.75,-9.3,0.0,0
Proposed_ShieldedQoE,crowd_run,0,41,1,1,750,880.2,25.59,28.06,0.0,15.45,0.0,15.45,0,0.023809523809523808,2,1200,0.0,24.75,24.75,-9.3,0.0,0
Proposed_ShieldedQoE,crowd_run,0,42,1,1,750,1063.0,28.06,29.78,0.0,15.45,0.0,15.45,0,0.023255813953488372,2,1200,0.0,24.75,24.75,-9.3,0.0,0
Proposed_ShieldedQoE,crowd_run,0,43,1,1,750,934.7,29.78,30.0,0.0,15.45,0.0,15.45,0,0.022727272727272728,2,1200,0.0,24.75,24.75,-9.3,0.0,0
Proposed_ShieldedQoE,crowd_run,0,44,1,1,750,994.6,30.0,29.23,0.0,15.45,0.0,15.45,0,0.022222222222222223,2,1200,0.0,24.75,24.75,-9.3,0.0,0
Proposed_ShieldedQoE,crowd_run,0,45,1,1,750,1000.9,29.23,30.0,0.0,15.45,0.0,15.45,0,0.021739130434782608,2,1200,0.0,24.75,24.75,-9.3,0.0,0
Proposed_ShieldedQoE,crowd_run,0,46,1,1,750,858.9,30.0,30.0,0.0,15.45,0.0,15.45,0,0.02127659574468085,2,1200,0.0,24.75,24.75,-9.3,0.0,0
Proposed_ShieldedQoE,crowd_run,0,47,1,1,750,1103.0,30.0,30.0,0.0,15.45,0.0,15.45,0,0.020833333333333332,2,1200,0.0,24.75,24.75,-9.3,0.0,0
Proposed_ShieldedQoE,crowd_run,1,0,0,0,300,587.0,2.88,4.41,0.0,4.03,0.0,4.03,0,0.0,0,300,0.0,4.03,4.03,0.0,0.0,1
Proposed_ShieldedQoE,crowd_run,1,1,0,0,300,787.1,4.41,7.8,0.0,4.03,0.0,4.03,0,0.0,1,750,0.0,15.45,4.03,0.0,0.0,0
Proposed_ShieldedQoE,crowd_run,1,2,0,0,300,677.6,7.8,10.72,0.0,4.03,0.0,4.03,0,0.0,1,750,0.0,15.45,15.45,-11.419999999999998,0.0,0
Proposed_ShieldedQoE,crowd_run,1,3,4,4,2850,650.6,10.72,12.36,0.0,44.66,40.63,4.03,0,0.0,1,750,0.0,15.45,15.45,-11.419999999999998,0.0,0
Proposed_ShieldedQoE,crowd_run,1,4,1,1,750,725.7,12.36,10.84,0.0,15.45,29.21,-13.76,0,0.0,1,750,0.0,15.45,15.45,-29.21,0.0,1
Proposed_ShieldedQoE,crowd_run,1,5,1,1,750,824.8,10.84,11.29,0.0,15.45,0.0,15.45,0,0.0,1,750,0.0,15.45,15.45,0.0,0.0,1
Proposed_ShieldedQoE,crowd_run,1,6,1,1,750,252.3,11.29,4.93,0.0,15.45,0.0,15.45,0,0.0,0,300,0.0,4.03,-7.39,22.84,0.0,0
Proposed_ShieldedQoE,crowd_run,1,7,0,0,300,761.1,4.93,7.3,0.0,4.03,11.42,-7.39,0,0.0,0,300,0.0,4.03,4.03,-11.42,0.0,1
Proposed_ShieldedQoE,crowd_run,1,8,0,0,300,502.5,7.3,6.29,0.0,4.03,0.0,4.03,0,0.0,0,300,0.0,4.03,4.03,0.0,0.0,1
Proposed_ShieldedQoE,crowd_run,1,9,0,0,300,618.3,6.29,7.99,0.0,4.03,0.0,4.03,0,0.0,0,300,0.0,4.03,4.03,0.0,0.0,1
Proposed_ShieldedQoE,crowd_run,1,10,0,0,300,583.5,7.99,9.15,0.0,4.03,0.0,4.03,0,0.0,0,300,0.0,4.03,4.03,0.0,0.0,1
Proposed_ShieldedQoE,crowd_run,1,11,0,0,300,488.0,9.15,9.76,0.0,4.03,0.0,4.03,0,0.0,0,300,0.0,4.03,4.03,0.0,0.0,1
Proposed_ShieldedQoE,crowd_run,1,12,0,0,300,778.7,9.76,11.02,0.0,4.03,0.0,4.03,0,0.0,0,300,0.0,4.03,4.03,0.0,0.0,1
Proposed_ShieldedQoE,crowd_run,1,13,0,0,300,653.2,11.02,13.31,0.0,4.03,0.0,4.03,0,0.0,1,750,0.0,15.45,4.03,0.0,0.0,0
Proposed_ShieldedQoE,crowd_run,1,14,4,4,2850,587.3,13.31,14.12,0.0,44.66,40.63,4.03,0,0.0,1,750,0.0,15.45,15.45,-11.419999999999998,0.0,0
Proposed_ShieldedQoE,crowd_run,1,15,1,1,750,472.8,14.12,12.09,0.0,15.45,29.21,-13.76,0,0.0,1,750,0.0,15.45,15.45,-29.21,0.0,1
Proposed_ShieldedQoE,crowd_run,1,16,1,1,750,790.7,12.09,10.2,0.0,15.45,0.0,15.45,0,0.0,1,750,0.0,15.45,15.45,0.0,0.0,1
Proposed_ShieldedQoE,crowd_run,1,17,1,1,750,576.4,10.2,10.8,0.0,15.45,0.0,15.45,0,0.0,1,750,0.0,15.45,15.45,0.0,0.0,1
Proposed_ShieldedQoE,crowd_run,1,18,1,1,750,793.4,10.8,12.03,0.0,15.45,0.0,15.45,0,0.0,1,750,0.0,15.45,15.45,0.0,0.0,1
Proposed_ShieldedQoE,crowd_run,1,19,1,1,750,446.8,12.03,12.04,0.0,15.45,0.0,15.45,0,0.0,1,750,0.0,15.45,15.45,0.0,0.0,1
Proposed_ShieldedQoE,crowd_run,1,20,1,1,750,561.7,12.04,10.24,0.0,15.45,0.0,15.45,0,0.0,1,750,0.0,15.45,15.45,0.0,0.0,1
Proposed_ShieldedQoE,crowd_run,1,21,1,1,750,529.7,10.24,11.42,0.0,15.45,0.0,15.45,0,0.0,1,750,0.0,15.45,15.45,0.0,0.0,1
Proposed_ShieldedQoE,crowd_run,1,22,1,1,750,362.6,11.42,12.11,0.0,15.45,0.0,15.45,0,0.0,1,750,0.0,15.45,15.45,0.0,0.0,1
Proposed_ShieldedQoE,crowd_run,1,23,1,1,750,712.6,12.11,12.8,0.0,15.45,0.0,15.45,0,0.0,1,750,0.0,15.45,15.45,0.0,0.0,1
Proposed_ShieldedQoE,crowd_run,1,24,1,1,750,475.3,12.8,8.81,0.0,15.45,0.0,15.45,0,0.0,0,300,0.0,4.03,-7.39,22.84,0.0,0
Proposed_ShieldedQoE,crowd_run,1,25,1,1,750,474.9,8.81,8.74,0.0,15.45,0.0,15.45,0,0.0,0,300,0.0,4.03,4.03,11.419999999999998,0.0,0
Proposed_ShieldedQoE,crowd_run,1,26,1,1,750,616.4,8.74,9.31,0.0,15.45,0.0,15.45,0,0.0,0,300,0.0,4.03,4.03,11.419999999999998,0.0,0
Proposed_ShieldedQoE,crowd_run,1,27,1,1,750,428.1,9.31,5.12,0.0,15.45,0.0,15.45,0,0.0,0,300,0.0,4.03,4.03,11.419999999999998,0.0,0
Proposed_ShieldedQoE,crowd_run,1,28,0,0,300,475.6,5.12,4.44,0.0,4.03,11.42,-7.39,0,0.0,0,300,0.0,4.03,4.03,-11.42,0.0,1
Proposed_ShieldedQoE,crowd_run,1,29,0,0,300,809.7,4.44,6.33,0.0,4.03,0.0,4.03,0,0.0,0,300,0.0,4.03,4.03,0.0,0.0,1
Proposed_ShieldedQoE,crowd_run,1,30,0,0,300,699.9,6.33,8.54,0.0,4.03,0.0,4.03,0,0.0,0,300,0.0,4.03,4.03,0.0,0.0,1
Proposed_ShieldedQoE,crowd_run,1,31,0,0,300,420.5,8.54,10.4,0.0,4.03,0.0,4.03,0,0.0,0,300,0.0,4.03,4.03,0.0,0.0,1
Proposed_ShieldedQoE,crowd_run,1,32,0,0,300,473.9,10.4,9.86,0.0,4.03,0.0,4.03,0,0.0,0,300,0.0,4.03,4.03,0.0,0.0,1
Proposed_ShieldedQoE,crowd_run,1,33,0,0,300,654.6,9.86,11.72,0.0,4.03,0.0,4.03,0,0.0,1,750,0.0,15.45,4.03,0.0,0.0,0
Proposed_ShieldedQoE,crowd_run,1,34,0,0,300,689.7,11.72,14.37,0.0,4.03,0.0,4.03,0,0.0,1,750,0.0,15.45,15.45,-11.419999999999998,0.0,0
Proposed_ShieldedQoE,crowd_run,1,35,0,0,300,677.2,14.37,16.77,0.0,4.03,0.0,4.03,0,0.0,1,750,0.0,15.45,15.45,-11.419999999999998,0.0,0
Proposed_ShieldedQoE,crowd_run,1,36,0,0,300,444.9,16.77,17.4,0.0,4.03,0.0,4.03,0,0.0,1,750,0.0,15.45,15.45,-11.419999999999998,0.0,0
Proposed_ShieldedQoE,crowd_run,1,37,4,4,2850,795.5,17.4,19.72,0.0,44.66,40.63,4.03,0,0.0,2,1200,0.0,24.75,15.45,-11.419999999999998,0.0,0
Proposed_ShieldedQoE,crowd_run,1,38,1,1,750,664.8,19.72,20.98,0.0,15.45,29.21,-13.76,0,0.0,2,1200,0.0,24.75,24.75,-38.51,0.0,0
Proposed_ShieldedQoE,crowd_run,1,39,1,1,750,743.5,20.98,22.72,0.0,15.45,0.0,15.45,0,0.0,2,1200,0.0,24.75,24.75,-9.3,0.0,0
Proposed_ShieldedQoE,crowd_run,1,40,1,1,750,649.3,22.72,22.33,0.0,15.45,0.0,15.45,0,0.0,2,1200,0.0,24.75,24.75,-9.3,0.0,0
Proposed_ShieldedQoE,crowd_run,1,41,1,1,750,598.7,22.33,24.08,0.0,15.45,0.0,15.45,0,0.0,2,1200,0.0,24.75,24.75,-9.3,0.0,0
Proposed_ShieldedQoE,crowd_run,1,42,1,1,750,981.2,24.08,25.61,0.0,15.45,0.0,15.45,0,0.0,2,1200,0.0,24.75,24.75,-9.3,0.0,0
Proposed_ShieldedQoE,crowd_run,1,43,1,1,750,1001.1,25.61,28.08,0.0,15.45,0.0,15.45,0,0.0,2,1200,0.0,24.75,24.75,-9.3,0.0,0
Proposed_ShieldedQoE,crowd_run,1,44,1,1,750,505.3,28.08,22.68,0.0,15.45,0.0,15.45,0,0.0,2,1200,0.0,24.75,24.75,-9.3,0.0,0
Proposed_ShieldedQoE,crowd_run,1,45,1,1,750,571.6,22.68,23.79,0.0,15.45,0.0,15.45,0,0.0,2,1200,0.0,24.75,24.75,-9.3,0.0,0
Proposed_ShieldedQoE,crowd_run,1,46,1,1,750,594.1,23.79,22.87,0.0,15.45,0.0,15.45,0,0.0,2,1200,0.0,24.75,24.75,-9.3,0.0,0
Proposed_ShieldedQoE,crowd_run,1,47,1,1,750,930.5,22.87,22.86,0.0,15.45,0.0,15.45,0,0.0,2,1200,1.644,24.75,17.68,-2.2300000000000004,-1.644,0
Proposed_ShieldedQoE,crowd_run,2,0,0,0,300,1126.0,1.25,4.0,0.039,4.03,0.0,3.86,0,0.0,1,750,1.967,15.45,6.99,-3.1300000000000003,-1.9280000000000002,0
Proposed_ShieldedQoE,crowd_run,2,1,4,4,2850,892.4,4.0,6.66,0.0,44.66,40.63,4.03,0,0.0,1,750,0.0,15.45,15.45,-11.419999999999998,0.0,0
Proposed_ShieldedQoE,crowd_run,2,2,1,1,750,941.8,6.66,8.71,0.0,15.45,29.21,-13.76,0,0.0,1,750,0.0,15.45,15.45,-29.21,0.0,1
Proposed_ShieldedQoE,crowd_run,2,3,1,1,750,463.6,8.71,9.4,0.0,15.45,0.0,15.45,0,0.0,1,750,0.0,15.45,15.45,0.0,0.0,1
Proposed_ShieldedQoE,crowd_run,2,4,1,1,750,1052.0,9.4,9.59,0.0,15.45,0.0,15.45,0,0.0,1,750,0.0,15.45,15.45,0.0,0.0,1
Proposed_ShieldedQoE,crowd_run,2,5,1,1,750,355.7,9.59,5.35,0.0,15.45,0.0,15.45,0,0.0,1,750,0.0,15.45,15.45,0.0,0.0,1
Proposed_ShieldedQoE,crowd_run,2,6,1,1,750,952.1,5.35,6.6,0.0,15.45,0.0,15.45,0,0.0,1,750,0.0,15.45,15.45,0.0,0.0,1
Proposed_ShieldedQoE,crowd_run,2,7,1,1,750,1023.8,6.6,7.57,0.0,15.45,0.0,15.45,0,0.0,1,750,0.0,15.45,15.45,0.0,0.0,1
Proposed_ShieldedQoE,crowd_run,2,8,1,1,750,960.6,7.57,5.02,0.0,15.45,0.0,15.45,0,0.0,1,750,0.0,15.45,15.45,0.0,0.0,1
Proposed_ShieldedQoE,crowd_run,2,9,1,1,750,955.9,5.02,5.3,0.0,15.45,0.0,15.45,0,0.0,1,750,0.0,15.45,15.45,0.0,0.0,1
Proposed_ShieldedQoE,crowd_run,2,10,1,1,750,880.2,5.3,4.59,0.0,15.45,0.0,15.45,0,0.0,1,750,0.0,15.45,15.45,0.0,0.0,1
Proposed_ShieldedQoE,crowd_run,2,11,1,1,750,1063.0,4.59,4.71,0.0,15.45,0.0,15.45,0,0.0,1,750,0.0,15.45,15.45,0.0,0.0,1
Proposed_ShieldedQoE,crowd_run,2,12,1,1,750,934.7,4.71,4.0,1.001,15.45,0.0,11.15,0,0.0,1,750,1.001,15.45,11.15,0.0,0.0,1
Proposed_ShieldedQoE,crowd_run,2,13,1,1,750,994.6,4.0,5.19,0.0,15.45,0.0,15.45,0,0.0,2,1200,0.502,24.75,13.29,2.16,-0.502,0
Proposed_ShieldedQoE,crowd_run,2,14,1,1,750,1000.9,5.19,7.32,0.0,15.45,0.0,15.45,0,0.0,2,1200,0.0,24.75,24.75,-9.3,0.0,0
Proposed_ShieldedQoE,crowd_run,2,15,1,1,750,858.9,7.32,8.0,0.0,15.45,0.0,15.45,0,0.0,2,1200,0.299,24.75,23.46,-8.010000000000002,-0.299,0
Proposed_ShieldedQoE,crowd_run,2,16,1,1,750,1103.0,8.0,7.77,0.0,15.45,0.0,15.45,0,0.0,2,1200,2.762,24.75,12.88,2.5699999999999985,-2.762,0
Proposed_ShieldedQoE,crowd_run,2,17,1,1,750,966.8,7.77,9.74,0.0,15.45,0.0,15.45,0,0.0,2,1200,0.0,24.75,24.75,-9.3,0.0,0
Proposed_ShieldedQoE,crowd_run,2,18,1,1,750,810.4,9.74,11.03,0.0,15.45,0.0,15.45,0,0.0,2,1200,0.0,24.75,24.75,-9.3,0.0,0
Proposed_ShieldedQoE,crowd_run,2,19,1,1,750,971.9,11.03,13.2,0.0,15.45,0.0,15.45,0,0.0,2,1200,0.0,24.75,24.75,-9.3,0.0,0
Proposed_ShieldedQoE,crowd_run,2,20,1,1,750,704.0,13.2,12.57,0.0,15.45,0.0,15.45,0,0.0,2,1200,1.923,24.75,16.48,-1.0300000000000011,-1.923,0
Proposed_ShieldedQoE,crowd_run,2,21,1,1,750,1036.7,12.57,15.13,0.0,15.45,0.0,15.45,0,0.0,2,1200,0.0,24.75,24.75,-9.3,0.0,0
Proposed_ShieldedQoE,crowd_run,2,22,1,1,750,1087.5,15.13,18.03,0.0,15.45,0.0,15.45,0,0.0,2,1200,0.0,24.75,24.75,-9.3,0.0,0
Proposed_ShieldedQoE,crowd_run,2,23,1,1,750,1111.3,18.03,19.91,0.0,15.45,0.0,15.45,0,0.0,2,1200,0.0,24.75,24.75,-9.3,0.0,0
Proposed_ShieldedQoE,crowd_run,2,24,1,1,750,1138.6,19.91,20.57,0.0,15.45,0.0,15.45,0,0.0,2,1200,0.0,24.75,24.75,-9.3,0.0,0
Proposed_ShieldedQoE,crowd_run,2,25,1,1,750,1073.9,20.57,22.77,0.0,15.45,0.0,15.45,0,0.0,2,1200,0.0,24.75,24.75,-9.3,0.0,0
Proposed_ShieldedQoE,crowd_run,2,26,1,1,750,1065.4,22.77,24.79,0.0,15.45,0.0,15.45,0,0.0,2,1200,0.0,24.75,24.75,-9.3,0.0,0
Proposed_ShieldedQoE,crowd_run,2,27,1,1,750,984.5,24.79,25.23,0.0,15.45,0.0,15.45,0,0.0,1,750,0.0,15.45,6.15,9.299999999999999,0.0,1
Proposed_ShieldedQoE,crowd_run,2,28,1,1,750,824.4,25.23,22.47,0.0,15.45,0.0,15.45,0,0.0,1,750,0.0,15.45,15.45,0.0,0.0,1
Proposed_ShieldedQoE,crowd_run,2,29,1,1,750,1037.6,22.47,22.35,0.0,15.45,0.0,15.45,0,0.0,1,750,0.0,15.45,15.45,0.0,0.0,1
Proposed_ShieldedQoE,crowd_run,2,30,1,1,750,1055.3,22.35,23.39,0.0,15.45,0.0,15.45,0,0.0,1,750,0.0,15.45,15.45,0.0,0.0,1
Proposed_ShieldedQoE,crowd_run,2,31,1,1,750,1126.0,23.39,25.39,0.0,15.45,0.0,15.45,0,0.0,1,750,0.0,15.45,15.45,0.0,0.0,1
Proposed_ShieldedQoE,crowd_run,2,32,1,1,750,892.4,25.39,23.36,0.0,15.45,0.0,15.45,0,0.0,1,750,0.0,15.45,15.45,0.0,0.0,1
Proposed_ShieldedQoE,crowd_run,2,33,1,1,750,941.8,23.36,23.64,0.0,15.45,0.0,15.45,0,0.0,1,750,0.0,15.45,15.45,0.0,0.0,1
Proposed_ShieldedQoE,crowd_run,2,34,1,1,750,463.6,23.64,22.63,0.0,15.45,0.0,15.45,0,0.0,1,750,0.0,15.45,15.45,0.0,0.0,1
Proposed_ShieldedQoE,crowd_run,2,35,1,1,750,1052.0,22.63,24.05,0.0,15.45,0.0,15.45,0,0.0,1,750,0.0,15.45,15.45,0.0,0.0,1
Proposed_ShieldedQoE,crowd_run,2,36,1,1,750,355.7,24.05,17.51,0.0,15.45,0.0,15.45,0,0.0,1,750,2.137,15.45,6.26,9.19,-2.137,1
Proposed_ShieldedQoE,crowd_run,2,37,1,1,750,952.1,17.51,20.1,0.0,15.45,0.0,15.45,0,0.0,2,1200,0.0,24.75,15.45,0.0,0.0,0
Proposed_ShieldedQoE,crowd_run,2,38,1,1,750,1023.8,20.1,22.33,0.0,15.45,0.0,15.45,0,0.0,2,1200,0.0,24.75,24.75,-9.3,0.0,0
Proposed_ShieldedQoE,crowd_run,2,39,1,1,750,960.6,22.33,24.57,0.0,15.45,0.0,15.45,0,0.0,2,1200,0.0,24.75,24.75,-9.3,0.0,0
Proposed_ShieldedQoE,crowd_run,2,40,1,1,750,955.9,24.57,25.59,0.0,15.45,0.0,15.45,0,0.0,2,1200,0.0,24.75,24.75,-9.3,0.0,0
Proposed_ShieldedQoE,crowd_run,2,41,1,1,750,880.2,25.59,28.06,0.0,15.45,0.0,15.45,0,0.0,2,1200,0.0,24.75,24.75,-9.3,0.0,0
Proposed_ShieldedQoE,crowd_run,2,42,1,1,750,1063.0,28.06,29.78,0.0,15.45,0.0,15.45,0,0.0,2,1200,0.0,24.75,24.75,-9.3,0.0,0
Proposed_ShieldedQoE,crowd_run,2,43,1,1,750,934.7,29.78,30.0,0.0,15.45,0.0,15.45,0,0.0,2,1200,0.0,24.75,24.75,-9.3,0.0,0
Proposed_ShieldedQoE,crowd_run,2,44,1,1,750,994.6,30.0,29.23,0.0,15.45,0.0,15.45,0,0.0,2,1200,0.0,24.75,24.75,-9.3,0.0,0
Proposed_ShieldedQoE,crowd_run,2,45,1,1,750,1000.9,29.23,30.0,0.0,15.45,0.0,15.45,0,0.0,2,1200,0.0,24.75,24.75,-9.3,0.0,0
Proposed_ShieldedQoE,crowd_run,2,46,1,1,750,858.9,30.0,30.0,0.0,15.45,0.0,15.45,0,0.0,2,1200,0.0,24.75,24.75,-9.3,0.0,0
Proposed_ShieldedQoE,crowd_run,2,47,1,1,750,1103.0,30.0,30.0,0.0,15.45,0.0,15.45,0,0.0,2,1200,0.0,24.75,24.75,-9.3,0.0,0
Proposed_ShieldedQoE,crowd_run,3,0,0,0,300,1070.0,1.09,4.0,0.261,4.03,0.0,2.91,0,0.0,1,750,2.289,15.45,5.61,-2.7,-2.028,0
Proposed_ShieldedQoE,crowd_run,3,1,4,4,2850,1465.1,4.0,7.18,0.0,44.66,40.63,4.03,0,0.0,1,750,0.0,15.45,15.45,-11.419999999999998,0.0,0
Proposed_ShieldedQoE,crowd_run,3,2,1,1,750,835.4,7.18,8.99,0.0,15.45,29.21,-13.76,0,0.0,1,750,0.0,15.45,15.45,-29.21,0.0,1
Proposed_ShieldedQoE,crowd_run,3,3,1,1,750,338.2,8.99,8.44,0.0,15.45,0.0,15.45,0,0.0,1,750,0.0,15.45,15.45,0.0,0.0,1
Proposed_ShieldedQoE,crowd_run,3,4,0,0,300,799.4,8.44,10.44,0.0,4.03,11.42,-7.39,0,0.0,1,750,0.0,15.45,15.45,-22.84,0.0,0
Proposed_ShieldedQoE,crowd_run,3,5,0,0,300,852.7,10.44,13.07,0.0,4.03,0.0,4.03,0,0.0,1,750,0.0,15.45,15.45,-11.419999999999998,0.0,0
Proposed_ShieldedQoE,crowd_run,3,6,4,4,2850,608.4,13.07,12.77,0.0,44.66,40.63,4.03,0,0.0,1,750,0.0,15.45,15.45,-11.419999999999998,0.0,0
Proposed_ShieldedQoE,crowd_run,3,7,1,1,750,376.5,12.77,8.53,0.0,15.45,29.21,-13.76,0,0.0,0,300,0.0,4.03,-7.39,-6.37,0.0,0
Proposed_ShieldedQoE,crowd_run,3,8,0,0,300,1048.2,8.53,10.13,0.0,4.03,11.42,-7.39,0,0.0,0,300,0.0,4.03,4.03,-11.42,0.0,1
Proposed_ShieldedQoE,crowd_run,3,9,0,0,300,869.5,10.13,12.49,0.0,4.03,0.0,4.03,0,0.0,0,300,0.0,4.03,4.03,0.0,0.0,1
Proposed_ShieldedQoE,crowd_run,3,10,0,0,300,861.3,12.49,14.56,0.0,4.03,0.0,4.03,0,0.0,0,300,0.0,4.03,4.03,0.0,0.0,1
Proposed_ShieldedQoE,crowd_run,3,11,4,4,2850,846.7,14.56,13.69,0.0,44.66,40.63,4.03,0,0.0,0,300,0.0,4.03,4.03,0.0,0.0,0
Proposed_ShieldedQoE,crowd_run,3,12,1,1,750,598.8,13.69,8.78,0.0,15.45,29.21,-13.76,0,0.0,0,300,0.0,4.03,4.03,-17.79,0.0,0
Proposed_ShieldedQoE,crowd_run,3,13,1,1,750,608.7,8.78,8.18,0.0,15.45,0.0,15.45,0,0.0,0,300,0.0,4.03,4.03,11.419999999999998,0.0,0
Proposed_ShieldedQoE,crowd_run,3,14,1,1,750,797.1,8.18,9.83,0.0,15.45,0.0,15.45,0,0.0,2,1200,0.0,24.75,4.03,11.419999999999998,0.0,0
Proposed_ShieldedQoE,crowd_run,3,15,1,1,750,1016.9,9.83,11.03,0.0,15.45,0.0,15.45,0,0.0,2,1200,0.0,24.75,24.75,-9.3,0.0,0
Proposed_ShieldedQoE,crowd_run,3,16,1,1,750,1018.2,11.03,10.45,0.0,15.45,0.0,15.45,0,0.0,2,1200,0.0,24.75,24.75,-9.3,0.0,0
Proposed_ShieldedQoE,crowd_run,3,17,1,1,750,1221.8,10.45,12.85,0.0,15.45,0.0,15.45,0,0.0,2,1200,0.0,24.75,24.75,-9.3,0.0,0
Proposed_ShieldedQoE,crowd_run,3,18,1,1,750,1244.0,12.85,15.08,0.0,15.45,0.0,15.45,0,0.0,2,1200,0.0,24.75,24.75,-9.3,0.0,0
Proposed_ShieldedQoE,crowd_run,3,19,1,1,750,967.8,15.08,17.24,0.0,15.45,0.0,15.45,0,0.0,2,1200,0.0,24.75,24.75,-9.3,0.0,0
Proposed_ShieldedQoE,crowd_run,3,20,1,1,750,1259.1,17.24,18.65,0.0,15.45,0.0,15.45,0,0.0,2,1200,0.0,24.75,24.75,-9.3,0.0,0
Proposed_ShieldedQoE,crowd_run,3,21,1,1,750,1059.4,18.65,21.24,0.0,15.45,0.0,15.45,0,0.0,2,1200,0.0,24.75,24.75,-9.3,0.0,0
Proposed_ShieldedQoE,crowd_run,3,22,1,1,750,1076.0,21.24,24.13,0.0,15.45,0.0,15.45,0,0.0,2,1200,0.0,24.75,24.75,-9.3,0.0,0
Proposed_ShieldedQoE,crowd_run,3,23,1,1,750,1209.8,24.13,26.18,0.0,15.45,0.0,15.45,0,0.0,2,1200,0.0,24.75,24.75,-9.3,0.0,0
Proposed_ShieldedQoE,crowd_run,3,24,1,1,750,901.4,26.18,25.96,0.0,15.45,0.0,15.45,0,0.0,2,1200,0.0,24.75,24.75,-9.3,0.0,0
Proposed_ShieldedQoE,crowd_run,3,25,1,1,750,854.8,25.96,27.71,0.0,15.45,0.0,15.45,0,0.0,2,1200,0.0,24.75,24.75,-9.3,0.0,0
Proposed_ShieldedQoE,crowd_run,3,26,1,1,750,839.1,27.71,29.18,0.0,15.45,0.0,15.45,0,0.0,2,1200,0.0,24.75,24.75,-9.3,0.0,0
Proposed_ShieldedQoE,crowd_run,3,27,1,1,750,1088.7,29.18,29.96,0.0,15.45,0.0,15.45,0,0.0,2,1200,0.0,24.75,24.75,-9.3,0.0,0
Proposed_ShieldedQoE,crowd_run,3,28,1,1,750,1224.0,29.96,29.42,0.0,15.45,0.0,15.45,0,0.0,2,1200,0.0,24.75,24.75,-9.3,0.0,0
Proposed_ShieldedQoE,crowd_run,3,29,1,1,750,1011.0,29.42,29.19,0.0,15.45,0.0,15.45,0,0.0,2,1200,0.0,24.75,24.75,-9.3,0.0,0
Proposed_ShieldedQoE,crowd_run,3,30,1,1,750,1048.2,29.19,30.0,0.0,15.45,0.0,15.45,0,0.0,2,1200,0.0,24.75,24.75,-9.3,0.0,0
Proposed_ShieldedQoE,crowd_run,3,31,1,1,750,1045.6,30.0,30.0,0.0,15.45,0.0,15.45,0,0.0,2,1200,0.0,24.75,24.75,-9.3,0.0,0
Proposed_ShieldedQoE,crowd_run,3,32,1,1,750,876.3,30.0,27.86,0.0,15.45,0.0,15.45,0,0.0,2,1200,0.0,24.75,24.75,-9.3,0.0,0
Proposed_ShieldedQoE,crowd_run,3,33,1,1,750,824.0,27.86,27.61,0.0,15.45,0.0,15.45,0,0.0,2,1200,0.0,24.75,24.75,-9.3,0.0,0
Proposed_ShieldedQoE,crowd_run,3,34,1,1,750,1157.6,27.61,29.6,0.0,15.45,0.0,15.45,0,0.0,2,1200,0.0,24.75,24.75,-9.3,0.0,0
Proposed_ShieldedQoE,crowd_run,3,35,1,1,750,894.8,29.6,30.0,0.0,15.45,0.0,15.45,0,0.0,2,1200,0.0,24.75,24.75,-9.3,0.0,0
Proposed_ShieldedQoE,crowd_run,3,36,1,1,750,1077.9,30.0,30.0,0.0,15.45,0.0,15.45,0,0.0,2,1200,0.17,24.75,24.02,-8.57,-0.17,0
Proposed_ShieldedQoE,crowd_run,3,37,1,1,750,1041.8,30.0,30.0,0.0,15.45,0.0,15.45,0,0.0,2,1200,0.0,24.75,24.75,-9.3,0.0,0
Proposed_ShieldedQoE,crowd_run,3,38,1,1,750,1157.7,30.0,30.0,0.0,15.45,0.0,15.45,0,0.0,2,1200,0.0,24.75,24.75,-9.3,0.0,0
Proposed_ShieldedQoE,crowd_run,3,39,1,1,750,1092.3,30.0,30.0,0.0,15.45,0.0,15.45,0,0.0,2,1200,0.0,24.75,24.75,-9.3,0.0,0
Proposed_ShieldedQoE,crowd_run,3,40,1,1,750,948.7,30.0,30.0,0.0,15.45,0.0,15.45,0,0.0,2,1200,0.0,24.75,24.75,-9.3,0.0,0
Proposed_ShieldedQoE,crowd_run,3,41,1,1,750,1176.1,30.0,30.0,0.0,15.45,0.0,15.45,0,0.0,2,1200,0.0,24.75,24.75,-9.3,0.0,0
Proposed_ShieldedQoE,crowd_run,3,42,1,1,750,954.2,30.0,30.0,0.0,15.45,0.0,15.45,0,0.0,2,1200,0.0,24.75,24.75,-9.3,0.0,0
Proposed_ShieldedQoE,crowd_run,3,43,1,1,750,1010.0,30.0,30.0,0.0,15.45,0.0,15.45,0,0.0,2,1200,0.0,24.75,24.75,-9.3,0.0,0
Proposed_ShieldedQoE,crowd_run,3,44,1,1,750,904.9,30.0,28.75,0.0,15.45,0.0,15.45,0,0.0,2,1200,0.0,24.75,24.75,-9.3,0.0,0
Proposed_ShieldedQoE,crowd_run,3,45,1,1,750,896.6,28.75,30.0,0.0,15.45,0.0,15.45,0,0.0,2,1200,0.0,24.75,24.75,-9.3,0.0,0
Proposed_ShieldedQoE,crowd_run,3,46,1,1,750,742.8,30.0,30.0,0.0,15.45,0.0,15.45,0,0.0,1,750,0.0,15.45,6.15,9.299999999999999,0.0,1
Proposed_ShieldedQoE,crowd_run,3,47,1,1,750,427.9,30.0,25.28,0.0,15.45,0.0,15.45,0,0.0,1,750,0.164,15.45,14.75,0.6999999999999993,-0.164,1
Proposed_ShieldedQoE,crowd_run,4,0,1,0,300,891.0,1.78,4.15,0.0,4.03,0.0,4.03,1,1.0,1,750,2.282,15.45,5.64,-1.6099999999999994,-2.282,0
Proposed_ShieldedQoE,crowd_run,4,1,4,4,2850,891.2,4.15,6.81,0.0,44.66,40.63,4.03,0,0.5,1,750,0.0,15.45,15.45,-11.419999999999998,0.0,0
Proposed_ShieldedQoE,crowd_run,4,2,1,1,750,890.8,6.81,8.75,0.0,15.45,29.21,-13.76,0,0.3333333333333333,1,750,0.0,15.45,15.45,-29.21,0.0,1
Proposed_ShieldedQoE,crowd_run,4,3,1,1,750,879.8,8.75,11.0,0.0,15.45,0.0,15.45,0,0.25,1,750,0.0,15.45,15.45,0.0,0.0,1
Proposed_ShieldedQoE,crowd_run,4,4,1,1,750,841.8,11.0,10.25,0.0,15.45,0.0,15.45,0,0.2,1,750,0.0,15.45,15.45,0.0,0.0,1
Proposed_ShieldedQoE,crowd_run,4,5,1,1,750,900.4,10.25,10.99,0.0,15.45,0.0,15.45,0,0.16666666666666666,1,750,0.0,15.45,15.45,0.0,0.0,1
Proposed_ShieldedQoE,crowd_run,4,6,1,1,750,897.6,10.99,12.08,0.0,15.45,0.0,15.45,0,0.14285714285714285,1,750,0.0,15.45,15.45,0.0,0.0,1
Proposed_ShieldedQoE,crowd_run,4,7,1,1,750,884.1,12.08,12.57,0.0,15.45,0.0,15.45,0,0.125,1,750,0.0,15.45,15.45,0.0,0.0,1
Proposed_ShieldedQoE,crowd_run,4,8,1,1,750,901.1,12.57,9.59,0.0,15.45,0.0,15.45,0,0.1111111111111111,1,750,0.0,15.45,15.45,0.0,0.0,1
Proposed_ShieldedQoE,crowd_run,4,9,1,1,750,882.9,9.59,9.57,0.0,15.45,0.0,15.45,0,0.1,1,750,0.0,15.45,15.45,0.0,0.0,1
Proposed_ShieldedQoE,crowd_run,4,10,1,1,750,901.2,9.57,8.96,0.0,15.45,0.0,15.45,0,0.09090909090909091,1,750,0.0,15.45,15.45,0.0,0.0,1
Proposed_ShieldedQoE,crowd_run,4,11,1,1,750,900.7,8.96,8.38,0.0,15.45,0.0,15.45,0,0.08333333333333333,1,750,0.0,15.45,15.45,0.0,0.0,1
Proposed_ShieldedQoE,crowd_run,4,12,1,1,750,901.6,8.38,6.46,0.0,15.45,0.0,15.45,0,0.07692307692307693,1,750,0.0,15.45,15.45,0.0,0.0,1
Proposed_ShieldedQoE,crowd_run,4,13,1,1,750,900.5,6.46,7.35,0.0,15.45,0.0,15.45,0,0.07142857142857142,2,1200,0.0,24.75,15.45,0.0,0.0,0
Proposed_ShieldedQoE,crowd_run,4,14,1,1,750,900.3,7.35,9.28,0.0,15.45,0.0,15.45,0,0.06666666666666667,2,1200,0.0,24.75,24.75,-9.3,0.0,0
Proposed_ShieldedQoE,crowd_run,4,15,1,1,750,897.1,9.28,10.1,0.0,15.45,0.0,15.45,0,0.0625,2,1200,0.0,24.75,24.75,-9.3,0.0,0
Proposed_ShieldedQoE,crowd_run,4,16,1,1,750,902.5,10.1,8.93,0.0,15.45,0.0,15.45,0,0.058823529411764705,2,1200,3.337,24.75,10.4,5.049999999999999,-3.337,0
Proposed_ShieldedQoE,crowd_run,4,17,1,1,750,807.4,8.93,10.5,0.0,15.45,0.0,15.45,0,0.05555555555555555,2,1200,0.0,24.75,24.75,-9.3,0.0,0
Proposed_ShieldedQoE,crowd_run,4,18,1,1,750,902.0,10.5,12.07,0.0,15.45,0.0,15.45,0,0.05263157894736842,2,1200,0.0,24.75,24.75,-9.3,0.0,0
Proposed_ShieldedQoE,crowd_run,4,19,1,1,750,900.4,12.07,14.09,0.0,15.45,0.0,15.45,0,0.05,2,1200,0.0,24.75,24.75,-9.3,0.0,0
Proposed_ShieldedQoE,crowd_run,4,20,1,1,750,902.0,14.09,14.48,0.0,15.45,0.0,15.45,0,0.047619047619047616,2,1200,0.732,24.75,21.6,-6.150000000000002,-0.732,0
Proposed_ShieldedQoE,crowd_run,4,21,1,1,750,901.2,14.48,16.82,0.0,15.45,0.0,15.45,0,0.045454545454545456,2,1200,0.0,24.75,24.75,-9.3,0.0,0
Proposed_ShieldedQoE,crowd_run,4,22,1,1,750,900.6,16.82,19.49,0.0,15.45,0.0,15.45,0,0.043478260869565216,2,1200,0.0,24.75,24.75,-9.3,0.0,0
Proposed_ShieldedQoE,crowd_run,4,23,1,1,750,902.1,19.49,20.87,0.0,15.45,0.0,15.45,0,0.041666666666666664,2,1200,0.0,24.75,24.75,-9.3,0.0,0
Proposed_ShieldedQoE,crowd_run,4,24,1,1,750,901.1,20.87,20.66,0.0,15.45,0.0,15.45,0,0.04,2,1200,0.0,24.75,24.75,-9.3,0.0,0
Proposed_ShieldedQoE,crowd_run,4,25,1,1,750,899.4,20.66,22.51,0.0,15.45,0.0,15.45,0,0.038461538461538464,2,1200,0.0,24.75,24.75,-9.3,0.0,0
Proposed_ShieldedQoE,crowd_run,4,26,1,1,750,823.2,22.51,23.94,0.0,15.45,0.0,15.45,0,0.037037037037037035,2,1200,0.0,24.75,24.75,-9.3,0.0,0
Proposed_ShieldedQoE,crowd_run,4,27,1,1,750,901.4,23.94,24.05,0.0,15.45,0.0,15.45,0,0.03571428571428571,2,1200,1.478,24.75,18.4,-2.9499999999999993,-1.478,0
Proposed_ShieldedQoE,crowd_run,4,28,1,1,750,901.5,24.05,21.88,0.0,15.45,0.0,15.45,0,0.034482758620689655,2,1200,5.878,24.75,-0.53,15.979999999999999,-5.878,0
Proposed_ShieldedQoE,crowd_run,4,29,1,1,750,900.7,21.88,21.13,0.0,15.45,0.0,15.45,0,0.03333333333333333,2,1200,3.595,24.75,9.29,6.16,-3.595,0
Proposed_ShieldedQoE,crowd_run,4,30,1,1,750,899.6,21.13,21.65,0.0,15.45,0.0,15.45,0,0.03225806451612903,2,1200,1.569,24.75,18.0,-2.5500000000000007,-1.569,0
Proposed_ShieldedQoE,crowd_run,4,31,1,1,750,902.2,21.65,23.16,0.0,15.45,0.0,15.45,0,0.03125,2,1200,0.0,24.75,24.75,-9.3,0.0,0
Proposed_ShieldedQoE,crowd_run,4,32,1,1,750,900.9,23.16,21.19,0.0,15.45,0.0,15.45,0,0.030303030303030304,2,1200,5.534,24.75,0.95,14.5,-5.534,0
Proposed_ShieldedQoE,crowd_run,4,33,1,1,750,894.7,21.19,21.27,0.0,15.45,0.0,15.45,0,0.029411764705882353,2,1200,2.267,24.75,15.0,0.4499999999999993,-2.267,0
Proposed_ShieldedQoE,crowd_run,4,34,1,1,750,901.3,21.27,22.69,0.0,15.45,0.0,15.45,0,0.02857142857142857,2,1200,0.131,24.75,24.19,-8.740000000000002,-0.131,0
Proposed_ShieldedQoE,crowd_run,4,35,1,1,750,902.2,22.69,23.69,0.0,15.45,0.0,15.45,0,0.027777777777777776,2,1200,0.811,24.75,21.26,-5.810000000000002,-0.811,0
Proposed_ShieldedQoE,crowd_run,4,36,1,1,750,901.0,23.69,23.52,0.0,15.45,0.0,15.45,0,0.02702702702702703,2,1200,2.657,24.75,13.32,2.129999999999999,-2.657,0
Proposed_ShieldedQoE,crowd_run,4,37,1,1,750,901.0,23.52,26.04,0.0,15.45,0.0,15.45,0,0.02631578947368421,2,1200,0.0,24.75,24.75,-9.3,0.0,0
Proposed_ShieldedQoE,crowd_run,4,38,1,1,750,901.5,26.04,28.03,0.0,15.45,0.0,15.45,0,0.02564102564102564,2,1200,0.0,24.75,24.75,-9.3,0.0,0
Proposed_ShieldedQoE,crowd_run,4,39,1,1,750,871.6,28.03,30.0,0.0,15.45,0.0,15.45,0,0.025,2,1200,0.0,24.75,24.75,-9.3,0.0,0
Proposed_ShieldedQoE,crowd_run,4,40,1,1,750,901.6,30.0,30.0,0.0,15.45,0.0,15.45,0,0.024390243902439025,2,1200,0.0,24.75,24.75,-9.3,0.0,0
Proposed_ShieldedQoE,crowd_run,4,41,1,1,750,901.8,30.0,30.0,0.0,15.45,0.0,15.45,0,0.023809523809523808,2,1200,0.0,24.75,24.75,-9.3,0.0,0
Proposed_ShieldedQoE,crowd_run,4,42,1,1,750,901.0,30.0,30.0,0.0,15.45,0.0,15.45,0,0.023255813953488372,2,1200,0.0,24.75,24.75,-9.3,0.0,0
Proposed_ShieldedQoE,crowd_run,4,43,1,1,750,900.8,30.0,30.0,0.0,15.45,0.0,15.45,0,0.022727272727272728,2,1200,0.0,24.75,24.75,-9.3,0.0,0
Proposed_ShieldedQoE,crowd_run,4,44,1,1,750,900.8,30.0,28.73,0.0,15.45,0.0,15.45,0,0.022222222222222223,2,1200,0.0,24.75,24.75,-9.3,0.0,0
Proposed_ShieldedQoE,crowd_run,4,45,1,1,750,901.8,28.73,30.0,0.0,15.45,0.0,15.45,0,0.021739130434782608,2,1200,0.0,24.75,24.75,-9.3,0.0,0
Proposed_ShieldedQoE,crowd_run,4,46,1,1,750,900.7,30.0,30.0,0.0,15.45,0.0,15.45,0,0.02127659574468085,2,1200,0.0,24.75,24.75,-9.3,0.0,0
Proposed_ShieldedQoE,crowd_run,4,47,1,1,750,900.7,30.0,29.86,0.0,15.45,0.0,15.45,0,0.020833333333333332,2,1200,2.353,24.75,14.63,0.8199999999999985,-2.353,0
Proposed_ShieldedQoE,crowd_run,5,0,1,0,300,769.8,2.52,4.64,0.0,4.03,0.0,4.03,1,1.0,0,300,0.0,4.03,4.03,0.0,0.0,1
Proposed_ShieldedQoE,crowd_run,5,1,4,3,1850,446.8,4.64,5.95,0.0,32.84,28.81,4.03,1,1.0,0,300,0.0,4.03,4.03,0.0,0.0,0
Proposed_ShieldedQoE,crowd_run,5,2,1,1,750,580.4,5.95,6.8,0.0,15.45,17.39,-1.94,0,0.6666666666666666,0,300,0.0,4.03,4.03,-5.970000000000001,0.0,0
Proposed_ShieldedQoE,crowd_run,5,3,1,1,750,467.8,6.8,7.51,0.0,15.45,0.0,15.45,0,0.5,0,300,0.0,4.03,4.03,11.419999999999998,0.0,0
Proposed_ShieldedQoE,crowd_run,5,4,1,1,750,757.0,7.51,6.23,0.0,15.45,0.0,15.45,0,0.4,0,300,0.0,4.03,4.03,11.419999999999998,0.0,0
Proposed_ShieldedQoE,crowd_run,5,5,1,1,750,657.4,6.23,5.76,0.0,15.45,0.0,15.45,0,0.3333333333333333,0,300,0.0,4.03,4.03,11.419999999999998,0.0,0
Proposed_ShieldedQoE,crowd_run,5,6,1,1,750,706.4,5.76,6.06,0.0,15.45,0.0,15.45,0,0.2857142857142857,0,300,0.0,4.03,4.03,11.419999999999998,0.0,0
Proposed_ShieldedQoE,crowd_run,5,7,1,1,750,692.8,6.06,5.58,0.0,15.45,0.0,15.45,0,0.25,0,300,0.0,4.03,4.03,11.419999999999998,0.0,0
Proposed_ShieldedQoE,crowd_run,5,8,0,0,300,989.6,5.58,7.04,0.0,4.03,11.42,-7.39,0,0.2222222222222222,0,300,0.0,4.03,4.03,-11.42,0.0,1
Proposed_ShieldedQoE,crowd_run,5,9,0,0,300,601.9,7.04,8.68,0.0,4.03,0.0,4.03,0,0.2,0,300,0.0,4.03,4.03,0.0,0.0,1
Proposed_ShieldedQoE,crowd_run,5,10,0,0,300,1009.6,8.68,11.04,0.0,4.03,0.0,4.03,0,0.18181818181818182,0,300,0.0,4.03,4.03,0.0,0.0,1
Proposed_ShieldedQoE,crowd_run,5,11,0,0,300,645.2,11.04,12.48,0.0,4.03,0.0,4.03,0,0.16666666666666666,0,300,0.0,4.03,4.03,0.0,0.0,1
Proposed_ShieldedQoE,crowd_run,5,12,0,0,300,418.7,12.48,11.38,0.0,4.03,0.0,4.03,0,0.15384615384615385,0,300,0.0,4.03,4.03,0.0,0.0,1
Proposed_ShieldedQoE,crowd_run,5,13,0,0,300,877.1,11.38,14.1,0.0,4.03,0.0,4.03,0,0.14285714285714285,1,750,0.0,15.45,4.03,0.0,0.0,0
Proposed_ShieldedQoE,crowd_run,5,14,4,4,2850,465.1,14.1,14.08,0.0,44.66,40.63,4.03,0,0.13333333333333333,1,750,0.0,15.45,15.45,-11.419999999999998,0.0,0
Proposed_ShieldedQoE,crowd_run,5,15,1,1,750,398.4,14.08,10.93,0.0,15.45,29.21,-13.76,0,0.125,1,750,0.0,15.45,15.45,-29.21,0.0,1
Proposed_ShieldedQoE,crowd_run,5,16,1,1,750,859.7,10.93,9.51,0.0,15.45,0.0,15.45,0,0.11764705882352941,1,750,0.0,15.45,15.45,0.0,0.0,1
Proposed_ShieldedQoE,crowd_run,5,17,1,1,750,1070.5,9.51,11.67,0.0,15.45,0.0,15.45,0,0.1111111111111111,2,1200,0.0,24.75,15.45,0.0,0.0,0
Proposed_ShieldedQoE,crowd_run,5,18,1,1,750,875.5,11.67,13.16,0.0,15.45,0.0,15.45,0,0.10526315789473684,2,1200,0.0,24.75,24.75,-9.3,0.0,0
Proposed_ShieldedQoE,crowd_run,5,19,1,1,750,441.8,13.16,13.13,0.0,15.45,0.0,15.45,0,0.1,2,1200,0.0,24.75,24.75,-9.3,0.0,0
Proposed_ShieldedQoE,crowd_run,5,20,1,1,750,813.4,13.13,13.12,0.0,15.45,0.0,15.45,0,0.09523809523809523,2,1200,0.0,24.75,24.75,-9.3,0.0,0
Proposed_ShieldedQoE,crowd_run,5,21,1,1,750,740.3,13.12,15.11,0.0,15.45,0.0,15.45,0,0.09090909090909091,2,1200,0.0,24.75,24.75,-9.3,0.0,0
Proposed_ShieldedQoE,crowd_run,5,22,1,1,750,992.4,15.11,17.9,0.0,15.45,0.0,15.45,0,0.08695652173913043,2,1200,0.0,24.75,24.75,-9.3,0.0,0
Proposed_ShieldedQoE,crowd_run,5,23,1,1,750,597.7,17.9,17.95,0.0,15.45,0.0,15.45,0,0.08333333333333333,2,1200,0.0,24.75,24.75,-9.3,0.0,0
Proposed_ShieldedQoE,crowd_run,5,24,1,1,750,985.9,17.95,18.1,0.0,15.45,0.0,15.45,0,0.08,2,1200,0.0,24.75,24.75,-9.3,0.0,0
Proposed_ShieldedQoE,crowd_run,5,25,1,1,750,1089.2,18.1,20.33,0.0,15.45,0.0,15.45,0,0.07692307692307693,2,1200,0.0,24.75,24.75,-9.3,0.0,0
Proposed_ShieldedQoE,crowd_run,5,26,1,1,750,960.4,20.33,22.12,0.0,15.45,0.0,15.45,0,0.07407407407407407,2,1200,0.0,24.75,24.75,-9.3,0.0,0
Proposed_ShieldedQoE,crowd_run,5,27,1,1,750,1012.1,22.12,22.66,0.0,15.45,0.0,15.45,0,0.07142857142857142,2,1200,0.0,24.75,24.75,-9.3,0.0,0
Proposed_ShieldedQoE,crowd_run,5,28,1,1,750,1111.0,22.66,21.65,0.0,15.45,0.0,15.45,0,0.06896551724137931,1,750,0.0,15.45,6.15,9.299999999999999,0.0,1
Proposed_ShieldedQoE,crowd_run,5,29,1,1,750,496.6,21.65,17.04,0.0,15.45,0.0,15.45,0,0.06666666666666667,1,750,0.0,15.45,15.45,0.0,0.0,1
Proposed_ShieldedQoE,crowd_run,5,30,1,1,750,947.0,17.04,17.74,0.0,15.45,0.0,15.45,0,0.06451612903225806,1,750,0.0,15.45,15.45,0.0,0.0,1
Proposed_ShieldedQoE,crowd_run,5,31,1,1,750,619.6,17.74,18.11,0.0,15.45,0.0,15.45,0,0.0625,1,750,0.0,15.45,15.45,0.0,0.0,1
Proposed_ShieldedQoE,crowd_run,5,32,1,1,750,672.1,18.11,14.11,0.0,15.45,0.0,15.45,0,0.06060606060606061,1,750,0.0,15.45,15.45,0.0,0.0,1
Proposed_ShieldedQoE,crowd_run,5,33,1,1,750,543.4,14.11,11.66,0.0,15.45,0.0,15.45,0,0.058823529411764705,1,750,0.0,15.45,15.45,0.0,0.0,1
Proposed_ShieldedQoE,crowd_run,5,34,1,1,750,592.0,11.66,11.73,0.0,15.45,0.0,15.45,0,0.05714285714285714,1,750,0.0,15.45,15.45,0.0,0.0,1
Proposed_ShieldedQoE,crowd_run,5,35,1,1,750,1887.9,11.73,14.29,0.0,15.45,0.0,15.45,0,0.05555555555555555,2,1200,0.0,24.75,15.45,0.0,0.0,0
Proposed_ShieldedQoE,crowd_run,5,36,1,1,750,1492.5,14.29,15.78,0.0,15.45,0.0,15.45,0,0.05405405405405406,2,1200,0.0,24.75,24.75,-9.3,0.0,0
Proposed_ShieldedQoE,crowd_run,5,37,1,1,750,490.0,15.78,17.06,0.0,15.45,0.0,15.45,0,0.05263157894736842,2,1200,0.0,24.75,24.75,-9.3,0.0,0
Proposed_ShieldedQoE,crowd_run,5,38,1,1,750,379.4,17.06,16.26,0.0,15.45,0.0,15.45,0,0.05128205128205128,2,1200,0.0,24.75,24.75,-9.3,0.0,0
Proposed_ShieldedQoE,crowd_run,5,39,1,1,750,720.7,16.26,17.92,0.0,15.45,0.0,15.45,0,0.05,2,1200,0.0,24.75,24.75,-9.3,0.0,0
Proposed_ShieldedQoE,crowd_run,5,40,1,1,750,448.7,17.92,15.58,0.0,15.45,0.0,15.45,0,0.04878048780487805,2,1200,4.699,24.75,4.54,10.91,-4.699,0
Proposed_ShieldedQoE,crowd_run,5,41,1,1,750,632.6,15.58,17.45,0.0,15.45,0.0,15.45,0,0.047619047619047616,2,1200,0.0,24.75,24.75,-9.3,0.0,0
Proposed_ShieldedQoE,crowd_run,5,42,1,1,750,759.8,17.45,18.26,0.0,15.45,0.0,15.45,0,0.046511627906976744,2,1200,0.512,24.75,22.55,-7.100000000000001,-0.512,0
Proposed_ShieldedQoE,crowd_run,5,43,1,1,750,752.4,18.26,20.22,0.0,15.45,0.0,15.45,0,0.045454545454545456,2,1200,0.0,24.75,24.75,-9.3,0.0,0
Proposed_ShieldedQoE,crowd_run,5,44,1,1,750,629.1,20.22,16.67,0.0,15.45,0.0,15.45,0,0.044444444444444446,2,1200,7.339,24.75,-6.81,22.259999999999998,-7.339,0
Proposed_ShieldedQoE,crowd_run,5,45,1,1,750,1034.1,16.67,19.07,0.0,15.45,0.0,15.45,0,0.043478260869565216,2,1200,0.0,24.75,24.75,-9.3,0.0,0
Proposed_ShieldedQoE,crowd_run,5,46,1,1,750,683.1,19.07,18.8,0.0,15.45,0.0,15.45,0,0.0425531914893617,2,1200,1.401,24.75,18.73,-3.280000000000001,-1.401,0
Proposed_ShieldedQoE,crowd_run,5,47,1,1,750,707.4,18.8,17.52,0.0,15.45,0.0,15.45,0,0.041666666666666664,2,1200,4.44,24.75,5.66,9.79,-4.44,0
Proposed_ShieldedQoE,crowd_run,6,0,0,0,300,587.0,1.36,4.0,1.107,4.03,0.0,-0.73,1,1.0,0,300,1.107,4.03,-0.73,0.0,0.0,1
Proposed_ShieldedQoE,crowd_run,6,1,0,0,300,787.1,4.0,7.39,0.0,4.03,0.0,4.03,0,0.5,1,750,0.0,15.45,4.03,0.0,0.0,0
Proposed_ShieldedQoE,crowd_run,6,2,4,4,2850,677.6,7.39,8.68,0.0,44.66,40.63,4.03,0,0.3333333333333333,1,750,0.0,15.45,15.45,-11.419999999999998,0.0,0
Proposed_ShieldedQoE,crowd_run,6,3,1,1,750,650.6,8.68,10.32,0.0,15.45,29.21,-13.76,0,0.25,1,750,0.0,15.45,15.45,-29.21,0.0,1
Proposed_ShieldedQoE,crowd_run,6,4,1,1,750,725.7,10.32,8.81,0.0,15.45,0.0,15.45,0,0.2,1,750,0.0,15.45,15.45,0.0,0.0,1
Proposed_ShieldedQoE,crowd_run,6,5,1,1,750,824.8,8.81,9.25,0.0,15.45,0.0,15.45,0,0.16666666666666666,1,750,0.0,15.45,15.45,0.0,0.0,1
Proposed_ShieldedQoE,crowd_run,6,6,1,1,750,252.3,9.25,4.0,1.108,15.45,0.0,10.69,0,0.14285714285714285,0,300,0.0,4.03,-7.39,18.08,1.108,0
Proposed_ShieldedQoE,crowd_run,6,7,0,0,300,761.1,4.0,6.37,0.0,4.03,11.42,-7.39,0,0.125,0,300,0.0,4.03,4.03,-11.42,0.0,1
Proposed_ShieldedQoE,crowd_run,6,8,0,0,300,502.5,6.37,5.36,0.0,4.03,0.0,4.03,0,0.1111111111111111,0,300,0.0,4.03,4.03,0.0,0.0,1
Proposed_ShieldedQoE,crowd_run,6,9,0,0,300,618.3,5.36,7.06,0.0,4.03,0.0,4.03,0,0.1,0,300,0.0,4.03,4.03,0.0,0.0,1
Proposed_ShieldedQoE,crowd_run,6,10,0,0,300,583.5,7.06,8.22,0.0,4.03,0.0,4.03,0,0.09090909090909091,0,300,0.0,4.03,4.03,0.0,0.0,1
Proposed_ShieldedQoE,crowd_run,6,11,0,0,300,488.0,8.22,8.84,0.0,4.03,0.0,4.03,0,0.08333333333333333,0,300,0.0,4.03,4.03,0.0,0.0,1
Proposed_ShieldedQoE,crowd_run,6,12,0,0,300,778.7,8.84,10.1,0.0,4.03,0.0,4.03,0,0.07692307692307693,0,300,0.0,4.03,4.03,0.0,0.0,1
Proposed_ShieldedQoE,crowd_run,6,13,0,0,300,653.2,10.1,12.38,0.0,4.03,0.0,4.03,0,0.07142857142857142,1,750,0.0,15.45,4.03,0.0,0.0,0
Proposed_ShieldedQoE,crowd_run,6,14,4,4,2850,587.3,12.38,13.2,0.0,44.66,40.63,4.03,0,0.06666666666666667,1,750,0.0,15.45,15.45,-11.419999999999998,0.0,0
Proposed_ShieldedQoE,crowd_run,6,15,1,1,750,472.8,13.2,11.17,0.0,15.45,29.21,-13.76,0,0.0625,1,750,0.0,15.45,15.45,-29.21,0.0,1
Proposed_ShieldedQoE,crowd_run,6,16,1,1,750,790.7,11.17,9.27,0.0,15.45,0.0,15.45,0,0.058823529411764705,1,750,0.0,15.45,15.45,0.0,0.0,1
Proposed_ShieldedQoE,crowd_run,6,17,1,1,750,576.4,9.27,9.87,0.0,15.45,0.0,15.45,0,0.05555555555555555,1,750,0.0,15.45,15.45,0.0,0.0,1
Proposed_ShieldedQoE,crowd_run,6,18,1,1,750,793.4,9.87,11.1,0.0,15.45,0.0,15.45,0,0.05263157894736842,1,750,0.0,15.45,15.45,0.0,0.0,1
Proposed_ShieldedQoE,crowd_run,6,19,1,1,750,446.8,11.1,11.11,0.0,15.45,0.0,15.45,0,0.05,1,750,0.0,15.45,15.45,0.0,0.0,1
Proposed_ShieldedQoE,crowd_run,6,20,1,1,750,561.7,11.11,9.31,0.0,15.45,0.0,15.45,0,0.047619047619047616,1,750,0.0,15.45,15.45,0.0,0.0,1
Proposed_ShieldedQoE,crowd_run,6,21,1,1,750,529.7,9.31,10.5,0.0,15.45,0.0,15.45,0,0.045454545454545456,1,750,0.0,15.45,15.45,0.0,0.0,1
Proposed_ShieldedQoE,crowd_run,6,22,1,1,750,362.6,10.5,11.18,0.0,15.45,0.0,15.45,0,0.043478260869565216,1,750,0.0,15.45,15.45,0.0,0.0,1
Proposed_ShieldedQoE,crowd_run,6,23,1,1,750,712.6,11.18,11.87,0.0,15.45,0.0,15.45,0,0.041666666666666664,1,750,0.0,15.45,15.45,0.0,0.0,1
Proposed_ShieldedQoE,crowd_run,6,24,1,1,750,475.3,11.87,7.88,0.0,15.45,0.0,15.45,0,0.04,0,300,0.0,4.03,-7.39,22.84,0.0,0
Proposed_ShieldedQoE,crowd_run,6,25,1,1,750,474.9,7.88,7.82,0.0,15.45,0.0,15.45,0,0.038461538461538464,0,300,0.0,4.03,4.03,11.419999999999998,0.0,0
Proposed_ShieldedQoE,crowd_run,6,26,1,1,750,616.4,7.82,8.38,0.0,15.45,0.0,15.45,0,0.037037037037037035,0,300,0.0,4.03,4.03,11.419999999999998,0.0,0
Proposed_ShieldedQoE,crowd_run,6,27,1,1,750,428.1,8.38,4.19,0.0,15.45,0.0,15.45,0,0.03571428571428571,0,300,0.0,4.03,4.03,11.419999999999998,0.0,0
Proposed_ShieldedQoE,crowd_run,6,28,0,0,300,475.6,4.19,4.0,0.488,4.03,11.42,-9.49,0,0.034482758620689655,0,300,0.0,4.03,4.03,-13.52,0.488,1
Proposed_ShieldedQoE,crowd_run,6,29,0,0,300,809.7,4.0,5.89,0.0,4.03,0.0,4.03,0,0.03333333333333333,0,300,0.0,4.03,4.03,0.0,0.0,1
Proposed_ShieldedQoE,crowd_run,6,30,0,0,300,699.9,5.89,8.1,0.0,4.03,0.0,4.03,0,0.03225806451612903,0,300,0.0,4.03,4.03,0.0,0.0,1
Proposed_ShieldedQoE,crowd_run,6,31,0,0,300,420.5,8.1,9.96,0.0,4.03,0.0,4.03,0,0.03125,0,300,0.0,4.03,4.03,0.0,0.0,1
Proposed_ShieldedQoE,crowd_run,6,32,0,0,300,473.9,9.96,9.42,0.0,4.03,0.0,4.03,0,0.030303030303030304,0,300,0.0,4.03,4.03,0.0,0.0,1
Proposed_ShieldedQoE,crowd_run,6,33,0,0,300,654.6,9.42,11.28,0.0,4.03,0.0,4.03,0,0.029411764705882353,1,750,0.0,15.45,4.03,0.0,0.0,0
Proposed_ShieldedQoE,crowd_run,6,34,0,0,300,689.7,11.28,13.93,0.0,4.03,0.0,4.03,0,0.02857142857142857,1,750,0.0,15.45,15.45,-11.419999999999998,0.0,0
Proposed_ShieldedQoE,crowd_run,6,35,0,0,300,677.2,13.93,16.33,0.0,4.03,0.0,4.03,0,0.027777777777777776,1,750,0.0,15.45,15.45,-11.419999999999998,0.0,0
Proposed_ShieldedQoE,crowd_run,6,36,0,0,300,444.9,16.33,16.96,0.0,4.03,0.0,4.03,0,0.02702702702702703,1,750,0.0,15.45,15.45,-11.419999999999998,0.0,0
Proposed_ShieldedQoE,crowd_run,6,37,4,4,2850,795.5,16.96,19.28,0.0,44.66,40.63,4.03,0,0.02631578947368421,2,1200,0.0,24.75,15.45,-11.419999999999998,0.0,0
Proposed_ShieldedQoE,crowd_run,6,38,1,1,750,664.8,19.28,20.55,0.0,15.45,29.21,-13.76,0,0.02564102564102564,2,1200,0.0,24.75,24.75,-38.51,0.0,0
Proposed_ShieldedQoE,crowd_run,6,39,1,1,750,743.5,20.55,22.28,0.0,15.45,0.0,15.45,0,0.025,2,1200,0.0,24.75,24.75,-9.3,0.0,0
Proposed_ShieldedQoE,crowd_run,6,40,1,1,750,649.3,22.28,21.89,0.0,15.45,0.0,15.45,0,0.024390243902439025,2,1200,0.0,24.75,24.75,-9.3,0.0,0
Proposed_ShieldedQoE,crowd_run,6,41,1,1,750,598.7,21.89,23.64,0.0,15.45,0.0,15.45,0,0.023809523809523808,2,1200,0.0,24.75,24.75,-9.3,0.0,0
Proposed_ShieldedQoE,crowd_run,6,42,1,1,750,981.2,23.64,25.17,0.0,15.45,0.0,15.45,0,0.023255813953488372,2,1200,0.0,24.75,24.75,-9.3,0.0,0
Proposed_ShieldedQoE,crowd_run,6,43,1,1,750,1001.1,25.17,27.64,0.0,15.45,0.0,15.45,0,0.022727272727272728,2,1200,0.0,24.75,24.75,-9.3,0.0,0
Proposed_ShieldedQoE,crowd_run,6,44,1,1,750,505.3,27.64,22.24,0.0,15.45,0.0,15.45,0,0.022222222222222223,2,1200,0.0,24.75,24.75,-9.3,0.0,0
Proposed_ShieldedQoE,crowd_run,6,45,1,1,750,571.6,22.24,23.35,0.0,15.45,0.0,15.45,0,0.021739130434782608,2,1200,0.0,24.75,24.75,-9.3,0.0,0
Proposed_ShieldedQoE,crowd_run,6,46,1,1,750,594.1,23.35,22.43,0.0,15.45,0.0,15.45,0,0.02127659574468085,2,1200,0.0,24.75,24.75,-9.3,0.0,0
Proposed_ShieldedQoE,crowd_run,6,47,1,1,750,930.5,22.43,22.42,0.0,15.45,0.0,15.45,0,0.020833333333333332,2,1200,2.055,24.75,15.91,-0.46000000000000085,-2.055,0
Proposed_ShieldedQoE,crowd_run,7,0,1,1,750,985.5,2.74,4.0,0.928,15.45,0.0,11.46,0,0.0,1,750,0.928,15.45,11.46,0.0,0.0,1
Proposed_ShieldedQoE,crowd_run,7,1,1,1,750,1147.8,4.0,6.95,0.0,15.45,0.0,15.45,0,0.0,1,750,0.0,15.45,15.45,0.0,0.0,1
Proposed_ShieldedQoE,crowd_run,7,2,1,1,750,330.5,6.95,5.41,0.0,15.45,0.0,15.45,0,0.0,1,750,0.0,15.45,15.45,0.0,0.0,1
Proposed_ShieldedQoE,crowd_run,7,3,1,1,750,954.6,5.41,7.8,0.0,15.45,0.0,15.45,0,0.0,1,750,0.0,15.45,15.45,0.0,0.0,1
Proposed_ShieldedQoE,crowd_run,7,4,1,1,750,417.9,7.8,4.0,1.778,15.45,0.0,7.81,0,0.0,1,750,1.778,15.45,7.81,0.0,0.0,1
Proposed_ShieldedQoE,crowd_run,7,5,0,0,300,1051.5,4.0,6.88,0.0,4.03,11.42,-7.39,0,0.0,1,750,0.0,15.45,15.45,-22.84,0.0,0
Proposed_ShieldedQoE,crowd_run,7,6,0,0,300,582.7,6.88,9.09,0.0,4.03,0.0,4.03,0,0.0,1,750,0.0,15.45,15.45,-11.419999999999998,0.0,0
Proposed_ShieldedQoE,crowd_run,7,7,0,0,300,1084.0,9.09,11.94,0.0,4.03,0.0,4.03,0,0.0,1,750,0.0,15.45,15.45,-11.419999999999998,0.0,0
Proposed_ShieldedQoE,crowd_run,7,8,0,0,300,1091.8,11.94,13.64,0.0,4.03,0.0,4.03,0,0.0,1,750,0.0,15.45,15.45,-11.419999999999998,0.0,0
Proposed_ShieldedQoE,crowd_run,7,9,4,4,2850,948.6,13.64,13.89,0.0,44.66,40.63,4.03,0,0.0,1,750,0.0,15.45,15.45,-11.419999999999998,0.0,0
Proposed_ShieldedQoE,crowd_run,7,10,1,1,750,778.8,13.89,12.57,0.0,15.45,29.21,-13.76,0,0.0,1,750,0.971,15.45,11.27,-25.03,-0.971,1
Proposed_ShieldedQoE,crowd_run,7,11,1,1,750,912.3,12.57,12.04,0.0,15.45,0.0,15.45,0,0.0,1,750,0.526,15.45,13.19,2.26,-0.526,1
Proposed_ShieldedQoE,crowd_run,7,12,1,1,750,868.3,12.04,9.9,0.0,15.45,0.0,15.45,0,0.0,1,750,2.145,15.45,6.23,9.219999999999999,-2.145,1
Proposed_ShieldedQoE,crowd_run,7,13,1,1,750,591.5,9.9,9.16,0.0,15.45,0.0,15.45,0,0.0,1,750,0.732,15.45,12.3,3.1499999999999986,-0.732,1
Proposed_ShieldedQoE,crowd_run,7,14,1,1,750,826.8,9.16,10.9,0.0,15.45,0.0,15.45,0,0.0,1,750,0.0,15.45,15.45,0.0,0.0,1
Proposed_ShieldedQoE,crowd_run,7,15,1,1,750,746.7,10.9,11.09,0.0,15.45,0.0,15.45,0,0.0,1,750,0.0,15.45,15.45,0.0,0.0,1
Proposed_ShieldedQoE,crowd_run,7,16,1,1,750,1083.7,11.09,10.78,0.0,15.45,0.0,15.45,0,0.0,1,750,0.0,15.45,15.45,0.0,0.0,1
Proposed_ShieldedQoE,crowd_run,7,17,1,1,750,314.5,10.78,8.55,0.0,15.45,0.0,15.45,0,0.0,1,750,0.619,15.45,12.79,2.66,-0.619,1
Proposed_ShieldedQoE,crowd_run,7,18,1,1,750,896.8,8.55,10.1,0.0,15.45,0.0,15.45,0,0.0,1,750,0.0,15.45,15.45,0.0,0.0,1
Proposed_ShieldedQoE,crowd_run,7,19,1,1,750,698.3,10.1,11.54,0.0,15.45,0.0,15.45,0,0.0,1,750,0.0,15.45,15.45,0.0,0.0,1
Proposed_ShieldedQoE,crowd_run,7,20,1,1,750,821.6,11.54,11.58,0.0,15.45,0.0,15.45,0,0.0,1,750,0.0,15.45,15.45,0.0,0.0,1
Proposed_ShieldedQoE,crowd_run,7,21,1,1,750,866.4,11.58,13.86,0.0,15.45,0.0,15.45,0,0.0,1,750,0.0,15.45,15.45,0.0,0.0,1
Proposed_ShieldedQoE,crowd_run,7,22,1,1,750,1244.4,13.86,16.89,0.0,15.45,0.0,15.45,0,0.0,1,750,0.0,15.45,15.45,0.0,0.0,1
Proposed_ShieldedQoE,crowd_run,7,23,1,1,750,525.3,16.89,16.4,0.0,15.45,0.0,15.45,0,0.0,1,750,0.0,15.45,15.45,0.0,0.0,1
Proposed_ShieldedQoE,crowd_run,7,24,1,1,750,404.9,16.4,11.02,0.0,15.45,0.0,15.45,0,0.0,1,750,0.0,15.45,15.45,0.0,0.0,1
Proposed_ShieldedQoE,crowd_run,7,25,1,1,750,814.0,11.02,12.65,0.0,15.45,0.0,15.45,0,0.0,1,750,0.0,15.45,15.45,0.0,0.0,1
Proposed_ShieldedQoE,crowd_run,7,26,1,1,750,719.0,12.65,13.71,0.0,15.45,0.0,15.45,0,0.0,1,750,0.0,15.45,15.45,0.0,0.0,1
Proposed_ShieldedQoE,crowd_run,7,27,1,1,750,932.1,13.71,13.95,0.0,15.45,0.0,15.45,0,0.0,1,750,0.0,15.45,15.45,0.0,0.0,1
Proposed_ShieldedQoE,crowd_run,7,28,1,1,750,934.7,13.95,11.99,0.0,15.45,0.0,15.45,0,0.0,1,750,0.0,15.45,15.45,0.0,0.0,1
Proposed_ShieldedQoE,crowd_run,7,29,1,1,750,887.2,11.99,11.17,0.0,15.45,0.0,15.45,0,0.0,1,750,0.0,15.45,15.45,0.0,0.0,1
Proposed_ShieldedQoE,crowd_run,7,30,1,1,750,693.7,11.17,10.66,0.0,15.45,0.0,15.45,0,0.0,1,750,0.0,15.45,15.45,0.0,0.0,1
Proposed_ShieldedQoE,crowd_run,7,31,1,1,750,752.9,10.66,11.68,0.0,15.45,0.0,15.45,0,0.0,1,750,0.0,15.45,15.45,0.0,0.0,1
Proposed_ShieldedQoE,crowd_run,7,32,1,1,750,320.6,11.68,4.0,5.1,15.45,0.0,-6.48,0,0.0,0,300,0.0,4.03,-7.39,0.9099999999999993,5.1,0
Proposed_ShieldedQoE,crowd_run,7,33,0,0,300,577.7,4.0,5.57,0.0,4.03,11.42,-7.39,0,0.0,0,300,0.0,4.03,4.03,-11.42,0.0,1
Proposed_ShieldedQoE,crowd_run,7,34,0,0,300,952.6,5.57,8.6,0.0,4.03,0.0,4.03,0,0.0,2,1200,0.0,24.75,4.03,0.0,0.0,0
Proposed_ShieldedQoE,crowd_run,7,35,0,0,300,730.6,8.6,11.11,0.0,4.03,0.0,4.03,0,0.0,2,1200,0.0,24.75,24.75,-20.72,0.0,0
Proposed_ShieldedQoE,crowd_run,7,36,0,0,300,1298.9,11.11,13.96,0.0,4.03,0.0,4.03,0,0.0,2,1200,0.474,24.75,22.71,-18.68,-0.474,0
Proposed_ShieldedQoE,crowd_run,7,37,4,4,2850,1115.9,13.96,16.76,0.0,44.66,40.63,4.03,0,0.0,2,1200,0.0,24.75,24.75,-20.72,0.0,0
Proposed_ShieldedQoE,crowd_run,7,38,1,1,750,385.1,16.76,16.04,0.0,15.45,29.21,-13.76,0,0.0,2,1200,1.468,24.75,18.44,-32.2,-1.468,0
Proposed_ShieldedQoE,crowd_run,7,39,1,1,750,838.5,16.04,18.03,0.0,15.45,0.0,15.45,0,0.0,2,1200,0.0,24.75,24.75,-9.3,0.0,0
Proposed_ShieldedQoE,crowd_run,7,40,1,1,750,804.9,18.03,18.49,0.0,15.45,0.0,15.45,0,0.0,2,1200,0.879,24.75,20.97,-5.52,-0.879,0
Proposed_ShieldedQoE,crowd_run,7,41,1,1,750,942.1,18.49,21.06,0.0,15.45,0.0,15.45,0,0.0,2,1200,0.0,24.75,24.75,-9.3,0.0,0
Proposed_ShieldedQoE,crowd_run,7,42,1,1,750,999.5,21.06,22.63,0.0,15.45,0.0,15.45,0,0.0,2,1200,0.0,24.75,24.75,-9.3,0.0,0
Proposed_ShieldedQoE,crowd_run,7,43,1,1,750,1003.0,22.63,25.1,0.0,15.45,0.0,15.45,0,0.0,2,1200,0.0,24.75,24.75,-9.3,0.0,0
Proposed_ShieldedQoE,crowd_run,7,44,1,1,750,835.4,25.1,23.42,0.0,15.45,0.0,15.45,0,0.0,2,1200,1.711,24.75,17.39,-1.9400000000000013,-1.711,0
Proposed_ShieldedQoE,crowd_run,7,45,1,1,750,797.9,23.42,25.35,0.0,15.45,0.0,15.45,0,0.0,2,1200,0.0,24.75,24.75,-9.3,0.0,0
Proposed_ShieldedQoE,crowd_run,7,46,1,1,750,967.8,25.35,26.33,0.0,15.45,0.0,15.45,0,0.0,2,1200,0.145,24.75,24.13,-8.68,-0.145,0
Proposed_ShieldedQoE,crowd_run,7,47,1,1,750,875.4,26.33,26.07,0.0,15.45,0.0,15.45,0,0.0,2,1200,2.82,24.75,12.62,2.83,-2.82,0
Proposed_ShieldedQoE,crowd_run,8,0,0,0,300,891.0,2.97,5.34,0.0,4.03,0.0,4.03,0,0.0,1,750,1.092,15.45,10.75,-6.72,-1.092,0
Proposed_ShieldedQoE,crowd_run,8,1,4,4,2850,891.2,5.34,8.0,0.0,44.66,40.63,4.03,0,0.0,1,750,0.0,15.45,15.45,-11.419999999999998,0.0,0
Proposed_ShieldedQoE,crowd_run,8,2,1,1,750,890.8,8.0,9.94,0.0,15.45,29.21,-13.76,0,0.0,1,750,0.0,15.45,15.45,-29.21,0.0,1
Proposed_ShieldedQoE,crowd_run,8,3,1,1,750,879.8,9.94,12.19,0.0,15.45,0.0,15.45,0,0.0,1,750,0.0,15.45,15.45,0.0,0.0,1
Proposed_ShieldedQoE,crowd_run,8,4,1,1,750,841.8,12.19,11.44,0.0,15.45,0.0,15.45,0,0.0,1,750,0.0,15.45,15.45,0.0,0.0,1
Proposed_ShieldedQoE,crowd_run,8,5,1,1,750,900.4,11.44,12.18,0.0,15.45,0.0,15.45,0,0.0,1,750,0.0,15.45,15.45,0.0,0.0,1
Proposed_ShieldedQoE,crowd_run,8,6,1,1,750,897.6,12.18,13.27,0.0,15.45,0.0,15.45,0,0.0,1,750,0.0,15.45,15.45,0.0,0.0,1
Proposed_ShieldedQoE,crowd_run,8,7,1,1,750,884.1,13.27,13.76,0.0,15.45,0.0,15.45,0,0.0,1,750,0.0,15.45,15.45,0.0,0.0,1
Proposed_ShieldedQoE,crowd_run,8,8,1,1,750,901.1,13.76,10.78,0.0,15.45,0.0,15.45,0,0.0,1,750,0.0,15.45,15.45,0.0,0.0,1
Proposed_ShieldedQoE,crowd_run,8,9,1,1,750,882.9,10.78,10.75,0.0,15.45,0.0,15.45,0,0.0,1,750,0.0,15.45,15.45,0.0,0.0,1
Proposed_ShieldedQoE,crowd_run,8,10,1,1,750,901.2,10.75,10.15,0.0,15.45,0.0,15.45,0,0.0,1,750,0.0,15.45,15.45,0.0,0.0,1
Proposed_ShieldedQoE,crowd_run,8,11,1,1,750,900.7,10.15,9.57,0.0,15.45,0.0,15.45,0,0.0,1,750,0.0,15.45,15.45,0.0,0.0,1
Proposed_ShieldedQoE,crowd_run,8,12,1,1,750,901.6,9.57,7.65,0.0,15.45,0.0,15.45,0,0.0,1,750,0.0,15.45,15.45,0.0,0.0,1
Proposed_ShieldedQoE,crowd_run,8,13,1,1,750,900.5,7.65,8.54,0.0,15.45,0.0,15.45,0,0.0,2,1200,0.0,24.75,15.45,0.0,0.0,0
Proposed_ShieldedQoE,crowd_run,8,14,1,1,750,900.3,8.54,10.47,0.0,15.45,0.0,15.45,0,0.0,2,1200,0.0,24.75,24.75,-9.3,0.0,0
Proposed_ShieldedQoE,crowd_run,8,15,1,1,750,897.1,10.47,11.29,0.0,15.45,0.0,15.45,0,0.0,2,1200,0.0,24.75,24.75,-9.3,0.0,0
Proposed_ShieldedQoE,crowd_run,8,16,1,1,750,902.5,11.29,10.12,0.0,15.45,0.0,15.45,0,0.0,2,1200,3.337,24.75,10.4,5.049999999999999,-3.337,0
Proposed_ShieldedQoE,crowd_run,8,17,1,1,750,807.4,10.12,11.69,0.0,15.45,0.0,15.45,0,0.0,2,1200,0.0,24.75,24.75,-9.3,0.0,0
Proposed_ShieldedQoE,crowd_run,8,18,1,1,750,902.0,11.69,13.26,0.0,15.45,0.0,15.45,0,0.0,2,1200,0.0,24.75,24.75,-9.3,0.0,0
Proposed_ShieldedQoE,crowd_run,8,19,1,1,750,900.4,13.26,15.28,0.0,15.45,0.0,15.45,0,0.0,2,1200,0.0,24.75,24.75,-9.3,0.0,0
Proposed_ShieldedQoE,crowd_run,8,20,1,1,750,902.0,15.28,15.67,0.0,15.45,0.0,15.45,0,0.0,2,1200,0.732,24.75,21.6,-6.150000000000002,-0.732,0
Proposed_ShieldedQoE,crowd_run,8,21,1,1,750,901.2,15.67,18.01,0.0,15.45,0.0,15.45,0,0.0,2,1200,0.0,24.75,24.75,-9.3,0.0,0
Proposed_ShieldedQoE,crowd_run,8,22,1,1,750,900.6,18.01,20.68,0.0,15.45,0.0,15.45,0,0.0,2,1200,0.0,24.75,24.75,-9.3,0.0,0
Proposed_ShieldedQoE,crowd_run,8,23,1,1,750,902.1,20.68,22.06,0.0,15.45,0.0,15.45,0,0.0,2,1200,0.0,24.75,24.75,-9.3,0.0,0
Proposed_ShieldedQoE,crowd_run,8,24,1,1,750,901.1,22.06,21.85,0.0,15.45,0.0,15.45,0,0.0,2,1200,0.0,24.75,24.75,-9.3,0.0,0
Proposed_ShieldedQoE,crowd_run,8,25,1,1,750,899.4,21.85,23.7,0.0,15.45,0.0,15.45,0,0.0,2,1200,0.0,24.75,24.75,-9.3,0.0,0
Proposed_ShieldedQoE,crowd_run,8,26,1,1,750,823.2,23.7,25.13,0.0,15.45,0.0,15.45,0,0.0,2,1200,0.0,24.75,24.75,-9.3,0.0,0
Proposed_ShieldedQoE,crowd_run,8,27,1,1,750,901.4,25.13,25.24,0.0,15.45,0.0,15.45,0,0.0,2,1200,1.478,24.75,18.4,-2.9499999999999993,-1.478,0
Proposed_ShieldedQoE,crowd_run,8,28,1,1,750,901.5,25.24,23.07,0.0,15.45,0.0,15.45,0,0.0,2,1200,5.878,24.75,-0.53,15.979999999999999,-5.878,0
Proposed_ShieldedQoE,crowd_run,8,29,1,1,750,900.7,23.07,22.32,0.0,15.45,0.0,15.45,0,0.0,2,1200,3.595,24.75,9.29,6.16,-3.595,0
Proposed_ShieldedQoE,crowd_run,8,30,1,1,750,899.6,22.32,22.84,0.0,15.45,0.0,15.45,0,0.0,2,1200,1.569,24.75,18.0,-2.5500000000000007,-1.569,0
Proposed_ShieldedQoE,crowd_run,8,31,1,1,750,902.2,22.84,24.35,0.0,15.45,0.0,15.45,0,0.0,2,1200,0.0,24.75,24.75,-9.3,0.0,0
Proposed_ShieldedQoE,crowd_run,8,32,1,1,750,900.9,24.35,22.38,0.0,15.45,0.0,15.45,0,0.0,2,1200,5.534,24.75,0.95,14.5,-5.534,0
Proposed_ShieldedQoE,crowd_run,8,33,1,1,750,894.7,22.38,22.46,0.0,15.45,0.0,15.45,0,0.0,2,1200,2.267,24.75,15.0,0.4499999999999993,-2.267,0
Proposed_ShieldedQoE,crowd_run,8,34,1,1,750,901.3,22.46,23.88,0.0,15.45,0.0,15.45,0,0.0,2,1200,0.131,24.75,24.19,-8.740000000000002,-0.131,0
Proposed_ShieldedQoE,crowd_run,8,35,1,1,750,902.2,23.88,24.88,0.0,15.45,0.0,15.45,0,0.0,2,1200,0.811,24.75,21.26,-5.810000000000002,-0.811,0
Proposed_ShieldedQoE,crowd_run,8,36,1,1,750,901.0,24.88,24.71,0.0,15.45,0.0,15.45,0,0.0,2,1200,2.657,24.75,13.32,2.129999999999999,-2.657,0
Proposed_ShieldedQoE,crowd_run,8,37,1,1,750,901.0,24.71,27.23,0.0,15.45,0.0,15.45,0,0.0,2,1200,0.0,24.75,24.75,-9.3,0.0,0
Proposed_ShieldedQoE,crowd_run,8,38,1,1,750,901.5,27.23,29.22,0.0,15.45,0.0,15.45,0,0.0,2,1200,0.0,24.75,24.75,-9.3,0.0,0
Proposed_ShieldedQoE,crowd_run,8,39,1,1,750,871.6,29.22,30.0,0.0,15.45,0.0,15.45,0,0.0,2,1200,0.0,24.75,24.75,-9.3,0.0,0
Proposed_ShieldedQoE,crowd_run,8,40,1,1,750,901.6,30.0,30.0,0.0,15.45,0.0,15.45,0,0.0,2,1200,0.0,24.75,24.75,-9.3,0.0,0
Proposed_ShieldedQoE,crowd_run,8,41,1,1,750,901.8,30.0,30.0,0.0,15.45,0.0,15.45,0,0.0,2,1200,0.0,24.75,24.75,-9.3,0.0,0
Proposed_ShieldedQoE,crowd_run,8,42,1,1,750,901.0,30.0,30.0,0.0,15.45,0.0,15.45,0,0.0,2,1200,0.0,24.75,24.75,-9.3,0.0,0
Proposed_ShieldedQoE,crowd_run,8,43,1,1,750,900.8,30.0,30.0,0.0,15.45,0.0,15.45,0,0.0,2,1200,0.0,24.75,24.75,-9.3,0.0,0
Proposed_ShieldedQoE,crowd_run,8,44,1,1,750,900.8,30.0,28.73,0.0,15.45,0.0,15.45,0,0.0,2,1200,0.0,24.75,24.75,-9.3,0.0,0
Proposed_ShieldedQoE,crowd_run,8,45,1,1,750,901.8,28.73,30.0,0.0,15.45,0.0,15.45,0,0.0,2,1200,0.0,24.75,24.75,-9.3,0.0,0
Proposed_ShieldedQoE,crowd_run,8,46,1,1,750,900.7,30.0,30.0,0.0,15.45,0.0,15.45,0,0.0,2,1200,0.0,24.75,24.75,-9.3,0.0,0
Proposed_ShieldedQoE,crowd_run,8,47,1,1,750,900.7,30.0,29.86,0.0,15.45,0.0,15.45,0,0.0,2,1200,2.353,24.75,14.63,0.8199999999999985,-2.353,0
Proposed_ShieldedQoE,crowd_run,9,0,0,0,300,1125.3,1.22,4.0,0.069,4.03,0.0,3.73,0,0.0,2,1200,3.927,24.75,7.86,-4.130000000000001,-3.858,0
Proposed_ShieldedQoE,crowd_run,9,1,4,4,2850,956.1,4.0,6.74,0.0,44.66,40.63,4.03,0,0.0,2,1200,0.0,24.75,24.75,-20.72,0.0,0
Proposed_ShieldedQoE,crowd_run,9,2,1,1,750,823.4,6.74,8.52,0.0,15.45,29.21,-13.76,0,0.0,2,1200,0.0,24.75,24.75,-38.51,0.0,0
Proposed_ShieldedQoE,crowd_run,9,3,1,1,750,1207.6,8.52,11.25,0.0,15.45,0.0,15.45,0,0.0,2,1200,0.0,24.75,24.75,-9.3,0.0,0
Proposed_ShieldedQoE,crowd_run,9,4,1,1,750,1173.0,11.25,11.83,0.0,15.45,0.0,15.45,0,0.0,2,1200,0.0,24.75,24.75,-9.3,0.0,0
Proposed_ShieldedQoE,crowd_run,9,5,1,1,750,1203.8,11.83,13.4,0.0,15.45,0.0,15.45,0,0.0,2,1200,0.0,24.75,24.75,-9.3,0.0,0
Proposed_ShieldedQoE,crowd_run,9,6,1,1,750,1089.3,13.4,15.0,0.0,15.45,0.0,15.45,0,0.0,2,1200,0.0,24.75,24.75,-9.3,0.0,0
Proposed_ShieldedQoE,crowd_run,9,7,1,1,750,1211.6,15.0,16.44,0.0,15.45,0.0,15.45,0,0.0,2,1200,0.0,24.75,24.75,-9.3,0.0,0
Proposed_ShieldedQoE,crowd_run,9,8,1,1,750,1178.5,16.44,15.1,0.0,15.45,0.0,15.45,0,0.0,2,1200,1.438,24.75,18.57,-3.120000000000001,-1.438,0
Proposed_ShieldedQoE,crowd_run,9,9,1,1,750,1006.7,15.1,15.57,0.0,15.45,0.0,15.45,0,0.0,2,1200,1.65,24.75,17.65,-2.1999999999999993,-1.65,0
Proposed_ShieldedQoE,crowd_run,9,10,1,1,750,1247.8,15.57,16.25,0.0,15.45,0.0,15.45,0,0.0,2,1200,1.318,24.75,19.08,-3.629999999999999,-1.318,0
Proposed_ShieldedQoE,crowd_run,9,11,1,1,750,763.9,16.25,14.84,0.0,15.45,0.0,15.45,0,0.0,2,1200,4.648,24.75,4.76,10.69,-4.648,0
Proposed_ShieldedQoE,crowd_run,9,12,1,1,750,1168.9,14.84,14.28,0.0,15.45,0.0,15.45,0,0.0,2,1200,3.303,24.75,10.55,4.899999999999999,-3.303,0
Proposed_ShieldedQoE,crowd_run,9,13,1,1,750,1211.6,14.28,15.97,0.0,15.45,0.0,15.45,0,0.0,2,1200,0.0,24.75,24.75,-9.3,0.0,0
Proposed_ShieldedQoE,crowd_run,9,14,1,1,750,969.1,15.97,18.04,0.0,15.45,0.0,15.45,0,0.0,2,1200,0.0,24.75,24.75,-9.3,0.0,0
Proposed_ShieldedQoE,crowd_run,9,15,1,1,750,1127.2,18.04,19.51,0.0,15.45,0.0,15.45,0,0.0,2,1200,0.0,24.75,24.75,-9.3,0.0,0
Proposed_ShieldedQoE,crowd_run,9,16,1,1,750,1159.4,19.51,19.49,0.0,15.45,0.0,15.45,0,0.0,2,1200,1.261,24.75,19.33,-3.879999999999999,-1.261,0
Proposed_ShieldedQoE,crowd_run,9,17,1,1,750,561.7,19.49,20.0,0.0,15.45,0.0,15.45,0,0.0,2,1200,1.589,24.75,17.92,-2.4700000000000024,-1.589,0
Proposed_ShieldedQoE,crowd_run,9,18,1,1,750,1222.0,20.0,22.2,0.0,15.45,0.0,15.45,0,0.0,2,1200,0.0,24.75,24.75,-9.3,0.0,0
Proposed_ShieldedQoE,crowd_run,9,19,1,1,750,1103.6,22.2,24.58,0.0,15.45,0.0,15.45,0,0.0,2,1200,0.0,24.75,24.75,-9.3,0.0,0
Proposed_ShieldedQoE,crowd_run,9,20,1,1,750,1120.9,24.58,25.68,0.0,15.45,0.0,15.45,0,0.0,2,1200,0.0,24.75,24.75,-9.3,0.0,0
Proposed_ShieldedQoE,crowd_run,9,21,1,1,750,1012.5,25.68,28.2,0.0,15.45,0.0,15.45,0,0.0,2,1200,0.0,24.75,24.75,-9.3,0.0,0
Proposed_ShieldedQoE,crowd_run,9,22,5,5,6000,1122.2,28.2,30.0,0.0,62.0,46.55,15.45,0,0.0,2,1200,0.0,24.75,24.75,-9.3,0.0,0
Proposed_ShieldedQoE,crowd_run,9,23,2,2,1200,972.2,30.0,30.0,0.0,24.75,37.25,-12.5,0,0.0,2,1200,0.0,24.75,24.75,-37.25,0.0,1
Proposed_ShieldedQoE,crowd_run,9,24,2,2,1200,917.8,30.0,27.38,0.0,24.75,0.0,24.75,0,0.0,2,1200,0.0,24.75,24.75,0.0,0.0,1
Proposed_ShieldedQoE,crowd_run,9,25,2,2,1200,1228.1,27.38,28.86,0.0,24.75,0.0,24.75,0,0.0,2,1200,0.0,24.75,24.75,0.0,0.0,1
Proposed_ShieldedQoE,crowd_run,9,26,2,2,1200,1187.8,28.86,30.0,0.0,24.75,0.0,24.75,0,0.0,2,1200,0.0,24.75,24.75,0.0,0.0,1
Proposed_ShieldedQoE,crowd_run,9,27,2,2,1200,983.4,30.0,28.3,0.0,24.75,0.0,24.75,0,0.0,1,750,0.0,15.45,6.15,18.6,0.0,0
Proposed_ShieldedQoE,crowd_run,9,28,2,2,1200,1268.5,28.3,25.28,0.0,24.75,0.0,24.75,0,0.0,1,750,0.0,15.45,15.45,9.3,0.0,0
Proposed_ShieldedQoE,crowd_run,9,29,2,2,1200,1089.4,25.28,23.0,0.0,24.75,0.0,24.75,0,0.0,1,750,0.0,15.45,15.45,9.3,0.0,0
Proposed_ShieldedQoE,crowd_run,9,30,2,2,1200,660.9,23.0,19.42,0.0,24.75,0.0,24.75,0,0.0,0,300,0.0,4.03,-7.39,32.14,0.0,0
Proposed_ShieldedQoE,crowd_run,9,31,2,2,1200,380.2,19.42,13.96,0.0,24.75,0.0,24.75,0,0.0,0,300,0.0,4.03,4.03,20.72,0.0,0
Proposed_ShieldedQoE,crowd_run,9,32,0,0,300,1075.2,13.96,12.96,0.0,4.03,20.72,-16.69,0,0.0,0,300,0.0,4.03,4.03,-20.720000000000002,0.0,1
Proposed_ShieldedQoE,crowd_run,9,33,1,0,300,113.5,12.96,4.61,0.0,4.03,0.0,4.03,1,0.029411764705882353,0,300,0.0,4.03,4.03,0.0,0.0,1
Proposed_ShieldedQoE,crowd_run,9,34,0,0,300,1047.7,4.61,7.73,0.0,4.03,0.0,4.03,0,0.02857142857142857,1,750,0.0,15.45,4.03,0.0,0.0,0
Proposed_ShieldedQoE,crowd_run,9,35,0,0,300,711.3,7.73,10.2,0.0,4.03,0.0,4.03,0,0.027777777777777776,1,750,0.0,15.45,15.45,-11.419999999999998,0.0,0
Proposed_ShieldedQoE,crowd_run,9,36,0,0,300,569.9,10.2,11.57,0.0,4.03,0.0,4.03,0,0.02702702702702703,1,750,0.0,15.45,15.45,-11.419999999999998,0.0,0
Proposed_ShieldedQoE,crowd_run,9,37,4,4,2850,1169.5,11.57,14.43,0.0,44.66,40.63,4.03,0,0.02631578947368421,2,1200,0.0,24.75,15.45,-11.419999999999998,0.0,0
Proposed_ShieldedQoE,crowd_run,9,38,1,1,750,1241.1,14.43,16.96,0.0,15.45,29.21,-13.76,0,0.02564102564102564,2,1200,0.0,24.75,24.75,-38.51,0.0,0
Proposed_ShieldedQoE,crowd_run,9,39,1,1,750,1033.7,16.96,19.33,0.0,15.45,0.0,15.45,0,0.025,2,1200,0.0,24.75,24.75,-9.3,0.0,0
Proposed_ShieldedQoE,crowd_run,9,40,1,1,750,994.4,19.33,20.47,0.0,15.45,0.0,15.45,0,0.024390243902439025,2,1200,0.0,24.75,24.75,-9.3,0.0,0
Proposed_ShieldedQoE,crowd_run,9,41,1,1,750,298.9,20.47,19.96,0.0,15.45,0.0,15.45,0,0.023809523809523808,2,1200,0.0,24.75,24.75,-9.3,0.0,0
Proposed_ShieldedQoE,crowd_run,9,42,1,1,750,1043.3,19.96,21.64,0.0,15.45,0.0,15.45,0,0.023255813953488372,2,1200,0.0,24.75,24.75,-9.3,0.0,0
Proposed_ShieldedQoE,crowd_run,9,43,1,1,750,265.1,21.64,19.85,0.0,15.45,0.0,15.45,0,0.022727272727272728,2,1200,0.694,24.75,21.77,-6.32,-0.694,0
Proposed_ShieldedQoE,crowd_run,9,44,1,1,750,992.9,19.85,19.07,0.0,15.45,0.0,15.45,0,0.022222222222222223,2,1200,3.652,24.75,9.05,6.399999999999999,-3.652,0
Proposed_ShieldedQoE,crowd_run,9,45,1,1,750,921.1,19.07,21.28,0.0,15.45,0.0,15.45,0,0.021739130434782608,2,1200,0.0,24.75,24.75,-9.3,0.0,0
Proposed_ShieldedQoE,crowd_run,9,46,1,1,750,629.3,21.28,20.63,0.0,15.45,0.0,15.45,0,0.02127659574468085,2,1200,2.3,24.75,14.86,0.5899999999999999,-2.3,0
Proposed_ShieldedQoE,crowd_run,9,47,1,1,750,945.5,20.63,20.69,0.0,15.45,0.0,15.45,0,0.020833333333333332,2,1200,2.314,24.75,14.8,0.6499999999999986,-2.314,0
Proposed_ShieldedQoE,crowd_run,10,0,0,0,300,956.3,1.02,4.0,0.494,4.03,0.0,1.91,0,0.0,1,750,2.764,15.45,3.56,-1.6500000000000001,-2.2699999999999996,0
Proposed_ShieldedQoE,crowd_run,10,1,4,4,2850,1160.2,4.0,6.97,0.0,44.66,40.63,4.03,0,0.0,1,750,0.0,15.45,15.45,-11.419999999999998,0.0,0
Proposed_ShieldedQoE,crowd_run,10,2,1,1,750,1012.1,6.97,9.15,0.0,15.45,29.21,-13.76,0,0.0,1,750,0.0,15.45,15.45,-29.21,0.0,1
Proposed_ShieldedQoE,crowd_run,10,3,1,1,750,1129.0,9.15,11.79,0.0,15.45,0.0,15.45,0,0.0,1,750,0.0,15.45,15.45,0.0,0.0,1
Proposed_ShieldedQoE,crowd_run,10,4,1,1,750,847.8,11.79,11.07,0.0,15.45,0.0,15.45,0,0.0,1,750,0.0,15.45,15.45,0.0,0.0,1
Proposed_ShieldedQoE,crowd_run,10,5,1,1,750,792.3,11.07,11.37,0.0,15.45,0.0,15.45,0,0.0,1,750,0.0,15.45,15.45,0.0,0.0,1
Proposed_ShieldedQoE,crowd_run,10,6,1,1,750,471.8,11.37,9.83,0.0,15.45,0.0,15.45,0,0.0,1,750,0.0,15.45,15.45,0.0,0.0,1
Proposed_ShieldedQoE,crowd_run,10,7,1,1,750,893.2,9.83,10.36,0.0,15.45,0.0,15.45,0,0.0,1,750,0.0,15.45,15.45,0.0,0.0,1
Proposed_ShieldedQoE,crowd_run,10,8,1,1,750,1029.0,10.36,8.25,0.0,15.45,0.0,15.45,0,0.0,1,750,0.0,15.45,15.45,0.0,0.0,1
Proposed_ShieldedQoE,crowd_run,10,9,1,1,750,528.2,8.25,5.52,0.0,15.45,0.0,15.45,0,0.0,0,300,0.0,4.03,-7.39,22.84,0.0,0
Proposed_ShieldedQoE,crowd_run,10,10,0,0,300,754.5,5.52,7.32,0.0,4.03,11.42,-7.39,0,0.0,0,300,0.0,4.03,4.03,-11.42,0.0,1
Proposed_ShieldedQoE,crowd_run,10,11,0,0,300,815.3,7.32,9.29,0.0,4.03,0.0,4.03,0,0.0,0,300,0.0,4.03,4.03,0.0,0.0,1
Proposed_ShieldedQoE,crowd_run,10,12,0,0,300,721.2,9.29,10.33,0.0,4.03,0.0,4.03,0,0.0,0,300,0.0,4.03,4.03,0.0,0.0,1
Proposed_ShieldedQoE,crowd_run,10,13,0,0,300,534.2,10.33,12.24,0.0,4.03,0.0,4.03,0,0.0,0,300,0.0,4.03,4.03,0.0,0.0,1
Proposed_ShieldedQoE,crowd_run,10,14,0,0,300,587.3,12.24,14.96,0.0,4.03,0.0,4.03,0,0.0,0,300,0.0,4.03,4.03,0.0,0.0,1
Proposed_ShieldedQoE,crowd_run,10,15,0,0,300,713.5,14.96,17.36,0.0,4.03,0.0,4.03,0,0.0,0,300,0.0,4.03,4.03,0.0,0.0,1
Proposed_ShieldedQoE,crowd_run,10,16,0,0,300,503.6,17.36,17.66,0.0,4.03,0.0,4.03,0,0.0,0,300,0.0,4.03,4.03,0.0,0.0,1
Proposed_ShieldedQoE,crowd_run,10,17,0,0,300,282.3,17.66,18.88,0.0,4.03,0.0,4.03,0,0.0,0,300,0.0,4.03,4.03,0.0,0.0,1
Proposed_ShieldedQoE,crowd_run,10,18,0,0,300,343.5,18.88,20.32,0.0,4.03,0.0,4.03,0,0.0,0,300,0.0,4.03,4.03,0.0,0.0,1
Proposed_ShieldedQoE,crowd_run,10,19,0,0,300,533.8,20.32,22.99,0.0,4.03,0.0,4.03,0,0.0,1,750,0.0,15.45,4.03,0.0,0.0,0
Proposed_ShieldedQoE,crowd_run,10,20,0,0,300,775.6,22.99,25.31,0.0,4.03,0.0,4.03,0,0.0,1,750,0.0,15.45,15.45,-11.419999999999998,0.0,0
Proposed_ShieldedQoE,crowd_run,10,21,4,4,2850,576.4,25.31,26.72,0.0,44.66,40.63,4.03,0,0.0,1,750,0.0,15.45,15.45,-11.419999999999998,0.0,0
Proposed_ShieldedQoE,crowd_run,10,22,1,1,750,502.9,26.72,28.33,0.0,15.45,29.21,-13.76,0,0.0,1,750,0.0,15.45,15.45,-29.21,0.0,1
Proposed_ShieldedQoE,crowd_run,10,23,1,1,750,487.7,28.33,27.5,0.0,15.45,0.0,15.45,0,0.0,1,750,0.0,15.45,15.45,0.0,0.0,1
Proposed_ShieldedQoE,crowd_run,10,24,1,1,750,400.4,27.5,22.01,0.0,15.45,0.0,15.45,0,0.0,1,750,0.0,15.45,15.45,0.0,0.0,1
Proposed_ShieldedQoE,crowd_run,10,25,1,1,750,446.7,22.01,21.69,0.0,15.45,0.0,15.45,0,0.0,1,750,0.0,15.45,15.45,0.0,0.0,1
Proposed_ShieldedQoE,crowd_run,10,26,1,1,750,1006.1,21.69,23.59,0.0,15.45,0.0,15.45,0,0.0,1,750,0.0,15.45,15.45,0.0,0.0,1
Proposed_ShieldedQoE,crowd_run,10,27,1,1,750,845.8,23.59,23.44,0.0,15.45,0.0,15.45,0,0.0,1,750,0.0,15.45,15.45,0.0,0.0,1
Proposed_ShieldedQoE,crowd_run,10,28,1,1,750,633.0,23.44,18.65,0.0,15.45,0.0,15.45,0,0.0,1,750,0.0,15.45,15.45,0.0,0.0,1
Proposed_ShieldedQoE,crowd_run,10,29,1,1,750,1261.3,18.65,19.26,0.0,15.45,0.0,15.45,0,0.0,1,750,0.0,15.45,15.45,0.0,0.0,1
Proposed_ShieldedQoE,crowd_run,10,30,1,1,750,1113.3,19.26,20.45,0.0,15.45,0.0,15.45,0,0.0,1,750,0.0,15.45,15.45,0.0,0.0,1
Proposed_ShieldedQoE,crowd_run,10,31,1,1,750,596.7,20.45,20.68,0.0,15.45,0.0,15.45,0,0.0,1,750,0.0,15.45,15.45,0.0,0.0,1
Proposed_ShieldedQoE,crowd_run,10,32,1,1,750,627.1,20.68,16.11,0.0,15.45,0.0,15.45,0,0.0,1,750,0.0,15.45,15.45,0.0,0.0,1
Proposed_ShieldedQoE,crowd_run,10,33,1,1,750,882.9,16.11,16.14,0.0,15.45,0.0,15.45,0,0.0,1,750,0.0,15.45,15.45,0.0,0.0,1
Proposed_ShieldedQoE,crowd_run,10,34,1,1,750,1234.7,16.14,18.25,0.0,15.45,0.0,15.45,0,0.0,2,1200,0.0,24.75,15.45,0.0,0.0,0
Proposed_ShieldedQoE,crowd_run,10,35,1,1,750,1061.1,18.25,19.7,0.0,15.45,0.0,15.45,0,0.0,2,1200,0.0,24.75,24.75,-9.3,0.0,0
Proposed_ShieldedQoE,crowd_run,10,36,1,1,750,972.2,19.7,19.84,0.0,15.45,0.0,15.45,0,0.0,2,1200,0.0,24.75,24.75,-9.3,0.0,0
Proposed_ShieldedQoE,crowd_run,10,37,1,1,750,682.0,19.84,21.88,0.0,15.45,0.0,15.45,0,0.0,2,1200,0.0,24.75,24.75,-9.3,0.0,0
Proposed_ShieldedQoE,crowd_run,10,38,1,1,750,609.2,21.88,22.9,0.0,15.45,0.0,15.45,0,0.0,2,1200,0.0,24.75,24.75,-9.3,0.0,0
Proposed_ShieldedQoE,crowd_run,10,39,1,1,750,468.4,22.9,23.3,0.0,15.45,0.0,15.45,0,0.0,2,1200,0.0,24.75,24.75,-9.3,0.0,0
Proposed_ShieldedQoE,crowd_run,10,40,1,1,750,1047.2,23.3,24.58,0.0,15.45,0.0,15.45,0,0.0,2,1200,0.0,24.75,24.75,-9.3,0.0,0
Proposed_ShieldedQoE,crowd_run,10,41,1,1,750,819.8,24.58,26.94,0.0,15.45,0.0,15.45,0,0.0,2,1200,0.0,24.75,24.75,-9.3,0.0,0
Proposed_ShieldedQoE,crowd_run,10,42,1,1,750,534.5,26.94,26.4,0.0,15.45,0.0,15.45,0,0.0,2,1200,0.0,24.75,24.75,-9.3,0.0,0
Proposed_ShieldedQoE,crowd_run,10,43,1,1,750,669.7,26.4,28.11,0.0,15.45,0.0,15.45,0,0.0,2,1200,0.0,24.75,24.75,-9.3,0.0,0
Proposed_ShieldedQoE,crowd_run,10,44,1,1,750,762.5,28.11,25.88,0.0,15.45,0.0,15.45,0,0.0,2,1200,0.0,24.75,24.75,-9.3,0.0,0
Proposed_ShieldedQoE,crowd_run,10,45,1,1,750,468.7,25.88,26.35,0.0,15.45,0.0,15.45,0,0.0,2,1200,0.803,24.75,21.3,-5.850000000000001,-0.803,0
Proposed_ShieldedQoE,crowd_run,10,46,1,1,750,706.1,26.35,26.22,0.0,15.45,0.0,15.45,0,0.0,2,1200,2.621,24.75,13.48,1.9699999999999989,-2.621,0
Proposed_ShieldedQoE,crowd_run,10,47,1,1,750,703.9,26.22,24.91,0.0,15.45,0.0,15.45,0,0.0,2,1200,4.482,24.75,5.48,9.969999999999999,-4.482,0
Proposed_ShieldedQoE,crowd_run,11,0,0,0,300,897.2,1.75,4.14,0.0,4.03,0.0,4.03,0,0.0,1,750,2.284,15.45,5.63,-1.5999999999999996,-2.284,0
Proposed_ShieldedQoE,crowd_run,11,1,4,4,2850,950.5,4.14,6.87,0.0,44.66,40.63,4.03,0,0.0,1,750,0.0,15.45,15.45,-11.419999999999998,0.0,0
Proposed_ShieldedQoE,crowd_run,11,2,1,1,750,950.5,6.87,8.94,0.0,15.45,29.21,-13.76,0,0.0,1,750,0.0,15.45,15.45,-29.21,0.0,1
Proposed_ShieldedQoE,crowd_run,11,3,1,1,750,950.5,8.94,11.33,0.0,15.45,0.0,15.45,0,0.0,1,750,0.0,15.45,15.45,0.0,0.0,1
Proposed_ShieldedQoE,crowd_run,11,4,1,1,750,950.5,11.33,11.12,0.0,15.45,0.0,15.45,0,0.0,1,750,0.0,15.45,15.45,0.0,0.0,1
Proposed_ShieldedQoE,crowd_run,11,5,1,1,750,950.5,11.12,12.03,0.0,15.45,0.0,15.45,0,0.0,1,750,0.0,15.45,15.45,0.0,0.0,1
Proposed_ShieldedQoE,crowd_run,11,6,1,1,750,950.5,12.03,13.28,0.0,15.45,0.0,15.45,0,0.0,1,750,0.0,15.45,15.45,0.0,0.0,1
Proposed_ShieldedQoE,crowd_run,11,7,1,1,750,950.5,13.28,14.02,0.0,15.45,0.0,15.45,0,0.0,1,750,0.0,15.45,15.45,0.0,0.0,1
Proposed_ShieldedQoE,crowd_run,11,8,1,1,750,941.2,14.02,11.34,0.0,15.45,0.0,15.45,0,0.0,1,750,0.0,15.45,15.45,0.0,0.0,1
Proposed_ShieldedQoE,crowd_run,11,9,1,1,750,950.5,11.34,11.6,0.0,15.45,0.0,15.45,0,0.0,1,750,0.0,15.45,15.45,0.0,0.0,1
Proposed_ShieldedQoE,crowd_run,11,10,1,1,750,950.5,11.6,11.23,0.0,15.45,0.0,15.45,0,0.0,1,750,0.0,15.45,15.45,0.0,0.0,1
Proposed_ShieldedQoE,crowd_run,11,11,1,1,750,950.5,11.23,10.89,0.0,15.45,0.0,15.45,0,0.0,1,750,0.0,15.45,15.45,0.0,0.0,1
Proposed_ShieldedQoE,crowd_run,11,12,1,1,750,950.5,10.89,9.27,0.0,15.45,0.0,15.45,0,0.0,1,750,0.0,15.45,15.45,0.0,0.0,1
Proposed_ShieldedQoE,crowd_run,11,13,1,1,750,1142.9,9.27,10.82,0.0,15.45,0.0,15.45,0,0.0,2,1200,0.0,24.75,15.45,0.0,0.0,0
Proposed_ShieldedQoE,crowd_run,11,14,1,1,750,1132.1,10.82,13.17,0.0,15.45,0.0,15.45,0,0.0,2,1200,0.0,24.75,24.75,-9.3,0.0,0
Proposed_ShieldedQoE,crowd_run,11,15,1,1,750,1142.9,13.17,14.68,0.0,15.45,0.0,15.45,0,0.0,2,1200,0.0,24.75,24.75,-9.3,0.0,0
Proposed_ShieldedQoE,crowd_run,11,16,1,1,750,1142.9,14.68,14.6,0.0,15.45,0.0,15.45,0,0.0,2,1200,0.0,24.75,24.75,-9.3,0.0,0
Proposed_ShieldedQoE,crowd_run,11,17,1,1,750,1142.9,14.6,16.88,0.0,15.45,0.0,15.45,0,0.0,2,1200,0.0,24.75,24.75,-9.3,0.0,0
Proposed_ShieldedQoE,crowd_run,11,18,1,1,750,1142.9,16.88,18.96,0.0,15.45,0.0,15.45,0,0.0,2,1200,0.0,24.75,24.75,-9.3,0.0,0
Proposed_ShieldedQoE,crowd_run,11,19,1,1,750,1142.9,18.96,21.4,0.0,15.45,0.0,15.45,0,0.0,2,1200,0.0,24.75,24.75,-9.3,0.0,0
Proposed_ShieldedQoE,crowd_run,11,20,1,1,750,1142.9,21.4,22.55,0.0,15.45,0.0,15.45,0,0.0,2,1200,0.0,24.75,24.75,-9.3,0.0,0
Proposed_ShieldedQoE,crowd_run,11,21,1,1,750,1142.9,22.55,25.25,0.0,15.45,0.0,15.45,0,0.0,2,1200,0.0,24.75,24.75,-9.3,0.0,0
Proposed_ShieldedQoE,crowd_run,11,22,5,5,6000,1142.9,25.25,27.56,0.0,62.0,46.55,15.45,0,0.0,2,1200,0.0,24.75,24.75,-9.3,0.0,0
Proposed_ShieldedQoE,crowd_run,11,23,2,2,1200,1132.1,27.56,28.23,0.0,24.75,37.25,-12.5,0,0.0,2,1200,0.0,24.75,24.75,-37.25,0.0,1
Proposed_ShieldedQoE,crowd_run,11,24,2,2,1200,1081.1,28.23,26.61,0.0,24.75,0.0,24.75,0,0.0,2,1200,0.0,24.75,24.75,0.0,0.0,1
Proposed_ShieldedQoE,crowd_run,11,25,2,2,1200,1132.1,26.61,27.88,0.0,24.75,0.0,24.75,0,0.0,2,1200,0.0,24.75,24.75,0.0,0.0,1
Proposed_ShieldedQoE,crowd_run,11,26,2,2,1200,1142.9,27.88,28.92,0.0,24.75,0.0,24.75,0,0.0,2,1200,0.0,24.75,24.75,0.0,0.0,1
Proposed_ShieldedQoE,crowd_run,11,27,2,2,1200,1132.1,28.92,27.96,0.0,24.75,0.0,24.75,0,0.0,2,1200,0.0,24.75,24.75,0.0,0.0,1
Proposed_ShieldedQoE,crowd_run,11,28,2,2,1200,1132.1,27.96,24.1,0.0,24.75,0.0,24.75,0,0.0,2,1200,0.0,24.75,24.75,0.0,0.0,1
Proposed_ShieldedQoE,crowd_run,11,29,2,2,1200,1132.1,24.1,22.06,0.0,24.75,0.0,24.75,0,0.0,2,1200,0.0,24.75,24.75,0.0,0.0,1
Proposed_ShieldedQoE,crowd_run,11,30,2,2,1200,1142.9,22.06,21.67,0.0,24.75,0.0,24.75,0,0.0,2,1200,0.0,24.75,24.75,0.0,0.0,1
Proposed_ShieldedQoE,crowd_run,11,31,2,2,1200,1132.1,21.67,22.5,0.0,24.75,0.0,24.75,0,0.0,2,1200,0.0,24.75,24.75,0.0,0.0,1
Proposed_ShieldedQoE,crowd_run,11,32,2,2,1200,1132.1,22.5,18.9,0.0,24.75,0.0,24.75,0,0.0,2,1200,0.0,24.75,24.75,0.0,0.0,1
Proposed_ShieldedQoE,crowd_run,11,33,2,2,1200,1142.9,18.9,17.99,0.0,24.75,0.0,24.75,0,0.0,2,1200,0.0,24.75,24.75,0.0,0.0,1
Proposed_ShieldedQoE,crowd_run,11,34,2,2,1200,1132.1,17.99,18.7,0.0,24.75,0.0,24.75,0,0.0,2,1200,0.0,24.75,24.75,0.0,0.0,1
Proposed_ShieldedQoE,crowd_run,11,35,2,2,1200,1132.1,18.7,18.87,0.0,24.75,0.0,24.75,0,0.0,2,1200,0.0,24.75,24.75,0.0,0.0,1
Proposed_ShieldedQoE,crowd_run,11,36,2,2,1200,897.2,18.87,16.18,0.0,24.75,0.0,24.75,0,0.0,2,1200,0.0,24.75,24.75,0.0,0.0,1
Proposed_ShieldedQoE,crowd_run,11,37,2,2,1200,849.6,16.18,17.67,0.0,24.75,0.0,24.75,0,0.0,2,1200,0.0,24.75,24.75,0.0,0.0,1
Proposed_ShieldedQoE,crowd_run,11,38,2,2,1200,849.6,17.67,18.24,0.0,24.75,0.0,24.75,0,0.0,2,1200,0.0,24.75,24.75,0.0,0.0,1
Proposed_ShieldedQoE,crowd_run,11,39,2,2,1200,849.6,18.24,19.07,0.0,24.75,0.0,24.75,0,0.0,2,1200,0.0,24.75,24.75,0.0,0.0,1
Proposed_ShieldedQoE,crowd_run,11,40,2,2,1200,849.6,19.07,17.7,0.0,24.75,0.0,24.75,0,0.0,2,1200,0.0,24.75,24.75,0.0,0.0,1
Proposed_ShieldedQoE,crowd_run,11,41,2,2,1200,849.6,17.7,19.17,0.0,24.75,0.0,24.75,0,0.0,2,1200,0.0,24.75,24.75,0.0,0.0,1
Proposed_ShieldedQoE,crowd_run,11,42,2,2,1200,842.1,19.17,18.56,0.0,24.75,0.0,24.75,0,0.0,2,1200,0.0,24.75,24.75,0.0,0.0,1
Proposed_ShieldedQoE,crowd_run,11,43,2,2,1200,849.6,18.56,19.67,0.0,24.75,0.0,24.75,0,0.0,2,1200,0.0,24.75,24.75,0.0,0.0,1
Proposed_ShieldedQoE,crowd_run,11,44,2,2,1200,849.6,19.67,14.73,0.0,24.75,0.0,24.75,0,0.0,2,1200,1.424,24.75,18.63,6.120000000000001,-1.424,1
Proposed_ShieldedQoE,crowd_run,11,45,2,2,1200,849.6,14.73,15.62,0.0,24.75,0.0,24.75,0,0.0,2,1200,0.0,24.75,24.75,0.0,0.0,1
Proposed_ShieldedQoE,crowd_run,11,46,2,2,1200,849.6,15.62,14.11,0.0,24.75,0.0,24.75,0,0.0,2,1200,0.616,24.75,22.1,2.6499999999999986,-0.616,1
Proposed_ShieldedQoE,crowd_run,11,47,2,2,1200,981.8,14.11,12.03,0.0,24.75,0.0,24.75,0,0.0,2,1200,2.081,24.75,15.8,8.95,-2.081,1
Proposed_ShieldedQoE,crowd_run,12,0,0,0,300,2007.9,2.87,6.15,0.0,4.03,0.0,4.03,0,0.0,4,2850,3.98,44.66,27.55,-23.52,-3.98,0
Proposed_ShieldedQoE,crowd_run,12,1,4,4,2850,1395.2,6.15,9.29,0.0,44.66,40.63,4.03,0,0.0,4,2850,0.0,44.66,44.66,-40.629999999999995,0.0,1
Proposed_ShieldedQoE,crowd_run,12,2,1,1,750,2358.6,9.29,12.51,0.0,15.45,29.21,-13.76,0,0.0,4,2850,0.0,44.66,44.66,-58.419999999999995,0.0,0
Proposed_ShieldedQoE,crowd_run,12,3,4,4,2850,2468.0,12.51,15.51,0.0,44.66,29.21,15.45,0,0.0,4,2850,0.0,44.66,44.66,-29.209999999999997,0.0,1
Proposed_ShieldedQoE,crowd_run,12,4,2,2,1200,2610.3,15.51,17.06,0.0,24.75,19.91,4.84,0,0.0,4,2850,0.0,44.66,44.66,-39.81999999999999,0.0,0
Proposed_ShieldedQoE,crowd_run,12,5,2,2,1200,2198.4,17.06,18.93,0.0,24.75,0.0,24.75,0,0.0,4,2850,0.0,44.66,44.66,-19.909999999999997,0.0,0
Proposed_ShieldedQoE,crowd_run,12,6,2,2,1200,572.6,18.93,15.62,0.0,24.75,0.0,24.75,0,0.0,4,2850,12.829,44.66,-10.51,35.26,-12.829,0
Proposed_ShieldedQoE,crowd_run,12,7,0,0,300,1499.7,15.62,17.55,0.0,4.03,20.72,-16.69,0,0.0,4,2850,3.864,44.66,28.04,-44.730000000000004,-3.864,0
Proposed_ShieldedQoE,crowd_run,12,8,1,1,750,2169.6,17.55,18.65,0.0,15.45,11.42,4.03,0,0.0,4,2850,7.013,44.66,14.5,-10.469999999999999,-7.013,0
Proposed_ShieldedQoE,crowd_run,12,9,1,1,750,2152.6,18.65,21.0,0.0,15.45,0.0,15.45,0,0.0,4,2850,2.275,44.66,34.88,-19.430000000000003,-2.275,0
Proposed_ShieldedQoE,crowd_run,12,10,5,5,6000,2287.1,21.0,22.1,0.0,62.0,46.55,15.45,0,0.0,4,2850,2.891,44.66,32.23,-16.779999999999998,-2.891,0
Proposed_ShieldedQoE,crowd_run,12,11,2,2,1200,2466.3,22.1,23.42,0.0,24.75,37.25,-12.5,0,0.0,4,2850,2.362,44.66,34.5,-47.0,-2.362,0
Proposed_ShieldedQoE,crowd_run,12,12,2,2,1200,2266.4,23.42,23.66,0.0,24.75,0.0,24.75,0,0.0,4,2850,4.945,44.66,23.39,1.3599999999999994,-4.945,0
Proposed_ShieldedQoE,crowd_run,12,13,2,2,1200,1537.7,23.66,24.74,0.0,24.75,0.0,24.75,0,0.0,4,2850,2.917,44.66,32.12,-7.369999999999997,-2.917,0
Proposed_ShieldedQoE,crowd_run,12,14,2,2,1200,1248.8,24.74,26.35,0.0,24.75,0.0,24.75,0,0.0,4,2850,1.688,44.66,37.4,-12.649999999999999,-1.688,0
Proposed_ShieldedQoE,crowd_run,12,15,2,2,1200,1320.5,26.35,26.89,0.0,24.75,0.0,24.75,0,0.0,4,2850,4.204,44.66,26.58,-1.8299999999999983,-4.204,0
Proposed_ShieldedQoE,crowd_run,12,16,2,2,1200,2039.5,26.89,27.24,0.0,24.75,0.0,24.75,0,0.0,4,2850,4.685,44.66,24.52,0.23000000000000043,-4.685,0
Proposed_ShieldedQoE,crowd_run,12,17,2,2,1200,1727.0,27.24,29.42,0.0,24.75,0.0,24.75,0,0.0,4,2850,0.317,44.66,43.3,-18.549999999999997,-0.317,0
Proposed_ShieldedQoE,crowd_run,12,18,2,2,1200,2008.2,29.42,30.0,0.0,24.75,0.0,24.75,0,0.0,4,2850,0.157,44.66,43.98,-19.229999999999997,-0.157,0
Proposed_ShieldedQoE,crowd_run,12,19,2,2,1200,1118.6,30.0,30.0,0.0,24.75,0.0,24.75,0,0.0,4,2850,2.055,44.66,35.82,-11.07,-2.055,0
Proposed_ShieldedQoE,crowd_run,12,20,2,2,1200,2713.9,30.0,30.0,0.0,24.75,0.0,24.75,0,0.0,4,2850,0.562,44.66,42.24,-17.490000000000002,-0.562,0
Proposed_ShieldedQoE,crowd_run,12,21,2,2,1200,1221.6,30.0,30.0,0.0,24.75,0.0,24.75,0,0.0,4,2850,0.639,44.66,41.91,-17.159999999999997,-0.639,0
Proposed_ShieldedQoE,crowd_run,12,22,2,2,1200,1530.8,30.0,30.0,0.0,24.75,0.0,24.75,0,0.0,4,2850,0.0,44.66,44.66,-19.909999999999997,0.0,0
Proposed_ShieldedQoE,crowd_run,12,23,2,2,1200,1724.2,30.0,30.0,0.0,24.75,0.0,24.75,0,0.0,4,2850,0.179,44.66,43.89,-19.14,-0.179,0
Proposed_ShieldedQoE,crowd_run,12,24,2,2,1200,3270.2,30.0,30.0,0.0,24.75,0.0,24.75,0,0.0,4,2850,0.414,44.66,42.88,-18.130000000000003,-0.414,0
Proposed_ShieldedQoE,crowd_run,12,25,2,2,1200,1536.6,30.0,30.0,0.0,24.75,0.0,24.75,0,0.0,4,2850,0.773,44.66,41.34,-16.590000000000003,-0.773,0
Proposed_ShieldedQoE,crowd_run,12,26,2,2,1200,1260.4,30.0,30.0,0.0,24.75,0.0,24.75,0,0.0,4,2850,2.382,44.66,34.42,-9.670000000000002,-2.382,0
Proposed_ShieldedQoE,crowd_run,12,27,2,2,1200,1577.7,30.0,30.0,0.0,24.75,0.0,24.75,0,0.0,3,1850,1.48,32.84,14.66,10.09,-1.48,0
Proposed_ShieldedQoE,crowd_run,12,28,2,2,1200,1365.5,30.0,27.48,0.0,24.75,0.0,24.75,0,0.0,3,1850,6.055,32.84,6.8,17.95,-6.055,0
Proposed_ShieldedQoE,crowd_run,12,29,2,2,1200,2172.3,27.48,28.33,0.0,24.75,0.0,24.75,0,0.0,3,1850,0.855,32.84,29.16,-4.41,-0.855,0
Proposed_ShieldedQoE,crowd_run,12,30,2,2,1200,731.8,28.33,25.48,0.0,24.75,0.0,24.75,0,0.0,3,1850,6.555,32.84,4.65,20.1,-6.555,0
Proposed_ShieldedQoE,crowd_run,12,31,2,2,1200,1683.5,25.48,27.35,0.0,24.75,0.0,24.75,0,0.0,4,2850,1.07,44.66,28.24,-3.4899999999999984,-1.07,0
Proposed_ShieldedQoE,crowd_run,12,32,2,2,1200,2097.8,27.35,27.25,0.0,24.75,0.0,24.75,0,0.0,4,2850,5.742,44.66,19.97,4.780000000000001,-5.742,0
Proposed_ShieldedQoE,crowd_run,12,33,2,2,1200,2080.7,27.25,28.55,0.0,24.75,0.0,24.75,0,0.0,4,2850,2.4,44.66,34.34,-9.590000000000003,-2.4,0
Proposed_ShieldedQoE,crowd_run,12,34,2,2,1200,1484.4,28.55,30.0,0.0,24.75,0.0,24.75,0,0.0,4,2850,1.957,44.66,36.25,-11.5,-1.957,0
Proposed_ShieldedQoE,crowd_run,12,35,2,2,1200,1489.3,30.0,30.0,0.0,24.75,0.0,24.75,0,0.0,4,2850,2.922,44.66,32.1,-7.350000000000001,-2.922,0
Proposed_ShieldedQoE,crowd_run,12,36,2,2,1200,1582.8,30.0,30.0,0.0,24.75,0.0,24.75,0,0.0,4,2850,5.001,44.66,23.16,1.5899999999999999,-5.001,0
Proposed_ShieldedQoE,crowd_run,12,37,2,2,1200,2171.8,30.0,30.0,0.0,24.75,0.0,24.75,0,0.0,4,2850,0.0,44.66,44.66,-19.909999999999997,0.0,0
Proposed_ShieldedQoE,crowd_run,12,38,2,2,1200,2452.1,30.0,30.0,0.0,24.75,0.0,24.75,0,0.0,4,2850,0.0,44.66,44.66,-19.909999999999997,0.0,0
Proposed_ShieldedQoE,crowd_run,12,39,2,2,1200,1218.4,30.0,30.0,0.0,24.75,0.0,24.75,0,0.0,4,2850,0.0,44.66,44.66,-19.909999999999997,0.0,0
Proposed_ShieldedQoE,crowd_run,12,40,2,2,1200,1820.0,30.0,30.0,0.0,24.75,0.0,24.75,0,0.0,4,2850,0.36,44.66,43.11,-18.36,-0.36,0
Proposed_ShieldedQoE,crowd_run,12,41,2,2,1200,2018.2,30.0,30.0,0.0,24.75,0.0,24.75,0,0.0,4,2850,0.0,44.66,44.66,-19.909999999999997,0.0,0
Proposed_ShieldedQoE,crowd_run,12,42,2,2,1200,2542.9,30.0,30.0,0.0,24.75,0.0,24.75,0,0.0,4,2850,0.0,44.66,44.66,-19.909999999999997,0.0,0
Proposed_ShieldedQoE,crowd_run,12,43,2,2,1200,1938.0,30.0,30.0,0.0,24.75,0.0,24.75,0,0.0,4,2850,0.0,44.66,44.66,-19.909999999999997,0.0,0
Proposed_ShieldedQoE,crowd_run,12,44,2,2,1200,1654.8,30.0,29.41,0.0,24.75,0.0,24.75,0,0.0,4,2850,4.072,44.66,27.15,-2.3999999999999986,-4.072,0
Proposed_ShieldedQoE,crowd_run,12,45,2,2,1200,2130.5,29.41,30.0,0.0,24.75,0.0,24.75,0,0.0,4,2850,0.0,44.66,44.66,-19.909999999999997,0.0,0
Proposed_ShieldedQoE,crowd_run,12,46,2,2,1200,2407.2,30.0,30.0,0.0,24.75,0.0,24.75,0,0.0,4,2850,0.0,44.66,44.66,-19.909999999999997,0.0,0
Proposed_ShieldedQoE,crowd_run,12,47,2,2,1200,3481.8,30.0,30.0,0.0,24.75,0.0,24.75,0,0.0,4,2850,0.0,44.66,44.66,-19.909999999999997,0.0,0
Proposed_ShieldedQoE,crowd_run,13,0,1,0,300,527.2,2.64,4.0,0.107,4.03,0.0,3.57,1,1.0,0,300,0.107,4.03,3.57,0.0,0.0,1
Proposed_ShieldedQoE,crowd_run,13,1,0,0,300,320.0,4.0,6.5,0.0,4.03,0.0,4.03,0,0.5,0,300,0.0,4.03,4.03,0.0,0.0,1
Proposed_ShieldedQoE,crowd_run,13,2,0,0,300,387.0,6.5,8.6,0.0,4.03,0.0,4.03,0,0.3333333333333333,0,300,0.0,4.03,4.03,0.0,0.0,1
Proposed_ShieldedQoE,crowd_run,13,3,0,0,300,654.2,8.6,11.67,0.0,4.03,0.0,4.03,0,0.25,0,300,0.0,4.03,4.03,0.0,0.0,1
Proposed_ShieldedQoE,crowd_run,13,4,0,0,300,807.2,11.67,13.68,0.0,4.03,0.0,4.03,0,0.2,0,300,0.0,4.03,4.03,0.0,0.0,1
Proposed_ShieldedQoE,crowd_run,13,5,4,3,1850,402.8,13.68,10.4,0.0,32.84,28.81,4.03,1,0.3333333333333333,0,300,0.0,4.03,4.03,0.0,0.0,0
Proposed_ShieldedQoE,crowd_run,13,6,1,1,750,467.3,10.4,8.81,0.0,15.45,17.39,-1.94,0,0.2857142857142857,0,300,0.0,4.03,4.03,-5.970000000000001,0.0,0
Proposed_ShieldedQoE,crowd_run,13,7,1,1,750,449.3,8.81,5.9,0.0,15.45,0.0,15.45,0,0.25,0,300,0.0,4.03,4.03,11.419999999999998,0.0,0
Proposed_ShieldedQoE,crowd_run,13,8,0,0,300,426.7,5.9,4.01,0.0,4.03,11.42,-7.39,0,0.2222222222222222,0,300,0.0,4.03,4.03,-11.42,0.0,1
Proposed_ShieldedQoE,crowd_run,13,9,0,0,300,606.4,4.01,5.66,0.0,4.03,0.0,4.03,0,0.2,0,300,0.0,4.03,4.03,0.0,0.0,1
Proposed_ShieldedQoE,crowd_run,13,10,0,0,300,819.0,5.66,7.63,0.0,4.03,0.0,4.03,0,0.18181818181818182,0,300,0.0,4.03,4.03,0.0,0.0,1
Proposed_ShieldedQoE,crowd_run,13,11,0,0,300,356.1,7.63,7.0,0.0,4.03,0.0,4.03,0,0.16666666666666666,0,300,0.0,4.03,4.03,0.0,0.0,1
Proposed_ShieldedQoE,crowd_run,13,12,0,0,300,535.5,7.0,7.01,0.0,4.03,0.0,4.03,0,0.15384615384615385,0,300,0.0,4.03,4.03,0.0,0.0,1
Proposed_ShieldedQoE,crowd_run,13,13,0,0,300,504.7,7.01,8.79,0.0,4.03,0.0,4.03,0,0.14285714285714285,0,300,0.0,4.03,4.03,0.0,0.0,1
Proposed_ShieldedQoE,crowd_run,13,14,0,0,300,796.2,8.79,11.85,0.0,4.03,0.0,4.03,0,0.13333333333333333,1,750,0.0,15.45,4.03,0.0,0.0,0
Proposed_ShieldedQoE,crowd_run,13,15,0,0,300,825.8,11.85,14.47,0.0,4.03,0.0,4.03,0,0.125,1,750,0.0,15.45,15.45,-11.419999999999998,0.0,0
Proposed_ShieldedQoE,crowd_run,13,16,0,0,300,704.8,14.47,15.83,0.0,4.03,0.0,4.03,0,0.11764705882352941,1,750,0.0,15.45,15.45,-11.419999999999998,0.0,0
Proposed_ShieldedQoE,crowd_run,13,17,4,4,2850,580.0,15.83,16.44,0.0,44.66,40.63,4.03,0,0.1111111111111111,1,750,0.0,15.45,15.45,-11.419999999999998,0.0,0
Proposed_ShieldedQoE,crowd_run,13,18,1,1,750,539.7,16.44,16.37,0.0,15.45,29.21,-13.76,0,0.10526315789473684,1,750,0.0,15.45,15.45,-29.21,0.0,1
Proposed_ShieldedQoE,crowd_run,13,19,1,1,750,486.4,16.37,16.71,0.0,15.45,0.0,15.45,0,0.1,2,1200,0.0,24.75,15.45,0.0,0.0,0
Proposed_ShieldedQoE,crowd_run,13,20,1,1,750,735.2,16.71,16.28,0.0,15.45,0.0,15.45,0,0.09523809523809523,2,1200,0.0,24.75,24.75,-9.3,0.0,0
Proposed_ShieldedQoE,crowd_run,13,21,1,1,750,666.1,16.28,18.04,0.0,15.45,0.0,15.45,0,0.09090909090909091,2,1200,0.0,24.75,24.75,-9.3,0.0,0
Proposed_ShieldedQoE,crowd_run,13,22,1,1,750,786.5,18.04,20.51,0.0,15.45,0.0,15.45,0,0.08695652173913043,2,1200,0.0,24.75,24.75,-9.3,0.0,0
Proposed_ShieldedQoE,crowd_run,13,23,1,1,750,694.6,20.51,21.12,0.0,15.45,0.0,15.45,0,0.08333333333333333,2,1200,0.0,24.75,24.75,-9.3,0.0,0
Proposed_ShieldedQoE,crowd_run,13,24,1,1,750,531.7,21.12,17.97,0.0,15.45,0.0,15.45,0,0.08,1,750,0.0,15.45,6.15,9.299999999999999,0.0,1
Proposed_ShieldedQoE,crowd_run,13,25,1,1,750,492.5,17.97,18.05,0.0,15.45,0.0,15.45,0,0.07692307692307693,1,750,0.0,15.45,15.45,0.0,0.0,1
Proposed_ShieldedQoE,crowd_run,13,26,1,1,750,719.3,18.05,19.11,0.0,15.45,0.0,15.45,0,0.07407407407407407,1,750,0.0,15.45,15.45,0.0,0.0,1
Proposed_ShieldedQoE,crowd_run,13,27,1,1,750,686.2,19.11,18.0,0.0,15.45,0.0,15.45,0,0.07142857142857142,1,750,0.0,15.45,15.45,0.0,0.0,1
Proposed_ShieldedQoE,crowd_run,13,28,1,1,750,807.2,18.0,15.11,0.0,15.45,0.0,15.45,0,0.06896551724137931,1,750,0.0,15.45,15.45,0.0,0.0,1
Proposed_ShieldedQoE,crowd_run,13,29,1,1,750,793.6,15.11,13.72,0.0,15.45,0.0,15.45,0,0.06666666666666667,1,750,0.0,15.45,15.45,0.0,0.0,1
Proposed_ShieldedQoE,crowd_run,13,30,1,1,750,749.4,13.72,13.54,0.0,15.45,0.0,15.45,0,0.06451612903225806,1,750,0.0,15.45,15.45,0.0,0.0,1
Proposed_ShieldedQoE,crowd_run,13,31,1,1,750,990.9,13.54,15.27,0.0,15.45,0.0,15.45,0,0.0625,1,750,0.0,15.45,15.45,0.0,0.0,1
Proposed_ShieldedQoE,crowd_run,13,32,1,1,750,964.2,15.27,13.7,0.0,15.45,0.0,15.45,0,0.06060606060606061,1,750,0.0,15.45,15.45,0.0,0.0,1
Proposed_ShieldedQoE,crowd_run,13,33,1,1,750,572.6,13.7,11.58,0.0,15.45,0.0,15.45,0,0.058823529411764705,1,750,0.0,15.45,15.45,0.0,0.0,1
Proposed_ShieldedQoE,crowd_run,13,34,1,1,750,725.9,11.58,12.37,0.0,15.45,0.0,15.45,0,0.05714285714285714,1,750,0.0,15.45,15.45,0.0,0.0,1
Proposed_ShieldedQoE,crowd_run,13,35,1,1,750,537.0,12.37,11.32,0.0,15.45,0.0,15.45,0,0.05555555555555555,1,750,0.0,15.45,15.45,0.0,0.0,1
Proposed_ShieldedQoE,crowd_run,13,36,1,1,750,810.3,11.32,10.69,0.0,15.45,0.0,15.45,0,0.05405405405405406,1,750,0.0,15.45,15.45,0.0,0.0,1
Proposed_ShieldedQoE,crowd_run,13,37,1,1,750,759.9,10.69,12.94,0.0,15.45,0.0,15.45,0,0.05263157894736842,1,750,0.0,15.45,15.45,0.0,0.0,1
Proposed_ShieldedQoE,crowd_run,13,38,1,1,750,363.9,12.94,11.94,0.0,15.45,0.0,15.45,0,0.05128205128205128,1,750,0.0,15.45,15.45,0.0,0.0,1
Proposed_ShieldedQoE,crowd_run,13,39,1,1,750,361.5,11.94,11.27,0.0,15.45,0.0,15.45,0,0.05,1,750,0.0,15.45,15.45,0.0,0.0,1
Proposed_ShieldedQoE,crowd_run,13,40,1,1,750,439.7,11.27,8.8,0.0,15.45,0.0,15.45,0,0.04878048780487805,1,750,0.0,15.45,15.45,0.0,0.0,1
Proposed_ShieldedQoE,crowd_run,13,41,1,1,750,452.3,8.8,9.82,0.0,15.45,0.0,15.45,0,0.047619047619047616,1,750,0.0,15.45,15.45,0.0,0.0,1
Proposed_ShieldedQoE,crowd_run,13,42,1,1,750,817.5,9.82,10.85,0.0,15.45,0.0,15.45,0,0.046511627906976744,1,750,0.0,15.45,15.45,0.0,0.0,1
Proposed_ShieldedQoE,crowd_run,13,43,1,1,750,693.1,10.85,12.64,0.0,15.45,0.0,15.45,0,0.045454545454545456,1,750,0.0,15.45,15.45,0.0,0.0,1
Proposed_ShieldedQoE,crowd_run,13,44,1,1,750,554.2,12.64,8.07,0.0,15.45,0.0,15.45,0,0.044444444444444446,1,750,0.661,15.45,12.61,2.84,-0.661,1
Proposed_ShieldedQoE,crowd_run,13,45,1,1,750,499.1,8.07,8.76,0.0,15.45,0.0,15.45,0,0.043478260869565216,1,750,0.0,15.45,15.45,0.0,0.0,1
Proposed_ShieldedQoE,crowd_run,13,46,1,1,750,686.0,8.76,8.5,0.0,15.45,0.0,15.45,0,0.0425531914893617,1,750,0.0,15.45,15.45,0.0,0.0,1
Proposed_ShieldedQoE,crowd_run,13,47,1,1,750,794.6,8.5,7.8,0.0,15.45,0.0,15.45,0,0.041666666666666664,1,750,0.267,15.45,14.3,1.1499999999999986,-0.267,1
Proposed_ShieldedQoE,crowd_run,14,0,0,0,300,2769.2,1.4,4.88,0.0,4.03,0.0,4.03,0,0.0,4,2850,3.562,44.66,29.34,-25.31,-3.562,0
Proposed_ShieldedQoE,crowd_run,14,1,4,4,2850,2823.5,4.88,8.45,0.0,44.66,40.63,4.03,0,0.0,4,2850,0.0,44.66,44.66,-40.629999999999995,0.0,1
Proposed_ShieldedQoE,crowd_run,14,2,4,4,2850,2823.5,8.45,11.42,0.0,44.66,0.0,44.66,0,0.0,4,2850,0.0,44.66,44.66,0.0,0.0,1
Proposed_ShieldedQoE,crowd_run,14,3,2,2,1200,2823.5,11.42,14.55,0.0,24.75,19.91,4.84,0,0.0,4,2850,0.0,44.66,44.66,-39.81999999999999,0.0,0
Proposed_ShieldedQoE,crowd_run,14,4,2,2,1200,2851.5,14.55,16.3,0.0,24.75,0.0,24.75,0,0.0,4,2850,0.0,44.66,44.66,-19.909999999999997,0.0,0
Proposed_ShieldedQoE,crowd_run,14,5,2,2,1200,2823.5,16.3,18.64,0.0,24.75,0.0,24.75,0,0.0,4,2850,0.0,44.66,44.66,-19.909999999999997,0.0,0
Proposed_ShieldedQoE,crowd_run,14,6,2,2,1200,2823.5,18.64,21.16,0.0,24.75,0.0,24.75,0,0.0,4,2850,0.0,44.66,44.66,-19.909999999999997,0.0,0
Proposed_ShieldedQoE,crowd_run,14,7,2,2,1200,2823.5,21.16,23.4,0.0,24.75,0.0,24.75,0,0.0,4,2850,0.0,44.66,44.66,-19.909999999999997,0.0,0
Proposed_ShieldedQoE,crowd_run,14,8,3,3,1850,2851.5,23.4,21.96,0.0,32.84,8.09,24.75,0,0.0,4,2850,0.0,44.66,44.66,-19.909999999999997,0.0,0
Proposed_ShieldedQoE,crowd_run,14,9,3,3,1850,2823.5,21.96,22.85,0.0,32.84,0.0,32.84,0,0.0,4,2850,0.289,44.66,43.42,-10.579999999999998,-0.289,0
Proposed_ShieldedQoE,crowd_run,14,10,3,3,1850,2823.5,22.85,23.23,0.0,32.84,0.0,32.84,0,0.0,4,2850,1.582,44.66,37.86,-5.019999999999996,-1.582,0
Proposed_ShieldedQoE,crowd_run,14,11,3,3,1850,2823.5,23.23,23.62,0.0,32.84,0.0,32.84,0,0.0,4,2850,1.557,44.66,37.96,-5.119999999999997,-1.557,0
Proposed_ShieldedQoE,crowd_run,14,12,3,3,1850,2851.5,23.62,23.01,0.0,32.84,0.0,32.84,0,0.0,4,2850,3.11,44.66,31.29,1.5500000000000043,-3.11,0
Proposed_ShieldedQoE,crowd_run,14,13,3,3,1850,2823.5,23.01,24.56,0.0,32.84,0.0,32.84,0,0.0,4,2850,0.0,44.66,44.66,-11.819999999999993,0.0,0
Proposed_ShieldedQoE,crowd_run,14,14,3,3,1850,2796.1,24.56,26.91,0.0,32.84,0.0,32.84,0,0.0,4,2850,0.0,44.66,44.66,-11.819999999999993,0.0,0
Proposed_ShieldedQoE,crowd_run,14,15,3,3,1850,2796.1,26.91,28.4,0.0,32.84,0.0,32.84,0,0.0,4,2850,0.0,44.66,44.66,-11.819999999999993,0.0,0
Proposed_ShieldedQoE,crowd_run,14,16,3,3,1850,2796.1,28.4,28.29,0.0,32.84,0.0,32.84,0,0.0,4,2850,0.516,44.66,42.44,-9.599999999999994,-0.516,0
Proposed_ShieldedQoE,crowd_run,14,17,3,3,1850,2823.5,28.29,30.0,0.0,32.84,0.0,32.84,0,0.0,4,2850,0.0,44.66,44.66,-11.819999999999993,0.0,0
Proposed_ShieldedQoE,crowd_run,14,18,3,3,1850,2823.5,30.0,30.0,0.0,32.84,0.0,32.84,0,0.0,4,2850,0.0,44.66,44.66,-11.819999999999993,0.0,0
Proposed_ShieldedQoE,crowd_run,14,19,3,3,1850,2823.5,30.0,30.0,0.0,32.84,0.0,32.84,0,0.0,4,2850,0.0,44.66,44.66,-11.819999999999993,0.0,0
Proposed_ShieldedQoE,crowd_run,14,20,3,3,1850,2823.5,30.0,30.0,0.0,32.84,0.0,32.84,0,0.0,4,2850,0.0,44.66,44.66,-11.819999999999993,0.0,0
Proposed_ShieldedQoE,crowd_run,14,21,3,3,1850,2796.1,30.0,30.0,0.0,32.84,0.0,32.84,0,0.0,4,2850,0.0,44.66,44.66,-11.819999999999993,0.0,0
Proposed_ShieldedQoE,crowd_run,14,22,3,3,1850,2796.1,30.0,30.0,0.0,32.84,0.0,32.84,0,0.0,4,2850,0.0,44.66,44.66,-11.819999999999993,0.0,0
Proposed_ShieldedQoE,crowd_run,14,23,3,3,1850,2796.1,30.0,30.0,0.0,32.84,0.0,32.84,0,0.0,4,2850,0.0,44.66,44.66,-11.819999999999993,0.0,0
Proposed_ShieldedQoE,crowd_run,14,24,3,3,1850,2823.5,30.0,30.0,0.0,32.84,0.0,32.84,0,0.0,4,2850,0.0,44.66,44.66,-11.819999999999993,0.0,0
Proposed_ShieldedQoE,crowd_run,14,25,3,3,1850,905.7,30.0,28.74,0.0,32.84,0.0,32.84,0,0.0,3,1850,0.0,32.84,21.02,11.820000000000004,0.0,1
Proposed_ShieldedQoE,crowd_run,14,26,3,3,1850,914.3,28.74,27.03,0.0,32.84,0.0,32.84,0,0.0,2,1200,0.0,24.75,16.66,16.180000000000003,0.0,0
Proposed_ShieldedQoE,crowd_run,14,27,2,2,1200,905.7,27.03,24.84,0.0,24.75,8.09,16.66,0,0.0,2,1200,0.0,24.75,24.75,-8.09,0.0,1
Proposed_ShieldedQoE,crowd_run,14,28,2,2,1200,905.7,24.84,19.01,0.0,24.75,0.0,24.75,0,0.0,2,1200,1.344,24.75,18.97,5.780000000000001,-1.344,1
Proposed_ShieldedQoE,crowd_run,14,29,2,2,1200,905.7,19.01,15.45,0.0,24.75,0.0,24.75,0,0.0,2,1200,3.553,24.75,9.47,15.28,-3.553,1
Proposed_ShieldedQoE,crowd_run,14,30,2,2,1200,905.7,15.45,13.92,0.0,24.75,0.0,24.75,0,0.0,2,1200,1.532,24.75,18.16,6.59,-1.532,1
Proposed_ShieldedQoE,crowd_run,14,31,2,2,1200,914.3,13.92,13.99,0.0,24.75,0.0,24.75,0,0.0,2,1200,0.0,24.75,24.75,0.0,0.0,1
Proposed_ShieldedQoE,crowd_run,14,32,1,1,750,905.7,13.99,12.05,0.0,15.45,9.3,6.15,0,0.0,2,1200,5.431,24.75,1.39,4.760000000000001,-5.431,0
Proposed_ShieldedQoE,crowd_run,14,33,1,1,750,914.3,12.05,12.22,0.0,15.45,0.0,15.45,0,0.0,2,1200,2.133,24.75,15.58,-0.13000000000000078,-2.133,0
Proposed_ShieldedQoE,crowd_run,14,34,1,1,750,905.7,12.22,13.65,0.0,15.45,0.0,15.45,0,0.0,2,1200,0.111,24.75,24.27,-8.82,-0.111,0
Proposed_ShieldedQoE,crowd_run,14,35,1,1,750,914.3,13.65,14.68,0.0,15.45,0.0,15.45,0,0.0,2,1200,0.747,24.75,21.54,-6.09,-0.747,0
Proposed_ShieldedQoE,crowd_run,14,36,1,1,750,905.7,14.68,14.54,0.0,15.45,0.0,15.45,0,0.0,2,1200,2.624,24.75,13.47,1.9799999999999986,-2.624,0
Proposed_ShieldedQoE,crowd_run,14,37,1,1,750,831.7,14.54,16.94,0.0,15.45,0.0,15.45,0,0.0,2,1200,0.0,24.75,24.75,-9.3,0.0,0
Proposed_ShieldedQoE,crowd_run,14,38,1,1,750,831.7,16.94,18.75,0.0,15.45,0.0,15.45,0,0.0,2,1200,0.0,24.75,24.75,-9.3,0.0,0
Proposed_ShieldedQoE,crowd_run,14,39,1,1,750,831.7,18.75,20.72,0.0,15.45,0.0,15.45,0,0.0,2,1200,0.0,24.75,24.75,-9.3,0.0,0
Proposed_ShieldedQoE,crowd_run,14,40,1,1,750,834.8,20.72,21.31,0.0,15.45,0.0,15.45,0,0.0,2,1200,0.0,24.75,24.75,-9.3,0.0,0
Proposed_ShieldedQoE,crowd_run,14,41,1,1,750,834.8,21.31,23.7,0.0,15.45,0.0,15.45,0,0.0,2,1200,0.0,24.75,24.75,-9.3,0.0,0
Proposed_ShieldedQoE,crowd_run,14,42,1,1,750,834.8,23.7,24.8,0.0,15.45,0.0,15.45,0,0.0,2,1200,0.0,24.75,24.75,-9.3,0.0,0
Proposed_ShieldedQoE,crowd_run,14,43,1,1,750,831.7,24.8,26.95,0.0,15.45,0.0,15.45,0,0.0,2,1200,0.0,24.75,24.75,-9.3,0.0,0
Proposed_ShieldedQoE,crowd_run,14,44,1,1,750,831.7,26.95,25.24,0.0,15.45,0.0,15.45,0,0.0,2,1200,2.084,24.75,15.79,-0.33999999999999986,-2.084,0
Proposed_ShieldedQoE,crowd_run,14,45,1,1,750,831.7,25.24,27.25,0.0,15.45,0.0,15.45,0,0.0,2,1200,0.0,24.75,24.75,-9.3,0.0,0
Proposed_ShieldedQoE,crowd_run,14,46,1,1,750,831.7,27.25,27.74,0.0,15.45,0.0,15.45,0,0.0,2,1200,0.801,24.75,21.31,-5.859999999999999,-0.801,0
Proposed_ShieldedQoE,crowd_run,14,47,1,1,750,831.7,27.74,27.25,0.0,15.45,0.0,15.45,0,0.0,2,1200,3.179,24.75,11.08,4.369999999999999,-3.179,0
Proposed_ShieldedQoE,crowd_run,15,0,0,0,300,985.5,2.54,5.07,0.0,4.03,0.0,4.03,0,0.0,1,750,1.132,15.45,10.58,-6.55,-1.132,0
Proposed_ShieldedQoE,crowd_run,15,1,4,4,2850,1147.8,5.07,8.03,0.0,44.66,40.63,4.03,0,0.0,1,750,0.0,15.45,15.45,-11.419999999999998,0.0,0
Proposed_ShieldedQoE,crowd_run,15,2,1,1,750,330.5,8.03,6.48,0.0,15.45,29.21,-13.76,0,0.0,1,750,0.0,15.45,15.45,-29.21,0.0,1
Proposed_ShieldedQoE,crowd_run,15,3,1,1,750,954.6,6.48,8.87,0.0,15.45,0.0,15.45,0,0.0,1,750,0.0,15.45,15.45,0.0,0.0,1
Proposed_ShieldedQoE,crowd_run,15,4,1,1,750,417.9,8.87,4.0,0.707,15.45,0.0,12.41,0,0.0,1,750,1.778,15.45,7.81,4.6000000000000005,-1.0710000000000002,1
Proposed_ShieldedQoE,crowd_run,15,5,0,0,300,1051.5,4.0,6.88,0.0,4.03,11.42,-7.39,0,0.0,1,750,0.0,15.45,15.45,-22.84,0.0,0
Proposed_ShieldedQoE,crowd_run,15,6,0,0,300,582.7,6.88,9.09,0.0,4.03,0.0,4.03,0,0.0,1,750,0.0,15.45,15.45,-11.419999999999998,0.0,0
Proposed_ShieldedQoE,crowd_run,15,7,0,0,300,1084.0,9.09,11.94,0.0,4.03,0.0,4.03,0,0.0,1,750,0.0,15.45,15.45,-11.419999999999998,0.0,0
Proposed_ShieldedQoE,crowd_run,15,8,0,0,300,1091.8,11.94,13.64,0.0,4.03,0.0,4.03,0,0.0,1,750,0.0,15.45,15.45,-11.419999999999998,0.0,0
Proposed_ShieldedQoE,crowd_run,15,9,4,4,2850,948.6,13.64,13.89,0.0,44.66,40.63,4.03,0,0.0,1,750,0.0,15.45,15.45,-11.419999999999998,0.0,0
Proposed_ShieldedQoE,crowd_run,15,10,1,1,750,778.8,13.89,12.57,0.0,15.45,29.21,-13.76,0,0.0,1,750,0.971,15.45,11.27,-25.03,-0.971,1
Proposed_ShieldedQoE,crowd_run,15,11,1,1,750,912.3,12.57,12.04,0.0,15.45,0.0,15.45,0,0.0,1,750,0.526,15.45,13.19,2.26,-0.526,1
Proposed_ShieldedQoE,crowd_run,15,12,1,1,750,868.3,12.04,9.9,0.0,15.45,0.0,15.45,0,0.0,1,750,2.145,15.45,6.23,9.219999999999999,-2.145,1
Proposed_ShieldedQoE,crowd_run,15,13,1,1,750,591.5,9.9,9.16,0.0,15.45,0.0,15.45,0,0.0,1,750,0.732,15.45,12.3,3.1499999999999986,-0.732,1
Proposed_ShieldedQoE,crowd_run,15,14,1,1,750,826.8,9.16,10.9,0.0,15.45,0.0,15.45,0,0.0,1,750,0.0,15.45,15.45,0.0,0.0,1
Proposed_ShieldedQoE,crowd_run,15,15,1,1,750,746.7,10.9,11.09,0.0,15.45,0.0,15.45,0,0.0,1,750,0.0,15.45,15.45,0.0,0.0,1
Proposed_ShieldedQoE,crowd_run,15,16,1,1,750,1083.7,11.09,10.78,0.0,15.45,0.0,15.45,0,0.0,1,750,0.0,15.45,15.45,0.0,0.0,1
Proposed_ShieldedQoE,crowd_run,15,17,1,1,750,314.5,10.78,8.55,0.0,15.45,0.0,15.45,0,0.0,1,750,0.619,15.45,12.79,2.66,-0.619,1
Proposed_ShieldedQoE,crowd_run,15,18,1,1,750,896.8,8.55,10.1,0.0,15.45,0.0,15.45,0,0.0,1,750,0.0,15.45,15.45,0.0,0.0,1
Proposed_ShieldedQoE,crowd_run,15,19,1,1,750,698.3,10.1,11.54,0.0,15.45,0.0,15.45,0,0.0,1,750,0.0,15.45,15.45,0.0,0.0,1
Proposed_ShieldedQoE,crowd_run,15,20,1,1,750,821.6,11.54,11.58,0.0,15.45,0.0,15.45,0,0.0,1,750,0.0,15.45,15.45,0.0,0.0,1
Proposed_ShieldedQoE,crowd_run,15,21,1,1,750,866.4,11.58,13.86,0.0,15.45,0.0,15.45,0,0.0,1,750,0.0,15.45,15.45,0.0,0.0,1
Proposed_ShieldedQoE,crowd_run,15,22,1,1,750,1244.4,13.86,16.89,0.0,15.45,0.0,15.45,0,0.0,1,750,0.0,15.45,15.45,0.0,0.0,1
Proposed_ShieldedQoE,crowd_run,15,23,1,1,750,525.3,16.89,16.4,0.0,15.45,0.0,15.45,0,0.0,1,750,0.0,15.45,15.45,0.0,0.0,1
Proposed_ShieldedQoE,crowd_run,15,24,1,1,750,404.9,16.4,11.02,0.0,15.45,0.0,15.45,0,0.0,1,750,0.0,15.45,15.45,0.0,0.0,1
Proposed_ShieldedQoE,crowd_run,15,25,1,1,750,814.0,11.02,12.65,0.0,15.45,0.0,15.45,0,0.0,1,750,0.0,15.45,15.45,0.0,0.0,1
Proposed_ShieldedQoE,crowd_run,15,26,1,1,750,719.0,12.65,13.71,0.0,15.45,0.0,15.45,0,0.0,1,750,0.0,15.45,15.45,0.0,0.0,1
Proposed_ShieldedQoE,crowd_run,15,27,1,1,750,932.1,13.71,13.95,0.0,15.45,0.0,15.45,0,0.0,1,750,0.0,15.45,15.45,0.0,0.0,1
Proposed_ShieldedQoE,crowd_run,15,28,1,1,750,934.7,13.95,11.99,0.0,15.45,0.0,15.45,0,0.0,1,750,0.0,15.45,15.45,0.0,0.0,1
Proposed_ShieldedQoE,crowd_run,15,29,1,1,750,887.2,11.99,11.17,0.0,15.45,0.0,15.45,0,0.0,1,750,0.0,15.45,15.45,0.0,0.0,1
Proposed_ShieldedQoE,crowd_run,15,30,1,1,750,693.7,11.17,10.66,0.0,15.45,0.0,15.45,0,0.0,1,750,0.0,15.45,15.45,0.0,0.0,1
Proposed_ShieldedQoE,crowd_run,15,31,1,1,750,752.9,10.66,11.68,0.0,15.45,0.0,15.45,0,0.0,1,750,0.0,15.45,15.45,0.0,0.0,1
Proposed_ShieldedQoE,crowd_run,15,32,1,1,750,320.6,11.68,4.0,5.1,15.45,0.0,-6.48,0,0.0,0,300,0.0,4.03,-7.39,0.9099999999999993,5.1,0
Proposed_ShieldedQoE,crowd_run,15,33,0,0,300,577.7,4.0,5.57,0.0,4.03,11.42,-7.39,0,0.0,0,300,0.0,4.03,4.03,-11.42,0.0,1
Proposed_ShieldedQoE,crowd_run,15,34,0,0,300,952.6,5.57,8.6,0.0,4.03,0.0,4.03,0,0.0,2,1200,0.0,24.75,4.03,0.0,0.0,0
Proposed_ShieldedQoE,crowd_run,15,35,0,0,300,730.6,8.6,11.11,0.0,4.03,0.0,4.03,0,0.0,2,1200,0.0,24.75,24.75,-20.72,0.0,0
Proposed_ShieldedQoE,crowd_run,15,36,0,0,300,1298.9,11.11,13.96,0.0,4.03,0.0,4.03,0,0.0,2,1200,0.474,24.75,22.71,-18.68,-0.474,0
Proposed_ShieldedQoE,crowd_run,15,37,4,4,2850,1115.9,13.96,16.76,0.0,44.66,40.63,4.03,0,0.0,2,1200,0.0,24.75,24.75,-20.72,0.0,0
Proposed_ShieldedQoE,crowd_run,15,38,1,1,750,385.1,16.76,16.04,0.0,15.45,29.21,-13.76,0,0.0,2,1200,1.468,24.75,18.44,-32.2,-1.468,0
Proposed_ShieldedQoE,crowd_run,15,39,1,1,750,838.5,16.04,18.03,0.0,15.45,0.0,15.45,0,0.0,2,1200,0.0,24.75,24.75,-9.3,0.0,0
Proposed_ShieldedQoE,crowd_run,15,40,1,1,750,804.9,18.03,18.49,0.0,15.45,0.0,15.45,0,0.0,2,1200,0.879,24.75,20.97,-5.52,-0.879,0
Proposed_ShieldedQoE,crowd_run,15,41,1,1,750,942.1,18.49,21.06,0.0,15.45,0.0,15.45,0,0.0,2,1200,0.0,24.75,24.75,-9.3,0.0,0
Proposed_ShieldedQoE,crowd_run,15,42,1,1,750,999.5,21.06,22.63,0.0,15.45,0.0,15.45,0,0.0,2,1200,0.0,24.75,24.75,-9.3,0.0,0
Proposed_ShieldedQoE,crowd_run,15,43,1,1,750,1003.0,22.63,25.1,0.0,15.45,0.0,15.45,0,0.0,2,1200,0.0,24.75,24.75,-9.3,0.0,0
Proposed_ShieldedQoE,crowd_run,15,44,1,1,750,835.4,25.1,23.42,0.0,15.45,0.0,15.45,0,0.0,2,1200,1.711,24.75,17.39,-1.9400000000000013,-1.711,0
Proposed_ShieldedQoE,crowd_run,15,45,1,1,750,797.9,23.42,25.35,0.0,15.45,0.0,15.45,0,0.0,2,1200,0.0,24.75,24.75,-9.3,0.0,0
Proposed_ShieldedQoE,crowd_run,15,46,1,1,750,967.8,25.35,26.33,0.0,15.45,0.0,15.45,0,0.0,2,1200,0.145,24.75,24.13,-8.68,-0.145,0
Proposed_ShieldedQoE,crowd_run,15,47,1,1,750,875.4,26.33,26.07,0.0,15.45,0.0,15.45,0,0.0,2,1200,2.82,24.75,12.62,2.83,-2.82,0
Proposed_ShieldedQoE,crowd_run,16,0,0,0,300,1588.8,1.58,4.67,0.0,4.03,0.0,4.03,0,0.0,2,1200,2.067,24.75,15.86,-11.829999999999998,-2.067,0
Proposed_ShieldedQoE,crowd_run,16,1,4,4,2850,2396.5,4.67,8.17,0.0,44.66,40.63,4.03,0,0.0,4,2850,0.0,44.66,24.75,-20.72,0.0,1
Proposed_ShieldedQoE,crowd_run,16,2,1,1,750,2817.4,8.17,11.51,0.0,15.45,29.21,-13.76,0,0.0,4,2850,0.0,44.66,44.66,-58.419999999999995,0.0,0
Proposed_ShieldedQoE,crowd_run,16,3,4,4,2850,2232.1,11.51,14.41,0.0,44.66,29.21,15.45,0,0.0,4,2850,0.0,44.66,44.66,-29.209999999999997,0.0,1
Proposed_ShieldedQoE,crowd_run,16,4,2,2,1200,2109.8,14.41,15.38,0.0,24.75,19.91,4.84,0,0.0,4,2850,0.0,44.66,44.66,-39.81999999999999,0.0,0
Proposed_ShieldedQoE,crowd_run,16,5,2,2,1200,1933.6,15.38,16.95,0.0,24.75,0.0,24.75,0,0.0,4,2850,0.0,44.66,44.66,-19.909999999999997,0.0,0
Proposed_ShieldedQoE,crowd_run,16,6,2,2,1200,1790.0,16.95,18.62,0.0,24.75,0.0,24.75,0,0.0,4,2850,1.512,44.66,38.16,-13.409999999999997,-1.512,0
Proposed_ShieldedQoE,crowd_run,16,7,2,2,1200,997.4,18.62,17.64,0.0,24.75,0.0,24.75,0,0.0,2,1200,0.979,24.75,0.63,24.12,-0.979,1
Proposed_ShieldedQoE,crowd_run,16,8,2,2,1200,538.4,17.64,4.0,1.051,24.75,0.0,20.23,0,0.0,1,750,7.679,15.45,-26.87,47.1,-6.628,0
Proposed_ShieldedQoE,crowd_run,16,9,0,0,300,1140.1,4.0,4.88,0.0,4.03,20.72,-16.69,0,0.0,1,750,0.0,15.45,15.45,-32.14,0.0,0
Proposed_ShieldedQoE,crowd_run,16,10,1,1,750,1534.2,4.88,6.18,0.0,15.45,11.42,4.03,0,0.0,1,750,0.0,15.45,15.45,-11.419999999999998,0.0,1
Proposed_ShieldedQoE,crowd_run,16,11,1,1,750,809.2,6.18,5.08,0.0,15.45,0.0,15.45,0,0.0,1,750,0.0,15.45,15.45,0.0,0.0,1
Proposed_ShieldedQoE,crowd_run,16,12,1,1,750,2286.2,5.08,6.74,0.0,15.45,0.0,15.45,0,0.0,2,1200,0.0,24.75,15.45,0.0,0.0,0
Proposed_ShieldedQoE,crowd_run,16,13,1,1,750,2340.5,6.74,9.55,0.0,15.45,0.0,15.45,0,0.0,4,2850,0.0,44.66,24.75,-9.3,0.0,0
Proposed_ShieldedQoE,crowd_run,16,14,1,1,750,2150.2,9.55,12.68,0.0,15.45,0.0,15.45,0,0.0,4,2850,0.0,44.66,44.66,-29.209999999999997,0.0,0
Proposed_ShieldedQoE,crowd_run,16,15,2,2,1200,2880.9,12.68,15.09,0.0,24.75,9.3,15.45,0,0.0,4,2850,0.0,44.66,44.66,-29.209999999999997,0.0,0
Proposed_ShieldedQoE,crowd_run,16,16,2,2,1200,3263.2,15.09,16.81,0.0,24.75,0.0,24.75,0,0.0,4,2850,0.0,44.66,44.66,-19.909999999999997,0.0,0
Proposed_ShieldedQoE,crowd_run,16,17,2,2,1200,2319.0,16.81,19.45,0.0,24.75,0.0,24.75,0,0.0,4,2850,0.0,44.66,44.66,-19.909999999999997,0.0,0
Proposed_ShieldedQoE,crowd_run,16,18,2,2,1200,3030.0,19.45,22.29,0.0,24.75,0.0,24.75,0,0.0,4,2850,0.0,44.66,44.66,-19.909999999999997,0.0,0
Proposed_ShieldedQoE,crowd_run,16,19,2,2,1200,2272.5,22.29,25.04,0.0,24.75,0.0,24.75,0,0.0,4,2850,0.0,44.66,44.66,-19.909999999999997,0.0,0
Proposed_ShieldedQoE,crowd_run,16,20,2,2,1200,2884.3,25.04,27.23,0.0,24.75,0.0,24.75,0,0.0,4,2850,0.0,44.66,44.66,-19.909999999999997,0.0,0
Proposed_ShieldedQoE,crowd_run,16,21,2,2,1200,1975.7,27.23,30.0,0.0,24.75,0.0,24.75,0,0.0,4,2850,0.0,44.66,44.66,-19.909999999999997,0.0,0
Proposed_ShieldedQoE,crowd_run,16,22,2,2,1200,2434.5,30.0,30.0,0.0,24.75,0.0,24.75,0,0.0,4,2850,0.0,44.66,44.66,-19.909999999999997,0.0,0
Proposed_ShieldedQoE,crowd_run,16,23,3,3,1850,1995.2,30.0,30.0,0.0,32.84,8.09,24.75,0,0.0,4,2850,0.0,44.66,44.66,-19.909999999999997,0.0,0
Proposed_ShieldedQoE,crowd_run,16,24,3,3,1850,1771.2,30.0,28.71,0.0,32.84,0.0,32.84,0,0.0,4,2850,0.0,44.66,44.66,-11.819999999999993,0.0,0
Proposed_ShieldedQoE,crowd_run,16,25,3,3,1850,2435.6,28.71,30.0,0.0,32.84,0.0,32.84,0,0.0,4,2850,0.0,44.66,44.66,-11.819999999999993,0.0,0
Proposed_ShieldedQoE,crowd_run,16,26,3,3,1850,2196.4,30.0,30.0,0.0,32.84,0.0,32.84,0,0.0,4,2850,0.0,44.66,44.66,-11.819999999999993,0.0,0
Proposed_ShieldedQoE,crowd_run,16,27,3,3,1850,1726.4,30.0,28.99,0.0,32.84,0.0,32.84,0,0.0,4,2850,0.711,44.66,41.6,-8.759999999999998,-0.711,0
Proposed_ShieldedQoE,crowd_run,16,28,3,3,1850,5195.1,28.99,30.0,0.0,32.84,0.0,32.84,0,0.0,4,2850,0.071,44.66,44.35,-11.509999999999998,-0.071,0
Proposed_ShieldedQoE,crowd_run,16,29,3,3,1850,1283.4,30.0,25.78,0.0,32.84,0.0,32.84,0,0.0,4,2850,8.659,44.66,7.43,25.410000000000004,-8.659,0
Proposed_ShieldedQoE,crowd_run,16,30,3,3,1850,2759.4,25.78,26.98,0.0,32.84,0.0,32.84,0,0.0,4,2850,0.312,44.66,43.32,-10.479999999999997,-0.312,0
Proposed_ShieldedQoE,crowd_run,16,31,3,3,1850,1776.0,26.98,27.86,0.0,32.84,0.0,32.84,0,0.0,4,2850,0.805,44.66,41.2,-8.36,-0.805,0
Proposed_ShieldedQoE,crowd_run,16,32,3,3,1850,2307.6,27.86,26.12,0.0,32.84,0.0,32.84,0,0.0,4,2850,4.856,44.66,23.78,9.060000000000002,-4.856,0
Proposed_ShieldedQoE,crowd_run,16,33,3,3,1850,2359.7,26.12,26.45,0.0,32.84,0.0,32.84,0,0.0,4,2850,1.644,44.66,37.59,-4.75,-1.644,0
Proposed_ShieldedQoE,crowd_run,16,34,3,3,1850,2255.6,26.45,27.91,0.0,32.84,0.0,32.84,0,0.0,4,2850,0.0,44.66,44.66,-11.819999999999993,0.0,0
Proposed_ShieldedQoE,crowd_run,16,35,3,3,1850,1751.4,27.91,28.09,0.0,32.84,0.0,32.84,0,0.0,4,2850,1.806,44.66,36.89,-4.049999999999997,-1.806,0
Proposed_ShieldedQoE,crowd_run,16,36,3,3,1850,1518.3,28.09,26.0,0.0,32.84,0.0,32.84,0,0.0,4,2850,5.384,44.66,21.51,11.330000000000002,-5.384,0
Proposed_ShieldedQoE,crowd_run,16,37,3,3,1850,3087.2,26.0,28.93,0.0,32.84,0.0,32.84,0,0.0,5,6000,0.0,62.0,44.66,-11.819999999999993,0.0,0
Proposed_ShieldedQoE,crowd_run,16,38,3,3,1850,3044.6,28.93,30.0,0.0,32.84,0.0,32.84,0,0.0,5,6000,0.236,62.0,60.98,-28.139999999999993,-0.236,0
Proposed_ShieldedQoE,crowd_run,16,39,3,3,1850,2653.9,30.0,30.0,0.0,32.84,0.0,32.84,0,0.0,5,6000,1.086,62.0,57.33,-24.489999999999995,-1.086,0
Proposed_ShieldedQoE,crowd_run,16,40,3,3,1850,2494.6,30.0,30.0,0.0,32.84,0.0,32.84,0,0.0,5,6000,5.13,62.0,39.94,-7.099999999999994,-5.13,0
Proposed_ShieldedQoE,crowd_run,16,41,3,3,1850,2562.5,30.0,30.0,0.0,32.84,0.0,32.84,0,0.0,5,6000,0.203,62.0,61.13,-28.29,-0.203,0
Proposed_ShieldedQoE,crowd_run,16,42,3,3,1850,3119.3,30.0,30.0,0.0,32.84,0.0,32.84,0,0.0,5,6000,2.22,62.0,52.46,-19.619999999999997,-2.22,0
Proposed_ShieldedQoE,crowd_run,16,43,3,3,1850,2993.5,30.0,30.0,0.0,32.84,0.0,32.84,0,0.0,5,6000,0.1,62.0,61.57,-28.729999999999997,-0.1,0
Proposed_ShieldedQoE,crowd_run,16,44,3,3,1850,2526.3,30.0,29.36,0.0,32.84,0.0,32.84,0,0.0,4,2850,3.143,44.66,13.81,19.03,-3.143,0
Proposed_ShieldedQoE,crowd_run,16,45,3,3,1850,1053.2,29.36,29.49,0.0,32.84,0.0,32.84,0,0.0,4,2850,1.964,44.66,36.21,-3.3699999999999974,-1.964,0
Proposed_ShieldedQoE,crowd_run,16,46,3,3,1850,1996.8,29.49,29.88,0.0,32.84,0.0,32.84,0,0.0,4,2850,1.56,44.66,37.95,-5.109999999999999,-1.56,0
Proposed_ShieldedQoE,crowd_run,16,47,3,3,1850,1623.2,29.88,28.21,0.0,32.84,0.0,32.84,0,0.0,4,2850,4.736,44.66,24.3,8.540000000000003,-4.736,0
Proposed_ShieldedQoE,crowd_run,17,0,0,0,300,956.3,0.9,4.0,0.611,4.03,0.0,1.4,0,0.0,1,750,2.881,15.45,3.06,-1.6600000000000001,-2.2699999999999996,0
Proposed_ShieldedQoE,crowd_run,17,1,4,4,2850,1160.2,4.0,6.97,0.0,44.66,40.63,4.03,0,0.0,1,750,0.0,15.45,15.45,-11.419999999999998,0.0,0
Proposed_ShieldedQoE,crowd_run,17,2,1,1,750,1012.1,6.97,9.15,0.0,15.45,29.21,-13.76,0,0.0,1,750,0.0,15.45,15.45,-29.21,0.0,1
Proposed_ShieldedQoE,crowd_run,17,3,1,1,750,1129.0,9.15,11.79,0.0,15.45,0.0,15.45,0,0.0,1,750,0.0,15.45,15.45,0.0,0.0,1
Proposed_ShieldedQoE,crowd_run,17,4,1,1,750,847.8,11.79,11.07,0.0,15.45,0.0,15.45,0,0.0,1,750,0.0,15.45,15.45,0.0,0.0,1
Proposed_ShieldedQoE,crowd_run,17,5,1,1,750,792.3,11.07,11.37,0.0,15.45,0.0,15.45,0,0.0,1,750,0.0,15.45,15.45,0.0,0.0,1
Proposed_ShieldedQoE,crowd_run,17,6,1,1,750,471.8,11.37,9.83,0.0,15.45,0.0,15.45,0,0.0,1,750,0.0,15.45,15.45,0.0,0.0,1
Proposed_ShieldedQoE,crowd_run,17,7,1,1,750,893.2,9.83,10.36,0.0,15.45,0.0,15.45,0,0.0,1,750,0.0,15.45,15.45,0.0,0.0,1
Proposed_ShieldedQoE,crowd_run,17,8,1,1,750,1029.0,10.36,8.25,0.0,15.45,0.0,15.45,0,0.0,1,750,0.0,15.45,15.45,0.0,0.0,1
Proposed_ShieldedQoE,crowd_run,17,9,1,1,750,528.2,8.25,5.52,0.0,15.45,0.0,15.45,0,0.0,0,300,0.0,4.03,-7.39,22.84,0.0,0
Proposed_ShieldedQoE,crowd_run,17,10,0,0,300,754.5,5.52,7.32,0.0,4.03,11.42,-7.39,0,0.0,0,300,0.0,4.03,4.03,-11.42,0.0,1
Proposed_ShieldedQoE,crowd_run,17,11,0,0,300,815.3,7.32,9.29,0.0,4.03,0.0,4.03,0,0.0,0,300,0.0,4.03,4.03,0.0,0.0,1
Proposed_ShieldedQoE,crowd_run,17,12,0,0,300,721.2,9.29,10.33,0.0,4.03,0.0,4.03,0,0.0,0,300,0.0,4.03,4.03,0.0,0.0,1
Proposed_ShieldedQoE,crowd_run,17,13,0,0,300,534.2,10.33,12.24,0.0,4.03,0.0,4.03,0,0.0,0,300,0.0,4.03,4.03,0.0,0.0,1
Proposed_ShieldedQoE,crowd_run,17,14,0,0,300,587.3,12.24,14.96,0.0,4.03,0.0,4.03,0,0.0,0,300,0.0,4.03,4.03,0.0,0.0,1
Proposed_ShieldedQoE,crowd_run,17,15,0,0,300,713.5,14.96,17.36,0.0,4.03,0.0,4.03,0,0.0,0,300,0.0,4.03,4.03,0.0,0.0,1
Proposed_ShieldedQoE,crowd_run,17,16,0,0,300,503.6,17.36,17.66,0.0,4.03,0.0,4.03,0,0.0,0,300,0.0,4.03,4.03,0.0,0.0,1
Proposed_ShieldedQoE,crowd_run,17,17,0,0,300,282.3,17.66,18.88,0.0,4.03,0.0,4.03,0,0.0,0,300,0.0,4.03,4.03,0.0,0.0,1
Proposed_ShieldedQoE,crowd_run,17,18,0,0,300,343.5,18.88,20.32,0.0,4.03,0.0,4.03,0,0.0,0,300,0.0,4.03,4.03,0.0,0.0,1
Proposed_ShieldedQoE,crowd_run,17,19,0,0,300,533.8,20.32,22.99,0.0,4.03,0.0,4.03,0,0.0,1,750,0.0,15.45,4.03,0.0,0.0,0
Proposed_ShieldedQoE,crowd_run,17,20,0,0,300,775.6,22.99,25.31,0.0,4.03,0.0,4.03,0,0.0,1,750,0.0,15.45,15.45,-11.419999999999998,0.0,0
Proposed_ShieldedQoE,crowd_run,17,21,4,4,2850,576.4,25.31,26.72,0.0,44.66,40.63,4.03,0,0.0,1,750,0.0,15.45,15.45,-11.419999999999998,0.0,0
Proposed_ShieldedQoE,crowd_run,17,22,1,1,750,502.9,26.72,28.33,0.0,15.45,29.21,-13.76,0,0.0,1,750,0.0,15.45,15.45,-29.21,0.0,1
Proposed_ShieldedQoE,crowd_run,17,23,1,1,750,487.7,28.33,27.5,0.0,15.45,0.0,15.45,0,0.0,1,750,0.0,15.45,15.45,0.0,0.0,1
Proposed_ShieldedQoE,crowd_run,17,24,1,1,750,400.4,27.5,22.01,0.0,15.45,0.0,15.45,0,0.0,1,750,0.0,15.45,15.45,0.0,0.0,1
Proposed_ShieldedQoE,crowd_run,17,25,1,1,750,446.7,22.01,21.69,0.0,15.45,0.0,15.45,0,0.0,1,750,0.0,15.45,15.45,0.0,0.0,1
Proposed_ShieldedQoE,crowd_run,17,26,1,1,750,1006.1,21.69,23.59,0.0,15.45,0.0,15.45,0,0.0,1,750,0.0,15.45,15.45,0.0,0.0,1
Proposed_ShieldedQoE,crowd_run,17,27,1,1,750,845.8,23.59,23.44,0.0,15.45,0.0,15.45,0,0.0,1,750,0.0,15.45,15.45,0.0,0.0,1
Proposed_ShieldedQoE,crowd_run,17,28,1,1,750,633.0,23.44,18.65,0.0,15.45,0.0,15.45,0,0.0,1,750,0.0,15.45,15.45,0.0,0.0,1
Proposed_ShieldedQoE,crowd_run,17,29,1,1,750,1261.3,18.65,19.26,0.0,15.45,0.0,15.45,0,0.0,1,750,0.0,15.45,15.45,0.0,0.0,1
Proposed_ShieldedQoE,crowd_run,17,30,1,1,750,1113.3,19.26,20.45,0.0,15.45,0.0,15.45,0,0.0,1,750,0.0,15.45,15.45,0.0,0.0,1
Proposed_ShieldedQoE,crowd_run,17,31,1,1,750,596.7,20.45,20.68,0.0,15.45,0.0,15.45,0,0.0,1,750,0.0,15.45,15.45,0.0,0.0,1
Proposed_ShieldedQoE,crowd_run,17,32,1,1,750,627.1,20.68,16.11,0.0,15.45,0.0,15.45,0,0.0,1,750,0.0,15.45,15.45,0.0,0.0,1
Proposed_ShieldedQoE,crowd_run,17,33,1,1,750,882.9,16.11,16.14,0.0,15.45,0.0,15.45,0,0.0,1,750,0.0,15.45,15.45,0.0,0.0,1
Proposed_ShieldedQoE,crowd_run,17,34,1,1,750,1234.7,16.14,18.25,0.0,15.45,0.0,15.45,0,0.0,2,1200,0.0,24.75,15.45,0.0,0.0,0
Proposed_ShieldedQoE,crowd_run,17,35,1,1,750,1061.1,18.25,19.7,0.0,15.45,0.0,15.45,0,0.0,2,1200,0.0,24.75,24.75,-9.3,0.0,0
Proposed_ShieldedQoE,crowd_run,17,36,1,1,750,972.2,19.7,19.84,0.0,15.45,0.0,15.45,0,0.0,2,1200,0.0,24.75,24.75,-9.3,0.0,0
Proposed_ShieldedQoE,crowd_run,17,37,1,1,750,682.0,19.84,21.88,0.0,15.45,0.0,15.45,0,0.0,2,1200,0.0,24.75,24.75,-9.3,0.0,0
Proposed_ShieldedQoE,crowd_run,17,38,1,1,750,609.2,21.88,22.9,0.0,15.45,0.0,15.45,0,0.0,2,1200,0.0,24.75,24.75,-9.3,0.0,0
Proposed_ShieldedQoE,crowd_run,17,39,1,1,750,468.4,22.9,23.3,0.0,15.45,0.0,15.45,0,0.0,2,1200,0.0,24.75,24.75,-9.3,0.0,0
Proposed_ShieldedQoE,crowd_run,17,40,1,1,750,1047.2,23.3,24.58,0.0,15.45,0.0,15.45,0,0.0,2,1200,0.0,24.75,24.75,-9.3,0.0,0
Proposed_ShieldedQoE,crowd_run,17,41,1,1,750,819.8,24.58,26.94,0.0,15.45,0.0,15.45,0,0.0,2,1200,0.0,24.75,24.75,-9.3,0.0,0
Proposed_ShieldedQoE,crowd_run,17,42,1,1,750,534.5,26.94,26.4,0.0,15.45,0.0,15.45,0,0.0,2,1200,0.0,24.75,24.75,-9.3,0.0,0
Proposed_ShieldedQoE,crowd_run,17,43,1,1,750,669.7,26.4,28.11,0.0,15.45,0.0,15.45,0,0.0,2,1200,0.0,24.75,24.75,-9.3,0.0,0
Proposed_ShieldedQoE,crowd_run,17,44,1,1,750,762.5,28.11,25.88,0.0,15.45,0.0,15.45,0,0.0,2,1200,0.0,24.75,24.75,-9.3,0.0,0
Proposed_ShieldedQoE,crowd_run,17,45,1,1,750,468.7,25.88,26.35,0.0,15.45,0.0,15.45,0,0.0,2,1200,0.803,24.75,21.3,-5.850000000000001,-0.803,0
Proposed_ShieldedQoE,crowd_run,17,46,1,1,750,706.1,26.35,26.22,0.0,15.45,0.0,15.45,0,0.0,2,1200,2.621,24.75,13.48,1.9699999999999989,-2.621,0
Proposed_ShieldedQoE,crowd_run,17,47,1,1,750,703.9,26.22,24.91,0.0,15.45,0.0,15.45,0,0.0,2,1200,4.482,24.75,5.48,9.969999999999999,-4.482,0
Proposed_ShieldedQoE,crowd_run,18,0,0,0,300,527.2,2.29,4.0,0.451,4.03,0.0,2.09,0,0.0,0,300,0.451,4.03,2.09,0.0,0.0,1
Proposed_ShieldedQoE,crowd_run,18,1,0,0,300,320.0,4.0,6.5,0.0,4.03,0.0,4.03,0,0.0,0,300,0.0,4.03,4.03,0.0,0.0,1
Proposed_ShieldedQoE,crowd_run,18,2,0,0,300,387.0,6.5,8.6,0.0,4.03,0.0,4.03,0,0.0,0,300,0.0,4.03,4.03,0.0,0.0,1
Proposed_ShieldedQoE,crowd_run,18,3,0,0,300,654.2,8.6,11.67,0.0,4.03,0.0,4.03,0,0.0,0,300,0.0,4.03,4.03,0.0,0.0,1
Proposed_ShieldedQoE,crowd_run,18,4,0,0,300,807.2,11.67,13.68,0.0,4.03,0.0,4.03,0,0.0,0,300,0.0,4.03,4.03,0.0,0.0,1
Proposed_ShieldedQoE,crowd_run,18,5,4,3,1850,402.8,13.68,10.4,0.0,32.84,28.81,4.03,1,0.16666666666666666,0,300,0.0,4.03,4.03,0.0,0.0,0
Proposed_ShieldedQoE,crowd_run,18,6,1,1,750,467.3,10.4,8.81,0.0,15.45,17.39,-1.94,0,0.14285714285714285,0,300,0.0,4.03,4.03,-5.970000000000001,0.0,0
Proposed_ShieldedQoE,crowd_run,18,7,1,1,750,449.3,8.81,5.9,0.0,15.45,0.0,15.45,0,0.125,0,300,0.0,4.03,4.03,11.419999999999998,0.0,0
Proposed_ShieldedQoE,crowd_run,18,8,0,0,300,426.7,5.9,4.01,0.0,4.03,11.42,-7.39,0,0.1111111111111111,0,300,0.0,4.03,4.03,-11.42,0.0,1
Proposed_ShieldedQoE,crowd_run,18,9,0,0,300,606.4,4.01,5.66,0.0,4.03,0.0,4.03,0,0.1,0,300,0.0,4.03,4.03,0.0,0.0,1
Proposed_ShieldedQoE,crowd_run,18,10,0,0,300,819.0,5.66,7.63,0.0,4.03,0.0,4.03,0,0.09090909090909091,0,300,0.0,4.03,4.03,0.0,0.0,1
Proposed_ShieldedQoE,crowd_run,18,11,0,0,300,356.1,7.63,7.0,0.0,4.03,0.0,4.03,0,0.08333333333333333,0,300,0.0,4.03,4.03,0.0,0.0,1
Proposed_ShieldedQoE,crowd_run,18,12,0,0,300,535.5,7.0,7.01,0.0,4.03,0.0,4.03,0,0.07692307692307693,0,300,0.0,4.03,4.03,0.0,0.0,1
Proposed_ShieldedQoE,crowd_run,18,13,0,0,300,504.7,7.01,8.79,0.0,4.03,0.0,4.03,0,0.07142857142857142,0,300,0.0,4.03,4.03,0.0,0.0,1
Proposed_ShieldedQoE,crowd_run,18,14,0,0,300,796.2,8.79,11.85,0.0,4.03,0.0,4.03,0,0.06666666666666667,1,750,0.0,15.45,4.03,0.0,0.0,0
Proposed_ShieldedQoE,crowd_run,18,15,0,0,300,825.8,11.85,14.47,0.0,4.03,0.0,4.03,0,0.0625,1,750,0.0,15.45,15.45,-11.419999999999998,0.0,0
Proposed_ShieldedQoE,crowd_run,18,16,0,0,300,704.8,14.47,15.83,0.0,4.03,0.0,4.03,0,0.058823529411764705,1,750,0.0,15.45,15.45,-11.419999999999998,0.0,0
Proposed_ShieldedQoE,crowd_run,18,17,4,4,2850,580.0,15.83,16.44,0.0,44.66,40.63,4.03,0,0.05555555555555555,1,750,0.0,15.45,15.45,-11.419999999999998,0.0,0
Proposed_ShieldedQoE,crowd_run,18,18,1,1,750,539.7,16.44,16.37,0.0,15.45,29.21,-13.76,0,0.05263157894736842,1,750,0.0,15.45,15.45,-29.21,0.0,1
Proposed_ShieldedQoE,crowd_run,18,19,1,1,750,486.4,16.37,16.71,0.0,15.45,0.0,15.45,0,0.05,2,1200,0.0,24.75,15.45,0.0,0.0,0
Proposed_ShieldedQoE,crowd_run,18,20,1,1,750,735.2,16.71,16.28,0.0,15.45,0.0,15.45,0,0.047619047619047616,2,1200,0.0,24.75,24.75,-9.3,0.0,0
Proposed_ShieldedQoE,crowd_run,18,21,1,1,750,666.1,16.28,18.04,0.0,15.45,0.0,15.45,0,0.045454545454545456,2,1200,0.0,24.75,24.75,-9.3,0.0,0
Proposed_ShieldedQoE,crowd_run,18,22,1,1,750,786.5,18.04,20.51,0.0,15.45,0.0,15.45,0,0.043478260869565216,2,1200,0.0,24.75,24.75,-9.3,0.0,0
Proposed_ShieldedQoE,crowd_run,18,23,1,1,750,694.6,20.51,21.12,0.0,15.45,0.0,15.45,0,0.041666666666666664,2,1200,0.0,24.75,24.75,-9.3,0.0,0
Proposed_ShieldedQoE,crowd_run,18,24,1,1,750,531.7,21.12,17.97,0.0,15.45,0.0,15.45,0,0.04,1,750,0.0,15.45,6.15,9.299999999999999,0.0,1
Proposed_ShieldedQoE,crowd_run,18,25,1,1,750,492.5,17.97,18.05,0.0,15.45,0.0,15.45,0,0.038461538461538464,1,750,0.0,15.45,15.45,0.0,0.0,1
Proposed_ShieldedQoE,crowd_run,18,26,1,1,750,719.3,18.05,19.11,0.0,15.45,0.0,15.45,0,0.037037037037037035,1,750,0.0,15.45,15.45,0.0,0.0,1
Proposed_ShieldedQoE,crowd_run,18,27,1,1,750,686.2,19.11,18.0,0.0,15.45,0.0,15.45,0,0.03571428571428571,1,750,0.0,15.45,15.45,0.0,0.0,1
Proposed_ShieldedQoE,crowd_run,18,28,1,1,750,807.2,18.0,15.11,0.0,15.45,0.0,15.45,0,0.034482758620689655,1,750,0.0,15.45,15.45,0.0,0.0,1
Proposed_ShieldedQoE,crowd_run,18,29,1,1,750,793.6,15.11,13.72,0.0,15.45,0.0,15.45,0,0.03333333333333333,1,750,0.0,15.45,15.45,0.0,0.0,1
Proposed_ShieldedQoE,crowd_run,18,30,1,1,750,749.4,13.72,13.54,0.0,15.45,0.0,15.45,0,0.03225806451612903,1,750,0.0,15.45,15.45,0.0,0.0,1
Proposed_ShieldedQoE,crowd_run,18,31,1,1,750,990.9,13.54,15.27,0.0,15.45,0.0,15.45,0,0.03125,1,750,0.0,15.45,15.45,0.0,0.0,1
Proposed_ShieldedQoE,crowd_run,18,32,1,1,750,964.2,15.27,13.7,0.0,15.45,0.0,15.45,0,0.030303030303030304,1,750,0.0,15.45,15.45,0.0,0.0,1
Proposed_ShieldedQoE,crowd_run,18,33,1,1,750,572.6,13.7,11.58,0.0,15.45,0.0,15.45,0,0.029411764705882353,1,750,0.0,15.45,15.45,0.0,0.0,1
Proposed_ShieldedQoE,crowd_run,18,34,1,1,750,725.9,11.58,12.37,0.0,15.45,0.0,15.45,0,0.02857142857142857,1,750,0.0,15.45,15.45,0.0,0.0,1
Proposed_ShieldedQoE,crowd_run,18,35,1,1,750,537.0,12.37,11.32,0.0,15.45,0.0,15.45,0,0.027777777777777776,1,750,0.0,15.45,15.45,0.0,0.0,1
Proposed_ShieldedQoE,crowd_run,18,36,1,1,750,810.3,11.32,10.69,0.0,15.45,0.0,15.45,0,0.02702702702702703,1,750,0.0,15.45,15.45,0.0,0.0,1
Proposed_ShieldedQoE,crowd_run,18,37,1,1,750,759.9,10.69,12.94,0.0,15.45,0.0,15.45,0,0.02631578947368421,1,750,0.0,15.45,15.45,0.0,0.0,1
Proposed_ShieldedQoE,crowd_run,18,38,1,1,750,363.9,12.94,11.94,0.0,15.45,0.0,15.45,0,0.02564102564102564,1,750,0.0,15.45,15.45,0.0,0.0,1
Proposed_ShieldedQoE,crowd_run,18,39,1,1,750,361.5,11.94,11.27,0.0,15.45,0.0,15.45,0,0.025,1,750,0.0,15.45,15.45,0.0,0.0,1
Proposed_ShieldedQoE,crowd_run,18,40,1,1,750,439.7,11.27,8.8,0.0,15.45,0.0,15.45,0,0.024390243902439025,1,750,0.0,15.45,15.45,0.0,0.0,1
Proposed_ShieldedQoE,crowd_run,18,41,1,1,750,452.3,8.8,9.82,0.0,15.45,0.0,15.45,0,0.023809523809523808,1,750,0.0,15.45,15.45,0.0,0.0,1
Proposed_ShieldedQoE,crowd_run,18,42,1,1,750,817.5,9.82,10.85,0.0,15.45,0.0,15.45,0,0.023255813953488372,1,750,0.0,15.45,15.45,0.0,0.0,1
Proposed_ShieldedQoE,crowd_run,18,43,1,1,750,693.1,10.85,12.64,0.0,15.45,0.0,15.45,0,0.022727272727272728,1,750,0.0,15.45,15.45,0.0,0.0,1
Proposed_ShieldedQoE,crowd_run,18,44,1,1,750,554.2,12.64,8.07,0.0,15.45,0.0,15.45,0,0.022222222222222223,1,750,0.661,15.45,12.61,2.84,-0.661,1
Proposed_ShieldedQoE,crowd_run,18,45,1,1,750,499.1,8.07,8.76,0.0,15.45,0.0,15.45,0,0.021739130434782608,1,750,0.0,15.45,15.45,0.0,0.0,1
Proposed_ShieldedQoE,crowd_run,18,46,1,1,750,686.0,8.76,8.5,0.0,15.45,0.0,15.45,0,0.02127659574468085,1,750,0.0,15.45,15.45,0.0,0.0,1
Proposed_ShieldedQoE,crowd_run,18,47,1,1,750,794.6,8.5,7.8,0.0,15.45,0.0,15.45,0,0.020833333333333332,1,750,0.267,15.45,14.3,1.1499999999999986,-0.267,1
Proposed_ShieldedQoE,crowd_run,19,0,0,0,300,2141.4,2.81,6.14,0.0,4.03,0.0,4.03,0,0.0,4,2850,3.606,44.66,29.16,-25.13,-3.606,0
Proposed_ShieldedQoE,crowd_run,19,1,4,4,2850,1244.7,6.14,9.17,0.0,44.66,40.63,4.03,0,0.0,4,2850,0.0,44.66,44.66,-40.629999999999995,0.0,1
Proposed_ShieldedQoE,crowd_run,19,2,1,1,750,2278.8,9.17,12.37,0.0,15.45,29.21,-13.76,0,0.0,4,2850,0.0,44.66,44.66,-58.419999999999995,0.0,0
Proposed_ShieldedQoE,crowd_run,19,3,4,4,2850,1915.2,12.37,15.09,0.0,44.66,29.21,15.45,0,0.0,4,2850,0.0,44.66,44.66,-29.209999999999997,0.0,1
Proposed_ShieldedQoE,crowd_run,19,4,2,2,1200,2483.7,15.09,16.51,0.0,24.75,19.91,4.84,0,0.0,4,2850,0.0,44.66,44.66,-39.81999999999999,0.0,0
Proposed_ShieldedQoE,crowd_run,19,5,2,2,1200,1926.6,16.51,18.07,0.0,24.75,0.0,24.75,0,0.0,4,2850,1.676,44.66,37.45,-12.700000000000003,-1.676,0
Proposed_ShieldedQoE,crowd_run,19,6,2,2,1200,1902.4,18.07,19.87,0.0,24.75,0.0,24.75,0,0.0,4,2850,1.221,44.66,39.41,-14.659999999999997,-1.221,0
Proposed_ShieldedQoE,crowd_run,19,7,2,2,1200,1486.0,19.87,20.53,0.0,24.75,0.0,24.75,0,0.0,4,2850,3.937,44.66,27.73,-2.9800000000000004,-3.937,0
Proposed_ShieldedQoE,crowd_run,19,8,2,2,1200,1688.1,20.53,18.57,0.0,24.75,0.0,24.75,0,0.0,4,2850,10.155,44.66,0.99,23.76,-10.155,0
Proposed_ShieldedQoE,crowd_run,19,9,2,2,1200,2320.8,18.57,20.12,0.0,24.75,0.0,24.75,0,0.0,4,2850,1.821,44.66,36.83,-12.079999999999998,-1.821,0
Proposed_ShieldedQoE,crowd_run,19,10,2,2,1200,1854.4,20.12,20.54,0.0,24.75,0.0,24.75,0,0.0,4,2850,4.499,44.66,25.31,-0.5599999999999987,-4.499,0
Proposed_ShieldedQoE,crowd_run,19,11,2,2,1200,1675.0,20.54,20.6,0.0,24.75,0.0,24.75,0,0.0,4,2850,5.368,44.66,21.58,3.1700000000000017,-5.368,0
Proposed_ShieldedQoE,crowd_run,19,12,2,2,1200,2343.7,20.6,20.96,0.0,24.75,0.0,24.75,0,0.0,4,2850,4.65,44.66,24.66,0.08999999999999986,-4.65,0
Proposed_ShieldedQoE,crowd_run,19,13,2,2,1200,2094.7,20.96,22.82,0.0,24.75,0.0,24.75,0,0.0,4,2850,1.077,44.66,40.03,-15.280000000000001,-1.077,0
Proposed_ShieldedQoE,crowd_run,19,14,2,2,1200,1818.6,22.82,25.17,0.0,24.75,0.0,24.75,0,0.0,4,2850,0.0,44.66,44.66,-19.909999999999997,0.0,0
Proposed_ShieldedQoE,crowd_run,19,15,2,2,1200,2307.6,25.17,27.2,0.0,24.75,0.0,24.75,0,0.0,4,2850,0.601,44.66,42.08,-17.33,-0.601,0
Proposed_ShieldedQoE,crowd_run,19,16,2,2,1200,2390.6,27.2,28.08,0.0,24.75,0.0,24.75,0,0.0,4,2850,3.409,44.66,30.0,-5.25,-3.409,0
Proposed_ShieldedQoE,crowd_run,19,17,2,2,1200,2554.1,28.08,30.0,0.0,24.75,0.0,24.75,0,0.0,4,2850,0.0,44.66,44.66,-19.909999999999997,0.0,0
Proposed_ShieldedQoE,crowd_run,19,18,2,2,1200,2274.0,30.0,30.0,0.0,24.75,0.0,24.75,0,0.0,4,2850,0.0,44.66,44.66,-19.909999999999997,0.0,0
Proposed_ShieldedQoE,crowd_run,19,19,3,3,1850,2045.2,30.0,30.0,0.0,32.84,8.09,24.75,0,0.0,4,2850,0.0,44.66,44.66,-19.909999999999997,0.0,0
Proposed_ShieldedQoE,crowd_run,19,20,3,3,1850,1671.5,30.0,29.19,0.0,32.84,0.0,32.84,0,0.0,4,2850,1.309,44.66,39.03,-6.189999999999998,-1.309,0
Proposed_ShieldedQoE,crowd_run,19,21,3,3,1850,1300.1,29.19,30.0,0.0,32.84,0.0,32.84,0,0.0,4,2850,0.359,44.66,43.12,-10.279999999999994,-0.359,0
Proposed_ShieldedQoE,crowd_run,19,22,3,3,1850,1467.6,30.0,30.0,0.0,32.84,0.0,32.84,0,0.0,4,2850,0.0,44.66,44.66,-11.819999999999993,0.0,0
Proposed_ShieldedQoE,crowd_run,19,23,3,3,1850,2546.3,30.0,30.0,0.0,32.84,0.0,32.84,0,0.0,4,2850,0.0,44.66,44.66,-11.819999999999993,0.0,0
Proposed_ShieldedQoE,crowd_run,19,24,3,3,1850,1551.5,30.0,27.96,0.0,32.84,0.0,32.84,0,0.0,4,2850,3.934,44.66,27.74,5.100000000000005,-3.934,0
Proposed_ShieldedQoE,crowd_run,19,25,3,3,1850,1706.4,27.96,29.17,0.0,32.84,0.0,32.84,0,0.0,4,2850,0.298,44.66,43.38,-10.54,-0.298,0
Proposed_ShieldedQoE,crowd_run,19,26,3,3,1850,1504.5,29.17,29.7,0.0,32.84,0.0,32.84,0,0.0,4,2850,1.347,44.66,38.87,-6.029999999999994,-1.347,0
Proposed_ShieldedQoE,crowd_run,19,27,3,3,1850,1604.3,29.7,28.31,0.0,32.84,0.0,32.84,0,0.0,4,2850,4.302,44.66,26.16,6.680000000000003,-4.302,0
Proposed_ShieldedQoE,crowd_run,19,28,2,2,1200,1815.9,28.31,27.41,0.0,24.75,8.09,16.66,0,0.0,4,2850,7.648,44.66,11.77,4.890000000000001,-7.648,0
Proposed_ShieldedQoE,crowd_run,19,29,2,2,1200,2607.6,27.41,28.78,0.0,24.75,0.0,24.75,0,0.0,4,2850,2.23,44.66,35.07,-10.32,-2.23,0
Proposed_ShieldedQoE,crowd_run,19,30,2,2,1200,2629.1,28.78,30.0,0.0,24.75,0.0,24.75,0,0.0,4,2850,0.526,44.66,42.4,-17.65,-0.526,0
Proposed_ShieldedQoE,crowd_run,19,31,2,2,1200,2342.1,30.0,30.0,0.0,24.75,0.0,24.75,0,0.0,4,2850,0.0,44.66,44.66,-19.909999999999997,0.0,0
Proposed_ShieldedQoE,crowd_run,19,32,3,3,1850,2233.2,30.0,28.06,0.0,32.84,8.09,24.75,0,0.0,4,2850,4.795,44.66,24.04,0.7100000000000009,-4.795,0
Proposed_ShieldedQoE,crowd_run,19,33,3,3,1850,1938.0,28.06,27.6,0.0,32.84,0.0,32.84,0,0.0,4,2850,2.872,44.66,32.31,0.5300000000000011,-2.872,0
Proposed_ShieldedQoE,crowd_run,19,34,3,3,1850,1870.0,27.6,28.53,0.0,32.84,0.0,32.84,0,0.0,4,2850,0.728,44.66,41.53,-8.689999999999998,-0.728,0
Proposed_ShieldedQoE,crowd_run,19,35,3,3,1850,1739.3,28.53,28.68,0.0,32.84,0.0,32.84,0,0.0,4,2850,1.927,44.66,36.37,-3.529999999999994,-1.927,0
Proposed_ShieldedQoE,crowd_run,19,36,3,3,1850,1616.3,28.68,26.96,0.0,32.84,0.0,32.84,0,0.0,4,2850,4.815,44.66,23.96,8.880000000000003,-4.815,0
Proposed_ShieldedQoE,crowd_run,19,37,3,3,1850,2408.6,26.96,29.59,0.0,32.84,0.0,32.84,0,0.0,4,2850,0.0,44.66,44.66,-11.819999999999993,0.0,0
Proposed_ShieldedQoE,crowd_run,19,38,3,3,1850,2536.1,29.59,30.0,0.0,32.84,0.0,32.84,0,0.0,4,2850,0.0,44.66,44.66,-11.819999999999993,0.0,0
Proposed_ShieldedQoE,crowd_run,19,39,3,3,1850,1919.3,30.0,30.0,0.0,32.84,0.0,32.84,0,0.0,4,2850,0.0,44.66,44.66,-11.819999999999993,0.0,0
Proposed_ShieldedQoE,crowd_run,19,40,3,3,1850,1698.0,30.0,29.86,0.0,32.84,0.0,32.84,0,0.0,4,2850,0.0,44.66,44.66,-11.819999999999993,0.0,0
Proposed_ShieldedQoE,crowd_run,19,41,3,3,1850,1701.5,29.86,30.0,0.0,32.84,0.0,32.84,0,0.0,4,2850,0.0,44.66,44.66,-11.819999999999993,0.0,0
Proposed_ShieldedQoE,crowd_run,19,42,3,3,1850,2493.2,30.0,30.0,0.0,32.84,0.0,32.84,0,0.0,4,2850,0.0,44.66,44.66,-11.819999999999993,0.0,0
Proposed_ShieldedQoE,crowd_run,19,43,3,3,1850,2299.0,30.0,30.0,0.0,32.84,0.0,32.84,0,0.0,4,2850,0.0,44.66,44.66,-11.819999999999993,0.0,0
Proposed_ShieldedQoE,crowd_run,19,44,3,3,1850,2522.1,30.0,29.36,0.0,32.84,0.0,32.84,0,0.0,4,2850,0.0,44.66,44.66,-11.819999999999993,0.0,0
Proposed_ShieldedQoE,crowd_run,19,45,3,3,1850,1156.2,29.36,29.83,0.0,32.84,0.0,32.84,0,0.0,4,2850,0.368,44.66,43.08,-10.239999999999995,-0.368,0
Proposed_ShieldedQoE,crowd_run,19,46,3,3,1850,2113.7,29.83,30.0,0.0,32.84,0.0,32.84,0,0.0,4,2850,1.253,44.66,39.27,-6.43,-1.253,0
Proposed_ShieldedQoE,crowd_run,19,47,3,3,1850,2465.5,30.0,30.0,0.0,32.84,0.0,32.84,0,0.0,4,2850,1.751,44.66,37.13,-4.289999999999999,-1.751,0
Proposed_ShieldedQoE,tearsofsteel_short,0,0,0,0,300,1126.0,1.17,4.1,0.0,67.85,0.0,67.85,1,1.0,1,750,1.521,86.63,80.09,-12.240000000000009,-1.521,0
Proposed_ShieldedQoE,tearsofsteel_short,0,1,4,4,2850,892.4,4.1,6.72,0.0,97.6,29.75,67.85,0,0.5,1,750,0.0,86.63,86.63,-18.78,0.0,0
Proposed_ShieldedQoE,tearsofsteel_short,0,2,1,1,750,941.8,6.72,9.43,0.0,86.63,10.97,75.66,0,0.3333333333333333,1,750,0.0,86.63,86.63,-10.969999999999999,0.0,1
Proposed_ShieldedQoE,tearsofsteel_short,0,3,1,1,750,463.6,9.43,10.48,0.0,86.63,0.0,86.63,0,0.25,1,750,0.0,86.63,86.63,0.0,0.0,1
Proposed_ShieldedQoE,tearsofsteel_short,0,4,1,1,750,1052.0,10.48,11.8,0.0,86.63,0.0,86.63,0,0.2,1,750,0.0,86.63,86.63,0.0,0.0,1
Proposed_ShieldedQoE,tearsofsteel_short,0,5,1,1,750,355.7,11.8,9.89,0.0,86.63,0.0,86.63,0,0.16666666666666666,1,750,0.0,86.63,86.63,0.0,0.0,1
Proposed_ShieldedQoE,tearsofsteel_short,0,6,1,1,750,952.1,9.89,12.33,0.0,86.63,0.0,86.63,0,0.14285714285714285,1,750,0.0,86.63,86.63,0.0,0.0,1
Proposed_ShieldedQoE,tearsofsteel_short,0,7,1,1,750,1023.8,12.33,13.91,0.0,86.63,0.0,86.63,0,0.125,1,750,0.0,86.63,86.63,0.0,0.0,1
Proposed_ShieldedQoE,tearsofsteel_short,0,8,1,1,750,960.6,13.91,12.92,0.0,86.63,0.0,86.63,0,0.1111111111111111,1,750,0.0,86.63,86.63,0.0,0.0,1
Proposed_ShieldedQoE,tearsofsteel_short,0,9,1,1,750,955.9,12.92,13.03,0.0,86.63,0.0,86.63,0,0.1,1,750,0.0,86.63,86.63,0.0,0.0,1
Proposed_ShieldedQoE,tearsofsteel_short,0,10,1,1,750,880.2,13.03,13.81,0.0,86.63,0.0,86.63,0,0.09090909090909091,1,750,0.0,86.63,86.63,0.0,0.0,1
Proposed_ShieldedQoE,tearsofsteel_short,0,11,1,1,750,1063.0,13.81,15.79,0.0,86.63,0.0,86.63,0,0.08333333333333333,1,750,0.0,86.63,86.63,0.0,0.0,1
Proposed_ShieldedQoE,tearsofsteel_short,0,12,1,1,750,934.7,15.79,12.27,0.0,86.63,0.0,86.63,0,0.07692307692307693,1,750,0.0,86.63,86.63,0.0,0.0,1
Proposed_ShieldedQoE,tearsofsteel_short,0,13,1,1,750,994.6,12.27,12.3,0.0,86.63,0.0,86.63,0,0.07142857142857142,1,750,0.0,86.63,86.63,0.0,0.0,1
Proposed_ShieldedQoE,tearsofsteel_short,0,14,1,1,750,1000.9,12.3,13.73,0.0,86.63,0.0,86.63,0,0.06666666666666667,1,750,0.0,86.63,86.63,0.0,0.0,1
Proposed_ShieldedQoE,tearsofsteel_short,0,15,1,1,750,858.9,13.73,13.37,0.0,86.63,0.0,86.63,0,0.0625,1,750,0.0,86.63,86.63,0.0,0.0,1
Proposed_ShieldedQoE,tearsofsteel_short,0,16,1,1,750,1103.0,13.37,13.38,0.0,86.63,0.0,86.63,0,0.058823529411764705,1,750,0.0,86.63,86.63,0.0,0.0,1
Proposed_ShieldedQoE,tearsofsteel_short,0,17,1,1,750,966.8,13.38,15.11,0.0,86.63,0.0,86.63,0,0.05555555555555555,2,1200,0.0,92.82,86.63,0.0,0.0,0
Proposed_ShieldedQoE,tearsofsteel_short,0,18,1,1,750,810.4,15.11,15.95,0.0,86.63,0.0,86.63,0,0.05263157894736842,2,1200,0.0,92.82,92.82,-6.189999999999998,0.0,0
Proposed_ShieldedQoE,tearsofsteel_short,0,19,1,1,750,971.9,15.95,17.88,0.0,86.63,0.0,86.63,0,0.05,2,1200,0.0,92.82,92.82,-6.189999999999998,0.0,0
Proposed_ShieldedQoE,tearsofsteel_short,0,20,1,1,750,704.0,17.88,16.72,0.0,86.63,0.0,86.63,0,0.047619047619047616,2,1200,0.0,92.82,92.82,-6.189999999999998,0.0,0
Proposed_ShieldedQoE,tearsofsteel_short,0,21,1,1,750,1036.7,16.72,19.12,0.0,86.63,0.0,86.63,0,0.045454545454545456,2,1200,0.0,92.82,92.82,-6.189999999999998,0.0,0
Proposed_ShieldedQoE,tearsofsteel_short,0,22,5,5,6000,1087.5,19.12,21.35,0.0,98.49,11.86,86.63,0,0.043478260869565216,2,1200,0.0,92.82,92.82,-6.189999999999998,0.0,0
Proposed_ShieldedQoE,tearsofsteel_short,0,23,2,2,1200,1111.3,21.35,23.62,0.0,92.82,5.67,87.15,0,0.041666666666666664,2,1200,0.0,92.82,92.82,-5.6699999999999875,0.0,1
Proposed_ShieldedQoE,tearsofsteel_short,0,24,2,2,1200,1138.6,23.62,22.92,0.0,92.82,0.0,92.82,0,0.04,2,1200,0.0,92.82,92.82,0.0,0.0,1
Proposed_ShieldedQoE,tearsofsteel_short,0,25,2,2,1200,1073.9,22.92,23.55,0.0,92.82,0.0,92.82,0,0.038461538461538464,2,1200,0.0,92.82,92.82,0.0,0.0,1
Proposed_ShieldedQoE,tearsofsteel_short,0,26,2,2,1200,1065.4,23.55,24.44,0.0,92.82,0.0,92.82,0,0.037037037037037035,2,1200,0.0,92.82,92.82,0.0,0.0,1
Proposed_ShieldedQoE,tearsofsteel_short,0,27,2,2,1200,984.5,24.44,23.31,0.0,92.82,0.0,92.82,0,0.03571428571428571,1,750,0.0,86.63,80.44,12.379999999999995,0.0,0
Proposed_ShieldedQoE,tearsofsteel_short,0,28,2,2,1200,824.4,23.31,15.83,0.0,92.82,0.0,92.82,0,0.034482758620689655,1,750,0.0,86.63,86.63,6.189999999999998,0.0,0
Proposed_ShieldedQoE,tearsofsteel_short,0,29,2,2,1200,1037.6,15.83,16.03,0.0,92.82,0.0,92.82,0,0.03333333333333333,1,750,0.0,86.63,86.63,6.189999999999998,0.0,0
Proposed_ShieldedQoE,tearsofsteel_short,0,30,2,2,1200,1055.3,16.03,14.7,0.0,92.82,0.0,92.82,0,0.03225806451612903,1,750,0.0,86.63,86.63,6.189999999999998,0.0,0
Proposed_ShieldedQoE,tearsofsteel_short,0,31,2,2,1200,1126.0,14.7,13.3,0.0,92.82,0.0,92.82,0,0.03125,1,750,0.0,86.63,86.63,6.189999999999998,0.0,0
Proposed_ShieldedQoE,tearsofsteel_short,0,32,2,2,1200,892.4,13.3,6.35,0.0,92.82,0.0,92.82,0,0.030303030303030304,1,750,0.0,86.63,86.63,6.189999999999998,0.0,0
Proposed_ShieldedQoE,tearsofsteel_short,0,33,1,1,750,941.8,6.35,7.51,0.0,86.63,6.19,80.44,0,0.029411764705882353,1,750,0.0,86.63,86.63,-6.189999999999998,0.0,1
Proposed_ShieldedQoE,tearsofsteel_short,0,34,1,1,750,463.6,7.51,5.42,0.0,86.63,0.0,86.63,0,0.02857142857142857,1,750,0.0,86.63,86.63,0.0,0.0,1
Proposed_ShieldedQoE,tearsofsteel_short,0,35,1,1,750,1052.0,5.42,6.44,0.0,86.63,0.0,86.63,0,0.027777777777777776,1,750,0.0,86.63,86.63,0.0,0.0,1
Proposed_ShieldedQoE,tearsofsteel_short,0,36,1,0,300,355.7,6.44,5.32,0.0,67.85,18.78,49.07,1,0.05405405405405406,1,750,0.0,86.63,86.63,-37.559999999999995,0.0,0
Proposed_ShieldedQoE,tearsofsteel_short,0,37,0,0,300,952.1,5.32,8.07,0.0,67.85,0.0,67.85,0,0.05263157894736842,1,750,0.0,86.63,86.63,-18.78,0.0,0
Proposed_ShieldedQoE,tearsofsteel_short,0,38,4,4,2850,1023.8,8.07,10.44,0.0,97.6,29.75,67.85,0,0.05128205128205128,2,1200,0.0,92.82,86.63,-18.78,0.0,0
Proposed_ShieldedQoE,tearsofsteel_short,0,39,1,1,750,960.6,10.44,13.19,0.0,86.63,10.97,75.66,0,0.05,2,1200,0.0,92.82,92.82,-17.159999999999997,0.0,0
Proposed_ShieldedQoE,tearsofsteel_short,0,40,1,1,750,955.9,13.19,13.22,0.0,86.63,0.0,86.63,0,0.04878048780487805,2,1200,0.0,92.82,92.82,-6.189999999999998,0.0,0
Proposed_ShieldedQoE,tearsofsteel_short,0,41,1,1,750,880.2,13.22,15.11,0.0,86.63,0.0,86.63,0,0.047619047619047616,2,1200,0.0,92.82,92.82,-6.189999999999998,0.0,0
Proposed_ShieldedQoE,tearsofsteel_short,0,42,1,1,750,1063.0,15.11,17.88,0.0,86.63,0.0,86.63,0,0.046511627906976744,2,1200,0.0,92.82,92.82,-6.189999999999998,0.0,0
Proposed_ShieldedQoE,tearsofsteel_short,0,43,5,5,6000,934.7,17.88,19.76,0.0,98.49,11.86,86.63,0,0.045454545454545456,3,1850,0.0,95.92,92.82,-6.189999999999998,0.0,0
Proposed_ShieldedQoE,tearsofsteel_short,0,44,2,2,1200,994.6,19.76,17.69,0.0,92.82,5.67,87.15,0,0.044444444444444446,3,1850,0.0,95.92,95.92,-8.769999999999996,0.0,0
Proposed_ShieldedQoE,tearsofsteel_short,0,45,2,2,1200,1000.9,17.69,19.69,0.0,92.82,0.0,92.82,0,0.043478260869565216,3,1850,0.0,95.92,95.92,-3.1000000000000085,0.0,0
Proposed_ShieldedQoE,tearsofsteel_short,0,46,2,2,1200,858.9,19.69,21.02,0.0,92.82,0.0,92.82,0,0.0425531914893617,3,1850,0.0,95.92,95.92,-3.1000000000000085,0.0,0
Proposed_ShieldedQoE,tearsofsteel_short,0,47,2,2,1200,1103.0,21.02,21.51,0.0,92.82,0.0,92.82,0,0.041666666666666664,3,1850,0.0,95.92,95.92,-3.1000000000000085,0.0,0
Proposed_ShieldedQoE,tearsofsteel_short,1,0,0,0,300,587.0,2.88,4.81,0.0,67.85,0.0,67.85,0,0.0,1,750,2.293,86.63,76.77,-8.920000000000002,-2.293,0
Proposed_ShieldedQoE,tearsofsteel_short,1,1,0,0,300,787.1,4.81,8.18,0.0,67.85,0.0,67.85,0,0.0,1,750,0.0,86.63,86.63,-18.78,0.0,0
Proposed_ShieldedQoE,tearsofsteel_short,1,2,4,4,2850,677.6,8.18,10.4,0.0,97.6,29.75,67.85,0,0.0,1,750,0.0,86.63,86.63,-18.78,0.0,0
Proposed_ShieldedQoE,tearsofsteel_short,1,3,1,1,750,650.6,10.4,12.29,0.0,86.63,10.97,75.66,0,0.0,1,750,0.0,86.63,86.63,-10.969999999999999,0.0,1
Proposed_ShieldedQoE,tearsofsteel_short,1,4,1,1,750,725.7,12.29,12.41,0.0,86.63,0.0,86.63,0,0.0,1,750,0.0,86.63,86.63,0.0,0.0,1
Proposed_ShieldedQoE,tearsofsteel_short,1,5,1,1,750,824.8,12.41,13.86,0.0,86.63,0.0,86.63,0,0.0,1,750,0.0,86.63,86.63,0.0,0.0,1
Proposed_ShieldedQoE,tearsofsteel_short,1,6,1,1,750,252.3,13.86,11.97,0.0,86.63,0.0,86.63,0,0.0,1,750,0.0,86.63,86.63,0.0,0.0,1
Proposed_ShieldedQoE,tearsofsteel_short,1,7,1,1,750,761.1,11.97,12.71,0.0,86.63,0.0,86.63,0,0.0,1,750,0.0,86.63,86.63,0.0,0.0,1
Proposed_ShieldedQoE,tearsofsteel_short,1,8,1,1,750,502.5,12.71,7.17,0.0,86.63,0.0,86.63,0,0.0,1,750,0.0,86.63,86.63,0.0,0.0,1
Proposed_ShieldedQoE,tearsofsteel_short,1,9,1,1,750,618.3,7.17,5.15,0.0,86.63,0.0,86.63,0,0.0,1,750,0.593,86.63,84.08,2.549999999999997,-0.593,1
Proposed_ShieldedQoE,tearsofsteel_short,1,10,1,1,750,583.5,5.15,4.3,0.0,86.63,0.0,86.63,0,0.0,1,750,0.855,86.63,82.95,3.6799999999999926,-0.855,1
Proposed_ShieldedQoE,tearsofsteel_short,1,11,1,1,750,488.0,4.3,4.0,0.087,86.63,0.0,86.26,0,0.0,1,750,0.387,86.63,84.96,1.3000000000000114,-0.30000000000000004,1
Proposed_ShieldedQoE,tearsofsteel_short,1,12,0,0,300,778.7,4.0,4.39,0.0,67.85,18.78,49.07,0,0.0,1,750,5.031,86.63,65.0,-15.93,-5.031,0
Proposed_ShieldedQoE,tearsofsteel_short,1,13,0,0,300,653.2,4.39,5.97,0.0,67.85,0.0,67.85,0,0.0,1,750,2.041,86.63,77.85,-10.0,-2.041,0
Proposed_ShieldedQoE,tearsofsteel_short,1,14,0,0,300,587.3,5.97,8.22,0.0,67.85,0.0,67.85,0,0.0,1,750,0.383,86.63,84.98,-17.13000000000001,-0.383,0
Proposed_ShieldedQoE,tearsofsteel_short,1,15,0,0,300,472.8,8.22,9.05,0.0,67.85,0.0,67.85,0,0.0,1,750,3.931,86.63,69.73,-1.8800000000000097,-3.931,0
Proposed_ShieldedQoE,tearsofsteel_short,1,16,0,0,300,790.7,9.05,10.82,0.0,67.85,0.0,67.85,0,0.0,1,750,1.563,86.63,79.91,-12.060000000000002,-1.563,0
Proposed_ShieldedQoE,tearsofsteel_short,1,17,4,4,2850,576.4,10.82,11.02,0.0,97.6,29.75,67.85,0,0.0,1,750,0.0,86.63,86.63,-18.78,0.0,0
Proposed_ShieldedQoE,tearsofsteel_short,1,18,1,1,750,793.4,11.02,11.79,0.0,86.63,10.97,75.66,0,0.0,1,750,0.0,86.63,86.63,-10.969999999999999,0.0,1
Proposed_ShieldedQoE,tearsofsteel_short,1,19,1,1,750,446.8,11.79,11.28,0.0,86.63,0.0,86.63,0,0.0,1,750,0.0,86.63,86.63,0.0,0.0,1
Proposed_ShieldedQoE,tearsofsteel_short,1,20,1,1,750,561.7,11.28,8.82,0.0,86.63,0.0,86.63,0,0.0,1,750,2.006,86.63,78.01,8.61999999999999,-2.006,1
Proposed_ShieldedQoE,tearsofsteel_short,1,21,1,1,750,529.7,8.82,9.68,0.0,86.63,0.0,86.63,0,0.0,1,750,0.0,86.63,86.63,0.0,0.0,1
Proposed_ShieldedQoE,tearsofsteel_short,1,22,1,1,750,362.6,9.68,10.37,0.0,86.63,0.0,86.63,0,0.0,1,750,0.0,86.63,86.63,0.0,0.0,1
Proposed_ShieldedQoE,tearsofsteel_short,1,23,1,1,750,712.6,10.37,12.68,0.0,86.63,0.0,86.63,0,0.0,1,750,0.0,86.63,86.63,0.0,0.0,1
Proposed_ShieldedQoE,tearsofsteel_short,1,24,1,1,750,475.3,12.68,9.65,0.0,86.63,0.0,86.63,0,0.0,1,750,0.0,86.63,86.63,0.0,0.0,1
Proposed_ShieldedQoE,tearsofsteel_short,1,25,1,1,750,474.9,9.65,8.87,0.0,86.63,0.0,86.63,0,0.0,1,750,0.0,86.63,86.63,0.0,0.0,1
Proposed_ShieldedQoE,tearsofsteel_short,1,26,1,1,750,616.4,8.87,9.52,0.0,86.63,0.0,86.63,0,0.0,1,750,0.0,86.63,86.63,0.0,0.0,1
Proposed_ShieldedQoE,tearsofsteel_short,1,27,1,1,750,428.1,9.52,6.14,0.0,86.63,0.0,86.63,0,0.0,1,750,2.674,86.63,75.13,11.5,-2.674,1
Proposed_ShieldedQoE,tearsofsteel_short,1,28,0,0,300,475.6,6.14,5.17,0.0,67.85,18.78,49.07,0,0.0,1,750,8.44,86.63,50.34,-1.2700000000000031,-8.44,0
Proposed_ShieldedQoE,tearsofsteel_short,1,29,0,0,300,809.7,5.17,7.95,0.0,67.85,0.0,67.85,0,0.0,1,750,0.0,86.63,86.63,-18.78,0.0,0
Proposed_ShieldedQoE,tearsofsteel_short,1,30,0,0,300,699.9,7.95,9.94,0.0,67.85,0.0,67.85,0,0.0,1,750,0.063,86.63,86.36,-18.510000000000005,-0.063,0
Proposed_ShieldedQoE,tearsofsteel_short,1,31,0,0,300,420.5,9.94,10.32,0.0,67.85,0.0,67.85,0,0.0,1,750,5.047,86.63,64.93,2.9199999999999875,-5.047,0
Proposed_ShieldedQoE,tearsofsteel_short,1,32,0,0,300,473.9,10.32,9.17,0.0,67.85,0.0,67.85,0,0.0,1,750,8.885,86.63,48.42,19.429999999999993,-8.885,0
Proposed_ShieldedQoE,tearsofsteel_short,1,33,0,0,300,654.6,9.17,11.54,0.0,67.85,0.0,67.85,0,0.0,1,750,0.075,86.63,86.31,-18.460000000000008,-0.075,0
Proposed_ShieldedQoE,tearsofsteel_short,1,34,0,0,300,689.7,11.54,13.9,0.0,67.85,0.0,67.85,0,0.0,1,750,0.095,86.63,86.22,-18.370000000000005,-0.095,0
Proposed_ShieldedQoE,tearsofsteel_short,1,35,4,4,2850,677.2,13.9,13.27,0.0,97.6,29.75,67.85,0,0.0,1,750,0.631,86.63,83.92,-16.070000000000007,-0.631,0
Proposed_ShieldedQoE,tearsofsteel_short,1,36,1,1,750,444.9,13.27,7.03,0.0,86.63,10.97,75.66,0,0.0,1,750,6.238,86.63,59.81,15.849999999999994,-6.238,1
Proposed_ShieldedQoE,tearsofsteel_short,1,37,1,1,750,795.5,7.03,7.29,0.0,86.63,0.0,86.63,0,0.0,1,750,0.0,86.63,86.63,0.0,0.0,1
Proposed_ShieldedQoE,tearsofsteel_short,1,38,1,1,750,664.8,7.29,8.78,0.0,86.63,0.0,86.63,0,0.0,1,750,0.0,86.63,86.63,0.0,0.0,1
Proposed_ShieldedQoE,tearsofsteel_short,1,39,1,1,750,743.5,8.78,11.16,0.0,86.63,0.0,86.63,0,0.0,1,750,0.0,86.63,86.63,0.0,0.0,1
Proposed_ShieldedQoE,tearsofsteel_short,1,40,1,1,750,649.3,11.16,9.32,0.0,86.63,0.0,86.63,0,0.0,1,750,0.0,86.63,86.63,0.0,0.0,1
Proposed_ShieldedQoE,tearsofsteel_short,1,41,1,1,750,598.7,9.32,10.22,0.0,86.63,0.0,86.63,0,0.0,1,750,0.0,86.63,86.63,0.0,0.0,1
Proposed_ShieldedQoE,tearsofsteel_short,1,42,1,1,750,981.2,10.22,12.89,0.0,86.63,0.0,86.63,0,0.0,2,1200,0.0,92.82,86.63,0.0,0.0,0
Proposed_ShieldedQoE,tearsofsteel_short,1,43,1,1,750,1001.1,12.89,15.65,0.0,86.63,0.0,86.63,0,0.0,2,1200,0.0,92.82,92.82,-6.189999999999998,0.0,0
Proposed_ShieldedQoE,tearsofsteel_short,1,44,1,1,750,505.3,15.65,12.18,0.0,86.63,0.0,86.63,0,0.0,2,1200,0.873,92.82,89.06,-2.430000000000007,-0.873,0
Proposed_ShieldedQoE,tearsofsteel_short,1,45,1,1,750,571.6,12.18,13.99,0.0,86.63,0.0,86.63,0,0.0,2,1200,0.0,92.82,92.82,-6.189999999999998,0.0,0
Proposed_ShieldedQoE,tearsofsteel_short,1,46,1,1,750,594.1,13.99,15.58,0.0,86.63,0.0,86.63,0,0.0,2,1200,0.0,92.82,92.82,-6.189999999999998,0.0,0
Proposed_ShieldedQoE,tearsofsteel_short,1,47,1,1,750,930.5,15.58,16.98,0.0,86.63,0.0,86.63,0,0.0,2,1200,0.0,92.82,92.82,-6.189999999999998,0.0,0
Proposed_ShieldedQoE,tearsofsteel_short,2,0,1,0,300,1126.0,1.25,4.17,0.0,67.85,0.0,67.85,1,1.0,1,750,1.449,86.63,80.4,-12.550000000000011,-1.449,0
Proposed_ShieldedQoE,tearsofsteel_short,2,1,4,4,2850,892.4,4.17,6.79,0.0,97.6,29.75,67.85,0,0.5,1,750,0.0,86.63,86.63,-18.78,0.0,0
Proposed_ShieldedQoE,tearsofsteel_short,2,2,1,1,750,941.8,6.79,9.5,0.0,86.63,10.97,75.66,0,0.3333333333333333,1,750,0.0,86.63,86.63,-10.969999999999999,0.0,1
Proposed_ShieldedQoE,tearsofsteel_short,2,3,1,1,750,463.6,9.5,10.55,0.0,86.63,0.0,86.63,0,0.25,1,750,0.0,86.63,86.63,0.0,0.0,1
Proposed_ShieldedQoE,tearsofsteel_short,2,4,1,1,750,1052.0,10.55,11.87,0.0,86.63,0.0,86.63,0,0.2,1,750,0.0,86.63,86.63,0.0,0.0,1
Proposed_ShieldedQoE,tearsofsteel_short,2,5,1,1,750,355.7,11.87,9.96,0.0,86.63,0.0,86.63,0,0.16666666666666666,1,750,0.0,86.63,86.63,0.0,0.0,1
Proposed_ShieldedQoE,tearsofsteel_short,2,6,1,1,750,952.1,9.96,12.4,0.0,86.63,0.0,86.63,0,0.14285714285714285,1,750,0.0,86.63,86.63,0.0,0.0,1
Proposed_ShieldedQoE,tearsofsteel_short,2,7,1,1,750,1023.8,12.4,13.98,0.0,86.63,0.0,86.63,0,0.125,1,750,0.0,86.63,86.63,0.0,0.0,1
Proposed_ShieldedQoE,tearsofsteel_short,2,8,1,1,750,960.6,13.98,12.99,0.0,86.63,0.0,86.63,0,0.1111111111111111,1,750,0.0,86.63,86.63,0.0,0.0,1
Proposed_ShieldedQoE,tearsofsteel_short,2,9,1,1,750,955.9,12.99,13.1,0.0,86.63,0.0,86.63,0,0.1,1,750,0.0,86.63,86.63,0.0,0.0,1
Proposed_ShieldedQoE,tearsofsteel_short,2,10,1,1,750,880.2,13.1,13.88,0.0,86.63,0.0,86.63,0,0.09090909090909091,1,750,0.0,86.63,86.63,0.0,0.0,1
Proposed_ShieldedQoE,tearsofsteel_short,2,11,1,1,750,1063.0,13.88,15.87,0.0,86.63,0.0,86.63,0,0.08333333333333333,1,750,0.0,86.63,86.63,0.0,0.0,1
Proposed_ShieldedQoE,tearsofsteel_short,2,12,1,1,750,934.7,15.87,12.34,0.0,86.63,0.0,86.63,0,0.07692307692307693,1,750,0.0,86.63,86.63,0.0,0.0,1
Proposed_ShieldedQoE,tearsofsteel_short,2,13,1,1,750,994.6,12.34,12.38,0.0,86.63,0.0,86.63,0,0.07142857142857142,1,750,0.0,86.63,86.63,0.0,0.0,1
Proposed_ShieldedQoE,tearsofsteel_short,2,14,1,1,750,1000.9,12.38,13.8,0.0,86.63,0.0,86.63,0,0.06666666666666667,1,750,0.0,86.63,86.63,0.0,0.0,1
Proposed_ShieldedQoE,tearsofsteel_short,2,15,1,1,750,858.9,13.8,13.44,0.0,86.63,0.0,86.63,0,0.0625,1,750,0.0,86.63,86.63,0.0,0.0,1
Proposed_ShieldedQoE,tearsofsteel_short,2,16,1,1,750,1103.0,13.44,13.45,0.0,86.63,0.0,86.63,0,0.058823529411764705,1,750,0.0,86.63,86.63,0.0,0.0,1
Proposed_ShieldedQoE,tearsofsteel_short,2,17,1,1,750,966.8,13.45,15.18,0.0,86.63,0.0,86.63,0,0.05555555555555555,2,1200,0.0,92.82,86.63,0.0,0.0,0
Proposed_ShieldedQoE,tearsofsteel_short,2,18,1,1,750,810.4,15.18,16.02,0.0,86.63,0.0,86.63,0,0.05263157894736842,2,1200,0.0,92.82,92.82,-6.189999999999998,0.0,0
Proposed_ShieldedQoE,tearsofsteel_short,2,19,1,1,750,971.9,16.02,17.95,0.0,86.63,0.0,86.63,0,0.05,2,1200,0.0,92.82,92.82,-6.189999999999998,0.0,0
Proposed_ShieldedQoE,tearsofsteel_short,2,20,1,1,750,704.0,17.95,16.79,0.0,86.63,0.0,86.63,0,0.047619047619047616,2,1200,0.0,92.82,92.82,-6.189999999999998,0.0,0
Proposed_ShieldedQoE,tearsofsteel_short,2,21,1,1,750,1036.7,16.79,19.19,0.0,86.63,0.0,86.63,0,0.045454545454545456,2,1200,0.0,92.82,92.82,-6.189999999999998,0.0,0
Proposed_ShieldedQoE,tearsofsteel_short,2,22,5,5,6000,1087.5,19.19,21.42,0.0,98.49,11.86,86.63,0,0.043478260869565216,2,1200,0.0,92.82,92.82,-6.189999999999998,0.0,0
Proposed_ShieldedQoE,tearsofsteel_short,2,23,2,2,1200,1111.3,21.42,23.7,0.0,92.82,5.67,87.15,0,0.041666666666666664,2,1200,0.0,92.82,92.82,-5.6699999999999875,0.0,1
Proposed_ShieldedQoE,tearsofsteel_short,2,24,2,2,1200,1138.6,23.7,22.99,0.0,92.82,0.0,92.82,0,0.04,2,1200,0.0,92.82,92.82,0.0,0.0,1
Proposed_ShieldedQoE,tearsofsteel_short,2,25,2,2,1200,1073.9,22.99,23.62,0.0,92.82,0.0,92.82,0,0.038461538461538464,2,1200,0.0,92.82,92.82,0.0,0.0,1
Proposed_ShieldedQoE,tearsofsteel_short,2,26,2,2,1200,1065.4,23.62,24.52,0.0,92.82,0.0,92.82,0,0.037037037037037035,2,1200,0.0,92.82,92.82,0.0,0.0,1
Proposed_ShieldedQoE,tearsofsteel_short,2,27,2,2,1200,984.5,24.52,23.38,0.0,92.82,0.0,92.82,0,0.03571428571428571,1,750,0.0,86.63,80.44,12.379999999999995,0.0,0
Proposed_ShieldedQoE,tearsofsteel_short,2,28,2,2,1200,824.4,23.38,15.9,0.0,92.82,0.0,92.82,0,0.034482758620689655,1,750,0.0,86.63,86.63,6.189999999999998,0.0,0
Proposed_ShieldedQoE,tearsofsteel_short,2,29,2,2,1200,1037.6,15.9,16.1,0.0,92.82,0.0,92.82,0,0.03333333333333333,1,750,0.0,86.63,86.63,6.189999999999998,0.0,0
Proposed_ShieldedQoE,tearsofsteel_short,2,30,2,2,1200,1055.3,16.1,14.77,0.0,92.82,0.0,92.82,0,0.03225806451612903,1,750,0.0,86.63,86.63,6.189999999999998,0.0,0
Proposed_ShieldedQoE,tearsofsteel_short,2,31,2,2,1200,1126.0,14.77,13.37,0.0,92.82,0.0,92.82,0,0.03125,1,750,0.0,86.63,86.63,6.189999999999998,0.0,0
Proposed_ShieldedQoE,tearsofsteel_short,2,32,2,2,1200,892.4,13.37,6.42,0.0,92.82,0.0,92.82,0,0.030303030303030304,1,750,0.0,86.63,86.63,6.189999999999998,0.0,0
Proposed_ShieldedQoE,tearsofsteel_short,2,33,1,1,750,941.8,6.42,7.59,0.0,86.63,6.19,80.44,0,0.029411764705882353,1,750,0.0,86.63,86.63,-6.189999999999998,0.0,1
Proposed_ShieldedQoE,tearsofsteel_short,2,34,1,1,750,463.6,7.59,5.5,0.0,86.63,0.0,86.63,0,0.02857142857142857,1,750,0.0,86.63,86.63,0.0,0.0,1
Proposed_ShieldedQoE,tearsofsteel_short,2,35,1,1,750,1052.0,5.5,6.51,0.0,86.63,0.0,86.63,0,0.027777777777777776,1,750,0.0,86.63,86.63,0.0,0.0,1
Proposed_ShieldedQoE,tearsofsteel_short,2,36,1,0,300,355.7,6.51,5.39,0.0,67.85,18.78,49.07,1,0.05405405405405406,1,750,0.0,86.63,86.63,-37.559999999999995,0.0,0
Proposed_ShieldedQoE,tearsofsteel_short,2,37,0,0,300,952.1,5.39,8.14,0.0,67.85,0.0,67.85,0,0.05263157894736842,1,750,0.0,86.63,86.63,-18.78,0.0,0
Proposed_ShieldedQoE,tearsofsteel_short,2,38,4,4,2850,1023.8,8.14,10.51,0.0,97.6,29.75,67.85,0,0.05128205128205128,2,1200,0.0,92.82,86.63,-18.78,0.0,0
Proposed_ShieldedQoE,tearsofsteel_short,2,39,1,1,750,960.6,10.51,13.26,0.0,86.63,10.97,75.66,0,0.05,2,1200,0.0,92.82,92.82,-17.159999999999997,0.0,0
Proposed_ShieldedQoE,tearsofsteel_short,2,40,1,1,750,955.9,13.26,13.29,0.0,86.63,0.0,86.63,0,0.04878048780487805,2,1200,0.0,92.82,92.82,-6.189999999999998,0.0,0
Proposed_ShieldedQoE,tearsofsteel_short,2,41,1,1,750,880.2,13.29,15.19,0.0,86.63,0.0,86.63,0,0.047619047619047616,2,1200,0.0,92.82,92.82,-6.189999999999998,0.0,0
Proposed_ShieldedQoE,tearsofsteel_short,2,42,1,1,750,1063.0,15.19,17.95,0.0,86.63,0.0,86.63,0,0.046511627906976744,2,1200,0.0,92.82,92.82,-6.189999999999998,0.0,0
Proposed_ShieldedQoE,tearsofsteel_short,2,43,5,5,6000,934.7,17.95,19.83,0.0,98.49,11.86,86.63,0,0.045454545454545456,3,1850,0.0,95.92,92.82,-6.189999999999998,0.0,0
Proposed_ShieldedQoE,tearsofsteel_short,2,44,2,2,1200,994.6,19.83,17.76,0.0,92.82,5.67,87.15,0,0.044444444444444446,3,1850,0.0,95.92,95.92,-8.769999999999996,0.0,0
Proposed_ShieldedQoE,tearsofsteel_short,2,45,2,2,1200,1000.9,17.76,19.76,0.0,92.82,0.0,92.82,0,0.043478260869565216,3,1850,0.0,95.92,95.92,-3.1000000000000085,0.0,0
Proposed_ShieldedQoE,tearsofsteel_short,2,46,2,2,1200,858.9,19.76,21.09,0.0,92.82,0.0,92.82,0,0.0425531914893617,3,1850,0.0,95.92,95.92,-3.1000000000000085,0.0,0
Proposed_ShieldedQoE,tearsofsteel_short,2,47,2,2,1200,1103.0,21.09,21.58,0.0,92.82,0.0,92.82,0,0.041666666666666664,3,1850,0.0,95.92,95.92,-3.1000000000000085,0.0,0
Proposed_ShieldedQoE,tearsofsteel_short,3,0,1,0,300,1070.0,1.09,4.0,0.042,67.85,0.0,67.67,1,1.0,1,750,1.744,86.63,79.13,-11.459999999999994,-1.702,0
Proposed_ShieldedQoE,tearsofsteel_short,3,1,4,4,2850,1465.1,4.0,7.16,0.0,97.6,29.75,67.85,0,0.5,1,750,0.0,86.63,86.63,-18.78,0.0,0
Proposed_ShieldedQoE,tearsofsteel_short,3,2,5,5,6000,835.4,7.16,8.84,0.0,98.49,0.89,97.6,0,0.3333333333333333,1,750,0.0,86.63,86.63,10.969999999999999,0.0,0
Proposed_ShieldedQoE,tearsofsteel_short,3,3,2,2,1200,338.2,8.84,6.37,0.0,92.82,5.67,87.15,0,0.25,1,750,0.0,86.63,86.63,0.5200000000000102,0.0,0
Proposed_ShieldedQoE,tearsofsteel_short,3,4,0,0,300,799.4,6.37,6.84,0.0,67.85,24.97,42.88,0,0.2,1,750,0.0,86.63,86.63,-43.74999999999999,0.0,0
Proposed_ShieldedQoE,tearsofsteel_short,3,5,1,1,750,852.7,6.84,8.38,0.0,86.63,18.78,67.85,0,0.16666666666666666,1,750,0.0,86.63,86.63,-18.78,0.0,1
Proposed_ShieldedQoE,tearsofsteel_short,3,6,1,1,750,608.4,8.38,9.93,0.0,86.63,0.0,86.63,0,0.14285714285714285,1,750,0.0,86.63,86.63,0.0,0.0,1
Proposed_ShieldedQoE,tearsofsteel_short,3,7,1,1,750,376.5,9.93,7.35,0.0,86.63,0.0,86.63,0,0.125,1,750,0.0,86.63,86.63,0.0,0.0,1
Proposed_ShieldedQoE,tearsofsteel_short,3,8,1,1,750,1048.2,7.35,6.77,0.0,86.63,0.0,86.63,0,0.1111111111111111,1,750,0.0,86.63,86.63,0.0,0.0,1
Proposed_ShieldedQoE,tearsofsteel_short,3,9,1,1,750,869.5,6.77,6.5,0.0,86.63,0.0,86.63,0,0.1,1,750,0.0,86.63,86.63,0.0,0.0,1
Proposed_ShieldedQoE,tearsofsteel_short,3,10,1,1,750,861.3,6.5,7.21,0.0,86.63,0.0,86.63,0,0.09090909090909091,1,750,0.0,86.63,86.63,0.0,0.0,1
Proposed_ShieldedQoE,tearsofsteel_short,3,11,1,1,750,846.7,7.21,8.68,0.0,86.63,0.0,86.63,0,0.08333333333333333,1,750,0.0,86.63,86.63,0.0,0.0,1
Proposed_ShieldedQoE,tearsofsteel_short,3,12,1,1,750,598.8,8.68,4.0,3.066,86.63,0.0,73.45,0,0.07692307692307693,1,750,0.0,86.63,86.63,-13.179999999999993,3.066,1
Proposed_ShieldedQoE,tearsofsteel_short,3,13,1,1,750,608.7,4.0,4.0,2.482,86.63,0.0,75.96,0,0.07142857142857142,1,750,2.252,86.63,76.95,-0.9900000000000091,0.23000000000000043,1
Proposed_ShieldedQoE,tearsofsteel_short,3,14,1,1,750,797.1,4.0,4.77,0.0,86.63,0.0,86.63,0,0.06666666666666667,1,750,0.0,86.63,86.63,0.0,0.0,1
Proposed_ShieldedQoE,tearsofsteel_short,3,15,1,1,750,1016.9,4.77,5.08,0.0,86.63,0.0,86.63,0,0.0625,1,750,0.0,86.63,86.63,0.0,0.0,1
Proposed_ShieldedQoE,tearsofsteel_short,3,16,1,1,750,1018.2,5.08,4.76,0.0,86.63,0.0,86.63,0,0.058823529411764705,1,750,0.0,86.63,86.63,0.0,0.0,1
Proposed_ShieldedQoE,tearsofsteel_short,3,17,1,1,750,1221.8,4.76,6.97,0.0,86.63,0.0,86.63,0,0.05555555555555555,2,1200,0.0,92.82,86.63,0.0,0.0,0
Proposed_ShieldedQoE,tearsofsteel_short,3,18,1,1,750,1244.0,6.97,8.91,0.0,86.63,0.0,86.63,0,0.05263157894736842,2,1200,0.0,92.82,92.82,-6.189999999999998,0.0,0
Proposed_ShieldedQoE,tearsofsteel_short,3,19,1,1,750,967.8,8.91,10.83,0.0,86.63,0.0,86.63,0,0.05,2,1200,0.0,92.82,92.82,-6.189999999999998,0.0,0
Proposed_ShieldedQoE,tearsofsteel_short,3,20,1,1,750,1259.1,10.83,11.94,0.0,86.63,0.0,86.63,0,0.047619047619047616,2,1200,0.0,92.82,92.82,-6.189999999999998,0.0,0
Proposed_ShieldedQoE,tearsofsteel_short,3,21,1,1,750,1059.4,11.94,14.38,0.0,86.63,0.0,86.63,0,0.045454545454545456,2,1200,0.0,92.82,92.82,-6.189999999999998,0.0,0
Proposed_ShieldedQoE,tearsofsteel_short,3,22,5,5,6000,1076.0,14.38,16.59,0.0,98.49,11.86,86.63,0,0.043478260869565216,2,1200,0.0,92.82,92.82,-6.189999999999998,0.0,0
Proposed_ShieldedQoE,tearsofsteel_short,3,23,2,2,1200,1209.8,16.59,19.0,0.0,92.82,5.67,87.15,0,0.041666666666666664,2,1200,0.0,92.82,92.82,-5.6699999999999875,0.0,1
Proposed_ShieldedQoE,tearsofsteel_short,3,24,2,2,1200,901.4,19.0,17.07,0.0,92.82,0.0,92.82,0,0.04,2,1200,0.0,92.82,92.82,0.0,0.0,1
Proposed_ShieldedQoE,tearsofsteel_short,3,25,2,2,1200,854.8,17.07,16.82,0.0,92.82,0.0,92.82,0,0.038461538461538464,2,1200,0.0,92.82,92.82,0.0,0.0,1
Proposed_ShieldedQoE,tearsofsteel_short,3,26,2,2,1200,839.1,16.82,16.88,0.0,92.82,0.0,92.82,0,0.037037037037037035,2,1200,0.0,92.82,92.82,0.0,0.0,1
Proposed_ShieldedQoE,tearsofsteel_short,3,27,2,2,1200,1088.7,16.88,16.24,0.0,92.82,0.0,92.82,0,0.03571428571428571,2,1200,0.0,92.82,92.82,0.0,0.0,1
Proposed_ShieldedQoE,tearsofsteel_short,3,28,2,2,1200,1224.0,16.24,12.51,0.0,92.82,0.0,92.82,0,0.034482758620689655,1,750,0.0,86.63,80.44,12.379999999999995,0.0,0
Proposed_ShieldedQoE,tearsofsteel_short,3,29,2,2,1200,1011.0,12.51,12.61,0.0,92.82,0.0,92.82,0,0.03333333333333333,1,750,0.0,86.63,86.63,6.189999999999998,0.0,0
Proposed_ShieldedQoE,tearsofsteel_short,3,30,2,2,1200,1048.2,12.61,11.25,0.0,92.82,0.0,92.82,0,0.03225806451612903,1,750,0.0,86.63,86.63,6.189999999999998,0.0,0
Proposed_ShieldedQoE,tearsofsteel_short,3,31,2,2,1200,1045.6,11.25,9.43,0.0,92.82,0.0,92.82,0,0.03125,1,750,0.0,86.63,86.63,6.189999999999998,0.0,0
Proposed_ShieldedQoE,tearsofsteel_short,3,32,0,0,300,876.3,9.43,6.46,0.0,67.85,24.97,42.88,0,0.030303030303030304,1,750,0.0,86.63,86.63,-43.74999999999999,0.0,0
Proposed_ShieldedQoE,tearsofsteel_short,3,33,1,1,750,824.0,6.46,7.22,0.0,86.63,18.78,67.85,0,0.029411764705882353,2,1200,0.0,92.82,86.63,-18.78,0.0,0
Proposed_ShieldedQoE,tearsofsteel_short,3,34,1,1,750,1157.6,7.22,8.78,0.0,86.63,0.0,86.63,0,0.02857142857142857,2,1200,0.0,92.82,92.82,-6.189999999999998,0.0,0
Proposed_ShieldedQoE,tearsofsteel_short,3,35,1,1,750,894.8,8.78,9.28,0.0,86.63,0.0,86.63,0,0.027777777777777776,2,1200,0.0,92.82,92.82,-6.189999999999998,0.0,0
Proposed_ShieldedQoE,tearsofsteel_short,3,36,1,1,750,1077.9,9.28,9.05,0.0,86.63,0.0,86.63,0,0.02702702702702703,2,1200,0.672,92.82,89.93,-3.3000000000000114,-0.672,0
Proposed_ShieldedQoE,tearsofsteel_short,3,37,1,1,750,1041.8,9.05,10.19,0.0,86.63,0.0,86.63,0,0.02631578947368421,2,1200,0.569,92.82,90.38,-3.75,-0.569,0
Proposed_ShieldedQoE,tearsofsteel_short,3,38,1,1,750,1157.7,10.19,12.75,0.0,86.63,0.0,86.63,0,0.02564102564102564,2,1200,0.0,92.82,92.82,-6.189999999999998,0.0,0
Proposed_ShieldedQoE,tearsofsteel_short,3,39,5,5,6000,1092.3,12.75,14.99,0.0,98.49,11.86,86.63,0,0.025,2,1200,0.0,92.82,92.82,-6.189999999999998,0.0,0
Proposed_ShieldedQoE,tearsofsteel_short,3,40,2,2,1200,948.7,14.99,12.6,0.0,92.82,5.67,87.15,0,0.024390243902439025,2,1200,0.0,92.82,92.82,-5.6699999999999875,0.0,1
Proposed_ShieldedQoE,tearsofsteel_short,3,41,2,2,1200,1176.1,12.6,14.07,0.0,92.82,0.0,92.82,0,0.023809523809523808,2,1200,0.0,92.82,92.82,0.0,0.0,1
Proposed_ShieldedQoE,tearsofsteel_short,3,42,2,2,1200,954.2,14.07,15.88,0.0,92.82,0.0,92.82,0,0.023255813953488372,2,1200,0.0,92.82,92.82,0.0,0.0,1
Proposed_ShieldedQoE,tearsofsteel_short,3,43,2,2,1200,1010.0,15.88,17.92,0.0,92.82,0.0,92.82,0,0.022727272727272728,2,1200,0.0,92.82,92.82,0.0,0.0,1
Proposed_ShieldedQoE,tearsofsteel_short,3,44,2,2,1200,904.9,17.92,15.24,0.0,92.82,0.0,92.82,0,0.022222222222222223,2,1200,0.0,92.82,92.82,0.0,0.0,1
Proposed_ShieldedQoE,tearsofsteel_short,3,45,2,2,1200,896.6,15.24,17.01,0.0,92.82,0.0,92.82,0,0.021739130434782608,2,1200,0.0,92.82,92.82,0.0,0.0,1
Proposed_ShieldedQoE,tearsofsteel_short,3,46,2,2,1200,742.8,17.01,17.92,0.0,92.82,0.0,92.82,0,0.02127659574468085,2,1200,0.0,92.82,92.82,0.0,0.0,1
Proposed_ShieldedQoE,tearsofsteel_short,3,47,2,2,1200,427.9,17.92,12.88,0.0,92.82,0.0,92.82,0,0.020833333333333332,2,1200,0.0,92.82,92.82,0.0,0.0,1
Proposed_ShieldedQoE,tearsofsteel_short,4,0,1,0,300,891.0,1.78,4.42,0.0,67.85,0.0,67.85,1,1.0,1,750,1.628,86.63,79.63,-11.780000000000001,-1.628,0
Proposed_ShieldedQoE,tearsofsteel_short,4,1,4,4,2850,891.2,4.42,7.03,0.0,97.6,29.75,67.85,0,0.5,2,1200,0.0,92.82,86.63,-18.78,0.0,0
Proposed_ShieldedQoE,tearsofsteel_short,4,2,1,1,750,890.8,7.03,9.67,0.0,86.63,10.97,75.66,0,0.3333333333333333,2,1200,0.0,92.82,92.82,-17.159999999999997,0.0,0
Proposed_ShieldedQoE,tearsofsteel_short,4,3,1,1,750,879.8,9.67,12.12,0.0,86.63,0.0,86.63,0,0.25,2,1200,0.0,92.82,92.82,-6.189999999999998,0.0,0
Proposed_ShieldedQoE,tearsofsteel_short,4,4,1,1,750,841.8,12.12,12.77,0.0,86.63,0.0,86.63,0,0.2,2,1200,0.0,92.82,92.82,-6.189999999999998,0.0,0
Proposed_ShieldedQoE,tearsofsteel_short,4,5,1,1,750,900.4,12.77,14.44,0.0,86.63,0.0,86.63,0,0.16666666666666666,2,1200,0.0,92.82,92.82,-6.189999999999998,0.0,0
Proposed_ShieldedQoE,tearsofsteel_short,4,6,1,1,750,897.6,14.44,16.78,0.0,86.63,0.0,86.63,0,0.14285714285714285,2,1200,0.0,92.82,92.82,-6.189999999999998,0.0,0
Proposed_ShieldedQoE,tearsofsteel_short,4,7,1,1,750,884.1,16.78,17.98,0.0,86.63,0.0,86.63,0,0.125,1,750,0.0,86.63,80.44,6.189999999999998,0.0,1
Proposed_ShieldedQoE,tearsofsteel_short,4,8,1,1,750,901.1,17.98,16.66,0.0,86.63,0.0,86.63,0,0.1111111111111111,1,750,0.0,86.63,86.63,0.0,0.0,1
Proposed_ShieldedQoE,tearsofsteel_short,4,9,1,1,750,882.9,16.66,16.44,0.0,86.63,0.0,86.63,0,0.1,1,750,0.0,86.63,86.63,0.0,0.0,1
Proposed_ShieldedQoE,tearsofsteel_short,4,10,1,1,750,901.2,16.44,17.3,0.0,86.63,0.0,86.63,0,0.09090909090909091,1,750,0.0,86.63,86.63,0.0,0.0,1
Proposed_ShieldedQoE,tearsofsteel_short,4,11,1,1,750,900.7,17.3,18.92,0.0,86.63,0.0,86.63,0,0.08333333333333333,1,750,0.0,86.63,86.63,0.0,0.0,1
Proposed_ShieldedQoE,tearsofsteel_short,4,12,1,1,750,901.6,18.92,15.12,0.0,86.63,0.0,86.63,0,0.07692307692307693,1,750,0.0,86.63,86.63,0.0,0.0,1
Proposed_ShieldedQoE,tearsofsteel_short,4,13,1,1,750,900.5,15.12,14.74,0.0,86.63,0.0,86.63,0,0.07142857142857142,1,750,0.0,86.63,86.63,0.0,0.0,1
Proposed_ShieldedQoE,tearsofsteel_short,4,14,1,1,750,900.3,14.74,15.88,0.0,86.63,0.0,86.63,0,0.06666666666666667,1,750,0.0,86.63,86.63,0.0,0.0,1
Proposed_ShieldedQoE,tearsofsteel_short,4,15,1,1,750,897.1,15.88,15.7,0.0,86.63,0.0,86.63,0,0.0625,1,750,0.0,86.63,86.63,0.0,0.0,1
Proposed_ShieldedQoE,tearsofsteel_short,4,16,1,1,750,902.5,15.7,14.83,0.0,86.63,0.0,86.63,0,0.058823529411764705,1,750,0.0,86.63,86.63,0.0,0.0,1
Proposed_ShieldedQoE,tearsofsteel_short,4,17,1,1,750,807.4,14.83,16.11,0.0,86.63,0.0,86.63,0,0.05555555555555555,2,1200,0.0,92.82,86.63,0.0,0.0,0
Proposed_ShieldedQoE,tearsofsteel_short,4,18,1,1,750,902.0,16.11,17.27,0.0,86.63,0.0,86.63,0,0.05263157894736842,2,1200,0.0,92.82,92.82,-6.189999999999998,0.0,0
Proposed_ShieldedQoE,tearsofsteel_short,4,19,1,1,750,900.4,17.27,19.03,0.0,86.63,0.0,86.63,0,0.05,2,1200,0.0,92.82,92.82,-6.189999999999998,0.0,0
Proposed_ShieldedQoE,tearsofsteel_short,4,20,1,1,750,902.0,19.03,19.01,0.0,86.63,0.0,86.63,0,0.047619047619047616,2,1200,0.0,92.82,92.82,-6.189999999999998,0.0,0
Proposed_ShieldedQoE,tearsofsteel_short,4,21,1,1,750,901.2,19.01,21.16,0.0,86.63,0.0,86.63,0,0.045454545454545456,2,1200,0.0,92.82,92.82,-6.189999999999998,0.0,0
Proposed_ShieldedQoE,tearsofsteel_short,4,22,5,5,6000,900.6,21.16,23.03,0.0,98.49,11.86,86.63,0,0.043478260869565216,2,1200,0.0,92.82,92.82,-6.189999999999998,0.0,0
Proposed_ShieldedQoE,tearsofsteel_short,4,23,2,2,1200,902.1,23.03,24.9,0.0,92.82,5.67,87.15,0,0.041666666666666664,2,1200,0.0,92.82,92.82,-5.6699999999999875,0.0,1
Proposed_ShieldedQoE,tearsofsteel_short,4,24,2,2,1200,901.1,24.9,22.96,0.0,92.82,0.0,92.82,0,0.04,2,1200,0.0,92.82,92.82,0.0,0.0,1
Proposed_ShieldedQoE,tearsofsteel_short,4,25,2,2,1200,899.4,22.96,22.93,0.0,92.82,0.0,92.82,0,0.038461538461538464,2,1200,0.0,92.82,92.82,0.0,0.0,1
Proposed_ShieldedQoE,tearsofsteel_short,4,26,2,2,1200,823.2,22.93,22.92,0.0,92.82,0.0,92.82,0,0.037037037037037035,2,1200,0.0,92.82,92.82,0.0,0.0,1
Proposed_ShieldedQoE,tearsofsteel_short,4,27,2,2,1200,901.4,22.92,21.31,0.0,92.82,0.0,92.82,0,0.03571428571428571,1,750,0.0,86.63,80.44,12.379999999999995,0.0,0
Proposed_ShieldedQoE,tearsofsteel_short,4,28,2,2,1200,901.5,21.31,14.81,0.0,92.82,0.0,92.82,0,0.034482758620689655,1,750,0.0,86.63,86.63,6.189999999999998,0.0,0
Proposed_ShieldedQoE,tearsofsteel_short,4,29,2,2,1200,900.7,14.81,14.44,0.0,92.82,0.0,92.82,0,0.03333333333333333,1,750,0.0,86.63,86.63,6.189999999999998,0.0,0
Proposed_ShieldedQoE,tearsofsteel_short,4,30,2,2,1200,899.6,14.44,12.19,0.0,92.82,0.0,92.82,0,0.03225806451612903,1,750,0.0,86.63,86.63,6.189999999999998,0.0,0
Proposed_ShieldedQoE,tearsofsteel_short,4,31,2,2,1200,902.2,12.19,9.44,0.0,92.82,0.0,92.82,0,0.03125,1,750,0.0,86.63,86.63,6.189999999999998,0.0,0
Proposed_ShieldedQoE,tearsofsteel_short,4,32,0,0,300,900.9,9.44,6.66,0.0,67.85,24.97,42.88,0,0.030303030303030304,1,750,0.379,86.63,85.0,-42.12,-0.379,0
Proposed_ShieldedQoE,tearsofsteel_short,4,33,1,1,750,894.7,6.66,7.68,0.0,86.63,18.78,67.85,0,0.029411764705882353,1,750,0.0,86.63,86.63,-18.78,0.0,1
Proposed_ShieldedQoE,tearsofsteel_short,4,34,1,1,750,901.3,7.68,8.55,0.0,86.63,0.0,86.63,0,0.02857142857142857,1,750,0.0,86.63,86.63,0.0,0.0,1
Proposed_ShieldedQoE,tearsofsteel_short,4,35,1,1,750,902.2,8.55,9.07,0.0,86.63,0.0,86.63,0,0.027777777777777776,1,750,0.0,86.63,86.63,0.0,0.0,1
Proposed_ShieldedQoE,tearsofsteel_short,4,36,1,1,750,901.0,9.07,8.01,0.0,86.63,0.0,86.63,0,0.02702702702702703,1,750,0.0,86.63,86.63,0.0,0.0,1
Proposed_ShieldedQoE,tearsofsteel_short,4,37,1,1,750,901.0,8.01,8.71,0.0,86.63,0.0,86.63,0,0.02631578947368421,2,1200,0.0,92.82,86.63,0.0,0.0,0
Proposed_ShieldedQoE,tearsofsteel_short,4,38,1,1,750,901.5,8.71,10.86,0.0,86.63,0.0,86.63,0,0.02564102564102564,2,1200,0.0,92.82,92.82,-6.189999999999998,0.0,0
Proposed_ShieldedQoE,tearsofsteel_short,4,39,1,1,750,871.6,10.86,13.48,0.0,86.63,0.0,86.63,0,0.025,2,1200,0.0,92.82,92.82,-6.189999999999998,0.0,0
Proposed_ShieldedQoE,tearsofsteel_short,4,40,1,1,750,901.6,13.48,13.28,0.0,86.63,0.0,86.63,0,0.024390243902439025,2,1200,0.0,92.82,92.82,-6.189999999999998,0.0,0
Proposed_ShieldedQoE,tearsofsteel_short,4,41,1,1,750,901.8,13.28,15.22,0.0,86.63,0.0,86.63,0,0.023809523809523808,2,1200,0.0,92.82,92.82,-6.189999999999998,0.0,0
Proposed_ShieldedQoE,tearsofsteel_short,4,42,1,1,750,901.0,15.22,17.77,0.0,86.63,0.0,86.63,0,0.023255813953488372,2,1200,0.0,92.82,92.82,-6.189999999999998,0.0,0
Proposed_ShieldedQoE,tearsofsteel_short,4,43,5,5,6000,900.8,17.77,19.57,0.0,98.49,11.86,86.63,0,0.022727272727272728,2,1200,0.0,92.82,92.82,-6.189999999999998,0.0,0
Proposed_ShieldedQoE,tearsofsteel_short,4,44,2,2,1200,900.8,19.57,16.86,0.0,92.82,5.67,87.15,0,0.022222222222222223,2,1200,0.0,92.82,92.82,-5.6699999999999875,0.0,1
Proposed_ShieldedQoE,tearsofsteel_short,4,45,2,2,1200,901.8,16.86,18.64,0.0,92.82,0.0,92.82,0,0.021739130434782608,3,1850,0.0,95.92,92.82,0.0,0.0,0
Proposed_ShieldedQoE,tearsofsteel_short,4,46,2,2,1200,900.7,18.64,20.09,0.0,92.82,0.0,92.82,0,0.02127659574468085,3,1850,0.0,95.92,95.92,-3.1000000000000085,0.0,0
Proposed_ShieldedQoE,tearsofsteel_short,4,47,2,2,1200,900.7,20.09,19.8,0.0,92.82,0.0,92.82,0,0.020833333333333332,3,1850,0.322,95.92,94.54,-1.720000000000013,-0.322,0
Proposed_ShieldedQoE,tearsofsteel_short,5,0,1,1,750,769.8,2.52,4.0,1.422,86.63,0.0,80.52,0,0.0,1,750,1.422,86.63,80.52,0.0,0.0,1
Proposed_ShieldedQoE,tearsofsteel_short,5,1,1,1,750,446.8,4.0,5.24,0.0,86.63,0.0,86.63,0,0.0,1,750,0.0,86.63,86.63,0.0,0.0,1
Proposed_ShieldedQoE,tearsofsteel_short,5,2,1,1,750,580.4,5.24,7.16,0.0,86.63,0.0,86.63,0,0.0,1,750,0.0,86.63,86.63,0.0,0.0,1
Proposed_ShieldedQoE,tearsofsteel_short,5,3,1,1,750,467.8,7.16,8.23,0.0,86.63,0.0,86.63,0,0.0,1,750,0.0,86.63,86.63,0.0,0.0,1
Proposed_ShieldedQoE,tearsofsteel_short,5,4,1,1,750,757.0,8.23,8.51,0.0,86.63,0.0,86.63,0,0.0,1,750,0.0,86.63,86.63,0.0,0.0,1
Proposed_ShieldedQoE,tearsofsteel_short,5,5,1,1,750,657.4,8.51,9.31,0.0,86.63,0.0,86.63,0,0.0,1,750,0.0,86.63,86.63,0.0,0.0,1
Proposed_ShieldedQoE,tearsofsteel_short,5,6,1,1,750,706.4,9.31,11.21,0.0,86.63,0.0,86.63,0,0.0,1,750,0.0,86.63,86.63,0.0,0.0,1
Proposed_ShieldedQoE,tearsofsteel_short,5,7,1,1,750,692.8,11.21,11.63,0.0,86.63,0.0,86.63,0,0.0,1,750,0.0,86.63,86.63,0.0,0.0,1
Proposed_ShieldedQoE,tearsofsteel_short,5,8,1,1,750,989.6,11.63,10.78,0.0,86.63,0.0,86.63,0,0.0,1,750,0.0,86.63,86.63,0.0,0.0,1
Proposed_ShieldedQoE,tearsofsteel_short,5,9,1,1,750,601.9,10.78,8.6,0.0,86.63,0.0,86.63,0,0.0,1,750,0.0,86.63,86.63,0.0,0.0,1
Proposed_ShieldedQoE,tearsofsteel_short,5,10,1,1,750,1009.6,8.6,9.8,0.0,86.63,0.0,86.63,0,0.0,1,750,0.0,86.63,86.63,0.0,0.0,1
Proposed_ShieldedQoE,tearsofsteel_short,5,11,1,1,750,645.2,9.8,10.48,0.0,86.63,0.0,86.63,0,0.0,1,750,0.0,86.63,86.63,0.0,0.0,1
Proposed_ShieldedQoE,tearsofsteel_short,5,12,1,1,750,418.7,10.48,4.0,6.317,86.63,0.0,59.47,0,0.0,1,750,6.317,86.63,59.47,0.0,0.0,1
Proposed_ShieldedQoE,tearsofsteel_short,5,13,0,0,300,877.1,4.0,6.2,0.0,67.85,18.78,49.07,0,0.0,1,750,0.498,86.63,84.49,-35.419999999999995,-0.498,0
Proposed_ShieldedQoE,tearsofsteel_short,5,14,0,0,300,465.1,6.2,7.99,0.0,67.85,0.0,67.85,0,0.0,1,750,1.534,86.63,80.04,-12.190000000000012,-1.534,0
Proposed_ShieldedQoE,tearsofsteel_short,5,15,0,0,300,398.4,7.99,8.22,0.0,67.85,0.0,67.85,0,0.0,1,750,5.412,86.63,63.36,4.489999999999995,-5.412,0
Proposed_ShieldedQoE,tearsofsteel_short,5,16,0,0,300,859.7,8.22,10.18,0.0,67.85,0.0,67.85,0,0.0,1,750,1.117,86.63,81.83,-13.980000000000004,-1.117,0
Proposed_ShieldedQoE,tearsofsteel_short,5,17,4,4,2850,1070.5,10.18,12.13,0.0,97.6,29.75,67.85,0,0.0,1,750,0.0,86.63,86.63,-18.78,0.0,0
Proposed_ShieldedQoE,tearsofsteel_short,5,18,1,1,750,875.5,12.13,13.2,0.0,86.63,10.97,75.66,0,0.0,1,750,0.0,86.63,86.63,-10.969999999999999,0.0,1
Proposed_ShieldedQoE,tearsofsteel_short,5,19,1,1,750,441.8,13.2,12.64,0.0,86.63,0.0,86.63,0,0.0,1,750,0.0,86.63,86.63,0.0,0.0,1
Proposed_ShieldedQoE,tearsofsteel_short,5,20,1,1,750,813.4,12.64,12.18,0.0,86.63,0.0,86.63,0,0.0,1,750,0.0,86.63,86.63,0.0,0.0,1
Proposed_ShieldedQoE,tearsofsteel_short,5,21,1,1,750,740.3,12.18,13.93,0.0,86.63,0.0,86.63,0,0.0,1,750,0.0,86.63,86.63,0.0,0.0,1
Proposed_ShieldedQoE,tearsofsteel_short,5,22,1,1,750,992.4,13.93,16.72,0.0,86.63,0.0,86.63,0,0.0,1,750,0.0,86.63,86.63,0.0,0.0,1
Proposed_ShieldedQoE,tearsofsteel_short,5,23,5,5,6000,597.7,16.72,17.51,0.0,98.49,11.86,86.63,0,0.0,1,750,0.0,86.63,86.63,0.0,0.0,0
Proposed_ShieldedQoE,tearsofsteel_short,5,24,2,2,1200,985.9,17.51,16.08,0.0,92.82,5.67,87.15,0,0.0,1,750,0.0,86.63,86.63,0.5200000000000102,0.0,0
Proposed_ShieldedQoE,tearsofsteel_short,5,25,2,2,1200,1089.2,16.08,16.75,0.0,92.82,0.0,92.82,0,0.0,1,750,0.0,86.63,86.63,6.189999999999998,0.0,0
Proposed_ShieldedQoE,tearsofsteel_short,5,26,2,2,1200,960.4,16.75,17.31,0.0,92.82,0.0,92.82,0,0.0,1,750,0.0,86.63,86.63,6.189999999999998,0.0,0
Proposed_ShieldedQoE,tearsofsteel_short,5,27,2,2,1200,1012.1,17.31,16.31,0.0,92.82,0.0,92.82,0,0.0,1,750,0.0,86.63,86.63,6.189999999999998,0.0,0
Proposed_ShieldedQoE,tearsofsteel_short,5,28,2,2,1200,1111.0,16.31,11.79,0.0,92.82,0.0,92.82,0,0.0,1,750,0.0,86.63,86.63,6.189999999999998,0.0,0
Proposed_ShieldedQoE,tearsofsteel_short,5,29,2,2,1200,496.6,11.79,7.86,0.0,92.82,0.0,92.82,0,0.0,1,750,0.0,86.63,86.63,6.189999999999998,0.0,0
Proposed_ShieldedQoE,tearsofsteel_short,5,30,0,0,300,947.0,7.86,8.15,0.0,67.85,24.97,42.88,0,0.0,1,750,0.0,86.63,86.63,-43.74999999999999,0.0,0
Proposed_ShieldedQoE,tearsofsteel_short,5,31,1,1,750,619.6,8.15,6.01,0.0,86.63,18.78,67.85,0,0.0,1,750,0.0,86.63,86.63,-18.78,0.0,1
Proposed_ShieldedQoE,tearsofsteel_short,5,32,1,1,750,672.1,6.01,4.0,3.072,86.63,0.0,73.42,0,0.0,1,750,0.0,86.63,86.63,-13.209999999999994,3.072,1
Proposed_ShieldedQoE,tearsofsteel_short,5,33,1,1,750,543.4,4.0,4.0,0.909,86.63,0.0,82.72,0,0.0,1,750,0.0,86.63,86.63,-3.9099999999999966,0.909,1
Proposed_ShieldedQoE,tearsofsteel_short,5,34,1,1,750,592.0,4.0,4.0,0.771,86.63,0.0,83.32,0,0.0,1,750,0.0,86.63,86.63,-3.3100000000000023,0.771,1
Proposed_ShieldedQoE,tearsofsteel_short,5,35,1,1,750,1887.9,4.0,6.34,0.0,86.63,0.0,86.63,0,0.0,1,750,0.0,86.63,86.63,0.0,0.0,1
Proposed_ShieldedQoE,tearsofsteel_short,5,36,1,1,750,1492.5,6.34,7.29,0.0,86.63,0.0,86.63,0,0.0,1,750,0.0,86.63,86.63,0.0,0.0,1
Proposed_ShieldedQoE,tearsofsteel_short,5,37,1,1,750,490.0,7.29,5.22,0.0,86.63,0.0,86.63,0,0.0,1,750,0.0,86.63,86.63,0.0,0.0,1
Proposed_ShieldedQoE,tearsofsteel_short,5,38,1,1,750,379.4,5.22,4.81,0.0,86.63,0.0,86.63,0,0.0,1,750,0.0,86.63,86.63,0.0,0.0,1
Proposed_ShieldedQoE,tearsofsteel_short,5,39,1,1,750,720.7,4.81,7.14,0.0,86.63,0.0,86.63,0,0.0,1,750,0.0,86.63,86.63,0.0,0.0,1
Proposed_ShieldedQoE,tearsofsteel_short,5,40,1,1,750,448.7,7.14,4.0,1.302,86.63,0.0,81.03,0,0.0,1,750,0.0,86.63,86.63,-5.599999999999994,1.302,1
Proposed_ShieldedQoE,tearsofsteel_short,5,41,1,1,750,632.6,4.0,5.07,0.0,86.63,0.0,86.63,0,0.0,1,750,0.0,86.63,86.63,0.0,0.0,1
Proposed_ShieldedQoE,tearsofsteel_short,5,42,1,1,750,759.8,5.07,7.34,0.0,86.63,0.0,86.63,0,0.0,2,1200,0.0,92.82,86.63,0.0,0.0,0
Proposed_ShieldedQoE,tearsofsteel_short,5,43,1,1,750,752.4,7.34,9.7,0.0,86.63,0.0,86.63,0,0.0,2,1200,0.0,92.82,92.82,-6.189999999999998,0.0,0
Proposed_ShieldedQoE,tearsofsteel_short,5,44,1,1,750,629.1,9.7,7.7,0.0,86.63,0.0,86.63,0,0.0,2,1200,0.333,92.82,91.39,-4.760000000000005,-0.333,0
Proposed_ShieldedQoE,tearsofsteel_short,5,45,1,1,750,1034.1,7.7,10.48,0.0,86.63,0.0,86.63,0,0.0,2,1200,0.0,92.82,92.82,-6.189999999999998,0.0,0
Proposed_ShieldedQoE,tearsofsteel_short,5,46,1,1,750,683.1,10.48,12.39,0.0,86.63,0.0,86.63,0,0.0,2,1200,0.0,92.82,92.82,-6.189999999999998,0.0,0
Proposed_ShieldedQoE,tearsofsteel_short,5,47,1,1,750,707.4,12.39,12.97,0.0,86.63,0.0,86.63,0,0.0,2,1200,0.0,92.82,92.82,-6.189999999999998,0.0,0
Proposed_ShieldedQoE,tearsofsteel_short,6,0,0,0,300,587.0,1.36,4.0,0.71,67.85,0.0,64.8,0,0.0,1,750,3.811,86.63,70.24,-5.439999999999998,-3.101,0
Proposed_ShieldedQoE,tearsofsteel_short,6,1,0,0,300,787.1,4.0,7.37,0.0,67.85,0.0,67.85,0,0.0,1,750,0.0,86.63,86.63,-18.78,0.0,0
Proposed_ShieldedQoE,tearsofsteel_short,6,2,4,4,2850,677.6,7.37,9.59,0.0,97.6,29.75,67.85,0,0.0,1,750,0.0,86.63,86.63,-18.78,0.0,0
Proposed_ShieldedQoE,tearsofsteel_short,6,3,1,1,750,650.6,9.59,11.49,0.0,86.63,10.97,75.66,0,0.0,1,750,0.0,86.63,86.63,-10.969999999999999,0.0,1
Proposed_ShieldedQoE,tearsofsteel_short,6,4,1,1,750,725.7,11.49,11.6,0.0,86.63,0.0,86.63,0,0.0,1,750,0.0,86.63,86.63,0.0,0.0,1
Proposed_ShieldedQoE,tearsofsteel_short,6,5,1,1,750,824.8,11.6,13.05,0.0,86.63,0.0,86.63,0,0.0,1,750,0.0,86.63,86.63,0.0,0.0,1
Proposed_ShieldedQoE,tearsofsteel_short,6,6,1,1,750,252.3,13.05,11.16,0.0,86.63,0.0,86.63,0,0.0,1,750,0.0,86.63,86.63,0.0,0.0,1
Proposed_ShieldedQoE,tearsofsteel_short,6,7,1,1,750,761.1,11.16,11.9,0.0,86.63,0.0,86.63,0,0.0,1,750,0.0,86.63,86.63,0.0,0.0,1
Proposed_ShieldedQoE,tearsofsteel_short,6,8,1,1,750,502.5,11.9,6.36,0.0,86.63,0.0,86.63,0,0.0,1,750,0.0,86.63,86.63,0.0,0.0,1
Proposed_ShieldedQoE,tearsofsteel_short,6,9,1,1,750,618.3,6.36,4.35,0.0,86.63,0.0,86.63,0,0.0,1,750,0.593,86.63,84.08,2.549999999999997,-0.593,1
Proposed_ShieldedQoE,tearsofsteel_short,6,10,1,1,750,583.5,4.35,4.0,0.508,86.63,0.0,84.44,0,0.0,1,750,0.855,86.63,82.95,1.4899999999999949,-0.347,1
Proposed_ShieldedQoE,tearsofsteel_short,6,11,1,1,750,488.0,4.0,4.0,0.387,86.63,0.0,84.96,0,0.0,1,750,0.387,86.63,84.96,0.0,0.0,1
Proposed_ShieldedQoE,tearsofsteel_short,6,12,0,0,300,778.7,4.0,4.39,0.0,67.85,18.78,49.07,0,0.0,1,750,5.031,86.63,65.0,-15.93,-5.031,0
Proposed_ShieldedQoE,tearsofsteel_short,6,13,0,0,300,653.2,4.39,5.97,0.0,67.85,0.0,67.85,0,0.0,1,750,2.041,86.63,77.85,-10.0,-2.041,0
Proposed_ShieldedQoE,tearsofsteel_short,6,14,0,0,300,587.3,5.97,8.22,0.0,67.85,0.0,67.85,0,0.0,1,750,0.383,86.63,84.98,-17.13000000000001,-0.383,0
Proposed_ShieldedQoE,tearsofsteel_short,6,15,0,0,300,472.8,8.22,9.05,0.0,67.85,0.0,67.85,0,0.0,1,750,3.931,86.63,69.73,-1.8800000000000097,-3.931,0
Proposed_ShieldedQoE,tearsofsteel_short,6,16,0,0,300,790.7,9.05,10.82,0.0,67.85,0.0,67.85,0,0.0,1,750,1.563,86.63,79.91,-12.060000000000002,-1.563,0
Proposed_ShieldedQoE,tearsofsteel_short,6,17,4,4,2850,576.4,10.82,11.02,0.0,97.6,29.75,67.85,0,0.0,1,750,0.0,86.63,86.63,-18.78,0.0,0
Proposed_ShieldedQoE,tearsofsteel_short,6,18,1,1,750,793.4,11.02,11.79,0.0,86.63,10.97,75.66,0,0.0,1,750,0.0,86.63,86.63,-10.969999999999999,0.0,1
Proposed_ShieldedQoE,tearsofsteel_short,6,19,1,1,750,446.8,11.79,11.28,0.0,86.63,0.0,86.63,0,0.0,1,750,0.0,86.63,86.63,0.0,0.0,1
Proposed_ShieldedQoE,tearsofsteel_short,6,20,1,1,750,561.7,11.28,8.82,0.0,86.63,0.0,86.63,0,0.0,1,750,2.006,86.63,78.01,8.61999999999999,-2.006,1
Proposed_ShieldedQoE,tearsofsteel_short,6,21,1,1,750,529.7,8.82,9.68,0.0,86.63,0.0,86.63,0,0.0,1,750,0.0,86.63,86.63,0.0,0.0,1
Proposed_ShieldedQoE,tearsofsteel_short,6,22,1,1,750,362.6,9.68,10.37,0.0,86.63,0.0,86.63,0,0.0,1,750,0.0,86.63,86.63,0.0,0.0,1
Proposed_ShieldedQoE,tearsofsteel_short,6,23,1,1,750,712.6,10.37,12.68,0.0,86.63,0.0,86.63,0,0.0,1,750,0.0,86.63,86.63,0.0,0.0,1
Proposed_ShieldedQoE,tearsofsteel_short,6,24,1,1,750,475.3,12.68,9.65,0.0,86.63,0.0,86.63,0,0.0,1,750,0.0,86.63,86.63,0.0,0.0,1
Proposed_ShieldedQoE,tearsofsteel_short,6,25,1,1,750,474.9,9.65,8.87,0.0,86.63,0.0,86.63,0,0.0,1,750,0.0,86.63,86.63,0.0,0.0,1
Proposed_ShieldedQoE,tearsofsteel_short,6,26,1,1,750,616.4,8.87,9.52,0.0,86.63,0.0,86.63,0,0.0,1,750,0.0,86.63,86.63,0.0,0.0,1
Proposed_ShieldedQoE,tearsofsteel_short,6,27,1,1,750,428.1,9.52,6.14,0.0,86.63,0.0,86.63,0,0.0,1,750,2.674,86.63,75.13,11.5,-2.674,1
Proposed_ShieldedQoE,tearsofsteel_short,6,28,0,0,300,475.6,6.14,5.17,0.0,67.85,18.78,49.07,0,0.0,1,750,8.44,86.63,50.34,-1.2700000000000031,-8.44,0
Proposed_ShieldedQoE,tearsofsteel_short,6,29,0,0,300,809.7,5.17,7.95,0.0,67.85,0.0,67.85,0,0.0,1,750,0.0,86.63,86.63,-18.78,0.0,0
Proposed_ShieldedQoE,tearsofsteel_short,6,30,0,0,300,699.9,7.95,9.94,0.0,67.85,0.0,67.85,0,0.0,1,750,0.063,86.63,86.36,-18.510000000000005,-0.063,0
Proposed_ShieldedQoE,tearsofsteel_short,6,31,0,0,300,420.5,9.94,10.32,0.0,67.85,0.0,67.85,0,0.0,1,750,5.047,86.63,64.93,2.9199999999999875,-5.047,0
Proposed_ShieldedQoE,tearsofsteel_short,6,32,0,0,300,473.9,10.32,9.17,0.0,67.85,0.0,67.85,0,0.0,1,750,8.885,86.63,48.42,19.429999999999993,-8.885,0
Proposed_ShieldedQoE,tearsofsteel_short,6,33,0,0,300,654.6,9.17,11.54,0.0,67.85,0.0,67.85,0,0.0,1,750,0.075,86.63,86.31,-18.460000000000008,-0.075,0
Proposed_ShieldedQoE,tearsofsteel_short,6,34,0,0,300,689.7,11.54,13.9,0.0,67.85,0.0,67.85,0,0.0,1,750,0.095,86.63,86.22,-18.370000000000005,-0.095,0
Proposed_ShieldedQoE,tearsofsteel_short,6,35,4,4,2850,677.2,13.9,13.27,0.0,97.6,29.75,67.85,0,0.0,1,750,0.631,86.63,83.92,-16.070000000000007,-0.631,0
Proposed_ShieldedQoE,tearsofsteel_short,6,36,1,1,750,444.9,13.27,7.03,0.0,86.63,10.97,75.66,0,0.0,1,750,6.238,86.63,59.81,15.849999999999994,-6.238,1
Proposed_ShieldedQoE,tearsofsteel_short,6,37,1,1,750,795.5,7.03,7.29,0.0,86.63,0.0,86.63,0,0.0,1,750,0.0,86.63,86.63,0.0,0.0,1
Proposed_ShieldedQoE,tearsofsteel_short,6,38,1,1,750,664.8,7.29,8.78,0.0,86.63,0.0,86.63,0,0.0,1,750,0.0,86.63,86.63,0.0,0.0,1
Proposed_ShieldedQoE,tearsofsteel_short,6,39,1,1,750,743.5,8.78,11.16,0.0,86.63,0.0,86.63,0,0.0,1,750,0.0,86.63,86.63,0.0,0.0,1
Proposed_ShieldedQoE,tearsofsteel_short,6,40,1,1,750,649.3,11.16,9.32,0.0,86.63,0.0,86.63,0,0.0,1,750,0.0,86.63,86.63,0.0,0.0,1
Proposed_ShieldedQoE,tearsofsteel_short,6,41,1,1,750,598.7,9.32,10.22,0.0,86.63,0.0,86.63,0,0.0,1,750,0.0,86.63,86.63,0.0,0.0,1
Proposed_ShieldedQoE,tearsofsteel_short,6,42,1,1,750,981.2,10.22,12.89,0.0,86.63,0.0,86.63,0,0.0,2,1200,0.0,92.82,86.63,0.0,0.0,0
Proposed_ShieldedQoE,tearsofsteel_short,6,43,1,1,750,1001.1,12.89,15.65,0.0,86.63,0.0,86.63,0,0.0,2,1200,0.0,92.82,92.82,-6.189999999999998,0.0,0
Proposed_ShieldedQoE,tearsofsteel_short,6,44,1,1,750,505.3,15.65,12.18,0.0,86.63,0.0,86.63,0,0.0,2,1200,0.873,92.82,89.06,-2.430000000000007,-0.873,0
Proposed_ShieldedQoE,tearsofsteel_short,6,45,1,1,750,571.6,12.18,13.99,0.0,86.63,0.0,86.63,0,0.0,2,1200,0.0,92.82,92.82,-6.189999999999998,0.0,0
Proposed_ShieldedQoE,tearsofsteel_short,6,46,1,1,750,594.1,13.99,15.58,0.0,86.63,0.0,86.63,0,0.0,2,1200,0.0,92.82,92.82,-6.189999999999998,0.0,0
Proposed_ShieldedQoE,tearsofsteel_short,6,47,1,1,750,930.5,15.58,16.98,0.0,86.63,0.0,86.63,0,0.0,2,1200,0.0,92.82,92.82,-6.189999999999998,0.0,0
Proposed_ShieldedQoE,tearsofsteel_short,7,0,1,1,750,985.5,2.74,4.0,0.336,86.63,0.0,85.18,0,0.0,1,750,0.336,86.63,85.18,0.0,0.0,1
Proposed_ShieldedQoE,tearsofsteel_short,7,1,1,1,750,1147.8,4.0,6.93,0.0,86.63,0.0,86.63,0,0.0,1,750,0.0,86.63,86.63,0.0,0.0,1
Proposed_ShieldedQoE,tearsofsteel_short,7,2,5,1,750,330.5,6.93,7.26,0.0,86.63,0.0,86.63,1,0.3333333333333333,1,750,0.0,86.63,86.63,0.0,0.0,1
Proposed_ShieldedQoE,tearsofsteel_short,7,3,1,1,750,954.6,7.26,9.83,0.0,86.63,0.0,86.63,0,0.25,1,750,0.0,86.63,86.63,0.0,0.0,1
Proposed_ShieldedQoE,tearsofsteel_short,7,4,1,1,750,417.9,9.83,7.08,0.0,86.63,0.0,86.63,0,0.2,1,750,0.0,86.63,86.63,0.0,0.0,1
Proposed_ShieldedQoE,tearsofsteel_short,7,5,1,1,750,1051.5,7.08,9.08,0.0,86.63,0.0,86.63,0,0.16666666666666666,1,750,0.0,86.63,86.63,0.0,0.0,1
Proposed_ShieldedQoE,tearsofsteel_short,7,6,1,1,750,582.7,9.08,10.53,0.0,86.63,0.0,86.63,0,0.14285714285714285,1,750,0.0,86.63,86.63,0.0,0.0,1
Proposed_ShieldedQoE,tearsofsteel_short,7,7,1,1,750,1084.0,10.53,12.25,0.0,86.63,0.0,86.63,0,0.125,1,750,0.0,86.63,86.63,0.0,0.0,1
Proposed_ShieldedQoE,tearsofsteel_short,7,8,1,1,750,1091.8,12.25,11.86,0.0,86.63,0.0,86.63,0,0.1111111111111111,1,750,0.0,86.63,86.63,0.0,0.0,1
Proposed_ShieldedQoE,tearsofsteel_short,7,9,1,1,750,948.6,11.86,11.93,0.0,86.63,0.0,86.63,0,0.1,1,750,0.0,86.63,86.63,0.0,0.0,1
Proposed_ShieldedQoE,tearsofsteel_short,7,10,1,1,750,778.8,11.93,12.29,0.0,86.63,0.0,86.63,0,0.09090909090909091,1,750,0.0,86.63,86.63,0.0,0.0,1
Proposed_ShieldedQoE,tearsofsteel_short,7,11,1,1,750,912.3,12.29,13.95,0.0,86.63,0.0,86.63,0,0.08333333333333333,1,750,0.0,86.63,86.63,0.0,0.0,1
Proposed_ShieldedQoE,tearsofsteel_short,7,12,1,1,750,868.3,13.95,9.85,0.0,86.63,0.0,86.63,0,0.07692307692307693,1,750,0.0,86.63,86.63,0.0,0.0,1
Proposed_ShieldedQoE,tearsofsteel_short,7,13,1,1,750,591.5,9.85,7.18,0.0,86.63,0.0,86.63,0,0.07142857142857142,1,750,0.0,86.63,86.63,0.0,0.0,1
Proposed_ShieldedQoE,tearsofsteel_short,7,14,1,1,750,826.8,7.18,8.07,0.0,86.63,0.0,86.63,0,0.06666666666666667,1,750,0.0,86.63,86.63,0.0,0.0,1
Proposed_ShieldedQoE,tearsofsteel_short,7,15,1,1,750,746.7,8.07,7.04,0.0,86.63,0.0,86.63,0,0.0625,1,750,0.0,86.63,86.63,0.0,0.0,1
Proposed_ShieldedQoE,tearsofsteel_short,7,16,1,1,750,1083.7,7.04,6.98,0.0,86.63,0.0,86.63,0,0.058823529411764705,1,750,0.0,86.63,86.63,0.0,0.0,1
Proposed_ShieldedQoE,tearsofsteel_short,7,17,1,1,750,314.5,6.98,4.02,0.0,86.63,0.0,86.63,0,0.05555555555555555,1,750,0.0,86.63,86.63,0.0,0.0,1
Proposed_ShieldedQoE,tearsofsteel_short,7,18,0,0,300,896.8,4.02,6.88,0.0,67.85,18.78,49.07,0,0.05263157894736842,1,750,0.0,86.63,86.63,-37.559999999999995,0.0,0
Proposed_ShieldedQoE,tearsofsteel_short,7,19,4,4,2850,698.3,6.88,7.99,0.0,97.6,29.75,67.85,0,0.05,1,750,0.0,86.63,86.63,-18.78,0.0,0
Proposed_ShieldedQoE,tearsofsteel_short,7,20,1,1,750,821.6,7.99,7.57,0.0,86.63,10.97,75.66,0,0.047619047619047616,1,750,0.0,86.63,86.63,-10.969999999999999,0.0,1
Proposed_ShieldedQoE,tearsofsteel_short,7,21,1,1,750,866.4,7.57,9.65,0.0,86.63,0.0,86.63,0,0.045454545454545456,1,750,0.0,86.63,86.63,0.0,0.0,1
Proposed_ShieldedQoE,tearsofsteel_short,7,22,1,1,750,1244.4,9.65,12.69,0.0,86.63,0.0,86.63,0,0.043478260869565216,1,750,0.0,86.63,86.63,0.0,0.0,1
Proposed_ShieldedQoE,tearsofsteel_short,7,23,5,5,6000,525.3,12.69,13.03,0.0,98.49,11.86,86.63,0,0.041666666666666664,1,750,0.0,86.63,86.63,0.0,0.0,0
Proposed_ShieldedQoE,tearsofsteel_short,7,24,1,1,750,404.9,13.03,8.77,0.0,86.63,11.86,74.77,0,0.04,1,750,0.0,86.63,86.63,-11.86,0.0,1
Proposed_ShieldedQoE,tearsofsteel_short,7,25,1,1,750,814.0,8.77,9.99,0.0,86.63,0.0,86.63,0,0.038461538461538464,1,750,0.0,86.63,86.63,0.0,0.0,1
Proposed_ShieldedQoE,tearsofsteel_short,7,26,1,1,750,719.0,9.99,11.11,0.0,86.63,0.0,86.63,0,0.037037037037037035,1,750,0.0,86.63,86.63,0.0,0.0,1
Proposed_ShieldedQoE,tearsofsteel_short,7,27,1,1,750,932.1,11.11,11.72,0.0,86.63,0.0,86.63,0,0.03571428571428571,1,750,0.0,86.63,86.63,0.0,0.0,1
Proposed_ShieldedQoE,tearsofsteel_short,7,28,1,1,750,934.7,11.72,9.39,0.0,86.63,0.0,86.63,0,0.034482758620689655,1,750,0.0,86.63,86.63,0.0,0.0,1
Proposed_ShieldedQoE,tearsofsteel_short,7,29,1,1,750,887.2,9.39,10.62,0.0,86.63,0.0,86.63,0,0.03333333333333333,1,750,0.0,86.63,86.63,0.0,0.0,1
Proposed_ShieldedQoE,tearsofsteel_short,7,30,1,1,750,693.7,10.62,9.55,0.0,86.63,0.0,86.63,0,0.03225806451612903,1,750,0.0,86.63,86.63,0.0,0.0,1
Proposed_ShieldedQoE,tearsofsteel_short,7,31,1,1,750,752.9,9.55,8.5,0.0,86.63,0.0,86.63,0,0.03125,1,750,0.0,86.63,86.63,0.0,0.0,1
Proposed_ShieldedQoE,tearsofsteel_short,7,32,1,0,300,320.6,8.5,4.88,0.0,67.85,18.78,49.07,1,0.06060606060606061,1,750,10.893,86.63,39.79,9.280000000000001,-10.893,0
Proposed_ShieldedQoE,tearsofsteel_short,7,33,0,0,300,577.7,4.88,7.03,0.0,67.85,0.0,67.85,0,0.058823529411764705,1,750,0.618,86.63,83.97,-16.120000000000005,-0.618,0
Proposed_ShieldedQoE,tearsofsteel_short,7,34,0,0,300,952.6,7.03,9.85,0.0,67.85,0.0,67.85,0,0.05714285714285714,1,750,0.0,86.63,86.63,-18.78,0.0,0
Proposed_ShieldedQoE,tearsofsteel_short,7,35,4,4,2850,730.6,9.85,9.55,0.0,97.6,29.75,67.85,0,0.05555555555555555,1,750,0.0,86.63,86.63,-18.78,0.0,0
Proposed_ShieldedQoE,tearsofsteel_short,7,36,1,1,750,1298.9,9.55,10.05,0.0,86.63,10.97,75.66,0,0.05405405405405406,1,750,0.0,86.63,86.63,-10.969999999999999,0.0,1
Proposed_ShieldedQoE,tearsofsteel_short,7,37,1,1,750,1115.9,10.05,11.38,0.0,86.63,0.0,86.63,0,0.05263157894736842,1,750,0.0,86.63,86.63,0.0,0.0,1
Proposed_ShieldedQoE,tearsofsteel_short,7,38,1,1,750,385.1,11.38,11.04,0.0,86.63,0.0,86.63,0,0.05128205128205128,1,750,0.0,86.63,86.63,0.0,0.0,1
Proposed_ShieldedQoE,tearsofsteel_short,7,39,1,1,750,838.5,11.04,13.61,0.0,86.63,0.0,86.63,0,0.05,2,1200,0.0,92.82,86.63,0.0,0.0,0
Proposed_ShieldedQoE,tearsofsteel_short,7,40,1,1,750,804.9,13.61,12.9,0.0,86.63,0.0,86.63,0,0.04878048780487805,2,1200,0.0,92.82,92.82,-6.189999999999998,0.0,0
Proposed_ShieldedQoE,tearsofsteel_short,7,41,1,1,750,942.1,12.9,14.93,0.0,86.63,0.0,86.63,0,0.047619047619047616,2,1200,0.0,92.82,92.82,-6.189999999999998,0.0,0
Proposed_ShieldedQoE,tearsofsteel_short,7,42,1,1,750,999.5,14.93,17.62,0.0,86.63,0.0,86.63,0,0.046511627906976744,2,1200,0.0,92.82,92.82,-6.189999999999998,0.0,0
Proposed_ShieldedQoE,tearsofsteel_short,7,43,5,5,6000,1003.0,17.62,19.64,0.0,98.49,11.86,86.63,0,0.045454545454545456,2,1200,0.0,92.82,92.82,-6.189999999999998,0.0,0
Proposed_ShieldedQoE,tearsofsteel_short,7,44,2,2,1200,835.4,19.64,16.41,0.0,92.82,5.67,87.15,0,0.044444444444444446,2,1200,0.0,92.82,92.82,-5.6699999999999875,0.0,1
Proposed_ShieldedQoE,tearsofsteel_short,7,45,2,2,1200,797.9,16.41,17.9,0.0,92.82,0.0,92.82,0,0.043478260869565216,3,1850,0.0,95.92,92.82,0.0,0.0,0
Proposed_ShieldedQoE,tearsofsteel_short,7,46,2,2,1200,967.8,17.9,19.53,0.0,92.82,0.0,92.82,0,0.0425531914893617,3,1850,0.0,95.92,95.92,-3.1000000000000085,0.0,0
Proposed_ShieldedQoE,tearsofsteel_short,7,47,2,2,1200,875.4,19.53,19.11,0.0,92.82,0.0,92.82,0,0.041666666666666664,3,1850,0.388,95.92,94.25,-1.4300000000000068,-0.388,0
Proposed_ShieldedQoE,tearsofsteel_short,8,0,1,1,750,891.0,2.97,4.0,0.438,86.63,0.0,84.75,0,0.0,1,750,0.438,86.63,84.75,0.0,0.0,1
Proposed_ShieldedQoE,tearsofsteel_short,8,1,1,1,750,891.2,4.0,6.62,0.0,86.63,0.0,86.63,0,0.0,2,1200,0.0,92.82,86.63,0.0,0.0,0
Proposed_ShieldedQoE,tearsofsteel_short,8,2,1,1,750,890.8,6.62,9.26,0.0,86.63,0.0,86.63,0,0.0,2,1200,0.0,92.82,92.82,-6.189999999999998,0.0,0
Proposed_ShieldedQoE,tearsofsteel_short,8,3,1,1,750,879.8,9.26,11.7,0.0,86.63,0.0,86.63,0,0.0,2,1200,0.0,92.82,92.82,-6.189999999999998,0.0,0
Proposed_ShieldedQoE,tearsofsteel_short,8,4,1,1,750,841.8,11.7,12.35,0.0,86.63,0.0,86.63,0,0.0,2,1200,0.0,92.82,92.82,-6.189999999999998,0.0,0
Proposed_ShieldedQoE,tearsofsteel_short,8,5,1,1,750,900.4,12.35,14.02,0.0,86.63,0.0,86.63,0,0.0,2,1200,0.0,92.82,92.82,-6.189999999999998,0.0,0
Proposed_ShieldedQoE,tearsofsteel_short,8,6,1,1,750,897.6,14.02,16.36,0.0,86.63,0.0,86.63,0,0.0,2,1200,0.0,92.82,92.82,-6.189999999999998,0.0,0
Proposed_ShieldedQoE,tearsofsteel_short,8,7,1,1,750,884.1,16.36,17.56,0.0,86.63,0.0,86.63,0,0.0,1,750,0.0,86.63,80.44,6.189999999999998,0.0,1
Proposed_ShieldedQoE,tearsofsteel_short,8,8,1,1,750,901.1,17.56,16.24,0.0,86.63,0.0,86.63,0,0.0,1,750,0.0,86.63,86.63,0.0,0.0,1
Proposed_ShieldedQoE,tearsofsteel_short,8,9,1,1,750,882.9,16.24,16.03,0.0,86.63,0.0,86.63,0,0.0,1,750,0.0,86.63,86.63,0.0,0.0,1
Proposed_ShieldedQoE,tearsofsteel_short,8,10,1,1,750,901.2,16.03,16.88,0.0,86.63,0.0,86.63,0,0.0,1,750,0.0,86.63,86.63,0.0,0.0,1
Proposed_ShieldedQoE,tearsofsteel_short,8,11,1,1,750,900.7,16.88,18.51,0.0,86.63,0.0,86.63,0,0.0,1,750,0.0,86.63,86.63,0.0,0.0,1
Proposed_ShieldedQoE,tearsofsteel_short,8,12,1,1,750,901.6,18.51,14.7,0.0,86.63,0.0,86.63,0,0.0,1,750,0.0,86.63,86.63,0.0,0.0,1
Proposed_ShieldedQoE,tearsofsteel_short,8,13,1,1,750,900.5,14.7,14.32,0.0,86.63,0.0,86.63,0,0.0,1,750,0.0,86.63,86.63,0.0,0.0,1
Proposed_ShieldedQoE,tearsofsteel_short,8,14,1,1,750,900.3,14.32,15.46,0.0,86.63,0.0,86.63,0,0.0,1,750,0.0,86.63,86.63,0.0,0.0,1
Proposed_ShieldedQoE,tearsofsteel_short,8,15,1,1,750,897.1,15.46,15.28,0.0,86.63,0.0,86.63,0,0.0,1,750,0.0,86.63,86.63,0.0,0.0,1
Proposed_ShieldedQoE,tearsofsteel_short,8,16,1,1,750,902.5,15.28,14.41,0.0,86.63,0.0,86.63,0,0.0,1,750,0.0,86.63,86.63,0.0,0.0,1
Proposed_ShieldedQoE,tearsofsteel_short,8,17,1,1,750,807.4,14.41,15.7,0.0,86.63,0.0,86.63,0,0.0,2,1200,0.0,92.82,86.63,0.0,0.0,0
Proposed_ShieldedQoE,tearsofsteel_short,8,18,1,1,750,902.0,15.7,16.86,0.0,86.63,0.0,86.63,0,0.0,2,1200,0.0,92.82,92.82,-6.189999999999998,0.0,0
Proposed_ShieldedQoE,tearsofsteel_short,8,19,1,1,750,900.4,16.86,18.62,0.0,86.63,0.0,86.63,0,0.0,2,1200,0.0,92.82,92.82,-6.189999999999998,0.0,0
Proposed_ShieldedQoE,tearsofsteel_short,8,20,1,1,750,902.0,18.62,18.59,0.0,86.63,0.0,86.63,0,0.0,2,1200,0.0,92.82,92.82,-6.189999999999998,0.0,0
Proposed_ShieldedQoE,tearsofsteel_short,8,21,1,1,750,901.2,18.59,20.75,0.0,86.63,0.0,86.63,0,0.0,2,1200,0.0,92.82,92.82,-6.189999999999998,0.0,0
Proposed_ShieldedQoE,tearsofsteel_short,8,22,5,5,6000,900.6,20.75,22.62,0.0,98.49,11.86,86.63,0,0.0,2,1200,0.0,92.82,92.82,-6.189999999999998,0.0,0
Proposed_ShieldedQoE,tearsofsteel_short,8,23,2,2,1200,902.1,22.62,24.49,0.0,92.82,5.67,87.15,0,0.0,2,1200,0.0,92.82,92.82,-5.6699999999999875,0.0,1
Proposed_ShieldedQoE,tearsofsteel_short,8,24,2,2,1200,901.1,24.49,22.55,0.0,92.82,0.0,92.82,0,0.0,2,1200,0.0,92.82,92.82,0.0,0.0,1
Proposed_ShieldedQoE,tearsofsteel_short,8,25,2,2,1200,899.4,22.55,22.52,0.0,92.82,0.0,92.82,0,0.0,2,1200,0.0,92.82,92.82,0.0,0.0,1
Proposed_ShieldedQoE,tearsofsteel_short,8,26,2,2,1200,823.2,22.52,22.5,0.0,92.82,0.0,92.82,0,0.0,2,1200,0.0,92.82,92.82,0.0,0.0,1
Proposed_ShieldedQoE,tearsofsteel_short,8,27,2,2,1200,901.4,22.5,20.89,0.0,92.82,0.0,92.82,0,0.0,1,750,0.0,86.63,80.44,12.379999999999995,0.0,0
Proposed_ShieldedQoE,tearsofsteel_short,8,28,2,2,1200,901.5,20.89,14.39,0.0,92.82,0.0,92.82,0,0.0,1,750,0.0,86.63,86.63,6.189999999999998,0.0,0
Proposed_ShieldedQoE,tearsofsteel_short,8,29,2,2,1200,900.7,14.39,14.02,0.0,92.82,0.0,92.82,0,0.0,1,750,0.0,86.63,86.63,6.189999999999998,0.0,0
Proposed_ShieldedQoE,tearsofsteel_short,8,30,2,2,1200,899.6,14.02,11.77,0.0,92.82,0.0,92.82,0,0.0,1,750,0.0,86.63,86.63,6.189999999999998,0.0,0
Proposed_ShieldedQoE,tearsofsteel_short,8,31,2,2,1200,902.2,11.77,9.02,0.0,92.82,0.0,92.82,0,0.0,1,750,0.0,86.63,86.63,6.189999999999998,0.0,0
Proposed_ShieldedQoE,tearsofsteel_short,8,32,0,0,300,900.9,9.02,6.24,0.0,67.85,24.97,42.88,0,0.0,1,750,0.379,86.63,85.0,-42.12,-0.379,0
Proposed_ShieldedQoE,tearsofsteel_short,8,33,1,1,750,894.7,6.24,7.26,0.0,86.63,18.78,67.85,0,0.0,1,750,0.0,86.63,86.63,-18.78,0.0,1
Proposed_ShieldedQoE,tearsofsteel_short,8,34,1,1,750,901.3,7.26,8.13,0.0,86.63,0.0,86.63,0,0.0,1,750,0.0,86.63,86.63,0.0,0.0,1
Proposed_ShieldedQoE,tearsofsteel_short,8,35,1,1,750,902.2,8.13,8.65,0.0,86.63,0.0,86.63,0,0.0,1,750,0.0,86.63,86.63,0.0,0.0,1
Proposed_ShieldedQoE,tearsofsteel_short,8,36,1,1,750,901.0,8.65,7.6,0.0,86.63,0.0,86.63,0,0.0,1,750,0.0,86.63,86.63,0.0,0.0,1
Proposed_ShieldedQoE,tearsofsteel_short,8,37,1,1,750,901.0,7.6,8.3,0.0,86.63,0.0,86.63,0,0.0,2,1200,0.0,92.82,86.63,0.0,0.0,0
Proposed_ShieldedQoE,tearsofsteel_short,8,38,1,1,750,901.5,8.3,10.44,0.0,86.63,0.0,86.63,0,0.0,2,1200,0.0,92.82,92.82,-6.189999999999998,0.0,0
Proposed_ShieldedQoE,tearsofsteel_short,8,39,1,1,750,871.6,10.44,13.07,0.0,86.63,0.0,86.63,0,0.0,2,1200,0.0,92.82,92.82,-6.189999999999998,0.0,0
Proposed_ShieldedQoE,tearsofsteel_short,8,40,1,1,750,901.6,13.07,12.86,0.0,86.63,0.0,86.63,0,0.0,2,1200,0.0,92.82,92.82,-6.189999999999998,0.0,0
Proposed_ShieldedQoE,tearsofsteel_short,8,41,1,1,750,901.8,12.86,14.8,0.0,86.63,0.0,86.63,0,0.0,2,1200,0.0,92.82,92.82,-6.189999999999998,0.0,0
Proposed_ShieldedQoE,tearsofsteel_short,8,42,1,1,750,901.0,14.8,17.35,0.0,86.63,0.0,86.63,0,0.0,2,1200,0.0,92.82,92.82,-6.189999999999998,0.0,0
Proposed_ShieldedQoE,tearsofsteel_short,8,43,5,5,6000,900.8,17.35,19.15,0.0,98.49,11.86,86.63,0,0.0,2,1200,0.0,92.82,92.82,-6.189999999999998,0.0,0
Proposed_ShieldedQoE,tearsofsteel_short,8,44,2,2,1200,900.8,19.15,16.44,0.0,92.82,5.67,87.15,0,0.0,2,1200,0.0,92.82,92.82,-5.6699999999999875,0.0,1
Proposed_ShieldedQoE,tearsofsteel_short,8,45,2,2,1200,901.8,16.44,18.22,0.0,92.82,0.0,92.82,0,0.0,3,1850,0.0,95.92,92.82,0.0,0.0,0
Proposed_ShieldedQoE,tearsofsteel_short,8,46,2,2,1200,900.7,18.22,19.67,0.0,92.82,0.0,92.82,0,0.0,3,1850,0.0,95.92,95.92,-3.1000000000000085,0.0,0
Proposed_ShieldedQoE,tearsofsteel_short,8,47,2,2,1200,900.7,19.67,19.38,0.0,92.82,0.0,92.82,0,0.0,3,1850,0.322,95.92,94.54,-1.720000000000013,-0.322,0
Proposed_ShieldedQoE,tearsofsteel_short,9,0,1,0,300,1125.3,1.22,4.14,0.0,67.85,0.0,67.85,1,1.0,1,750,1.48,86.63,80.27,-12.420000000000002,-1.48,0
Proposed_ShieldedQoE,tearsofsteel_short,9,1,4,4,2850,956.1,4.14,6.85,0.0,97.6,29.75,67.85,0,0.5,2,1200,0.0,92.82,86.63,-18.78,0.0,0
Proposed_ShieldedQoE,tearsofsteel_short,9,2,1,1,750,823.4,6.85,9.38,0.0,86.63,10.97,75.66,0,0.3333333333333333,2,1200,0.0,92.82,92.82,-17.159999999999997,0.0,0
Proposed_ShieldedQoE,tearsofsteel_short,9,3,1,1,750,1207.6,9.38,12.25,0.0,86.63,0.0,86.63,0,0.25,2,1200,0.0,92.82,92.82,-6.189999999999998,0.0,0
Proposed_ShieldedQoE,tearsofsteel_short,9,4,1,1,750,1173.0,12.25,13.84,0.0,86.63,0.0,86.63,0,0.2,2,1200,0.0,92.82,92.82,-6.189999999999998,0.0,0
Proposed_ShieldedQoE,tearsofsteel_short,9,5,1,1,750,1203.8,13.84,16.1,0.0,86.63,0.0,86.63,0,0.16666666666666666,2,1200,0.0,92.82,92.82,-6.189999999999998,0.0,0
Proposed_ShieldedQoE,tearsofsteel_short,9,6,5,5,6000,1089.3,16.1,17.92,0.0,98.49,11.86,86.63,0,0.14285714285714285,2,1200,0.0,92.82,92.82,-6.189999999999998,0.0,0
Proposed_ShieldedQoE,tearsofsteel_short,9,7,2,2,1200,1211.6,17.92,18.64,0.0,92.82,5.67,87.15,0,0.125,2,1200,0.0,92.82,92.82,-5.6699999999999875,0.0,1
Proposed_ShieldedQoE,tearsofsteel_short,9,8,2,2,1200,1178.5,18.64,16.13,0.0,92.82,0.0,92.82,0,0.1111111111111111,1,750,0.0,86.63,80.44,12.379999999999995,0.0,0
Proposed_ShieldedQoE,tearsofsteel_short,9,9,2,2,1200,1006.7,16.13,14.22,0.0,92.82,0.0,92.82,0,0.1,1,750,0.0,86.63,86.63,6.189999999999998,0.0,0
Proposed_ShieldedQoE,tearsofsteel_short,9,10,2,2,1200,1247.8,14.22,14.59,0.0,92.82,0.0,92.82,0,0.09090909090909091,1,750,0.0,86.63,86.63,6.189999999999998,0.0,0
Proposed_ShieldedQoE,tearsofsteel_short,9,11,2,2,1200,763.9,14.59,14.1,0.0,92.82,0.0,92.82,0,0.08333333333333333,1,750,0.0,86.63,86.63,6.189999999999998,0.0,0
Proposed_ShieldedQoE,tearsofsteel_short,9,12,0,0,300,1168.9,14.1,12.09,0.0,67.85,24.97,42.88,0,0.07692307692307693,1,750,0.0,86.63,86.63,-43.74999999999999,0.0,0
Proposed_ShieldedQoE,tearsofsteel_short,9,13,1,1,750,1211.6,12.09,12.83,0.0,86.63,18.78,67.85,0,0.07142857142857142,1,750,0.0,86.63,86.63,-18.78,0.0,1
Proposed_ShieldedQoE,tearsofsteel_short,9,14,1,1,750,969.1,12.83,14.17,0.0,86.63,0.0,86.63,0,0.06666666666666667,1,750,0.0,86.63,86.63,0.0,0.0,1
Proposed_ShieldedQoE,tearsofsteel_short,9,15,1,1,750,1127.2,14.17,14.85,0.0,86.63,0.0,86.63,0,0.0625,1,750,0.0,86.63,86.63,0.0,0.0,1
Proposed_ShieldedQoE,tearsofsteel_short,9,16,1,1,750,1159.4,14.85,15.05,0.0,86.63,0.0,86.63,0,0.058823529411764705,1,750,0.0,86.63,86.63,0.0,0.0,1
Proposed_ShieldedQoE,tearsofsteel_short,9,17,1,1,750,561.7,15.05,15.15,0.0,86.63,0.0,86.63,0,0.05555555555555555,1,750,0.0,86.63,86.63,0.0,0.0,1
Proposed_ShieldedQoE,tearsofsteel_short,9,18,1,1,750,1222.0,15.15,17.06,0.0,86.63,0.0,86.63,0,0.05263157894736842,2,1200,0.0,92.82,86.63,0.0,0.0,0
Proposed_ShieldedQoE,tearsofsteel_short,9,19,5,5,6000,1103.6,17.06,18.13,0.0,98.49,11.86,86.63,0,0.05,2,1200,0.0,92.82,92.82,-6.189999999999998,0.0,0
Proposed_ShieldedQoE,tearsofsteel_short,9,20,2,2,1200,1120.9,18.13,16.95,0.0,92.82,5.67,87.15,0,0.047619047619047616,2,1200,0.0,92.82,92.82,-5.6699999999999875,0.0,1
Proposed_ShieldedQoE,tearsofsteel_short,9,21,2,2,1200,1012.5,16.95,18.32,0.0,92.82,0.0,92.82,0,0.045454545454545456,2,1200,0.0,92.82,92.82,0.0,0.0,1
Proposed_ShieldedQoE,tearsofsteel_short,9,22,2,2,1200,1122.2,18.32,20.61,0.0,92.82,0.0,92.82,0,0.043478260869565216,2,1200,0.0,92.82,92.82,0.0,0.0,1
Proposed_ShieldedQoE,tearsofsteel_short,9,23,2,2,1200,972.2,20.61,22.64,0.0,92.82,0.0,92.82,0,0.041666666666666664,2,1200,0.0,92.82,92.82,0.0,0.0,1
Proposed_ShieldedQoE,tearsofsteel_short,9,24,2,2,1200,917.8,22.64,20.81,0.0,92.82,0.0,92.82,0,0.04,2,1200,0.0,92.82,92.82,0.0,0.0,1
Proposed_ShieldedQoE,tearsofsteel_short,9,25,2,2,1200,1228.1,20.81,21.85,0.0,92.82,0.0,92.82,0,0.038461538461538464,2,1200,0.0,92.82,92.82,0.0,0.0,1
Proposed_ShieldedQoE,tearsofsteel_short,9,26,2,2,1200,1187.8,21.85,23.07,0.0,92.82,0.0,92.82,0,0.037037037037037035,2,1200,0.0,92.82,92.82,0.0,0.0,1
Proposed_ShieldedQoE,tearsofsteel_short,9,27,2,2,1200,983.4,23.07,21.93,0.0,92.82,0.0,92.82,0,0.03571428571428571,1,750,0.0,86.63,80.44,12.379999999999995,0.0,0
Proposed_ShieldedQoE,tearsofsteel_short,9,28,2,2,1200,1268.5,21.93,18.47,0.0,92.82,0.0,92.82,0,0.034482758620689655,1,750,0.0,86.63,86.63,6.189999999999998,0.0,0
Proposed_ShieldedQoE,tearsofsteel_short,9,29,2,2,1200,1089.4,18.47,18.85,0.0,92.82,0.0,92.82,0,0.03333333333333333,1,750,0.0,86.63,86.63,6.189999999999998,0.0,0
Proposed_ShieldedQoE,tearsofsteel_short,9,30,2,2,1200,660.9,18.85,14.34,0.0,92.82,0.0,92.82,0,0.03225806451612903,1,750,0.0,86.63,86.63,6.189999999999998,0.0,0
Proposed_ShieldedQoE,tearsofsteel_short,9,31,0,0,300,380.2,14.34,8.34,0.0,67.85,24.97,42.88,0,0.03125,1,750,0.0,86.63,86.63,-43.74999999999999,0.0,0
Proposed_ShieldedQoE,tearsofsteel_short,9,32,0,0,300,1075.2,8.34,10.06,0.0,67.85,0.0,67.85,0,0.030303030303030304,1,750,0.0,86.63,86.63,-18.78,0.0,0
Proposed_ShieldedQoE,tearsofsteel_short,9,33,4,0,300,113.5,10.06,4.67,0.0,67.85,0.0,67.85,1,0.058823529411764705,0,300,0.0,67.85,49.07,18.779999999999994,0.0,1
Proposed_ShieldedQoE,tearsofsteel_short,9,34,0,0,300,1047.7,4.67,7.59,0.0,67.85,0.0,67.85,1,0.08571428571428572,1,750,0.0,86.63,67.85,0.0,0.0,0
Proposed_ShieldedQoE,tearsofsteel_short,9,35,0,0,300,711.3,7.59,9.82,0.0,67.85,0.0,67.85,0,0.08333333333333333,1,750,0.0,86.63,86.63,-18.78,0.0,0
Proposed_ShieldedQoE,tearsofsteel_short,9,36,0,0,300,569.9,9.82,10.63,0.0,67.85,0.0,67.85,0,0.08108108108108109,1,750,0.0,86.63,86.63,-18.78,0.0,0
Proposed_ShieldedQoE,tearsofsteel_short,9,37,0,0,300,1169.5,10.63,13.61,0.0,67.85,0.0,67.85,0,0.07894736842105263,1,750,0.0,86.63,86.63,-18.78,0.0,0
Proposed_ShieldedQoE,tearsofsteel_short,9,38,4,4,2850,1241.1,13.61,16.26,0.0,97.6,29.75,67.85,0,0.07692307692307693,2,1200,0.0,92.82,86.63,-18.78,0.0,0
Proposed_ShieldedQoE,tearsofsteel_short,9,39,5,5,6000,1033.7,16.26,18.41,0.0,98.49,0.89,97.6,0,0.075,2,1200,0.0,92.82,92.82,4.780000000000001,0.0,0
Proposed_ShieldedQoE,tearsofsteel_short,9,40,2,2,1200,994.4,18.41,16.31,0.0,92.82,5.67,87.15,0,0.07317073170731707,2,1200,0.0,92.82,92.82,-5.6699999999999875,0.0,1
Proposed_ShieldedQoE,tearsofsteel_short,9,41,2,2,1200,298.9,16.31,10.37,0.0,92.82,0.0,92.82,0,0.07142857142857142,2,1200,0.0,92.82,92.82,0.0,0.0,1
Proposed_ShieldedQoE,tearsofsteel_short,9,42,1,1,750,1043.3,10.37,13.12,0.0,86.63,6.19,80.44,0,0.06976744186046512,2,1200,0.0,92.82,92.82,-12.379999999999995,0.0,0
Proposed_ShieldedQoE,tearsofsteel_short,9,43,1,1,750,265.1,13.12,12.44,0.0,86.63,0.0,86.63,0,0.06818181818181818,2,1200,0.0,92.82,92.82,-6.189999999999998,0.0,0
Proposed_ShieldedQoE,tearsofsteel_short,9,44,1,1,750,992.9,12.44,12.64,0.0,86.63,0.0,86.63,0,0.06666666666666667,2,1200,1.244,92.82,87.47,-0.8400000000000034,-1.244,0
Proposed_ShieldedQoE,tearsofsteel_short,9,45,1,1,750,921.1,12.64,15.28,0.0,86.63,0.0,86.63,0,0.06521739130434782,2,1200,0.0,92.82,92.82,-6.189999999999998,0.0,0
Proposed_ShieldedQoE,tearsofsteel_short,9,46,1,1,750,629.3,15.28,17.0,0.0,86.63,0.0,86.63,0,0.06382978723404255,2,1200,0.0,92.82,92.82,-6.189999999999998,0.0,0
Proposed_ShieldedQoE,tearsofsteel_short,9,47,1,1,750,945.5,17.0,18.45,0.0,86.63,0.0,86.63,0,0.0625,2,1200,0.0,92.82,92.82,-6.189999999999998,0.0,0
Proposed_ShieldedQoE,tearsofsteel_short,10,0,1,0,300,956.3,1.02,4.0,0.25,67.85,0.0,66.77,1,1.0,1,750,2.154,86.63,77.37,-10.600000000000009,-1.904,0
Proposed_ShieldedQoE,tearsofsteel_short,10,1,4,4,2850,1160.2,4.0,6.94,0.0,97.6,29.75,67.85,0,0.5,1,750,0.0,86.63,86.63,-18.78,0.0,0
Proposed_ShieldedQoE,tearsofsteel_short,10,2,5,5,6000,1012.1,6.94,9.02,0.0,98.49,0.89,97.6,0,0.3333333333333333,1,750,0.0,86.63,86.63,10.969999999999999,0.0,0
Proposed_ShieldedQoE,tearsofsteel_short,10,3,2,2,1200,1129.0,9.02,11.09,0.0,92.82,5.67,87.15,0,0.25,1,750,0.0,86.63,86.63,0.5200000000000102,0.0,0
Proposed_ShieldedQoE,tearsofsteel_short,10,4,2,2,1200,847.8,11.09,9.76,0.0,92.82,0.0,92.82,0,0.2,1,750,0.0,86.63,86.63,6.189999999999998,0.0,0
Proposed_ShieldedQoE,tearsofsteel_short,10,5,2,2,1200,792.3,9.76,9.52,0.0,92.82,0.0,92.82,0,0.16666666666666666,1,750,0.0,86.63,86.63,6.189999999999998,0.0,0
Proposed_ShieldedQoE,tearsofsteel_short,10,6,2,2,1200,471.8,9.52,8.48,0.0,92.82,0.0,92.82,0,0.14285714285714285,1,750,0.0,86.63,86.63,6.189999999999998,0.0,0
Proposed_ShieldedQoE,tearsofsteel_short,10,7,1,1,750,893.2,8.48,9.71,0.0,86.63,6.19,80.44,0,0.125,1,750,0.0,86.63,86.63,-6.189999999999998,0.0,1
Proposed_ShieldedQoE,tearsofsteel_short,10,8,1,1,750,1029.0,9.71,9.05,0.0,86.63,0.0,86.63,0,0.1111111111111111,1,750,0.0,86.63,86.63,0.0,0.0,1
Proposed_ShieldedQoE,tearsofsteel_short,10,9,1,1,750,528.2,9.05,6.0,0.0,86.63,0.0,86.63,0,0.1,1,750,0.0,86.63,86.63,0.0,0.0,1
Proposed_ShieldedQoE,tearsofsteel_short,10,10,1,1,750,754.5,6.0,6.25,0.0,86.63,0.0,86.63,0,0.09090909090909091,1,750,0.0,86.63,86.63,0.0,0.0,1
Proposed_ShieldedQoE,tearsofsteel_short,10,11,1,1,750,815.3,6.25,7.62,0.0,86.63,0.0,86.63,0,0.08333333333333333,1,750,0.0,86.63,86.63,0.0,0.0,1
Proposed_ShieldedQoE,tearsofsteel_short,10,12,1,1,750,721.2,7.62,4.0,2.128,86.63,0.0,77.48,0,0.07692307692307693,1,750,0.0,86.63,86.63,-9.149999999999991,2.128,1
Proposed_ShieldedQoE,tearsofsteel_short,10,13,1,0,300,534.2,4.0,5.05,0.0,67.85,18.78,49.07,1,0.14285714285714285,1,750,0.0,86.63,86.63,-37.559999999999995,0.0,0
Proposed_ShieldedQoE,tearsofsteel_short,10,14,0,0,300,587.3,5.05,7.29,0.0,67.85,0.0,67.85,0,0.13333333333333333,1,750,0.0,86.63,86.63,-18.78,0.0,0
Proposed_ShieldedQoE,tearsofsteel_short,10,15,0,0,300,713.5,7.29,9.19,0.0,67.85,0.0,67.85,0,0.125,1,750,0.231,86.63,85.64,-17.790000000000006,-0.231,0
Proposed_ShieldedQoE,tearsofsteel_short,10,16,0,0,300,503.6,9.19,9.7,0.0,67.85,0.0,67.85,0,0.11764705882352941,1,750,4.735,86.63,66.27,1.5799999999999983,-4.735,0
Proposed_ShieldedQoE,tearsofsteel_short,10,17,0,0,300,282.3,9.7,10.59,0.0,67.85,0.0,67.85,0,0.1111111111111111,1,750,3.76,86.63,70.46,-2.6099999999999994,-3.76,0
Proposed_ShieldedQoE,tearsofsteel_short,10,18,0,0,300,343.5,10.59,11.61,0.0,67.85,0.0,67.85,0,0.10526315789473684,1,750,3.456,86.63,71.77,-3.9200000000000017,-3.456,0
Proposed_ShieldedQoE,tearsofsteel_short,10,19,0,0,300,533.8,11.61,14.1,0.0,67.85,0.0,67.85,0,0.1,1,750,0.0,86.63,86.63,-18.78,0.0,0
Proposed_ShieldedQoE,tearsofsteel_short,10,20,0,0,300,775.6,14.1,16.23,0.0,67.85,0.0,67.85,0,0.09523809523809523,1,750,0.459,86.63,84.66,-16.810000000000002,-0.459,0
Proposed_ShieldedQoE,tearsofsteel_short,10,21,4,4,2850,576.4,16.23,17.34,0.0,97.6,29.75,67.85,0,0.09090909090909091,1,750,0.0,86.63,86.63,-18.78,0.0,0
Proposed_ShieldedQoE,tearsofsteel_short,10,22,1,1,750,502.9,17.34,18.96,0.0,86.63,10.97,75.66,0,0.08695652173913043,1,750,0.0,86.63,86.63,-10.969999999999999,0.0,1
Proposed_ShieldedQoE,tearsofsteel_short,10,23,1,1,750,487.7,18.96,20.5,0.0,86.63,0.0,86.63,0,0.08333333333333333,1,750,0.0,86.63,86.63,0.0,0.0,1
Proposed_ShieldedQoE,tearsofsteel_short,10,24,1,1,750,400.4,20.5,16.14,0.0,86.63,0.0,86.63,0,0.08,1,750,0.085,86.63,86.26,0.36999999999999034,-0.085,1
Proposed_ShieldedQoE,tearsofsteel_short,10,25,1,1,750,446.7,16.14,15.07,0.0,86.63,0.0,86.63,0,0.07692307692307693,1,750,1.073,86.63,82.02,4.609999999999999,-1.073,1
Proposed_ShieldedQoE,tearsofsteel_short,10,26,1,1,750,1006.1,15.07,17.01,0.0,86.63,0.0,86.63,0,0.07407407407407407,1,750,0.0,86.63,86.63,0.0,0.0,1
Proposed_ShieldedQoE,tearsofsteel_short,10,27,1,1,750,845.8,17.01,17.28,0.0,86.63,0.0,86.63,0,0.07142857142857142,1,750,0.0,86.63,86.63,0.0,0.0,1
Proposed_ShieldedQoE,tearsofsteel_short,10,28,1,1,750,633.0,17.28,11.93,0.0,86.63,0.0,86.63,0,0.06896551724137931,1,750,3.134,86.63,73.15,13.47999999999999,-3.134,1
Proposed_ShieldedQoE,tearsofsteel_short,10,29,1,1,750,1261.3,11.93,13.98,0.0,86.63,0.0,86.63,0,0.06666666666666667,1,750,0.0,86.63,86.63,0.0,0.0,1
Proposed_ShieldedQoE,tearsofsteel_short,10,30,1,1,750,1113.3,13.98,14.82,0.0,86.63,0.0,86.63,0,0.06451612903225806,1,750,0.0,86.63,86.63,0.0,0.0,1
Proposed_ShieldedQoE,tearsofsteel_short,10,31,1,1,750,596.7,14.82,12.45,0.0,86.63,0.0,86.63,0,0.0625,1,750,0.0,86.63,86.63,0.0,0.0,1
Proposed_ShieldedQoE,tearsofsteel_short,10,32,1,1,750,627.1,12.45,6.71,0.0,86.63,0.0,86.63,0,0.06060606060606061,1,750,5.222,86.63,64.17,22.459999999999994,-5.222,1
Proposed_ShieldedQoE,tearsofsteel_short,10,33,1,1,750,882.9,6.71,7.69,0.0,86.63,0.0,86.63,0,0.058823529411764705,1,750,0.0,86.63,86.63,0.0,0.0,1
Proposed_ShieldedQoE,tearsofsteel_short,10,34,1,1,750,1234.7,7.69,9.4,0.0,86.63,0.0,86.63,0,0.05714285714285714,1,750,0.0,86.63,86.63,0.0,0.0,1
Proposed_ShieldedQoE,tearsofsteel_short,10,35,1,1,750,1061.1,9.4,10.45,0.0,86.63,0.0,86.63,0,0.05555555555555555,1,750,0.0,86.63,86.63,0.0,0.0,1
Proposed_ShieldedQoE,tearsofsteel_short,10,36,1,1,750,972.2,10.45,9.76,0.0,86.63,0.0,86.63,0,0.05405405405405406,1,750,0.0,86.63,86.63,0.0,0.0,1
Proposed_ShieldedQoE,tearsofsteel_short,10,37,1,1,750,682.0,9.76,9.4,0.0,86.63,0.0,86.63,0,0.05263157894736842,1,750,0.0,86.63,86.63,0.0,0.0,1
Proposed_ShieldedQoE,tearsofsteel_short,10,38,1,1,750,609.2,9.4,10.66,0.0,86.63,0.0,86.63,0,0.05128205128205128,1,750,0.0,86.63,86.63,0.0,0.0,1
Proposed_ShieldedQoE,tearsofsteel_short,10,39,1,1,750,468.4,10.66,12.09,0.0,86.63,0.0,86.63,0,0.05,2,1200,0.0,92.82,86.63,0.0,0.0,0
Proposed_ShieldedQoE,tearsofsteel_short,10,40,1,1,750,1047.2,12.09,12.48,0.0,86.63,0.0,86.63,0,0.04878048780487805,2,1200,0.0,92.82,92.82,-6.189999999999998,0.0,0
Proposed_ShieldedQoE,tearsofsteel_short,10,41,1,1,750,819.8,12.48,14.21,0.0,86.63,0.0,86.63,0,0.047619047619047616,2,1200,0.0,92.82,92.82,-6.189999999999998,0.0,0
Proposed_ShieldedQoE,tearsofsteel_short,10,42,1,1,750,534.5,14.21,15.76,0.0,86.63,0.0,86.63,0,0.046511627906976744,2,1200,0.0,92.82,92.82,-6.189999999999998,0.0,0
Proposed_ShieldedQoE,tearsofsteel_short,10,43,1,1,750,669.7,15.76,17.91,0.0,86.63,0.0,86.63,0,0.045454545454545456,2,1200,0.0,92.82,92.82,-6.189999999999998,0.0,0
Proposed_ShieldedQoE,tearsofsteel_short,10,44,1,1,750,762.5,17.91,16.96,0.0,86.63,0.0,86.63,0,0.044444444444444446,2,1200,0.367,92.82,91.24,-4.609999999999999,-0.367,0
Proposed_ShieldedQoE,tearsofsteel_short,10,45,1,1,750,468.7,16.96,18.29,0.0,86.63,0.0,86.63,0,0.043478260869565216,2,1200,0.277,92.82,91.63,-5.0,-0.277,0
Proposed_ShieldedQoE,tearsofsteel_short,10,46,1,1,750,706.1,18.29,20.26,0.0,86.63,0.0,86.63,0,0.0425531914893617,2,1200,0.0,92.82,92.82,-6.189999999999998,0.0,0
Proposed_ShieldedQoE,tearsofsteel_short,10,47,1,1,750,703.9,20.26,20.82,0.0,86.63,0.0,86.63,0,0.041666666666666664,2,1200,0.743,92.82,89.62,-2.990000000000009,-0.743,0
Proposed_ShieldedQoE,tearsofsteel_short,11,0,1,0,300,897.2,1.75,4.4,0.0,67.85,0.0,67.85,1,1.0,1,750,1.634,86.63,79.6,-11.75,-1.634,0
Proposed_ShieldedQoE,tearsofsteel_short,11,1,4,4,2850,950.5,4.4,7.1,0.0,97.6,29.75,67.85,0,0.5,2,1200,0.0,92.82,86.63,-18.78,0.0,0
Proposed_ShieldedQoE,tearsofsteel_short,11,2,1,1,750,950.5,7.1,9.83,0.0,86.63,10.97,75.66,0,0.3333333333333333,2,1200,0.0,92.82,92.82,-17.159999999999997,0.0,0
Proposed_ShieldedQoE,tearsofsteel_short,11,3,1,1,750,950.5,9.83,12.39,0.0,86.63,0.0,86.63,0,0.25,2,1200,0.0,92.82,92.82,-6.189999999999998,0.0,0
Proposed_ShieldedQoE,tearsofsteel_short,11,4,1,1,750,950.5,12.39,13.42,0.0,86.63,0.0,86.63,0,0.2,2,1200,0.0,92.82,92.82,-6.189999999999998,0.0,0
Proposed_ShieldedQoE,tearsofsteel_short,11,5,1,1,750,950.5,13.42,15.21,0.0,86.63,0.0,86.63,0,0.16666666666666666,2,1200,0.0,92.82,92.82,-6.189999999999998,0.0,0
Proposed_ShieldedQoE,tearsofsteel_short,11,6,1,1,750,950.5,15.21,17.65,0.0,86.63,0.0,86.63,0,0.14285714285714285,2,1200,0.0,92.82,92.82,-6.189999999999998,0.0,0
Proposed_ShieldedQoE,tearsofsteel_short,11,7,1,1,750,950.5,17.65,19.04,0.0,86.63,0.0,86.63,0,0.125,2,1200,0.0,92.82,92.82,-6.189999999999998,0.0,0
Proposed_ShieldedQoE,tearsofsteel_short,11,8,1,1,750,941.2,19.04,17.94,0.0,86.63,0.0,86.63,0,0.1111111111111111,1,750,0.0,86.63,80.44,6.189999999999998,0.0,1
Proposed_ShieldedQoE,tearsofsteel_short,11,9,1,1,750,950.5,17.94,18.03,0.0,86.63,0.0,86.63,0,0.1,1,750,0.0,86.63,86.63,0.0,0.0,1
Proposed_ShieldedQoE,tearsofsteel_short,11,10,1,1,750,950.5,18.03,19.05,0.0,86.63,0.0,86.63,0,0.09090909090909091,1,750,0.0,86.63,86.63,0.0,0.0,1
Proposed_ShieldedQoE,tearsofsteel_short,11,11,1,1,750,950.5,19.05,20.8,0.0,86.63,0.0,86.63,0,0.08333333333333333,1,750,0.0,86.63,86.63,0.0,0.0,1
Proposed_ShieldedQoE,tearsofsteel_short,11,12,1,1,750,950.5,20.8,17.4,0.0,86.63,0.0,86.63,0,0.07692307692307693,1,750,0.0,86.63,86.63,0.0,0.0,1
Proposed_ShieldedQoE,tearsofsteel_short,11,13,1,1,750,1142.9,17.4,17.94,0.0,86.63,0.0,86.63,0,0.07142857142857142,1,750,0.0,86.63,86.63,0.0,0.0,1
Proposed_ShieldedQoE,tearsofsteel_short,11,14,1,1,750,1132.1,17.94,19.67,0.0,86.63,0.0,86.63,0,0.06666666666666667,1,750,0.0,86.63,86.63,0.0,0.0,1
Proposed_ShieldedQoE,tearsofsteel_short,11,15,1,1,750,1142.9,19.67,20.39,0.0,86.63,0.0,86.63,0,0.0625,1,750,0.0,86.63,86.63,0.0,0.0,1
Proposed_ShieldedQoE,tearsofsteel_short,11,16,1,1,750,1142.9,20.39,20.54,0.0,86.63,0.0,86.63,0,0.058823529411764705,1,750,0.0,86.63,86.63,0.0,0.0,1
Proposed_ShieldedQoE,tearsofsteel_short,11,17,5,5,6000,1142.9,20.54,21.47,0.0,98.49,11.86,86.63,0,0.05555555555555555,2,1200,0.0,92.82,86.63,0.0,0.0,0
Proposed_ShieldedQoE,tearsofsteel_short,11,18,2,2,1200,1142.9,21.47,21.89,0.0,92.82,5.67,87.15,0,0.05263157894736842,2,1200,0.0,92.82,92.82,-5.6699999999999875,0.0,1
Proposed_ShieldedQoE,tearsofsteel_short,11,19,2,2,1200,1142.9,21.89,23.07,0.0,92.82,0.0,92.82,0,0.05,2,1200,0.0,92.82,92.82,0.0,0.0,1
Proposed_ShieldedQoE,tearsofsteel_short,11,20,2,2,1200,1142.9,23.07,21.98,0.0,92.82,0.0,92.82,0,0.047619047619047616,2,1200,0.0,92.82,92.82,0.0,0.0,1
Proposed_ShieldedQoE,tearsofsteel_short,11,21,2,2,1200,1142.9,21.98,23.66,0.0,92.82,0.0,92.82,0,0.045454545454545456,2,1200,0.0,92.82,92.82,0.0,0.0,1
Proposed_ShieldedQoE,tearsofsteel_short,11,22,5,5,6000,1142.9,23.66,25.07,0.0,98.49,5.67,92.82,0,0.043478260869565216,2,1200,0.0,92.82,92.82,0.0,0.0,0
Proposed_ShieldedQoE,tearsofsteel_short,11,23,5,5,6000,1132.1,25.07,25.04,0.0,98.49,0.0,98.49,0,0.041666666666666664,2,1200,0.0,92.82,92.82,5.670000000000002,0.0,0
Proposed_ShieldedQoE,tearsofsteel_short,11,24,0,0,300,1081.1,25.04,21.4,0.0,67.85,30.64,37.21,0,0.04,2,1200,0.0,92.82,92.82,-55.60999999999999,0.0,0
Proposed_ShieldedQoE,tearsofsteel_short,11,25,0,0,300,1132.1,21.4,22.2,0.0,67.85,0.0,67.85,0,0.038461538461538464,2,1200,0.0,92.82,92.82,-24.97,0.0,0
Proposed_ShieldedQoE,tearsofsteel_short,11,26,2,2,1200,1142.9,22.2,23.31,0.0,92.82,24.97,67.85,0,0.037037037037037035,2,1200,0.0,92.82,92.82,-24.97,0.0,1
Proposed_ShieldedQoE,tearsofsteel_short,11,27,2,2,1200,1132.1,23.31,22.84,0.0,92.82,0.0,92.82,0,0.03571428571428571,2,1200,0.0,92.82,92.82,0.0,0.0,1
Proposed_ShieldedQoE,tearsofsteel_short,11,28,2,2,1200,1132.1,22.84,18.48,0.0,92.82,0.0,92.82,0,0.034482758620689655,2,1200,0.0,92.82,92.82,0.0,0.0,1
Proposed_ShieldedQoE,tearsofsteel_short,11,29,2,2,1200,1132.1,18.48,19.0,0.0,92.82,0.0,92.82,0,0.03333333333333333,2,1200,0.0,92.82,92.82,0.0,0.0,1
Proposed_ShieldedQoE,tearsofsteel_short,11,30,2,2,1200,1142.9,19.0,18.08,0.0,92.82,0.0,92.82,0,0.03225806451612903,2,1200,0.0,92.82,92.82,0.0,0.0,1
Proposed_ShieldedQoE,tearsofsteel_short,11,31,2,2,1200,1132.1,18.08,16.71,0.0,92.82,0.0,92.82,0,0.03125,2,1200,0.0,92.82,92.82,0.0,0.0,1
Proposed_ShieldedQoE,tearsofsteel_short,11,32,2,2,1200,1132.1,16.71,12.07,0.0,92.82,0.0,92.82,0,0.030303030303030304,2,1200,0.0,92.82,92.82,0.0,0.0,1
Proposed_ShieldedQoE,tearsofsteel_short,11,33,2,2,1200,1142.9,12.07,12.34,0.0,92.82,0.0,92.82,0,0.029411764705882353,2,1200,0.0,92.82,92.82,0.0,0.0,1
Proposed_ShieldedQoE,tearsofsteel_short,11,34,2,2,1200,1132.1,12.34,12.35,0.0,92.82,0.0,92.82,0,0.02857142857142857,2,1200,0.0,92.82,92.82,0.0,0.0,1
Proposed_ShieldedQoE,tearsofsteel_short,11,35,2,2,1200,1132.1,12.35,11.92,0.0,92.82,0.0,92.82,0,0.027777777777777776,2,1200,0.0,92.82,92.82,0.0,0.0,1
Proposed_ShieldedQoE,tearsofsteel_short,11,36,2,2,1200,897.2,11.92,7.79,0.0,92.82,0.0,92.82,0,0.02702702702702703,2,1200,0.0,92.82,92.82,0.0,0.0,1
Proposed_ShieldedQoE,tearsofsteel_short,11,37,0,0,300,849.6,7.79,8.29,0.0,67.85,24.97,42.88,0,0.02631578947368421,2,1200,0.296,92.82,91.55,-48.669999999999995,-0.296,0
Proposed_ShieldedQoE,tearsofsteel_short,11,38,1,1,750,849.6,8.29,10.32,0.0,86.63,18.78,67.85,0,0.02564102564102564,2,1200,0.0,92.82,92.82,-24.97,0.0,0
Proposed_ShieldedQoE,tearsofsteel_short,11,39,1,1,750,849.6,10.32,12.91,0.0,86.63,0.0,86.63,0,0.025,2,1200,0.0,92.82,92.82,-6.189999999999998,0.0,0
Proposed_ShieldedQoE,tearsofsteel_short,11,40,1,1,750,849.6,12.91,12.45,0.0,86.63,0.0,86.63,0,0.024390243902439025,2,1200,0.547,92.82,90.47,-3.8400000000000034,-0.547,0
Proposed_ShieldedQoE,tearsofsteel_short,11,41,1,1,750,849.6,12.45,14.26,0.0,86.63,0.0,86.63,0,0.023809523809523808,2,1200,0.0,92.82,92.82,-6.189999999999998,0.0,0
Proposed_ShieldedQoE,tearsofsteel_short,11,42,1,1,750,842.1,14.26,16.71,0.0,86.63,0.0,86.63,0,0.023255813953488372,2,1200,0.0,92.82,92.82,-6.189999999999998,0.0,0
Proposed_ShieldedQoE,tearsofsteel_short,11,43,5,5,6000,849.6,16.71,18.38,0.0,98.49,11.86,86.63,0,0.022727272727272728,2,1200,0.0,92.82,92.82,-6.189999999999998,0.0,0
Proposed_ShieldedQoE,tearsofsteel_short,11,44,2,2,1200,849.6,18.38,15.27,0.0,92.82,5.67,87.15,0,0.022222222222222223,2,1200,0.0,92.82,92.82,-5.6699999999999875,0.0,1
Proposed_ShieldedQoE,tearsofsteel_short,11,45,2,2,1200,849.6,15.27,16.91,0.0,92.82,0.0,92.82,0,0.021739130434782608,2,1200,0.0,92.82,92.82,0.0,0.0,1
Proposed_ShieldedQoE,tearsofsteel_short,11,46,2,2,1200,849.6,16.91,18.21,0.0,92.82,0.0,92.82,0,0.02127659574468085,3,1850,0.0,95.92,92.82,0.0,0.0,0
Proposed_ShieldedQoE,tearsofsteel_short,11,47,2,2,1200,981.8,18.21,18.27,0.0,92.82,0.0,92.82,0,0.020833333333333332,3,1850,0.021,95.92,95.83,-3.010000000000005,-0.021,0
Proposed_ShieldedQoE,tearsofsteel_short,12,0,0,0,300,2007.9,2.87,6.26,0.0,67.85,0.0,67.85,0,0.0,2,1200,0.0,92.82,92.82,-24.97,0.0,0
Proposed_ShieldedQoE,tearsofsteel_short,12,1,4,4,2850,1395.2,6.26,9.38,0.0,97.6,29.75,67.85,0,0.0,3,1850,0.0,95.92,92.82,-24.97,0.0,0
Proposed_ShieldedQoE,tearsofsteel_short,12,2,5,5,6000,2358.6,9.38,12.56,0.0,98.49,0.89,97.6,0,0.0,3,1850,0.0,95.92,95.92,1.6799999999999926,0.0,0
Proposed_ShieldedQoE,tearsofsteel_short,12,3,2,2,1200,2468.0,12.56,15.67,0.0,92.82,5.67,87.15,0,0.0,3,1850,0.0,95.92,95.92,-8.769999999999996,0.0,0
Proposed_ShieldedQoE,tearsofsteel_short,12,4,2,2,1200,2610.3,15.67,17.94,0.0,92.82,0.0,92.82,0,0.0,3,1850,0.0,95.92,95.92,-3.1000000000000085,0.0,0
Proposed_ShieldedQoE,tearsofsteel_short,12,5,5,5,6000,2198.4,17.94,19.59,0.0,98.49,5.67,92.82,0,0.0,3,1850,0.0,95.92,95.92,-3.1000000000000085,0.0,0
Proposed_ShieldedQoE,tearsofsteel_short,12,6,4,4,2850,572.6,19.59,13.73,0.0,97.6,0.89,96.71,0,0.0,3,1850,0.0,95.92,95.92,0.789999999999992,0.0,0
Proposed_ShieldedQoE,tearsofsteel_short,12,7,0,0,300,1499.7,13.73,13.65,0.0,67.85,29.75,38.1,0,0.0,3,1850,0.0,95.92,95.92,-57.82,0.0,0
Proposed_ShieldedQoE,tearsofsteel_short,12,8,0,0,300,2169.6,13.65,14.11,0.0,67.85,0.0,67.85,0,0.0,3,1850,0.0,95.92,95.92,-28.070000000000007,0.0,0
Proposed_ShieldedQoE,tearsofsteel_short,12,9,2,2,1200,2152.6,14.11,15.35,0.0,92.82,24.97,67.85,0,0.0,3,1850,0.0,95.92,95.92,-28.070000000000007,0.0,0
Proposed_ShieldedQoE,tearsofsteel_short,12,10,2,2,1200,2287.1,15.35,17.37,0.0,92.82,0.0,92.82,0,0.0,3,1850,0.0,95.92,95.92,-3.1000000000000085,0.0,0
Proposed_ShieldedQoE,tearsofsteel_short,12,11,5,5,6000,2466.3,17.37,19.22,0.0,98.49,5.67,92.82,0,0.0,3,1850,0.0,95.92,95.92,-3.1000000000000085,0.0,0
Proposed_ShieldedQoE,tearsofsteel_short,12,12,3,3,1850,2266.4,19.22,15.57,0.0,95.92,2.57,93.35,0,0.0,2,1200,0.0,92.82,89.72,3.6299999999999955,0.0,0
Proposed_ShieldedQoE,tearsofsteel_short,12,13,3,3,1850,1537.7,15.57,13.24,0.0,95.92,0.0,95.92,0,0.0,2,1200,0.0,92.82,92.82,3.1000000000000085,0.0,0
Proposed_ShieldedQoE,tearsofsteel_short,12,14,3,3,1850,1248.8,13.24,12.16,0.0,95.92,0.0,95.92,0,0.0,2,1200,0.0,92.82,92.82,3.1000000000000085,0.0,0
Proposed_ShieldedQoE,tearsofsteel_short,12,15,0,0,300,1320.5,12.16,11.61,0.0,67.85,28.07,39.78,0,0.0,2,1200,0.0,92.82,92.82,-53.03999999999999,0.0,0
Proposed_ShieldedQoE,tearsofsteel_short,12,16,2,2,1200,2039.5,11.61,12.16,0.0,92.82,24.97,67.85,0,0.0,3,1850,0.0,95.92,92.82,-24.97,0.0,0
Proposed_ShieldedQoE,tearsofsteel_short,12,17,2,2,1200,1727.0,12.16,14.13,0.0,92.82,0.0,92.82,0,0.0,3,1850,0.0,95.92,95.92,-3.1000000000000085,0.0,0
Proposed_ShieldedQoE,tearsofsteel_short,12,18,2,2,1200,2008.2,14.13,16.09,0.0,92.82,0.0,92.82,0,0.0,3,1850,0.0,95.92,95.92,-3.1000000000000085,0.0,0
Proposed_ShieldedQoE,tearsofsteel_short,12,19,5,5,6000,1118.6,16.09,15.65,0.0,98.49,5.67,92.82,0,0.0,3,1850,0.0,95.92,95.92,-3.1000000000000085,0.0,0
Proposed_ShieldedQoE,tearsofsteel_short,12,20,2,2,1200,2713.9,15.65,17.51,0.0,92.82,5.67,87.15,0,0.0,3,1850,0.0,95.92,95.92,-8.769999999999996,0.0,0
Proposed_ShieldedQoE,tearsofsteel_short,12,21,5,5,6000,1221.6,17.51,18.15,0.0,98.49,5.67,92.82,0,0.0,3,1850,0.0,95.92,95.92,-3.1000000000000085,0.0,0
Proposed_ShieldedQoE,tearsofsteel_short,12,22,3,3,1850,1530.8,18.15,20.22,0.0,95.92,2.57,93.35,0,0.0,3,1850,0.0,95.92,95.92,-2.5700000000000074,0.0,1
Proposed_ShieldedQoE,tearsofsteel_short,12,23,5,5,6000,1724.2,20.22,21.57,0.0,98.49,2.57,95.92,0,0.0,3,1850,0.0,95.92,95.92,0.0,0.0,0
Proposed_ShieldedQoE,tearsofsteel_short,12,24,4,4,2850,3270.2,21.57,21.68,0.0,97.6,0.89,96.71,0,0.0,3,1850,0.0,95.92,95.92,0.789999999999992,0.0,0
Proposed_ShieldedQoE,tearsofsteel_short,12,25,4,4,2850,1536.6,21.68,20.08,0.0,97.6,0.0,97.6,0,0.0,3,1850,0.0,95.92,95.92,1.6799999999999926,0.0,0
Proposed_ShieldedQoE,tearsofsteel_short,12,26,3,3,1850,1260.4,20.08,20.04,0.0,95.92,1.68,94.24,0,0.0,3,1850,0.0,95.92,95.92,-1.6800000000000068,0.0,1
Proposed_ShieldedQoE,tearsofsteel_short,12,27,3,3,1850,1577.7,20.04,19.1,0.0,95.92,0.0,95.92,0,0.0,3,1850,0.0,95.92,95.92,0.0,0.0,1
Proposed_ShieldedQoE,tearsofsteel_short,12,28,0,0,300,1365.5,19.1,16.16,0.0,67.85,28.07,39.78,0,0.0,2,1200,0.0,92.82,89.72,-49.94,0.0,0
Proposed_ShieldedQoE,tearsofsteel_short,12,29,2,2,1200,2172.3,16.16,18.35,0.0,92.82,24.97,67.85,0,0.0,2,1200,0.0,92.82,92.82,-24.97,0.0,1
Proposed_ShieldedQoE,tearsofsteel_short,12,30,2,2,1200,731.8,18.35,14.67,0.0,92.82,0.0,92.82,0,0.0,2,1200,0.0,92.82,92.82,0.0,0.0,1
Proposed_ShieldedQoE,tearsofsteel_short,12,31,2,2,1200,1683.5,14.67,15.05,0.0,92.82,0.0,92.82,0,0.0,2,1200,0.0,92.82,92.82,0.0,0.0,1
Proposed_ShieldedQoE,tearsofsteel_short,12,32,2,2,1200,2097.8,15.05,14.39,0.0,92.82,0.0,92.82,0,0.0,3,1850,0.0,95.92,92.82,0.0,0.0,0
Proposed_ShieldedQoE,tearsofsteel_short,12,33,2,2,1200,2080.7,14.39,16.34,0.0,92.82,0.0,92.82,0,0.0,3,1850,0.0,95.92,95.92,-3.1000000000000085,0.0,0
Proposed_ShieldedQoE,tearsofsteel_short,12,34,2,2,1200,1484.4,16.34,17.3,0.0,92.82,0.0,92.82,0,0.0,3,1850,0.0,95.92,95.92,-3.1000000000000085,0.0,0
Proposed_ShieldedQoE,tearsofsteel_short,12,35,2,2,1200,1489.3,17.3,17.93,0.0,92.82,0.0,92.82,0,0.0,3,1850,0.0,95.92,95.92,-3.1000000000000085,0.0,0
Proposed_ShieldedQoE,tearsofsteel_short,12,36,2,2,1200,1582.8,17.93,17.32,0.0,92.82,0.0,92.82,0,0.0,3,1850,0.0,95.92,95.92,-3.1000000000000085,0.0,0
Proposed_ShieldedQoE,tearsofsteel_short,12,37,2,2,1200,2171.8,17.32,19.13,0.0,92.82,0.0,92.82,0,0.0,3,1850,0.0,95.92,95.92,-3.1000000000000085,0.0,0
Proposed_ShieldedQoE,tearsofsteel_short,12,38,5,5,6000,2452.1,19.13,21.45,0.0,98.49,5.67,92.82,0,0.0,4,2850,0.0,97.6,95.92,-3.1000000000000085,0.0,0
Proposed_ShieldedQoE,tearsofsteel_short,12,39,5,5,6000,1218.4,21.45,21.71,0.0,98.49,0.0,98.49,0,0.0,4,2850,0.0,97.6,97.6,0.8900000000000006,0.0,0
Proposed_ShieldedQoE,tearsofsteel_short,12,40,0,0,300,1820.0,21.71,20.57,0.0,67.85,30.64,37.21,0,0.0,4,2850,0.0,97.6,97.6,-60.38999999999999,0.0,0
Proposed_ShieldedQoE,tearsofsteel_short,12,41,3,3,1850,2018.2,20.57,22.3,0.0,95.92,28.07,67.85,0,0.0,4,2850,0.0,97.6,97.6,-29.75,0.0,0
Proposed_ShieldedQoE,tearsofsteel_short,12,42,5,5,6000,2542.9,22.3,24.35,0.0,98.49,2.57,95.92,0,0.0,4,2850,0.0,97.6,97.6,-1.6799999999999926,0.0,0
Proposed_ShieldedQoE,tearsofsteel_short,12,43,4,4,2850,1938.0,24.35,25.92,0.0,97.6,0.89,96.71,0,0.0,4,2850,0.0,97.6,97.6,-0.8900000000000006,0.0,1
Proposed_ShieldedQoE,tearsofsteel_short,12,44,4,4,2850,1654.8,25.92,21.25,0.0,97.6,0.0,97.6,0,0.0,4,2850,0.0,97.6,97.6,0.0,0.0,1
Proposed_ShieldedQoE,tearsofsteel_short,12,45,3,3,1850,2130.5,21.25,23.8,0.0,95.92,1.68,94.24,0,0.0,4,2850,0.0,97.6,97.6,-3.3599999999999994,0.0,0
Proposed_ShieldedQoE,tearsofsteel_short,12,46,5,5,6000,2407.2,23.8,25.53,0.0,98.49,2.57,95.92,0,0.0,5,6000,0.0,98.49,97.6,-1.6799999999999926,0.0,1
Proposed_ShieldedQoE,tearsofsteel_short,12,47,4,4,2850,3481.8,25.53,26.9,0.0,97.6,0.89,96.71,0,0.0,5,6000,0.0,98.49,98.49,-1.7800000000000011,0.0,0
Proposed_ShieldedQoE,tearsofsteel_short,13,0,1,0,300,527.2,2.64,4.34,0.0,67.85,0.0,67.85,1,1.0,1,750,3.117,86.63,73.23,-5.38000000000001,-3.117,0
Proposed_ShieldedQoE,tearsofsteel_short,13,1,0,0,300,320.0,4.34,6.8,0.0,67.85,0.0,67.85,0,0.5,1,750,0.0,86.63,86.63,-18.78,0.0,0
Proposed_ShieldedQoE,tearsofsteel_short,13,2,0,0,300,387.0,6.8,9.54,0.0,67.85,0.0,67.85,0,0.3333333333333333,1,750,0.0,86.63,86.63,-18.78,0.0,0
Proposed_ShieldedQoE,tearsofsteel_short,13,3,4,4,2850,654.2,9.54,11.45,0.0,97.6,29.75,67.85,0,0.25,1,750,0.0,86.63,86.63,-18.78,0.0,0
Proposed_ShieldedQoE,tearsofsteel_short,13,4,1,1,750,807.2,11.45,11.96,0.0,86.63,10.97,75.66,0,0.2,1,750,0.0,86.63,86.63,-10.969999999999999,0.0,1
Proposed_ShieldedQoE,tearsofsteel_short,13,5,1,1,750,402.8,11.96,10.74,0.0,86.63,0.0,86.63,0,0.16666666666666666,1,750,0.0,86.63,86.63,0.0,0.0,1
Proposed_ShieldedQoE,tearsofsteel_short,13,6,1,1,750,467.3,10.74,11.56,0.0,86.63,0.0,86.63,0,0.14285714285714285,1,750,0.0,86.63,86.63,0.0,0.0,1
Proposed_ShieldedQoE,tearsofsteel_short,13,7,1,1,750,449.3,11.56,10.05,0.0,86.63,0.0,86.63,0,0.125,1,750,0.0,86.63,86.63,0.0,0.0,1
Proposed_ShieldedQoE,tearsofsteel_short,13,8,1,1,750,426.7,10.05,4.0,1.189,86.63,0.0,81.52,0,0.1111111111111111,1,750,5.712,86.63,62.07,19.449999999999996,-4.523,1
Proposed_ShieldedQoE,tearsofsteel_short,13,9,0,0,300,606.4,4.0,5.55,0.0,67.85,18.78,49.07,0,0.1,1,750,2.135,86.63,77.45,-28.380000000000003,-2.135,0
Proposed_ShieldedQoE,tearsofsteel_short,13,10,0,0,300,819.0,5.55,8.16,0.0,67.85,0.0,67.85,0,0.09090909090909091,1,750,0.0,86.63,86.63,-18.78,0.0,0
Proposed_ShieldedQoE,tearsofsteel_short,13,11,4,1,750,356.1,8.16,6.15,0.0,86.63,18.78,67.85,1,0.16666666666666666,1,750,1.471,86.63,80.31,-12.460000000000008,-1.471,1
Proposed_ShieldedQoE,tearsofsteel_short,13,12,0,0,300,535.5,6.15,4.9,0.0,67.85,18.78,49.07,0,0.15384615384615385,1,750,9.133,86.63,47.36,1.7100000000000009,-9.133,0
Proposed_ShieldedQoE,tearsofsteel_short,13,13,0,0,300,504.7,4.9,5.77,0.0,67.85,0.0,67.85,0,0.14285714285714285,1,750,3.818,86.63,70.21,-2.3599999999999994,-3.818,0
Proposed_ShieldedQoE,tearsofsteel_short,13,14,0,0,300,796.2,5.77,8.48,0.0,67.85,0.0,67.85,0,0.13333333333333333,1,750,0.0,86.63,86.63,-18.78,0.0,0
Proposed_ShieldedQoE,tearsofsteel_short,13,15,0,0,300,825.8,8.48,10.66,0.0,67.85,0.0,67.85,0,0.125,1,750,0.0,86.63,86.63,-18.78,0.0,0
Proposed_ShieldedQoE,tearsofsteel_short,13,16,0,0,300,704.8,10.66,12.16,0.0,67.85,0.0,67.85,0,0.11764705882352941,1,750,2.015,86.63,77.97,-10.120000000000005,-2.015,0
Proposed_ShieldedQoE,tearsofsteel_short,13,17,4,4,2850,580.0,12.16,12.39,0.0,97.6,29.75,67.85,0,0.1111111111111111,1,750,0.0,86.63,86.63,-18.78,0.0,0
Proposed_ShieldedQoE,tearsofsteel_short,13,18,1,1,750,539.7,12.39,11.64,0.0,86.63,10.97,75.66,0,0.10526315789473684,1,750,0.524,86.63,84.38,-8.719999999999999,-0.524,1
Proposed_ShieldedQoE,tearsofsteel_short,13,19,1,1,750,486.4,11.64,11.49,0.0,86.63,0.0,86.63,0,0.1,1,750,0.146,86.63,86.0,0.6299999999999955,-0.146,1
Proposed_ShieldedQoE,tearsofsteel_short,13,20,1,1,750,735.2,11.49,10.56,0.0,86.63,0.0,86.63,0,0.09523809523809523,1,750,0.939,86.63,82.59,4.039999999999992,-0.939,1
Proposed_ShieldedQoE,tearsofsteel_short,13,21,1,1,750,666.1,10.56,12.06,0.0,86.63,0.0,86.63,0,0.09090909090909091,1,750,0.0,86.63,86.63,0.0,0.0,1
Proposed_ShieldedQoE,tearsofsteel_short,13,22,1,1,750,786.5,12.06,14.54,0.0,86.63,0.0,86.63,0,0.08695652173913043,1,750,0.0,86.63,86.63,0.0,0.0,1
Proposed_ShieldedQoE,tearsofsteel_short,13,23,1,1,750,694.6,14.54,16.81,0.0,86.63,0.0,86.63,0,0.08333333333333333,1,750,0.0,86.63,86.63,0.0,0.0,1
Proposed_ShieldedQoE,tearsofsteel_short,13,24,1,1,750,531.7,16.81,14.52,0.0,86.63,0.0,86.63,0,0.08,1,750,0.0,86.63,86.63,0.0,0.0,1
Proposed_ShieldedQoE,tearsofsteel_short,13,25,1,1,750,492.5,14.52,13.91,0.0,86.63,0.0,86.63,0,0.07692307692307693,1,750,0.0,86.63,86.63,0.0,0.0,1
Proposed_ShieldedQoE,tearsofsteel_short,13,26,1,1,750,719.3,13.91,15.04,0.0,86.63,0.0,86.63,0,0.07407407407407407,1,750,0.0,86.63,86.63,0.0,0.0,1
Proposed_ShieldedQoE,tearsofsteel_short,13,27,1,1,750,686.2,15.04,14.44,0.0,86.63,0.0,86.63,0,0.07142857142857142,1,750,0.0,86.63,86.63,0.0,0.0,1
Proposed_ShieldedQoE,tearsofsteel_short,13,28,1,1,750,807.2,14.44,11.11,0.0,86.63,0.0,86.63,0,0.06896551724137931,1,750,0.0,86.63,86.63,0.0,0.0,1
Proposed_ShieldedQoE,tearsofsteel_short,13,29,1,1,750,793.6,11.11,12.01,0.0,86.63,0.0,86.63,0,0.06666666666666667,1,750,0.0,86.63,86.63,0.0,0.0,1
Proposed_ShieldedQoE,tearsofsteel_short,13,30,1,1,750,749.4,12.01,11.32,0.0,86.63,0.0,86.63,0,0.06451612903225806,1,750,0.0,86.63,86.63,0.0,0.0,1
Proposed_ShieldedQoE,tearsofsteel_short,13,31,1,1,750,990.9,11.32,11.48,0.0,86.63,0.0,86.63,0,0.0625,1,750,0.0,86.63,86.63,0.0,0.0,1
Proposed_ShieldedQoE,tearsofsteel_short,13,32,1,1,750,964.2,11.48,9.14,0.0,86.63,0.0,86.63,0,0.06060606060606061,1,750,1.412,86.63,80.56,6.069999999999993,-1.412,1
Proposed_ShieldedQoE,tearsofsteel_short,13,33,1,1,750,572.6,9.14,8.49,0.0,86.63,0.0,86.63,0,0.058823529411764705,1,750,0.658,86.63,83.8,2.8299999999999983,-0.658,1
Proposed_ShieldedQoE,tearsofsteel_short,13,34,1,1,750,725.9,8.49,8.6,0.0,86.63,0.0,86.63,0,0.05714285714285714,1,750,0.0,86.63,86.63,0.0,0.0,1
Proposed_ShieldedQoE,tearsofsteel_short,13,35,1,1,750,537.0,8.6,6.76,0.0,86.63,0.0,86.63,0,0.05555555555555555,1,750,1.731,86.63,79.19,7.439999999999998,-1.731,1
Proposed_ShieldedQoE,tearsofsteel_short,13,36,1,1,750,810.3,6.76,5.13,0.0,86.63,0.0,86.63,0,0.05405405405405406,1,750,1.622,86.63,79.66,6.969999999999999,-1.622,1
Proposed_ShieldedQoE,tearsofsteel_short,13,37,1,1,750,759.9,5.13,5.22,0.0,86.63,0.0,86.63,0,0.05263157894736842,1,750,0.0,86.63,86.63,0.0,0.0,1
Proposed_ShieldedQoE,tearsofsteel_short,13,38,1,1,750,363.9,5.22,4.62,0.0,86.63,0.0,86.63,0,0.05128205128205128,1,750,0.509,86.63,84.44,2.1899999999999977,-0.509,1
Proposed_ShieldedQoE,tearsofsteel_short,13,39,1,1,750,361.5,4.62,5.3,0.0,86.63,0.0,86.63,0,0.05,1,750,0.0,86.63,86.63,0.0,0.0,1
Proposed_ShieldedQoE,tearsofsteel_short,13,40,1,0,300,439.7,5.3,5.86,0.0,67.85,18.78,49.07,1,0.07317073170731707,1,750,3.94,86.63,69.69,-20.619999999999997,-3.94,0
Proposed_ShieldedQoE,tearsofsteel_short,13,41,0,0,300,452.3,5.86,8.21,0.0,67.85,0.0,67.85,0,0.07142857142857142,1,750,0.104,86.63,86.18,-18.330000000000013,-0.104,0
Proposed_ShieldedQoE,tearsofsteel_short,13,42,0,0,300,817.5,8.21,11.57,0.0,67.85,0.0,67.85,0,0.06976744186046512,2,1200,0.0,92.82,86.63,-18.78,0.0,0
Proposed_ShieldedQoE,tearsofsteel_short,13,43,4,4,2850,693.1,11.57,13.79,0.0,97.6,29.75,67.85,0,0.06818181818181818,2,1200,0.0,92.82,92.82,-24.97,0.0,0
Proposed_ShieldedQoE,tearsofsteel_short,13,44,1,1,750,554.2,13.79,10.98,0.0,86.63,10.97,75.66,0,0.06666666666666667,2,1200,4.319,92.82,74.25,1.4099999999999966,-4.319,0
Proposed_ShieldedQoE,tearsofsteel_short,13,45,1,1,750,499.1,10.98,12.47,0.0,86.63,0.0,86.63,0,0.06521739130434782,2,1200,0.017,92.82,92.75,-6.1200000000000045,-0.017,0
Proposed_ShieldedQoE,tearsofsteel_short,13,46,1,1,750,686.0,12.47,14.37,0.0,86.63,0.0,86.63,0,0.06382978723404255,2,1200,0.0,92.82,92.82,-6.189999999999998,0.0,0
Proposed_ShieldedQoE,tearsofsteel_short,13,47,1,1,750,794.6,14.37,15.33,0.0,86.63,0.0,86.63,0,0.0625,2,1200,0.211,92.82,91.91,-5.280000000000001,-0.211,0
Proposed_ShieldedQoE,tearsofsteel_short,14,0,1,1,750,2769.2,1.4,4.96,0.0,86.63,0.0,86.63,0,0.0,2,1200,0.351,92.82,91.31,-4.680000000000007,-0.351,0
Proposed_ShieldedQoE,tearsofsteel_short,14,1,4,4,2850,2823.5,4.96,8.53,0.0,97.6,10.97,86.63,0,0.0,4,2850,0.0,97.6,92.82,-6.189999999999998,0.0,1
Proposed_ShieldedQoE,tearsofsteel_short,14,2,5,5,6000,2823.5,8.53,11.84,0.0,98.49,0.89,97.6,0,0.0,4,2850,0.0,97.6,97.6,0.0,0.0,0
Proposed_ShieldedQoE,tearsofsteel_short,14,3,5,5,6000,2823.5,11.84,14.65,0.0,98.49,0.0,98.49,0,0.0,4,2850,0.0,97.6,97.6,0.8900000000000006,0.0,0
Proposed_ShieldedQoE,tearsofsteel_short,14,4,4,4,2850,2851.5,14.65,14.89,0.0,97.6,0.89,96.71,0,0.0,4,2850,0.0,97.6,97.6,-0.8900000000000006,0.0,1
Proposed_ShieldedQoE,tearsofsteel_short,14,5,4,4,2850,2823.5,14.89,16.06,0.0,97.6,0.0,97.6,0,0.0,4,2850,0.0,97.6,97.6,0.0,0.0,1
Proposed_ShieldedQoE,tearsofsteel_short,14,6,4,4,2850,2823.5,16.06,18.06,0.0,97.6,0.0,97.6,0,0.0,4,2850,0.0,97.6,97.6,0.0,0.0,1
Proposed_ShieldedQoE,tearsofsteel_short,14,7,4,4,2850,2823.5,18.06,18.72,0.0,97.6,0.0,97.6,0,0.0,4,2850,0.0,97.6,97.6,0.0,0.0,1
Proposed_ShieldedQoE,tearsofsteel_short,14,8,4,4,2850,2851.5,18.72,16.33,0.0,97.6,0.0,97.6,0,0.0,3,1850,0.0,95.92,94.24,3.3599999999999994,0.0,0
Proposed_ShieldedQoE,tearsofsteel_short,14,9,3,3,1850,2823.5,16.33,17.08,0.0,95.92,1.68,94.24,0,0.0,3,1850,0.0,95.92,95.92,-1.6800000000000068,0.0,1
Proposed_ShieldedQoE,tearsofsteel_short,14,10,4,4,2850,2823.5,17.08,17.27,0.0,97.6,1.68,95.92,0,0.0,3,1850,0.0,95.92,95.92,0.0,0.0,0
Proposed_ShieldedQoE,tearsofsteel_short,14,11,4,4,2850,2823.5,17.27,18.39,0.0,97.6,0.0,97.6,0,0.0,3,1850,0.0,95.92,95.92,1.6799999999999926,0.0,0
Proposed_ShieldedQoE,tearsofsteel_short,14,12,4,4,2850,2851.5,18.39,13.02,0.0,97.6,0.0,97.6,0,0.0,3,1850,0.0,95.92,95.92,1.6799999999999926,0.0,0
Proposed_ShieldedQoE,tearsofsteel_short,14,13,3,3,1850,2823.5,13.02,13.57,0.0,95.92,1.68,94.24,0,0.0,3,1850,0.0,95.92,95.92,-1.6800000000000068,0.0,1
Proposed_ShieldedQoE,tearsofsteel_short,14,14,4,4,2850,2796.1,13.57,14.07,0.0,97.6,1.68,95.92,0,0.0,3,1850,0.0,95.92,95.92,0.0,0.0,0
Proposed_ShieldedQoE,tearsofsteel_short,14,15,4,4,2850,2796.1,14.07,12.98,0.0,97.6,0.0,97.6,0,0.0,3,1850,0.0,95.92,95.92,1.6799999999999926,0.0,0
Proposed_ShieldedQoE,tearsofsteel_short,14,16,3,3,1850,2796.1,12.98,13.1,0.0,95.92,1.68,94.24,0,0.0,3,1850,0.0,95.92,95.92,-1.6800000000000068,0.0,1
Proposed_ShieldedQoE,tearsofsteel_short,14,17,4,4,2850,2823.5,13.1,14.15,0.0,97.6,1.68,95.92,0,0.0,4,2850,0.0,97.6,95.92,0.0,0.0,1
Proposed_ShieldedQoE,tearsofsteel_short,14,18,4,4,2850,2823.5,14.15,14.7,0.0,97.6,0.0,97.6,0,0.0,4,2850,0.0,97.6,97.6,0.0,0.0,1
Proposed_ShieldedQoE,tearsofsteel_short,14,19,4,4,2850,2823.5,14.7,15.99,0.0,97.6,0.0,97.6,0,0.0,4,2850,0.0,97.6,97.6,0.0,0.0,1
Proposed_ShieldedQoE,tearsofsteel_short,14,20,4,4,2850,2823.5,15.99,15.1,0.0,97.6,0.0,97.6,0,0.0,4,2850,0.0,97.6,97.6,0.0,0.0,1
Proposed_ShieldedQoE,tearsofsteel_short,14,21,4,4,2850,2796.1,15.1,16.84,0.0,97.6,0.0,97.6,0,0.0,4,2850,0.0,97.6,97.6,0.0,0.0,1
Proposed_ShieldedQoE,tearsofsteel_short,14,22,4,4,2850,2796.1,16.84,19.21,0.0,97.6,0.0,97.6,0,0.0,4,2850,0.0,97.6,97.6,0.0,0.0,1
Proposed_ShieldedQoE,tearsofsteel_short,14,23,4,4,2850,2796.1,19.21,21.58,0.0,97.6,0.0,97.6,0,0.0,4,2850,0.0,97.6,97.6,0.0,0.0,1
Proposed_ShieldedQoE,tearsofsteel_short,14,24,4,4,2850,2823.5,21.58,21.08,0.0,97.6,0.0,97.6,0,0.0,3,1850,0.0,95.92,94.24,3.3599999999999994,0.0,0
Proposed_ShieldedQoE,tearsofsteel_short,14,25,4,4,2850,905.7,21.08,15.57,0.0,97.6,0.0,97.6,0,0.0,2,1200,0.0,92.82,89.72,7.8799999999999955,0.0,0
Proposed_ShieldedQoE,tearsofsteel_short,14,26,0,0,300,914.3,15.57,14.0,0.0,67.85,29.75,38.1,0,0.0,2,1200,0.0,92.82,92.82,-54.71999999999999,0.0,0
Proposed_ShieldedQoE,tearsofsteel_short,14,27,0,0,300,905.7,14.0,12.41,0.0,67.85,0.0,67.85,0,0.0,2,1200,0.0,92.82,92.82,-24.97,0.0,0
Proposed_ShieldedQoE,tearsofsteel_short,14,28,0,0,300,905.7,12.41,9.88,0.0,67.85,0.0,67.85,0,0.0,2,1200,0.0,92.82,92.82,-24.97,0.0,0
Proposed_ShieldedQoE,tearsofsteel_short,14,29,1,1,750,905.7,9.88,11.16,0.0,86.63,18.78,67.85,0,0.0,2,1200,0.0,92.82,92.82,-24.97,0.0,0
Proposed_ShieldedQoE,tearsofsteel_short,14,30,1,1,750,905.7,11.16,11.28,0.0,86.63,0.0,86.63,0,0.0,2,1200,0.0,92.82,92.82,-6.189999999999998,0.0,0
Proposed_ShieldedQoE,tearsofsteel_short,14,31,1,1,750,914.3,11.28,11.12,0.0,86.63,0.0,86.63,0,0.0,2,1200,0.0,92.82,92.82,-6.189999999999998,0.0,0
Proposed_ShieldedQoE,tearsofsteel_short,14,32,1,1,750,905.7,11.12,8.38,0.0,86.63,0.0,86.63,0,0.0,2,1200,0.0,92.82,92.82,-6.189999999999998,0.0,0
Proposed_ShieldedQoE,tearsofsteel_short,14,33,1,1,750,914.3,8.38,9.46,0.0,86.63,0.0,86.63,0,0.0,2,1200,0.0,92.82,92.82,-6.189999999999998,0.0,0
Proposed_ShieldedQoE,tearsofsteel_short,14,34,1,1,750,905.7,9.46,10.34,0.0,86.63,0.0,86.63,0,0.0,2,1200,0.0,92.82,92.82,-6.189999999999998,0.0,0
Proposed_ShieldedQoE,tearsofsteel_short,14,35,1,1,750,914.3,10.34,10.91,0.0,86.63,0.0,86.63,0,0.0,2,1200,0.0,92.82,92.82,-6.189999999999998,0.0,0
Proposed_ShieldedQoE,tearsofsteel_short,14,36,1,1,750,905.7,10.91,9.88,0.0,86.63,0.0,86.63,0,0.0,2,1200,1.23,92.82,87.53,-0.9000000000000057,-1.23,0
Proposed_ShieldedQoE,tearsofsteel_short,14,37,1,1,750,831.7,9.88,10.31,0.0,86.63,0.0,86.63,0,0.0,2,1200,1.722,92.82,85.41,1.2199999999999989,-1.722,0
Proposed_ShieldedQoE,tearsofsteel_short,14,38,1,1,750,831.7,10.31,12.3,0.0,86.63,0.0,86.63,0,0.0,2,1200,0.0,92.82,92.82,-6.189999999999998,0.0,0
Proposed_ShieldedQoE,tearsofsteel_short,14,39,1,1,750,831.7,12.3,14.85,0.0,86.63,0.0,86.63,0,0.0,2,1200,0.0,92.82,92.82,-6.189999999999998,0.0,0
Proposed_ShieldedQoE,tearsofsteel_short,14,40,1,1,750,834.8,14.85,14.31,0.0,86.63,0.0,86.63,0,0.0,2,1200,0.789,92.82,89.43,-2.8000000000000114,-0.789,0
Proposed_ShieldedQoE,tearsofsteel_short,14,41,1,1,750,834.8,14.31,16.09,0.0,86.63,0.0,86.63,0,0.0,2,1200,0.0,92.82,92.82,-6.189999999999998,0.0,0
Proposed_ShieldedQoE,tearsofsteel_short,14,42,1,1,750,834.8,16.09,18.52,0.0,86.63,0.0,86.63,0,0.0,2,1200,0.0,92.82,92.82,-6.189999999999998,0.0,0
Proposed_ShieldedQoE,tearsofsteel_short,14,43,5,5,6000,831.7,18.52,20.14,0.0,98.49,11.86,86.63,0,0.0,2,1200,0.0,92.82,92.82,-6.189999999999998,0.0,0
Proposed_ShieldedQoE,tearsofsteel_short,14,44,2,2,1200,831.7,20.14,16.88,0.0,92.82,5.67,87.15,0,0.0,2,1200,0.0,92.82,92.82,-5.6699999999999875,0.0,1
Proposed_ShieldedQoE,tearsofsteel_short,14,45,2,2,1200,831.7,16.88,18.47,0.0,92.82,0.0,92.82,0,0.0,2,1200,0.0,92.82,92.82,0.0,0.0,1
Proposed_ShieldedQoE,tearsofsteel_short,14,46,2,2,1200,831.7,18.47,19.71,0.0,92.82,0.0,92.82,0,0.0,2,1200,0.0,92.82,92.82,0.0,0.0,1
Proposed_ShieldedQoE,tearsofsteel_short,14,47,2,2,1200,831.7,19.71,19.06,0.0,92.82,0.0,92.82,0,0.0,2,1200,0.0,92.82,92.82,0.0,0.0,1
Proposed_ShieldedQoE,tearsofsteel_short,15,0,1,1,750,985.5,2.54,4.0,0.54,86.63,0.0,84.31,0,0.0,1,750,0.54,86.63,84.31,0.0,0.0,1
Proposed_ShieldedQoE,tearsofsteel_short,15,1,1,1,750,1147.8,4.0,6.93,0.0,86.63,0.0,86.63,0,0.0,1,750,0.0,86.63,86.63,0.0,0.0,1
Proposed_ShieldedQoE,tearsofsteel_short,15,2,1,1,750,330.5,6.93,7.26,0.0,86.63,0.0,86.63,0,0.0,1,750,0.0,86.63,86.63,0.0,0.0,1
Proposed_ShieldedQoE,tearsofsteel_short,15,3,1,1,750,954.6,7.26,9.83,0.0,86.63,0.0,86.63,0,0.0,1,750,0.0,86.63,86.63,0.0,0.0,1
Proposed_ShieldedQoE,tearsofsteel_short,15,4,1,1,750,417.9,9.83,7.08,0.0,86.63,0.0,86.63,0,0.0,1,750,0.0,86.63,86.63,0.0,0.0,1
Proposed_ShieldedQoE,tearsofsteel_short,15,5,1,1,750,1051.5,7.08,9.08,0.0,86.63,0.0,86.63,0,0.0,1,750,0.0,86.63,86.63,0.0,0.0,1
Proposed_ShieldedQoE,tearsofsteel_short,15,6,1,1,750,582.7,9.08,10.53,0.0,86.63,0.0,86.63,0,0.0,1,750,0.0,86.63,86.63,0.0,0.0,1
Proposed_ShieldedQoE,tearsofsteel_short,15,7,1,1,750,1084.0,10.53,12.25,0.0,86.63,0.0,86.63,0,0.0,1,750,0.0,86.63,86.63,0.0,0.0,1
Proposed_ShieldedQoE,tearsofsteel_short,15,8,1,1,750,1091.8,12.25,11.86,0.0,86.63,0.0,86.63,0,0.0,1,750,0.0,86.63,86.63,0.0,0.0,1
Proposed_ShieldedQoE,tearsofsteel_short,15,9,1,1,750,948.6,11.86,11.93,0.0,86.63,0.0,86.63,0,0.0,1,750,0.0,86.63,86.63,0.0,0.0,1
Proposed_ShieldedQoE,tearsofsteel_short,15,10,1,1,750,778.8,11.93,12.29,0.0,86.63,0.0,86.63,0,0.0,1,750,0.0,86.63,86.63,0.0,0.0,1
Proposed_ShieldedQoE,tearsofsteel_short,15,11,1,1,750,912.3,12.29,13.95,0.0,86.63,0.0,86.63,0,0.0,1,750,0.0,86.63,86.63,0.0,0.0,1
Proposed_ShieldedQoE,tearsofsteel_short,15,12,1,1,750,868.3,13.95,9.85,0.0,86.63,0.0,86.63,0,0.0,1,750,0.0,86.63,86.63,0.0,0.0,1
Proposed_ShieldedQoE,tearsofsteel_short,15,13,1,1,750,591.5,9.85,7.18,0.0,86.63,0.0,86.63,0,0.0,1,750,0.0,86.63,86.63,0.0,0.0,1
Proposed_ShieldedQoE,tearsofsteel_short,15,14,1,1,750,826.8,7.18,8.07,0.0,86.63,0.0,86.63,0,0.0,1,750,0.0,86.63,86.63,0.0,0.0,1
Proposed_ShieldedQoE,tearsofsteel_short,15,15,1,1,750,746.7,8.07,7.04,0.0,86.63,0.0,86.63,0,0.0,1,750,0.0,86.63,86.63,0.0,0.0,1
Proposed_ShieldedQoE,tearsofsteel_short,15,16,1,1,750,1083.7,7.04,6.98,0.0,86.63,0.0,86.63,0,0.0,1,750,0.0,86.63,86.63,0.0,0.0,1
Proposed_ShieldedQoE,tearsofsteel_short,15,17,1,1,750,314.5,6.98,4.02,0.0,86.63,0.0,86.63,0,0.0,1,750,0.0,86.63,86.63,0.0,0.0,1
Proposed_ShieldedQoE,tearsofsteel_short,15,18,0,0,300,896.8,4.02,6.88,0.0,67.85,18.78,49.07,0,0.0,1,750,0.0,86.63,86.63,-37.559999999999995,0.0,0
Proposed_ShieldedQoE,tearsofsteel_short,15,19,4,4,2850,698.3,6.88,7.99,0.0,97.6,29.75,67.85,0,0.0,1,750,0.0,86.63,86.63,-18.78,0.0,0
Proposed_ShieldedQoE,tearsofsteel_short,15,20,1,1,750,821.6,7.99,7.57,0.0,86.63,10.97,75.66,0,0.0,1,750,0.0,86.63,86.63,-10.969999999999999,0.0,1
Proposed_ShieldedQoE,tearsofsteel_short,15,21,1,1,750,866.4,7.57,9.65,0.0,86.63,0.0,86.63,0,0.0,1,750,0.0,86.63,86.63,0.0,0.0,1
Proposed_ShieldedQoE,tearsofsteel_short,15,22,1,1,750,1244.4,9.65,12.69,0.0,86.63,0.0,86.63,0,0.0,1,750,0.0,86.63,86.63,0.0,0.0,1
Proposed_ShieldedQoE,tearsofsteel_short,15,23,5,5,6000,525.3,12.69,13.03,0.0,98.49,11.86,86.63,0,0.0,1,750,0.0,86.63,86.63,0.0,0.0,0
Proposed_ShieldedQoE,tearsofsteel_short,15,24,1,1,750,404.9,13.03,8.77,0.0,86.63,11.86,74.77,0,0.0,1,750,0.0,86.63,86.63,-11.86,0.0,1
Proposed_ShieldedQoE,tearsofsteel_short,15,25,1,1,750,814.0,8.77,9.99,0.0,86.63,0.0,86.63,0,0.0,1,750,0.0,86.63,86.63,0.0,0.0,1
Proposed_ShieldedQoE,tearsofsteel_short,15,26,1,1,750,719.0,9.99,11.11,0.0,86.63,0.0,86.63,0,0.0,1,750,0.0,86.63,86.63,0.0,0.0,1
Proposed_ShieldedQoE,tearsofsteel_short,15,27,1,1,750,932.1,11.11,11.72,0.0,86.63,0.0,86.63,0,0.0,1,750,0.0,86.63,86.63,0.0,0.0,1
Proposed_ShieldedQoE,tearsofsteel_short,15,28,1,1,750,934.7,11.72,9.39,0.0,86.63,0.0,86.63,0,0.0,1,750,0.0,86.63,86.63,0.0,0.0,1
Proposed_ShieldedQoE,tearsofsteel_short,15,29,1,1,750,887.2,9.39,10.62,0.0,86.63,0.0,86.63,0,0.0,1,750,0.0,86.63,86.63,0.0,0.0,1
Proposed_ShieldedQoE,tearsofsteel_short,15,30,1,1,750,693.7,10.62,9.55,0.0,86.63,0.0,86.63,0,0.0,1,750,0.0,86.63,86.63,0.0,0.0,1
Proposed_ShieldedQoE,tearsofsteel_short,15,31,1,1,750,752.9,9.55,8.5,0.0,86.63,0.0,86.63,0,0.0,1,750,0.0,86.63,86.63,0.0,0.0,1
Proposed_ShieldedQoE,tearsofsteel_short,15,32,1,0,300,320.6,8.5,4.88,0.0,67.85,18.78,49.07,1,0.030303030303030304,1,750,10.893,86.63,39.79,9.280000000000001,-10.893,0
Proposed_ShieldedQoE,tearsofsteel_short,15,33,0,0,300,577.7,4.88,7.03,0.0,67.85,0.0,67.85,0,0.029411764705882353,1,750,0.618,86.63,83.97,-16.120000000000005,-0.618,0
Proposed_ShieldedQoE,tearsofsteel_short,15,34,0,0,300,952.6,7.03,9.85,0.0,67.85,0.0,67.85,0,0.02857142857142857,1,750,0.0,86.63,86.63,-18.78,0.0,0
Proposed_ShieldedQoE,tearsofsteel_short,15,35,4,4,2850,730.6,9.85,9.55,0.0,97.6,29.75,67.85,0,0.027777777777777776,1,750,0.0,86.63,86.63,-18.78,0.0,0
Proposed_ShieldedQoE,tearsofsteel_short,15,36,1,1,750,1298.9,9.55,10.05,0.0,86.63,10.97,75.66,0,0.02702702702702703,1,750,0.0,86.63,86.63,-10.969999999999999,0.0,1
Proposed_ShieldedQoE,tearsofsteel_short,15,37,1,1,750,1115.9,10.05,11.38,0.0,86.63,0.0,86.63,0,0.02631578947368421,1,750,0.0,86.63,86.63,0.0,0.0,1
Proposed_ShieldedQoE,tearsofsteel_short,15,38,1,1,750,385.1,11.38,11.04,0.0,86.63,0.0,86.63,0,0.02564102564102564,1,750,0.0,86.63,86.63,0.0,0.0,1
Proposed_ShieldedQoE,tearsofsteel_short,15,39,1,1,750,838.5,11.04,13.61,0.0,86.63,0.0,86.63,0,0.025,2,1200,0.0,92.82,86.63,0.0,0.0,0
Proposed_ShieldedQoE,tearsofsteel_short,15,40,1,1,750,804.9,13.61,12.9,0.0,86.63,0.0,86.63,0,0.024390243902439025,2,1200,0.0,92.82,92.82,-6.189999999999998,0.0,0
Proposed_ShieldedQoE,tearsofsteel_short,15,41,1,1,750,942.1,12.9,14.93,0.0,86.63,0.0,86.63,0,0.023809523809523808,2,1200,0.0,92.82,92.82,-6.189999999999998,0.0,0
Proposed_ShieldedQoE,tearsofsteel_short,15,42,1,1,750,999.5,14.93,17.62,0.0,86.63,0.0,86.63,0,0.023255813953488372,2,1200,0.0,92.82,92.82,-6.189999999999998,0.0,0
Proposed_ShieldedQoE,tearsofsteel_short,15,43,5,5,6000,1003.0,17.62,19.64,0.0,98.49,11.86,86.63,0,0.022727272727272728,2,1200,0.0,92.82,92.82,-6.189999999999998,0.0,0
Proposed_ShieldedQoE,tearsofsteel_short,15,44,2,2,1200,835.4,19.64,16.41,0.0,92.82,5.67,87.15,0,0.022222222222222223,2,1200,0.0,92.82,92.82,-5.6699999999999875,0.0,1
Proposed_ShieldedQoE,tearsofsteel_short,15,45,2,2,1200,797.9,16.41,17.9,0.0,92.82,0.0,92.82,0,0.021739130434782608,3,1850,0.0,95.92,92.82,0.0,0.0,0
Proposed_ShieldedQoE,tearsofsteel_short,15,46,2,2,1200,967.8,17.9,19.53,0.0,92.82,0.0,92.82,0,0.02127659574468085,3,1850,0.0,95.92,95.92,-3.1000000000000085,0.0,0
Proposed_ShieldedQoE,tearsofsteel_short,15,47,2,2,1200,875.4,19.53,19.11,0.0,92.82,0.0,92.82,0,0.020833333333333332,3,1850,0.388,95.92,94.25,-1.4300000000000068,-0.388,0
Proposed_ShieldedQoE,tearsofsteel_short,16,0,0,0,300,1588.8,1.58,4.81,0.0,67.85,0.0,67.85,0,0.0,2,1200,1.479,92.82,86.46,-18.61,-1.479,0
Proposed_ShieldedQoE,tearsofsteel_short,16,1,4,4,2850,2396.5,4.81,8.3,0.0,97.6,29.75,67.85,0,0.0,3,1850,0.0,95.92,92.82,-24.97,0.0,0
Proposed_ShieldedQoE,tearsofsteel_short,16,2,5,5,6000,2817.4,8.3,11.61,0.0,98.49,0.89,97.6,0,0.0,3,1850,0.0,95.92,95.92,1.6799999999999926,0.0,0
Proposed_ShieldedQoE,tearsofsteel_short,16,3,2,2,1200,2232.1,11.61,14.63,0.0,92.82,5.67,87.15,0,0.0,3,1850,0.0,95.92,95.92,-8.769999999999996,0.0,0
Proposed_ShieldedQoE,tearsofsteel_short,16,4,2,2,1200,2109.8,14.63,16.49,0.0,92.82,0.0,92.82,0,0.0,3,1850,0.0,95.92,95.92,-3.1000000000000085,0.0,0
Proposed_ShieldedQoE,tearsofsteel_short,16,5,5,5,6000,1933.6,16.49,17.81,0.0,98.49,5.67,92.82,0,0.0,3,1850,0.0,95.92,95.92,-3.1000000000000085,0.0,0
Proposed_ShieldedQoE,tearsofsteel_short,16,6,4,4,2850,1790.0,17.81,18.66,0.0,97.6,0.89,96.71,0,0.0,3,1850,0.0,95.92,95.92,0.789999999999992,0.0,0
Proposed_ShieldedQoE,tearsofsteel_short,16,7,4,4,2850,997.4,18.66,13.21,0.0,97.6,0.0,97.6,0,0.0,2,1200,0.0,92.82,89.72,7.8799999999999955,0.0,0
Proposed_ShieldedQoE,tearsofsteel_short,16,8,0,0,300,538.4,13.21,4.0,8.753,67.85,29.75,0.46,0,0.0,2,1200,0.0,92.82,92.82,-92.36,8.753,0
Proposed_ShieldedQoE,tearsofsteel_short,16,9,0,0,300,1140.1,4.0,4.0,1.222,67.85,0.0,62.6,0,0.0,2,1200,0.0,92.82,92.82,-30.21999999999999,1.222,0
Proposed_ShieldedQoE,tearsofsteel_short,16,10,1,1,750,1534.2,4.0,6.15,0.0,86.63,18.78,67.85,0,0.0,2,1200,0.0,92.82,92.82,-24.97,0.0,0
Proposed_ShieldedQoE,tearsofsteel_short,16,11,1,1,750,809.2,6.15,7.51,0.0,86.63,0.0,86.63,0,0.0,2,1200,0.0,92.82,92.82,-6.189999999999998,0.0,0
Proposed_ShieldedQoE,tearsofsteel_short,16,12,1,1,750,2286.2,7.51,8.43,0.0,86.63,0.0,86.63,0,0.0,2,1200,0.0,92.82,92.82,-6.189999999999998,0.0,0
Proposed_ShieldedQoE,tearsofsteel_short,16,13,1,1,750,2340.5,8.43,10.75,0.0,86.63,0.0,86.63,0,0.0,3,1850,0.0,95.92,92.82,-6.189999999999998,0.0,0
Proposed_ShieldedQoE,tearsofsteel_short,16,14,5,5,6000,2150.2,10.75,12.83,0.0,98.49,11.86,86.63,0,0.0,3,1850,0.0,95.92,95.92,-9.290000000000006,0.0,0
Proposed_ShieldedQoE,tearsofsteel_short,16,15,2,2,1200,2880.9,12.83,14.75,0.0,92.82,5.67,87.15,0,0.0,3,1850,0.0,95.92,95.92,-8.769999999999996,0.0,0
Proposed_ShieldedQoE,tearsofsteel_short,16,16,2,2,1200,3263.2,14.75,16.59,0.0,92.82,0.0,92.82,0,0.0,4,2850,0.0,97.6,95.92,-3.1000000000000085,0.0,0
Proposed_ShieldedQoE,tearsofsteel_short,16,17,5,5,6000,2319.0,16.59,18.26,0.0,98.49,5.67,92.82,0,0.0,4,2850,0.0,97.6,97.6,-4.780000000000001,0.0,0
Proposed_ShieldedQoE,tearsofsteel_short,16,18,4,4,2850,3030.0,18.26,19.05,0.0,97.6,0.89,96.71,0,0.0,4,2850,0.0,97.6,97.6,-0.8900000000000006,0.0,1
Proposed_ShieldedQoE,tearsofsteel_short,16,19,4,4,2850,2272.5,19.05,19.68,0.0,97.6,0.0,97.6,0,0.0,4,2850,0.0,97.6,97.6,0.0,0.0,1
Proposed_ShieldedQoE,tearsofsteel_short,16,20,4,4,2850,2884.3,19.68,18.89,0.0,97.6,0.0,97.6,0,0.0,4,2850,0.0,97.6,97.6,0.0,0.0,1
Proposed_ShieldedQoE,tearsofsteel_short,16,21,4,4,2850,1975.7,18.89,19.7,0.0,97.6,0.0,97.6,0,0.0,4,2850,0.0,97.6,97.6,0.0,0.0,1
Proposed_ShieldedQoE,tearsofsteel_short,16,22,4,4,2850,2434.5,19.7,21.82,0.0,97.6,0.0,97.6,0,0.0,4,2850,0.0,97.6,97.6,0.0,0.0,1
Proposed_ShieldedQoE,tearsofsteel_short,16,23,4,4,2850,1995.2,21.82,23.54,0.0,97.6,0.0,97.6,0,0.0,4,2850,0.0,97.6,97.6,0.0,0.0,1
Proposed_ShieldedQoE,tearsofsteel_short,16,24,4,4,2850,1771.2,23.54,20.36,0.0,97.6,0.0,97.6,0,0.0,4,2850,0.0,97.6,97.6,0.0,0.0,1
Proposed_ShieldedQoE,tearsofsteel_short,16,25,3,3,1850,2435.6,20.36,22.07,0.0,95.92,1.68,94.24,0,0.0,4,2850,0.0,97.6,97.6,-3.3599999999999994,0.0,0
Proposed_ShieldedQoE,tearsofsteel_short,16,26,5,5,6000,2196.4,22.07,22.49,0.0,98.49,2.57,95.92,0,0.0,4,2850,0.0,97.6,97.6,-1.6799999999999926,0.0,0
Proposed_ShieldedQoE,tearsofsteel_short,16,27,4,4,2850,1726.4,22.49,19.54,0.0,97.6,0.89,96.71,0,0.0,3,1850,0.0,95.92,94.24,2.469999999999999,0.0,0
Proposed_ShieldedQoE,tearsofsteel_short,16,28,0,0,300,5195.1,19.54,20.73,0.0,67.85,29.75,38.1,0,0.0,3,1850,0.0,95.92,95.92,-57.82,0.0,0
Proposed_ShieldedQoE,tearsofsteel_short,16,29,5,5,6000,1283.4,20.73,17.44,0.0,98.49,30.64,67.85,0,0.0,3,1850,0.0,95.92,95.92,-28.070000000000007,0.0,0
Proposed_ShieldedQoE,tearsofsteel_short,16,30,0,0,300,2759.4,17.44,18.3,0.0,67.85,30.64,37.21,0,0.0,3,1850,0.0,95.92,95.92,-58.71,0.0,0
Proposed_ShieldedQoE,tearsofsteel_short,16,31,3,3,1850,1776.0,18.3,17.02,0.0,95.92,28.07,67.85,0,0.0,3,1850,0.0,95.92,95.92,-28.070000000000007,0.0,1
Proposed_ShieldedQoE,tearsofsteel_short,16,32,3,3,1850,2307.6,17.02,14.49,0.0,95.92,0.0,95.92,0,0.0,3,1850,0.0,95.92,95.92,0.0,0.0,1
Proposed_ShieldedQoE,tearsofsteel_short,16,33,3,3,1850,2359.7,14.49,15.7,0.0,95.92,0.0,95.92,0,0.0,3,1850,0.0,95.92,95.92,0.0,0.0,1
Proposed_ShieldedQoE,tearsofsteel_short,16,34,3,3,1850,2255.6,15.7,16.61,0.0,95.92,0.0,95.92,0,0.0,3,1850,0.0,95.92,95.92,0.0,0.0,1
Proposed_ShieldedQoE,tearsofsteel_short,16,35,3,3,1850,1751.4,16.61,16.19,0.0,95.92,0.0,95.92,0,0.0,3,1850,0.0,95.92,95.92,0.0,0.0,1
Proposed_ShieldedQoE,tearsofsteel_short,16,36,3,3,1850,1518.3,16.19,12.79,0.0,95.92,0.0,95.92,0,0.0,3,1850,0.165,95.92,95.21,0.710000000000008,-0.165,1
Proposed_ShieldedQoE,tearsofsteel_short,16,37,2,2,1200,3087.2,12.79,15.25,0.0,92.82,3.1,89.72,0,0.0,4,2850,0.0,97.6,95.92,-6.200000000000003,0.0,0
Proposed_ShieldedQoE,tearsofsteel_short,16,38,5,5,6000,3044.6,15.25,17.9,0.0,98.49,5.67,92.82,0,0.0,4,2850,0.0,97.6,97.6,-4.780000000000001,0.0,0
Proposed_ShieldedQoE,tearsofsteel_short,16,39,5,5,6000,2653.9,17.9,20.18,0.0,98.49,0.0,98.49,0,0.0,4,2850,0.0,97.6,97.6,0.8900000000000006,0.0,0
Proposed_ShieldedQoE,tearsofsteel_short,16,40,4,4,2850,2494.6,20.18,18.41,0.0,97.6,0.89,96.71,0,0.0,4,2850,0.0,97.6,97.6,-0.8900000000000006,0.0,1
Proposed_ShieldedQoE,tearsofsteel_short,16,41,4,4,2850,2562.5,18.41,19.65,0.0,97.6,0.0,97.6,0,0.0,5,6000,0.0,98.49,97.6,0.0,0.0,0
Proposed_ShieldedQoE,tearsofsteel_short,16,42,4,4,2850,3119.3,19.65,22.06,0.0,97.6,0.0,97.6,0,0.0,5,6000,0.0,98.49,98.49,-0.8900000000000006,0.0,0
Proposed_ShieldedQoE,tearsofsteel_short,16,43,4,4,2850,2993.5,22.06,24.49,0.0,97.6,0.0,97.6,0,0.0,4,2850,0.0,97.6,96.71,0.8900000000000006,0.0,1
Proposed_ShieldedQoE,tearsofsteel_short,16,44,4,4,2850,2526.3,24.49,22.81,0.0,97.6,0.0,97.6,0,0.0,4,2850,0.0,97.6,97.6,0.0,0.0,1
Proposed_ShieldedQoE,tearsofsteel_short,16,45,4,4,2850,1053.2,22.81,22.29,0.0,97.6,0.0,97.6,0,0.0,4,2850,0.0,97.6,97.6,0.0,0.0,1
Proposed_ShieldedQoE,tearsofsteel_short,16,46,4,4,2850,1996.8,22.29,23.56,0.0,97.6,0.0,97.6,0,0.0,4,2850,0.0,97.6,97.6,0.0,0.0,1
Proposed_ShieldedQoE,tearsofsteel_short,16,47,4,4,2850,1623.2,23.56,21.9,0.0,97.6,0.0,97.6,0,0.0,4,2850,0.0,97.6,97.6,0.0,0.0,1
Proposed_ShieldedQoE,tearsofsteel_short,17,0,0,0,300,956.3,0.9,4.0,0.367,67.85,0.0,66.27,0,0.0,1,750,2.271,86.63,76.87,-10.600000000000009,-1.904,0
Proposed_ShieldedQoE,tearsofsteel_short,17,1,4,4,2850,1160.2,4.0,6.94,0.0,97.6,29.75,67.85,0,0.0,1,750,0.0,86.63,86.63,-18.78,0.0,0
Proposed_ShieldedQoE,tearsofsteel_short,17,2,5,5,6000,1012.1,6.94,9.02,0.0,98.49,0.89,97.6,0,0.0,1,750,0.0,86.63,86.63,10.969999999999999,0.0,0
Proposed_ShieldedQoE,tearsofsteel_short,17,3,2,2,1200,1129.0,9.02,11.09,0.0,92.82,5.67,87.15,0,0.0,1,750,0.0,86.63,86.63,0.5200000000000102,0.0,0
Proposed_ShieldedQoE,tearsofsteel_short,17,4,2,2,1200,847.8,11.09,9.76,0.0,92.82,0.0,92.82,0,0.0,1,750,0.0,86.63,86.63,6.189999999999998,0.0,0
Proposed_ShieldedQoE,tearsofsteel_short,17,5,2,2,1200,792.3,9.76,9.52,0.0,92.82,0.0,92.82,0,0.0,1,750,0.0,86.63,86.63,6.189999999999998,0.0,0
Proposed_ShieldedQoE,tearsofsteel_short,17,6,2,2,1200,471.8,9.52,8.48,0.0,92.82,0.0,92.82,0,0.0,1,750,0.0,86.63,86.63,6.189999999999998,0.0,0
Proposed_ShieldedQoE,tearsofsteel_short,17,7,1,1,750,893.2,8.48,9.71,0.0,86.63,6.19,80.44,0,0.0,1,750,0.0,86.63,86.63,-6.189999999999998,0.0,1
Proposed_ShieldedQoE,tearsofsteel_short,17,8,1,1,750,1029.0,9.71,9.05,0.0,86.63,0.0,86.63,0,0.0,1,750,0.0,86.63,86.63,0.0,0.0,1
Proposed_ShieldedQoE,tearsofsteel_short,17,9,1,1,750,528.2,9.05,6.0,0.0,86.63,0.0,86.63,0,0.0,1,750,0.0,86.63,86.63,0.0,0.0,1
Proposed_ShieldedQoE,tearsofsteel_short,17,10,1,1,750,754.5,6.0,6.25,0.0,86.63,0.0,86.63,0,0.0,1,750,0.0,86.63,86.63,0.0,0.0,1
Proposed_ShieldedQoE,tearsofsteel_short,17,11,1,1,750,815.3,6.25,7.62,0.0,86.63,0.0,86.63,0,0.0,1,750,0.0,86.63,86.63,0.0,0.0,1
Proposed_ShieldedQoE,tearsofsteel_short,17,12,1,1,750,721.2,7.62,4.0,2.128,86.63,0.0,77.48,0,0.0,1,750,0.0,86.63,86.63,-9.149999999999991,2.128,1
Proposed_ShieldedQoE,tearsofsteel_short,17,13,1,0,300,534.2,4.0,5.05,0.0,67.85,18.78,49.07,1,0.07142857142857142,1,750,0.0,86.63,86.63,-37.559999999999995,0.0,0
Proposed_ShieldedQoE,tearsofsteel_short,17,14,0,0,300,587.3,5.05,7.29,0.0,67.85,0.0,67.85,0,0.06666666666666667,1,750,0.0,86.63,86.63,-18.78,0.0,0
Proposed_ShieldedQoE,tearsofsteel_short,17,15,0,0,300,713.5,7.29,9.19,0.0,67.85,0.0,67.85,0,0.0625,1,750,0.231,86.63,85.64,-17.790000000000006,-0.231,0
Proposed_ShieldedQoE,tearsofsteel_short,17,16,0,0,300,503.6,9.19,9.7,0.0,67.85,0.0,67.85,0,0.058823529411764705,1,750,4.735,86.63,66.27,1.5799999999999983,-4.735,0
Proposed_ShieldedQoE,tearsofsteel_short,17,17,0,0,300,282.3,9.7,10.59,0.0,67.85,0.0,67.85,0,0.05555555555555555,1,750,3.76,86.63,70.46,-2.6099999999999994,-3.76,0
Proposed_ShieldedQoE,tearsofsteel_short,17,18,0,0,300,343.5,10.59,11.61,0.0,67.85,0.0,67.85,0,0.05263157894736842,1,750,3.456,86.63,71.77,-3.9200000000000017,-3.456,0
Proposed_ShieldedQoE,tearsofsteel_short,17,19,0,0,300,533.8,11.61,14.1,0.0,67.85,0.0,67.85,0,0.05,1,750,0.0,86.63,86.63,-18.78,0.0,0
Proposed_ShieldedQoE,tearsofsteel_short,17,20,0,0,300,775.6,14.1,16.23,0.0,67.85,0.0,67.85,0,0.047619047619047616,1,750,0.459,86.63,84.66,-16.810000000000002,-0.459,0
Proposed_ShieldedQoE,tearsofsteel_short,17,21,4,4,2850,576.4,16.23,17.34,0.0,97.6,29.75,67.85,0,0.045454545454545456,1,750,0.0,86.63,86.63,-18.78,0.0,0
Proposed_ShieldedQoE,tearsofsteel_short,17,22,1,1,750,502.9,17.34,18.96,0.0,86.63,10.97,75.66,0,0.043478260869565216,1,750,0.0,86.63,86.63,-10.969999999999999,0.0,1
Proposed_ShieldedQoE,tearsofsteel_short,17,23,1,1,750,487.7,18.96,20.5,0.0,86.63,0.0,86.63,0,0.041666666666666664,1,750,0.0,86.63,86.63,0.0,0.0,1
Proposed_ShieldedQoE,tearsofsteel_short,17,24,1,1,750,400.4,20.5,16.14,0.0,86.63,0.0,86.63,0,0.04,1,750,0.085,86.63,86.26,0.36999999999999034,-0.085,1
Proposed_ShieldedQoE,tearsofsteel_short,17,25,1,1,750,446.7,16.14,15.07,0.0,86.63,0.0,86.63,0,0.038461538461538464,1,750,1.073,86.63,82.02,4.609999999999999,-1.073,1
Proposed_ShieldedQoE,tearsofsteel_short,17,26,1,1,750,1006.1,15.07,17.01,0.0,86.63,0.0,86.63,0,0.037037037037037035,1,750,0.0,86.63,86.63,0.0,0.0,1
Proposed_ShieldedQoE,tearsofsteel_short,17,27,1,1,750,845.8,17.01,17.28,0.0,86.63,0.0,86.63,0,0.03571428571428571,1,750,0.0,86.63,86.63,0.0,0.0,1
Proposed_ShieldedQoE,tearsofsteel_short,17,28,1,1,750,633.0,17.28,11.93,0.0,86.63,0.0,86.63,0,0.034482758620689655,1,750,3.134,86.63,73.15,13.47999999999999,-3.134,1
Proposed_ShieldedQoE,tearsofsteel_short,17,29,1,1,750,1261.3,11.93,13.98,0.0,86.63,0.0,86.63,0,0.03333333333333333,1,750,0.0,86.63,86.63,0.0,0.0,1
Proposed_ShieldedQoE,tearsofsteel_short,17,30,1,1,750,1113.3,13.98,14.82,0.0,86.63,0.0,86.63,0,0.03225806451612903,1,750,0.0,86.63,86.63,0.0,0.0,1
Proposed_ShieldedQoE,tearsofsteel_short,17,31,1,1,750,596.7,14.82,12.45,0.0,86.63,0.0,86.63,0,0.03125,1,750,0.0,86.63,86.63,0.0,0.0,1
Proposed_ShieldedQoE,tearsofsteel_short,17,32,1,1,750,627.1,12.45,6.71,0.0,86.63,0.0,86.63,0,0.030303030303030304,1,750,5.222,86.63,64.17,22.459999999999994,-5.222,1
Proposed_ShieldedQoE,tearsofsteel_short,17,33,1,1,750,882.9,6.71,7.69,0.0,86.63,0.0,86.63,0,0.029411764705882353,1,750,0.0,86.63,86.63,0.0,0.0,1
Proposed_ShieldedQoE,tearsofsteel_short,17,34,1,1,750,1234.7,7.69,9.4,0.0,86.63,0.0,86.63,0,0.02857142857142857,1,750,0.0,86.63,86.63,0.0,0.0,1
Proposed_ShieldedQoE,tearsofsteel_short,17,35,1,1,750,1061.1,9.4,10.45,0.0,86.63,0.0,86.63,0,0.027777777777777776,1,750,0.0,86.63,86.63,0.0,0.0,1
Proposed_ShieldedQoE,tearsofsteel_short,17,36,1,1,750,972.2,10.45,9.76,0.0,86.63,0.0,86.63,0,0.02702702702702703,1,750,0.0,86.63,86.63,0.0,0.0,1
Proposed_ShieldedQoE,tearsofsteel_short,17,37,1,1,750,682.0,9.76,9.4,0.0,86.63,0.0,86.63,0,0.02631578947368421,1,750,0.0,86.63,86.63,0.0,0.0,1
Proposed_ShieldedQoE,tearsofsteel_short,17,38,1,1,750,609.2,9.4,10.66,0.0,86.63,0.0,86.63,0,0.02564102564102564,1,750,0.0,86.63,86.63,0.0,0.0,1
Proposed_ShieldedQoE,tearsofsteel_short,17,39,1,1,750,468.4,10.66,12.09,0.0,86.63,0.0,86.63,0,0.025,2,1200,0.0,92.82,86.63,0.0,0.0,0
Proposed_ShieldedQoE,tearsofsteel_short,17,40,1,1,750,1047.2,12.09,12.48,0.0,86.63,0.0,86.63,0,0.024390243902439025,2,1200,0.0,92.82,92.82,-6.189999999999998,0.0,0
Proposed_ShieldedQoE,tearsofsteel_short,17,41,1,1,750,819.8,12.48,14.21,0.0,86.63,0.0,86.63,0,0.023809523809523808,2,1200,0.0,92.82,92.82,-6.189999999999998,0.0,0
Proposed_ShieldedQoE,tearsofsteel_short,17,42,1,1,750,534.5,14.21,15.76,0.0,86.63,0.0,86.63,0,0.023255813953488372,2,1200,0.0,92.82,92.82,-6.189999999999998,0.0,0
Proposed_ShieldedQoE,tearsofsteel_short,17,43,1,1,750,669.7,15.76,17.91,0.0,86.63,0.0,86.63,0,0.022727272727272728,2,1200,0.0,92.82,92.82,-6.189999999999998,0.0,0
Proposed_ShieldedQoE,tearsofsteel_short,17,44,1,1,750,762.5,17.91,16.96,0.0,86.63,0.0,86.63,0,0.022222222222222223,2,1200,0.367,92.82,91.24,-4.609999999999999,-0.367,0
Proposed_ShieldedQoE,tearsofsteel_short,17,45,1,1,750,468.7,16.96,18.29,0.0,86.63,0.0,86.63,0,0.021739130434782608,2,1200,0.277,92.82,91.63,-5.0,-0.277,0
Proposed_ShieldedQoE,tearsofsteel_short,17,46,1,1,750,706.1,18.29,20.26,0.0,86.63,0.0,86.63,0,0.02127659574468085,2,1200,0.0,92.82,92.82,-6.189999999999998,0.0,0
Proposed_ShieldedQoE,tearsofsteel_short,17,47,1,1,750,703.9,20.26,20.82,0.0,86.63,0.0,86.63,0,0.020833333333333332,2,1200,0.743,92.82,89.62,-2.990000000000009,-0.743,0
Proposed_ShieldedQoE,tearsofsteel_short,18,0,0,0,300,527.2,2.29,4.0,0.009,67.85,0.0,67.81,0,0.0,1,750,3.462,86.63,71.74,-3.9299999999999926,-3.4530000000000003,0
Proposed_ShieldedQoE,tearsofsteel_short,18,1,0,0,300,320.0,4.0,6.46,0.0,67.85,0.0,67.85,0,0.0,1,750,0.0,86.63,86.63,-18.78,0.0,0
Proposed_ShieldedQoE,tearsofsteel_short,18,2,0,0,300,387.0,6.46,9.21,0.0,67.85,0.0,67.85,0,0.0,1,750,0.0,86.63,86.63,-18.78,0.0,0
Proposed_ShieldedQoE,tearsofsteel_short,18,3,0,0,300,654.2,9.21,12.37,0.0,67.85,0.0,67.85,0,0.0,1,750,0.0,86.63,86.63,-18.78,0.0,0
Proposed_ShieldedQoE,tearsofsteel_short,18,4,4,4,2850,807.2,12.37,12.88,0.0,97.6,29.75,67.85,0,0.0,1,750,0.0,86.63,86.63,-18.78,0.0,0
Proposed_ShieldedQoE,tearsofsteel_short,18,5,1,1,750,402.8,12.88,11.66,0.0,86.63,10.97,75.66,0,0.0,1,750,0.0,86.63,86.63,-10.969999999999999,0.0,1
Proposed_ShieldedQoE,tearsofsteel_short,18,6,1,1,750,467.3,11.66,12.48,0.0,86.63,0.0,86.63,0,0.0,1,750,0.0,86.63,86.63,0.0,0.0,1
Proposed_ShieldedQoE,tearsofsteel_short,18,7,1,1,750,449.3,12.48,10.96,0.0,86.63,0.0,86.63,0,0.0,1,750,0.0,86.63,86.63,0.0,0.0,1
Proposed_ShieldedQoE,tearsofsteel_short,18,8,1,1,750,426.7,10.96,4.0,0.271,86.63,0.0,85.47,0,0.0,1,750,5.712,86.63,62.07,23.4,-5.441,1
Proposed_ShieldedQoE,tearsofsteel_short,18,9,0,0,300,606.4,4.0,5.55,0.0,67.85,18.78,49.07,0,0.0,1,750,2.135,86.63,77.45,-28.380000000000003,-2.135,0
Proposed_ShieldedQoE,tearsofsteel_short,18,10,0,0,300,819.0,5.55,8.16,0.0,67.85,0.0,67.85,0,0.0,1,750,0.0,86.63,86.63,-18.78,0.0,0
Proposed_ShieldedQoE,tearsofsteel_short,18,11,4,1,750,356.1,8.16,6.15,0.0,86.63,18.78,67.85,1,0.08333333333333333,1,750,1.471,86.63,80.31,-12.460000000000008,-1.471,1
Proposed_ShieldedQoE,tearsofsteel_short,18,12,0,0,300,535.5,6.15,4.9,0.0,67.85,18.78,49.07,0,0.07692307692307693,1,750,9.133,86.63,47.36,1.7100000000000009,-9.133,0
Proposed_ShieldedQoE,tearsofsteel_short,18,13,0,0,300,504.7,4.9,5.77,0.0,67.85,0.0,67.85,0,0.07142857142857142,1,750,3.818,86.63,70.21,-2.3599999999999994,-3.818,0
Proposed_ShieldedQoE,tearsofsteel_short,18,14,0,0,300,796.2,5.77,8.48,0.0,67.85,0.0,67.85,0,0.06666666666666667,1,750,0.0,86.63,86.63,-18.78,0.0,0
Proposed_ShieldedQoE,tearsofsteel_short,18,15,0,0,300,825.8,8.48,10.66,0.0,67.85,0.0,67.85,0,0.0625,1,750,0.0,86.63,86.63,-18.78,0.0,0
Proposed_ShieldedQoE,tearsofsteel_short,18,16,0,0,300,704.8,10.66,12.16,0.0,67.85,0.0,67.85,0,0.058823529411764705,1,750,2.015,86.63,77.97,-10.120000000000005,-2.015,0
Proposed_ShieldedQoE,tearsofsteel_short,18,17,4,4,2850,580.0,12.16,12.39,0.0,97.6,29.75,67.85,0,0.05555555555555555,1,750,0.0,86.63,86.63,-18.78,0.0,0
Proposed_ShieldedQoE,tearsofsteel_short,18,18,1,1,750,539.7,12.39,11.64,0.0,86.63,10.97,75.66,0,0.05263157894736842,1,750,0.524,86.63,84.38,-8.719999999999999,-0.524,1
Proposed_ShieldedQoE,tearsofsteel_short,18,19,1,1,750,486.4,11.64,11.49,0.0,86.63,0.0,86.63,0,0.05,1,750,0.146,86.63,86.0,0.6299999999999955,-0.146,1
Proposed_ShieldedQoE,tearsofsteel_short,18,20,1,1,750,735.2,11.49,10.56,0.0,86.63,0.0,86.63,0,0.047619047619047616,1,750,0.939,86.63,82.59,4.039999999999992,-0.939,1
Proposed_ShieldedQoE,tearsofsteel_short,18,21,1,1,750,666.1,10.56,12.06,0.0,86.63,0.0,86.63,0,0.045454545454545456,1,750,0.0,86.63,86.63,0.0,0.0,1
Proposed_ShieldedQoE,tearsofsteel_short,18,22,1,1,750,786.5,12.06,14.54,0.0,86.63,0.0,86.63,0,0.043478260869565216,1,750,0.0,86.63,86.63,0.0,0.0,1
Proposed_ShieldedQoE,tearsofsteel_short,18,23,1,1,750,694.6,14.54,16.81,0.0,86.63,0.0,86.63,0,0.041666666666666664,1,750,0.0,86.63,86.63,0.0,0.0,1
Proposed_ShieldedQoE,tearsofsteel_short,18,24,1,1,750,531.7,16.81,14.52,0.0,86.63,0.0,86.63,0,0.04,1,750,0.0,86.63,86.63,0.0,0.0,1
Proposed_ShieldedQoE,tearsofsteel_short,18,25,1,1,750,492.5,14.52,13.91,0.0,86.63,0.0,86.63,0,0.038461538461538464,1,750,0.0,86.63,86.63,0.0,0.0,1
Proposed_ShieldedQoE,tearsofsteel_short,18,26,1,1,750,719.3,13.91,15.04,0.0,86.63,0.0,86.63,0,0.037037037037037035,1,750,0.0,86.63,86.63,0.0,0.0,1
Proposed_ShieldedQoE,tearsofsteel_short,18,27,1,1,750,686.2,15.04,14.44,0.0,86.63,0.0,86.63,0,0.03571428571428571,1,750,0.0,86.63,86.63,0.0,0.0,1
Proposed_ShieldedQoE,tearsofsteel_short,18,28,1,1,750,807.2,14.44,11.11,0.0,86.63,0.0,86.63,0,0.034482758620689655,1,750,0.0,86.63,86.63,0.0,0.0,1
Proposed_ShieldedQoE,tearsofsteel_short,18,29,1,1,750,793.6,11.11,12.01,0.0,86.63,0.0,86.63,0,0.03333333333333333,1,750,0.0,86.63,86.63,0.0,0.0,1
Proposed_ShieldedQoE,tearsofsteel_short,18,30,1,1,750,749.4,12.01,11.32,0.0,86.63,0.0,86.63,0,0.03225806451612903,1,750,0.0,86.63,86.63,0.0,0.0,1
Proposed_ShieldedQoE,tearsofsteel_short,18,31,1,1,750,990.9,11.32,11.48,0.0,86.63,0.0,86.63,0,0.03125,1,750,0.0,86.63,86.63,0.0,0.0,1
Proposed_ShieldedQoE,tearsofsteel_short,18,32,1,1,750,964.2,11.48,9.14,0.0,86.63,0.0,86.63,0,0.030303030303030304,1,750,1.412,86.63,80.56,6.069999999999993,-1.412,1
Proposed_ShieldedQoE,tearsofsteel_short,18,33,1,1,750,572.6,9.14,8.49,0.0,86.63,0.0,86.63,0,0.029411764705882353,1,750,0.658,86.63,83.8,2.8299999999999983,-0.658,1
Proposed_ShieldedQoE,tearsofsteel_short,18,34,1,1,750,725.9,8.49,8.6,0.0,86.63,0.0,86.63,0,0.02857142857142857,1,750,0.0,86.63,86.63,0.0,0.0,1
Proposed_ShieldedQoE,tearsofsteel_short,18,35,1,1,750,537.0,8.6,6.76,0.0,86.63,0.0,86.63,0,0.027777777777777776,1,750,1.731,86.63,79.19,7.439999999999998,-1.731,1
Proposed_ShieldedQoE,tearsofsteel_short,18,36,1,1,750,810.3,6.76,5.13,0.0,86.63,0.0,86.63,0,0.02702702702702703,1,750,1.622,86.63,79.66,6.969999999999999,-1.622,1
Proposed_ShieldedQoE,tearsofsteel_short,18,37,1,1,750,759.9,5.13,5.22,0.0,86.63,0.0,86.63,0,0.02631578947368421,1,750,0.0,86.63,86.63,0.0,0.0,1
Proposed_ShieldedQoE,tearsofsteel_short,18,38,1,1,750,363.9,5.22,4.62,0.0,86.63,0.0,86.63,0,0.02564102564102564,1,750,0.509,86.63,84.44,2.1899999999999977,-0.509,1
Proposed_ShieldedQoE,tearsofsteel_short,18,39,1,1,750,361.5,4.62,5.3,0.0,86.63,0.0,86.63,0,0.025,1,750,0.0,86.63,86.63,0.0,0.0,1
Proposed_ShieldedQoE,tearsofsteel_short,18,40,1,0,300,439.7,5.3,5.86,0.0,67.85,18.78,49.07,1,0.04878048780487805,1,750,3.94,86.63,69.69,-20.619999999999997,-3.94,0
Proposed_ShieldedQoE,tearsofsteel_short,18,41,0,0,300,452.3,5.86,8.21,0.0,67.85,0.0,67.85,0,0.047619047619047616,1,750,0.104,86.63,86.18,-18.330000000000013,-0.104,0
Proposed_ShieldedQoE,tearsofsteel_short,18,42,0,0,300,817.5,8.21,11.57,0.0,67.85,0.0,67.85,0,0.046511627906976744,2,1200,0.0,92.82,86.63,-18.78,0.0,0
Proposed_ShieldedQoE,tearsofsteel_short,18,43,4,4,2850,693.1,11.57,13.79,0.0,97.6,29.75,67.85,0,0.045454545454545456,2,1200,0.0,92.82,92.82,-24.97,0.0,0
Proposed_ShieldedQoE,tearsofsteel_short,18,44,1,1,750,554.2,13.79,10.98,0.0,86.63,10.97,75.66,0,0.044444444444444446,2,1200,4.319,92.82,74.25,1.4099999999999966,-4.319,0
Proposed_ShieldedQoE,tearsofsteel_short,18,45,1,1,750,499.1,10.98,12.47,0.0,86.63,0.0,86.63,0,0.043478260869565216,2,1200,0.017,92.82,92.75,-6.1200000000000045,-0.017,0
Proposed_ShieldedQoE,tearsofsteel_short,18,46,1,1,750,686.0,12.47,14.37,0.0,86.63,0.0,86.63,0,0.0425531914893617,2,1200,0.0,92.82,92.82,-6.189999999999998,0.0,0
Proposed_ShieldedQoE,tearsofsteel_short,18,47,1,1,750,794.6,14.37,15.33,0.0,86.63,0.0,86.63,0,0.041666666666666664,2,1200,0.211,92.82,91.91,-5.280000000000001,-0.211,0
Proposed_ShieldedQoE,tearsofsteel_short,19,0,1,1,750,2141.4,2.81,5.4,0.0,86.63,0.0,86.63,0,0.0,2,1200,0.0,92.82,92.82,-6.189999999999998,0.0,0
Proposed_ShieldedQoE,tearsofsteel_short,19,1,5,5,6000,1244.7,5.4,7.81,0.0,98.49,11.86,86.63,0,0.0,4,2850,0.0,97.6,92.82,-6.189999999999998,0.0,0
Proposed_ShieldedQoE,tearsofsteel_short,19,2,2,2,1200,2278.8,7.81,10.96,0.0,92.82,5.67,87.15,0,0.0,4,2850,0.0,97.6,97.6,-10.449999999999989,0.0,0
Proposed_ShieldedQoE,tearsofsteel_short,19,3,2,2,1200,1915.2,10.96,13.82,0.0,92.82,0.0,92.82,0,0.0,4,2850,0.0,97.6,97.6,-4.780000000000001,0.0,0
Proposed_ShieldedQoE,tearsofsteel_short,19,4,2,2,1200,2483.7,13.82,16.0,0.0,92.82,0.0,92.82,0,0.0,4,2850,0.0,97.6,97.6,-4.780000000000001,0.0,0
Proposed_ShieldedQoE,tearsofsteel_short,19,5,5,5,6000,1926.6,16.0,17.31,0.0,98.49,5.67,92.82,0,0.0,3,1850,0.0,95.92,94.24,-1.4200000000000017,0.0,0
Proposed_ShieldedQoE,tearsofsteel_short,19,6,4,4,2850,1902.4,17.31,18.35,0.0,97.6,0.89,96.71,0,0.0,3,1850,0.0,95.92,95.92,0.789999999999992,0.0,0
Proposed_ShieldedQoE,tearsofsteel_short,19,7,4,4,2850,1486.0,18.35,16.01,0.0,97.6,0.0,97.6,0,0.0,3,1850,0.0,95.92,95.92,1.6799999999999926,0.0,0
Proposed_ShieldedQoE,tearsofsteel_short,19,8,0,0,300,1688.1,16.01,13.0,0.0,67.85,29.75,38.1,0,0.0,3,1850,0.0,95.92,95.92,-57.82,0.0,0
Proposed_ShieldedQoE,tearsofsteel_short,19,9,0,0,300,2320.8,13.0,14.44,0.0,67.85,0.0,67.85,0,0.0,3,1850,0.0,95.92,95.92,-28.070000000000007,0.0,0
Proposed_ShieldedQoE,tearsofsteel_short,19,10,2,2,1200,1854.4,14.44,15.99,0.0,92.82,24.97,67.85,0,0.0,3,1850,0.0,95.92,95.92,-28.070000000000007,0.0,0
Proposed_ShieldedQoE,tearsofsteel_short,19,11,5,5,6000,1675.0,15.99,16.84,0.0,98.49,5.67,92.82,0,0.0,3,1850,0.0,95.92,95.92,-3.1000000000000085,0.0,0
Proposed_ShieldedQoE,tearsofsteel_short,19,12,2,2,1200,2343.7,16.84,16.04,0.0,92.82,5.67,87.15,0,0.0,3,1850,0.0,95.92,95.92,-8.769999999999996,0.0,0
Proposed_ShieldedQoE,tearsofsteel_short,19,13,3,3,1850,2094.7,16.04,15.39,0.0,95.92,3.1,92.82,0,0.0,3,1850,0.0,95.92,95.92,-3.1000000000000085,0.0,1
Proposed_ShieldedQoE,tearsofsteel_short,19,14,3,3,1850,1818.6,15.39,15.9,0.0,95.92,0.0,95.92,0,0.0,3,1850,0.0,95.92,95.92,0.0,0.0,1
Proposed_ShieldedQoE,tearsofsteel_short,19,15,3,3,1850,2307.6,15.9,15.89,0.0,95.92,0.0,95.92,0,0.0,3,1850,0.0,95.92,95.92,0.0,0.0,1
Proposed_ShieldedQoE,tearsofsteel_short,19,16,3,3,1850,2390.6,15.89,15.35,0.0,95.92,0.0,95.92,0,0.0,3,1850,0.0,95.92,95.92,0.0,0.0,1
Proposed_ShieldedQoE,tearsofsteel_short,19,17,3,3,1850,2554.1,15.35,17.24,0.0,95.92,0.0,95.92,0,0.0,3,1850,0.0,95.92,95.92,0.0,0.0,1
Proposed_ShieldedQoE,tearsofsteel_short,19,18,4,4,2850,2274.0,17.24,16.96,0.0,97.6,1.68,95.92,0,0.0,3,1850,0.0,95.92,95.92,0.0,0.0,0
Proposed_ShieldedQoE,tearsofsteel_short,19,19,4,4,2850,2045.2,16.96,17.21,0.0,97.6,0.0,97.6,0,0.0,3,1850,0.0,95.92,95.92,1.6799999999999926,0.0,0
Proposed_ShieldedQoE,tearsofsteel_short,19,20,4,4,2850,1671.5,17.21,12.96,0.0,97.6,0.0,97.6,0,0.0,3,1850,0.0,95.92,95.92,1.6799999999999926,0.0,0
Proposed_ShieldedQoE,tearsofsteel_short,19,21,3,3,1850,1300.1,12.96,13.8,0.0,95.92,1.68,94.24,0,0.0,3,1850,0.0,95.92,95.92,-1.6800000000000068,0.0,1
Proposed_ShieldedQoE,tearsofsteel_short,19,22,3,3,1850,1467.6,13.8,15.79,0.0,95.92,0.0,95.92,0,0.0,3,1850,0.0,95.92,95.92,0.0,0.0,1
Proposed_ShieldedQoE,tearsofsteel_short,19,23,4,4,2850,2546.3,15.79,18.0,0.0,97.6,1.68,95.92,0,0.0,3,1850,0.0,95.92,95.92,0.0,0.0,0
Proposed_ShieldedQoE,tearsofsteel_short,19,24,4,4,2850,1551.5,18.0,13.8,0.0,97.6,0.0,97.6,0,0.0,3,1850,0.0,95.92,95.92,1.6799999999999926,0.0,0
Proposed_ShieldedQoE,tearsofsteel_short,19,25,0,0,300,1706.4,13.8,14.53,0.0,67.85,29.75,38.1,0,0.0,3,1850,0.0,95.92,95.92,-57.82,0.0,0
Proposed_ShieldedQoE,tearsofsteel_short,19,26,3,3,1850,1504.5,14.53,15.14,0.0,95.92,28.07,67.85,0,0.0,3,1850,0.0,95.92,95.92,-28.070000000000007,0.0,1
Proposed_ShieldedQoE,tearsofsteel_short,19,27,2,2,1200,1604.3,15.14,15.99,0.0,92.82,3.1,89.72,0,0.0,3,1850,0.0,95.92,95.92,-6.200000000000003,0.0,0
Proposed_ShieldedQoE,tearsofsteel_short,19,28,2,2,1200,1815.9,15.99,14.77,0.0,92.82,0.0,92.82,0,0.0,3,1850,0.0,95.92,95.92,-3.1000000000000085,0.0,0
Proposed_ShieldedQoE,tearsofsteel_short,19,29,2,2,1200,2607.6,14.77,17.26,0.0,92.82,0.0,92.82,0,0.0,3,1850,0.0,95.92,95.92,-3.1000000000000085,0.0,0
Proposed_ShieldedQoE,tearsofsteel_short,19,30,5,5,6000,2629.1,17.26,17.97,0.0,98.49,5.67,92.82,0,0.0,3,1850,0.0,95.92,95.92,-3.1000000000000085,0.0,0
Proposed_ShieldedQoE,tearsofsteel_short,19,31,3,3,1850,2342.1,17.97,17.96,0.0,95.92,2.57,93.35,0,0.0,3,1850,0.0,95.92,95.92,-2.5700000000000074,0.0,1
Proposed_ShieldedQoE,tearsofsteel_short,19,32,3,3,1850,2233.2,17.96,15.21,0.0,95.92,0.0,95.92,0,0.0,3,1850,0.0,95.92,95.92,0.0,0.0,1
Proposed_ShieldedQoE,tearsofsteel_short,19,33,3,3,1850,1938.0,15.21,15.82,0.0,95.92,0.0,95.92,0,0.0,3,1850,0.0,95.92,95.92,0.0,0.0,1
Proposed_ShieldedQoE,tearsofsteel_short,19,34,3,3,1850,1870.0,15.82,16.09,0.0,95.92,0.0,95.92,0,0.0,3,1850,0.0,95.92,95.92,0.0,0.0,1
Proposed_ShieldedQoE,tearsofsteel_short,19,35,3,3,1850,1739.3,16.09,15.65,0.0,95.92,0.0,95.92,0,0.0,3,1850,0.0,95.92,95.92,0.0,0.0,1
Proposed_ShieldedQoE,tearsofsteel_short,19,36,3,3,1850,1616.3,15.65,12.69,0.0,95.92,0.0,95.92,0,0.0,3,1850,0.0,95.92,95.92,0.0,0.0,1
Proposed_ShieldedQoE,tearsofsteel_short,19,37,3,3,1850,2408.6,12.69,13.65,0.0,95.92,0.0,95.92,0,0.0,4,2850,0.0,97.6,95.92,0.0,0.0,0
Proposed_ShieldedQoE,tearsofsteel_short,19,38,4,4,2850,2536.1,13.65,15.14,0.0,97.6,1.68,95.92,0,0.0,4,2850,0.0,97.6,97.6,-1.6799999999999926,0.0,1
Proposed_ShieldedQoE,tearsofsteel_short,19,39,4,4,2850,1919.3,15.14,16.77,0.0,97.6,0.0,97.6,0,0.0,4,2850,0.0,97.6,97.6,0.0,0.0,1
Proposed_ShieldedQoE,tearsofsteel_short,19,40,4,4,2850,1698.0,16.77,12.29,0.0,97.6,0.0,97.6,0,0.0,4,2850,0.0,97.6,97.6,0.0,0.0,1
Proposed_ShieldedQoE,tearsofsteel_short,19,41,0,0,300,1701.5,12.29,13.59,0.0,67.85,29.75,38.1,0,0.0,4,2850,0.0,97.6,97.6,-59.49999999999999,0.0,0
Proposed_ShieldedQoE,tearsofsteel_short,19,42,4,4,2850,2493.2,13.59,15.6,0.0,97.6,29.75,67.85,0,0.0,4,2850,0.0,97.6,97.6,-29.75,0.0,1
Proposed_ShieldedQoE,tearsofsteel_short,19,43,4,4,2850,2299.0,15.6,17.55,0.0,97.6,0.0,97.6,0,0.0,4,2850,0.0,97.6,97.6,0.0,0.0,1
Proposed_ShieldedQoE,tearsofsteel_short,19,44,4,4,2850,2522.1,17.55,15.86,0.0,97.6,0.0,97.6,0,0.0,4,2850,0.0,97.6,97.6,0.0,0.0,1
Proposed_ShieldedQoE,tearsofsteel_short,19,45,4,4,2850,1156.2,15.86,15.75,0.0,97.6,0.0,97.6,0,0.0,4,2850,0.0,97.6,97.6,0.0,0.0,1
Proposed_ShieldedQoE,tearsofsteel_short,19,46,4,4,2850,2113.7,15.75,17.17,0.0,97.6,0.0,97.6,0,0.0,4,2850,0.0,97.6,97.6,0.0,0.0,1
Proposed_ShieldedQoE,tearsofsteel_short,19,47,4,4,2850,2465.5,17.17,17.44,0.0,97.6,0.0,97.6,0,0.0,4,2850,0.0,97.6,97.6,0.0,0.0,1
Proposed_ShieldedQoE,sintel,0,0,1,0,300,1126.0,1.17,4.0,1.183,74.82,0.0,69.73,1,1.0,0,300,1.183,74.82,69.73,0.0,0.0,1
Proposed_ShieldedQoE,sintel,0,1,0,0,300,892.4,4.0,6.47,0.0,74.82,0.0,74.82,0,0.5,0,300,0.0,74.82,74.82,0.0,0.0,1
Proposed_ShieldedQoE,sintel,0,2,0,0,300,941.8,6.47,9.04,0.0,74.82,0.0,74.82,0,0.3333333333333333,0,300,0.0,74.82,74.82,0.0,0.0,1
Proposed_ShieldedQoE,sintel,0,3,1,1,750,463.6,9.04,5.56,0.0,87.43,12.61,74.82,0,0.25,0,300,0.0,74.82,74.82,0.0,0.0,0
Proposed_ShieldedQoE,sintel,0,4,0,0,300,1052.0,5.56,6.99,0.0,74.82,12.61,62.21,0,0.2,0,300,0.0,74.82,74.82,-12.609999999999992,0.0,1
Proposed_ShieldedQoE,sintel,0,5,1,1,750,355.7,6.99,5.08,0.0,87.43,12.61,74.82,0,0.16666666666666666,0,300,0.0,74.82,74.82,0.0,0.0,0
Proposed_ShieldedQoE,sintel,0,6,1,1,750,952.1,5.08,6.43,0.0,87.43,0.0,87.43,0,0.14285714285714285,2,1200,0.0,95.19,74.82,12.610000000000014,0.0,0
Proposed_ShieldedQoE,sintel,0,7,1,1,750,1023.8,6.43,7.48,0.0,87.43,0.0,87.43,0,0.125,2,1200,0.0,95.19,95.19,-7.759999999999991,0.0,0
Proposed_ShieldedQoE,sintel,0,8,1,1,750,960.6,7.48,7.0,0.0,87.43,0.0,87.43,0,0.1111111111111111,2,1200,0.0,95.19,95.19,-7.759999999999991,0.0,0
Proposed_ShieldedQoE,sintel,0,9,1,1,750,955.9,7.0,8.62,0.0,87.43,0.0,87.43,0,0.1,2,1200,0.0,95.19,95.19,-7.759999999999991,0.0,0
Proposed_ShieldedQoE,sintel,0,10,1,1,750,880.2,8.62,10.32,0.0,87.43,0.0,87.43,0,0.09090909090909091,2,1200,0.0,95.19,95.19,-7.759999999999991,0.0,0
Proposed_ShieldedQoE,sintel,0,11,1,1,750,1063.0,10.32,12.18,0.0,87.43,0.0,87.43,0,0.08333333333333333,2,1200,0.0,95.19,95.19,-7.759999999999991,0.0,0
Proposed_ShieldedQoE,sintel,0,12,1,1,750,934.7,12.18,12.36,0.0,87.43,0.0,87.43,0,0.07692307692307693,2,1200,0.0,95.19,95.19,-7.759999999999991,0.0,0
Proposed_ShieldedQoE,sintel,0,13,1,1,750,994.6,12.36,14.35,0.0,87.43,0.0,87.43,0,0.07142857142857142,2,1200,0.0,95.19,95.19,-7.759999999999991,0.0,0
Proposed_ShieldedQoE,sintel,0,14,5,5,6000,1000.9,14.35,16.44,0.0,97.71,10.28,87.43,0,0.06666666666666667,2,1200,0.0,95.19,95.19,-7.759999999999991,0.0,0
Proposed_ShieldedQoE,sintel,0,15,2,2,1200,858.9,16.44,17.13,0.0,95.19,2.52,92.67,0,0.0625,2,1200,0.0,95.19,95.19,-2.519999999999996,0.0,1
Proposed_ShieldedQoE,sintel,0,16,2,2,1200,1103.0,17.13,16.61,0.0,95.19,0.0,95.19,0,0.058823529411764705,2,1200,0.0,95.19,95.19,0.0,0.0,1
Proposed_ShieldedQoE,sintel,0,17,2,2,1200,966.8,16.61,16.29,0.0,95.19,0.0,95.19,0,0.05555555555555555,2,1200,0.0,95.19,95.19,0.0,0.0,1
Proposed_ShieldedQoE,sintel,0,18,2,2,1200,810.4,16.29,15.42,0.0,95.19,0.0,95.19,0,0.05263157894736842,2,1200,0.0,95.19,95.19,0.0,0.0,1
Proposed_ShieldedQoE,sintel,0,19,2,2,1200,971.9,15.42,14.05,0.0,95.19,0.0,95.19,0,0.05,1,750,0.0,87.43,79.67,15.519999999999996,0.0,0
Proposed_ShieldedQoE,sintel,0,20,2,2,1200,704.0,14.05,6.22,0.0,95.19,0.0,95.19,0,0.047619047619047616,1,750,0.0,87.43,87.43,7.759999999999991,0.0,0
Proposed_ShieldedQoE,sintel,0,21,1,1,750,1036.7,6.22,6.9,0.0,87.43,7.76,79.67,0,0.045454545454545456,1,750,0.0,87.43,87.43,-7.760000000000005,0.0,1
Proposed_ShieldedQoE,sintel,0,22,1,1,750,1087.5,6.9,8.82,0.0,87.43,0.0,87.43,0,0.043478260869565216,1,750,0.0,87.43,87.43,0.0,0.0,1
Proposed_ShieldedQoE,sintel,0,23,1,1,750,1111.3,8.82,8.94,0.0,87.43,0.0,87.43,0,0.041666666666666664,1,750,0.0,87.43,87.43,0.0,0.0,1
Proposed_ShieldedQoE,sintel,0,24,1,1,750,1138.6,8.94,7.51,0.0,87.43,0.0,87.43,0,0.04,1,750,0.0,87.43,87.43,0.0,0.0,1
Proposed_ShieldedQoE,sintel,0,25,1,1,750,1073.9,7.51,7.95,0.0,87.43,0.0,87.43,0,0.038461538461538464,1,750,0.0,87.43,87.43,0.0,0.0,1
Proposed_ShieldedQoE,sintel,0,26,1,1,750,1065.4,7.95,8.31,0.0,87.43,0.0,87.43,0,0.037037037037037035,1,750,0.0,87.43,87.43,0.0,0.0,1
Proposed_ShieldedQoE,sintel,0,27,1,1,750,984.5,8.31,9.58,0.0,87.43,0.0,87.43,0,0.03571428571428571,1,750,0.0,87.43,87.43,0.0,0.0,1
Proposed_ShieldedQoE,sintel,0,28,1,1,750,824.4,9.58,8.19,0.0,87.43,0.0,87.43,0,0.034482758620689655,1,750,0.0,87.43,87.43,0.0,0.0,1
Proposed_ShieldedQoE,sintel,0,29,1,1,750,1037.6,8.19,10.5,0.0,87.43,0.0,87.43,0,0.03333333333333333,2,1200,0.0,95.19,87.43,0.0,0.0,0
Proposed_ShieldedQoE,sintel,0,30,1,1,750,1055.3,10.5,13.27,0.0,87.43,0.0,87.43,0,0.03225806451612903,2,1200,0.0,95.19,95.19,-7.759999999999991,0.0,0
Proposed_ShieldedQoE,sintel,0,31,1,1,750,1126.0,13.27,16.0,0.0,87.43,0.0,87.43,0,0.03125,2,1200,0.0,95.19,95.19,-7.759999999999991,0.0,0
Proposed_ShieldedQoE,sintel,0,32,1,1,750,892.4,16.0,17.02,0.0,87.43,0.0,87.43,0,0.030303030303030304,2,1200,0.0,95.19,95.19,-7.759999999999991,0.0,0
Proposed_ShieldedQoE,sintel,0,33,1,1,750,941.8,17.02,19.05,0.0,87.43,0.0,87.43,0,0.029411764705882353,2,1200,0.0,95.19,95.19,-7.759999999999991,0.0,0
Proposed_ShieldedQoE,sintel,0,34,5,5,6000,463.6,19.05,17.52,0.0,97.71,10.28,87.43,0,0.02857142857142857,2,1200,0.0,95.19,95.19,-7.759999999999991,0.0,0
Proposed_ShieldedQoE,sintel,0,35,1,1,750,1052.0,17.52,19.28,0.0,87.43,10.28,77.15,0,0.027777777777777776,2,1200,0.0,95.19,95.19,-18.039999999999992,0.0,0
Proposed_ShieldedQoE,sintel,0,36,1,1,750,355.7,19.28,13.62,0.0,87.43,0.0,87.43,0,0.02702702702702703,1,750,0.0,87.43,79.67,7.760000000000005,0.0,1
Proposed_ShieldedQoE,sintel,0,37,1,1,750,952.1,13.62,14.88,0.0,87.43,0.0,87.43,0,0.02631578947368421,1,750,0.0,87.43,87.43,0.0,0.0,1
Proposed_ShieldedQoE,sintel,0,38,1,1,750,1023.8,14.88,15.63,0.0,87.43,0.0,87.43,0,0.02564102564102564,1,750,0.0,87.43,87.43,0.0,0.0,1
Proposed_ShieldedQoE,sintel,0,39,1,1,750,960.6,15.63,16.0,0.0,87.43,0.0,87.43,0,0.025,1,750,0.0,87.43,87.43,0.0,0.0,1
Proposed_ShieldedQoE,sintel,0,40,1,1,750,955.9,16.0,14.53,0.0,87.43,0.0,87.43,0,0.024390243902439025,1,750,0.0,87.43,87.43,0.0,0.0,1
Proposed_ShieldedQoE,sintel,0,41,1,1,750,880.2,14.53,13.86,0.0,87.43,0.0,87.43,0,0.023809523809523808,1,750,0.0,87.43,87.43,0.0,0.0,1
Proposed_ShieldedQoE,sintel,0,42,1,1,750,1063.0,13.86,15.05,0.0,87.43,0.0,87.43,0,0.023255813953488372,1,750,0.0,87.43,87.43,0.0,0.0,1
Proposed_ShieldedQoE,sintel,0,43,1,1,750,934.7,15.05,16.65,0.0,87.43,0.0,87.43,0,0.022727272727272728,1,750,0.0,87.43,87.43,0.0,0.0,1
Proposed_ShieldedQoE,sintel,0,44,1,1,750,994.6,16.65,14.71,0.0,87.43,0.0,87.43,0,0.022222222222222223,1,750,0.0,87.43,87.43,0.0,0.0,1
Proposed_ShieldedQoE,sintel,0,45,1,1,750,1000.9,14.71,15.26,0.0,87.43,0.0,87.43,0,0.021739130434782608,2,1200,0.0,95.19,87.43,0.0,0.0,0
Proposed_ShieldedQoE,sintel,0,46,1,1,750,858.9,15.26,14.95,0.0,87.43,0.0,87.43,0,0.02127659574468085,2,1200,0.0,95.19,95.19,-7.759999999999991,0.0,0
Proposed_ShieldedQoE,sintel,0,47,1,1,750,1103.0,14.95,16.05,0.0,87.43,0.0,87.43,0,0.020833333333333332,2,1200,0.327,95.19,93.79,-6.359999999999999,-0.327,0
Proposed_ShieldedQoE,sintel,1,0,1,0,300,587.0,2.88,4.0,1.645,74.82,0.0,67.74,1,1.0,0,300,1.645,74.82,67.74,0.0,0.0,1
Proposed_ShieldedQoE,sintel,1,1,0,0,300,787.1,4.0,6.26,0.0,74.82,0.0,74.82,0,0.5,0,300,0.0,74.82,74.82,0.0,0.0,1
Proposed_ShieldedQoE,sintel,1,2,0,0,300,677.6,6.26,8.27,0.0,74.82,0.0,74.82,0,0.3333333333333333,0,300,0.0,74.82,74.82,0.0,0.0,1
Proposed_ShieldedQoE,sintel,1,3,0,0,300,650.6,8.27,10.14,0.0,74.82,0.0,74.82,0,0.25,0,300,0.0,74.82,74.82,0.0,0.0,1
Proposed_ShieldedQoE,sintel,1,4,0,0,300,725.7,10.14,10.42,0.0,74.82,0.0,74.82,0,0.2,0,300,0.0,74.82,74.82,0.0,0.0,1
Proposed_ShieldedQoE,sintel,1,5,1,1,750,824.8,10.42,11.87,0.0,87.43,12.61,74.82,0,0.16666666666666666,0,300,0.0,74.82,74.82,0.0,0.0,0
Proposed_ShieldedQoE,sintel,1,6,1,1,750,252.3,11.87,5.88,0.0,87.43,0.0,87.43,0,0.14285714285714285,0,300,0.0,74.82,74.82,12.610000000000014,0.0,0
Proposed_ShieldedQoE,sintel,1,7,1,0,300,761.1,5.88,8.29,0.0,74.82,12.61,62.21,1,0.25,1,750,0.0,87.43,74.82,-12.609999999999992,0.0,0
Proposed_ShieldedQoE,sintel,1,8,0,0,300,502.5,8.29,8.87,0.0,74.82,0.0,74.82,0,0.2222222222222222,1,750,0.0,87.43,87.43,-12.610000000000014,0.0,0
Proposed_ShieldedQoE,sintel,1,9,0,0,300,618.3,8.87,11.4,0.0,74.82,0.0,74.82,0,0.2,1,750,0.0,87.43,87.43,-12.610000000000014,0.0,0
Proposed_ShieldedQoE,sintel,1,10,4,4,2850,583.5,11.4,11.93,0.0,96.41,21.59,74.82,0,0.18181818181818182,1,750,0.0,87.43,87.43,-12.610000000000014,0.0,0
Proposed_ShieldedQoE,sintel,1,11,1,1,750,488.0,11.93,11.26,0.0,87.43,8.98,78.45,0,0.16666666666666666,1,750,0.0,87.43,87.43,-8.980000000000004,0.0,1
Proposed_ShieldedQoE,sintel,1,12,1,1,750,778.7,11.26,10.68,0.0,87.43,0.0,87.43,0,0.15384615384615385,1,750,0.0,87.43,87.43,0.0,0.0,1
Proposed_ShieldedQoE,sintel,1,13,1,1,750,653.2,10.68,11.63,0.0,87.43,0.0,87.43,0,0.14285714285714285,1,750,0.0,87.43,87.43,0.0,0.0,1
Proposed_ShieldedQoE,sintel,1,14,1,1,750,587.3,11.63,13.58,0.0,87.43,0.0,87.43,0,0.13333333333333333,1,750,0.0,87.43,87.43,0.0,0.0,1
Proposed_ShieldedQoE,sintel,1,15,1,1,750,472.8,13.58,13.83,0.0,87.43,0.0,87.43,0,0.125,1,750,0.0,87.43,87.43,0.0,0.0,1
Proposed_ShieldedQoE,sintel,1,16,1,1,750,790.7,13.83,13.89,0.0,87.43,0.0,87.43,0,0.11764705882352941,1,750,0.0,87.43,87.43,0.0,0.0,1
Proposed_ShieldedQoE,sintel,1,17,1,1,750,576.4,13.89,13.37,0.0,87.43,0.0,87.43,0,0.1111111111111111,1,750,0.0,87.43,87.43,0.0,0.0,1
Proposed_ShieldedQoE,sintel,1,18,1,1,750,793.4,13.37,14.26,0.0,87.43,0.0,87.43,0,0.10526315789473684,1,750,0.0,87.43,87.43,0.0,0.0,1
Proposed_ShieldedQoE,sintel,1,19,1,1,750,446.8,14.26,10.95,0.0,87.43,0.0,87.43,0,0.1,1,750,0.0,87.43,87.43,0.0,0.0,1
Proposed_ShieldedQoE,sintel,1,20,1,1,750,561.7,10.95,5.68,0.0,87.43,0.0,87.43,0,0.09523809523809523,0,300,0.0,74.82,62.21,25.220000000000006,0.0,0
Proposed_ShieldedQoE,sintel,1,21,1,1,750,529.7,5.68,4.0,0.817,87.43,0.0,83.91,0,0.09090909090909091,0,300,0.0,74.82,74.82,9.090000000000003,0.817,0
Proposed_ShieldedQoE,sintel,1,22,1,1,750,362.6,4.0,4.0,2.226,87.43,0.0,77.86,0,0.08695652173913043,0,300,0.0,74.82,74.82,3.0400000000000063,2.226,0
Proposed_ShieldedQoE,sintel,1,23,0,0,300,712.6,4.0,5.58,0.0,74.82,12.61,62.21,0,0.08333333333333333,0,300,0.0,74.82,74.82,-12.609999999999992,0.0,1
Proposed_ShieldedQoE,sintel,1,24,0,0,300,475.3,5.58,4.38,0.0,74.82,0.0,74.82,0,0.08,0,300,0.0,74.82,74.82,0.0,0.0,1
Proposed_ShieldedQoE,sintel,1,25,0,0,300,474.9,4.38,5.16,0.0,74.82,0.0,74.82,0,0.07692307692307693,0,300,0.0,74.82,74.82,0.0,0.0,1
Proposed_ShieldedQoE,sintel,1,26,0,0,300,616.4,5.16,6.64,0.0,74.82,0.0,74.82,0,0.07407407407407407,0,300,0.0,74.82,74.82,0.0,0.0,1
Proposed_ShieldedQoE,sintel,1,27,0,0,300,428.1,6.64,8.12,0.0,74.82,0.0,74.82,0,0.07142857142857142,0,300,0.0,74.82,74.82,0.0,0.0,1
Proposed_ShieldedQoE,sintel,1,28,0,0,300,475.6,8.12,8.39,0.0,74.82,0.0,74.82,0,0.06896551724137931,0,300,0.0,74.82,74.82,0.0,0.0,1
Proposed_ShieldedQoE,sintel,1,29,0,0,300,809.7,8.39,11.52,0.0,74.82,0.0,74.82,0,0.06666666666666667,1,750,0.0,87.43,74.82,0.0,0.0,0
Proposed_ShieldedQoE,sintel,1,30,4,4,2850,699.9,11.52,13.67,0.0,96.41,21.59,74.82,0,0.06451612903225806,1,750,0.0,87.43,87.43,-12.610000000000014,0.0,0
Proposed_ShieldedQoE,sintel,1,31,1,1,750,420.5,13.67,14.27,0.0,87.43,8.98,78.45,0,0.0625,1,750,0.0,87.43,87.43,-8.980000000000004,0.0,1
Proposed_ShieldedQoE,sintel,1,32,1,1,750,473.9,14.27,12.66,0.0,87.43,0.0,87.43,0,0.06060606060606061,1,750,0.0,87.43,87.43,0.0,0.0,1
Proposed_ShieldedQoE,sintel,1,33,1,1,750,654.6,12.66,13.82,0.0,87.43,0.0,87.43,0,0.058823529411764705,1,750,0.0,87.43,87.43,0.0,0.0,1
Proposed_ShieldedQoE,sintel,1,34,1,1,750,689.7,13.82,15.5,0.0,87.43,0.0,87.43,0,0.05714285714285714,1,750,0.0,87.43,87.43,0.0,0.0,1
Proposed_ShieldedQoE,sintel,1,35,1,1,750,677.2,15.5,16.01,0.0,87.43,0.0,87.43,0,0.05555555555555555,1,750,0.0,87.43,87.43,0.0,0.0,1
Proposed_ShieldedQoE,sintel,1,36,1,1,750,444.9,16.01,12.29,0.0,87.43,0.0,87.43,0,0.05405405405405406,1,750,0.0,87.43,87.43,0.0,0.0,1
Proposed_ShieldedQoE,sintel,1,37,1,1,750,795.5,12.29,13.01,0.0,87.43,0.0,87.43,0,0.05263157894736842,1,750,0.0,87.43,87.43,0.0,0.0,1
Proposed_ShieldedQoE,sintel,1,38,1,1,750,664.8,13.01,12.01,0.0,87.43,0.0,87.43,0,0.05128205128205128,1,750,0.0,87.43,87.43,0.0,0.0,1
Proposed_ShieldedQoE,sintel,1,39,1,1,750,743.5,12.01,11.31,0.0,87.43,0.0,87.43,0,0.05,1,750,0.0,87.43,87.43,0.0,0.0,1
Proposed_ShieldedQoE,sintel,1,40,1,1,750,649.3,11.31,7.26,0.0,87.43,0.0,87.43,0,0.04878048780487805,1,750,0.0,87.43,87.43,0.0,0.0,1
Proposed_ShieldedQoE,sintel,1,41,1,1,750,598.7,7.26,4.4,0.0,87.43,0.0,87.43,0,0.047619047619047616,1,750,0.0,87.43,87.43,0.0,0.0,1
Proposed_ShieldedQoE,sintel,1,42,1,1,750,981.2,4.4,5.35,0.0,87.43,0.0,87.43,0,0.046511627906976744,1,750,0.0,87.43,87.43,0.0,0.0,1
Proposed_ShieldedQoE,sintel,1,43,1,1,750,1001.1,5.35,7.11,0.0,87.43,0.0,87.43,0,0.045454545454545456,1,750,0.0,87.43,87.43,0.0,0.0,1
Proposed_ShieldedQoE,sintel,1,44,1,1,750,505.3,7.11,4.0,4.581,87.43,0.0,67.73,0,0.044444444444444446,1,750,0.0,87.43,87.43,-19.700000000000003,4.581,1
Proposed_ShieldedQoE,sintel,1,45,1,1,750,571.6,4.0,4.0,2.044,87.43,0.0,78.64,0,0.043478260869565216,1,750,0.0,87.43,87.43,-8.790000000000006,2.044,1
Proposed_ShieldedQoE,sintel,1,46,1,1,750,594.1,4.0,4.0,2.219,87.43,0.0,77.89,0,0.0425531914893617,1,750,2.201,87.43,77.96,-0.06999999999999318,0.017999999999999794,1
Proposed_ShieldedQoE,sintel,1,47,1,1,750,930.5,4.0,4.55,0.0,87.43,0.0,87.43,0,0.041666666666666664,1,750,0.0,87.43,87.43,0.0,0.0,1
Proposed_ShieldedQoE,sintel,2,0,1,0,300,1126.0,1.25,4.0,1.111,74.82,0.0,70.04,1,1.0,0,300,1.111,74.82,70.04,0.0,0.0,1
Proposed_ShieldedQoE,sintel,2,1,0,0,300,892.4,4.0,6.47,0.0,74.82,0.0,74.82,0,0.5,0,300,0.0,74.82,74.82,0.0,0.0,1
Proposed_ShieldedQoE,sintel,2,2,0,0,300,941.8,6.47,9.04,0.0,74.82,0.0,74.82,0,0.3333333333333333,0,300,0.0,74.82,74.82,0.0,0.0,1
Proposed_ShieldedQoE,sintel,2,3,4,1,750,463.6,9.04,5.56,0.0,87.43,12.61,74.82,1,0.5,0,300,0.0,74.82,74.82,0.0,0.0,0
Proposed_ShieldedQoE,sintel,2,4,0,0,300,1052.0,5.56,6.99,0.0,74.82,12.61,62.21,0,0.4,0,300,0.0,74.82,74.82,-12.609999999999992,0.0,1
Proposed_ShieldedQoE,sintel,2,5,4,0,300,355.7,6.99,8.62,0.0,74.82,0.0,74.82,1,0.5,0,300,0.0,74.82,74.82,0.0,0.0,1
Proposed_ShieldedQoE,sintel,2,6,0,0,300,952.1,8.62,11.57,0.0,74.82,0.0,74.82,0,0.42857142857142855,2,1200,0.0,95.19,74.82,0.0,0.0,0
Proposed_ShieldedQoE,sintel,2,7,4,4,2850,1023.8,11.57,12.61,0.0,96.41,21.59,74.82,0,0.375,2,1200,0.0,95.19,95.19,-20.370000000000005,0.0,0
Proposed_ShieldedQoE,sintel,2,8,1,1,750,960.6,12.61,12.13,0.0,87.43,8.98,78.45,0,0.3333333333333333,2,1200,0.0,95.19,95.19,-16.739999999999995,0.0,0
Proposed_ShieldedQoE,sintel,2,9,1,1,750,955.9,12.13,13.75,0.0,87.43,0.0,87.43,0,0.3,2,1200,0.0,95.19,95.19,-7.759999999999991,0.0,0
Proposed_ShieldedQoE,sintel,2,10,1,1,750,880.2,13.75,15.46,0.0,87.43,0.0,87.43,0,0.2727272727272727,2,1200,0.0,95.19,95.19,-7.759999999999991,0.0,0
Proposed_ShieldedQoE,sintel,2,11,1,1,750,1063.0,15.46,17.31,0.0,87.43,0.0,87.43,0,0.25,2,1200,0.0,95.19,95.19,-7.759999999999991,0.0,0
Proposed_ShieldedQoE,sintel,2,12,1,1,750,934.7,17.31,17.5,0.0,87.43,0.0,87.43,0,0.23076923076923078,2,1200,0.0,95.19,95.19,-7.759999999999991,0.0,0
Proposed_ShieldedQoE,sintel,2,13,1,1,750,994.6,17.5,19.49,0.0,87.43,0.0,87.43,0,0.21428571428571427,2,1200,0.0,95.19,95.19,-7.759999999999991,0.0,0
Proposed_ShieldedQoE,sintel,2,14,5,5,6000,1000.9,19.49,21.57,0.0,97.71,10.28,87.43,0,0.2,2,1200,0.0,95.19,95.19,-7.759999999999991,0.0,0
Proposed_ShieldedQoE,sintel,2,15,2,2,1200,858.9,21.57,22.27,0.0,95.19,2.52,92.67,0,0.1875,2,1200,0.0,95.19,95.19,-2.519999999999996,0.0,1
Proposed_ShieldedQoE,sintel,2,16,2,2,1200,1103.0,22.27,21.75,0.0,95.19,0.0,95.19,0,0.17647058823529413,2,1200,0.0,95.19,95.19,0.0,0.0,1
Proposed_ShieldedQoE,sintel,2,17,2,2,1200,966.8,21.75,21.43,0.0,95.19,0.0,95.19,0,0.16666666666666666,2,1200,0.0,95.19,95.19,0.0,0.0,1
Proposed_ShieldedQoE,sintel,2,18,2,2,1200,810.4,21.43,20.56,0.0,95.19,0.0,95.19,0,0.15789473684210525,2,1200,0.0,95.19,95.19,0.0,0.0,1
Proposed_ShieldedQoE,sintel,2,19,2,2,1200,971.9,20.56,19.18,0.0,95.19,0.0,95.19,0,0.15,1,750,0.0,87.43,79.67,15.519999999999996,0.0,0
Proposed_ShieldedQoE,sintel,2,20,2,2,1200,704.0,19.18,11.35,0.0,95.19,0.0,95.19,0,0.14285714285714285,1,750,0.0,87.43,87.43,7.759999999999991,0.0,0
Proposed_ShieldedQoE,sintel,2,21,1,1,750,1036.7,11.35,12.04,0.0,87.43,7.76,79.67,0,0.13636363636363635,1,750,0.0,87.43,87.43,-7.760000000000005,0.0,1
Proposed_ShieldedQoE,sintel,2,22,1,1,750,1087.5,12.04,13.96,0.0,87.43,0.0,87.43,0,0.13043478260869565,1,750,0.0,87.43,87.43,0.0,0.0,1
Proposed_ShieldedQoE,sintel,2,23,1,1,750,1111.3,13.96,14.08,0.0,87.43,0.0,87.43,0,0.125,1,750,0.0,87.43,87.43,0.0,0.0,1
Proposed_ShieldedQoE,sintel,2,24,1,1,750,1138.6,14.08,12.65,0.0,87.43,0.0,87.43,0,0.12,1,750,0.0,87.43,87.43,0.0,0.0,1
Proposed_ShieldedQoE,sintel,2,25,1,1,750,1073.9,12.65,13.09,0.0,87.43,0.0,87.43,0,0.11538461538461539,1,750,0.0,87.43,87.43,0.0,0.0,1
Proposed_ShieldedQoE,sintel,2,26,1,1,750,1065.4,13.09,13.45,0.0,87.43,0.0,87.43,0,0.1111111111111111,1,750,0.0,87.43,87.43,0.0,0.0,1
Proposed_ShieldedQoE,sintel,2,27,1,1,750,984.5,13.45,14.71,0.0,87.43,0.0,87.43,0,0.10714285714285714,1,750,0.0,87.43,87.43,0.0,0.0,1
Proposed_ShieldedQoE,sintel,2,28,1,1,750,824.4,14.71,13.32,0.0,87.43,0.0,87.43,0,0.10344827586206896,1,750,0.0,87.43,87.43,0.0,0.0,1
Proposed_ShieldedQoE,sintel,2,29,1,1,750,1037.6,13.32,15.64,0.0,87.43,0.0,87.43,0,0.1,2,1200,0.0,95.19,87.43,0.0,0.0,0
Proposed_ShieldedQoE,sintel,2,30,5,5,6000,1055.3,15.64,17.67,0.0,97.71,10.28,87.43,0,0.0967741935483871,2,1200,0.0,95.19,95.19,-7.759999999999991,0.0,0
Proposed_ShieldedQoE,sintel,2,31,2,2,1200,1126.0,17.67,19.64,0.0,95.19,2.52,92.67,0,0.09375,2,1200,0.0,95.19,95.19,-2.519999999999996,0.0,1
Proposed_ShieldedQoE,sintel,2,32,2,2,1200,892.4,19.64,18.87,0.0,95.19,0.0,95.19,0,0.09090909090909091,2,1200,0.0,95.19,95.19,0.0,0.0,1
Proposed_ShieldedQoE,sintel,2,33,2,2,1200,941.8,18.87,19.71,0.0,95.19,0.0,95.19,0,0.08823529411764706,2,1200,0.0,95.19,95.19,0.0,0.0,1
Proposed_ShieldedQoE,sintel,2,34,2,2,1200,463.6,19.71,18.19,0.0,95.19,0.0,95.19,0,0.08571428571428572,2,1200,0.0,95.19,95.19,0.0,0.0,1
Proposed_ShieldedQoE,sintel,2,35,1,1,750,1052.0,18.19,19.94,0.0,87.43,7.76,79.67,0,0.08333333333333333,2,1200,0.0,95.19,95.19,-15.519999999999996,0.0,0
Proposed_ShieldedQoE,sintel,2,36,1,1,750,355.7,19.94,14.28,0.0,87.43,0.0,87.43,0,0.08108108108108109,1,750,0.0,87.43,79.67,7.760000000000005,0.0,1
Proposed_ShieldedQoE,sintel,2,37,1,1,750,952.1,14.28,15.54,0.0,87.43,0.0,87.43,0,0.07894736842105263,1,750,0.0,87.43,87.43,0.0,0.0,1
Proposed_ShieldedQoE,sintel,2,38,1,1,750,1023.8,15.54,16.3,0.0,87.43,0.0,87.43,0,0.07692307692307693,1,750,0.0,87.43,87.43,0.0,0.0,1
Proposed_ShieldedQoE,sintel,2,39,1,1,750,960.6,16.3,16.66,0.0,87.43,0.0,87.43,0,0.075,1,750,0.0,87.43,87.43,0.0,0.0,1
Proposed_ShieldedQoE,sintel,2,40,1,1,750,955.9,16.66,15.19,0.0,87.43,0.0,87.43,0,0.07317073170731707,1,750,0.0,87.43,87.43,0.0,0.0,1
Proposed_ShieldedQoE,sintel,2,41,1,1,750,880.2,15.19,14.53,0.0,87.43,0.0,87.43,0,0.07142857142857142,1,750,0.0,87.43,87.43,0.0,0.0,1
Proposed_ShieldedQoE,sintel,2,42,1,1,750,1063.0,14.53,15.71,0.0,87.43,0.0,87.43,0,0.06976744186046512,1,750,0.0,87.43,87.43,0.0,0.0,1
Proposed_ShieldedQoE,sintel,2,43,1,1,750,934.7,15.71,17.31,0.0,87.43,0.0,87.43,0,0.06818181818181818,1,750,0.0,87.43,87.43,0.0,0.0,1
Proposed_ShieldedQoE,sintel,2,44,1,1,750,994.6,17.31,15.37,0.0,87.43,0.0,87.43,0,0.06666666666666667,1,750,0.0,87.43,87.43,0.0,0.0,1
Proposed_ShieldedQoE,sintel,2,45,1,1,750,1000.9,15.37,15.92,0.0,87.43,0.0,87.43,0,0.06521739130434782,2,1200,0.0,95.19,87.43,0.0,0.0,0
Proposed_ShieldedQoE,sintel,2,46,1,1,750,858.9,15.92,15.62,0.0,87.43,0.0,87.43,0,0.06382978723404255,2,1200,0.0,95.19,95.19,-7.759999999999991,0.0,0
Proposed_ShieldedQoE,sintel,2,47,1,1,750,1103.0,15.62,16.71,0.0,87.43,0.0,87.43,0,0.0625,2,1200,0.327,95.19,93.79,-6.359999999999999,-0.327,0
Proposed_ShieldedQoE,sintel,3,0,1,0,300,1070.0,1.09,4.0,1.389,74.82,0.0,68.85,1,1.0,0,300,1.389,74.82,68.85,0.0,0.0,1
Proposed_ShieldedQoE,sintel,3,1,0,0,300,1465.1,4.0,7.07,0.0,74.82,0.0,74.82,0,0.5,0,300,0.0,74.82,74.82,0.0,0.0,1
Proposed_ShieldedQoE,sintel,3,2,4,3,1850,835.4,7.07,7.03,0.0,95.31,20.49,74.82,1,0.6666666666666666,0,300,0.0,74.82,74.82,0.0,0.0,0
Proposed_ShieldedQoE,sintel,3,3,1,1,750,338.2,7.03,4.0,3.216,87.43,7.88,65.72,0,0.5,0,300,0.0,74.82,74.82,-9.099999999999994,3.216,0
Proposed_ShieldedQoE,sintel,3,4,0,0,300,799.4,4.0,4.62,0.0,74.82,12.61,62.21,1,0.6,0,300,0.0,74.82,74.82,-12.609999999999992,0.0,1
Proposed_ShieldedQoE,sintel,3,5,0,0,300,852.7,4.62,7.63,0.0,74.82,0.0,74.82,0,0.5,1,750,0.0,87.43,74.82,0.0,0.0,0
Proposed_ShieldedQoE,sintel,3,6,4,3,1850,608.4,7.63,7.49,0.0,95.31,20.49,74.82,1,0.5714285714285714,1,750,0.0,87.43,87.43,-12.610000000000014,0.0,0
Proposed_ShieldedQoE,sintel,3,7,1,1,750,376.5,7.49,4.0,0.536,87.43,7.88,77.25,0,0.5,1,750,0.0,87.43,87.43,-10.180000000000007,0.536,1
Proposed_ShieldedQoE,sintel,3,8,0,0,300,1048.2,4.0,6.36,0.0,74.82,12.61,62.21,0,0.4444444444444444,1,750,0.0,87.43,87.43,-25.220000000000006,0.0,0
Proposed_ShieldedQoE,sintel,3,9,4,4,2850,869.5,6.36,7.74,0.0,96.41,21.59,74.82,0,0.4,1,750,0.0,87.43,87.43,-12.610000000000014,0.0,0
Proposed_ShieldedQoE,sintel,3,10,1,1,750,861.3,7.74,9.39,0.0,87.43,8.98,78.45,0,0.36363636363636365,1,750,0.0,87.43,87.43,-8.980000000000004,0.0,1
Proposed_ShieldedQoE,sintel,3,11,1,1,750,846.7,9.39,10.7,0.0,87.43,0.0,87.43,0,0.3333333333333333,1,750,0.0,87.43,87.43,0.0,0.0,1
Proposed_ShieldedQoE,sintel,3,12,1,1,750,598.8,10.7,8.75,0.0,87.43,0.0,87.43,0,0.3076923076923077,1,750,0.0,87.43,87.43,0.0,0.0,1
Proposed_ShieldedQoE,sintel,3,13,1,1,750,608.7,8.75,9.47,0.0,87.43,0.0,87.43,0,0.2857142857142857,1,750,0.0,87.43,87.43,0.0,0.0,1
Proposed_ShieldedQoE,sintel,3,14,1,1,750,797.1,9.47,11.96,0.0,87.43,0.0,87.43,0,0.26666666666666666,2,1200,0.0,95.19,87.43,0.0,0.0,0
Proposed_ShieldedQoE,sintel,3,15,1,1,750,1016.9,11.96,14.22,0.0,87.43,0.0,87.43,0,0.25,2,1200,0.0,95.19,95.19,-7.759999999999991,0.0,0
Proposed_ShieldedQoE,sintel,3,16,1,1,750,1018.2,14.22,15.16,0.0,87.43,0.0,87.43,0,0.23529411764705882,2,1200,0.0,95.19,95.19,-7.759999999999991,0.0,0
Proposed_ShieldedQoE,sintel,3,17,1,1,750,1221.8,15.16,17.02,0.0,87.43,0.0,87.43,0,0.2222222222222222,2,1200,0.0,95.19,95.19,-7.759999999999991,0.0,0
Proposed_ShieldedQoE,sintel,3,18,1,1,750,1244.0,17.02,19.04,0.0,87.43,0.0,87.43,0,0.21052631578947367,2,1200,0.0,95.19,95.19,-7.759999999999991,0.0,0
Proposed_ShieldedQoE,sintel,3,19,1,1,750,967.8,19.04,19.66,0.0,87.43,0.0,87.43,0,0.2,2,1200,0.0,95.19,95.19,-7.759999999999991,0.0,0
Proposed_ShieldedQoE,sintel,3,20,1,1,750,1259.1,19.66,19.53,0.0,87.43,0.0,87.43,0,0.19047619047619047,2,1200,0.0,95.19,95.19,-7.759999999999991,0.0,0
Proposed_ShieldedQoE,sintel,3,21,1,1,750,1059.4,19.53,20.28,0.0,87.43,0.0,87.43,0,0.18181818181818182,2,1200,0.0,95.19,95.19,-7.759999999999991,0.0,0
Proposed_ShieldedQoE,sintel,3,22,5,5,6000,1076.0,20.28,20.92,0.0,97.71,10.28,87.43,0,0.17391304347826086,2,1200,0.0,95.19,95.19,-7.759999999999991,0.0,0
Proposed_ShieldedQoE,sintel,3,23,2,2,1200,1209.8,20.92,19.22,0.0,95.19,2.52,92.67,0,0.16666666666666666,1,750,0.0,87.43,79.67,13.0,0.0,0
Proposed_ShieldedQoE,sintel,3,24,2,2,1200,901.4,19.22,12.24,0.0,95.19,0.0,95.19,0,0.16,1,750,0.0,87.43,87.43,7.759999999999991,0.0,0
Proposed_ShieldedQoE,sintel,3,25,1,1,750,854.8,12.24,11.77,0.0,87.43,7.76,79.67,0,0.15384615384615385,1,750,0.0,87.43,87.43,-7.760000000000005,0.0,1
Proposed_ShieldedQoE,sintel,3,26,1,1,750,839.1,11.77,11.15,0.0,87.43,0.0,87.43,0,0.14814814814814814,1,750,0.0,87.43,87.43,0.0,0.0,1
Proposed_ShieldedQoE,sintel,3,27,1,1,750,1088.7,11.15,12.68,0.0,87.43,0.0,87.43,0,0.14285714285714285,2,1200,0.0,95.19,87.43,0.0,0.0,0
Proposed_ShieldedQoE,sintel,3,28,1,1,750,1224.0,12.68,13.05,0.0,87.43,0.0,87.43,0,0.13793103448275862,2,1200,0.195,95.19,94.35,-6.9199999999999875,-0.195,0
Proposed_ShieldedQoE,sintel,3,29,1,1,750,1011.0,13.05,15.32,0.0,87.43,0.0,87.43,0,0.13333333333333333,2,1200,0.0,95.19,95.19,-7.759999999999991,0.0,0
Proposed_ShieldedQoE,sintel,3,30,5,5,6000,1048.2,15.32,17.34,0.0,97.71,10.28,87.43,0,0.12903225806451613,2,1200,0.0,95.19,95.19,-7.759999999999991,0.0,0
Proposed_ShieldedQoE,sintel,3,31,2,2,1200,1045.6,17.34,19.15,0.0,95.19,2.52,92.67,0,0.125,2,1200,0.0,95.19,95.19,-2.519999999999996,0.0,1
Proposed_ShieldedQoE,sintel,3,32,2,2,1200,876.3,19.15,18.29,0.0,95.19,0.0,95.19,0,0.12121212121212122,2,1200,0.0,95.19,95.19,0.0,0.0,1
Proposed_ShieldedQoE,sintel,3,33,2,2,1200,824.0,18.29,18.68,0.0,95.19,0.0,95.19,0,0.11764705882352941,2,1200,0.0,95.19,95.19,0.0,0.0,1
Proposed_ShieldedQoE,sintel,3,34,2,2,1200,1157.6,18.68,20.47,0.0,95.19,0.0,95.19,0,0.11428571428571428,2,1200,0.0,95.19,95.19,0.0,0.0,1
Proposed_ShieldedQoE,sintel,3,35,2,2,1200,894.8,20.47,20.25,0.0,95.19,0.0,95.19,0,0.1111111111111111,2,1200,0.0,95.19,95.19,0.0,0.0,1
Proposed_ShieldedQoE,sintel,3,36,2,2,1200,1077.9,20.25,19.15,0.0,95.19,0.0,95.19,0,0.10810810810810811,2,1200,0.0,95.19,95.19,0.0,0.0,1
Proposed_ShieldedQoE,sintel,3,37,2,2,1200,1041.8,19.15,19.14,0.0,95.19,0.0,95.19,0,0.10526315789473684,2,1200,0.0,95.19,95.19,0.0,0.0,1
Proposed_ShieldedQoE,sintel,3,38,2,2,1200,1157.7,19.14,18.55,0.0,95.19,0.0,95.19,0,0.10256410256410256,2,1200,0.0,95.19,95.19,0.0,0.0,1
Proposed_ShieldedQoE,sintel,3,39,2,2,1200,1092.3,18.55,17.43,0.0,95.19,0.0,95.19,0,0.1,2,1200,0.0,95.19,95.19,0.0,0.0,1
Proposed_ShieldedQoE,sintel,3,40,2,2,1200,948.7,17.43,12.62,0.0,95.19,0.0,95.19,0,0.0975609756097561,1,750,0.0,87.43,79.67,15.519999999999996,0.0,0
Proposed_ShieldedQoE,sintel,3,41,1,1,750,1176.1,12.62,13.13,0.0,87.43,7.76,79.67,0,0.09523809523809523,1,750,0.0,87.43,87.43,-7.760000000000005,0.0,1
Proposed_ShieldedQoE,sintel,3,42,1,1,750,954.2,13.13,13.99,0.0,87.43,0.0,87.43,0,0.09302325581395349,1,750,0.0,87.43,87.43,0.0,0.0,1
Proposed_ShieldedQoE,sintel,3,43,1,1,750,1010.0,13.99,15.76,0.0,87.43,0.0,87.43,0,0.09090909090909091,1,750,0.0,87.43,87.43,0.0,0.0,1
Proposed_ShieldedQoE,sintel,3,44,1,1,750,904.9,15.76,13.24,0.0,87.43,0.0,87.43,0,0.08888888888888889,1,750,0.0,87.43,87.43,0.0,0.0,1
Proposed_ShieldedQoE,sintel,3,45,1,1,750,896.6,13.24,13.39,0.0,87.43,0.0,87.43,0,0.08695652173913043,1,750,0.0,87.43,87.43,0.0,0.0,1
Proposed_ShieldedQoE,sintel,3,46,1,1,750,742.8,13.39,12.41,0.0,87.43,0.0,87.43,0,0.0851063829787234,1,750,0.0,87.43,87.43,0.0,0.0,1
Proposed_ShieldedQoE,sintel,3,47,1,1,750,427.9,12.41,8.92,0.0,87.43,0.0,87.43,0,0.08333333333333333,1,750,1.866,87.43,79.41,8.02000000000001,-1.866,1
Proposed_ShieldedQoE,sintel,4,0,1,0,300,891.0,1.78,4.0,1.201,74.82,0.0,69.66,1,1.0,0,300,1.201,74.82,69.66,0.0,0.0,1
Proposed_ShieldedQoE,sintel,4,1,0,0,300,891.2,4.0,6.47,0.0,74.82,0.0,74.82,0,0.5,1,750,0.0,87.43,74.82,0.0,0.0,0
Proposed_ShieldedQoE,sintel,4,2,0,0,300,890.8,6.47,8.95,0.0,74.82,0.0,74.82,0,0.3333333333333333,1,750,0.0,87.43,87.43,-12.610000000000014,0.0,0
Proposed_ShieldedQoE,sintel,4,3,4,4,2850,879.8,8.95,9.01,0.0,96.41,21.59,74.82,0,0.25,1,750,0.0,87.43,87.43,-12.610000000000014,0.0,0
Proposed_ShieldedQoE,sintel,4,4,1,1,750,841.8,9.01,4.99,0.0,87.43,8.98,78.45,0,0.2,1,750,3.586,87.43,72.01,6.439999999999998,-3.586,1
Proposed_ShieldedQoE,sintel,4,5,1,1,750,900.4,4.99,6.65,0.0,87.43,0.0,87.43,0,0.16666666666666666,1,750,0.0,87.43,87.43,0.0,0.0,1
Proposed_ShieldedQoE,sintel,4,6,1,1,750,897.6,6.65,7.84,0.0,87.43,0.0,87.43,0,0.14285714285714285,1,750,0.0,87.43,87.43,0.0,0.0,1
Proposed_ShieldedQoE,sintel,4,7,1,1,750,884.1,7.84,8.42,0.0,87.43,0.0,87.43,0,0.125,1,750,0.0,87.43,87.43,0.0,0.0,1
Proposed_ShieldedQoE,sintel,4,8,1,1,750,901.1,8.42,7.65,0.0,87.43,0.0,87.43,0,0.1111111111111111,1,750,0.0,87.43,87.43,0.0,0.0,1
Proposed_ShieldedQoE,sintel,4,9,1,1,750,882.9,7.65,9.07,0.0,87.43,0.0,87.43,0,0.1,2,1200,0.0,95.19,87.43,0.0,0.0,0
Proposed_ShieldedQoE,sintel,4,10,1,1,750,901.2,9.07,10.83,0.0,87.43,0.0,87.43,0,0.09090909090909091,2,1200,0.0,95.19,95.19,-7.759999999999991,0.0,0
Proposed_ShieldedQoE,sintel,4,11,1,1,750,900.7,10.83,12.3,0.0,87.43,0.0,87.43,0,0.08333333333333333,2,1200,0.0,95.19,95.19,-7.759999999999991,0.0,0
Proposed_ShieldedQoE,sintel,4,12,1,1,750,901.6,12.3,12.34,0.0,87.43,0.0,87.43,0,0.07692307692307693,2,1200,0.0,95.19,95.19,-7.759999999999991,0.0,0
Proposed_ShieldedQoE,sintel,4,13,1,1,750,900.5,12.34,14.12,0.0,87.43,0.0,87.43,0,0.07142857142857142,2,1200,0.0,95.19,95.19,-7.759999999999991,0.0,0
Proposed_ShieldedQoE,sintel,4,14,1,1,750,900.3,14.12,16.79,0.0,87.43,0.0,87.43,0,0.06666666666666667,2,1200,0.0,95.19,95.19,-7.759999999999991,0.0,0
Proposed_ShieldedQoE,sintel,4,15,1,1,750,897.1,16.79,18.81,0.0,87.43,0.0,87.43,0,0.0625,2,1200,0.0,95.19,95.19,-7.759999999999991,0.0,0
Proposed_ShieldedQoE,sintel,4,16,1,1,750,902.5,18.81,19.36,0.0,87.43,0.0,87.43,0,0.058823529411764705,2,1200,0.0,95.19,95.19,-7.759999999999991,0.0,0
Proposed_ShieldedQoE,sintel,4,17,1,1,750,807.4,19.36,20.13,0.0,87.43,0.0,87.43,0,0.05555555555555555,1,750,0.0,87.43,79.67,7.760000000000005,0.0,1
Proposed_ShieldedQoE,sintel,4,18,1,1,750,902.0,20.13,21.4,0.0,87.43,0.0,87.43,0,0.05263157894736842,1,750,0.0,87.43,87.43,0.0,0.0,1
Proposed_ShieldedQoE,sintel,4,19,1,1,750,900.4,21.4,21.77,0.0,87.43,0.0,87.43,0,0.05,1,750,0.0,87.43,87.43,0.0,0.0,1
Proposed_ShieldedQoE,sintel,4,20,1,1,750,902.0,21.77,20.0,0.0,87.43,0.0,87.43,0,0.047619047619047616,1,750,0.0,87.43,87.43,0.0,0.0,1
Proposed_ShieldedQoE,sintel,4,21,1,1,750,901.2,20.0,20.18,0.0,87.43,0.0,87.43,0,0.045454545454545456,1,750,0.0,87.43,87.43,0.0,0.0,1
Proposed_ShieldedQoE,sintel,4,22,1,1,750,900.6,20.18,21.67,0.0,87.43,0.0,87.43,0,0.043478260869565216,1,750,0.0,87.43,87.43,0.0,0.0,1
Proposed_ShieldedQoE,sintel,4,23,1,1,750,902.1,21.67,20.89,0.0,87.43,0.0,87.43,0,0.041666666666666664,1,750,0.0,87.43,87.43,0.0,0.0,1
Proposed_ShieldedQoE,sintel,4,24,1,1,750,901.1,20.89,18.03,0.0,87.43,0.0,87.43,0,0.04,1,750,0.0,87.43,87.43,0.0,0.0,1
Proposed_ShieldedQoE,sintel,4,25,1,1,750,899.4,18.03,17.78,0.0,87.43,0.0,87.43,0,0.038461538461538464,1,750,0.0,87.43,87.43,0.0,0.0,1
Proposed_ShieldedQoE,sintel,4,26,1,1,750,823.2,17.78,17.07,0.0,87.43,0.0,87.43,0,0.037037037037037035,1,750,0.088,87.43,87.05,0.38000000000000966,-0.088,1
Proposed_ShieldedQoE,sintel,4,27,1,1,750,901.4,17.07,18.08,0.0,87.43,0.0,87.43,0,0.03571428571428571,1,750,0.0,87.43,87.43,0.0,0.0,1
Proposed_ShieldedQoE,sintel,4,28,1,1,750,901.5,18.08,17.15,0.0,87.43,0.0,87.43,0,0.034482758620689655,1,750,0.0,87.43,87.43,0.0,0.0,1
Proposed_ShieldedQoE,sintel,4,29,1,1,750,900.7,17.15,19.21,0.0,87.43,0.0,87.43,0,0.03333333333333333,2,1200,0.0,95.19,87.43,0.0,0.0,0
Proposed_ShieldedQoE,sintel,4,30,5,5,6000,899.6,19.21,20.9,0.0,97.71,10.28,87.43,0,0.03225806451612903,2,1200,0.0,95.19,95.19,-7.759999999999991,0.0,0
Proposed_ShieldedQoE,sintel,4,31,2,2,1200,902.2,20.9,22.37,0.0,95.19,2.52,92.67,0,0.03125,2,1200,0.0,95.19,95.19,-2.519999999999996,0.0,1
Proposed_ShieldedQoE,sintel,4,32,2,2,1200,900.9,22.37,21.64,0.0,95.19,0.0,95.19,0,0.030303030303030304,2,1200,0.0,95.19,95.19,0.0,0.0,1
Proposed_ShieldedQoE,sintel,4,33,2,2,1200,894.7,21.64,22.32,0.0,95.19,0.0,95.19,0,0.029411764705882353,2,1200,0.0,95.19,95.19,0.0,0.0,1
Proposed_ShieldedQoE,sintel,4,34,2,2,1200,901.3,22.32,23.48,0.0,95.19,0.0,95.19,0,0.02857142857142857,2,1200,0.0,95.19,95.19,0.0,0.0,1
Proposed_ShieldedQoE,sintel,4,35,2,2,1200,902.2,23.48,23.29,0.0,95.19,0.0,95.19,0,0.027777777777777776,2,1200,0.0,95.19,95.19,0.0,0.0,1
Proposed_ShieldedQoE,sintel,4,36,2,2,1200,901.0,23.29,21.19,0.0,95.19,0.0,95.19,0,0.02702702702702703,2,1200,0.0,95.19,95.19,0.0,0.0,1
Proposed_ShieldedQoE,sintel,4,37,2,2,1200,901.0,21.19,20.56,0.0,95.19,0.0,95.19,0,0.02631578947368421,2,1200,0.0,95.19,95.19,0.0,0.0,1
Proposed_ShieldedQoE,sintel,4,38,2,2,1200,901.5,20.56,18.66,0.0,95.19,0.0,95.19,0,0.02564102564102564,1,750,0.0,87.43,79.67,15.519999999999996,0.0,0
Proposed_ShieldedQoE,sintel,4,39,2,2,1200,871.6,18.66,16.25,0.0,95.19,0.0,95.19,0,0.025,1,750,0.0,87.43,87.43,7.759999999999991,0.0,0
Proposed_ShieldedQoE,sintel,4,40,1,1,750,901.6,16.25,14.45,0.0,87.43,7.76,79.67,0,0.024390243902439025,1,750,0.0,87.43,87.43,-7.760000000000005,0.0,1
Proposed_ShieldedQoE,sintel,4,41,1,1,750,901.8,14.45,13.89,0.0,87.43,0.0,87.43,0,0.023809523809523808,1,750,0.0,87.43,87.43,0.0,0.0,1
Proposed_ShieldedQoE,sintel,4,42,1,1,750,901.0,13.89,14.57,0.0,87.43,0.0,87.43,0,0.023255813953488372,1,750,0.0,87.43,87.43,0.0,0.0,1
Proposed_ShieldedQoE,sintel,4,43,1,1,750,900.8,14.57,16.08,0.0,87.43,0.0,87.43,0,0.022727272727272728,1,750,0.0,87.43,87.43,0.0,0.0,1
Proposed_ShieldedQoE,sintel,4,44,1,1,750,900.8,16.08,13.52,0.0,87.43,0.0,87.43,0,0.022222222222222223,1,750,0.097,87.43,87.01,0.4200000000000017,-0.097,1
Proposed_ShieldedQoE,sintel,4,45,1,1,750,901.8,13.52,13.69,0.0,87.43,0.0,87.43,0,0.021739130434782608,1,750,0.0,87.43,87.43,0.0,0.0,1
Proposed_ShieldedQoE,sintel,4,46,1,1,750,900.7,13.69,13.59,0.0,87.43,0.0,87.43,0,0.02127659574468085,1,750,0.0,87.43,87.43,0.0,0.0,1
Proposed_ShieldedQoE,sintel,4,47,1,1,750,900.7,13.59,14.03,0.0,87.43,0.0,87.43,0,0.020833333333333332,1,750,0.0,87.43,87.43,0.0,0.0,1
Proposed_ShieldedQoE,sintel,5,0,1,0,300,769.8,2.52,4.0,0.928,74.82,0.0,70.83,1,1.0,0,300,0.928,74.82,70.83,0.0,0.0,1
Proposed_ShieldedQoE,sintel,5,1,0,0,300,446.8,4.0,4.94,0.0,74.82,0.0,74.82,0,0.5,0,300,0.0,74.82,74.82,0.0,0.0,1
Proposed_ShieldedQoE,sintel,5,2,0,0,300,580.4,4.94,6.62,0.0,74.82,0.0,74.82,0,0.3333333333333333,0,300,0.0,74.82,74.82,0.0,0.0,1
Proposed_ShieldedQoE,sintel,5,3,0,0,300,467.8,6.62,7.65,0.0,74.82,0.0,74.82,0,0.25,0,300,0.0,74.82,74.82,0.0,0.0,1
Proposed_ShieldedQoE,sintel,5,4,0,0,300,757.0,7.65,8.08,0.0,74.82,0.0,74.82,0,0.2,0,300,0.0,74.82,74.82,0.0,0.0,1
Proposed_ShieldedQoE,sintel,5,5,1,1,750,657.4,8.08,8.88,0.0,87.43,12.61,74.82,0,0.16666666666666666,1,750,0.0,87.43,74.82,0.0,0.0,1
Proposed_ShieldedQoE,sintel,5,6,1,1,750,706.4,8.88,9.32,0.0,87.43,0.0,87.43,0,0.14285714285714285,1,750,0.0,87.43,87.43,0.0,0.0,1
Proposed_ShieldedQoE,sintel,5,7,1,1,750,692.8,9.32,8.95,0.0,87.43,0.0,87.43,0,0.125,1,750,0.0,87.43,87.43,0.0,0.0,1
Proposed_ShieldedQoE,sintel,5,8,1,1,750,989.6,8.95,8.6,0.0,87.43,0.0,87.43,0,0.1111111111111111,1,750,0.0,87.43,87.43,0.0,0.0,1
Proposed_ShieldedQoE,sintel,5,9,1,1,750,601.9,8.6,8.82,0.0,87.43,0.0,87.43,0,0.1,1,750,0.0,87.43,87.43,0.0,0.0,1
Proposed_ShieldedQoE,sintel,5,10,1,1,750,1009.6,8.82,10.82,0.0,87.43,0.0,87.43,0,0.09090909090909091,1,750,0.0,87.43,87.43,0.0,0.0,1
Proposed_ShieldedQoE,sintel,5,11,1,1,750,645.2,10.82,11.29,0.0,87.43,0.0,87.43,0,0.08333333333333333,1,750,0.0,87.43,87.43,0.0,0.0,1
Proposed_ShieldedQoE,sintel,5,12,1,1,750,418.7,11.29,6.78,0.0,87.43,0.0,87.43,0,0.07692307692307693,1,750,0.0,87.43,87.43,0.0,0.0,1
Proposed_ShieldedQoE,sintel,5,13,1,1,750,877.1,6.78,8.5,0.0,87.43,0.0,87.43,0,0.07142857142857142,1,750,0.0,87.43,87.43,0.0,0.0,1
Proposed_ShieldedQoE,sintel,5,14,1,1,750,465.1,8.5,9.92,0.0,87.43,0.0,87.43,0,0.06666666666666667,1,750,0.0,87.43,87.43,0.0,0.0,1
Proposed_ShieldedQoE,sintel,5,15,1,1,750,398.4,9.92,9.47,0.0,87.43,0.0,87.43,0,0.0625,1,750,0.0,87.43,87.43,0.0,0.0,1
Proposed_ShieldedQoE,sintel,5,16,1,1,750,859.7,9.47,9.84,0.0,87.43,0.0,87.43,0,0.058823529411764705,1,750,0.0,87.43,87.43,0.0,0.0,1
Proposed_ShieldedQoE,sintel,5,17,1,1,750,1070.5,9.84,11.4,0.0,87.43,0.0,87.43,0,0.05555555555555555,1,750,0.0,87.43,87.43,0.0,0.0,1
Proposed_ShieldedQoE,sintel,5,18,1,1,750,875.5,11.4,12.59,0.0,87.43,0.0,87.43,0,0.05263157894736842,1,750,0.0,87.43,87.43,0.0,0.0,1
Proposed_ShieldedQoE,sintel,5,19,1,1,750,441.8,12.59,9.19,0.0,87.43,0.0,87.43,0,0.05,1,750,0.0,87.43,87.43,0.0,0.0,1
Proposed_ShieldedQoE,sintel,5,20,1,1,750,813.4,9.19,6.79,0.0,87.43,0.0,87.43,0,0.047619047619047616,1,750,0.0,87.43,87.43,0.0,0.0,1
Proposed_ShieldedQoE,sintel,5,21,1,1,750,740.3,6.79,6.15,0.0,87.43,0.0,87.43,0,0.045454545454545456,1,750,0.0,87.43,87.43,0.0,0.0,1
Proposed_ShieldedQoE,sintel,5,22,1,1,750,992.4,6.15,7.87,0.0,87.43,0.0,87.43,0,0.043478260869565216,1,750,0.0,87.43,87.43,0.0,0.0,1
Proposed_ShieldedQoE,sintel,5,23,1,1,750,597.7,7.87,4.65,0.0,87.43,0.0,87.43,0,0.041666666666666664,1,750,0.0,87.43,87.43,0.0,0.0,1
Proposed_ShieldedQoE,sintel,5,24,0,0,300,985.9,4.65,6.14,0.0,74.82,12.61,62.21,0,0.04,1,750,1.62,87.43,80.47,-18.259999999999998,-1.62,0
Proposed_ShieldedQoE,sintel,5,25,0,0,300,1089.2,6.14,8.74,0.0,74.82,0.0,74.82,0,0.038461538461538464,1,750,0.0,87.43,87.43,-12.610000000000014,0.0,0
Proposed_ShieldedQoE,sintel,5,26,1,1,750,960.4,8.74,8.7,0.0,87.43,12.61,74.82,0,0.037037037037037035,1,750,0.0,87.43,87.43,-12.610000000000014,0.0,1
Proposed_ShieldedQoE,sintel,5,27,1,1,750,1012.1,8.7,10.04,0.0,87.43,0.0,87.43,0,0.03571428571428571,1,750,0.0,87.43,87.43,0.0,0.0,1
Proposed_ShieldedQoE,sintel,5,28,1,1,750,1111.0,10.04,10.04,0.0,87.43,0.0,87.43,0,0.034482758620689655,1,750,0.0,87.43,87.43,0.0,0.0,1
Proposed_ShieldedQoE,sintel,5,29,1,1,750,496.6,10.04,10.52,0.0,87.43,0.0,87.43,0,0.03333333333333333,1,750,0.0,87.43,87.43,0.0,0.0,1
Proposed_ShieldedQoE,sintel,5,30,1,1,750,947.0,10.52,13.14,0.0,87.43,0.0,87.43,0,0.03225806451612903,1,750,0.0,87.43,87.43,0.0,0.0,1
Proposed_ShieldedQoE,sintel,5,31,1,1,750,619.6,13.14,14.84,0.0,87.43,0.0,87.43,0,0.03125,1,750,0.0,87.43,87.43,0.0,0.0,1
Proposed_ShieldedQoE,sintel,5,32,1,1,750,672.1,14.84,14.88,0.0,87.43,0.0,87.43,0,0.030303030303030304,1,750,0.0,87.43,87.43,0.0,0.0,1
Proposed_ShieldedQoE,sintel,5,33,1,1,750,543.4,14.88,15.46,0.0,87.43,0.0,87.43,0,0.029411764705882353,1,750,0.0,87.43,87.43,0.0,0.0,1
Proposed_ShieldedQoE,sintel,5,34,1,1,750,592.0,15.46,16.76,0.0,87.43,0.0,87.43,0,0.02857142857142857,1,750,0.0,87.43,87.43,0.0,0.0,1
Proposed_ShieldedQoE,sintel,5,35,1,1,750,1887.9,16.76,19.51,0.0,87.43,0.0,87.43,0,0.027777777777777776,1,750,0.0,87.43,87.43,0.0,0.0,1
Proposed_ShieldedQoE,sintel,5,36,5,5,6000,1492.5,19.51,19.82,0.0,97.71,10.28,87.43,0,0.02702702702702703,1,750,0.0,87.43,87.43,0.0,0.0,0
Proposed_ShieldedQoE,sintel,5,37,2,2,1200,490.0,19.82,15.31,0.0,95.19,2.52,92.67,0,0.02631578947368421,1,750,0.0,87.43,87.43,5.239999999999995,0.0,0
Proposed_ShieldedQoE,sintel,5,38,1,1,750,379.4,15.31,10.55,0.0,87.43,7.76,79.67,0,0.02564102564102564,1,750,0.0,87.43,87.43,-7.760000000000005,0.0,1
Proposed_ShieldedQoE,sintel,5,39,1,1,750,720.7,10.55,9.7,0.0,87.43,0.0,87.43,0,0.025,1,750,0.0,87.43,87.43,0.0,0.0,1
Proposed_ShieldedQoE,sintel,5,40,1,1,750,448.7,9.7,4.0,1.948,87.43,0.0,79.05,0,0.024390243902439025,1,750,1.621,87.43,80.46,-1.4099999999999966,0.32699999999999996,1
Proposed_ShieldedQoE,sintel,5,41,0,0,300,632.6,4.0,5.4,0.0,74.82,12.61,62.21,0,0.023809523809523808,1,750,2.493,87.43,76.71,-14.499999999999993,-2.493,0
Proposed_ShieldedQoE,sintel,5,42,0,0,300,759.8,5.4,7.83,0.0,74.82,0.0,74.82,0,0.023255813953488372,1,750,0.0,87.43,87.43,-12.610000000000014,0.0,0
Proposed_ShieldedQoE,sintel,5,43,0,0,300,752.4,7.83,10.63,0.0,74.82,0.0,74.82,0,0.022727272727272728,1,750,0.0,87.43,87.43,-12.610000000000014,0.0,0
Proposed_ShieldedQoE,sintel,5,44,0,0,300,629.1,10.63,10.88,0.0,74.82,0.0,74.82,0,0.022222222222222223,1,750,4.312,87.43,68.89,5.929999999999993,-4.312,0
Proposed_ShieldedQoE,sintel,5,45,0,0,300,1034.1,10.88,13.54,0.0,74.82,0.0,74.82,0,0.021739130434782608,1,750,0.0,87.43,87.43,-12.610000000000014,0.0,0
Proposed_ShieldedQoE,sintel,5,46,4,4,2850,683.1,13.54,12.13,0.0,96.41,21.59,74.82,0,0.02127659574468085,1,750,0.749,87.43,84.21,-9.39,-0.749,0
Proposed_ShieldedQoE,sintel,5,47,1,1,750,707.4,12.13,11.6,0.0,87.43,8.98,78.45,0,0.020833333333333332,1,750,0.533,87.43,85.14,-6.689999999999998,-0.533,1
Proposed_ShieldedQoE,sintel,6,0,1,0,300,587.0,1.36,4.0,3.163,74.82,0.0,61.22,1,1.0,0,300,3.163,74.82,61.22,0.0,0.0,1
Proposed_ShieldedQoE,sintel,6,1,0,0,300,787.1,4.0,6.26,0.0,74.82,0.0,74.82,0,0.5,0,300,0.0,74.82,74.82,0.0,0.0,1
Proposed_ShieldedQoE,sintel,6,2,0,0,300,677.6,6.26,8.27,0.0,74.82,0.0,74.82,0,0.3333333333333333,0,300,0.0,74.82,74.82,0.0,0.0,1
Proposed_ShieldedQoE,sintel,6,3,0,0,300,650.6,8.27,10.14,0.0,74.82,0.0,74.82,0,0.25,0,300,0.0,74.82,74.82,0.0,0.0,1
Proposed_ShieldedQoE,sintel,6,4,0,0,300,725.7,10.14,10.42,0.0,74.82,0.0,74.82,0,0.2,0,300,0.0,74.82,74.82,0.0,0.0,1
Proposed_ShieldedQoE,sintel,6,5,1,1,750,824.8,10.42,11.87,0.0,87.43,12.61,74.82,0,0.16666666666666666,0,300,0.0,74.82,74.82,0.0,0.0,0
Proposed_ShieldedQoE,sintel,6,6,1,1,750,252.3,11.87,5.88,0.0,87.43,0.0,87.43,0,0.14285714285714285,0,300,0.0,74.82,74.82,12.610000000000014,0.0,0
Proposed_ShieldedQoE,sintel,6,7,1,0,300,761.1,5.88,8.29,0.0,74.82,12.61,62.21,1,0.25,1,750,0.0,87.43,74.82,-12.609999999999992,0.0,0
Proposed_ShieldedQoE,sintel,6,8,0,0,300,502.5,8.29,8.87,0.0,74.82,0.0,74.82,0,0.2222222222222222,1,750,0.0,87.43,87.43,-12.610000000000014,0.0,0
Proposed_ShieldedQoE,sintel,6,9,0,0,300,618.3,8.87,11.4,0.0,74.82,0.0,74.82,0,0.2,1,750,0.0,87.43,87.43,-12.610000000000014,0.0,0
Proposed_ShieldedQoE,sintel,6,10,4,4,2850,583.5,11.4,11.93,0.0,96.41,21.59,74.82,0,0.18181818181818182,1,750,0.0,87.43,87.43,-12.610000000000014,0.0,0
Proposed_ShieldedQoE,sintel,6,11,1,1,750,488.0,11.93,11.26,0.0,87.43,8.98,78.45,0,0.16666666666666666,1,750,0.0,87.43,87.43,-8.980000000000004,0.0,1
Proposed_ShieldedQoE,sintel,6,12,1,1,750,778.7,11.26,10.68,0.0,87.43,0.0,87.43,0,0.15384615384615385,1,750,0.0,87.43,87.43,0.0,0.0,1
Proposed_ShieldedQoE,sintel,6,13,1,1,750,653.2,10.68,11.63,0.0,87.43,0.0,87.43,0,0.14285714285714285,1,750,0.0,87.43,87.43,0.0,0.0,1
Proposed_ShieldedQoE,sintel,6,14,1,1,750,587.3,11.63,13.58,0.0,87.43,0.0,87.43,0,0.13333333333333333,1,750,0.0,87.43,87.43,0.0,0.0,1
Proposed_ShieldedQoE,sintel,6,15,1,1,750,472.8,13.58,13.83,0.0,87.43,0.0,87.43,0,0.125,1,750,0.0,87.43,87.43,0.0,0.0,1
Proposed_ShieldedQoE,sintel,6,16,1,1,750,790.7,13.83,13.89,0.0,87.43,0.0,87.43,0,0.11764705882352941,1,750,0.0,87.43,87.43,0.0,0.0,1
Proposed_ShieldedQoE,sintel,6,17,1,1,750,576.4,13.89,13.37,0.0,87.43,0.0,87.43,0,0.1111111111111111,1,750,0.0,87.43,87.43,0.0,0.0,1
Proposed_ShieldedQoE,sintel,6,18,1,1,750,793.4,13.37,14.26,0.0,87.43,0.0,87.43,0,0.10526315789473684,1,750,0.0,87.43,87.43,0.0,0.0,1
Proposed_ShieldedQoE,sintel,6,19,1,1,750,446.8,14.26,10.95,0.0,87.43,0.0,87.43,0,0.1,1,750,0.0,87.43,87.43,0.0,0.0,1
Proposed_ShieldedQoE,sintel,6,20,1,1,750,561.7,10.95,5.68,0.0,87.43,0.0,87.43,0,0.09523809523809523,0,300,0.0,74.82,62.21,25.220000000000006,0.0,0
Proposed_ShieldedQoE,sintel,6,21,1,1,750,529.7,5.68,4.0,0.817,87.43,0.0,83.91,0,0.09090909090909091,0,300,0.0,74.82,74.82,9.090000000000003,0.817,0
Proposed_ShieldedQoE,sintel,6,22,1,1,750,362.6,4.0,4.0,2.226,87.43,0.0,77.86,0,0.08695652173913043,0,300,0.0,74.82,74.82,3.0400000000000063,2.226,0
Proposed_ShieldedQoE,sintel,6,23,0,0,300,712.6,4.0,5.58,0.0,74.82,12.61,62.21,0,0.08333333333333333,0,300,0.0,74.82,74.82,-12.609999999999992,0.0,1
Proposed_ShieldedQoE,sintel,6,24,0,0,300,475.3,5.58,4.38,0.0,74.82,0.0,74.82,0,0.08,0,300,0.0,74.82,74.82,0.0,0.0,1
Proposed_ShieldedQoE,sintel,6,25,0,0,300,474.9,4.38,5.16,0.0,74.82,0.0,74.82,0,0.07692307692307693,0,300,0.0,74.82,74.82,0.0,0.0,1
Proposed_ShieldedQoE,sintel,6,26,0,0,300,616.4,5.16,6.64,0.0,74.82,0.0,74.82,0,0.07407407407407407,0,300,0.0,74.82,74.82,0.0,0.0,1
Proposed_ShieldedQoE,sintel,6,27,0,0,300,428.1,6.64,8.12,0.0,74.82,0.0,74.82,0,0.07142857142857142,0,300,0.0,74.82,74.82,0.0,0.0,1
Proposed_ShieldedQoE,sintel,6,28,0,0,300,475.6,8.12,8.39,0.0,74.82,0.0,74.82,0,0.06896551724137931,0,300,0.0,74.82,74.82,0.0,0.0,1
Proposed_ShieldedQoE,sintel,6,29,0,0,300,809.7,8.39,11.52,0.0,74.82,0.0,74.82,0,0.06666666666666667,1,750,0.0,87.43,74.82,0.0,0.0,0
Proposed_ShieldedQoE,sintel,6,30,4,4,2850,699.9,11.52,13.67,0.0,96.41,21.59,74.82,0,0.06451612903225806,1,750,0.0,87.43,87.43,-12.610000000000014,0.0,0
Proposed_ShieldedQoE,sintel,6,31,1,1,750,420.5,13.67,14.27,0.0,87.43,8.98,78.45,0,0.0625,1,750,0.0,87.43,87.43,-8.980000000000004,0.0,1
Proposed_ShieldedQoE,sintel,6,32,1,1,750,473.9,14.27,12.66,0.0,87.43,0.0,87.43,0,0.06060606060606061,1,750,0.0,87.43,87.43,0.0,0.0,1
Proposed_ShieldedQoE,sintel,6,33,1,1,750,654.6,12.66,13.82,0.0,87.43,0.0,87.43,0,0.058823529411764705,1,750,0.0,87.43,87.43,0.0,0.0,1
Proposed_ShieldedQoE,sintel,6,34,1,1,750,689.7,13.82,15.5,0.0,87.43,0.0,87.43,0,0.05714285714285714,1,750,0.0,87.43,87.43,0.0,0.0,1
Proposed_ShieldedQoE,sintel,6,35,1,1,750,677.2,15.5,16.01,0.0,87.43,0.0,87.43,0,0.05555555555555555,1,750,0.0,87.43,87.43,0.0,0.0,1
Proposed_ShieldedQoE,sintel,6,36,1,1,750,444.9,16.01,12.29,0.0,87.43,0.0,87.43,0,0.05405405405405406,1,750,0.0,87.43,87.43,0.0,0.0,1
Proposed_ShieldedQoE,sintel,6,37,1,1,750,795.5,12.29,13.01,0.0,87.43,0.0,87.43,0,0.05263157894736842,1,750,0.0,87.43,87.43,0.0,0.0,1
Proposed_ShieldedQoE,sintel,6,38,1,1,750,664.8,13.01,12.01,0.0,87.43,0.0,87.43,0,0.05128205128205128,1,750,0.0,87.43,87.43,0.0,0.0,1
Proposed_ShieldedQoE,sintel,6,39,1,1,750,743.5,12.01,11.31,0.0,87.43,0.0,87.43,0,0.05,1,750,0.0,87.43,87.43,0.0,0.0,1
Proposed_ShieldedQoE,sintel,6,40,1,1,750,649.3,11.31,7.26,0.0,87.43,0.0,87.43,0,0.04878048780487805,1,750,0.0,87.43,87.43,0.0,0.0,1
Proposed_ShieldedQoE,sintel,6,41,1,1,750,598.7,7.26,4.4,0.0,87.43,0.0,87.43,0,0.047619047619047616,1,750,0.0,87.43,87.43,0.0,0.0,1
Proposed_ShieldedQoE,sintel,6,42,1,1,750,981.2,4.4,5.35,0.0,87.43,0.0,87.43,0,0.046511627906976744,1,750,0.0,87.43,87.43,0.0,0.0,1
Proposed_ShieldedQoE,sintel,6,43,1,1,750,1001.1,5.35,7.11,0.0,87.43,0.0,87.43,0,0.045454545454545456,1,750,0.0,87.43,87.43,0.0,0.0,1
Proposed_ShieldedQoE,sintel,6,44,1,1,750,505.3,7.11,4.0,4.581,87.43,0.0,67.73,0,0.044444444444444446,1,750,0.0,87.43,87.43,-19.700000000000003,4.581,1
Proposed_ShieldedQoE,sintel,6,45,1,1,750,571.6,4.0,4.0,2.044,87.43,0.0,78.64,0,0.043478260869565216,1,750,0.0,87.43,87.43,-8.790000000000006,2.044,1
Proposed_ShieldedQoE,sintel,6,46,1,1,750,594.1,4.0,4.0,2.219,87.43,0.0,77.89,0,0.0425531914893617,1,750,2.201,87.43,77.96,-0.06999999999999318,0.017999999999999794,1
Proposed_ShieldedQoE,sintel,6,47,1,1,750,930.5,4.0,4.55,0.0,87.43,0.0,87.43,0,0.041666666666666664,1,750,0.0,87.43,87.43,0.0,0.0,1
Proposed_ShieldedQoE,sintel,7,0,1,0,300,985.5,2.74,4.05,0.0,74.82,0.0,74.82,1,1.0,0,300,0.0,74.82,74.82,0.0,0.0,1
Proposed_ShieldedQoE,sintel,7,1,0,0,300,1147.8,4.05,6.86,0.0,74.82,0.0,74.82,0,0.5,0,300,0.0,74.82,74.82,0.0,0.0,1
Proposed_ShieldedQoE,sintel,7,2,4,0,300,330.5,6.86,6.78,0.0,74.82,0.0,74.82,1,0.6666666666666666,0,300,0.0,74.82,74.82,0.0,0.0,1
Proposed_ShieldedQoE,sintel,7,3,0,0,300,954.6,6.78,9.33,0.0,74.82,0.0,74.82,0,0.5,0,300,0.0,74.82,74.82,0.0,0.0,1
Proposed_ShieldedQoE,sintel,7,4,0,0,300,417.9,9.33,6.86,0.0,74.82,0.0,74.82,0,0.4,0,300,0.0,74.82,74.82,0.0,0.0,1
Proposed_ShieldedQoE,sintel,7,5,0,0,300,1051.5,6.86,10.06,0.0,74.82,0.0,74.82,0,0.3333333333333333,1,750,0.0,87.43,74.82,0.0,0.0,0
Proposed_ShieldedQoE,sintel,7,6,4,4,2850,582.7,10.06,9.74,0.0,96.41,21.59,74.82,0,0.2857142857142857,1,750,0.0,87.43,87.43,-12.610000000000014,0.0,0
Proposed_ShieldedQoE,sintel,7,7,1,1,750,1084.0,9.74,10.95,0.0,87.43,8.98,78.45,0,0.25,1,750,0.0,87.43,87.43,-8.980000000000004,0.0,1
Proposed_ShieldedQoE,sintel,7,8,1,1,750,1091.8,10.95,11.01,0.0,87.43,0.0,87.43,0,0.2222222222222222,1,750,0.0,87.43,87.43,0.0,0.0,1
Proposed_ShieldedQoE,sintel,7,9,1,1,750,948.6,11.01,12.61,0.0,87.43,0.0,87.43,0,0.2,2,1200,0.0,95.19,87.43,0.0,0.0,0
Proposed_ShieldedQoE,sintel,7,10,1,1,750,778.8,12.61,14.01,0.0,87.43,0.0,87.43,0,0.18181818181818182,2,1200,0.0,95.19,95.19,-7.759999999999991,0.0,0
Proposed_ShieldedQoE,sintel,7,11,1,1,750,912.3,14.01,15.51,0.0,87.43,0.0,87.43,0,0.16666666666666666,2,1200,0.0,95.19,95.19,-7.759999999999991,0.0,0
Proposed_ShieldedQoE,sintel,7,12,1,1,750,868.3,15.51,15.41,0.0,87.43,0.0,87.43,0,0.15384615384615385,2,1200,0.0,95.19,95.19,-7.759999999999991,0.0,0
Proposed_ShieldedQoE,sintel,7,13,1,1,750,591.5,15.41,16.03,0.0,87.43,0.0,87.43,0,0.14285714285714285,2,1200,0.0,95.19,95.19,-7.759999999999991,0.0,0
Proposed_ShieldedQoE,sintel,7,14,1,1,750,826.8,16.03,18.58,0.0,87.43,0.0,87.43,0,0.13333333333333333,2,1200,0.0,95.19,95.19,-7.759999999999991,0.0,0
Proposed_ShieldedQoE,sintel,7,15,1,1,750,746.7,18.58,20.21,0.0,87.43,0.0,87.43,0,0.125,2,1200,0.0,95.19,95.19,-7.759999999999991,0.0,0
Proposed_ShieldedQoE,sintel,7,16,1,1,750,1083.7,20.21,21.33,0.0,87.43,0.0,87.43,0,0.11764705882352941,2,1200,0.0,95.19,95.19,-7.759999999999991,0.0,0
Proposed_ShieldedQoE,sintel,7,17,1,1,750,314.5,21.33,17.04,0.0,87.43,0.0,87.43,0,0.1111111111111111,1,750,1.17,87.43,74.64,12.790000000000006,-1.17,1
Proposed_ShieldedQoE,sintel,7,18,1,1,750,896.8,17.04,18.29,0.0,87.43,0.0,87.43,0,0.10526315789473684,1,750,0.0,87.43,87.43,0.0,0.0,1
Proposed_ShieldedQoE,sintel,7,19,1,1,750,698.3,18.29,17.61,0.0,87.43,0.0,87.43,0,0.1,1,750,0.0,87.43,87.43,0.0,0.0,1
Proposed_ShieldedQoE,sintel,7,20,1,1,750,821.6,17.61,15.27,0.0,87.43,0.0,87.43,0,0.09523809523809523,1,750,1.763,87.43,79.85,7.5800000000000125,-1.763,1
Proposed_ShieldedQoE,sintel,7,21,1,1,750,866.4,15.27,15.3,0.0,87.43,0.0,87.43,0,0.09090909090909091,1,750,0.0,87.43,87.43,0.0,0.0,1
Proposed_ShieldedQoE,sintel,7,22,1,1,750,1244.4,15.3,17.49,0.0,87.43,0.0,87.43,0,0.08695652173913043,1,750,0.0,87.43,87.43,0.0,0.0,1
Proposed_ShieldedQoE,sintel,7,23,1,1,750,525.3,17.49,13.27,0.0,87.43,0.0,87.43,0,0.08333333333333333,0,300,0.0,74.82,62.21,25.220000000000006,0.0,0
Proposed_ShieldedQoE,sintel,7,24,1,1,750,404.9,13.27,4.0,1.994,87.43,0.0,78.86,0,0.08,0,300,0.0,74.82,74.82,4.040000000000006,1.994,0
Proposed_ShieldedQoE,sintel,7,25,0,0,300,814.0,4.0,6.12,0.0,74.82,12.61,62.21,0,0.07692307692307693,1,750,0.0,87.43,74.82,-12.609999999999992,0.0,0
Proposed_ShieldedQoE,sintel,7,26,0,0,300,719.0,6.12,7.96,0.0,74.82,0.0,74.82,0,0.07407407407407407,1,750,1.266,87.43,81.98,-7.160000000000011,-1.266,0
Proposed_ShieldedQoE,sintel,7,27,0,0,300,932.1,7.96,10.81,0.0,74.82,0.0,74.82,0,0.07142857142857142,1,750,0.0,87.43,87.43,-12.610000000000014,0.0,0
Proposed_ShieldedQoE,sintel,7,28,1,1,750,934.7,10.81,10.06,0.0,87.43,12.61,74.82,0,0.06896551724137931,1,750,0.0,87.43,87.43,-12.610000000000014,0.0,1
Proposed_ShieldedQoE,sintel,7,29,1,1,750,887.2,10.06,12.08,0.0,87.43,0.0,87.43,0,0.06666666666666667,1,750,0.0,87.43,87.43,0.0,0.0,1
Proposed_ShieldedQoE,sintel,7,30,1,1,750,693.7,12.08,14.21,0.0,87.43,0.0,87.43,0,0.06451612903225806,1,750,0.0,87.43,87.43,0.0,0.0,1
Proposed_ShieldedQoE,sintel,7,31,1,1,750,752.9,14.21,16.32,0.0,87.43,0.0,87.43,0,0.0625,1,750,0.0,87.43,87.43,0.0,0.0,1
Proposed_ShieldedQoE,sintel,7,32,1,1,750,320.6,16.32,12.01,0.0,87.43,0.0,87.43,0,0.06060606060606061,1,750,0.0,87.43,87.43,0.0,0.0,1
Proposed_ShieldedQoE,sintel,7,33,1,1,750,577.7,12.01,12.79,0.0,87.43,0.0,87.43,0,0.058823529411764705,1,750,0.0,87.43,87.43,0.0,0.0,1
Proposed_ShieldedQoE,sintel,7,34,1,1,750,952.6,12.79,15.11,0.0,87.43,0.0,87.43,0,0.05714285714285714,1,750,0.0,87.43,87.43,0.0,0.0,1
Proposed_ShieldedQoE,sintel,7,35,1,1,750,730.6,15.11,15.88,0.0,87.43,0.0,87.43,0,0.05555555555555555,1,750,0.0,87.43,87.43,0.0,0.0,1
Proposed_ShieldedQoE,sintel,7,36,1,1,750,1298.9,15.88,17.24,0.0,87.43,0.0,87.43,0,0.05405405405405406,1,750,0.0,87.43,87.43,0.0,0.0,1
Proposed_ShieldedQoE,sintel,7,37,1,1,750,1115.9,17.24,18.9,0.0,87.43,0.0,87.43,0,0.05263157894736842,1,750,0.0,87.43,87.43,0.0,0.0,1
Proposed_ShieldedQoE,sintel,7,38,1,1,750,385.1,18.9,14.27,0.0,87.43,0.0,87.43,0,0.05128205128205128,1,750,0.0,87.43,87.43,0.0,0.0,1
Proposed_ShieldedQoE,sintel,7,39,1,1,750,838.5,14.27,14.1,0.0,87.43,0.0,87.43,0,0.05,1,750,0.0,87.43,87.43,0.0,0.0,1
Proposed_ShieldedQoE,sintel,7,40,1,1,750,804.9,14.1,11.61,0.0,87.43,0.0,87.43,0,0.04878048780487805,1,750,0.0,87.43,87.43,0.0,0.0,1
Proposed_ShieldedQoE,sintel,7,41,1,1,750,942.1,11.61,11.25,0.0,87.43,0.0,87.43,0,0.047619047619047616,1,750,0.0,87.43,87.43,0.0,0.0,1
Proposed_ShieldedQoE,sintel,7,42,1,1,750,999.5,11.25,12.26,0.0,87.43,0.0,87.43,0,0.046511627906976744,1,750,0.0,87.43,87.43,0.0,0.0,1
Proposed_ShieldedQoE,sintel,7,43,1,1,750,1003.0,12.26,14.02,0.0,87.43,0.0,87.43,0,0.045454545454545456,1,750,0.0,87.43,87.43,0.0,0.0,1
Proposed_ShieldedQoE,sintel,7,44,1,1,750,835.4,14.02,10.95,0.0,87.43,0.0,87.43,0,0.044444444444444446,1,750,0.0,87.43,87.43,0.0,0.0,1
Proposed_ShieldedQoE,sintel,7,45,1,1,750,797.9,10.95,10.62,0.0,87.43,0.0,87.43,0,0.043478260869565216,1,750,0.0,87.43,87.43,0.0,0.0,1
Proposed_ShieldedQoE,sintel,7,46,1,1,750,967.8,10.62,10.8,0.0,87.43,0.0,87.43,0,0.0425531914893617,1,750,0.0,87.43,87.43,0.0,0.0,1
Proposed_ShieldedQoE,sintel,7,47,1,1,750,875.4,10.8,11.14,0.0,87.43,0.0,87.43,0,0.041666666666666664,1,750,0.0,87.43,87.43,0.0,0.0,1
Proposed_ShieldedQoE,sintel,8,0,1,0,300,891.0,2.97,4.0,0.011,74.82,0.0,74.77,1,1.0,0,300,0.011,74.82,74.77,0.0,0.0,1
Proposed_ShieldedQoE,sintel,8,1,0,0,300,891.2,4.0,6.47,0.0,74.82,0.0,74.82,0,0.5,1,750,0.0,87.43,74.82,0.0,0.0,0
Proposed_ShieldedQoE,sintel,8,2,0,0,300,890.8,6.47,8.95,0.0,74.82,0.0,74.82,0,0.3333333333333333,1,750,0.0,87.43,87.43,-12.610000000000014,0.0,0
Proposed_ShieldedQoE,sintel,8,3,1,1,750,879.8,8.95,9.01,0.0,87.43,12.61,74.82,0,0.25,1,750,0.0,87.43,87.43,-12.610000000000014,0.0,1
Proposed_ShieldedQoE,sintel,8,4,1,1,750,841.8,9.01,4.99,0.0,87.43,0.0,87.43,0,0.2,1,750,3.586,87.43,72.01,15.420000000000002,-3.586,1
Proposed_ShieldedQoE,sintel,8,5,1,1,750,900.4,4.99,6.65,0.0,87.43,0.0,87.43,0,0.16666666666666666,1,750,0.0,87.43,87.43,0.0,0.0,1
Proposed_ShieldedQoE,sintel,8,6,1,1,750,897.6,6.65,7.84,0.0,87.43,0.0,87.43,0,0.14285714285714285,1,750,0.0,87.43,87.43,0.0,0.0,1
Proposed_ShieldedQoE,sintel,8,7,1,1,750,884.1,7.84,8.42,0.0,87.43,0.0,87.43,0,0.125,1,750,0.0,87.43,87.43,0.0,0.0,1
Proposed_ShieldedQoE,sintel,8,8,1,1,750,901.1,8.42,7.65,0.0,87.43,0.0,87.43,0,0.1111111111111111,1,750,0.0,87.43,87.43,0.0,0.0,1
Proposed_ShieldedQoE,sintel,8,9,1,1,750,882.9,7.65,9.07,0.0,87.43,0.0,87.43,0,0.1,2,1200,0.0,95.19,87.43,0.0,0.0,0
Proposed_ShieldedQoE,sintel,8,10,1,1,750,901.2,9.07,10.83,0.0,87.43,0.0,87.43,0,0.09090909090909091,2,1200,0.0,95.19,95.19,-7.759999999999991,0.0,0
Proposed_ShieldedQoE,sintel,8,11,1,1,750,900.7,10.83,12.3,0.0,87.43,0.0,87.43,0,0.08333333333333333,2,1200,0.0,95.19,95.19,-7.759999999999991,0.0,0
Proposed_ShieldedQoE,sintel,8,12,1,1,750,901.6,12.3,12.34,0.0,87.43,0.0,87.43,0,0.07692307692307693,2,1200,0.0,95.19,95.19,-7.759999999999991,0.0,0
Proposed_ShieldedQoE,sintel,8,13,1,1,750,900.5,12.34,14.12,0.0,87.43,0.0,87.43,0,0.07142857142857142,2,1200,0.0,95.19,95.19,-7.759999999999991,0.0,0
Proposed_ShieldedQoE,sintel,8,14,1,1,750,900.3,14.12,16.79,0.0,87.43,0.0,87.43,0,0.06666666666666667,2,1200,0.0,95.19,95.19,-7.759999999999991,0.0,0
Proposed_ShieldedQoE,sintel,8,15,1,1,750,897.1,16.79,18.81,0.0,87.43,0.0,87.43,0,0.0625,2,1200,0.0,95.19,95.19,-7.759999999999991,0.0,0
Proposed_ShieldedQoE,sintel,8,16,1,1,750,902.5,18.81,19.36,0.0,87.43,0.0,87.43,0,0.058823529411764705,2,1200,0.0,95.19,95.19,-7.759999999999991,0.0,0
Proposed_ShieldedQoE,sintel,8,17,1,1,750,807.4,19.36,20.13,0.0,87.43,0.0,87.43,0,0.05555555555555555,1,750,0.0,87.43,79.67,7.760000000000005,0.0,1
Proposed_ShieldedQoE,sintel,8,18,1,1,750,902.0,20.13,21.4,0.0,87.43,0.0,87.43,0,0.05263157894736842,1,750,0.0,87.43,87.43,0.0,0.0,1
Proposed_ShieldedQoE,sintel,8,19,1,1,750,900.4,21.4,21.77,0.0,87.43,0.0,87.43,0,0.05,1,750,0.0,87.43,87.43,0.0,0.0,1
Proposed_ShieldedQoE,sintel,8,20,1,1,750,902.0,21.77,20.0,0.0,87.43,0.0,87.43,0,0.047619047619047616,1,750,0.0,87.43,87.43,0.0,0.0,1
Proposed_ShieldedQoE,sintel,8,21,1,1,750,901.2,20.0,20.18,0.0,87.43,0.0,87.43,0,0.045454545454545456,1,750,0.0,87.43,87.43,0.0,0.0,1
Proposed_ShieldedQoE,sintel,8,22,1,1,750,900.6,20.18,21.67,0.0,87.43,0.0,87.43,0,0.043478260869565216,1,750,0.0,87.43,87.43,0.0,0.0,1
Proposed_ShieldedQoE,sintel,8,23,1,1,750,902.1,21.67,20.89,0.0,87.43,0.0,87.43,0,0.041666666666666664,1,750,0.0,87.43,87.43,0.0,0.0,1
Proposed_ShieldedQoE,sintel,8,24,1,1,750,901.1,20.89,18.03,0.0,87.43,0.0,87.43,0,0.04,1,750,0.0,87.43,87.43,0.0,0.0,1
Proposed_ShieldedQoE,sintel,8,25,1,1,750,899.4,18.03,17.78,0.0,87.43,0.0,87.43,0,0.038461538461538464,1,750,0.0,87.43,87.43,0.0,0.0,1
Proposed_ShieldedQoE,sintel,8,26,1,1,750,823.2,17.78,17.07,0.0,87.43,0.0,87.43,0,0.037037037037037035,1,750,0.088,87.43,87.05,0.38000000000000966,-0.088,1
Proposed_ShieldedQoE,sintel,8,27,1,1,750,901.4,17.07,18.08,0.0,87.43,0.0,87.43,0,0.03571428571428571,1,750,0.0,87.43,87.43,0.0,0.0,1
Proposed_ShieldedQoE,sintel,8,28,1,1,750,901.5,18.08,17.15,0.0,87.43,0.0,87.43,0,0.034482758620689655,1,750,0.0,87.43,87.43,0.0,0.0,1
Proposed_ShieldedQoE,sintel,8,29,1,1,750,900.7,17.15,19.21,0.0,87.43,0.0,87.43,0,0.03333333333333333,2,1200,0.0,95.19,87.43,0.0,0.0,0
Proposed_ShieldedQoE,sintel,8,30,5,5,6000,899.6,19.21,20.9,0.0,97.71,10.28,87.43,0,0.03225806451612903,2,1200,0.0,95.19,95.19,-7.759999999999991,0.0,0
Proposed_ShieldedQoE,sintel,8,31,2,2,1200,902.2,20.9,22.37,0.0,95.19,2.52,92.67,0,0.03125,2,1200,0.0,95.19,95.19,-2.519999999999996,0.0,1
Proposed_ShieldedQoE,sintel,8,32,2,2,1200,900.9,22.37,21.64,0.0,95.19,0.0,95.19,0,0.030303030303030304,2,1200,0.0,95.19,95.19,0.0,0.0,1
Proposed_ShieldedQoE,sintel,8,33,2,2,1200,894.7,21.64,22.32,0.0,95.19,0.0,95.19,0,0.029411764705882353,2,1200,0.0,95.19,95.19,0.0,0.0,1
Proposed_ShieldedQoE,sintel,8,34,2,2,1200,901.3,22.32,23.48,0.0,95.19,0.0,95.19,0,0.02857142857142857,2,1200,0.0,95.19,95.19,0.0,0.0,1
Proposed_ShieldedQoE,sintel,8,35,2,2,1200,902.2,23.48,23.29,0.0,95.19,0.0,95.19,0,0.027777777777777776,2,1200,0.0,95.19,95.19,0.0,0.0,1
Proposed_ShieldedQoE,sintel,8,36,2,2,1200,901.0,23.29,21.19,0.0,95.19,0.0,95.19,0,0.02702702702702703,2,1200,0.0,95.19,95.19,0.0,0.0,1
Proposed_ShieldedQoE,sintel,8,37,2,2,1200,901.0,21.19,20.56,0.0,95.19,0.0,95.19,0,0.02631578947368421,2,1200,0.0,95.19,95.19,0.0,0.0,1
Proposed_ShieldedQoE,sintel,8,38,2,2,1200,901.5,20.56,18.66,0.0,95.19,0.0,95.19,0,0.02564102564102564,1,750,0.0,87.43,79.67,15.519999999999996,0.0,0
Proposed_ShieldedQoE,sintel,8,39,2,2,1200,871.6,18.66,16.25,0.0,95.19,0.0,95.19,0,0.025,1,750,0.0,87.43,87.43,7.759999999999991,0.0,0
Proposed_ShieldedQoE,sintel,8,40,1,1,750,901.6,16.25,14.45,0.0,87.43,7.76,79.67,0,0.024390243902439025,1,750,0.0,87.43,87.43,-7.760000000000005,0.0,1
Proposed_ShieldedQoE,sintel,8,41,1,1,750,901.8,14.45,13.89,0.0,87.43,0.0,87.43,0,0.023809523809523808,1,750,0.0,87.43,87.43,0.0,0.0,1
Proposed_ShieldedQoE,sintel,8,42,1,1,750,901.0,13.89,14.57,0.0,87.43,0.0,87.43,0,0.023255813953488372,1,750,0.0,87.43,87.43,0.0,0.0,1
Proposed_ShieldedQoE,sintel,8,43,1,1,750,900.8,14.57,16.08,0.0,87.43,0.0,87.43,0,0.022727272727272728,1,750,0.0,87.43,87.43,0.0,0.0,1
Proposed_ShieldedQoE,sintel,8,44,1,1,750,900.8,16.08,13.52,0.0,87.43,0.0,87.43,0,0.022222222222222223,1,750,0.097,87.43,87.01,0.4200000000000017,-0.097,1
Proposed_ShieldedQoE,sintel,8,45,1,1,750,901.8,13.52,13.69,0.0,87.43,0.0,87.43,0,0.021739130434782608,1,750,0.0,87.43,87.43,0.0,0.0,1
Proposed_ShieldedQoE,sintel,8,46,1,1,750,900.7,13.69,13.59,0.0,87.43,0.0,87.43,0,0.02127659574468085,1,750,0.0,87.43,87.43,0.0,0.0,1
Proposed_ShieldedQoE,sintel,8,47,1,1,750,900.7,13.59,14.03,0.0,87.43,0.0,87.43,0,0.020833333333333332,1,750,0.0,87.43,87.43,0.0,0.0,1
Proposed_ShieldedQoE,sintel,9,0,1,0,300,1125.3,1.22,4.0,1.142,74.82,0.0,69.91,1,1.0,0,300,1.142,74.82,69.91,0.0,0.0,1
Proposed_ShieldedQoE,sintel,9,1,0,0,300,956.1,4.0,6.57,0.0,74.82,0.0,74.82,0,0.5,1,750,0.0,87.43,74.82,0.0,0.0,0
Proposed_ShieldedQoE,sintel,9,2,0,0,300,823.4,6.57,8.93,0.0,74.82,0.0,74.82,0,0.3333333333333333,1,750,0.0,87.43,87.43,-12.610000000000014,0.0,0
Proposed_ShieldedQoE,sintel,9,3,0,0,300,1207.6,8.93,11.79,0.0,74.82,0.0,74.82,0,0.25,1,750,0.0,87.43,87.43,-12.610000000000014,0.0,0
Proposed_ShieldedQoE,sintel,9,4,1,1,750,1173.0,11.79,10.02,0.0,87.43,12.61,74.82,0,0.2,1,750,0.298,87.43,86.15,-11.330000000000013,-0.298,1
Proposed_ShieldedQoE,sintel,9,5,1,1,750,1203.8,10.02,12.28,0.0,87.43,0.0,87.43,0,0.16666666666666666,2,1200,0.0,95.19,87.43,0.0,0.0,0
Proposed_ShieldedQoE,sintel,9,6,1,1,750,1089.3,12.28,13.96,0.0,87.43,0.0,87.43,0,0.14285714285714285,2,1200,0.0,95.19,95.19,-7.759999999999991,0.0,0
Proposed_ShieldedQoE,sintel,9,7,1,1,750,1211.6,13.96,15.47,0.0,87.43,0.0,87.43,0,0.125,2,1200,0.0,95.19,95.19,-7.759999999999991,0.0,0
Proposed_ShieldedQoE,sintel,9,8,1,1,750,1178.5,15.47,15.82,0.0,87.43,0.0,87.43,0,0.1111111111111111,2,1200,0.332,95.19,93.76,-6.329999999999998,-0.332,0
Proposed_ShieldedQoE,sintel,9,9,5,5,6000,1006.7,15.82,16.2,0.0,97.71,10.28,87.43,0,0.1,2,1200,0.0,95.19,95.19,-7.759999999999991,0.0,0
Proposed_ShieldedQoE,sintel,9,10,2,2,1200,1247.8,16.2,17.61,0.0,95.19,2.52,92.67,0,0.09090909090909091,2,1200,0.0,95.19,95.19,-2.519999999999996,0.0,1
Proposed_ShieldedQoE,sintel,9,11,2,2,1200,763.9,17.61,16.83,0.0,95.19,0.0,95.19,0,0.08333333333333333,2,1200,0.0,95.19,95.19,0.0,0.0,1
Proposed_ShieldedQoE,sintel,9,12,2,2,1200,1168.9,16.83,15.96,0.0,95.19,0.0,95.19,0,0.07692307692307693,2,1200,0.0,95.19,95.19,0.0,0.0,1
Proposed_ShieldedQoE,sintel,9,13,2,2,1200,1211.6,15.96,17.32,0.0,95.19,0.0,95.19,0,0.07142857142857142,2,1200,0.0,95.19,95.19,0.0,0.0,1
Proposed_ShieldedQoE,sintel,9,14,2,2,1200,969.1,17.32,19.34,0.0,95.19,0.0,95.19,0,0.06666666666666667,2,1200,0.0,95.19,95.19,0.0,0.0,1
Proposed_ShieldedQoE,sintel,9,15,2,2,1200,1127.2,19.34,20.82,0.0,95.19,0.0,95.19,0,0.0625,2,1200,0.0,95.19,95.19,0.0,0.0,1
Proposed_ShieldedQoE,sintel,9,16,2,2,1200,1159.4,20.82,20.52,0.0,95.19,0.0,95.19,0,0.058823529411764705,2,1200,0.0,95.19,95.19,0.0,0.0,1
Proposed_ShieldedQoE,sintel,9,17,2,2,1200,561.7,20.52,17.09,0.0,95.19,0.0,95.19,0,0.05555555555555555,1,750,0.0,87.43,79.67,15.519999999999996,0.0,0
Proposed_ShieldedQoE,sintel,9,18,1,1,750,1222.0,17.09,19.07,0.0,87.43,7.76,79.67,0,0.05263157894736842,1,750,0.0,87.43,87.43,-7.760000000000005,0.0,1
Proposed_ShieldedQoE,sintel,9,19,1,1,750,1103.6,19.07,20.11,0.0,87.43,0.0,87.43,0,0.05,1,750,0.0,87.43,87.43,0.0,0.0,1
Proposed_ShieldedQoE,sintel,9,20,1,1,750,1120.9,20.11,19.47,0.0,87.43,0.0,87.43,0,0.047619047619047616,1,750,0.0,87.43,87.43,0.0,0.0,1
Proposed_ShieldedQoE,sintel,9,21,1,1,750,1012.5,19.47,20.07,0.0,87.43,0.0,87.43,0,0.045454545454545456,1,750,0.0,87.43,87.43,0.0,0.0,1
Proposed_ShieldedQoE,sintel,9,22,1,1,750,1122.2,20.07,22.06,0.0,87.43,0.0,87.43,0,0.043478260869565216,1,750,0.0,87.43,87.43,0.0,0.0,1
Proposed_ShieldedQoE,sintel,9,23,1,1,750,972.2,22.06,21.62,0.0,87.43,0.0,87.43,0,0.041666666666666664,1,750,0.0,87.43,87.43,0.0,0.0,1
Proposed_ShieldedQoE,sintel,9,24,1,1,750,917.8,21.62,18.88,0.0,87.43,0.0,87.43,0,0.04,1,750,0.0,87.43,87.43,0.0,0.0,1
Proposed_ShieldedQoE,sintel,9,25,1,1,750,1228.1,18.88,19.77,0.0,87.43,0.0,87.43,0,0.038461538461538464,1,750,0.0,87.43,87.43,0.0,0.0,1
Proposed_ShieldedQoE,sintel,9,26,1,1,750,1187.8,19.77,20.51,0.0,87.43,0.0,87.43,0,0.037037037037037035,1,750,0.0,87.43,87.43,0.0,0.0,1
Proposed_ShieldedQoE,sintel,9,27,5,5,6000,983.4,20.51,20.12,0.0,97.71,10.28,87.43,0,0.03571428571428571,1,750,0.0,87.43,87.43,0.0,0.0,0
Proposed_ShieldedQoE,sintel,9,28,2,2,1200,1268.5,20.12,18.52,0.0,95.19,2.52,92.67,0,0.034482758620689655,1,750,0.0,87.43,87.43,5.239999999999995,0.0,0
Proposed_ShieldedQoE,sintel,9,29,2,2,1200,1089.4,18.52,19.95,0.0,95.19,0.0,95.19,0,0.03333333333333333,1,750,0.0,87.43,87.43,7.759999999999991,0.0,0
Proposed_ShieldedQoE,sintel,9,30,5,5,6000,660.9,19.95,19.1,0.0,97.71,2.52,95.19,0,0.03225806451612903,1,750,0.0,87.43,87.43,7.759999999999991,0.0,0
Proposed_ShieldedQoE,sintel,9,31,1,1,750,380.2,19.1,17.1,0.0,87.43,10.28,77.15,0,0.03125,1,750,0.0,87.43,87.43,-10.280000000000001,0.0,1
Proposed_ShieldedQoE,sintel,9,32,1,1,750,1075.2,17.1,18.62,0.0,87.43,0.0,87.43,0,0.030303030303030304,1,750,0.0,87.43,87.43,0.0,0.0,1
Proposed_ShieldedQoE,sintel,9,33,1,1,750,113.5,18.62,6.24,0.0,87.43,0.0,87.43,0,0.029411764705882353,0,300,0.0,74.82,62.21,25.220000000000006,0.0,0
Proposed_ShieldedQoE,sintel,9,34,1,0,300,1047.7,6.24,9.63,0.0,74.82,12.61,62.21,1,0.05714285714285714,1,750,0.0,87.43,74.82,-12.609999999999992,0.0,0
Proposed_ShieldedQoE,sintel,9,35,4,4,2850,711.3,9.63,10.31,0.0,96.41,21.59,74.82,0,0.05555555555555555,1,750,0.0,87.43,87.43,-12.610000000000014,0.0,0
Proposed_ShieldedQoE,sintel,9,36,1,1,750,569.9,10.31,8.28,0.0,87.43,8.98,78.45,0,0.05405405405405406,1,750,0.0,87.43,87.43,-8.980000000000004,0.0,1
Proposed_ShieldedQoE,sintel,9,37,1,1,750,1169.5,8.28,10.05,0.0,87.43,0.0,87.43,0,0.05263157894736842,1,750,0.0,87.43,87.43,0.0,0.0,1
Proposed_ShieldedQoE,sintel,9,38,1,1,750,1241.1,10.05,11.38,0.0,87.43,0.0,87.43,0,0.05128205128205128,1,750,0.0,87.43,87.43,0.0,0.0,1
Proposed_ShieldedQoE,sintel,9,39,1,1,750,1033.7,11.38,12.0,0.0,87.43,0.0,87.43,0,0.05,1,750,0.0,87.43,87.43,0.0,0.0,1
Proposed_ShieldedQoE,sintel,9,40,1,1,750,994.4,12.0,10.74,0.0,87.43,0.0,87.43,0,0.04878048780487805,1,750,0.0,87.43,87.43,0.0,0.0,1
Proposed_ShieldedQoE,sintel,9,41,1,1,750,298.9,10.74,4.0,3.0,87.43,0.0,74.53,0,0.047619047619047616,1,750,0.0,87.43,87.43,-12.900000000000006,3.0,1
Proposed_ShieldedQoE,sintel,9,42,0,0,300,1043.3,4.0,6.85,0.0,74.82,12.61,62.21,0,0.046511627906976744,1,750,0.0,87.43,87.43,-25.220000000000006,0.0,0
Proposed_ShieldedQoE,sintel,9,43,4,0,300,265.1,6.85,7.46,0.0,74.82,0.0,74.82,1,0.06818181818181818,1,750,0.0,87.43,87.43,-12.610000000000014,0.0,0
Proposed_ShieldedQoE,sintel,9,44,0,0,300,992.9,7.46,9.08,0.0,74.82,0.0,74.82,0,0.06666666666666667,1,750,0.0,87.43,87.43,-12.610000000000014,0.0,0
Proposed_ShieldedQoE,sintel,9,45,1,1,750,921.1,9.08,9.33,0.0,87.43,12.61,74.82,0,0.06521739130434782,1,750,0.0,87.43,87.43,-12.610000000000014,0.0,1
Proposed_ShieldedQoE,sintel,9,46,1,1,750,629.3,9.33,7.46,0.0,87.43,0.0,87.43,0,0.06382978723404255,1,750,0.189,87.43,86.62,0.8100000000000023,-0.189,1
Proposed_ShieldedQoE,sintel,9,47,1,1,750,945.5,7.46,8.07,0.0,87.43,0.0,87.43,0,0.0625,1,750,0.0,87.43,87.43,0.0,0.0,1
Proposed_ShieldedQoE,sintel,10,0,1,0,300,956.3,1.02,4.0,1.756,74.82,0.0,67.27,1,1.0,0,300,1.756,74.82,67.27,0.0,0.0,1
Proposed_ShieldedQoE,sintel,10,1,0,0,300,1160.2,4.0,6.82,0.0,74.82,0.0,74.82,0,0.5,1,750,0.0,87.43,74.82,0.0,0.0,0
Proposed_ShieldedQoE,sintel,10,2,4,3,1850,1012.1,6.82,7.49,0.0,95.31,20.49,74.82,1,0.6666666666666666,1,750,0.0,87.43,87.43,-12.610000000000014,0.0,0
Proposed_ShieldedQoE,sintel,10,3,1,1,750,1129.0,7.49,8.42,0.0,87.43,7.88,79.55,0,0.5,1,750,0.0,87.43,87.43,-7.88000000000001,0.0,1
Proposed_ShieldedQoE,sintel,10,4,1,1,750,847.8,8.42,4.45,0.0,87.43,0.0,87.43,0,0.4,1,750,1.317,87.43,81.77,5.660000000000011,-1.317,1
Proposed_ShieldedQoE,sintel,10,5,1,1,750,792.3,4.45,5.8,0.0,87.43,0.0,87.43,0,0.3333333333333333,1,750,0.0,87.43,87.43,0.0,0.0,1
Proposed_ShieldedQoE,sintel,10,6,1,1,750,471.8,5.8,4.46,0.0,87.43,0.0,87.43,0,0.2857142857142857,1,750,0.0,87.43,87.43,0.0,0.0,1
Proposed_ShieldedQoE,sintel,10,7,1,1,750,893.2,4.46,5.07,0.0,87.43,0.0,87.43,0,0.25,1,750,0.0,87.43,87.43,0.0,0.0,1
Proposed_ShieldedQoE,sintel,10,8,1,1,750,1029.0,5.07,4.89,0.0,87.43,0.0,87.43,0,0.2222222222222222,1,750,0.0,87.43,87.43,0.0,0.0,1
Proposed_ShieldedQoE,sintel,10,9,1,1,750,528.2,4.89,4.58,0.0,87.43,0.0,87.43,0,0.2,1,750,0.0,87.43,87.43,0.0,0.0,1
Proposed_ShieldedQoE,sintel,10,10,1,1,750,754.5,4.58,5.9,0.0,87.43,0.0,87.43,0,0.18181818181818182,1,750,0.0,87.43,87.43,0.0,0.0,1
Proposed_ShieldedQoE,sintel,10,11,1,1,750,815.3,5.9,7.11,0.0,87.43,0.0,87.43,0,0.16666666666666666,1,750,0.0,87.43,87.43,0.0,0.0,1
Proposed_ShieldedQoE,sintel,10,12,1,1,750,721.2,7.11,6.17,0.0,87.43,0.0,87.43,0,0.15384615384615385,1,750,0.0,87.43,87.43,0.0,0.0,1
Proposed_ShieldedQoE,sintel,10,13,1,1,750,534.2,6.17,6.43,0.0,87.43,0.0,87.43,0,0.14285714285714285,1,750,0.0,87.43,87.43,0.0,0.0,1
Proposed_ShieldedQoE,sintel,10,14,1,1,750,587.3,6.43,8.38,0.0,87.43,0.0,87.43,0,0.13333333333333333,1,750,0.0,87.43,87.43,0.0,0.0,1
Proposed_ShieldedQoE,sintel,10,15,1,1,750,713.5,8.38,9.9,0.0,87.43,0.0,87.43,0,0.125,1,750,0.0,87.43,87.43,0.0,0.0,1
Proposed_ShieldedQoE,sintel,10,16,1,1,750,503.6,9.9,7.71,0.0,87.43,0.0,87.43,0,0.11764705882352941,0,300,0.0,74.82,62.21,25.220000000000006,0.0,0
Proposed_ShieldedQoE,sintel,10,17,1,1,750,282.3,7.71,4.0,1.529,87.43,0.0,80.85,0,0.1111111111111111,0,300,0.0,74.82,74.82,6.030000000000001,1.529,0
Proposed_ShieldedQoE,sintel,10,18,1,0,300,343.5,4.0,5.13,0.0,74.82,12.61,62.21,1,0.15789473684210525,0,300,0.0,74.82,74.82,-12.609999999999992,0.0,1
Proposed_ShieldedQoE,sintel,10,19,0,0,300,533.8,5.13,6.68,0.0,74.82,0.0,74.82,0,0.15,0,300,0.0,74.82,74.82,0.0,0.0,1
Proposed_ShieldedQoE,sintel,10,20,0,0,300,775.6,6.68,8.0,0.0,74.82,0.0,74.82,0,0.14285714285714285,0,300,0.0,74.82,74.82,0.0,0.0,1
Proposed_ShieldedQoE,sintel,10,21,0,0,300,576.4,8.0,9.61,0.0,74.82,0.0,74.82,0,0.13636363636363635,0,300,0.0,74.82,74.82,0.0,0.0,1
Proposed_ShieldedQoE,sintel,10,22,0,0,300,502.9,9.61,11.81,0.0,74.82,0.0,74.82,0,0.13043478260869565,0,300,0.0,74.82,74.82,0.0,0.0,1
Proposed_ShieldedQoE,sintel,10,23,0,0,300,487.7,11.81,12.27,0.0,74.82,0.0,74.82,0,0.125,0,300,0.0,74.82,74.82,0.0,0.0,1
Proposed_ShieldedQoE,sintel,10,24,0,0,300,400.4,12.27,10.1,0.0,74.82,0.0,74.82,0,0.12,0,300,0.0,74.82,74.82,0.0,0.0,1
Proposed_ShieldedQoE,sintel,10,25,0,0,300,446.7,10.1,10.67,0.0,74.82,0.0,74.82,0,0.11538461538461539,0,300,0.0,74.82,74.82,0.0,0.0,1
Proposed_ShieldedQoE,sintel,10,26,0,0,300,1006.1,10.67,13.13,0.0,74.82,0.0,74.82,0,0.1111111111111111,1,750,0.0,87.43,74.82,0.0,0.0,0
Proposed_ShieldedQoE,sintel,10,27,4,4,2850,845.8,13.13,13.95,0.0,96.41,21.59,74.82,0,0.10714285714285714,1,750,0.0,87.43,87.43,-12.610000000000014,0.0,0
Proposed_ShieldedQoE,sintel,10,28,1,1,750,633.0,13.95,10.93,0.0,87.43,8.98,78.45,0,0.10344827586206896,1,750,0.0,87.43,87.43,-8.980000000000004,0.0,1
Proposed_ShieldedQoE,sintel,10,29,1,1,750,1261.3,10.93,13.54,0.0,87.43,0.0,87.43,0,0.1,2,1200,0.0,95.19,87.43,0.0,0.0,0
Proposed_ShieldedQoE,sintel,10,30,1,1,750,1113.3,13.54,16.38,0.0,87.43,0.0,87.43,0,0.0967741935483871,2,1200,0.0,95.19,95.19,-7.759999999999991,0.0,0
Proposed_ShieldedQoE,sintel,10,31,5,5,6000,596.7,16.38,16.55,0.0,97.71,10.28,87.43,0,0.09375,2,1200,0.0,95.19,95.19,-7.759999999999991,0.0,0
Proposed_ShieldedQoE,sintel,10,32,2,2,1200,627.1,16.55,13.76,0.0,95.19,2.52,92.67,0,0.09090909090909091,2,1200,0.0,95.19,95.19,-2.519999999999996,0.0,1
Proposed_ShieldedQoE,sintel,10,33,2,2,1200,882.9,13.76,14.39,0.0,95.19,0.0,95.19,0,0.08823529411764706,2,1200,0.0,95.19,95.19,0.0,0.0,1
Proposed_ShieldedQoE,sintel,10,34,2,2,1200,1234.7,14.39,16.32,0.0,95.19,0.0,95.19,0,0.08571428571428572,2,1200,0.0,95.19,95.19,0.0,0.0,1
Proposed_ShieldedQoE,sintel,10,35,2,2,1200,1061.1,16.32,16.76,0.0,95.19,0.0,95.19,0,0.08333333333333333,2,1200,0.0,95.19,95.19,0.0,0.0,1
Proposed_ShieldedQoE,sintel,10,36,2,2,1200,972.2,16.76,15.1,0.0,95.19,0.0,95.19,0,0.08108108108108109,1,750,0.0,87.43,79.67,15.519999999999996,0.0,0
Proposed_ShieldedQoE,sintel,10,37,2,2,1200,682.0,15.1,12.98,0.0,95.19,0.0,95.19,0,0.07894736842105263,1,750,0.0,87.43,87.43,7.759999999999991,0.0,0
Proposed_ShieldedQoE,sintel,10,38,1,1,750,609.2,12.98,11.53,0.0,87.43,7.76,79.67,0,0.07692307692307693,1,750,0.0,87.43,87.43,-7.760000000000005,0.0,1
Proposed_ShieldedQoE,sintel,10,39,1,1,750,468.4,11.53,8.07,0.0,87.43,0.0,87.43,0,0.075,1,750,0.0,87.43,87.43,0.0,0.0,1
Proposed_ShieldedQoE,sintel,10,40,1,1,750,1047.2,8.07,7.08,0.0,87.43,0.0,87.43,0,0.07317073170731707,1,750,0.0,87.43,87.43,0.0,0.0,1
Proposed_ShieldedQoE,sintel,10,41,1,1,750,819.8,7.08,6.07,0.0,87.43,0.0,87.43,0,0.07142857142857142,1,750,0.0,87.43,87.43,0.0,0.0,1
Proposed_ShieldedQoE,sintel,10,42,1,1,750,534.5,6.07,4.47,0.0,87.43,0.0,87.43,0,0.06976744186046512,1,750,0.0,87.43,87.43,0.0,0.0,1
Proposed_ShieldedQoE,sintel,10,43,1,1,750,669.7,4.47,5.12,0.0,87.43,0.0,87.43,0,0.06818181818181818,1,750,0.0,87.43,87.43,0.0,0.0,1
Proposed_ShieldedQoE,sintel,10,44,1,1,750,762.5,5.12,4.0,2.627,87.43,0.0,76.13,0,0.06666666666666667,1,750,0.0,87.43,87.43,-11.300000000000011,2.627,1
Proposed_ShieldedQoE,sintel,10,45,1,0,300,468.7,4.0,5.05,0.0,74.82,12.61,62.21,1,0.08695652173913043,1,750,0.0,87.43,87.43,-25.220000000000006,0.0,0
Proposed_ShieldedQoE,sintel,10,46,0,0,300,706.1,5.05,6.96,0.0,74.82,0.0,74.82,0,0.0851063829787234,1,750,0.0,87.43,87.43,-12.610000000000014,0.0,0
Proposed_ShieldedQoE,sintel,10,47,0,0,300,703.9,6.96,9.14,0.0,74.82,0.0,74.82,0,0.08333333333333333,1,750,0.0,87.43,87.43,-12.610000000000014,0.0,0
Proposed_ShieldedQoE,sintel,11,0,1,0,300,897.2,1.75,4.0,1.21,74.82,0.0,69.62,1,1.0,0,300,1.21,74.82,69.62,0.0,0.0,1
Proposed_ShieldedQoE,sintel,11,1,0,0,300,950.5,4.0,6.56,0.0,74.82,0.0,74.82,0,0.5,1,750,0.0,87.43,74.82,0.0,0.0,0
Proposed_ShieldedQoE,sintel,11,2,0,0,300,950.5,6.56,9.14,0.0,74.82,0.0,74.82,0,0.3333333333333333,1,750,0.0,87.43,87.43,-12.610000000000014,0.0,0
Proposed_ShieldedQoE,sintel,11,3,4,4,2850,950.5,9.14,9.5,0.0,96.41,21.59,74.82,0,0.25,1,750,0.0,87.43,87.43,-12.610000000000014,0.0,0
Proposed_ShieldedQoE,sintel,11,4,1,1,750,950.5,9.5,6.39,0.0,87.43,8.98,78.45,0,0.2,1,750,1.898,87.43,79.27,-0.8199999999999932,-1.898,1
Proposed_ShieldedQoE,sintel,11,5,1,1,750,950.5,6.39,8.17,0.0,87.43,0.0,87.43,0,0.16666666666666666,1,750,0.0,87.43,87.43,0.0,0.0,1
Proposed_ShieldedQoE,sintel,11,6,1,1,750,950.5,8.17,9.52,0.0,87.43,0.0,87.43,0,0.14285714285714285,1,750,0.0,87.43,87.43,0.0,0.0,1
Proposed_ShieldedQoE,sintel,11,7,1,1,750,950.5,9.52,10.34,0.0,87.43,0.0,87.43,0,0.125,1,750,0.0,87.43,87.43,0.0,0.0,1
Proposed_ShieldedQoE,sintel,11,8,1,1,750,941.2,10.34,9.77,0.0,87.43,0.0,87.43,0,0.1111111111111111,1,750,0.0,87.43,87.43,0.0,0.0,1
Proposed_ShieldedQoE,sintel,11,9,1,1,750,950.5,9.77,11.38,0.0,87.43,0.0,87.43,0,0.1,2,1200,0.0,95.19,87.43,0.0,0.0,0
Proposed_ShieldedQoE,sintel,11,10,1,1,750,950.5,11.38,13.25,0.0,87.43,0.0,87.43,0,0.09090909090909091,2,1200,0.0,95.19,95.19,-7.759999999999991,0.0,0
Proposed_ShieldedQoE,sintel,11,11,1,1,750,950.5,13.25,14.85,0.0,87.43,0.0,87.43,0,0.08333333333333333,2,1200,0.0,95.19,95.19,-7.759999999999991,0.0,0
Proposed_ShieldedQoE,sintel,11,12,1,1,750,950.5,14.85,15.1,0.0,87.43,0.0,87.43,0,0.07692307692307693,2,1200,0.0,95.19,95.19,-7.759999999999991,0.0,0
Proposed_ShieldedQoE,sintel,11,13,1,1,750,1142.9,15.1,17.35,0.0,87.43,0.0,87.43,0,0.07142857142857142,2,1200,0.0,95.19,95.19,-7.759999999999991,0.0,0
Proposed_ShieldedQoE,sintel,11,14,5,5,6000,1132.1,17.35,19.66,0.0,97.71,10.28,87.43,0,0.06666666666666667,2,1200,0.0,95.19,95.19,-7.759999999999991,0.0,0
Proposed_ShieldedQoE,sintel,11,15,2,2,1200,1142.9,19.66,21.17,0.0,95.19,2.52,92.67,0,0.0625,2,1200,0.0,95.19,95.19,-2.519999999999996,0.0,1
Proposed_ShieldedQoE,sintel,11,16,2,2,1200,1142.9,21.17,20.81,0.0,95.19,0.0,95.19,0,0.058823529411764705,2,1200,0.0,95.19,95.19,0.0,0.0,1
Proposed_ShieldedQoE,sintel,11,17,2,2,1200,1142.9,20.81,21.16,0.0,95.19,0.0,95.19,0,0.05555555555555555,2,1200,0.0,95.19,95.19,0.0,0.0,1
Proposed_ShieldedQoE,sintel,11,18,2,2,1200,1142.9,21.16,21.71,0.0,95.19,0.0,95.19,0,0.05263157894736842,2,1200,0.0,95.19,95.19,0.0,0.0,1
Proposed_ShieldedQoE,sintel,11,19,2,2,1200,1142.9,21.71,21.13,0.0,95.19,0.0,95.19,0,0.05,2,1200,0.0,95.19,95.19,0.0,0.0,1
Proposed_ShieldedQoE,sintel,11,20,2,2,1200,1142.9,21.13,17.85,0.0,95.19,0.0,95.19,0,0.047619047619047616,2,1200,0.0,95.19,95.19,0.0,0.0,1
Proposed_ShieldedQoE,sintel,11,21,2,2,1200,1142.9,17.85,17.03,0.0,95.19,0.0,95.19,0,0.045454545454545456,2,1200,0.0,95.19,95.19,0.0,0.0,1
Proposed_ShieldedQoE,sintel,11,22,2,2,1200,1142.9,17.03,17.87,0.0,95.19,0.0,95.19,0,0.043478260869565216,2,1200,0.0,95.19,95.19,0.0,0.0,1
Proposed_ShieldedQoE,sintel,11,23,2,2,1200,1132.1,17.87,15.77,0.0,95.19,0.0,95.19,0,0.041666666666666664,2,1200,0.0,95.19,95.19,0.0,0.0,1
Proposed_ShieldedQoE,sintel,11,24,2,2,1200,1081.1,15.77,10.62,0.0,95.19,0.0,95.19,0,0.04,2,1200,3.217,95.19,81.36,13.829999999999998,-3.217,1
Proposed_ShieldedQoE,sintel,11,25,1,1,750,1132.1,10.62,11.24,0.0,87.43,7.76,79.67,0,0.038461538461538464,2,1200,1.402,95.19,89.16,-9.489999999999995,-1.402,0
Proposed_ShieldedQoE,sintel,11,26,1,1,750,1142.9,11.24,11.85,0.0,87.43,0.0,87.43,0,0.037037037037037035,2,1200,1.428,95.19,89.05,-1.6199999999999903,-1.428,0
Proposed_ShieldedQoE,sintel,11,27,1,1,750,1132.1,11.85,13.47,0.0,87.43,0.0,87.43,0,0.03571428571428571,2,1200,0.0,95.19,95.19,-7.759999999999991,0.0,0
Proposed_ShieldedQoE,sintel,11,28,1,1,750,1132.1,13.47,13.55,0.0,87.43,0.0,87.43,0,0.034482758620689655,2,1200,2.084,95.19,86.23,1.2000000000000028,-2.084,0
Proposed_ShieldedQoE,sintel,11,29,1,1,750,1132.1,13.55,16.0,0.0,87.43,0.0,87.43,0,0.03333333333333333,2,1200,0.0,95.19,95.19,-7.759999999999991,0.0,0
Proposed_ShieldedQoE,sintel,11,30,5,5,6000,1142.9,16.0,18.18,0.0,97.71,10.28,87.43,0,0.03225806451612903,2,1200,0.0,95.19,95.19,-7.759999999999991,0.0,0
Proposed_ShieldedQoE,sintel,11,31,2,2,1200,1132.1,18.18,20.17,0.0,95.19,2.52,92.67,0,0.03125,2,1200,0.0,95.19,95.19,-2.519999999999996,0.0,1
Proposed_ShieldedQoE,sintel,11,32,2,2,1200,1132.1,20.17,20.41,0.0,95.19,0.0,95.19,0,0.030303030303030304,2,1200,0.0,95.19,95.19,0.0,0.0,1
Proposed_ShieldedQoE,sintel,11,33,2,2,1200,1142.9,20.41,21.8,0.0,95.19,0.0,95.19,0,0.029411764705882353,2,1200,0.0,95.19,95.19,0.0,0.0,1
Proposed_ShieldedQoE,sintel,11,34,5,5,6000,1132.1,21.8,22.31,0.0,97.71,2.52,95.19,0,0.02857142857142857,2,1200,0.0,95.19,95.19,0.0,0.0,0
Proposed_ShieldedQoE,sintel,11,35,3,3,1850,1132.1,22.31,21.17,0.0,95.31,2.4,92.91,0,0.027777777777777776,2,1200,0.0,95.19,95.19,-2.280000000000001,0.0,0
Proposed_ShieldedQoE,sintel,11,36,0,0,300,897.2,21.17,19.04,0.0,74.82,20.49,54.33,0,0.02702702702702703,2,1200,0.0,95.19,95.19,-40.86,0.0,0
Proposed_ShieldedQoE,sintel,11,37,2,2,1200,849.6,19.04,18.13,0.0,95.19,20.37,74.82,0,0.02631578947368421,2,1200,0.0,95.19,95.19,-20.370000000000005,0.0,1
Proposed_ShieldedQoE,sintel,11,38,2,2,1200,849.6,18.13,15.87,0.0,95.19,0.0,95.19,0,0.02564102564102564,2,1200,0.0,95.19,95.19,0.0,0.0,1
Proposed_ShieldedQoE,sintel,11,39,2,2,1200,849.6,15.87,13.3,0.0,95.19,0.0,95.19,0,0.025,1,750,0.0,87.43,79.67,15.519999999999996,0.0,0
Proposed_ShieldedQoE,sintel,11,40,1,1,750,849.6,13.3,11.14,0.0,87.43,7.76,79.67,0,0.024390243902439025,1,750,0.0,87.43,87.43,-7.760000000000005,0.0,1
Proposed_ShieldedQoE,sintel,11,41,1,1,750,849.6,11.14,10.31,0.0,87.43,0.0,87.43,0,0.023809523809523808,1,750,0.0,87.43,87.43,0.0,0.0,1
Proposed_ShieldedQoE,sintel,11,42,1,1,750,842.1,10.31,10.75,0.0,87.43,0.0,87.43,0,0.023255813953488372,1,750,0.0,87.43,87.43,0.0,0.0,1
Proposed_ShieldedQoE,sintel,11,43,1,1,750,849.6,10.75,12.11,0.0,87.43,0.0,87.43,0,0.022727272727272728,1,750,0.0,87.43,87.43,0.0,0.0,1
Proposed_ShieldedQoE,sintel,11,44,1,1,750,849.6,12.11,9.16,0.0,87.43,0.0,87.43,0,0.022222222222222223,1,750,0.0,87.43,87.43,0.0,0.0,1
Proposed_ShieldedQoE,sintel,11,45,1,1,750,849.6,9.16,9.09,0.0,87.43,0.0,87.43,0,0.021739130434782608,1,750,0.0,87.43,87.43,0.0,0.0,1
Proposed_ShieldedQoE,sintel,11,46,1,1,750,849.6,9.09,8.74,0.0,87.43,0.0,87.43,0,0.02127659574468085,1,750,0.236,87.43,86.42,1.0100000000000051,-0.236,1
Proposed_ShieldedQoE,sintel,11,47,1,1,750,981.8,8.74,9.48,0.0,87.43,0.0,87.43,0,0.020833333333333332,1,750,0.0,87.43,87.43,0.0,0.0,1
Proposed_ShieldedQoE,sintel,12,0,1,0,300,2007.9,2.87,5.54,0.0,74.82,0.0,74.82,1,1.0,1,750,0.438,87.43,85.55,-10.730000000000004,-0.438,0
Proposed_ShieldedQoE,sintel,12,1,1,1,750,1395.2,5.54,7.09,0.0,87.43,12.61,74.82,0,0.5,2,1200,0.0,95.19,87.43,-12.610000000000014,0.0,0
Proposed_ShieldedQoE,sintel,12,2,1,1,750,2358.6,7.09,9.67,0.0,87.43,0.0,87.43,0,0.3333333333333333,2,1200,0.0,95.19,95.19,-7.759999999999991,0.0,0
Proposed_ShieldedQoE,sintel,12,3,2,2,1200,2468.0,9.67,11.42,0.0,95.19,7.76,87.43,0,0.25,2,1200,0.0,95.19,95.19,-7.759999999999991,0.0,1
Proposed_ShieldedQoE,sintel,12,4,2,2,1200,2610.3,11.42,11.28,0.0,95.19,0.0,95.19,0,0.2,2,1200,0.0,95.19,95.19,0.0,0.0,1
Proposed_ShieldedQoE,sintel,12,5,3,3,1850,2198.4,11.28,12.92,0.0,95.31,0.12,95.19,0,0.16666666666666666,2,1200,0.0,95.19,95.19,0.0,0.0,0
Proposed_ShieldedQoE,sintel,12,6,3,3,1850,572.6,12.92,6.07,0.0,95.31,0.0,95.31,0,0.14285714285714285,2,1200,0.0,95.19,95.19,0.12000000000000455,0.0,0
Proposed_ShieldedQoE,sintel,12,7,0,0,300,1499.7,6.07,6.84,0.0,74.82,20.49,54.33,0,0.125,2,1200,0.0,95.19,95.19,-40.86,0.0,0
Proposed_ShieldedQoE,sintel,12,8,2,2,1200,2169.6,6.84,7.67,0.0,95.19,20.37,74.82,0,0.1111111111111111,2,1200,0.0,95.19,95.19,-20.370000000000005,0.0,1
Proposed_ShieldedQoE,sintel,12,9,2,2,1200,2152.6,7.67,9.97,0.0,95.19,0.0,95.19,0,0.1,4,2850,0.0,96.41,95.19,0.0,0.0,0
Proposed_ShieldedQoE,sintel,12,10,2,2,1200,2287.1,9.97,12.56,0.0,95.19,0.0,95.19,0,0.09090909090909091,4,2850,0.0,96.41,96.41,-1.2199999999999989,0.0,0
Proposed_ShieldedQoE,sintel,12,11,5,5,6000,2466.3,12.56,14.28,0.0,97.71,2.52,95.19,0,0.08333333333333333,4,2850,0.0,96.41,96.41,-1.2199999999999989,0.0,0
Proposed_ShieldedQoE,sintel,12,12,3,3,1850,2266.4,14.28,14.4,0.0,95.31,2.4,92.91,0,0.07692307692307693,4,2850,0.0,96.41,96.41,-3.5,0.0,0
Proposed_ShieldedQoE,sintel,12,13,3,3,1850,1537.7,14.4,15.2,0.0,95.31,0.0,95.31,0,0.07142857142857142,4,2850,0.0,96.41,96.41,-1.0999999999999943,0.0,0
Proposed_ShieldedQoE,sintel,12,14,3,3,1850,1248.8,15.2,16.83,0.0,95.31,0.0,95.31,0,0.06666666666666667,4,2850,0.0,96.41,96.41,-1.0999999999999943,0.0,0
Proposed_ShieldedQoE,sintel,12,15,3,3,1850,1320.5,16.83,17.52,0.0,95.31,0.0,95.31,0,0.0625,2,1200,0.0,95.19,93.97,1.3400000000000034,0.0,0
Proposed_ShieldedQoE,sintel,12,16,3,3,1850,2039.5,17.52,17.74,0.0,95.31,0.0,95.31,0,0.058823529411764705,2,1200,0.0,95.19,95.19,0.12000000000000455,0.0,0
Proposed_ShieldedQoE,sintel,12,17,3,3,1850,1727.0,17.74,18.02,0.0,95.31,0.0,95.31,0,0.05555555555555555,2,1200,0.0,95.19,95.19,0.12000000000000455,0.0,0
Proposed_ShieldedQoE,sintel,12,18,3,3,1850,2008.2,18.02,18.99,0.0,95.31,0.0,95.31,0,0.05263157894736842,2,1200,0.0,95.19,95.19,0.12000000000000455,0.0,0
Proposed_ShieldedQoE,sintel,12,19,3,3,1850,1118.6,18.99,15.79,0.0,95.31,0.0,95.31,0,0.05,2,1200,0.0,95.19,95.19,0.12000000000000455,0.0,0
Proposed_ShieldedQoE,sintel,12,20,0,0,300,2713.9,15.79,16.72,0.0,74.82,20.49,54.33,0,0.047619047619047616,2,1200,0.0,95.19,95.19,-40.86,0.0,0
Proposed_ShieldedQoE,sintel,12,21,5,5,6000,1221.6,16.72,13.77,0.0,97.71,22.89,74.82,0,0.045454545454545456,2,1200,0.0,95.19,95.19,-20.370000000000005,0.0,0
Proposed_ShieldedQoE,sintel,12,22,1,1,750,1530.8,13.77,15.41,0.0,87.43,10.28,77.15,0,0.043478260869565216,2,1200,0.0,95.19,95.19,-18.039999999999992,0.0,0
Proposed_ShieldedQoE,sintel,12,23,2,2,1200,1724.2,15.41,15.41,0.0,95.19,7.76,87.43,0,0.041666666666666664,2,1200,0.0,95.19,95.19,-7.759999999999991,0.0,1
Proposed_ShieldedQoE,sintel,12,24,2,2,1200,3270.2,15.41,16.38,0.0,95.19,0.0,95.19,0,0.04,2,1200,0.0,95.19,95.19,0.0,0.0,1
Proposed_ShieldedQoE,sintel,12,25,5,5,6000,1536.6,16.38,14.25,0.0,97.71,2.52,95.19,0,0.038461538461538464,2,1200,0.0,95.19,95.19,0.0,0.0,0
Proposed_ShieldedQoE,sintel,12,26,0,0,300,1260.4,14.25,13.32,0.0,74.82,22.89,51.93,0,0.037037037037037035,2,1200,0.0,95.19,95.19,-43.26,0.0,0
Proposed_ShieldedQoE,sintel,12,27,2,2,1200,1577.7,13.32,14.59,0.0,95.19,20.37,74.82,0,0.03571428571428571,2,1200,0.0,95.19,95.19,-20.370000000000005,0.0,1
Proposed_ShieldedQoE,sintel,12,28,2,2,1200,1365.5,14.59,13.39,0.0,95.19,0.0,95.19,0,0.034482758620689655,2,1200,0.0,95.19,95.19,0.0,0.0,1
Proposed_ShieldedQoE,sintel,12,29,2,2,1200,2172.3,13.39,16.1,0.0,95.19,0.0,95.19,0,0.03333333333333333,4,2850,0.0,96.41,95.19,0.0,0.0,0
Proposed_ShieldedQoE,sintel,12,30,5,5,6000,731.8,16.1,15.72,0.0,97.71,2.52,95.19,0,0.03225806451612903,4,2850,0.0,96.41,96.41,-1.2199999999999989,0.0,0
Proposed_ShieldedQoE,sintel,12,31,1,1,750,1683.5,15.72,18.36,0.0,87.43,10.28,77.15,0,0.03125,4,2850,0.0,96.41,96.41,-19.25999999999999,0.0,0
Proposed_ShieldedQoE,sintel,12,32,5,5,6000,2097.8,18.36,19.23,0.0,97.71,10.28,87.43,0,0.030303030303030304,4,2850,0.0,96.41,96.41,-8.97999999999999,0.0,0
Proposed_ShieldedQoE,sintel,12,33,5,5,6000,2080.7,19.23,19.84,0.0,97.71,0.0,97.71,0,0.029411764705882353,4,2850,0.0,96.41,96.41,1.2999999999999972,0.0,0
Proposed_ShieldedQoE,sintel,12,34,4,4,2850,1484.4,19.84,19.74,0.0,96.41,1.3,95.11,0,0.02857142857142857,4,2850,0.0,96.41,96.41,-1.2999999999999972,0.0,1
Proposed_ShieldedQoE,sintel,12,35,3,3,1850,1489.3,19.74,19.83,0.0,95.31,1.1,94.21,0,0.027777777777777776,4,2850,0.0,96.41,96.41,-2.200000000000003,0.0,0
Proposed_ShieldedQoE,sintel,12,36,3,3,1850,1582.8,19.83,18.48,0.0,95.31,0.0,95.31,0,0.02702702702702703,4,2850,0.0,96.41,96.41,-1.0999999999999943,0.0,0
Proposed_ShieldedQoE,sintel,12,37,3,3,1850,2171.8,18.48,19.51,0.0,95.31,0.0,95.31,0,0.02631578947368421,4,2850,0.0,96.41,96.41,-1.0999999999999943,0.0,0
Proposed_ShieldedQoE,sintel,12,38,3,3,1850,2452.1,19.51,20.17,0.0,95.31,0.0,95.31,0,0.02564102564102564,4,2850,0.0,96.41,96.41,-1.0999999999999943,0.0,0
Proposed_ShieldedQoE,sintel,12,39,3,3,1850,1218.4,20.17,17.1,0.0,95.31,0.0,95.31,0,0.025,2,1200,0.0,95.19,93.97,1.3400000000000034,0.0,0
Proposed_ShieldedQoE,sintel,12,40,0,0,300,1820.0,17.1,16.51,0.0,74.82,20.49,54.33,0,0.024390243902439025,2,1200,0.0,95.19,95.19,-40.86,0.0,0
Proposed_ShieldedQoE,sintel,12,41,2,2,1200,2018.2,16.51,17.25,0.0,95.19,20.37,74.82,0,0.023809523809523808,2,1200,0.0,95.19,95.19,-20.370000000000005,0.0,1
Proposed_ShieldedQoE,sintel,12,42,5,5,6000,2542.9,17.25,18.35,0.0,97.71,2.52,95.19,0,0.023255813953488372,2,1200,0.0,95.19,95.19,0.0,0.0,0
Proposed_ShieldedQoE,sintel,12,43,5,5,6000,1938.0,18.35,17.94,0.0,97.71,0.0,97.71,0,0.022727272727272728,2,1200,0.0,95.19,95.19,2.519999999999996,0.0,0
Proposed_ShieldedQoE,sintel,12,44,0,0,300,1654.8,17.94,13.14,0.0,74.82,22.89,51.93,0,0.022222222222222223,2,1200,0.0,95.19,95.19,-43.26,0.0,0
Proposed_ShieldedQoE,sintel,12,45,1,1,750,2130.5,13.14,14.54,0.0,87.43,12.61,74.82,0,0.021739130434782608,4,2850,0.0,96.41,95.19,-20.370000000000005,0.0,0
Proposed_ShieldedQoE,sintel,12,46,2,2,1200,2407.2,14.54,16.09,0.0,95.19,7.76,87.43,0,0.02127659574468085,4,2850,0.0,96.41,96.41,-8.97999999999999,0.0,0
Proposed_ShieldedQoE,sintel,12,47,5,5,6000,3481.8,16.09,17.82,0.0,97.71,2.52,95.19,0,0.020833333333333332,4,2850,0.0,96.41,96.41,-1.2199999999999989,0.0,0
Proposed_ShieldedQoE,sintel,13,0,1,0,300,527.2,2.64,4.0,2.396,74.82,0.0,64.52,1,1.0,0,300,2.396,74.82,64.52,0.0,0.0,1
Proposed_ShieldedQoE,sintel,13,1,0,0,300,320.0,4.0,4.0,0.275,74.82,0.0,73.64,0,0.5,0,300,0.275,74.82,73.64,0.0,0.0,1
Proposed_ShieldedQoE,sintel,13,2,0,0,300,387.0,4.0,4.52,0.0,74.82,0.0,74.82,0,0.3333333333333333,0,300,0.0,74.82,74.82,0.0,0.0,1
Proposed_ShieldedQoE,sintel,13,3,0,0,300,654.2,4.52,6.4,0.0,74.82,0.0,74.82,0,0.25,0,300,0.0,74.82,74.82,0.0,0.0,1
Proposed_ShieldedQoE,sintel,13,4,0,0,300,807.2,6.4,7.05,0.0,74.82,0.0,74.82,0,0.2,0,300,0.0,74.82,74.82,0.0,0.0,1
Proposed_ShieldedQoE,sintel,13,5,1,1,750,402.8,7.05,5.83,0.0,87.43,12.61,74.82,0,0.16666666666666666,0,300,0.0,74.82,74.82,0.0,0.0,0
Proposed_ShieldedQoE,sintel,13,6,1,1,750,467.3,5.83,4.44,0.0,87.43,0.0,87.43,0,0.14285714285714285,0,300,0.0,74.82,74.82,12.610000000000014,0.0,0
Proposed_ShieldedQoE,sintel,13,7,1,1,750,449.3,4.44,4.0,2.289,87.43,0.0,77.59,0,0.125,0,300,0.0,74.82,74.82,2.7700000000000102,2.289,0
Proposed_ShieldedQoE,sintel,13,8,1,0,300,426.7,4.0,4.0,0.035,74.82,12.61,62.06,1,0.2222222222222222,0,300,0.0,74.82,74.82,-12.759999999999991,0.035,1
Proposed_ShieldedQoE,sintel,13,9,0,0,300,606.4,4.0,6.5,0.0,74.82,0.0,74.82,0,0.2,1,750,0.0,87.43,74.82,0.0,0.0,0
Proposed_ShieldedQoE,sintel,13,10,0,0,300,819.0,6.5,9.51,0.0,74.82,0.0,74.82,0,0.18181818181818182,1,750,0.0,87.43,87.43,-12.610000000000014,0.0,0
Proposed_ShieldedQoE,sintel,13,11,4,3,1850,356.1,9.51,7.11,0.0,95.31,20.49,74.82,1,0.25,1,750,0.0,87.43,87.43,-12.610000000000014,0.0,0
Proposed_ShieldedQoE,sintel,13,12,1,1,750,535.5,7.11,4.46,0.0,87.43,7.88,79.55,0,0.23076923076923078,1,750,0.0,87.43,87.43,-7.88000000000001,0.0,1
Proposed_ShieldedQoE,sintel,13,13,1,1,750,504.7,4.46,4.5,0.0,87.43,0.0,87.43,0,0.21428571428571427,1,750,0.0,87.43,87.43,0.0,0.0,1
Proposed_ShieldedQoE,sintel,13,14,1,1,750,796.2,4.5,6.99,0.0,87.43,0.0,87.43,0,0.2,1,750,0.0,87.43,87.43,0.0,0.0,1
Proposed_ShieldedQoE,sintel,13,15,1,1,750,825.8,6.99,8.84,0.0,87.43,0.0,87.43,0,0.1875,1,750,0.0,87.43,87.43,0.0,0.0,1
Proposed_ShieldedQoE,sintel,13,16,1,1,750,704.8,8.84,8.42,0.0,87.43,0.0,87.43,0,0.17647058823529413,1,750,0.0,87.43,87.43,0.0,0.0,1
Proposed_ShieldedQoE,sintel,13,17,1,1,750,580.0,8.42,7.92,0.0,87.43,0.0,87.43,0,0.16666666666666666,1,750,0.0,87.43,87.43,0.0,0.0,1
Proposed_ShieldedQoE,sintel,13,18,1,1,750,539.7,7.92,7.35,0.0,87.43,0.0,87.43,0,0.15789473684210525,1,750,0.0,87.43,87.43,0.0,0.0,1
Proposed_ShieldedQoE,sintel,13,19,1,1,750,486.4,7.35,4.64,0.0,87.43,0.0,87.43,0,0.15,1,750,0.0,87.43,87.43,0.0,0.0,1
Proposed_ShieldedQoE,sintel,13,20,0,0,300,735.2,4.64,5.8,0.0,74.82,12.61,62.21,0,0.14285714285714285,1,750,0.0,87.43,87.43,-25.220000000000006,0.0,0
Proposed_ShieldedQoE,sintel,13,21,0,0,300,666.1,5.8,7.74,0.0,74.82,0.0,74.82,0,0.13636363636363635,1,750,0.0,87.43,87.43,-12.610000000000014,0.0,0
Proposed_ShieldedQoE,sintel,13,22,0,0,300,786.5,7.74,10.59,0.0,74.82,0.0,74.82,0,0.13043478260869565,1,750,0.0,87.43,87.43,-12.610000000000014,0.0,0
Proposed_ShieldedQoE,sintel,13,23,0,0,300,694.6,10.59,12.1,0.0,74.82,0.0,74.82,0,0.125,0,300,0.0,74.82,62.21,12.609999999999992,0.0,1
Proposed_ShieldedQoE,sintel,13,24,0,0,300,531.7,12.1,11.45,0.0,74.82,0.0,74.82,0,0.12,0,300,0.0,74.82,74.82,0.0,0.0,1
Proposed_ShieldedQoE,sintel,13,25,0,0,300,492.5,11.45,12.35,0.0,74.82,0.0,74.82,0,0.11538461538461539,0,300,0.0,74.82,74.82,0.0,0.0,1
Proposed_ShieldedQoE,sintel,13,26,0,0,300,719.3,12.35,14.19,0.0,74.82,0.0,74.82,0,0.1111111111111111,0,300,0.0,74.82,74.82,0.0,0.0,1
Proposed_ShieldedQoE,sintel,13,27,4,4,2850,686.2,14.19,14.27,0.0,96.41,21.59,74.82,0,0.10714285714285714,1,750,0.0,87.43,74.82,0.0,0.0,0
Proposed_ShieldedQoE,sintel,13,28,1,1,750,807.2,14.27,12.77,0.0,87.43,8.98,78.45,0,0.10344827586206896,1,750,0.0,87.43,87.43,-8.980000000000004,0.0,1
Proposed_ShieldedQoE,sintel,13,29,1,1,750,793.6,12.77,14.56,0.0,87.43,0.0,87.43,0,0.1,2,1200,0.0,95.19,87.43,0.0,0.0,0
Proposed_ShieldedQoE,sintel,13,30,1,1,750,749.4,14.56,16.83,0.0,87.43,0.0,87.43,0,0.0967741935483871,2,1200,0.0,95.19,95.19,-7.759999999999991,0.0,0
Proposed_ShieldedQoE,sintel,13,31,1,1,750,990.9,16.83,19.39,0.0,87.43,0.0,87.43,0,0.09375,2,1200,0.0,95.19,95.19,-7.759999999999991,0.0,0
Proposed_ShieldedQoE,sintel,13,32,1,1,750,964.2,19.39,20.63,0.0,87.43,0.0,87.43,0,0.09090909090909091,2,1200,0.0,95.19,95.19,-7.759999999999991,0.0,0
Proposed_ShieldedQoE,sintel,13,33,1,1,750,572.6,20.63,21.38,0.0,87.43,0.0,87.43,0,0.08823529411764706,2,1200,0.0,95.19,95.19,-7.759999999999991,0.0,0
Proposed_ShieldedQoE,sintel,13,34,1,1,750,725.9,21.38,23.17,0.0,87.43,0.0,87.43,0,0.08571428571428572,2,1200,0.0,95.19,95.19,-7.759999999999991,0.0,0
Proposed_ShieldedQoE,sintel,13,35,1,1,750,537.0,23.17,22.77,0.0,87.43,0.0,87.43,0,0.08333333333333333,1,750,0.0,87.43,79.67,7.760000000000005,0.0,1
Proposed_ShieldedQoE,sintel,13,36,1,1,750,810.3,22.77,22.54,0.0,87.43,0.0,87.43,0,0.08108108108108109,1,750,0.0,87.43,87.43,0.0,0.0,1
Proposed_ShieldedQoE,sintel,13,37,1,1,750,759.9,22.54,23.1,0.0,87.43,0.0,87.43,0,0.07894736842105263,1,750,0.0,87.43,87.43,0.0,0.0,1
Proposed_ShieldedQoE,sintel,13,38,1,1,750,363.9,23.1,17.97,0.0,87.43,0.0,87.43,0,0.07692307692307693,0,300,0.0,74.82,62.21,25.220000000000006,0.0,0
Proposed_ShieldedQoE,sintel,13,39,1,1,750,361.5,17.97,12.31,0.0,87.43,0.0,87.43,0,0.075,0,300,0.0,74.82,74.82,12.610000000000014,0.0,0
Proposed_ShieldedQoE,sintel,13,40,1,1,750,439.7,12.31,4.42,0.0,87.43,0.0,87.43,0,0.07317073170731707,0,300,0.0,74.82,74.82,12.610000000000014,0.0,0
Proposed_ShieldedQoE,sintel,13,41,1,0,300,452.3,4.42,4.79,0.0,74.82,12.61,62.21,1,0.09523809523809523,0,300,0.0,74.82,74.82,-12.609999999999992,0.0,1
Proposed_ShieldedQoE,sintel,13,42,0,0,300,817.5,4.79,7.32,0.0,74.82,0.0,74.82,0,0.09302325581395349,1,750,0.0,87.43,74.82,0.0,0.0,0
Proposed_ShieldedQoE,sintel,13,43,0,0,300,693.1,7.32,10.03,0.0,74.82,0.0,74.82,0,0.09090909090909091,1,750,0.0,87.43,87.43,-12.610000000000014,0.0,0
Proposed_ShieldedQoE,sintel,13,44,0,0,300,554.2,10.03,9.77,0.0,74.82,0.0,74.82,0,0.08888888888888889,1,750,0.0,87.43,87.43,-12.610000000000014,0.0,0
Proposed_ShieldedQoE,sintel,13,45,0,0,300,499.1,9.77,11.0,0.0,74.82,0.0,74.82,0,0.08695652173913043,1,750,2.161,87.43,78.14,-3.3200000000000074,-2.161,0
Proposed_ShieldedQoE,sintel,13,46,0,0,300,686.0,11.0,12.84,0.0,74.82,0.0,74.82,0,0.0851063829787234,1,750,1.386,87.43,81.47,-6.650000000000006,-1.386,0
Proposed_ShieldedQoE,sintel,13,47,1,1,750,794.6,12.84,12.81,0.0,87.43,12.61,74.82,0,0.08333333333333333,1,750,0.035,87.43,87.28,-12.460000000000008,-0.035,1
Proposed_ShieldedQoE,sintel,14,0,1,1,750,2769.2,1.4,4.44,0.0,87.43,0.0,87.43,0,0.0,2,1200,2.432,95.19,84.73,2.700000000000003,-2.432,0
Proposed_ShieldedQoE,sintel,14,1,4,4,2850,2823.5,4.44,7.23,0.0,96.41,8.98,87.43,0,0.0,2,1200,0.0,95.19,95.19,-7.759999999999991,0.0,0
Proposed_ShieldedQoE,sintel,14,2,5,5,6000,2823.5,7.23,9.32,0.0,97.71,1.3,96.41,0,0.0,2,1200,0.0,95.19,95.19,1.2199999999999989,0.0,0
Proposed_ShieldedQoE,sintel,14,3,3,3,1850,2823.5,9.32,10.3,0.0,95.31,2.4,92.91,0,0.0,2,1200,0.0,95.19,95.19,-2.280000000000001,0.0,0
Proposed_ShieldedQoE,sintel,14,4,3,3,1850,2851.5,10.3,8.45,0.0,95.31,0.0,95.31,0,0.0,2,1200,0.0,95.19,95.19,0.12000000000000455,0.0,0
Proposed_ShieldedQoE,sintel,14,5,3,3,1850,2823.5,8.45,10.61,0.0,95.31,0.0,95.31,0,0.0,4,2850,0.0,96.41,95.19,0.12000000000000455,0.0,0
Proposed_ShieldedQoE,sintel,14,6,4,4,2850,2823.5,10.61,11.22,0.0,96.41,1.1,95.31,0,0.0,4,2850,0.0,96.41,96.41,-1.0999999999999943,0.0,1
Proposed_ShieldedQoE,sintel,14,7,4,4,2850,2823.5,11.22,11.15,0.0,96.41,0.0,96.41,0,0.0,4,2850,0.0,96.41,96.41,0.0,0.0,1
Proposed_ShieldedQoE,sintel,14,8,3,3,1850,2851.5,11.15,11.43,0.0,95.31,1.1,94.21,0,0.0,4,2850,0.0,96.41,96.41,-2.200000000000003,0.0,0
Proposed_ShieldedQoE,sintel,14,9,3,3,1850,2823.5,11.43,13.44,0.0,95.31,0.0,95.31,0,0.0,4,2850,0.0,96.41,96.41,-1.0999999999999943,0.0,0
Proposed_ShieldedQoE,sintel,14,10,4,4,2850,2823.5,13.44,14.72,0.0,96.41,1.1,95.31,0,0.0,4,2850,0.0,96.41,96.41,-1.0999999999999943,0.0,1
Proposed_ShieldedQoE,sintel,14,11,4,4,2850,2823.5,14.72,15.66,0.0,96.41,0.0,96.41,0,0.0,4,2850,0.0,96.41,96.41,0.0,0.0,1
Proposed_ShieldedQoE,sintel,14,12,4,4,2850,2851.5,15.66,14.91,0.0,96.41,0.0,96.41,0,0.0,4,2850,0.0,96.41,96.41,0.0,0.0,1
Proposed_ShieldedQoE,sintel,14,13,4,4,2850,2823.5,14.91,16.22,0.0,96.41,0.0,96.41,0,0.0,4,2850,0.0,96.41,96.41,0.0,0.0,1
Proposed_ShieldedQoE,sintel,14,14,4,4,2850,2796.1,16.22,18.59,0.0,96.41,0.0,96.41,0,0.0,4,2850,0.0,96.41,96.41,0.0,0.0,1
Proposed_ShieldedQoE,sintel,14,15,4,4,2850,2796.1,18.59,20.18,0.0,96.41,0.0,96.41,0,0.0,4,2850,0.0,96.41,96.41,0.0,0.0,1
Proposed_ShieldedQoE,sintel,14,16,4,4,2850,2796.1,20.18,19.94,0.0,96.41,0.0,96.41,0,0.0,4,2850,0.0,96.41,96.41,0.0,0.0,1
Proposed_ShieldedQoE,sintel,14,17,4,4,2850,2823.5,19.94,20.43,0.0,96.41,0.0,96.41,0,0.0,4,2850,0.0,96.41,96.41,0.0,0.0,1
Proposed_ShieldedQoE,sintel,14,18,4,4,2850,2823.5,20.43,21.11,0.0,96.41,0.0,96.41,0,0.0,3,1850,0.0,95.31,94.21,2.200000000000003,0.0,0
Proposed_ShieldedQoE,sintel,14,19,4,4,2850,2823.5,21.11,20.71,0.0,96.41,0.0,96.41,0,0.0,2,1200,0.0,95.19,95.07,1.3400000000000034,0.0,0
Proposed_ShieldedQoE,sintel,14,20,3,3,1850,2823.5,20.71,20.17,0.0,95.31,1.1,94.21,0,0.0,2,1200,0.0,95.19,95.19,-0.980000000000004,0.0,0
Proposed_ShieldedQoE,sintel,14,21,3,3,1850,2796.1,20.17,21.13,0.0,95.31,0.0,95.31,0,0.0,2,1200,0.0,95.19,95.19,0.12000000000000455,0.0,0
Proposed_ShieldedQoE,sintel,14,22,5,5,6000,2796.1,21.13,22.06,0.0,97.71,2.4,95.31,0,0.0,2,1200,0.0,95.19,95.19,0.12000000000000455,0.0,0
Proposed_ShieldedQoE,sintel,14,23,4,4,2850,2796.1,22.06,20.2,0.0,96.41,1.3,95.11,0,0.0,2,1200,0.0,95.19,95.19,-0.0799999999999983,0.0,0
Proposed_ShieldedQoE,sintel,14,24,3,3,1850,2823.5,20.2,18.8,0.0,95.31,1.1,94.21,0,0.0,2,1200,0.0,95.19,95.19,-0.980000000000004,0.0,0
Proposed_ShieldedQoE,sintel,14,25,3,3,1850,905.7,18.8,12.39,0.0,95.31,0.0,95.31,0,0.0,2,1200,0.0,95.19,95.19,0.12000000000000455,0.0,0
Proposed_ShieldedQoE,sintel,14,26,0,0,300,914.3,12.39,9.6,0.0,74.82,20.49,54.33,0,0.0,2,1200,0.0,95.19,95.19,-40.86,0.0,0
Proposed_ShieldedQoE,sintel,14,27,2,2,1200,905.7,9.6,8.84,0.0,95.19,20.37,74.82,0,0.0,2,1200,0.0,95.19,95.19,-20.370000000000005,0.0,1
Proposed_ShieldedQoE,sintel,14,28,1,1,750,905.7,8.84,7.94,0.0,87.43,7.76,79.67,0,0.0,2,1200,0.0,95.19,95.19,-15.519999999999996,0.0,0
Proposed_ShieldedQoE,sintel,14,29,1,1,750,905.7,7.94,10.01,0.0,87.43,0.0,87.43,0,0.0,2,1200,0.0,95.19,95.19,-7.759999999999991,0.0,0
Proposed_ShieldedQoE,sintel,14,30,1,1,750,905.7,10.01,12.57,0.0,87.43,0.0,87.43,0,0.0,2,1200,0.0,95.19,95.19,-7.759999999999991,0.0,0
Proposed_ShieldedQoE,sintel,14,31,1,1,750,914.3,12.57,15.01,0.0,87.43,0.0,87.43,0,0.0,2,1200,0.0,95.19,95.19,-7.759999999999991,0.0,0
Proposed_ShieldedQoE,sintel,14,32,1,1,750,905.7,15.01,16.07,0.0,87.43,0.0,87.43,0,0.0,2,1200,0.0,95.19,95.19,-7.759999999999991,0.0,0
Proposed_ShieldedQoE,sintel,14,33,1,1,750,914.3,16.07,18.04,0.0,87.43,0.0,87.43,0,0.0,2,1200,0.0,95.19,95.19,-7.759999999999991,0.0,0
Proposed_ShieldedQoE,sintel,14,34,5,5,6000,905.7,18.04,19.21,0.0,97.71,10.28,87.43,0,0.0,2,1200,0.0,95.19,95.19,-7.759999999999991,0.0,0
Proposed_ShieldedQoE,sintel,14,35,2,2,1200,914.3,19.21,19.08,0.0,95.19,2.52,92.67,0,0.0,2,1200,0.0,95.19,95.19,-2.519999999999996,0.0,1
Proposed_ShieldedQoE,sintel,14,36,2,2,1200,905.7,19.08,17.01,0.0,95.19,0.0,95.19,0,0.0,2,1200,0.0,95.19,95.19,0.0,0.0,1
Proposed_ShieldedQoE,sintel,14,37,2,2,1200,831.7,17.01,15.99,0.0,95.19,0.0,95.19,0,0.0,2,1200,0.0,95.19,95.19,0.0,0.0,1
Proposed_ShieldedQoE,sintel,14,38,2,2,1200,831.7,15.99,13.6,0.0,95.19,0.0,95.19,0,0.0,2,1200,0.0,95.19,95.19,0.0,0.0,1
Proposed_ShieldedQoE,sintel,14,39,1,1,750,831.7,13.6,13.4,0.0,87.43,7.76,79.67,0,0.0,2,1200,0.0,95.19,95.19,-15.519999999999996,0.0,0
Proposed_ShieldedQoE,sintel,14,40,1,1,750,834.8,13.4,11.14,0.0,87.43,0.0,87.43,0,0.0,2,1200,0.0,95.19,95.19,-7.759999999999991,0.0,0
Proposed_ShieldedQoE,sintel,14,41,1,1,750,834.8,11.14,10.22,0.0,87.43,0.0,87.43,0,0.0,2,1200,0.0,95.19,95.19,-7.759999999999991,0.0,0
Proposed_ShieldedQoE,sintel,14,42,1,1,750,834.8,10.22,10.63,0.0,87.43,0.0,87.43,0,0.0,2,1200,0.0,95.19,95.19,-7.759999999999991,0.0,0
Proposed_ShieldedQoE,sintel,14,43,1,1,750,831.7,10.63,11.93,0.0,87.43,0.0,87.43,0,0.0,2,1200,0.0,95.19,95.19,-7.759999999999991,0.0,0
Proposed_ShieldedQoE,sintel,14,44,1,1,750,831.7,11.93,8.83,0.0,87.43,0.0,87.43,0,0.0,1,750,2.193,87.43,70.24,17.190000000000012,-2.193,1
Proposed_ShieldedQoE,sintel,14,45,1,1,750,831.7,8.83,8.68,0.0,87.43,0.0,87.43,0,0.0,1,750,0.154,87.43,86.77,0.6600000000000108,-0.154,1
Proposed_ShieldedQoE,sintel,14,46,1,1,750,831.7,8.68,8.23,0.0,87.43,0.0,87.43,0,0.0,1,750,0.443,87.43,85.53,1.9000000000000057,-0.443,1
Proposed_ShieldedQoE,sintel,14,47,1,1,750,831.7,8.23,8.38,0.0,87.43,0.0,87.43,0,0.0,1,750,0.0,87.43,87.43,0.0,0.0,1
Proposed_ShieldedQoE,sintel,15,0,1,0,300,985.5,2.54,4.0,0.154,74.82,0.0,74.16,1,1.0,0,300,0.154,74.82,74.16,0.0,0.0,1
Proposed_ShieldedQoE,sintel,15,1,0,0,300,1147.8,4.0,6.81,0.0,74.82,0.0,74.82,0,0.5,0,300,0.0,74.82,74.82,0.0,0.0,1
Proposed_ShieldedQoE,sintel,15,2,1,1,750,330.5,6.81,4.0,3.384,87.43,12.61,60.27,0,0.3333333333333333,0,300,0.0,74.82,74.82,-14.54999999999999,3.384,0
Proposed_ShieldedQoE,sintel,15,3,0,0,300,954.6,4.0,6.55,0.0,74.82,12.61,62.21,0,0.25,0,300,0.0,74.82,74.82,-12.609999999999992,0.0,1
Proposed_ShieldedQoE,sintel,15,4,0,0,300,417.9,6.55,4.08,0.0,74.82,0.0,74.82,0,0.2,0,300,0.0,74.82,74.82,0.0,0.0,1
Proposed_ShieldedQoE,sintel,15,5,0,0,300,1051.5,4.08,7.28,0.0,74.82,0.0,74.82,0,0.16666666666666666,1,750,0.0,87.43,74.82,0.0,0.0,0
Proposed_ShieldedQoE,sintel,15,6,4,3,1850,582.7,7.28,6.96,0.0,95.31,20.49,74.82,1,0.2857142857142857,1,750,0.0,87.43,87.43,-12.610000000000014,0.0,0
Proposed_ShieldedQoE,sintel,15,7,1,1,750,1084.0,6.96,8.17,0.0,87.43,7.88,79.55,0,0.25,1,750,0.0,87.43,87.43,-7.88000000000001,0.0,1
Proposed_ShieldedQoE,sintel,15,8,1,1,750,1091.8,8.17,8.23,0.0,87.43,0.0,87.43,0,0.2222222222222222,1,750,0.0,87.43,87.43,0.0,0.0,1
Proposed_ShieldedQoE,sintel,15,9,1,1,750,948.6,8.23,9.83,0.0,87.43,0.0,87.43,0,0.2,2,1200,0.0,95.19,87.43,0.0,0.0,0
Proposed_ShieldedQoE,sintel,15,10,1,1,750,778.8,9.83,11.23,0.0,87.43,0.0,87.43,0,0.18181818181818182,2,1200,0.0,95.19,95.19,-7.759999999999991,0.0,0
Proposed_ShieldedQoE,sintel,15,11,1,1,750,912.3,11.23,12.73,0.0,87.43,0.0,87.43,0,0.16666666666666666,2,1200,0.0,95.19,95.19,-7.759999999999991,0.0,0
Proposed_ShieldedQoE,sintel,15,12,1,1,750,868.3,12.73,12.63,0.0,87.43,0.0,87.43,0,0.15384615384615385,2,1200,0.0,95.19,95.19,-7.759999999999991,0.0,0
Proposed_ShieldedQoE,sintel,15,13,1,1,750,591.5,12.63,13.25,0.0,87.43,0.0,87.43,0,0.14285714285714285,2,1200,0.0,95.19,95.19,-7.759999999999991,0.0,0
Proposed_ShieldedQoE,sintel,15,14,1,1,750,826.8,13.25,15.8,0.0,87.43,0.0,87.43,0,0.13333333333333333,2,1200,0.0,95.19,95.19,-7.759999999999991,0.0,0
Proposed_ShieldedQoE,sintel,15,15,1,1,750,746.7,15.8,17.42,0.0,87.43,0.0,87.43,0,0.125,2,1200,0.0,95.19,95.19,-7.759999999999991,0.0,0
Proposed_ShieldedQoE,sintel,15,16,1,1,750,1083.7,17.42,18.55,0.0,87.43,0.0,87.43,0,0.11764705882352941,2,1200,0.0,95.19,95.19,-7.759999999999991,0.0,0
Proposed_ShieldedQoE,sintel,15,17,1,1,750,314.5,18.55,14.26,0.0,87.43,0.0,87.43,0,0.1111111111111111,1,750,1.22,87.43,74.42,13.010000000000005,-1.22,1
Proposed_ShieldedQoE,sintel,15,18,1,1,750,896.8,14.26,15.51,0.0,87.43,0.0,87.43,0,0.10526315789473684,1,750,0.0,87.43,87.43,0.0,0.0,1
Proposed_ShieldedQoE,sintel,15,19,1,1,750,698.3,15.51,14.83,0.0,87.43,0.0,87.43,0,0.1,1,750,0.0,87.43,87.43,0.0,0.0,1
Proposed_ShieldedQoE,sintel,15,20,1,1,750,821.6,14.83,12.49,0.0,87.43,0.0,87.43,0,0.09523809523809523,1,750,1.763,87.43,79.85,7.5800000000000125,-1.763,1
Proposed_ShieldedQoE,sintel,15,21,1,1,750,866.4,12.49,12.52,0.0,87.43,0.0,87.43,0,0.09090909090909091,1,750,0.0,87.43,87.43,0.0,0.0,1
Proposed_ShieldedQoE,sintel,15,22,1,1,750,1244.4,12.52,14.71,0.0,87.43,0.0,87.43,0,0.08695652173913043,1,750,0.0,87.43,87.43,0.0,0.0,1
Proposed_ShieldedQoE,sintel,15,23,1,1,750,525.3,14.71,10.49,0.0,87.43,0.0,87.43,0,0.08333333333333333,0,300,0.0,74.82,62.21,25.220000000000006,0.0,0
Proposed_ShieldedQoE,sintel,15,24,1,1,750,404.9,10.49,4.0,4.775,87.43,0.0,66.9,0,0.08,0,300,0.0,74.82,74.82,-7.9199999999999875,4.775,0
Proposed_ShieldedQoE,sintel,15,25,0,0,300,814.0,4.0,6.12,0.0,74.82,12.61,62.21,0,0.07692307692307693,1,750,0.0,87.43,74.82,-12.609999999999992,0.0,0
Proposed_ShieldedQoE,sintel,15,26,0,0,300,719.0,6.12,7.96,0.0,74.82,0.0,74.82,0,0.07407407407407407,1,750,1.266,87.43,81.98,-7.160000000000011,-1.266,0
Proposed_ShieldedQoE,sintel,15,27,0,0,300,932.1,7.96,10.81,0.0,74.82,0.0,74.82,0,0.07142857142857142,1,750,0.0,87.43,87.43,-12.610000000000014,0.0,0
Proposed_ShieldedQoE,sintel,15,28,1,1,750,934.7,10.81,10.06,0.0,87.43,12.61,74.82,0,0.06896551724137931,1,750,0.0,87.43,87.43,-12.610000000000014,0.0,1
Proposed_ShieldedQoE,sintel,15,29,1,1,750,887.2,10.06,12.08,0.0,87.43,0.0,87.43,0,0.06666666666666667,1,750,0.0,87.43,87.43,0.0,0.0,1
Proposed_ShieldedQoE,sintel,15,30,1,1,750,693.7,12.08,14.21,0.0,87.43,0.0,87.43,0,0.06451612903225806,1,750,0.0,87.43,87.43,0.0,0.0,1
Proposed_ShieldedQoE,sintel,15,31,1,1,750,752.9,14.21,16.32,0.0,87.43,0.0,87.43,0,0.0625,1,750,0.0,87.43,87.43,0.0,0.0,1
Proposed_ShieldedQoE,sintel,15,32,1,1,750,320.6,16.32,12.01,0.0,87.43,0.0,87.43,0,0.06060606060606061,1,750,0.0,87.43,87.43,0.0,0.0,1
Proposed_ShieldedQoE,sintel,15,33,1,1,750,577.7,12.01,12.79,0.0,87.43,0.0,87.43,0,0.058823529411764705,1,750,0.0,87.43,87.43,0.0,0.0,1
Proposed_ShieldedQoE,sintel,15,34,1,1,750,952.6,12.79,15.11,0.0,87.43,0.0,87.43,0,0.05714285714285714,1,750,0.0,87.43,87.43,0.0,0.0,1
Proposed_ShieldedQoE,sintel,15,35,1,1,750,730.6,15.11,15.88,0.0,87.43,0.0,87.43,0,0.05555555555555555,1,750,0.0,87.43,87.43,0.0,0.0,1
Proposed_ShieldedQoE,sintel,15,36,1,1,750,1298.9,15.88,17.24,0.0,87.43,0.0,87.43,0,0.05405405405405406,1,750,0.0,87.43,87.43,0.0,0.0,1
Proposed_ShieldedQoE,sintel,15,37,1,1,750,1115.9,17.24,18.9,0.0,87.43,0.0,87.43,0,0.05263157894736842,1,750,0.0,87.43,87.43,0.0,0.0,1
Proposed_ShieldedQoE,sintel,15,38,1,1,750,385.1,18.9,14.27,0.0,87.43,0.0,87.43,0,0.05128205128205128,1,750,0.0,87.43,87.43,0.0,0.0,1
Proposed_ShieldedQoE,sintel,15,39,1,1,750,838.5,14.27,14.1,0.0,87.43,0.0,87.43,0,0.05,1,750,0.0,87.43,87.43,0.0,0.0,1
Proposed_ShieldedQoE,sintel,15,40,1,1,750,804.9,14.1,11.61,0.0,87.43,0.0,87.43,0,0.04878048780487805,1,750,0.0,87.43,87.43,0.0,0.0,1
Proposed_ShieldedQoE,sintel,15,41,1,1,750,942.1,11.61,11.25,0.0,87.43,0.0,87.43,0,0.047619047619047616,1,750,0.0,87.43,87.43,0.0,0.0,1
Proposed_ShieldedQoE,sintel,15,42,1,1,750,999.5,11.25,12.26,0.0,87.43,0.0,87.43,0,0.046511627906976744,1,750,0.0,87.43,87.43,0.0,0.0,1
Proposed_ShieldedQoE,sintel,15,43,1,1,750,1003.0,12.26,14.02,0.0,87.43,0.0,87.43,0,0.045454545454545456,1,750,0.0,87.43,87.43,0.0,0.0,1
Proposed_ShieldedQoE,sintel,15,44,1,1,750,835.4,14.02,10.95,0.0,87.43,0.0,87.43,0,0.044444444444444446,1,750,0.0,87.43,87.43,0.0,0.0,1
Proposed_ShieldedQoE,sintel,15,45,1,1,750,797.9,10.95,10.62,0.0,87.43,0.0,87.43,0,0.043478260869565216,1,750,0.0,87.43,87.43,0.0,0.0,1
Proposed_ShieldedQoE,sintel,15,46,1,1,750,967.8,10.62,10.8,0.0,87.43,0.0,87.43,0,0.0425531914893617,1,750,0.0,87.43,87.43,0.0,0.0,1
Proposed_ShieldedQoE,sintel,15,47,1,1,750,875.4,10.8,11.14,0.0,87.43,0.0,87.43,0,0.041666666666666664,1,750,0.0,87.43,87.43,0.0,0.0,1
Proposed_ShieldedQoE,sintel,16,0,1,0,300,1588.8,1.58,4.0,0.094,74.82,0.0,74.42,1,1.0,1,750,2.6,87.43,76.25,-1.8299999999999983,-2.5060000000000002,0
Proposed_ShieldedQoE,sintel,16,1,0,0,300,2396.5,4.0,7.43,0.0,74.82,0.0,74.82,0,0.5,2,1200,0.0,95.19,87.43,-12.610000000000014,0.0,0
Proposed_ShieldedQoE,sintel,16,2,4,4,2850,2817.4,7.43,10.23,0.0,96.41,21.59,74.82,0,0.3333333333333333,2,1200,0.0,95.19,95.19,-20.370000000000005,0.0,0
Proposed_ShieldedQoE,sintel,16,3,5,5,6000,2232.1,10.23,11.75,0.0,97.71,1.3,96.41,0,0.25,2,1200,0.0,95.19,95.19,1.2199999999999989,0.0,0
Proposed_ShieldedQoE,sintel,16,4,2,2,1200,2109.8,11.75,10.62,0.0,95.19,2.52,92.67,0,0.2,2,1200,0.0,95.19,95.19,-2.519999999999996,0.0,1
Proposed_ShieldedQoE,sintel,16,5,3,3,1850,1933.6,10.62,11.94,0.0,95.31,0.12,95.19,0,0.16666666666666666,2,1200,0.0,95.19,95.19,0.0,0.0,0
Proposed_ShieldedQoE,sintel,16,6,3,3,1850,1790.0,11.94,12.47,0.0,95.31,0.0,95.31,0,0.14285714285714285,2,1200,0.0,95.19,95.19,0.12000000000000455,0.0,0
Proposed_ShieldedQoE,sintel,16,7,3,3,1850,997.4,12.47,8.99,0.0,95.31,0.0,95.31,0,0.125,2,1200,0.0,95.19,95.19,0.12000000000000455,0.0,0
Proposed_ShieldedQoE,sintel,16,8,0,0,300,538.4,8.99,4.0,3.798,74.82,20.49,38.0,0,0.1111111111111111,2,1200,1.438,95.19,89.0,-51.0,2.3600000000000003,0
Proposed_ShieldedQoE,sintel,16,9,0,0,300,1140.1,4.0,6.0,0.0,74.82,0.0,74.82,0,0.1,2,1200,0.0,95.19,95.19,-20.370000000000005,0.0,0
Proposed_ShieldedQoE,sintel,16,10,1,1,750,1534.2,6.0,8.69,0.0,87.43,12.61,74.82,0,0.09090909090909091,2,1200,0.0,95.19,95.19,-20.370000000000005,0.0,0
Proposed_ShieldedQoE,sintel,16,11,1,1,750,809.2,8.69,9.87,0.0,87.43,0.0,87.43,0,0.08333333333333333,2,1200,0.0,95.19,95.19,-7.759999999999991,0.0,0
Proposed_ShieldedQoE,sintel,16,12,1,1,750,2286.2,9.87,12.31,0.0,87.43,0.0,87.43,0,0.07692307692307693,4,2850,0.0,96.41,95.19,-7.759999999999991,0.0,0
Proposed_ShieldedQoE,sintel,16,13,5,5,6000,2340.5,12.31,14.95,0.0,97.71,10.28,87.43,0,0.07142857142857142,4,2850,0.0,96.41,96.41,-8.97999999999999,0.0,0
Proposed_ShieldedQoE,sintel,16,14,5,5,6000,2150.2,14.95,17.57,0.0,97.71,0.0,97.71,0,0.06666666666666667,4,2850,0.0,96.41,96.41,1.2999999999999972,0.0,0
Proposed_ShieldedQoE,sintel,16,15,5,5,6000,2880.9,17.57,19.23,0.0,97.71,0.0,97.71,0,0.0625,4,2850,0.0,96.41,96.41,1.2999999999999972,0.0,0
Proposed_ShieldedQoE,sintel,16,16,4,4,2850,3263.2,19.23,19.6,0.0,96.41,1.3,95.11,0,0.058823529411764705,4,2850,0.0,96.41,96.41,-1.2999999999999972,0.0,1
Proposed_ShieldedQoE,sintel,16,17,4,4,2850,2319.0,19.6,19.33,0.0,96.41,0.0,96.41,0,0.05555555555555555,4,2850,0.0,96.41,96.41,0.0,0.0,1
Proposed_ShieldedQoE,sintel,16,18,4,4,2850,3030.0,19.33,20.23,0.0,96.41,0.0,96.41,0,0.05263157894736842,4,2850,0.0,96.41,96.41,0.0,0.0,1
Proposed_ShieldedQoE,sintel,16,19,4,4,2850,2272.5,20.23,18.77,0.0,96.41,0.0,96.41,0,0.05,4,2850,0.0,96.41,96.41,0.0,0.0,1
Proposed_ShieldedQoE,sintel,16,20,3,3,1850,2884.3,18.77,18.32,0.0,95.31,1.1,94.21,0,0.047619047619047616,2,1200,0.0,95.19,93.97,0.23999999999999488,0.0,0
Proposed_ShieldedQoE,sintel,16,21,3,3,1850,1975.7,18.32,18.02,0.0,95.31,0.0,95.31,0,0.045454545454545456,2,1200,0.0,95.19,95.19,0.12000000000000455,0.0,0
Proposed_ShieldedQoE,sintel,16,22,3,3,1850,2434.5,18.02,19.74,0.0,95.31,0.0,95.31,0,0.043478260869565216,2,1200,0.0,95.19,95.19,0.12000000000000455,0.0,0
Proposed_ShieldedQoE,sintel,16,23,5,5,6000,1995.2,19.74,15.52,0.0,97.71,2.4,95.31,0,0.041666666666666664,2,1200,0.0,95.19,95.19,0.12000000000000455,0.0,0
Proposed_ShieldedQoE,sintel,16,24,0,0,300,1771.2,15.52,10.91,0.0,74.82,22.89,51.93,0,0.04,2,1200,0.0,95.19,95.19,-43.26,0.0,0
Proposed_ShieldedQoE,sintel,16,25,1,1,750,2435.6,10.91,12.4,0.0,87.43,12.61,74.82,0,0.038461538461538464,2,1200,0.0,95.19,95.19,-20.370000000000005,0.0,0
Proposed_ShieldedQoE,sintel,16,26,2,2,1200,2196.4,12.4,13.57,0.0,95.19,7.76,87.43,0,0.037037037037037035,2,1200,0.0,95.19,95.19,-7.759999999999991,0.0,1
Proposed_ShieldedQoE,sintel,16,27,5,5,6000,1726.4,13.57,13.72,0.0,97.71,2.52,95.19,0,0.03571428571428571,4,2850,0.0,96.41,95.19,0.0,0.0,0
Proposed_ShieldedQoE,sintel,16,28,3,3,1850,5195.1,13.72,15.61,0.0,95.31,2.4,92.91,0,0.034482758620689655,4,2850,0.0,96.41,96.41,-3.5,0.0,0
Proposed_ShieldedQoE,sintel,16,29,5,5,6000,1283.4,15.61,14.43,0.0,97.71,2.4,95.31,0,0.03333333333333333,4,2850,0.0,96.41,96.41,-1.0999999999999943,0.0,0
Proposed_ShieldedQoE,sintel,16,30,3,3,1850,2759.4,14.43,17.27,0.0,95.31,2.4,92.91,0,0.03225806451612903,4,2850,0.0,96.41,96.41,-3.5,0.0,0
Proposed_ShieldedQoE,sintel,16,31,5,5,6000,1776.0,17.27,18.22,0.0,97.71,2.4,95.31,0,0.03125,4,2850,0.0,96.41,96.41,-1.0999999999999943,0.0,0
Proposed_ShieldedQoE,sintel,16,32,4,4,2850,2307.6,18.22,17.83,0.0,96.41,1.3,95.11,0,0.030303030303030304,4,2850,0.0,96.41,96.41,-1.2999999999999972,0.0,1
Proposed_ShieldedQoE,sintel,16,33,4,4,2850,2359.7,17.83,18.84,0.0,96.41,0.0,96.41,0,0.029411764705882353,4,2850,0.0,96.41,96.41,0.0,0.0,1
Proposed_ShieldedQoE,sintel,16,34,4,4,2850,2255.6,18.84,20.14,0.0,96.41,0.0,96.41,0,0.02857142857142857,4,2850,0.0,96.41,96.41,0.0,0.0,1
Proposed_ShieldedQoE,sintel,16,35,4,4,2850,1751.4,20.14,19.02,0.0,96.41,0.0,96.41,0,0.027777777777777776,4,2850,0.0,96.41,96.41,0.0,0.0,1
Proposed_ShieldedQoE,sintel,16,36,3,3,1850,1518.3,19.02,17.44,0.0,95.31,1.1,94.21,0,0.02702702702702703,4,2850,0.0,96.41,96.41,-2.200000000000003,0.0,0
Proposed_ShieldedQoE,sintel,16,37,3,3,1850,3087.2,17.44,19.35,0.0,95.31,0.0,95.31,0,0.02631578947368421,4,2850,0.0,96.41,96.41,-1.0999999999999943,0.0,0
Proposed_ShieldedQoE,sintel,16,38,5,5,6000,3044.6,19.35,19.21,0.0,97.71,2.4,95.31,0,0.02564102564102564,4,2850,0.0,96.41,96.41,-1.0999999999999943,0.0,0
Proposed_ShieldedQoE,sintel,16,39,4,4,2850,2653.9,19.21,18.21,0.0,96.41,1.3,95.11,0,0.025,4,2850,0.0,96.41,96.41,-1.2999999999999972,0.0,1
Proposed_ShieldedQoE,sintel,16,40,3,3,1850,2494.6,18.21,17.04,0.0,95.31,1.1,94.21,0,0.024390243902439025,4,2850,0.0,96.41,96.41,-2.200000000000003,0.0,0
Proposed_ShieldedQoE,sintel,16,41,3,3,1850,2562.5,17.04,17.08,0.0,95.31,0.0,95.31,0,0.023809523809523808,4,2850,0.0,96.41,96.41,-1.0999999999999943,0.0,0
Proposed_ShieldedQoE,sintel,16,42,3,3,1850,3119.3,17.08,18.72,0.0,95.31,0.0,95.31,0,0.023255813953488372,4,2850,0.0,96.41,96.41,-1.0999999999999943,0.0,0
Proposed_ShieldedQoE,sintel,16,43,5,5,6000,2993.5,18.72,19.87,0.0,97.71,2.4,95.31,0,0.022727272727272728,4,2850,0.0,96.41,96.41,-1.0999999999999943,0.0,0
Proposed_ShieldedQoE,sintel,16,44,4,4,2850,2526.3,19.87,14.98,0.0,96.41,1.3,95.11,0,0.022222222222222223,2,1200,0.0,95.19,93.97,1.1400000000000006,0.0,0
Proposed_ShieldedQoE,sintel,16,45,3,3,1850,1053.2,14.98,10.89,0.0,95.31,1.1,94.21,0,0.021739130434782608,2,1200,0.0,95.19,95.19,-0.980000000000004,0.0,0
Proposed_ShieldedQoE,sintel,16,46,0,0,300,1996.8,10.89,11.93,0.0,74.82,20.49,54.33,0,0.02127659574468085,3,1850,0.0,95.31,95.19,-40.86,0.0,0
Proposed_ShieldedQoE,sintel,16,47,2,2,1200,1623.2,11.93,12.77,0.0,95.19,20.37,74.82,0,0.020833333333333332,3,1850,0.0,95.31,95.31,-20.49000000000001,0.0,0
Proposed_ShieldedQoE,sintel,17,0,1,0,300,956.3,0.9,4.0,1.873,74.82,0.0,66.77,1,1.0,0,300,1.873,74.82,66.77,0.0,0.0,1
Proposed_ShieldedQoE,sintel,17,1,0,0,300,1160.2,4.0,6.82,0.0,74.82,0.0,74.82,0,0.5,1,750,0.0,87.43,74.82,0.0,0.0,0
Proposed_ShieldedQoE,sintel,17,2,4,3,1850,1012.1,6.82,7.49,0.0,95.31,20.49,74.82,1,0.6666666666666666,1,750,0.0,87.43,87.43,-12.610000000000014,0.0,0
Proposed_ShieldedQoE,sintel,17,3,1,1,750,1129.0,7.49,8.42,0.0,87.43,7.88,79.55,0,0.5,1,750,0.0,87.43,87.43,-7.88000000000001,0.0,1
Proposed_ShieldedQoE,sintel,17,4,1,1,750,847.8,8.42,4.45,0.0,87.43,0.0,87.43,0,0.4,1,750,1.317,87.43,81.77,5.660000000000011,-1.317,1
Proposed_ShieldedQoE,sintel,17,5,1,1,750,792.3,4.45,5.8,0.0,87.43,0.0,87.43,0,0.3333333333333333,1,750,0.0,87.43,87.43,0.0,0.0,1
Proposed_ShieldedQoE,sintel,17,6,1,1,750,471.8,5.8,4.46,0.0,87.43,0.0,87.43,0,0.2857142857142857,1,750,0.0,87.43,87.43,0.0,0.0,1
Proposed_ShieldedQoE,sintel,17,7,1,1,750,893.2,4.46,5.07,0.0,87.43,0.0,87.43,0,0.25,1,750,0.0,87.43,87.43,0.0,0.0,1
Proposed_ShieldedQoE,sintel,17,8,1,1,750,1029.0,5.07,4.89,0.0,87.43,0.0,87.43,0,0.2222222222222222,1,750,0.0,87.43,87.43,0.0,0.0,1
Proposed_ShieldedQoE,sintel,17,9,1,1,750,528.2,4.89,4.58,0.0,87.43,0.0,87.43,0,0.2,1,750,0.0,87.43,87.43,0.0,0.0,1
Proposed_ShieldedQoE,sintel,17,10,1,1,750,754.5,4.58,5.9,0.0,87.43,0.0,87.43,0,0.18181818181818182,1,750,0.0,87.43,87.43,0.0,0.0,1
Proposed_ShieldedQoE,sintel,17,11,1,1,750,815.3,5.9,7.11,0.0,87.43,0.0,87.43,0,0.16666666666666666,1,750,0.0,87.43,87.43,0.0,0.0,1
Proposed_ShieldedQoE,sintel,17,12,1,1,750,721.2,7.11,6.17,0.0,87.43,0.0,87.43,0,0.15384615384615385,1,750,0.0,87.43,87.43,0.0,0.0,1
Proposed_ShieldedQoE,sintel,17,13,1,1,750,534.2,6.17,6.43,0.0,87.43,0.0,87.43,0,0.14285714285714285,1,750,0.0,87.43,87.43,0.0,0.0,1
Proposed_ShieldedQoE,sintel,17,14,1,1,750,587.3,6.43,8.38,0.0,87.43,0.0,87.43,0,0.13333333333333333,1,750,0.0,87.43,87.43,0.0,0.0,1
Proposed_ShieldedQoE,sintel,17,15,1,1,750,713.5,8.38,9.9,0.0,87.43,0.0,87.43,0,0.125,1,750,0.0,87.43,87.43,0.0,0.0,1
Proposed_ShieldedQoE,sintel,17,16,1,1,750,503.6,9.9,7.71,0.0,87.43,0.0,87.43,0,0.11764705882352941,0,300,0.0,74.82,62.21,25.220000000000006,0.0,0
Proposed_ShieldedQoE,sintel,17,17,1,1,750,282.3,7.71,4.0,1.529,87.43,0.0,80.85,0,0.1111111111111111,0,300,0.0,74.82,74.82,6.030000000000001,1.529,0
Proposed_ShieldedQoE,sintel,17,18,1,0,300,343.5,4.0,5.13,0.0,74.82,12.61,62.21,1,0.15789473684210525,0,300,0.0,74.82,74.82,-12.609999999999992,0.0,1
Proposed_ShieldedQoE,sintel,17,19,0,0,300,533.8,5.13,6.68,0.0,74.82,0.0,74.82,0,0.15,0,300,0.0,74.82,74.82,0.0,0.0,1
Proposed_ShieldedQoE,sintel,17,20,0,0,300,775.6,6.68,8.0,0.0,74.82,0.0,74.82,0,0.14285714285714285,0,300,0.0,74.82,74.82,0.0,0.0,1
Proposed_ShieldedQoE,sintel,17,21,0,0,300,576.4,8.0,9.61,0.0,74.82,0.0,74.82,0,0.13636363636363635,0,300,0.0,74.82,74.82,0.0,0.0,1
Proposed_ShieldedQoE,sintel,17,22,0,0,300,502.9,9.61,11.81,0.0,74.82,0.0,74.82,0,0.13043478260869565,0,300,0.0,74.82,74.82,0.0,0.0,1
Proposed_ShieldedQoE,sintel,17,23,0,0,300,487.7,11.81,12.27,0.0,74.82,0.0,74.82,0,0.125,0,300,0.0,74.82,74.82,0.0,0.0,1
Proposed_ShieldedQoE,sintel,17,24,0,0,300,400.4,12.27,10.1,0.0,74.82,0.0,74.82,0,0.12,0,300,0.0,74.82,74.82,0.0,0.0,1
Proposed_ShieldedQoE,sintel,17,25,0,0,300,446.7,10.1,10.67,0.0,74.82,0.0,74.82,0,0.11538461538461539,0,300,0.0,74.82,74.82,0.0,0.0,1
Proposed_ShieldedQoE,sintel,17,26,0,0,300,1006.1,10.67,13.13,0.0,74.82,0.0,74.82,0,0.1111111111111111,1,750,0.0,87.43,74.82,0.0,0.0,0
Proposed_ShieldedQoE,sintel,17,27,4,4,2850,845.8,13.13,13.95,0.0,96.41,21.59,74.82,0,0.10714285714285714,1,750,0.0,87.43,87.43,-12.610000000000014,0.0,0
Proposed_ShieldedQoE,sintel,17,28,1,1,750,633.0,13.95,10.93,0.0,87.43,8.98,78.45,0,0.10344827586206896,1,750,0.0,87.43,87.43,-8.980000000000004,0.0,1
Proposed_ShieldedQoE,sintel,17,29,1,1,750,1261.3,10.93,13.54,0.0,87.43,0.0,87.43,0,0.1,2,1200,0.0,95.19,87.43,0.0,0.0,0
Proposed_ShieldedQoE,sintel,17,30,1,1,750,1113.3,13.54,16.38,0.0,87.43,0.0,87.43,0,0.0967741935483871,2,1200,0.0,95.19,95.19,-7.759999999999991,0.0,0
Proposed_ShieldedQoE,sintel,17,31,5,5,6000,596.7,16.38,16.55,0.0,97.71,10.28,87.43,0,0.09375,2,1200,0.0,95.19,95.19,-7.759999999999991,0.0,0
Proposed_ShieldedQoE,sintel,17,32,2,2,1200,627.1,16.55,13.76,0.0,95.19,2.52,92.67,0,0.09090909090909091,2,1200,0.0,95.19,95.19,-2.519999999999996,0.0,1
Proposed_ShieldedQoE,sintel,17,33,2,2,1200,882.9,13.76,14.39,0.0,95.19,0.0,95.19,0,0.08823529411764706,2,1200,0.0,95.19,95.19,0.0,0.0,1
Proposed_ShieldedQoE,sintel,17,34,2,2,1200,1234.7,14.39,16.32,0.0,95.19,0.0,95.19,0,0.08571428571428572,2,1200,0.0,95.19,95.19,0.0,0.0,1
Proposed_ShieldedQoE,sintel,17,35,2,2,1200,1061.1,16.32,16.76,0.0,95.19,0.0,95.19,0,0.08333333333333333,2,1200,0.0,95.19,95.19,0.0,0.0,1
Proposed_ShieldedQoE,sintel,17,36,2,2,1200,972.2,16.76,15.1,0.0,95.19,0.0,95.19,0,0.08108108108108109,1,750,0.0,87.43,79.67,15.519999999999996,0.0,0
Proposed_ShieldedQoE,sintel,17,37,2,2,1200,682.0,15.1,12.98,0.0,95.19,0.0,95.19,0,0.07894736842105263,1,750,0.0,87.43,87.43,7.759999999999991,0.0,0
Proposed_ShieldedQoE,sintel,17,38,1,1,750,609.2,12.98,11.53,0.0,87.43,7.76,79.67,0,0.07692307692307693,1,750,0.0,87.43,87.43,-7.760000000000005,0.0,1
Proposed_ShieldedQoE,sintel,17,39,1,1,750,468.4,11.53,8.07,0.0,87.43,0.0,87.43,0,0.075,1,750,0.0,87.43,87.43,0.0,0.0,1
Proposed_ShieldedQoE,sintel,17,40,1,1,750,1047.2,8.07,7.08,0.0,87.43,0.0,87.43,0,0.07317073170731707,1,750,0.0,87.43,87.43,0.0,0.0,1
Proposed_ShieldedQoE,sintel,17,41,1,1,750,819.8,7.08,6.07,0.0,87.43,0.0,87.43,0,0.07142857142857142,1,750,0.0,87.43,87.43,0.0,0.0,1
Proposed_ShieldedQoE,sintel,17,42,1,1,750,534.5,6.07,4.47,0.0,87.43,0.0,87.43,0,0.06976744186046512,1,750,0.0,87.43,87.43,0.0,0.0,1
Proposed_ShieldedQoE,sintel,17,43,1,1,750,669.7,4.47,5.12,0.0,87.43,0.0,87.43,0,0.06818181818181818,1,750,0.0,87.43,87.43,0.0,0.0,1
Proposed_ShieldedQoE,sintel,17,44,1,1,750,762.5,5.12,4.0,2.627,87.43,0.0,76.13,0,0.06666666666666667,1,750,0.0,87.43,87.43,-11.300000000000011,2.627,1
Proposed_ShieldedQoE,sintel,17,45,1,0,300,468.7,4.0,5.05,0.0,74.82,12.61,62.21,1,0.08695652173913043,1,750,0.0,87.43,87.43,-25.220000000000006,0.0,0
Proposed_ShieldedQoE,sintel,17,46,0,0,300,706.1,5.05,6.96,0.0,74.82,0.0,74.82,0,0.0851063829787234,1,750,0.0,87.43,87.43,-12.610000000000014,0.0,0
Proposed_ShieldedQoE,sintel,17,47,0,0,300,703.9,6.96,9.14,0.0,74.82,0.0,74.82,0,0.08333333333333333,1,750,0.0,87.43,87.43,-12.610000000000014,0.0,0
Proposed_ShieldedQoE,sintel,18,0,1,0,300,527.2,2.29,4.0,2.741,74.82,0.0,63.03,1,1.0,0,300,2.741,74.82,63.03,0.0,0.0,1
Proposed_ShieldedQoE,sintel,18,1,0,0,300,320.0,4.0,4.0,0.275,74.82,0.0,73.64,0,0.5,0,300,0.275,74.82,73.64,0.0,0.0,1
Proposed_ShieldedQoE,sintel,18,2,0,0,300,387.0,4.0,4.52,0.0,74.82,0.0,74.82,0,0.3333333333333333,0,300,0.0,74.82,74.82,0.0,0.0,1
Proposed_ShieldedQoE,sintel,18,3,0,0,300,654.2,4.52,6.4,0.0,74.82,0.0,74.82,0,0.25,0,300,0.0,74.82,74.82,0.0,0.0,1
Proposed_ShieldedQoE,sintel,18,4,0,0,300,807.2,6.4,7.05,0.0,74.82,0.0,74.82,0,0.2,0,300,0.0,74.82,74.82,0.0,0.0,1
Proposed_ShieldedQoE,sintel,18,5,1,1,750,402.8,7.05,5.83,0.0,87.43,12.61,74.82,0,0.16666666666666666,0,300,0.0,74.82,74.82,0.0,0.0,0
Proposed_ShieldedQoE,sintel,18,6,1,1,750,467.3,5.83,4.44,0.0,87.43,0.0,87.43,0,0.14285714285714285,0,300,0.0,74.82,74.82,12.610000000000014,0.0,0
Proposed_ShieldedQoE,sintel,18,7,1,1,750,449.3,4.44,4.0,2.289,87.43,0.0,77.59,0,0.125,0,300,0.0,74.82,74.82,2.7700000000000102,2.289,0
Proposed_ShieldedQoE,sintel,18,8,0,0,300,426.7,4.0,4.0,0.035,74.82,12.61,62.06,0,0.1111111111111111,0,300,0.0,74.82,74.82,-12.759999999999991,0.035,1
Proposed_ShieldedQoE,sintel,18,9,0,0,300,606.4,4.0,6.5,0.0,74.82,0.0,74.82,0,0.1,1,750,0.0,87.43,74.82,0.0,0.0,0
Proposed_ShieldedQoE,sintel,18,10,0,0,300,819.0,6.5,9.51,0.0,74.82,0.0,74.82,0,0.09090909090909091,1,750,0.0,87.43,87.43,-12.610000000000014,0.0,0
Proposed_ShieldedQoE,sintel,18,11,4,3,1850,356.1,9.51,7.11,0.0,95.31,20.49,74.82,1,0.16666666666666666,1,750,0.0,87.43,87.43,-12.610000000000014,0.0,0
Proposed_ShieldedQoE,sintel,18,12,1,1,750,535.5,7.11,4.46,0.0,87.43,7.88,79.55,0,0.15384615384615385,1,750,0.0,87.43,87.43,-7.88000000000001,0.0,1
Proposed_ShieldedQoE,sintel,18,13,1,1,750,504.7,4.46,4.5,0.0,87.43,0.0,87.43,0,0.14285714285714285,1,750,0.0,87.43,87.43,0.0,0.0,1
Proposed_ShieldedQoE,sintel,18,14,1,1,750,796.2,4.5,6.99,0.0,87.43,0.0,87.43,0,0.13333333333333333,1,750,0.0,87.43,87.43,0.0,0.0,1
Proposed_ShieldedQoE,sintel,18,15,1,1,750,825.8,6.99,8.84,0.0,87.43,0.0,87.43,0,0.125,1,750,0.0,87.43,87.43,0.0,0.0,1
Proposed_ShieldedQoE,sintel,18,16,1,1,750,704.8,8.84,8.42,0.0,87.43,0.0,87.43,0,0.11764705882352941,1,750,0.0,87.43,87.43,0.0,0.0,1
Proposed_ShieldedQoE,sintel,18,17,1,1,750,580.0,8.42,7.92,0.0,87.43,0.0,87.43,0,0.1111111111111111,1,750,0.0,87.43,87.43,0.0,0.0,1
Proposed_ShieldedQoE,sintel,18,18,1,1,750,539.7,7.92,7.35,0.0,87.43,0.0,87.43,0,0.10526315789473684,1,750,0.0,87.43,87.43,0.0,0.0,1
Proposed_ShieldedQoE,sintel,18,19,1,1,750,486.4,7.35,4.64,0.0,87.43,0.0,87.43,0,0.1,1,750,0.0,87.43,87.43,0.0,0.0,1
Proposed_ShieldedQoE,sintel,18,20,0,0,300,735.2,4.64,5.8,0.0,74.82,12.61,62.21,0,0.09523809523809523,1,750,0.0,87.43,87.43,-25.220000000000006,0.0,0
Proposed_ShieldedQoE,sintel,18,21,0,0,300,666.1,5.8,7.74,0.0,74.82,0.0,74.82,0,0.09090909090909091,1,750,0.0,87.43,87.43,-12.610000000000014,0.0,0
Proposed_ShieldedQoE,sintel,18,22,0,0,300,786.5,7.74,10.59,0.0,74.82,0.0,74.82,0,0.08695652173913043,1,750,0.0,87.43,87.43,-12.610000000000014,0.0,0
Proposed_ShieldedQoE,sintel,18,23,0,0,300,694.6,10.59,12.1,0.0,74.82,0.0,74.82,0,0.08333333333333333,0,300,0.0,74.82,62.21,12.609999999999992,0.0,1
Proposed_ShieldedQoE,sintel,18,24,0,0,300,531.7,12.1,11.45,0.0,74.82,0.0,74.82,0,0.08,0,300,0.0,74.82,74.82,0.0,0.0,1
Proposed_ShieldedQoE,sintel,18,25,0,0,300,492.5,11.45,12.35,0.0,74.82,0.0,74.82,0,0.07692307692307693,0,300,0.0,74.82,74.82,0.0,0.0,1
Proposed_ShieldedQoE,sintel,18,26,0,0,300,719.3,12.35,14.19,0.0,74.82,0.0,74.82,0,0.07407407407407407,0,300,0.0,74.82,74.82,0.0,0.0,1
Proposed_ShieldedQoE,sintel,18,27,4,4,2850,686.2,14.19,14.27,0.0,96.41,21.59,74.82,0,0.07142857142857142,1,750,0.0,87.43,74.82,0.0,0.0,0
Proposed_ShieldedQoE,sintel,18,28,1,1,750,807.2,14.27,12.77,0.0,87.43,8.98,78.45,0,0.06896551724137931,1,750,0.0,87.43,87.43,-8.980000000000004,0.0,1
Proposed_ShieldedQoE,sintel,18,29,1,1,750,793.6,12.77,14.56,0.0,87.43,0.0,87.43,0,0.06666666666666667,2,1200,0.0,95.19,87.43,0.0,0.0,0
Proposed_ShieldedQoE,sintel,18,30,1,1,750,749.4,14.56,16.83,0.0,87.43,0.0,87.43,0,0.06451612903225806,2,1200,0.0,95.19,95.19,-7.759999999999991,0.0,0
Proposed_ShieldedQoE,sintel,18,31,1,1,750,990.9,16.83,19.39,0.0,87.43,0.0,87.43,0,0.0625,2,1200,0.0,95.19,95.19,-7.759999999999991,0.0,0
Proposed_ShieldedQoE,sintel,18,32,1,1,750,964.2,19.39,20.63,0.0,87.43,0.0,87.43,0,0.06060606060606061,2,1200,0.0,95.19,95.19,-7.759999999999991,0.0,0
Proposed_ShieldedQoE,sintel,18,33,1,1,750,572.6,20.63,21.38,0.0,87.43,0.0,87.43,0,0.058823529411764705,2,1200,0.0,95.19,95.19,-7.759999999999991,0.0,0
Proposed_ShieldedQoE,sintel,18,34,1,1,750,725.9,21.38,23.17,0.0,87.43,0.0,87.43,0,0.05714285714285714,2,1200,0.0,95.19,95.19,-7.759999999999991,0.0,0
Proposed_ShieldedQoE,sintel,18,35,1,1,750,537.0,23.17,22.77,0.0,87.43,0.0,87.43,0,0.05555555555555555,1,750,0.0,87.43,79.67,7.760000000000005,0.0,1
Proposed_ShieldedQoE,sintel,18,36,1,1,750,810.3,22.77,22.54,0.0,87.43,0.0,87.43,0,0.05405405405405406,1,750,0.0,87.43,87.43,0.0,0.0,1
Proposed_ShieldedQoE,sintel,18,37,1,1,750,759.9,22.54,23.1,0.0,87.43,0.0,87.43,0,0.05263157894736842,1,750,0.0,87.43,87.43,0.0,0.0,1
Proposed_ShieldedQoE,sintel,18,38,1,1,750,363.9,23.1,17.97,0.0,87.43,0.0,87.43,0,0.05128205128205128,0,300,0.0,74.82,62.21,25.220000000000006,0.0,0
Proposed_ShieldedQoE,sintel,18,39,1,1,750,361.5,17.97,12.31,0.0,87.43,0.0,87.43,0,0.05,0,300,0.0,74.82,74.82,12.610000000000014,0.0,0
Proposed_ShieldedQoE,sintel,18,40,1,1,750,439.7,12.31,4.42,0.0,87.43,0.0,87.43,0,0.04878048780487805,0,300,0.0,74.82,74.82,12.610000000000014,0.0,0
Proposed_ShieldedQoE,sintel,18,41,1,0,300,452.3,4.42,4.79,0.0,74.82,12.61,62.21,1,0.07142857142857142,0,300,0.0,74.82,74.82,-12.609999999999992,0.0,1
Proposed_ShieldedQoE,sintel,18,42,0,0,300,817.5,4.79,7.32,0.0,74.82,0.0,74.82,0,0.06976744186046512,1,750,0.0,87.43,74.82,0.0,0.0,0
Proposed_ShieldedQoE,sintel,18,43,0,0,300,693.1,7.32,10.03,0.0,74.82,0.0,74.82,0,0.06818181818181818,1,750,0.0,87.43,87.43,-12.610000000000014,0.0,0
Proposed_ShieldedQoE,sintel,18,44,0,0,300,554.2,10.03,9.77,0.0,74.82,0.0,74.82,0,0.06666666666666667,1,750,0.0,87.43,87.43,-12.610000000000014,0.0,0
Proposed_ShieldedQoE,sintel,18,45,0,0,300,499.1,9.77,11.0,0.0,74.82,0.0,74.82,0,0.06521739130434782,1,750,2.161,87.43,78.14,-3.3200000000000074,-2.161,0
Proposed_ShieldedQoE,sintel,18,46,0,0,300,686.0,11.0,12.84,0.0,74.82,0.0,74.82,0,0.06382978723404255,1,750,1.386,87.43,81.47,-6.650000000000006,-1.386,0
Proposed_ShieldedQoE,sintel,18,47,1,1,750,794.6,12.84,12.81,0.0,87.43,12.61,74.82,0,0.0625,1,750,0.035,87.43,87.28,-12.460000000000008,-0.035,1
Proposed_ShieldedQoE,sintel,19,0,1,1,750,2141.4,2.81,4.0,0.284,87.43,0.0,86.21,0,0.0,1,750,0.284,87.43,86.21,0.0,0.0,1
Proposed_ShieldedQoE,sintel,19,1,1,1,750,1244.7,4.0,5.25,0.0,87.43,0.0,87.43,0,0.0,2,1200,0.396,95.19,85.73,1.7000000000000028,-0.396,0
Proposed_ShieldedQoE,sintel,19,2,1,1,750,2278.8,5.25,7.77,0.0,87.43,0.0,87.43,0,0.0,2,1200,0.0,95.19,95.19,-7.759999999999991,0.0,0
Proposed_ShieldedQoE,sintel,19,3,2,2,1200,1915.2,7.77,8.88,0.0,95.19,7.76,87.43,0,0.0,2,1200,0.0,95.19,95.19,-7.759999999999991,0.0,1
Proposed_ShieldedQoE,sintel,19,4,2,2,1200,2483.7,8.88,8.53,0.0,95.19,0.0,95.19,0,0.0,2,1200,0.0,95.19,95.19,0.0,0.0,1
Proposed_ShieldedQoE,sintel,19,5,2,2,1200,1926.6,8.53,10.78,0.0,95.19,0.0,95.19,0,0.0,2,1200,0.0,95.19,95.19,0.0,0.0,1
Proposed_ShieldedQoE,sintel,19,6,2,2,1200,1902.4,10.78,12.66,0.0,95.19,0.0,95.19,0,0.0,2,1200,0.0,95.19,95.19,0.0,0.0,1
Proposed_ShieldedQoE,sintel,19,7,2,2,1200,1486.0,12.66,13.41,0.0,95.19,0.0,95.19,0,0.0,2,1200,0.0,95.19,95.19,0.0,0.0,1
Proposed_ShieldedQoE,sintel,19,8,2,2,1200,1688.1,13.41,13.33,0.0,95.19,0.0,95.19,0,0.0,2,1200,0.0,95.19,95.19,0.0,0.0,1
Proposed_ShieldedQoE,sintel,19,9,2,2,1200,2320.8,13.33,15.76,0.0,95.19,0.0,95.19,0,0.0,4,2850,0.0,96.41,95.19,0.0,0.0,0
Proposed_ShieldedQoE,sintel,19,10,5,5,6000,1854.4,15.76,17.07,0.0,97.71,2.52,95.19,0,0.0,4,2850,0.0,96.41,96.41,-1.2199999999999989,0.0,0
Proposed_ShieldedQoE,sintel,19,11,3,3,1850,1675.0,17.07,17.71,0.0,95.31,2.4,92.91,0,0.0,4,2850,0.0,96.41,96.41,-3.5,0.0,0
Proposed_ShieldedQoE,sintel,19,12,3,3,1850,2343.7,17.71,17.96,0.0,95.31,0.0,95.31,0,0.0,4,2850,0.0,96.41,96.41,-1.0999999999999943,0.0,0
Proposed_ShieldedQoE,sintel,19,13,3,3,1850,2094.7,17.96,19.61,0.0,95.31,0.0,95.31,0,0.0,4,2850,0.0,96.41,96.41,-1.0999999999999943,0.0,0
Proposed_ShieldedQoE,sintel,19,14,5,5,6000,1818.6,19.61,21.1,0.0,97.71,2.4,95.31,0,0.0,4,2850,0.0,96.41,96.41,-1.0999999999999943,0.0,0
Proposed_ShieldedQoE,sintel,19,15,4,4,2850,2307.6,21.1,22.18,0.0,96.41,1.3,95.11,0,0.0,4,2850,0.0,96.41,96.41,-1.2999999999999972,0.0,1
Proposed_ShieldedQoE,sintel,19,16,4,4,2850,2390.6,22.18,21.22,0.0,96.41,0.0,96.41,0,0.0,4,2850,0.0,96.41,96.41,0.0,0.0,1
Proposed_ShieldedQoE,sintel,19,17,3,3,1850,2554.1,21.22,22.71,0.0,95.31,1.1,94.21,0,0.0,4,2850,0.0,96.41,96.41,-2.200000000000003,0.0,0
Proposed_ShieldedQoE,sintel,19,18,5,5,6000,2274.0,22.71,22.58,0.0,97.71,2.4,95.31,0,0.0,4,2850,0.0,96.41,96.41,-1.0999999999999943,0.0,0
Proposed_ShieldedQoE,sintel,19,19,3,3,1850,2045.2,22.58,22.64,0.0,95.31,2.4,92.91,0,0.0,4,2850,0.0,96.41,96.41,-3.5,0.0,0
Proposed_ShieldedQoE,sintel,19,20,3,3,1850,1671.5,22.64,18.96,0.0,95.31,0.0,95.31,0,0.0,2,1200,0.0,95.19,93.97,1.3400000000000034,0.0,0
Proposed_ShieldedQoE,sintel,19,21,3,3,1850,1300.1,18.96,16.43,0.0,95.31,0.0,95.31,0,0.0,2,1200,0.0,95.19,95.19,0.12000000000000455,0.0,0
Proposed_ShieldedQoE,sintel,19,22,3,3,1850,1467.6,16.43,16.64,0.0,95.31,0.0,95.31,0,0.0,2,1200,0.0,95.19,95.19,0.12000000000000455,0.0,0
Proposed_ShieldedQoE,sintel,19,23,3,3,1850,2546.3,16.64,16.46,0.0,95.31,0.0,95.31,0,0.0,2,1200,0.0,95.19,95.19,0.12000000000000455,0.0,0
Proposed_ShieldedQoE,sintel,19,24,3,3,1850,1551.5,16.46,10.63,0.0,95.31,0.0,95.31,0,0.0,2,1200,0.0,95.19,95.19,0.12000000000000455,0.0,0
Proposed_ShieldedQoE,sintel,19,25,1,1,750,1706.4,10.63,11.05,0.0,87.43,7.88,79.55,0,0.0,2,1200,0.0,95.19,95.19,-15.64,0.0,0
Proposed_ShieldedQoE,sintel,19,26,2,2,1200,1504.5,11.05,10.92,0.0,95.19,7.76,87.43,0,0.0,2,1200,0.0,95.19,95.19,-7.759999999999991,0.0,1
Proposed_ShieldedQoE,sintel,19,27,2,2,1200,1604.3,10.92,12.24,0.0,95.19,0.0,95.19,0,0.0,2,1200,0.0,95.19,95.19,0.0,0.0,1
Proposed_ShieldedQoE,sintel,19,28,2,2,1200,1815.9,12.24,12.32,0.0,95.19,0.0,95.19,0,0.0,2,1200,0.0,95.19,95.19,0.0,0.0,1
Proposed_ShieldedQoE,sintel,19,29,2,2,1200,2607.6,12.32,15.25,0.0,95.19,0.0,95.19,0,0.0,4,2850,0.0,96.41,95.19,0.0,0.0,0
Proposed_ShieldedQoE,sintel,19,30,5,5,6000,2629.1,15.25,18.03,0.0,97.71,2.52,95.19,0,0.0,4,2850,0.0,96.41,96.41,-1.2199999999999989,0.0,0
Proposed_ShieldedQoE,sintel,19,31,5,5,6000,2342.1,18.03,19.72,0.0,97.71,0.0,97.71,0,0.0,4,2850,0.0,96.41,96.41,1.2999999999999972,0.0,0
Proposed_ShieldedQoE,sintel,19,32,4,4,2850,2233.2,19.72,19.19,0.0,96.41,1.3,95.11,0,0.0,4,2850,0.0,96.41,96.41,-1.2999999999999972,0.0,1
Proposed_ShieldedQoE,sintel,19,33,4,4,2850,1938.0,19.19,19.54,0.0,96.41,0.0,96.41,0,0.0,4,2850,0.0,96.41,96.41,0.0,0.0,1
Proposed_ShieldedQoE,sintel,19,34,4,4,2850,1870.0,19.54,20.29,0.0,96.41,0.0,96.41,0,0.0,4,2850,0.0,96.41,96.41,0.0,0.0,1
Proposed_ShieldedQoE,sintel,19,35,4,4,2850,1739.3,20.29,19.13,0.0,96.41,0.0,96.41,0,0.0,4,2850,0.0,96.41,96.41,0.0,0.0,1
Proposed_ShieldedQoE,sintel,19,36,3,3,1850,1616.3,19.13,17.89,0.0,95.31,1.1,94.21,0,0.0,4,2850,0.0,96.41,96.41,-2.200000000000003,0.0,0
Proposed_ShieldedQoE,sintel,19,37,3,3,1850,2408.6,17.89,19.21,0.0,95.31,0.0,95.31,0,0.0,4,2850,0.0,96.41,96.41,-1.0999999999999943,0.0,0
Proposed_ShieldedQoE,sintel,19,38,5,5,6000,2536.1,19.21,18.24,0.0,97.71,2.4,95.31,0,0.0,4,2850,0.0,96.41,96.41,-1.0999999999999943,0.0,0
Proposed_ShieldedQoE,sintel,19,39,3,3,1850,1919.3,18.24,17.75,0.0,95.31,2.4,92.91,0,0.0,4,2850,0.0,96.41,96.41,-3.5,0.0,0
Proposed_ShieldedQoE,sintel,19,40,3,3,1850,1698.0,17.75,14.15,0.0,95.31,0.0,95.31,0,0.0,2,1200,0.0,95.19,93.97,1.3400000000000034,0.0,0
Proposed_ShieldedQoE,sintel,19,41,1,1,750,1701.5,14.15,14.29,0.0,87.43,7.88,79.55,0,0.0,2,1200,0.0,95.19,95.19,-15.64,0.0,0
Proposed_ShieldedQoE,sintel,19,42,2,2,1200,2493.2,14.29,16.37,0.0,95.19,7.76,87.43,0,0.0,2,1200,0.0,95.19,95.19,-7.759999999999991,0.0,1
Proposed_ShieldedQoE,sintel,19,43,5,5,6000,2299.0,16.37,17.96,0.0,97.71,2.52,95.19,0,0.0,2,1200,0.0,95.19,95.19,0.0,0.0,0
Proposed_ShieldedQoE,sintel,19,44,3,3,1850,2522.1,17.96,16.18,0.0,95.31,2.4,92.91,0,0.0,2,1200,0.0,95.19,95.19,-2.280000000000001,0.0,0
Proposed_ShieldedQoE,sintel,19,45,3,3,1850,1156.2,16.18,12.81,0.0,95.31,0.0,95.31,0,0.0,2,1200,0.0,95.19,95.19,0.12000000000000455,0.0,0
Proposed_ShieldedQoE,sintel,19,46,0,0,300,2113.7,12.81,14.02,0.0,74.82,20.49,54.33,0,0.0,4,2850,0.0,96.41,95.19,-40.86,0.0,0
Proposed_ShieldedQoE,sintel,19,47,2,2,1200,2465.5,14.02,15.94,0.0,95.19,20.37,74.82,0,0.0,4,2850,0.0,96.41,96.41,-21.590000000000003,0.0,0
